id;drive;OT or glance duration;steering amplitude;lane crossing;total search time;TLC at the beginning of occlusion;OT mean
P01;9;.304864;1.93356;0;72.39933332;6.6;1.87783157894737
P01;9;3.761631;3.26664;1;72.39933332;5.6;1.87783157894737
P01;9;2.625274;4.22244;0;72.39933332;10.2;1.87783157894737
P01;9;3.339951;6.98832;0;72.39933332;6.2;1.87783157894737
P01;9;4.160771;10.50624;1;72.39933332;3.9;1.87783157894737
P01;9;4.768387;3.97368;1;72.39933332;8.5;1.87783157894737
P01;9;.304320999999995;.48348;0;72.39933332;22.2;1.87783157894737
P01;9;4.979439;1.64052;0;72.39933332;8;1.87783157894737
P01;9;4.873962;4.8816;1;72.39933332;6.6;1.87783157894737
P01;9;9.525139;.11736;1;72.39933332;2.5;1.87783157894737
P01;9;.303473999999994;1.09872;0;72.39933332;9.93927;1.87783157894737
P01;9;.512153999999995;.117;0;72.39933332;7.8;1.87783157894737
P01;9;.509789000000012;1.09872;0;72.39933332;4.9;1.87783157894737
P01;9;4.666999;4.95468;1;72.39933332;3.8;1.87783157894737
P01;9;.810592999999997;8.11404;1;72.39933332;2.634376;1.87783157894737
P01;9;.506858999999992;5.11524;0;72.39933332;4.862816;1.87783157894737
P01;9;.303626999999992;1.24884;1;72.39933332;5.877418;1.87783157894737
P01;9;2.03365400000001;7.0056;0;72.39933332;4.5;1.87783157894737
P01;9;2.039025;8.83152;0;72.39933332;4.4;1.87783157894737
P01;9;.711922000000001;4.40928;1;72.39933332;6;1.87783157894737
P01;9;.302749999999989;0;0;72.39933332;3.9;1.87783157894737
P01;9;.401764;1.93356;0;72.39933332;3.7;1.87783157894737
P01;9;.406860000000009;.54216;0;72.39933332;5.2;1.87783157894737
P01;9;4.27377299999999;1.20096;1;72.39933332;14.3;1.87783157894737
P01;9;4.16104099999998;4.82292;1;72.39933332;6.8;1.87783157894737
P01;9;.607726999999983;4.97232;0;72.39933332;1.41835;1.87783157894737
P01;9;.304687000000001;4.17456;1;72.39933332;2.534271;1.87783157894737
P01;9;1.01139799999999;2.9592;0;72.39933332;5.9;1.87783157894737
P01;9;2.43383800000001;2.11284;0;72.39933332;6.6;1.87783157894737
P01;9;1.82894899999999;4.365;1;72.39933332;.6;1.87783157894737
P01;9;.912247000000008;4.48236;0;72.39933332;7.6;1.87783157894737
P01;9;2.229873;6.5988;0;72.39933332;37.9;1.87783157894737
P01;9;3.55166600000001;2.90052;1;72.39933332;4.7;1.87783157894737
P01;9;.710296;1.39176;1;72.39933332;18;1.87783157894737
P01;9;1.723938;3.03228;0;72.39933332;7.6;1.87783157894737
P01;9;1.72358700000001;2.10924;0;72.39933332;3.4;1.87783157894737
P01;9;2.640198;1.2744;0;72.39933332;6.3;1.87783157894737
P01;9;1.21620199999998;4.86648;1;72.39933332;7.2;1.87783157894737
P01;9;1.51786799999999;.61524;0;72.39933332;5.2;1.87783157894737
P01;9;1.01779199999999;3.58992;0;72.39933332;8;1.87783157894737
P01;9;2.752182;3.13488;0;72.39933332;4.4;1.87783157894737
P01;9;1.52311699999998;6.44616;1;72.39933332;.3;1.87783157894737
P01;9;2.139252;2.5344;0;72.39933332;5.6;1.87783157894737
P01;9;2.84471200000002;2.53404;1;72.39933332;3.6;1.87783157894737
P02;9;1.522861;1.6992;0;94.0119998366667;4.4;1.93353287671233
P02;9;2.025026;2.53404;0;94.0119998366667;4.9;1.93353287671233
P02;9;1.318824;.4248;0;94.0119998366667;10;1.93353287671233
P02;9;3.249872;3.26664;0;94.0119998366667;6.1;1.93353287671233
P02;9;3.141619;.35136;0;94.0119998366667;8.5;1.93353287671233
P02;9;3.344677;2.06532;0;94.0119998366667;16;1.93353287671233
P02;9;2.94876799999999;2.83068;0;94.0119998366667;8.7;1.93353287671233
P02;9;3.349834;1.93356;0;94.0119998366667;9.7;1.93353287671233
P02;9;4.55792599999999;3.03228;1;94.0119998366667;7.7;1.93353287671233
P02;9;.709216999999995;.68112;0;94.0119998366667;1.316654;1.93353287671233
P02;9;.708770999999999;.90504;0;94.0119998366667;2.53339;1.93353287671233
P02;9;.607056;2.24136;0;94.0119998366667;5.2;1.93353287671233
P02;9;.912938000000004;2.59632;0;94.0119998366667;4.3;1.93353287671233
P02;9;1.11788199999999;1.33308;0;94.0119998366667;19.3;1.93353287671233
P02;9;2.330848;1.45044;0;94.0119998366667;5.7;1.93353287671233
P02;9;1.728169;1.52352;0;94.0119998366667;6.7;1.93353287671233
P02;9;.707911999999993;1.5822;0;94.0119998366667;2.7;1.93353287671233
P02;9;1.62350500000001;.24912;0;94.0119998366667;7.7;1.93353287671233
P02;9;1.21378300000001;4.39812;0;94.0119998366667;5.1;1.93353287671233
P02;9;1.72895800000001;2.84148;0;94.0119998366667;11.5;1.93353287671233
P02;9;2.033058;1.09836;0;94.0119998366667;6.7;1.93353287671233
P02;9;1.22341900000001;1.56744;0;94.0119998366667;5.3;1.93353287671233
P02;9;3.143395;4.64724;1;94.0119998366667;6.6;1.93353287671233
P02;9;1.417946;4.52988;0;94.0119998366667;5.9;1.93353287671233
P02;9;1.115517;.7326;0;94.0119998366667;4.8;1.93353287671233
P02;9;2.031143;1.3914;0;94.0119998366667;12.6;1.93353287671233
P02;9;3.552238;6.40512;1;94.0119998366667;4.5;1.93353287671233
P02;9;.711990999999998;4.53024;0;94.0119998366667;3;1.93353287671233
P02;9;2.23464199999999;1.86408;0;94.0119998366667;9.7;1.93353287671233
P02;9;3.55682399999999;1.08432;0;94.0119998366667;17.1;1.93353287671233
P02;9;5.483475;.96696;0;94.0119998366667;7.7;1.93353287671233
P02;9;4.97354100000001;.61524;0;94.0119998366667;10.7;1.93353287671233
P02;9;3.86048899999999;.54216;0;94.0119998366667;12.8;1.93353287671233
P02;9;3.25398300000001;.8496;0;94.0119998366667;18.3;1.93353287671233
P02;9;3.95195699999999;1.21572;0;94.0119998366667;10.6;1.93353287671233
P02;9;2.94091799999998;3.00672;0;94.0119998366667;6.2;1.93353287671233
P02;9;3.15116900000001;2.18268;0;94.0119998366667;8.4;1.93353287671233
P02;9;1.82707299999998;1.5822;0;94.0119998366667;8.8;1.93353287671233
P02;9;2.23725899999999;2.10924;0;94.0119998366667;5.9;1.93353287671233
P02;9;3.55792199999999;1.15704;0;94.0119998366667;7.9;1.93353287671233
P02;9;1.62657200000001;2.18268;0;94.0119998366667;10.8;1.93353287671233
P02;9;2.842209;1.75752;0;94.0119998366667;11.4;1.93353287671233
P02;9;3.55165099999999;1.20132;0;94.0119998366667;8.8;1.93353287671233
P02;9;2.73919699999999;.67392;0;94.0119998366667;6.6;1.93353287671233
P02;9;1.219314;2.95884;0;94.0119998366667;4.9;1.93353287671233
P02;9;2.227249;2.78316;0;94.0119998366667;6.7;1.93353287671233
P02;9;1.71700999999999;1.33308;0;94.0119998366667;6.4;1.93353287671233
P02;9;1.82878099999999;1.15704;0;94.0119998366667;6;1.93353287671233
P02;9;.709533999999991;.8496;0;94.0119998366667;8.2;1.93353287671233
P02;9;1.82179199999999;4.54104;0;94.0119998366667;4.3;1.93353287671233
P02;9;1.525803;1.33308;0;94.0119998366667;15.1;1.93353287671233
P02;9;2.14022900000001;.17568;0;94.0119998366667;6.2;1.93353287671233
P02;9;1.012619;.67392;0;94.0119998366667;10.6;1.93353287671233
P02;9;1.93009999999998;1.45008;0;94.0119998366667;6.2;1.93353287671233
P02;9;.606231000000008;2.06532;0;94.0119998366667;3.9;1.93353287671233
P02;9;.814835000000016;6.94332;0;94.0119998366667;2.5;1.93353287671233
P02;9;.407118999999994;5.0976;0;94.0119998366667;1.2;1.93353287671233
P02;9;.808670000000006;1.62576;0;94.0119998366667;6;1.93353287671233
P02;9;.506927999999988;8.74872;0;94.0119998366667;2.9;1.93353287671233
P03;9;.611069000000001;3.56328;0;99.1049998733333;2.6;1.70212837837838
P03;9;.911089;5.37948;1;99.1049998733333;4.8;1.70212837837838
P03;9;.809616000000002;1.50876;0;99.1049998733333;3;1.70212837837838
P03;9;1.416174;8.70012;0;99.1049998733333;3.7;1.70212837837838
P03;9;1.715376;1.87524;0;99.1049998733333;11.9;1.70212837837838
P03;9;1.72654;2.9736;0;99.1049998733333;9;1.70212837837838
P03;9;1.011209;3.12372;0;99.1049998733333;2.1;1.70212837837838
P03;9;1.516066;4.59972;0;99.1049998733333;4.9;1.70212837837838
P03;9;1.225397;2.35836;0;99.1049998733333;5.1;1.70212837837838
P03;9;2.231545;1.02564;0;99.1049998733333;9.4;1.70212837837838
P03;9;2.33387;1.81656;0;99.1049998733333;9.1;1.70212837837838
P03;9;1.314942;1.14264;0;99.1049998733333;8.3;1.70212837837838
P03;9;1.72313;.65916;0;99.1049998733333;7.3;1.70212837837838
P03;9;1.41946;1.86372;0;99.1049998733333;7.7;1.70212837837838
P03;9;1.832054;3.8088;0;99.1049998733333;2.8;1.70212837837838
P03;9;1.627938;2.84184;0;99.1049998733333;5.4;1.70212837837838
P03;9;1.425014;.4248;0;99.1049998733333;6.9;1.70212837837838
P03;9;2.235077;2.95884;0;99.1049998733333;3;1.70212837837838
P03;9;2.331482;1.02528;0;99.1049998733333;5.6;1.70212837837838
P03;9;1.621243;3.51576;0;99.1049998733333;6.2;1.70212837837838
P03;9;1.217132;5.43456;1;99.1049998733333;.9;1.70212837837838
P03;9;1.217671;4.04676;0;99.1049998733333;4.1;1.70212837837838
P03;9;2.231132;1.08396;0;99.1049998733333;16.1;1.70212837837838
P03;9;2.63851100000001;1.62576;0;99.1049998733333;10.4;1.70212837837838
P03;9;.912306999999998;1.33272;0;99.1049998733333;8.2;1.70212837837838
P03;9;.710693000000006;2.90016;0;99.1049998733333;4.3;1.70212837837838
P03;9;1.929581;2.41704;0;99.1049998733333;5.9;1.70212837837838
P03;9;2.126541;1.39176;0;99.1049998733333;5.8;1.70212837837838
P03;9;1.216255;2.35836;0;99.1049998733333;8.7;1.70212837837838
P03;9;1.41907499999999;2.9628;0;99.1049998733333;3.1;1.70212837837838
P03;9;1.22009300000001;.8496;0;99.1049998733333;10.3;1.70212837837838
P03;9;1.51759300000001;1.2744;0;99.1049998733333;8.1;1.70212837837838
P03;9;3.13945700000001;.4248;0;99.1049998733333;5.3;1.70212837837838
P03;9;1.825485;3.34008;0;99.1049998733333;3.7;1.70212837837838
P03;9;1.316551;1.01448;0;99.1049998733333;11.1;1.70212837837838
P03;9;2.536659;3.00672;0;99.1049998733333;11.4;1.70212837837838
P03;9;1.11830900000001;1.58184;1;99.1049998733333;1.7;1.70212837837838
P03;9;1.82886500000001;4.28112;0;99.1049998733333;5.2;1.70212837837838
P03;9;1.51789100000001;2.72448;0;99.1049998733333;7.1;1.70212837837838
P03;9;2.023522;2.35836;0;99.1049998733333;12.1;1.70212837837838
P03;9;2.12237500000001;4.9986;0;99.1049998733333;4;1.70212837837838
P03;9;2.335312;3.14964;0;99.1049998733333;2.7;1.70212837837838
P03;9;.916938999999999;1.6992;0;99.1049998733333;8.2;1.70212837837838
P03;9;1.524315;1.14624;0;99.1049998733333;14.7;1.70212837837838
P03;9;3.14838400000001;.7326;0;99.1049998733333;6.1;1.70212837837838
P03;9;1.01149000000001;.30744;0;99.1049998733333;8.8;1.70212837837838
P03;9;2.63913000000001;.48312;0;99.1049998733333;19.2;1.70212837837838
P03;9;2.949691;1.04004;0;99.1049998733333;4.1;1.70212837837838
P03;9;1.72399899999999;1.68444;0;99.1049998733333;6.3;1.70212837837838
P03;9;1.117073;1.2744;0;99.1049998733333;7.7;1.70212837837838
P03;9;1.318512;1.8054;0;99.1049998733333;4.5;1.70212837837838
P03;9;1.117614;2.5344;0;99.1049998733333;2.3;1.70212837837838
P03;9;1.41923600000001;.48312;0;99.1049998733333;6.7;1.70212837837838
P03;9;1.31678700000001;3.37284;0;99.1049998733333;10;1.70212837837838
P03;9;1.517945;4.8924;0;99.1049998733333;2.4;1.70212837837838
P03;9;3.14666800000001;1.62612;0;99.1049998733333;6;1.70212837837838
P03;9;2.942474;.17568;0;99.1049998733333;10.8;1.70212837837838
P03;9;2.332413;.90792;0;99.1049998733333;5.5;1.70212837837838
P03;9;1.11732499999999;.30744;0;99.1049998733333;9.6;1.70212837837838
P03;9;2.54260300000001;1.62576;0;99.1049998733333;6.7;1.70212837837838
P03;9;2.33862299999998;.30744;0;99.1049998733333;7.6;1.70212837837838
P03;9;1.51988299999999;.61524;0;99.1049998733333;25.5;1.70212837837838
P03;9;.612944999999996;.48348;0;99.1049998733333;13.7;1.70212837837838
P03;9;2.134659;1.39176;0;99.1049998733333;12.7;1.70212837837838
P03;9;2.43185399999999;0;0;99.1049998733333;8.7;1.70212837837838
P03;9;1.11694300000002;2.47572;0;99.1049998733333;3.3;1.70212837837838
P03;9;1.61978099999999;1.2744;0;99.1049998733333;14.1;1.70212837837838
P03;9;1.01387000000003;2.24136;0;99.1049998733333;7.4;1.70212837837838
P03;9;1.92832899999999;2.05092;0;99.1049998733333;29.7;1.70212837837838
P03;9;1.219391;2.83032;1;99.1049998733333;1.3;1.70212837837838
P03;9;1.420502;2.4318;0;99.1049998733333;7.4;1.70212837837838
P03;9;2.22882099999998;.8496;1;99.1049998733333;4;1.70212837837838
P03;9;1.317047;2.49012;0;99.1049998733333;14.2;1.70212837837838
P04;9;1.527637;40.58928;0;83.1193334266667;1.42463;1.80768441558442
P04;9;.305775000000001;2.36052;0;83.1193334266667;.610699;1.80768441558442
P04;9;.409798000000002;.92916;0;83.1193334266667;1.421326;1.80768441558442
P04;9;.604906;3.56328;0;83.1193334266667;2.339356;1.80768441558442
P04;9;.404837000000001;1.45044;1;83.1193334266667;3.453667;1.80768441558442
P04;9;.607499999999998;4.19868;0;83.1193334266667;5.4;1.80768441558442
P04;9;1.111784;2.35836;0;83.1193334266667;5.8;1.80768441558442
P04;9;2.22971;1.81656;0;83.1193334266667;7.4;1.80768441558442
P04;9;1.926584;1.14228;0;83.1193334266667;9.8;1.80768441558442
P04;9;3.150395;1.99224;1;83.1193334266667;5.2;1.80768441558442
P04;9;.101031999999996;5.49324;0;83.1193334266667;.3;1.80768441558442
P04;9;.302509000000001;8.61336;0;83.1193334266667;.405606;1.80768441558442
P04;9;.710616999999999;27.7722;0;83.1193334266667;1.214989;1.80768441558442
P04;9;1.009472;3.14964;1;83.1193334266667;2.429051;1.80768441558442
P04;9;.911236000000002;.8496;0;83.1193334266667;6.4;1.80768441558442
P04;9;1.420479;6.8994;0;83.1193334266667;4.5;1.80768441558442
P04;9;1.923344;3.19716;1;83.1193334266667;1.7;1.80768441558442
P04;9;1.212345;3.38364;0;83.1193334266667;19.3;1.80768441558442
P04;9;2.126499;2.59272;0;83.1193334266667;3.5;1.80768441558442
P04;9;2.846417;3.44232;1;83.1193334266667;1.3;1.80768441558442
P04;9;.608147000000002;.4248;1;83.1193334266667;1.2;1.80768441558442
P04;9;3.96039500000001;2.77236;1;83.1193334266667;8.3;1.80768441558442
P04;9;2.437157;3.86712;0;83.1193334266667;4.2;1.80768441558442
P04;9;2.23120900000001;2.47932;1;83.1193334266667;1.7;1.80768441558442
P04;9;3.953895;2.41704;0;83.1193334266667;4.5;1.80768441558442
P04;9;3.94802900000001;.96696;0;83.1193334266667;13.2;1.80768441558442
P04;9;3.956245;.8496;0;83.1193334266667;6.3;1.80768441558442
P04;9;3.75780399999999;1.64088;0;83.1193334266667;9.2;1.80768441558442
P04;9;1.521683;3.9402;1;83.1193334266667;.6;1.80768441558442
P04;9;1.934181;1.87488;0;83.1193334266667;13.8;1.80768441558442
P04;9;3.963532;2.72448;0;83.1193334266667;4;1.80768441558442
P04;9;3.05014;1.45404;0;83.1193334266667;9;1.80768441558442
P04;9;3.147133;1.2744;0;83.1193334266667;12.3;1.80768441558442
P04;9;3.05400900000001;2.9592;0;83.1193334266667;9.7;1.80768441558442
P04;9;3.560699;1.2636;0;83.1193334266667;8.6;1.80768441558442
P04;9;4.26354199999999;1.14228;0;83.1193334266667;14.7;1.80768441558442
P04;9;4.56832900000001;3.0798;0;83.1193334266667;7.9;1.80768441558442
P04;9;4.988617;3.44232;1;83.1193334266667;7.8;1.80768441558442
P04;9;.812653000000012;18.30528;0;83.1193334266667;2.446197;1.80768441558442
P04;9;.608215000000001;10.0818;1;83.1193334266667;3.76535;1.80768441558442
P04;9;3.24272199999999;.71784;0;83.1193334266667;8.1;1.80768441558442
P04;9;1.92439200000001;2.72448;1;83.1193334266667;.5;1.80768441558442
P04;9;.814148000000017;5.43816;0;83.1193334266667;2.3;1.80768441558442
P04;9;1.21702500000001;4.04676;1;83.1193334266667;5.8;1.80768441558442
P04;9;1.83036799999999;2.1312;1;83.1193334266667;1.8;1.80768441558442
P04;9;.301788000000016;3.98448;0;83.1193334266667;1.2;1.80768441558442
P04;9;.506194999999991;4.3434;0;83.1193334266667;1.51947;1.80768441558442
P04;9;1.31684800000002;6.87384;1;83.1193334266667;2.533005;1.80768441558442
P04;9;1.01817299999999;6.60528;0;83.1193334266667;4.6;1.80768441558442
P04;9;1.72442599999999;3.50604;0;83.1193334266667;13.3;1.80768441558442
P04;9;1.82872;5.25888;0;83.1193334266667;5.4;1.80768441558442
P04;9;1.729737;6.78708;0;83.1193334266667;7.6;1.80768441558442
P04;9;1.11546300000001;5.7312;1;83.1193334266667;1.214188;1.80768441558442
P04;9;1.21618600000002;1.87488;0;83.1193334266667;6.4;1.80768441558442
P04;9;2.93713400000001;1.09836;1;83.1193334266667;4.8;1.80768441558442
P04;9;.607254000000012;8.53056;0;83.1193334266667;1.111435;1.80768441558442
P04;9;1.117707;3.86712;1;83.1193334266667;2.226562;1.80768441558442
P05;9;.506926999999999;12.4362;0;78.5199998133333;1.522006; 
P05;9;.512327000000001;7.12224;1;78.5199998133333;2.538306; 
P05;9;1.228562;4.10508;0;78.5199998133333;3; 
P05;9;.605789999999999;1.15704;1;78.5199998133333;1; 
P05;9;1.214732;1.68444;0;78.5199998133333;20.5; 
P05;9;1.222387;2.18268;0;78.5199998133333;4.5; 
P05;9;.81155;2.70972;0;78.5199998133333;11.3; 
P05;9;1.016893;2.5488;0;78.5199998133333;4.9; 
P05;9;1.015372;1.33308;0;78.5199998133333;4.8; 
P05;9;1.116676;2.60748;0;78.5199998133333;4; 
P05;9;.910681;7.47144;0;78.5199998133333;7.7; 
P05;9;.711092000000001;5.41476;0;78.5199998133333;3.6; 
P05;9;.406177999999997;2.52324;0;78.5199998133333;12.8; 
P05;9;1.31356;2.58192;0;78.5199998133333;5.2; 
P05;9;.910851000000001;1.02528;0;78.5199998133333;5.7; 
P05;9;1.218979;5.0832;0;78.5199998133333;5.8; 
P05;9;1.422302;1.02528;0;78.5199998133333;8.7; 
P05;9;1.834049;.24876;0;78.5199998133333;20.5; 
P05;9;1.724174;.4248;0;78.5199998133333;8.6; 
P05;9;1.320068;1.45008;0;78.5199998133333;12.2; 
P05;9;1.321652;.90792;0;78.5199998133333;8.2; 
P05;9;1.52097;.90828;0;78.5199998133333;19.7; 
P05;9;2.237774;4.22244;0;78.5199998133333;4.2; 
P05;9;1.822575;1.62612;0;78.5199998133333;3.6; 
P05;9;1.018551;5.49324;0;78.5199998133333;4.8; 
P05;9;2.126625;3.43116;0;78.5199998133333;5.9; 
P05;9;1.31831;2.71368;0;78.5199998133333;3.3; 
P05;9;.705829000000001;2.41704;1;78.5199998133333;.8; 
P05;9;.609511999999995;4.09032;0;78.5199998133333;4.9; 
P05;9;2.023315;2.58192;0;78.5199998133333;5; 
P05;9;.709511000000006;1.62612;0;78.5199998133333;6.4; 
P05;9;1.42559800000001;2.05092;0;78.5199998133333;6.6; 
P05;9;2.54229000000001;4.33944;0;78.5199998133333;4.2; 
P05;9;1.216644;2.60748;0;78.5199998133333;2.3; 
P05;9;1.016434;3.0762;0;78.5199998133333;3.9; 
P05;9;1.217095;4.11624;0;78.5199998133333;6.5; 
P05;9;2.125061;6.87384;0;78.5199998133333;4.1; 
P05;9;1.214134;4.17456;0;78.5199998133333;9.1; 
P05;9;1.01159699999999;4.779;0;78.5199998133333;2; 
P05;9;1.318344;3.56328;0;78.5199998133333;18.5; 
P05;9;1.92257000000001;6.63948;0;78.5199998133333;2.7; 
P05;9;2.02705399999999;2.00664;0;78.5199998133333;4.3; 
P05;9;1.11919399999999;3.0906;0;78.5199998133333;5.3; 
P05;9;1.22138199999999;3.26664;1;78.5199998133333;1.8; 
P05;9;2.134148;3.62196;0;78.5199998133333;4.4; 
P05;9;1.01994999999999;4.48236;0;78.5199998133333;3; 
P05;9;1.82449399999999;4.39812;0;78.5199998133333;4.2; 
P05;9;2.53703400000001;.17604;0;78.5199998133333;29.8; 
P05;9;2.540756;.60048;0;78.5199998133333;10.2; 
P05;9;2.436455;.35136;0;78.5199998133333;18.7; 
P05;9;1.730194;1.02528;0;78.5199998133333;5.9; 
P05;9;.607963999999996;1.87524;0;78.5199998133333;8.3; 
P05;9;1.116501;7.48872;0;78.5199998133333;3.8; 
P05;9;1.01719;5.33196;0;78.5199998133333;3.7; 
P05;9;1.41874;8.8074;0;78.5199998133333;2.9; 
P05;9;.712119999999999;5.74236;0;78.5199998133333;1.8; 
P05;9;.710457000000005;7.23744;0;78.5199998133333;3.8; 
P05;9;.504752999999994;2.06568;0;78.5199998133333;30.2; 
P05;9;1.11829299999999;1.33308;0;78.5199998133333;6; 
P05;9;1.11275500000001;.24912;0;78.5199998133333;5; 
P05;9;.60914600000001;4.65804;0;78.5199998133333;2.5; 
P05;9;1.21508800000001;1.75788;0;78.5199998133333;6; 
P05;9;1.221665;3.31452;0;78.5199998133333;4.4; 
P05;9;2.13523899999998;1.86408;0;78.5199998133333;4.6; 
P05;9;1.52560399999999;1.08396;0;78.5199998133333;9.3; 
P05;9;1.51483100000002;3.69144;0;78.5199998133333;5; 
P05;9;1.52709999999999;1.75752;0;78.5199998133333;4.4; 
P05;9;1.72169500000001;0;0;78.5199998133333;9.2; 
P05;9;1.82217399999999;4.48236;0;78.5199998133333;6.6; 
P05;9;2.02825899999999;.65916;0;78.5199998133333;6.5; 
P05;9;1.31890899999999;3.14964;0;78.5199998133333;6.4; 
P05;9;2.125045;4.40928;0;78.5199998133333;3.2; 
P05;9;.910002999999989;4.64724;0;78.5199998133333;4; 
P05;9;2.12820400000001;7.97256;0;78.5199998133333;2.8; 
P05;9;1.423889;6.79788;0;78.5199998133333;3.2; 
P05;9;1.32225100000002;3.68064;0;78.5199998133333;9.1; 
P05;9;.81045499999999;5.08284;0;78.5199998133333;1.9; 
P05;9;1.620621;11.3868;1;78.5199998133333;3.9; 
P05;9;2.435059;3.26664;0;78.5199998133333;9; 
P05;9;2.64080799999999;3.0762;0;78.5199998133333;7.5; 
P05;9;1.42243999999999;1.46484;0;78.5199998133333;12.7; 
P05;9;2.231537;0;1;78.5199998133333;3.7; 
P05;9;.612426999999997;.63396;0;78.5199998133333;8.9; 
P05;9;.710082999999997;7.46316;0;78.5199998133333;3.9; 
P05;9;1.52319299999999;4.10544;1;78.5199998133333;4.2; 
P05;9;.304001;.54216;0;78.5199998133333;3.8; 
P05;9;2.436691;8.40708;1;78.5199998133333;2.6; 
P06;9;1.216774;.4248;0;75.8886670333333;7.3; 
P06;9;1.820361;.9666;0;75.8886670333333;6.1; 
P06;9;1.523143;3.61836;0;75.8886670333333;4.7; 
P06;9;1.832718;1.14264;0;75.8886670333333;7.1; 
P06;9;2.233545;1.45008;0;75.8886670333333;8.8; 
P06;9;2.442452;.9666;0;75.8886670333333;9.2; 
P06;9;2.33738;.90792;0;75.8886670333333;26; 
P06;9;2.335813;1.39176;0;75.8886670333333;9.9; 
P06;9;2.54248;3.69144;0;75.8886670333333;5.3; 
P06;9;1.820778;4.95144;0;75.8886670333333;5.1; 
P06;9;.713268999999997;9.45972;0;75.8886670333333;3; 
P06;9;1.72833600000001;2.41704;0;75.8886670333333;6.9; 
P06;9;1.422287;5.68728;0;75.8886670333333;3.1; 
P06;9;3.041054;.96696;0;75.8886670333333;7; 
P06;9;.410109999999996;5.508;0;75.8886670333333;4; 
P06;9;2.333885;2.47572;0;75.8886670333333;10; 
P06;9;1.920205;.90828;0;75.8886670333333;8.5; 
P06;9;2.335193;.90792;0;75.8886670333333;7; 
P06;9;3.135609;1.33308;0;75.8886670333333;32.8; 
P06;9;2.844139;1.25964;0;75.8886670333333;8.1; 
P06;9;3.549251;.98172;0;75.8886670333333;9.1; 
P06;9;3.453903;.48348;0;75.8886670333333;8.2; 
P06;9;4.048996;.30744;0;75.8886670333333;9.9; 
P06;9;1.117653;2.95884;0;75.8886670333333;5.2; 
P06;9;2.33712;.17568;0;75.8886670333333;6.1; 
P06;9;4.16778599999999;1.15704;0;75.8886670333333;7.8; 
P06;9;4.154747;.48348;0;75.8886670333333;18.2; 
P06;9;2.228371;1.4976;0;75.8886670333333;5.2; 
P06;9;2.125793;1.33308;0;75.8886670333333;10.9; 
P06;9;.505996999999994;5.68368;0;75.8886670333333;4; 
P06;9;1.52561899999999;2.47572;0;75.8886670333333;5.9; 
P06;9;1.82128900000001;.5418;0;75.8886670333333;11.6; 
P06;9;1.311904;2.00664;0;75.8886670333333;5.4; 
P06;9;1.82699599999999;.65916;0;75.8886670333333;4.6; 
P06;9;.508735999999999;3.32532;0;75.8886670333333;5.4; 
P06;9;.506454000000005;2.6514;0;75.8886670333333;5; 
P06;9;1.929008;.90828;0;75.8886670333333;10.6; 
P06;9;1.61967399999999;.23436;0;75.8886670333333;15.4; 
P06;9;1.42184399999999;.8496;0;75.8886670333333;6.3; 
P06;9;2.74685699999999;1.56744;0;75.8886670333333;10.1; 
P06;9;2.132873;2.24136;0;75.8886670333333;6.2; 
P06;9;2.53744500000001;.71784;0;75.8886670333333;9.6; 
P06;9;3.04520500000001;.9666;0;75.8886670333333;6.7; 
P06;9;1.72762999999999;1.39176;0;75.8886670333333;11.7; 
P06;9;2.942802;.36612;0;75.8886670333333;14.2; 
P06;9;3.85935899999998;1.39176;0;75.8886670333333;7.5; 
P06;9;3.44988999999998;1.02528;0;75.8886670333333;6.5; 
P06;9;1.21180699999999;3.14928;0;75.8886670333333;5.4; 
P06;9;2.03237899999999;2.6514;0;75.8886670333333;4.9; 
P06;9;1.11479200000002;4.76424;0;75.8886670333333;3.6; 
P06;9;2.234162;.36612;0;75.8886670333333;6.9; 
P06;9;.612076000000002;3.14964;0;75.8886670333333;5.6; 
P06;9;.812545;5.03172;0;75.8886670333333;3.9; 
P06;9;2.02525299999999;.71784;0;75.8886670333333;9.3; 
P06;9;1.92379800000001;3.20796;0;75.8886670333333;5.5; 
P06;9;2.326065;1.56744;0;75.8886670333333;7.2; 
P06;9;2.32759099999998;2.9592;0;75.8886670333333;5.5; 
P06;9;2.13174500000002;3.86712;0;75.8886670333333;5; 
P06;9;.704680999999994;11.1168;0;75.8886670333333;2.6; 
P06;9;2.12870800000002;.71784;0;75.8886670333333;7.2; 
P06;9;2.23382599999999;.8496;0;75.8886670333333;38.5; 
P06;9;2.13078299999998;1.6992;0;75.8886670333333;6.5; 
P06;9;2.13021799999999;1.08396;0;75.8886670333333;5.6; 
P06;9;1.31634500000001;3.32532;0;75.8886670333333;5.7; 
P06;9;.404145;1.93356;0;75.8886670333333;6.5; 
P06;9;1.42095999999998;2.30004;0;75.8886670333333;9.2; 
P06;9;1.624268;1.6992;0;75.8886670333333;14.4; 
P06;9;1.930542;1.56744;0;75.8886670333333;7.6; 
P06;9;2.03035;.4248;0;75.8886670333333;11.5; 
P06;9;.40647899999999;8.45604;0;75.8886670333333;2.8; 
P06;9;.912917999999991;2.90052;0;75.8886670333333;3.4; 
P06;9;.815460000000002;9.75024;0;75.8886670333333;5; 
P06;9;.407349000000011;1.87524;0;75.8886670333333;6; 
P07;9;1.823535;4.4568;0;75.0036664;10; 
P07;9;2.440447;6.3522;0;75.0036664;1.8; 
P07;9;1.620009;7.5474;0;75.0036664;4.6; 
P07;9;2.026127;1.64088;0;75.0036664;17.8; 
P07;9;2.440702;.05832;0;75.0036664;18.4; 
P07;9;3.14439;.05868;0;75.0036664;13.2; 
P07;9;3.857841;1.02528;0;75.0036664;43.7; 
P07;9;4.265304;.90792;0;75.0036664;20.2; 
P07;9;4.863048;.36648;0;75.0036664;23.2; 
P07;9;5.06496;.48312;0;75.0036664;14.8; 
P07;9;5.07684399999999;1.20132;0;75.0036664;9.8; 
P07;9;3.96197899999999;1.02528;0;75.0036664;10.7; 
P07;9;4.56703899999999;.79092;0;75.0036664;14.6; 
P07;9;4.460442;1.2744;0;75.0036664;24.9; 
P07;9;2.023819;6.52212;0;75.0036664;5.3; 
P07;9;3.65390799999999;1.43892;0;75.0036664;9.5; 
P07;9;2.032692;1.8162;1;75.0036664;.6; 
P07;9;3.15007100000001;5.13036;1;75.0036664;5; 
P07;9;1.117256;5.2002;0;75.0036664;4.8; 
P07;9;2.74301899999999;1.3914;0;75.0036664;5.5; 
P07;9;4.76812699999999;.4248;0;75.0036664;15; 
P07;9;3.24556699999999;3.44592;0;75.0036664;5.5; 
P07;9;3.64671399999999;2.241;1;75.0036664;5.8; 
P07;9;.912612999999993;15.66;0;75.0036664;1.423279; 
P07;9;1.21616400000001;10.33092;1;75.0036664;2.845634; 
P07;9;1.825486;5.48208;0;75.0036664;3.8; 
P07;9;2.53215800000001;2.1132;0;75.0036664;10.2; 
P07;9;3.13893899999999;.60048;0;75.0036664;4.7; 
P07;9;4.1661;1.99224;0;75.0036664;12.2; 
P07;9;4.66290300000001;0;0;75.0036664;8.6; 
P07;9;2.63166900000002;6.63948;0;75.0036664;1.9; 
P07;9;4.46478200000001;1.33308;1;75.0036664;12.8; 
P07;9;1.21788100000001;14.76252;0;75.0036664;6.7; 
P07;9;2.32862899999998;2.36232;0;75.0036664;9; 
P07;9;1.42205799999999;2.66616;1;75.0036664;2.1; 
P07;9;2.232148;4.8924;0;75.0036664;4.1; 
P07;9;2.12647999999999;3.8088;0;75.0036664;4; 
P07;9;3.14610300000001;3.68064;0;75.0036664;8.1; 
P07;9;1.42417900000001;8.8218;0;75.0036664;2.6; 
P07;9;1.61827000000002;3.501;0;75.0036664;7; 
P07;9;2.13092;2.35836;0;75.0036664;8.6; 
P07;9;2.02713;.48348;0;75.0036664;21.6; 
P07;9;1.31982400000001;.11736;0;75.0036664;9.7; 
P07;9;3.642807;1.14264;0;75.0036664;7.4; 
P07;9;3.557602;.30744;0;75.0036664;12.3; 
P07;9;3.75836100000001;.79092;1;75.0036664;7.2; 
P08;9;1.722559;1.20096;0;94.4390002033334;8.1; 
P08;9;2.948243;1.1574;0;94.4390002033334;10.1; 
P08;9;2.636722;.05868;0;94.4390002033334;21; 
P08;9;3.051986;.05868;0;94.4390002033334;15.6; 
P08;9;2.733145;.17604;0;94.4390002033334;11.7; 
P08;9;2.434878;1.87488;0;94.4390002033334;5.7; 
P08;9;2.337181;.8496;0;94.4390002033334;9.3; 
P08;9;2.333504;.60048;0;94.4390002033334;20.1; 
P08;9;2.937046;.60048;0;94.4390002033334;12.4; 
P08;9;2.332184;.24912;0;94.4390002033334;45.4; 
P08;9;2.43335;.90828;0;94.4390002033334;16.3; 
P08;9;3.245224;1.6848;0;94.4390002033334;9.5; 
P08;9;3.346554;3.44232;0;94.4390002033334;8.9; 
P08;9;2.025738;.73224;0;94.4390002033334;8.6; 
P08;9;2.537246;3.09096;0;94.4390002033334;5.1; 
P08;9;2.23408500000001;2.04012;0;94.4390002033334;6.2; 
P08;9;3.85874199999999;.73224;0;94.4390002033334;32.9; 
P08;9;3.35257;2.21544;0;94.4390002033334;5; 
P08;9;3.76120800000001;.23436;0;94.4390002033334;18.4; 
P08;9;4.75733200000001;.23436;0;94.4390002033334;24.7; 
P08;9;3.85391200000001;.30744;0;94.4390002033334;13.3; 
P08;9;3.75404300000001;.13176;1;94.4390002033334;2.9; 
P08;9;1.92446200000001;3.55968;1;94.4390002033334;2; 
P08;9;1.51861599999999;4.6584;0;94.4390002033334;2.2; 
P08;9;2.32974299999999;1.50876;0;94.4390002033334;11.5; 
P08;9;3.144981;2.59308;0;94.4390002033334;4.7; 
P08;9;2.936103;3.19716;0;94.4390002033334;5.5; 
P08;9;3.45534499999999;1.14264;0;94.4390002033334;9.4; 
P08;9;3.554664;1.33308;0;94.4390002033334;9.2; 
P08;9;3.56543699999999;1.02528;0;94.4390002033334;18.4; 
P08;9;2.63832099999999;1.8054;0;94.4390002033334;8.6; 
P08;9;2.644836;1.39176;0;94.4390002033334;9.2; 
P08;9;2.64866700000002;.8496;0;94.4390002033334;8; 
P08;9;2.43373099999999;2.2266;0;94.4390002033334;14.2; 
P08;9;2.63931300000002;.8496;1;94.4390002033334;4.8; 
P08;9;2.433761;4.0464;0;94.4390002033334;6.9; 
P08;9;2.948273;.4248;0;94.4390002033334;14.7; 
P08;9;2.42643700000002;2.28528;1;94.4390002033334;11.6; 
P08;9;.915329000000014;5.32116;0;94.4390002033334;10.7; 
P08;9;2.337875;3.32532;1;94.4390002033334;2.9; 
P08;9;2.03727700000002;7.3134;0;94.4390002033334;4.7; 
P08;9;2.23422200000002;1.04004;0;94.4390002033334;8.7; 
P08;9;2.03282100000001;7.17444;1;94.4390002033334;1; 
P08;9;2.538376;3.5046;0;94.4390002033334;7.4; 
P08;9;1.414963;4.46796;0;94.4390002033334;2.9; 
P08;9;2.13093599999999;10.8216;1;94.4390002033334;.6; 
P09;9;1.114363;8.64648;0;109.637000403333;2.7; 
P09;9;1.422919;2.9628;0;109.637000403333;3.8; 
P09;9;.607345000000002;2.86776;1;109.637000403333;.5; 
P09;9;1.325588;1.93356;0;109.637000403333;13; 
P09;9;1.118547;3.1824;0;109.637000403333;8.7; 
P09;9;.303000000000001;.9666;0;109.637000403333;6.4; 
P09;9;2.023606;2.16792;0;109.637000403333;7.5; 
P09;9;2.328682;3.32496;0;109.637000403333;6.3; 
P09;9;2.943584;1.6992;0;109.637000403333;7.1; 
P09;9;.916641999999996;4.33944;0;109.637000403333;6.6; 
P09;9;.407333999999999;3.44232;0;109.637000403333;1.2; 
P09;9;3.147682;7.0056;1;109.637000403333;11.6; 
P09;9;.609794999999998;2.47932;0;109.637000403333;12.3; 
P09;9;2.937828;3.86712;0;109.637000403333;5.8; 
P09;9;1.015591;3.79764;0;109.637000403333;5.2; 
P09;9;2.731796;1.50876;0;109.637000403333;6.6; 
P09;9;.814262999999997;1.02528;0;109.637000403333;16.4; 
P09;9;2.128212;1.2744;0;109.637000403333;12.3; 
P09;9;2.832375;3.25548;0;109.637000403333;11.5; 
P09;9;2.540131;.77616;1;109.637000403333;11.2; 
P09;9;2.837852;2.72484;0;109.637000403333;5.5; 
P09;9;1.51883699999999;2.05056;1;109.637000403333;2.5; 
P09;9;4.26344300000001;4.64724;0;109.637000403333;7.1; 
P09;9;3.75838400000001;3.02148;0;109.637000403333;7; 
P09;9;2.43276900000001;1.9224;0;109.637000403333;6.2; 
P09;9;5.18782;3.79764;0;109.637000403333;7.4; 
P09;9;3.352036;5.98032;1;109.637000403333;7.9; 
P09;9;1.42211900000001;4.70592;0;109.637000403333;3.6; 
P09;9;1.323959;2.78316;0;109.637000403333;5.9; 
P09;9;.607711999999992;1.50876;1;109.637000403333;1.3; 
P09;9;3.54840099999998;2.60748;1;109.637000403333;.8; 
P09;9;2.73292499999999;1.33308;0;109.637000403333;9.1; 
P09;9;2.231979;1.02528;0;109.637000403333;9.4; 
P09;9;2.43412800000002;.60048;1;109.637000403333;3.9; 
P09;9;4.160415;3.80844;0;109.637000403333;5.6; 
P09;9;2.43428;2.35836;0;109.637000403333;16.7; 
P09;9;.707335999999998;3.933;0;109.637000403333;15; 
P09;9;1.21807799999999;4.64724;0;109.637000403333;5.4; 
P09;9;1.01181;2.72448;0;109.637000403333;3.7; 
P09;9;1.52415500000001;.79128;0;109.637000403333;11.7; 
P09;9;2.23262099999999;1.45008;0;109.637000403333;10.3; 
P09;9;1.21856699999998;4.58892;0;109.637000403333;3.2; 
P09;9;2.240891;2.18268;0;109.637000403333;4.9; 
P09;9;.813247999999987;.8496;1;109.637000403333;.5; 
P10;9;1.626103;.96696;0;83.1873338166667;15.2; 
P10;9;2.029262;.49824;0;83.1873338166667;5.6; 
P10;9;2.027142;3.54852;1;83.1873338166667;.7; 
P10;9;2.024389;.54216;0;83.1873338166667;4.6; 
P10;9;1.623857;1.50912;0;83.1873338166667;8.3; 
P10;9;1.723923;.54216;0;83.1873338166667;7.7; 
P10;9;2.431641;1.33272;0;83.1873338166667;5.9; 
P10;9;2.949752;.4248;0;83.1873338166667;18.4; 
P10;9;3.143445;.55656;0;83.1873338166667;10.1; 
P10;9;2.639702;0;0;83.1873338166667;29.5; 
P10;9;3.147431;.54216;0;83.1873338166667;25.6; 
P10;9;4.565022;0;0;83.1873338166667;28.4; 
P10;9;5.891029;.117;0;83.1873338166667;31.5; 
P10;9;5.380691;.36612;1;83.1873338166667;7; 
P10;9;1.014419;.30744;0;83.1873338166667;1.520813; 
P10;9;.811057999999989;0;0;83.1873338166667;3.044151; 
P10;9;1.21471399999999;1.56708;1;83.1873338166667;4.363304; 
P10;9;1.119118;1.87524;0;83.1873338166667;6.5; 
P10;9;2.025749;1.68444;0;83.1873338166667;7.2; 
P10;9;1.527451;1.2744;0;83.1873338166667;3.8; 
P10;9;2.228943;.9666;0;83.1873338166667;6.9; 
P10;9;2.33296200000001;.79092;0;83.1873338166667;11.4; 
P10;9;1.4179;2.655;0;83.1873338166667;3.2; 
P10;9;1.829216;2.18268;0;83.1873338166667;8.1; 
P10;9;1.72305300000001;.71784;0;83.1873338166667;6.3; 
P10;9;1.21836900000001;1.21572;0;83.1873338166667;21.3; 
P10;9;1.41995999999999;.65916;0;83.1873338166667;3.1; 
P10;9;1.116585;1.94832;0;83.1873338166667;8.1; 
P10;9;2.73809799999999;.117;0;83.1873338166667;5.6; 
P10;9;2.027092;1.2744;1;83.1873338166667;.9; 
P10;9;2.22657;.17568;0;83.1873338166667;14.4; 
P10;9;2.430108;.79092;0;83.1873338166667;8.7; 
P10;9;2.641381;.4248;0;83.1873338166667;12.9; 
P10;9;3.151749;1.45044;0;83.1873338166667;18.4; 
P10;9;2.94038399999999;.54216;1;83.1873338166667;4; 
P10;9;1.22146599999999;.90828;0;83.1873338166667;7.4; 
P10;9;1.624786;.54216;0;83.1873338166667;8.1; 
P10;9;2.129074;.17568;0;83.1873338166667;10.1; 
P10;9;2.83534299999999;.54216;0;83.1873338166667;18.2; 
P10;9;1.829803;1.1574;1;83.1873338166667;.8; 
P10;9;3.23937899999999;1.50876;0;83.1873338166667;8; 
P10;9;3.04219000000001;.71748;0;83.1873338166667;11.2; 
P10;9;3.44970700000002;.9666;0;83.1873338166667;25.3; 
P10;9;3.03788700000001;.65916;0;83.1873338166667;14.4; 
P10;9;1.218627;1.45008;1;83.1873338166667;1.7; 
P10;9;2.43492099999997;1.64088;0;83.1873338166667;9.3; 
P10;9;1.93284600000001;.8496;0;83.1873338166667;9.4; 
P10;9;2.63490300000001;.29268;0;83.1873338166667;8.4; 
P10;9;2.026962;.65952;1;83.1873338166667;2.6; 
P11;9;4.972108;.98136;1;91.0529999766667;7.7; 
P11;9;.509308000000001;.87984;0;91.0529999766667;2.83721; 
P11;9;4.059248;3.80844;1;91.0529999766667;11; 
P11;9;.611513000000002;2.66616;0;91.0529999766667;2.84519; 
P11;9;.408538;.0583199999999996;0;91.0529999766667;3.961573; 
P11;9;.812039000000002;7.5474;1;91.0529999766667;4.877508; 
P11;9;3.646164;3.44232;1;91.0529999766667;7.3; 
P11;9;4.668743;2.58192;1;91.0529999766667;14.6; 
P11;9;5.067035;2.6658;1;91.0529999766667;6.3; 
P11;9;1.724586;1.2744;0;91.0529999766667;9.4; 
P11;9;7.50940700000001;2.2266;1;91.0529999766667;6.9; 
P11;9;.707267999999999;3.3984;0;91.0529999766667;3.749176; 
P11;9;1.51940900000001;4.96584;0;91.0529999766667;4.960587; 
P11;9;1.62471000000001;2.77236;1;91.0529999766667;6.985024; 
P11;9;.809226999999993;2.29968;0;91.0529999766667;5.1; 
P11;9;1.117127;1.33308;1;91.0529999766667;1.9; 
P11;9;1.32092999999999;1.68444;0;91.0529999766667;14.2; 
P11;9;1.114204;2.124;0;91.0529999766667;2.3; 
P11;9;5.58343600000001;1.87488;1;91.0529999766667;1; 
P11;9;3.66100300000001;2.5488;0;91.0529999766667;6.6; 
P11;9;1.21447699999999;1.50876;1;91.0529999766667;.2; 
P11;9;2.94516000000002;3.66588;0;91.0529999766667;7.1; 
P11;9;3.75469899999999;2.2266;0;91.0529999766667;12.5; 
P11;9;2.732224;1.52352;0;91.0529999766667;7.9; 
P11;9;3.351731;1.56708;0;91.0529999766667;7.3; 
P11;9;3.44957000000002;.8496;0;91.0529999766667;12.3; 
P11;9;4.15824900000001;2.05092;1;91.0529999766667;4.7; 
P11;9;1.726181;5.3064;0;91.0529999766667;3.5; 
P11;9;2.23216299999999;2.24136;0;91.0529999766667;11; 
P11;9;2.43630999999999;1.56744;0;91.0529999766667;12.2; 
P11;9;3.43862899999999;.48312;0;91.0529999766667;10.1; 
P12;9;2.744854;2.88936;1;87.4856666633333;8.3; 
P12;9;2.431573;1.87488;0;87.4856666633333;7.7; 
P12;9;3.756362;.8496;1;87.4856666633333;9; 
P12;9;2.541245;16.82784;0;87.4856666633333;2.8; 
P12;9;2.84037;8.22132;1;87.4856666633333;.4; 
P12;9;2.944168;5.84856;0;87.4856666633333;4.5; 
P12;9;3.340995;2.06532;0;87.4856666633333;8.2; 
P12;9;3.341835;3.26664;0;87.4856666633333;6; 
P12;9;4.364261;2.66616;0;87.4856666633333;6.2; 
P12;9;3.347298;6.34644;0;87.4856666633333;5; 
P12;9;3.13953;1.2744;0;87.4856666633333;8.8; 
P12;9;2.93633200000001;.8496;0;87.4856666633333;31.7; 
P12;9;3.036338;2.72448;0;87.4856666633333;6.9; 
P12;9;3.15013900000001;5.61384;0;87.4856666633333;4.5; 
P12;9;3.45062999999999;.73224;0;87.4856666633333;30.7; 
P12;9;2.83329000000001;2.24136;0;87.4856666633333;8.9; 
P12;9;3.553833;6.34644;1;87.4856666633333;5.7; 
P12;9;2.64082399999999;17.95068;1;87.4856666633333;3.2; 
P12;9;1.320442;3.57408;0;87.4856666633333;8; 
P12;9;4.36927799999999;3.01788;0;87.4856666633333;24.3; 
P12;9;4.17208100000001;1.45044;0;87.4856666633333;6.4; 
P12;9;3.769775;.71784;0;87.4856666633333;11.4; 
P12;9;4.35085999999998;.5418;0;87.4856666633333;10.9; 
P12;9;3.55383300000003;.5418;0;87.4856666633333;9.1; 
P12;9;3.85057;2.84184;1;87.4856666633333;9.7; 
P12;9;3.647492;2.29968;0;87.4856666633333;7.4; 
P12;9;3.85279800000001;2.47572;0;87.4856666633333;13.1; 
P12;9;2.93933100000001;3.38364;0;87.4856666633333;7.9; 
P12;9;3.85514900000001;1.45008;0;87.4856666633333;10; 
P12;9;3.85678099999998;2.90052;0;87.4856666633333;15.2; 
P12;9;4.467331;1.33308;0;87.4856666633333;7.4; 
P12;9;4.26513700000001;2.91492;1;87.4856666633333;7.6; 
P12;9;2.638825;19.3302;1;87.4856666633333;3.6; 
P12;9;2.22825600000002;2.52324;0;87.4856666633333;6.3; 
P13;9;2.342778;1.56744;0;101.29366653;33; 
P13;9;2.133119;.77652;0;101.29366653;8; 
P13;9;2.539049;.65916;1;101.29366653;4.9; 
P13;9;2.025783;.65916;0;101.29366653;10.5; 
P13;9;2.133617;1.50876;0;101.29366653;27.2; 
P13;9;2.236263;2.24136;0;101.29366653;4.9; 
P13;9;1.725887;.8496;0;101.29366653;29.3; 
P13;9;2.932392;1.09872;0;101.29366653;8.2; 
P13;9;1.73029;2.53404;0;101.29366653;7.6; 
P13;9;2.333046;.73224;0;101.29366653;14; 
P13;9;2.842816;1.02564;0;101.29366653;14.7; 
P13;9;3.038864;2.52324;0;101.29366653;10.4; 
P13;9;2.539646;2.65536;0;101.29366653;9.3; 
P13;9;2.63788599999999;5.61384;0;101.29366653;5.7; 
P13;9;2.138565;.4248;1;101.29366653;4; 
P13;9;1.92757399999999;.36612;0;101.29366653;34.9; 
P13;9;3.14133399999999;.61524;0;101.29366653;10.8; 
P13;9;3.95519299999999;.96696;0;101.29366653;10.7; 
P13;9;4.055779;.49824;0;101.29366653;24.3; 
P13;9;3.956215;2.2302;0;101.29366653;9.5; 
P13;9;3.04207599999999;2.28528;0;101.29366653;7.8; 
P13;9;3.846672;.05868;0;101.29366653;9.4; 
P13;9;4.45796900000001;1.64052;0;101.29366653;4.4; 
P13;9;3.13855;1.73196;0;101.29366653;7.8; 
P13;9;4.156899;.60048;0;101.29366653;15.1; 
P13;9;3.655289;1.87524;1;101.29366653;2; 
P13;9;2.849419;.60048;0;101.29366653;3.251778; 
P13;9;2.334808;1.33308;1;101.29366653;6.505532; 
P13;9;2.44250500000001;1.67364;0;101.29366653;4.2; 
P13;9;2.22775199999998;3.25188;1;101.29366653;7.6; 
P13;9;1.73027100000002;.79092;0;101.29366653;2.026748; 
P13;9;2.132553;2.60748;1;101.29366653;4.26271; 
P13;9;1.62588499999998;2.84148;0;101.29366653;7.9; 
P13;9;1.71850600000002;1.39176;1;101.29366653;.7; 
P13;9;1.525757;.5418;0;101.29366653;3.2; 
P13;9;1.829498;.48312;0;101.29366653;12; 
P13;9;2.133408;2.05092;0;101.29366653;7.3; 
P13;9;2.32876499999998;.89352;0;101.29366653;23.3; 
P13;9;2.531037;2.124;1;101.29366653;13.2; 
P13;9;2.74221800000001;4.3506;0;101.29366653;4.2; 
P13;9;2.027603;1.2744;0;101.29366653;4.1; 
P13;9;2.13211099999998;2.124;1;101.29366653;7.4; 
P13;9;3.550522;1.14264;0;101.29366653;5.8; 
P13;9;2.23164299999999;1.02528;1;101.29366653;1.6; 
P13;9;1.51954700000002;7.3134;0;101.29366653;2.7; 
P14;9;1.115015;3.12012;0;75.3999998566667;1.432667; 
P14;9;1.417891;6.68268;1;75.3999998566667;3.054515; 
P14;9;.612942;.4248;0;75.3999998566667;7.7; 
P14;9;.915817000000001;3.915;0;75.3999998566667;4.9; 
P14;9;2.333855;.5418;0;75.3999998566667;13.8; 
P14;9;1.72892;.4248;0;75.3999998566667;16.1; 
P14;9;1.215267;1.93356;0;75.3999998566667;25.1; 
P14;9;2.639629;2.41668;0;75.3999998566667;5.1; 
P14;9;3.865761;2.41704;0;75.3999998566667;9.8; 
P14;9;1.01765;1.56744;0;75.3999998566667;3.9; 
P14;9;3.140755;1.33308;0;75.3999998566667;3; 
P14;9;3.040054;1.81656;0;75.3999998566667;34.7; 
P14;9;1.01413;.8496;0;75.3999998566667;2.3; 
P14;9;.916755999999999;1.04004;0;75.3999998566667;17.2; 
P14;9;2.843437;1.1574;0;75.3999998566667;7.1; 
P14;9;1.615563;2.94804;0;75.3999998566667;4.5; 
P14;9;3.039742;1.51236;0;75.3999998566667;5.1; 
P14;9;.712604999999996;1.75788;1;75.3999998566667;.3; 
P14;9;2.940185;2.124;0;75.3999998566667;5.3; 
P14;9;2.43623399999999;1.09872;0;75.3999998566667;18.8; 
P14;9;.915572999999995;1.07316;1;75.3999998566667;.6; 
P14;9;.912002999999999;1.99188;0;75.3999998566667;6.5; 
P14;9;4.263901;.79092;0;75.3999998566667;7; 
P14;9;.506530999999995;1.87524;0;75.3999998566667;5.2; 
P14;9;3.14202900000001;2.35836;0;75.3999998566667;6.9; 
P14;9;3.55603000000001;.96696;0;75.3999998566667;7.4; 
P14;9;3.744407;.9666;0;75.3999998566667;13.8; 
P14;9;4.256905;1.56744;0;75.3999998566667;4.6; 
P14;9;2.328445;2.77236;0;75.3999998566667;5.9; 
P14;9;3.351417;1.43928;0;75.3999998566667;11.8; 
P14;9;5.375473;.36612;1;75.3999998566667;7.4; 
P14;9;1.31633000000001;.90828;0;75.3999998566667;3.146706; 
P14;9;1.014;4.11624;1;75.3999998566667;1.8; 
P14;9;.811942999999999;2.18268;0;75.3999998566667;4.1; 
P14;9;3.453384;2.6658;0;75.3999998566667;10.4; 
P14;9;3.557182;.67392;0;75.3999998566667;5.2; 
P14;9;.911406999999997;1.02528;0;75.3999998566667;15.7; 
P14;9;3.95604;3.03228;1;75.3999998566667;7.9; 
P14;9;.710555999999997;.29304;0;75.3999998566667;2.233826; 
P14;9;1.631958;3.9258;1;75.3999998566667;3.45108; 
P14;9;3.450546;1.6992;0;75.3999998566667;7.1; 
P14;9;.710540000000009;1.31832;1;75.3999998566667;.4; 
P14;9;1.21978799999999;2.16792;1;75.3999998566667;2.2; 
P14;9;2.23674000000003;6.273;0;75.3999998566667;5.4; 
P14;9;1.11901800000001;1.02528;0;75.3999998566667;1.316269; 
P14;9;1.220765;3.57516;0;75.3999998566667;2.943008; 
P14;9;1.72662399999999;2.06532;1;75.3999998566667;4.671524; 
P14;9;.911865000000006;5.7312;0;75.3999998566667;1.7; 
P14;9;.606856999999991;1.64052;0;75.3999998566667;3.8; 
P14;9;2.83901900000001;1.75788;1;75.3999998566667;2.8; 
P14;9;.508026000000001;1.87488;0;75.3999998566667;2.128189; 
P14;9;1.01886000000002;3.5154;0;75.3999998566667;3.141098; 
P14;9;1.92768900000002;10.5894;1;75.3999998566667;4.669083; 
P14;9;.302993999999984;.8496;0;75.3999998566667;5.1; 
P14;9;1.11437899999999;3.6072;0;75.3999998566667;4.4; 
P14;9;2.233475;1.3914;0;75.3999998566667;5; 
P14;9;.708541999999994;1.6848;1;75.3999998566667;1.6; 
P14;9;1.014038;3.1824;0;75.3999998566667;2.2; 
P15;9;.916298999999999;5.13072;0;155.290000033333;3.4; 
P15;9;1.72686;4.53024;0;155.290000033333;3.7; 
P15;9;1.013109;1.6992;1;155.290000033333;2.1; 
P15;9;2.333601;1.99224;0;155.290000033333;3.5; 
P15;9;1.115214;1.56708;0;155.290000033333;7.8; 
P15;9;.916188000000002;1.6992;0;155.290000033333;7.2; 
P15;9;1.826077;2.41704;0;155.290000033333;5.6; 
P15;9;2.126122;2.46492;0;155.290000033333;3.5; 
P15;9;2.031891;6.5808;0;155.290000033333;5.9; 
P15;9;1.519897;4.53024;0;155.290000033333;3.1; 
P15;9;2.438503;7.8552;0;155.290000033333;5; 
P15;9;2.745884;1.62576;0;155.290000033333;6.9; 
P15;9;2.435517;6.34644;0;155.290000033333;1.9; 
P15;9;2.632912;2.06568;0;155.290000033333;10.1; 
P15;9;2.741867;.5418;0;155.290000033333;21.3; 
P15;9;3.04213799999999;.67392;0;155.290000033333;5.2; 
P15;9;3.040466;3.09096;1;155.290000033333;2.4; 
P15;9;2.732071;4.28112;1;155.290000033333;2.9; 
P15;9;1.61827100000001;1.20096;0;155.290000033333;8; 
P15;9;2.227203;2.30004;1;155.290000033333;2.6; 
P15;9;1.728622;1.93356;0;155.290000033333;13.4; 
P15;9;2.335121;1.39176;0;155.290000033333;5.4; 
P15;9;2.64134199999999;6.09732;0;155.290000033333;3; 
P15;9;2.236031;.17604;0;155.290000033333;9.6; 
P15;9;2.43608099999999;5.24808;0;155.290000033333;2.8; 
P15;9;2.64475999999999;5.13036;1;155.290000033333;.8; 
P15;9;2.53853600000001;1.04004;1;155.290000033333;3.5; 
P15;9;3.153526;3.37284;1;155.290000033333;3.6; 
P15;9;1.62200900000001;2.84184;0;155.290000033333;3.7; 
P15;9;2.13263000000001;2.90016;1;155.290000033333;.6; 
P15;9;2.12448899999998;2.52324;0;155.290000033333;4.8; 
P15;9;2.135773;5.78988;0;155.290000033333;8; 
P15;9;2.433685;6.33168;0;155.290000033333;2.9; 
P15;9;2.32643199999998;1.8018;0;155.290000033333;10.4; 
P15;9;2.53462200000001;.48348;0;155.290000033333;15.8; 
P15;9;2.54547100000002;.54216;0;155.290000033333;12.3; 
P15;9;3.352631;.61524;1;155.290000033333;2.6; 
P15;9;1.11857600000002;.4248;1;155.290000033333;6.804154; 
P15;9;1.42129499999999;7.91388;1;155.290000033333;5.4; 
P15;9;1.11772099999999;3.53124;1;155.290000033333;.2; 
P15;9;1.420974;1.69812;0;155.290000033333;1.520554; 
P15;9;1.42262200000002;5.8896;0;155.290000033333;3.449219; 
P15;9;2.54506000000001;4.23036;1;155.290000033333;5.377441; 
P15;9;1.627578;4.82292;0;155.290000033333;6.2; 
P15;9;1.72633400000001;3.86712;1;155.290000033333;1.8; 
P15;9;2.03465299999999;3.9294;0;155.290000033333;9.6; 
P15;9;1.52435299999999;2.95884;0;155.290000033333;4; 
P15;9;1.823746;1.93356;0;155.290000033333;9; 
P15;9;1.82118199999999;2.124;0;155.290000033333;5.2; 
P15;9;3.13893199999998;.96696;1;155.290000033333;6.1; 
P16;9;3.044375;7.01676;0;136.6569999;1.7; 
P16;9;1.928378;5.97744;1;136.6569999;.2; 
P16;9;2.533095;11.47032;0;136.6569999;2; 
P16;9;2.028762;4.11516;1;136.6569999;.1; 
P16;9;1.622737;2.2986;1;136.6569999;2.434321; 
P16;9;2.031131;7.91928;0;136.6569999;1.5; 
P16;9;2.441482;8.08956;1;136.6569999;.6; 
P16;9;1.416241;2.05092;1;136.6569999;.2; 
P16;9;1.315437;4.37868;1;136.6569999;1.724529; 
P16;9;2.535549;10.75572;1;136.6569999;11.3; 
P16;9;1.520931;.48312;1;136.6569999;3.043938; 
P16;9;1.82814399999999;3.86748;1;136.6569999;1.2; 
P16;9;.810622999999993;1.45044;1;136.6569999;1.624783; 
P16;9;3.040374;5.98032;1;136.6569999;7.6; 
P16;9;2.131851;10.03104;1;136.6569999;2.843712; 
P16;9;1.11506700000001;8.20584;1;136.6569999;1.5; 
P16;9;1.9281;7.8552;0;136.6569999;2.9; 
P16;9;2.140534;7.54776;1;136.6569999;.2; 
P16;9;2.53527100000001;4.48236;1;136.6569999;2.544158; 
P16;9;1.517837;4.65804;1;136.6569999;1.6; 
P16;9;2.334412;7.4304;1;136.6569999;7.7; 
P16;9;3.04467799999999;7.38252;1;136.6569999;3.750252; 
P16;9;2.22976;3.69468;1;136.6569999;.815223; 
P16;9;1.427063;8.88084;0;136.6569999;3.4; 
P16;9;2.02584;5.07204;0;136.6569999;3.3; 
P16;9;2.128266;5.37588;1;136.6569999;1; 
P16;9;2.12579399999998;6.33312;0;136.6569999;1.52092; 
P16;9;1.831131;3.48732;1;136.6569999;4.154938; 
P16;9;1.22122199999998;6.66432;1;136.6569999;.6; 
P16;9;1.93945299999999;5.35608;1;136.6569999;.709686; 
P16;9;1.42312600000002;4.98348;0;136.6569999;3.05339; 
P16;9;1.83317499999998;.65916;0;136.6569999;5.7; 
P16;9;2.23512299999999;3.0762;1;136.6569999;2.4; 
P16;9;2.22865299999998;3.9258;0;136.6569999;7.2; 
P16;9;2.13125599999998;5.97672;1;136.6569999;.4; 
P16;9;.808303999999993;3.4902;0;136.6569999;6.6; 
P16;9;1.11515799999998;8.26848;0;136.6569999;2.3; 
P16;9;1.92729199999999;5.25888;0;136.6569999;5.1; 
P16;9;1.21913099999998;2.35836;1;136.6569999;1.3; 
P16;9;2.54475400000001;7.4304;1;136.6569999;7; 
P16;9;1.01591500000001;11.2968;0;136.6569999;1.221084; 
P16;9;2.030136;18.36108;1;136.6569999;2.74678; 
P16;9;.913376;8.22132;0;136.6569999;5.1; 
P16;9;.914047000000011;13.11516;0;136.6569999;1.8; 
P16;9;1.01213099999998;5.0022;0;136.6569999;3.6; 
P17;9;.100137;.10044;0;84.83066662;3.155683; 
P17;9;.51099;6.02676;0;84.83066662;3.763975; 
P17;9;.604816999999999;9.67176;1;84.83066662;4.780475; 
P17;9;2.13089;8.10432;1;84.83066662;2.3; 
P17;9;.509208000000001;2.421;0;84.83066662;9.9; 
P17;9;1.728821;2.34756;0;84.83066662;3.6; 
P17;9;1.722431;1.8162;1;84.83066662;2.1; 
P17;9;1.623757;3.32496;0;84.83066662;5.9; 
P17;9;1.826145;3.43152;0;84.83066662;5.9; 
P17;9;2.73824;4.3542;1;84.83066662;2.4; 
P17;9;1.722076;3.26628;1;84.83066662;1.2; 
P17;9;2.126018;4.22244;0;84.83066662;6.7; 
P17;9;1.825794;1.5822;1;84.83066662;.8; 
P17;9;1.928978;6.63948;0;84.83066662;3.7; 
P17;9;1.93370800000001;3.0906;0;84.83066662;1.7; 
P17;9;1.829964;5.43816;0;84.83066662;7.9; 
P17;9;1.418854;5.4234;0;84.83066662;3.1; 
P17;9;3.146759;.3078;1;84.83066662;4.7; 
P17;9;1.824845;3.6216;0;84.83066662;5.2; 
P17;9;3.15316800000001;3.43116;1;84.83066662;5.9; 
P17;9;.406036999999998;2.49012;0;84.83066662;2.7; 
P17;9;1.82540900000001;9.05652;0;84.83066662;5; 
P17;9;2.64335700000001;2.90052;1;84.83066662;6.2; 
P17;9;.611632999999998;3.40128;0;84.83066662;.708077; 
P17;9;.506812999999994;.10044;1;84.83066662;1.825158; 
P17;9;1.41836499999999;11.6712;0;84.83066662;2.840432; 
P17;9;2.438858;2.29968;0;84.83066662;5.2; 
P17;9;1.113838;7.13736;0;84.83066662;1.7; 
P17;9;2.636994;5.7312;1;84.83066662;5.6; 
P17;9;2.02770200000001;5.36472;0;84.83066662;3.4; 
P17;9;2.435821;3.44232;0;84.83066662;5.4; 
P17;9;1.63311;2.9592;1;84.83066662;.1; 
P17;9;2.12664100000001;1.93356;0;84.83066662;7; 
P17;9;1.92841400000002;4.68036;1;84.83066662;0; 
P17;9;2.12651;2.90052;0;84.83066662;4.5; 
P17;9;.405731000000003;.83808;1;84.83066662;2.940506; 
P17;9;2.534256;4.36536;0;84.83066662;5.9; 
P17;9;1.92913799999999;2.95884;1;84.83066662;2.9; 
P17;9;2.73663299999998;4.41288;0;84.83066662;20; 
P17;9;2.028809;1.87488;1;84.83066662;.2; 
P17;9;2.741028;4.16412;1;84.83066662;10.1; 
P17;9;.809448999999972;13.203;1;84.83066662;2.533706; 
P17;9;2.33824099999998;6.94728;0;84.83066662;11.3; 
P17;9;2.03027399999999;5.3064;0;84.83066662;4.3; 
P17;9;1.724456;4.36824;0;84.83066662;1.9; 
P17;9;2.13288800000001;7.5474;0;84.83066662;3.9; 
P17;9;1.319412;3.10824;0;84.83066662;1.7; 
P17;9;1.933212;8.45568;0;84.83066662;4.2; 
P18;9;1.930953;3.26628;0;139.386999743333;3.3; 
P18;9;2.023948;1.87524;0;139.386999743333;8.3; 
P18;9;2.636772;2.53404;0;139.386999743333;13.1; 
P18;9;1.728975;1.39176;1;139.386999743333;9.2; 
P18;9;2.42664;4.64724;0;139.386999743333;3.6; 
P18;9;2.941779;3.75012;0;139.386999743333;5.5; 
P18;9;2.534173;1.93356;0;139.386999743333;7.5; 
P18;9;2.438893;1.75788;0;139.386999743333;4.3; 
P18;9;2.336586;4.4568;0;139.386999743333;15.4; 
P18;9;3.553162;0;0;139.386999743333;8.5; 
P18;9;2.331162;2.28888;1;139.386999743333;.5; 
P18;9;2.744785;5.6142;1;139.386999743333;2.7; 
P18;9;3.75214400000001;7.29864;0;139.386999743333;2.5; 
P18;9;3.850692;5.98032;1;139.386999743333;.7; 
P18;9;2.736458;3.38364;1;139.386999743333;2.5; 
P18;9;2.83844000000001;4.28112;1;139.386999743333;6.6; 
P18;9;2.03075399999999;5.4234;0;139.386999743333;2.8; 
P18;9;2.127571;4.39812;0;139.386999743333;4.9; 
P18;9;2.43528000000001;2.28888;0;139.386999743333;5.5; 
P18;9;2.43338;.98136;0;139.386999743333;11.2; 
P18;9;3.347954;2.46456;0;139.386999743333;2.8; 
P18;9;3.144364;2.53404;0;139.386999743333;3.2; 
P18;9;2.12097900000001;1.98108;0;139.386999743333;11.6; 
P18;9;3.743263;.79092;1;139.386999743333;5; 
P18;9;2.535355;3.0762;1;139.386999743333;.1; 
P18;9;3.149788;9.53964;1;139.386999743333;2.943428; 
P18;9;1.72408999999999;2.06568;0;139.386999743333;10.3; 
P18;9;3.355225;3.37284;0;139.386999743333;2.5; 
P18;9;3.45487199999999;6.71292;1;139.386999743333;.8; 
P18;9;2.33509800000002;12.07404;1;139.386999743333;3.052262; 
P18;9;3.64901800000001;8.14824;1;139.386999743333;4.3; 
P18;9;2.53900200000001;9.42804;0;139.386999743333;2; 
P18;9;3.25520400000002;4.24692;1;139.386999743333;.6; 
P18;9;1.624191;3.85596;0;139.386999743333;5.8; 
P18;9;2.13064500000002;1.33308;0;139.386999743333;5.6; 
P18;9;4.162826;1.02528;1;139.386999743333;3.4; 
P18;9;1.419083;21.61548;1;139.386999743333;.50476; 
P18;9;.506866000000002;0;0;139.386999743333;1.620026; 
P18;9;.609909000000016;3.69144;1;139.386999743333;2.632233; 
P18;9;1.32264699999999;13.1508;0;139.386999743333;3.1; 
P19;9;1.21968;3.14928;0;91.0626668133333;14; 
P19;9;1.929613;3.32496;0;91.0626668133333;16.8; 
P19;9;2.535578;5.98032;0;91.0626668133333;3.9; 
P19;9;1.517691;4.05756;1;91.0626668133333;7.2; 
P19;9;1.826582;9.9576;0;91.0626668133333;3.9; 
P19;9;2.227102;8.88048;1;91.0626668133333;3.8; 
P19;9;1.423893;3.45708;0;91.0626668133333;6.4; 
P19;9;2.943535;3.79764;0;91.0626668133333;3.9; 
P19;9;1.625386;4.05756;0;91.0626668133333;3.4; 
P19;9;1.117542;2.78316;0;91.0626668133333;7.4; 
P19;9;2.135769;4.23684;0;91.0626668133333;6; 
P19;9;2.74211500000001;7.91388;1;91.0626668133333;5; 
P19;9;.915847999999997;29.49876;1;91.0626668133333;2.33717; 
P19;9;1.824989;5.05728;0;91.0626668133333;2.7; 
P19;9;1.519486;4.28112;0;91.0626668133333;8.2; 
P19;9;1.52557399999999;7.18128;0;91.0626668133333;5.2; 
P19;9;1.82502700000001;9.45108;0;91.0626668133333;3.5; 
P19;9;3.04170999999999;.78012;0;91.0626668133333;4.8; 
P19;9;2.44059799999999;7.5474;0;91.0626668133333;4.1; 
P19;9;2.537277;1.3914;1;91.0626668133333;5.4; 
P19;9;1.11610399999999;1.2744;0;91.0626668133333;4.1; 
P19;9;1.014077;2.35836;0;91.0626668133333;9.8; 
P19;9;1.322648;5.49;0;91.0626668133333;7.5; 
P19;9;1.11565400000001;5.92128;0;91.0626668133333;3.7; 
P19;9;1.518021;2.78316;0;91.0626668133333;4.1; 
P19;9;1.622253;.58968;0;91.0626668133333;9.6; 
P19;9;2.53672800000001;.05832;0;91.0626668133333;7.8; 
P19;9;.810226;3.501;0;91.0626668133333;3.7; 
P19;9;2.235321;1.14264;0;91.0626668133333;8.6; 
P19;9;2.840523;.5418;0;91.0626668133333;20.6; 
P19;9;2.132248;.29304;0;91.0626668133333;8.6; 
P19;9;3.145042;1.04004;0;91.0626668133333;15.3; 
P19;9;1.519577;2.91528;0;91.0626668133333;6.4; 
P19;9;1.52684000000001;3.55968;0;91.0626668133333;5.1; 
P19;9;3.037948;.3078;0;91.0626668133333;17.8; 
P19;9;2.53852099999999;.96696;0;91.0626668133333;8.3; 
P19;9;3.16188099999999;1.14264;0;91.0626668133333;14.6; 
P19;9;1.83290100000002;3.20796;0;91.0626668133333;8.1; 
P19;9;2.43467700000002;1.45008;0;91.0626668133333;7.3; 
P19;9;2.42808500000001;1.15704;0;91.0626668133333;20.1; 
P19;9;2.64121999999998;1.81656;0;91.0626668133333;8.2; 
P19;9;1.83215299999998;4.17492;0;91.0626668133333;13.3; 
P19;9;2.04252600000001;2.78316;0;91.0626668133333;6.8; 
P19;9;1.92893899999999;3.44232;0;91.0626668133333;18.7; 
P19;9;1.32093799999998;3.01752;0;91.0626668133333;12.2; 
P19;9;2.943298;1.39176;0;91.0626668133333;9.2; 
P19;9;2.53675799999999;2.29968;1;91.0626668133333;14.9; 
P19;9;.914962000000003;5.86296;0;91.0626668133333;3.3; 
P19;9;1.622254;.23436;0;91.0626668133333;9.3; 
P19;9;1.61979699999998;.35172;0;91.0626668133333;27.1; 
P19;9;1.221833;5.05476;0;91.0626668133333;5.2; 
P19;9;1.325714;9.11196;0;91.0626668133333;3.1; 
P19;9;1.31922900000001;3.87108;0;91.0626668133333;13; 
P19;9;1.925568;3.26664;0;91.0626668133333;7.7; 
P19;9;1.527084;11.25288;1;91.0626668133333;3.3; 
P19;9;1.626068;1.93356;0;91.0626668133333;7.9; 
P19;9;2.534042;1.50876;0;91.0626668133333;21.8; 
P19;9;1.83059699999998;2.59272;0;91.0626668133333;3.7; 
P20;9;.709505999999999;1.58184;0;94.8113331033333;6.5; 
P20;9;1.421153;5.8482;0;94.8113331033333;3.1; 
P20;9;2.028625;8.65836;1;94.8113331033333;1.5; 
P20;9;1.217706;3.75012;0;94.8113331033333;4.5; 
P20;9;1.922769;4.39812;0;94.8113331033333;4.6; 
P20;9;2.643104;1.2744;0;94.8113331033333;7.3; 
P20;9;2.737583;2.71368;0;94.8113331033333;11.1; 
P20;9;2.124985;.49824;0;94.8113331033333;10.2; 
P20;9;3.036446;2.53404;0;94.8113331033333;5.4; 
P20;9;2.743278;.7326;0;94.8113331033333;5; 
P20;9;2.33060399999999;1.98108;0;94.8113331033333;7.4; 
P20;9;1.925084;1.14264;0;94.8113331033333;4.8; 
P20;9;2.228977;2.72484;1;94.8113331033333;8.3; 
P20;9;2.434605;1.74708;0;94.8113331033333;11.1; 
P20;9;2.836525;.79128;0;94.8113331033333;12.6; 
P20;9;1.121544;2.29968;0;94.8113331033333;6.4; 
P20;9;2.236522;4.16376;0;94.8113331033333;4.5; 
P20;9;2.43646699999999;1.92276;0;94.8113331033333;22.4; 
P20;9;2.737449;1.02528;0;94.8113331033333;11.3; 
P20;9;2.133156;2.655;0;94.8113331033333;3; 
P20;9;2.540032;3.62196;0;94.8113331033333;4.1; 
P20;9;3.147255;1.09872;0;94.8113331033333;7.9; 
P20;9;2.02790800000001;2.28888;0;94.8113331033333;4.2; 
P20;9;3.446808;.79092;0;94.8113331033333;7.5; 
P20;9;3.14145600000001;.8496;0;94.8113331033333;7.8; 
P20;9;4.156937;1.33308;0;94.8113331033333;7.8; 
P20;9;4.868973;0;0;94.8113331033333;11.7; 
P20;9;5.88586500000001;.90792;1;94.8113331033333;7.2; 
P20;9;1.011955;6.37992;0;94.8113331033333;2.136216; 
P20;9;.812743999999995;3.11292;0;94.8113331033333;3.657105; 
P20;9;.709823999999998;3.93516;0;94.8113331033333;5.7; 
P20;9;1.21374499999999;9.76248;0;94.8113331033333;3.4; 
P20;9;2.938728;4.53024;0;94.8113331033333;2.9; 
P20;9;1.213173;2.95884;0;94.8113331033333;5.2; 
P20;9;2.544426;2.83104;0;94.8113331033333;6.4; 
P20;9;2.538307;2.241;0;94.8113331033333;8; 
P20;9;2.73584700000001;.3078;0;94.8113331033333;10.2; 
P20;9;2.635766;2.124;0;94.8113331033333;4.5; 
P20;9;3.254852;.30744;0;94.8113331033333;20.4; 
P20;9;3.356842;1.02528;0;94.8113331033333;8; 
P20;9;3.049836;.60048;0;94.8113331033333;22.1; 
P20;9;3.04705800000002;.79092;0;94.8113331033333;10; 
P20;9;2.94048999999998;1.33308;0;94.8113331033333;8.3; 
P20;9;2.333786;.48348;0;94.8113331033333;13.9; 
P20;9;3.25242600000001;.4248;0;94.8113331033333;30.8; 
P20;9;2.941543;.48348;0;94.8113331033333;11.4; 
P20;9;1.826584;1.2744;0;94.8113331033333;6.9; 
P20;9;2.73483299999998;.54216;0;94.8113331033333;16.9; 
P20;9;1.728973;.24912;0;94.8113331033333;10.2; 
P20;9;3.350616;1.33308;0;94.8113331033333;8.8; 
P20;9;2.43507399999999;1.87488;0;94.8113331033333;5.9; 
P20;9;3.954712;.9666;0;94.8113331033333;16.9; 
P20;9;4.76696800000002;1.02564;0;94.8113331033333;5.3; 
P20;9;3.54811099999998;2.41704;0;94.8113331033333;9.6; 
P20;9;1.93159500000002;.30744;0;94.8113331033333;6.2; 
P20;9;1.32081600000001;5.05044;1;94.8113331033333;1.3; 
P20;9;1.317429;5.24772;0;94.8113331033333;2.8; 
P21;9;.506739;.90828;0;83.51299986;8.7; 
P21;9;.713113;.77616;0;83.51299986;5.3; 
P21;9;.812551999999998;2.90052;0;83.51299986;3.8; 
P21;9;.507674000000002;2.10924;0;83.51299986;11.1; 
P21;9;1.72069;1.73988;0;83.51299986;4.5; 
P21;9;.714935000000001;3.26664;1;83.51299986;.8; 
P21;9;.713728;.83484;0;83.51299986;4.9; 
P21;9;.916536000000001;2.24136;0;83.51299986;3.7; 
P21;9;.912103999999999;.90828;0;83.51299986;21.9; 
P21;9;1.322235;1.67364;0;83.51299986;7.5; 
P21;9;1.017122;4.8924;0;83.51299986;3; 
P21;9;1.624409;5.56632;0;83.51299986;3.8; 
P21;9;1.72089;.23796;0;83.51299986;6.1; 
P21;9;.810326000000003;3.55932;0;83.51299986;2.8; 
P21;9;.815987;2.05092;0;83.51299986;4.6; 
P21;9;2.129749;2.35836;0;83.51299986;4.4; 
P21;9;1.72758899999999;1.93356;0;83.51299986;6.7; 
P21;9;1.520211;1.02528;0;83.51299986;10.3; 
P21;9;1.52399;2.124;0;83.51299986;3.5; 
P21;9;1.217259;1.64052;0;83.51299986;7.3; 
P21;9;1.114147;3.14928;0;83.51299986;1.7; 
P21;9;2.738819;1.08396;0;83.51299986;7; 
P21;9;2.536132;5.43816;0;83.51299986;2.9; 
P21;9;2.734859;5.98032;0;83.51299986;3; 
P21;9;2.231331;.9666;0;83.51299986;8.8; 
P21;9;2.64446199999999;.17604;0;83.51299986;8.3; 
P21;9;1.924881;3.14964;0;83.51299986;3.2; 
P21;9;3.041054;2.5344;0;83.51299986;5.2; 
P21;9;3.041245;.35532;0;83.51299986;9.3; 
P21;9;2.94229900000001;2.90016;0;83.51299986;2.2; 
P21;9;2.33933999999999;3.73932;0;83.51299986;3.7; 
P21;9;3.55185700000001;1.39176;1;83.51299986;1.9; 
P21;9;2.329964;2.03976;0;83.51299986;5.9; 
P21;9;4.148826;1.61496;1;83.51299986;3.5; 
P21;9;.914565999999994;4.0428;0;83.51299986;2.632882; 
P21;9;.606269999999995;1.33308;0;83.51299986;8.3; 
P21;9;2.132561;9.90612;0;83.51299986;4.4; 
P21;9;1.825866;5.49684;1;83.51299986;1; 
P21;9;1.31347599999999;1.87524;1;83.51299986;1.1; 
P21;9;2.63983899999999;1.01448;0;83.51299986;13.6; 
P21;9;2.75186100000001;1.19016;1;83.51299986;4.4; 
P21;9;.709930000000014;6.77124;0;83.51299986;2.4; 
P21;9;1.31961100000001;9.90576;0;83.51299986;3.8; 
P21;9;.914169000000015;5.55552;0;83.51299986;2.4; 
P21;9;2.83514399999999;3.54852;0;83.51299986;4.8; 
P21;9;1.42042500000002;.90828;1;83.51299986;.4; 
P21;9;1.42396500000001;.48348;0;83.51299986;12.9; 
P21;9;2.03817799999999;.72144;0;83.51299986;4.9; 
P21;9;1.62403899999998;4.2336;1;83.51299986;.4; 
P21;9;.814499000000012;2.03976;0;83.51299986;12.5; 
P21;9;2.23962399999999;1.9224;0;83.51299986;4.1; 
P21;9;2.13514700000002;5.52348;1;83.51299986;1.823258; 
P21;9;1.723465;5.14152;0;83.51299986;4.3; 
P21;9;2.02316300000001;0;0;83.51299986;9.4; 
P21;9;2.026398;3.3984;0;83.51299986;5.1; 
P21;9;3.454452;2.72448;1;83.51299986;3.4; 
P21;9;1.927628;6.81516;0;83.51299986;5; 
P21;9;2.83880600000001;1.81656;0;83.51299986;7.4; 
P21;9;3.546708;5.74236;0;83.51299986;4.1; 
P21;9;1.63391200000001;7.99668;1;83.51299986;1.627945; 
P21;9;1.015107;2.9628;0;83.51299986;2.7; 
P22;9;.50348;.8496;0;91.6983334066667;6.8; 
P22;9;.711180000000001;3.63276;0;91.6983334066667;5.1; 
P22;9;.611556;3.57408;0;91.6983334066667;6.7; 
P22;9;.816310999999999;1.2744;0;91.6983334066667;3.8; 
P22;9;1.4211;4.023;0;91.6983334066667;6.6; 
P22;9;1.527148;2.41704;0;91.6983334066667;4.3; 
P22;9;.404875000000001;6.73596;1;91.6983334066667;.2; 
P22;9;.811935999999999;1.2744;0;91.6983334066667;11.2; 
P22;9;2.835179;4.896;0;91.6983334066667;3.7; 
P22;9;2.436325;8.69004;1;91.6983334066667;4.5; 
P22;9;.505062000000002;3.73896;0;91.6983334066667;3.3; 
P22;9;2.133053;.8496;0;91.6983334066667;14.8; 
P22;9;2.323296;3.32496;0;91.6983334066667;6.5; 
P22;9;1.925903;3.501;0;91.6983334066667;2.9; 
P22;9;2.538403;3.62196;1;91.6983334066667;6.9; 
P22;9;2.029263;4.82292;1;91.6983334066667;2.5; 
P22;9;3.860108;3.86712;0;91.6983334066667;8.9; 
P22;9;2.426445;11.93508;1;91.6983334066667;1.1; 
P22;9;1.316349;3.13488;0;91.6983334066667;10.3; 
P22;9;.812042000000005;7.67952;0;91.6983334066667;3.6; 
P22;9;.713500999999994;5.55552;0;91.6983334066667;3.2; 
P22;9;2.636109;6.4638;0;91.6983334066667;8.3; 
P22;9;.609589;.96696;0;91.6983334066667;2.3; 
P22;9;1.017898;6.33096;0;91.6983334066667;.8; 
P22;9;2.533638;8.32392;0;91.6983334066667;4.4; 
P22;9;.609153000000006;1.50876;0;91.6983334066667;4.6; 
P22;9;3.554993;5.13036;0;91.6983334066667;8.6; 
P22;9;2.334846;8.76348;0;91.6983334066667;1.6; 
P22;9;1.219864;7.61724;1;91.6983334066667;.2; 
P22;9;.809662000000003;3.02112;0;91.6983334066667;3.9; 
P22;9;3.55405500000001;4.35456;1;91.6983334066667;25.3; 
P22;9;.602211000000011;2.66616;0;91.6983334066667;8.6; 
P22;9;.306404000000001;2.29968;0;91.6983334066667;6.4; 
P22;9;.611038999999991;4.82292;1;91.6983334066667;5.1; 
P22;9;.51097200000001;1.62612;0;91.6983334066667;6.9; 
P22;9;3.141189;4.64724;0;91.6983334066667;18.5; 
P22;9;3.75396000000001;11.72268;1;91.6983334066667;1.7; 
P22;9;.506394;11.71944;0;91.6983334066667;1.517295; 
P22;9;.809455999999997;20.09808;1;91.6983334066667;2.530693; 
P22;9;.710243000000006;2.72448;0;91.6983334066667;4.1; 
P22;9;2.95090500000001;5.26248;0;91.6983334066667;4.5; 
P22;9;3.85747499999999;7.25436;1;91.6983334066667;10.6; 
P22;9;.811813999999998;26.30268;1;91.6983334066667;1.627777; 
P22;9;.202788999999996;0;0;91.6983334066667;4.9; 
P22;9;.712310000000002;5.90688;0;91.6983334066667;3.6; 
P22;9;2.535652;2.9736;0;91.6983334066667;7.1; 
P22;9;1.62713600000001;8.88048;0;91.6983334066667;4.5; 
P22;9;1.73063599999998;10.27224;0;91.6983334066667;3.8; 
P22;9;2.945785;4.70592;1;91.6983334066667;10; 
P22;9;.403534000000008;12.65616;0;91.6983334066667;1.425827; 
P22;9;.707335999999998;22.5378;1;91.6983334066667;2.338349; 
P22;9;.20517000000001;.8496;0;91.6983334066667;5.9; 
P22;9;.606551999999994;7.60644;0;91.6983334066667;3.7; 
P22;9;1.93104600000001;6.63948;0;91.6983334066667;5.5; 
P22;9;1.62669399999999;16.78752;1;91.6983334066667;5.4; 
P22;9;.708389000000011;.24912;0;91.6983334066667;6.3; 
P22;9;.91014100000001;2.84148;0;91.6983334066667;5.8; 
P22;9;1.21766700000001;2.60748;0;91.6983334066667;15.6; 
P22;9;2.03045599999999;2.66616;0;91.6983334066667;15.1; 
P22;9;2.843277;1.2744;0;91.6983334066667;5.3; 
P22;9;2.931625;.17604;0;91.6983334066667;10.3; 
P22;9;4.15469400000001;1.6992;0;91.6983334066667;6.9; 
P22;9;2.94489999999999;2.35836;0;91.6983334066667;4.7; 
P22;9;3.65441899999999;.24912;0;91.6983334066667;14.9; 
P22;9;3.44027699999998;.0583200000000004;0;91.6983334066667;13; 
P22;9;3.65269499999999;.17604;0;91.6983334066667;7.4; 
P22;9;4.15580700000001;1.68444;0;91.6983334066667;8.6; 
P22;9;.607451999999995;3.32496;0;91.6983334066667;10.6; 
P22;9;.405883999999986;.4248;0;91.6983334066667;1.9; 
P22;9;.407118999999994;10.773;1;91.6983334066667;.2; 
P23;9;1.217175;.54216;0;120.449666656667;7.6; 
P23;9;1.722098;2.6514;0;120.449666656667;9.3; 
P23;9;1.418827;.60048;0;120.449666656667;14.5; 
P23;9;1.831783;.61524;0;120.449666656667;6.6; 
P23;9;2.229179;1.81656;0;120.449666656667;5.8; 
P23;9;1.926767;2.60748;0;120.449666656667;7.4; 
P23;9;2.539782;.77616;0;120.449666656667;10.6; 
P23;9;2.029844;.55656;0;120.449666656667;23.3; 
P23;9;2.737041;.71748;0;120.449666656667;8.8; 
P23;9;2.743649;0;0;120.449666656667;19.7; 
P23;9;3.647133;.17568;0;120.449666656667;14.5; 
P23;9;3.447731;.19044;0;120.449666656667;13.9; 
P23;9;2.228295;2.71368;0;120.449666656667;12.1; 
P23;9;2.73972699999999;.55656;0;120.449666656667;3.9; 
P23;9;1.827313;1.02528;0;120.449666656667;6.3; 
P23;9;2.63493699999999;1.81656;0;120.449666656667;9.1; 
P23;9;1.926513;1.08396;1;120.449666656667;1; 
P23;9;2.019657;1.67364;0;120.449666656667;14; 
P23;9;2.532456;1.99224;0;120.449666656667;4; 
P23;9;2.739479;1.62576;0;120.449666656667;6.3; 
P23;9;2.64537800000001;1.33308;0;120.449666656667;5.4; 
P23;9;2.43756099999999;3.26664;1;120.449666656667;.6; 
P23;9;2.12143;4.39812;0;120.449666656667;3.1; 
P23;9;2.12796800000001;2.772;0;120.449666656667;3.9; 
P23;9;2.33592200000001;.48348;0;120.449666656667;9.9; 
P23;9;2.83640299999999;1.38096;0;120.449666656667;15.3; 
P23;9;2.53872699999999;1.5822;0;120.449666656667;21.6; 
P23;9;2.42735300000001;1.86408;0;120.449666656667;4.2; 
P23;9;2.62932599999999;1.8054;0;120.449666656667;5.1; 
P23;9;2.835701;1.08396;0;120.449666656667;10.2; 
P23;9;2.32594300000001;.36648;1;120.449666656667;3.3; 
P23;9;1.415825;3.32532;1;120.449666656667;1; 
P23;9;1.61830099999999;1.8162;0;120.449666656667;5.5; 
P23;9;1.31779400000001;4.59972;0;120.449666656667;3.2; 
P23;9;2.542366;4.46796;0;120.449666656667;4.4; 
P23;9;1.631607;2.41704;0;120.449666656667;4.9; 
P23;9;3.465614;.23436;0;120.449666656667;7.4; 
P23;9;2.12810500000001;1.2744;1;120.449666656667;.3; 
P23;9;1.41886100000001;1.45044;1;120.449666656667;1.9; 
P23;9;2.125778;2.34756;0;120.449666656667;3.8; 
P23;9;2.02247600000001;2.28528;0;120.449666656667;6.1; 
P23;9;3.25414999999998;.36612;0;120.449666656667;10.7; 
P23;9;2.74432399999998;.9666;0;120.449666656667;10.2; 
P23;9;2.74336299999999;1.15704;0;120.449666656667;6; 
P23;9;1.420669;1.08396;0;120.449666656667;9.9; 
P23;9;1.92849799999999;.90828;0;120.449666656667;4.7; 
P23;9;1.52246100000002;.90828;0;120.449666656667;6; 
P23;9;1.72383200000002;5.14152;0;120.449666656667;3; 
P23;9;2.02732799999998;4.36536;0;120.449666656667;3.9; 
P23;9;2.637879;1.62612;0;120.449666656667;8.2; 
P23;9;3.23523;.67392;0;120.449666656667;12.6; 
P23;9;3.14344800000001;.29304;0;120.449666656667;13.6; 
P23;9;3.760559;.96696;0;120.449666656667;8.5; 
P23;9;2.03535499999998;2.06532;1;120.449666656667;1.3; 
P23;9;2.42970199999999;1.56708;0;120.449666656667;5.4; 
P23;9;1.31771800000001;1.2564;1;120.449666656667;7.3; 
P23;9;2.43821699999998;5.7312;0;120.449666656667;2.2; 
P23;9;.911254000000014;5.68656;1;120.449666656667;.1; 
P23;9;1.62414600000002;3.4902;0;120.449666656667;5.6; 
P23;9;1.52209500000001;6.06744;0;120.449666656667;3.9; 
P24;9;1.016987;6.60312;0;166.075999663333;1.226097; 
P24;9;1.72668;13.61304;1;166.075999663333;2.748711; 
P24;9;2.227829;7.8408;0;166.075999663333;4.2; 
P24;9;2.22508;7.4304;0;166.075999663333;4.4; 
P24;9;2.64595000000001;2.41704;0;166.075999663333;7; 
P24;9;3.039513;4.70592;0;166.075999663333;4.8; 
P24;9;3.452126;4.4568;1;166.075999663333;10.3; 
P24;9;1.020138;8.98452;0;166.075999663333;1.929924; 
P24;9;1.527218;12.82212;1;166.075999663333;3.459614; 
P24;9;2.746407;10.33056;1;166.075999663333;4.6; 
P24;9;3.250012;3.02112;0;166.075999663333;5.1; 
P24;9;3.75066;6.21468;1;166.075999663333;8.2; 
P24;9;2.63506299999999;10.73412;1;166.075999663333;1.724068; 
P24;9;1.31700099999999;3.94992;0;166.075999663333;3.1; 
P24;9;3.15149700000001;6.77124;1;166.075999663333;4.5; 
P24;9;.816551000000004;5.103;0;166.075999663333;1.22036; 
P24;9;1.521736;17.20152;1;166.075999663333;2.541893; 
P24;9;2.02763400000001;7.18128;0;166.075999663333;2.3; 
P24;9;3.54666900000001;5.26248;0;166.075999663333;4; 
P24;9;3.75155699999999;3.43152;0;166.075999663333;6.5; 
P24;9;3.556541;2.05092;0;166.075999663333;7.6; 
P24;9;4.36511299999999;.117;0;166.075999663333;12.9; 
P24;9;3.551056;3.06504;1;166.075999663333;3; 
P24;9;1.215401;3.87432;0;166.075999663333;1.417259; 
P24;9;1.523582;7.07868;1;166.075999663333;3.138901; 
P24;9;2.940506;7.37208;1;166.075999663333;5; 
P24;9;.813186999999999;6.63552;0;166.075999663333;1.216354; 
P24;9;1.421402;12.67164;1;166.075999663333;2.535385; 
P24;9;2.43420399999999;5.6142;1;166.075999663333;8.1; 
P24;9;1.01762400000001;3.34908;0;166.075999663333;3.445129; 
P24;9;2.13389599999999;7.72344;0;166.075999663333;3.1; 
P24;9;1.620026;5.22432;1;166.075999663333;.9; 
P25;9;1.114666;.29268;0;164.0386668;6.1; 
P25;9;.607835999999999;2.46492;0;164.0386668;9.9; 
P25;9;1.011687;6.71292;0;164.0386668;3.9; 
P25;9;1.419829;1.64052;0;164.0386668;9.1; 
P25;9;1.111819;1.33308;0;164.0386668;14.6; 
P25;9;1.419201;2.6658;0;164.0386668;5.1; 
P25;9;1.222431;1.75788;0;164.0386668;5.6; 
P25;9;1.620388;.36612;0;164.0386668;17.1; 
P25;9;1.81983;.35172;0;164.0386668;10.5; 
P25;9;1.522499;.24912;0;164.0386668;10; 
P25;9;2.941614;1.50876;0;164.0386668;8.1; 
P25;9;2.030972;1.81656;0;164.0386668;5.6; 
P25;9;1.621662;.65916;0;164.0386668;8.5; 
P25;9;2.130638;1.3914;0;164.0386668;8.8; 
P25;9;2.033039;1.21572;0;164.0386668;7.4; 
P25;9;1.924091;.55656;0;164.0386668;8.7; 
P25;9;2.537479;2.30004;0;164.0386668;4; 
P25;9;3.241604;1.09872;0;164.0386668;8.3; 
P25;9;3.456139;1.02564;0;164.0386668;22.5; 
P25;9;2.746456;.90828;1;164.0386668;4.4; 
P25;9;2.131614;1.56744;0;164.0386668;7; 
P25;9;2.737343;1.02528;0;164.0386668;7.6; 
P25;9;2.433182;0;0;164.0386668;25.3; 
P25;9;2.026466;.48348;0;164.0386668;10.5; 
P25;9;1.218284;1.02528;0;164.0386668;9.1; 
P25;9;2.230087;.48348;0;164.0386668;13.8; 
P25;9;3.140586;.36612;0;164.0386668;10.8; 
P25;9;1.61893499999999;1.24884;0;164.0386668;10.5; 
P25;9;2.837936;1.2744;0;164.0386668;13.7; 
P25;9;1.82872;2.1132;0;164.0386668;10.2; 
P25;9;2.937156;1.45008;0;164.0386668;9.2; 
P25;9;2.83934000000001;2.46456;0;164.0386668;7.9; 
P25;9;1.52175100000001;1.99224;0;164.0386668;5.3; 
P25;9;1.315682;1.94832;1;164.0386668;1.9; 
P25;9;1.21890999999999;4.29192;0;164.0386668;4; 
P25;9;1.21861299999999;3.44628;0;164.0386668;5.5; 
P25;9;1.9282;2.06532;0;164.0386668;11.9; 
P25;9;2.33183200000001;2.28888;0;164.0386668;14.1; 
P25;9;1.41791499999999;1.3914;0;164.0386668;9.9; 
P25;9;1.725311;2.124;0;164.0386668;18.9; 
P25;9;2.027687;2.77236;0;164.0386668;12.7; 
P25;9;2.74266800000001;2.16792;0;164.0386668;20.6; 
P25;9;2.23287999999999;2.91492;0;164.0386668;8.9; 
P25;9;2.33270299999998;2.69892;0;164.0386668;7.7; 
P25;9;1.32075499999999;2.1096;0;164.0386668;9.1; 
P25;9;2.12442000000001;.96696;0;164.0386668;10.1; 
P25;9;2.325515;2.46492;0;164.0386668;11.3; 
P25;9;.806335999999988;1.75788;0;164.0386668;9.2; 
P25;9;2.02711500000001;2.124;0;164.0386668;17.4; 
P25;9;2.63386499999999;1.87488;0;164.0386668;7.4; 
P25;9;1.923416;2.66616;0;164.0386668;5.1; 
P25;9;3.04316700000001;1.1574;0;164.0386668;7.9; 
P25;9;2.840362;1.56744;0;164.0386668;9.3; 
P25;9;2.53128100000001;1.20132;0;164.0386668;8.9; 
P25;9;1.31758099999999;1.64052;0;164.0386668;4.2; 
P25;9;1.01156700000001;1.2744;0;164.0386668;6.5; 
P25;9;2.339066;.9666;0;164.0386668;10.8; 
P25;9;1.72868399999999;1.20132;0;164.0386668;6.6; 
P25;9;3.75422700000001;2.91528;0;164.0386668;7.2; 
P25;9;1.016052;1.90728;1;164.0386668;.3; 
P25;9;1.52447500000002;2.06532;0;164.0386668;22.1; 
P25;9;2.63417000000001;5.00652;0;164.0386668;4.7; 
P25;9;.808669999999978;3.31452;1;164.0386668;1.1; 
P25;9;2.63883899999999;6.21468;0;164.0386668;4.6; 
P25;9;.918379999999985;1.75788;0;164.0386668;2.7; 
P26;9;3.358774;1.08396;0;91.4759999833333;7.5; 
P26;9;3.85503;1.39176;0;91.4759999833333;16.7; 
P26;9;6.397851;1.33308;0;91.4759999833333;10.4; 
P26;9;4.978624;2.18232;0;91.4759999833333;2.6; 
P26;9;4.559593;.96696;1;91.4759999833333;11.9; 
P26;9;1.214573;1.74348;0;91.4759999833333;6.4; 
P26;9;2.331303;3.75012;0;91.4759999833333;4.9; 
P26;9;4.664288;3.26664;0;91.4759999833333;17.2; 
P26;9;1.215775;5.508;1;91.4759999833333;1.3; 
P26;9;1.924927;5.3208;0;91.4759999833333;5.7; 
P26;9;3.956062;5.92164;1;91.4759999833333;9.9; 
P26;9;1.421662;2.124;0;91.4759999833333;7.2; 
P26;9;2.02359800000001;3.69144;0;91.4759999833333;16.9; 
P26;9;5.575928;4.71672;0;91.4759999833333;4.9; 
P26;9;3.65518899999999;3.19716;0;91.4759999833333;9.7; 
P26;9;1.821502;3.5046;0;91.4759999833333;1.7; 
P26;9;1.93663100000001;6.81516;0;91.4759999833333;4.3; 
P26;9;1.322052;6.88824;0;91.4759999833333;1.4; 
P26;9;2.13504;11.18052;0;91.4759999833333;2.6; 
P26;9;4.761329;5.07204;1;91.4759999833333;6.5; 
P26;9;1.015091;10.28592;1;91.4759999833333;2.843338; 
P26;9;.813063999999997;13.0554;1;91.4759999833333;5.984528; 
P26;9;.608536000000001;0;0;91.4759999833333;3.8; 
P26;9;.915771000000007;12.49884;0;91.4759999833333;2.3; 
P26;9;2.840858;8.8074;1;91.4759999833333;3.4; 
P26;9;1.01705899999999;8.40276;0;91.4759999833333;1.014969; 
P26;9;1.420815;12.03012;0;91.4759999833333;2.53891; 
P26;9;.814239000000001;17.56368;0;91.4759999833333;4.46653; 
P26;9;.506491999999994;11.68776;1;91.4759999833333;5.689919; 
P26;9;1.01620499999999;7.4304;0;91.4759999833333;1.3; 
P26;9;.81044;5.24772;0;91.4759999833333;7.7; 
P26;9;2.54621799999998;5.99112;0;91.4759999833333;4.4; 
P26;9;1.62051400000001;2.24136;1;91.4759999833333;.2; 
P26;9;2.33637999999999;7.48872;0;91.4759999833333;6.4; 
P26;9;1.11192399999999;1.9224;0;91.4759999833333;7.6; 
P26;9;3.24673399999998;5.508;0;91.4759999833333;4.7; 
P26;9;3.95292700000002;3.44232;0;91.4759999833333;3.8; 
P26;9;4.06538399999999;2.53404;0;91.4759999833333;2.6; 
P26;9;4.96653799999999;2.6514;1;91.4759999833333;4.5; 
P26;9;1.11399899999998;5.07096;0;91.4759999833333;3.244201; 
P26;9;2.22766099999998;7.31304;0;91.4759999833333;4.9; 
P26;9;1.823486;2.06532;0;91.4759999833333;4.8; 
P26;9;4.87532000000002;1.64088;0;91.4759999833333;12.3; 
P26;9;4.67243999999999;3.99888;1;91.4759999833333;6.4; 
P26;9;1.11918599999998;3.91464;0;91.4759999833333;1.928925; 
P27;9;1.429691;1.3806;0;99.9406667633333;7.7; 
P27;9;1.419785;2.124;0;99.9406667633333;5; 
P27;9;2.034336;.17568;0;99.9406667633333;13.7; 
P27;9;1.72929;.54216;0;99.9406667633333;9.3; 
P27;9;2.135395;.3078;0;99.9406667633333;7.8; 
P27;9;2.130343;.65916;0;99.9406667633333;4.2; 
P27;9;2.132395;.48348;0;99.9406667633333;7.6; 
P27;9;2.334724;.8496;0;99.9406667633333;4.1; 
P27;9;2.636688;1.75788;0;99.9406667633333;7.5; 
P27;9;3.146862;.3078;0;99.9406667633333;8.4; 
P27;9;3.346332;.96696;0;99.9406667633333;2.9; 
P27;9;3.258206;.67392;0;99.9406667633333;7.4; 
P27;9;4.267624;.55656;0;99.9406667633333;5.9; 
P27;9;2.740913;.8496;0;99.9406667633333;11.5; 
P27;9;3.552075;.3078;0;99.9406667633333;22.5; 
P27;9;3.551574;.3078;0;99.9406667633333;39.8; 
P27;9;5.07434799999999;.48312;0;99.9406667633333;25.4; 
P27;9;4.46069299999999;.05868;0;99.9406667633333;11.6; 
P27;9;5.986992;.90828;1;99.9406667633333;6.5; 
P27;9;1.415138;1.93356;0;99.9406667633333;3.9; 
P27;9;2.53512599999999;1.56744;1;99.9406667633333;2.2; 
P27;9;2.53974199999999;.64836;0;99.9406667633333;5.9; 
P27;9;2.744422;.8496;1;99.9406667633333;1.3; 
P27;9;1.625649;2.6658;1;99.9406667633333;2.854362; 
P27;9;1.020867;1.75788;1;99.9406667633333;1.9; 
P27;9;2.23314599999999;.78012;0;99.9406667633333;7.8; 
P27;9;3.04851499999999;1.33308;0;99.9406667633333;5.4; 
P27;9;3.551247;.11736;0;99.9406667633333;15.7; 
P27;9;4.05862399999999;.19044;0;99.9406667633333;8.3; 
P27;9;4.05761700000002;.8496;1;99.9406667633333;3.5; 
P27;9;.813476000000009;2.05092;0;99.9406667633333;2.437287; 
P27;9;1.72735600000001;1.81656;1;99.9406667633333;3.756653; 
P27;9;1.72399899999999;2.6658;1;99.9406667633333;1.9; 
P27;9;2.14118999999999;.8496;0;99.9406667633333;4.2; 
P27;9;2.84112500000001;.77616;0;99.9406667633333;5.1; 
P27;9;1.62492399999999;3.3876;0;99.9406667633333;10.5; 
P27;9;2.033524;6.23988;1;99.9406667633333;2.3; 
P27;9;2.33149700000001;.65916;0;99.9406667633333;8.7; 
P27;9;3.552277;0;0;99.9406667633333;19.3; 
P27;9;3.45030199999999;.117;0;99.9406667633333;11.8; 
P27;9;5.77082799999999;.5418;1;99.9406667633333;4.1; 
P27;9;1.31938200000002;3.9294;0;99.9406667633333;3.951736; 
P27;9;1.21940699999999;.67392;0;99.9406667633333;5.780807; 
P28;9;1.533951;8.31492;1;93.3316664633333;2.1; 
P28;9;2.234707;5.00976;0;93.3316664633333;2.7; 
P28;9;2.844915;2.84184;1;93.3316664633333;.2; 
P28;9;6.79801;2.29968;1;93.3316664633333;8; 
P28;9;1.319905;3.73932;0;93.3316664633333;2.940557; 
P28;9;1.831218;2.9628;0;93.3316664633333;4.769438; 
P28;9;1.72475;5.87412;0;93.3316664633333;6.9; 
P28;9;2.431793;1.39176;0;93.3316664633333;4.3; 
P28;9;2.940384;3.63276;0;93.3316664633333;9.3; 
P28;9;3.142803;2.59272;0;93.3316664633333;12.8; 
P28;9;1.825482;1.62972;0;93.3316664633333;4.1; 
P28;9;2.644596;2.10924;0;93.3316664633333;10.5; 
P28;9;4.663448;2.83068;0;93.3316664633333;2.5; 
P28;9;3.238896;2.41704;0;93.3316664633333;10.4; 
P28;9;3.04263400000001;2.91492;0;93.3316664633333;8.7; 
P28;9;3.55011;1.50876;0;93.3316664633333;7; 
P28;9;3.95682499999999;.83484;1;93.3316664633333;8.7; 
P28;9;2.63462100000001;2.91492;0;93.3316664633333;14.5; 
P28;9;1.323959;2.18268;1;93.3316664633333;11.4; 
P28;9;3.350517;3.38724;0;93.3316664633333;7.4; 
P28;9;3.75031999999999;.90828;0;93.3316664633333;7.4; 
P28;9;3.45214799999999;3.5046;1;93.3316664633333;1.4; 
P28;9;3.25009100000001;2.96244;0;93.3316664633333;21.7; 
P28;9;1.72673800000001;3.86712;1;93.3316664633333;.6; 
P28;9;2.43180099999999;.42516;0;93.3316664633333;10.5; 
P28;9;2.64019;.7326;0;93.3316664633333;10.8; 
P28;9;4.986244;.8496;0;93.3316664633333;22.4; 
P28;9;4.16236799999999;2.83104;0;93.3316664633333;8; 
P28;9;2.85017399999998;1.45008;0;93.3316664633333;18.2; 
P28;9;4.77522300000001;2.05092;0;93.3316664633333;26.5; 
P28;9;2.13114899999999;4.11624;0;93.3316664633333;3.236969; 
P28;9;2.24243099999998;1.02528;1;93.3316664633333;5.877014; 
P28;9;3.052795;2.65104;0;93.3316664633333;16.6; 
P28;9;3.348388;2.41704;0;93.3316664633333;3.5; 
P28;9;2.840957;3.80844;1;93.3316664633333;1.8; 
P28;9;3.04409800000002;1.21572;0;93.3316664633333;2.434082; 
P28;9;1.723724;1.81656;1;93.3316664633333;5.984161; 
P28;9;2.13441400000002;2.84184;0;93.3316664633333;5.4; 
P28;9;4.36749200000003;3.01752;0;93.3316664633333;4.7; 
P28;9;1.82920799999999;2.72448;0;93.3316664633333;8.8; 
P28;9;1.93023700000001;3.55968;0;93.3316664633333;4.1; 
P28;9;2.94245899999999;2.72448;0;93.3316664633333;4.5; 
P28;9;3.14819299999999;2.9736;1;93.3316664633333;1.2; 
P29;9;4.055252;8.163;1;135.678666573333;12.6; 
P29;9;.711219999999999;9.378;1;135.678666573333;2.639269; 
P29;9;1.01396;12.29472;1;135.678666573333;1.3; 
P29;9;1.423889;6.14304;1;135.678666573333;5.5; 
P29;9;1.014604;5.39064;0;135.678666573333;7.5; 
P29;9;1.112052;4.04676;0;135.678666573333;4.5; 
P29;9;2.334171;3.0762;0;135.678666573333;9.4; 
P29;9;.915209000000001;6.59088;1;135.678666573333;.4; 
P29;9;1.21967299999999;2.35836;0;135.678666573333;8.9; 
P29;9;1.618122;4.95504;0;135.678666573333;8.1; 
P29;9;2.127415;5.78988;0;135.678666573333;5.4; 
P29;9;2.135761;6.94692;0;135.678666573333;4.9; 
P29;9;2.329063;6.09768;0;135.678666573333;5.6; 
P29;9;2.937836;4.4568;0;135.678666573333;12.8; 
P29;9;1.017304;2.6514;0;135.678666573333;5.1; 
P29;9;2.7458;4.47156;0;135.678666573333;9.6; 
P29;9;3.042579;8.33868;1;135.678666573333;8.1; 
P29;9;1.319271;2.6514;0;135.678666573333;5.4; 
P29;9;1.727928;6.46344;0;135.678666573333;3.4; 
P29;9;3.047394;7.97256;0;135.678666573333;4.7; 
P29;9;2.535286;7.29864;0;135.678666573333;5; 
P29;9;2.131401;3.54852;0;135.678666573333;5.5; 
P29;9;3.04765399999999;8.5878;0;135.678666573333;8.2; 
P29;9;2.12535099999999;6.46344;0;135.678666573333;5.2; 
P29;9;.911843000000005;3.14964;0;135.678666573333;5.6; 
P29;9;1.628151;5.55516;0;135.678666573333;3.3; 
P29;9;1.61608200000001;6.81516;0;135.678666573333;4.4; 
P29;9;1.113724;1.87524;0;135.678666573333;10.2; 
P29;9;1.314629;5.0832;0;135.678666573333;5.1; 
P29;9;2.84352899999999;9.6714;1;135.678666573333;6.1; 
P29;9;2.026664;7.19604;0;135.678666573333;8.3; 
P29;9;2.03018899999999;3.45672;0;135.678666573333;7.4; 
P29;9;1.83075700000001;5.37948;0;135.678666573333;7.3; 
P29;9;1.61822500000001;6.46344;0;135.678666573333;5.5; 
P29;9;1.21746800000001;.4248;0;135.678666573333;6.7; 
P29;9;2.23062200000001;8.33868;0;135.678666573333;5; 
P29;9;2.337265;7.66476;0;135.678666573333;1; 
P29;9;2.73764;8.58744;1;135.678666573333;3.3; 
P29;9;1.62177200000001;9.73044;0;135.678666573333;1.4; 
P29;9;2.23423700000001;11.3868;0;135.678666573333;6.6; 
P29;9;.809464000000006;5.02452;0;135.678666573333;4.7; 
P29;9;1.822327;3.43152;0;135.678666573333;5.3; 
P29;9;2.030136;4.29192;0;135.678666573333;38; 
P29;9;2.33010899999999;6.4638;0;135.678666573333;10.5; 
P29;9;2.335037;5.92164;0;135.678666573333;5.5; 
P29;9;1.61819399999999;4.3542;0;135.678666573333;5.7; 
P29;9;1.92692500000001;4.83408;0;135.678666573333;5.5; 
P29;9;1.82461499999999;4.64724;0;135.678666573333;8.7; 
P29;9;2.32899399999999;4.96548;0;135.678666573333;7; 
P29;9;1.722656;2.60748;0;135.678666573333;6.9; 
P29;9;1.72654800000001;3.0762;0;135.678666573333;4.5; 
P29;9;2.328384;5.14188;0;135.678666573333;4.8; 
P29;9;2.12858599999998;6.64308;1;135.678666573333;5.1; 
P29;9;2.133026;5.81508;0;135.678666573333;12; 
P29;9;2.53717;2.5344;0;135.678666573333;6.4; 
P29;9;2.63398699999999;6.156;1;135.678666573333;7; 
P29;9;1.115341;11.61504;0;135.678666573333;1.6; 
P29;9;1.618652;12.57228;0;135.678666573333;1.1; 
P29;9;1.11730999999997;3.37212;0;135.678666573333;2.9; 
P29;9;1.21353200000001;7.18164;0;135.678666573333;4.2; 
P29;9;1.42356899999999;7.48188;0;135.678666573333;3.5; 
P29;9;1.72610399999999;1.50876;0;135.678666573333;7.1; 
P30;9;1.520948;.36612;0;79.1879997233333;13; 
P30;9;1.620695;.17568;0;79.1879997233333;9.6; 
P30;9;1.720201;2.05092;0;79.1879997233333;10.1; 
P30;9;2.033013;2.41704;0;79.1879997233333;9.3; 
P30;9;.912239;2.47536;0;79.1879997233333;10.8; 
P30;9;1.315454;4.05756;0;79.1879997233333;5.2; 
P30;9;2.126508;2.00664;0;79.1879997233333;11.5; 
P30;9;2.539501;1.62576;0;79.1879997233333;12.2; 
P30;9;2.641155;3.87072;0;79.1879997233333;7.1; 
P30;9;2.236568;.71784;0;79.1879997233333;11.8; 
P30;9;2.734882;1.08396;0;79.1879997233333;15.8; 
P30;9;3.754154;.8496;0;79.1879997233333;10.2; 
P30;9;.809683999999997;2.35836;0;79.1879997233333;6.1; 
P30;9;4.06789000000001;.65916;0;79.1879997233333;13; 
P30;9;2.13353;.90828;0;79.1879997233333;34.8; 
P30;9;2.83787899999999;.9666;0;79.1879997233333;8.8; 
P30;9;2.43534099999999;2.72448;0;79.1879997233333;5.7; 
P30;9;3.450096;.8496;0;79.1879997233333;12.5; 
P30;9;3.54371599999999;.8496;0;79.1879997233333;10.4; 
P30;9;3.858948;.90828;0;79.1879997233333;31.6; 
P30;9;2.02542800000001;2.59272;0;79.1879997233333;9.3; 
P30;9;1.92409500000001;3.13848;0;79.1879997233333;9; 
P30;9;.404297;1.68444;0;79.1879997233333;1.5; 
P30;9;1.518379;4.64724;0;79.1879997233333;4.9; 
P30;9;2.226845;2.95884;0;79.1879997233333;7.2; 
P30;9;.807715999999999;3.13452;0;79.1879997233333;2.4; 
P30;9;.503890999999996;.90792;0;79.1879997233333;7.5; 
P30;9;1.32334900000001;6.09732;0;79.1879997233333;5.4; 
P30;9;.813575999999998;4.23324;0;79.1879997233333;1.1; 
P30;9;1.11204499999999;1.87488;0;79.1879997233333;7.6; 
P30;9;1.93085499999999;1.08396;0;79.1879997233333;19.9; 
P30;9;.914268000000007;2.30004;0;79.1879997233333;6.8; 
P30;9;3.33568600000001;.79092;0;79.1879997233333;18.4; 
P30;9;2.848298;4.29552;0;79.1879997233333;6.2; 
P30;9;.708855;5.22864;0;79.1879997233333;7.1; 
P30;9;.60981000000001;3.0906;0;79.1879997233333;6.1; 
P30;9;2.02742799999999;4.4568;0;79.1879997233333;7.4; 
P30;9;.508552999999992;2.60748;1;79.1879997233333;.6; 
P30;9;.405434;3.38364;0;79.1879997233333;1.6; 
P30;9;.510277000000002;1.14264;0;79.1879997233333;6.3; 
P30;9;.914497999999995;1.20096;0;79.1879997233333;9.9; 
P30;9;2.43860599999999;3.32532;0;79.1879997233333;7.1; 
P30;9;.609236999999993;3.57408;0;79.1879997233333;4.8; 
P30;9;1.533073;.4248;0;79.1879997233333;6.1; 
P30;9;.505097000000006;.60084;0;79.1879997233333;12.5; 
P30;9;.709885000000014;1.45044;0;79.1879997233333;8.6; 
P30;9;2.83715800000002;2.9628;1;79.1879997233333;20.2; 
P30;9;1.832367;2.90052;0;79.1879997233333;6.7; 
P30;9;.610398000000004;4.59936;0;79.1879997233333;5.8; 
P30;9;2.03248600000001;.48348;0;79.1879997233333;5.9; 
P30;9;.406646999999992;2.60748;0;79.1879997233333;7.8; 
P30;9;.710951999999992;3.0762;0;79.1879997233333;5; 
P30;9;2.23049899999998;9.1152;1;79.1879997233333;8.9; 
P30;9;1.12085000000002;.60048;0;79.1879997233333;5.7; 
P30;9;.609466999999995;1.45044;0;79.1879997233333;13.1; 
P30;9;1.63975500000001;1.14228;0;79.1879997233333;12.6; 
P30;9;1.21928399999999;1.20132;0;79.1879997233333;11.4; 
P30;9;2.54881300000002;.8496;0;79.1879997233333;19.9; 
P30;9;1.11244200000002;1.50876;0;79.1879997233333;11.8; 
P30;9;1.93083199999998;0;0;79.1879997233333;15.1; 
P30;9;1.11520399999998;.79092;0;79.1879997233333;12.4; 
P30;9;1.627228;.36648;0;79.1879997233333;19.2; 
P30;9;2.029312;1.3914;0;79.1879997233333;14.6; 
P30;9;.504044000000022;2.24136;0;79.1879997233333;15.3; 
P30;9;1.928223;5.08284;0;79.1879997233333;5.4; 
P30;9;.609649999999988;4.29192;0;79.1879997233333;1.7; 
P30;9;.915512000000007;3.32532;0;79.1879997233333;5; 
P30;9;1.624955;3.03228;0;79.1879997233333;7.1; 
P30;9;1.61680600000003;1.99224;0;79.1879997233333;6.9; 
P30;9;.403610000000015;7.3638;0;79.1879997233333;1.3; 
P30;9;1.32067800000002;2.05092;0;79.1879997233333;6.8; 
P30;9;1.41665599999999;2.05092;0;79.1879997233333;7.4; 
P01;1;1.534;4.2810048;0;72.39933332; ;1.87783157894737
P01;1;2.864;12.2903568;0;72.39933332; ;1.87783157894737
P01;1;1.909;14.6675844;0;72.39933332; ;1.87783157894737
P01;1;2.891;16.0926732;0;72.39933332; ;1.87783157894737
P01;1;5.426;9.671634;0;72.39933332; ;1.87783157894737
P01;1;1.755;6.0974136;0;72.39933332; ;1.87783157894737
P01;1;4.933;29.5287372;1;72.39933332; ;1.87783157894737
P01;1;1.142;4.0429656;0;72.39933332; ;1.87783157894737
P01;1;.833;3.9147984;0;72.39933332; ;1.87783157894737
P01;1;.219;1.2011724;0;72.39933332; ;1.87783157894737
P01;1;2.201;5.25879;0;72.39933332; ;1.87783157894737
P01;1;1.766;5.6140128;0;72.39933332; ;1.87783157894737
P01;1;1.175;7.4304216;0;72.39933332; ;1.87783157894737
P01;1;.759;2.8894032;0;72.39933332; ;1.87783157894737
P01;1;8.939;11.6052264;0;72.39933332; ;1.87783157894737
P01;1;2.702;9.5397948;1;72.39933332; ;1.87783157894737
P01;1;.831;2.2998024;0;72.39933332; ;1.87783157894737
P01;1;3.946;12.5134308;0;72.39933332; ;1.87783157894737
P01;1;4.872;12.9097728;0;72.39933332; ;1.87783157894737
P01;1;2.809;9.0124524;1;72.39933332; ;1.87783157894737
P01;1;5.663;12.8532744;0;72.39933332; ;1.87783157894737
P01;1;2.696;13.8284424;0;72.39933332; ;1.87783157894737
P01;1;1.563;2.406006;0;72.39933332; ;1.87783157894737
P01;1;4.821;11.2976064;0;72.39933332; ;1.87783157894737
P01;1;2.959;7.0642116;0;72.39933332; ;1.87783157894737
P01;1;5.43;12.0886236;0;72.39933332; ;1.87783157894737
P01;1;.608;1.8164052;0;72.39933332; ;1.87783157894737
P01;1;3.782;9.598392;1;72.39933332; ;1.87783157894737
P01;1;2.488;7.3132344;0;72.39933332; ;1.87783157894737
P01;1;4.362;11.2390164;0;72.39933332; ;1.87783157894737
P01;1;1.306;6.2146008;0;72.39933332; ;1.87783157894737
P01;1;2.707;14.5566792;1;72.39933332; ;1.87783157894737
P01;1;3.519;12.3133752;0;72.39933332; ;1.87783157894737
P01;1;2.114;4.8229992;0;72.39933332; ;1.87783157894737
P01;1;3.995;19.1855844;0;72.39933332; ;1.87783157894737
P01;1;3.205;8.1035172;0;72.39933332; ;1.87783157894737
P01;1;1.414;6.4599588;0;72.39933332; ;1.87783157894737
P01;1;2.771;7.7343768;0;72.39933332; ;1.87783157894737
P01;1;1.326;1.6845696;0;72.39933332; ;1.87783157894737
P01;1;2.861;11.2550256;0;72.39933332; ;1.87783157894737
P01;1;3.085;8.798274;0;72.39933332; ;1.87783157894737
P01;1;1.046;3.2666004;0;72.39933332; ;1.87783157894737
P01;1;3.022;3.5009784;0;72.39933332; ;1.87783157894737
P01;1;1.194;3.3837912;0;72.39933332; ;1.87783157894737
P01;1;3.821;5.1549948;0;72.39933332; ;1.87783157894737
P01;1;1.018;2.4169932;0;72.39933332; ;1.87783157894737
P01;1;4.071;5.3307792;0;72.39933332; ;1.87783157894737
P01;1;2.163;2.0654316;1;72.39933332; ;1.87783157894737
P01;1;1.672;3.9733884;0;72.39933332; ;1.87783157894737
P01;1;1.167;2.5341804;0;72.39933332; ;1.87783157894737
P01;2;3.058;12.0120336;0;72.39933332; ;1.87783157894737
P01;2;4.15;8.4558132;0;72.39933332; ;1.87783157894737
P01;2;7.33;14.7701268;0;72.39933332; ;1.87783157894737
P01;2;9.237;10.9314;0;72.39933332; ;1.87783157894737
P01;2;11.459;9.730224;0;72.39933332; ;1.87783157894737
P01;2;5.3;11.2390164;0;72.39933332; ;1.87783157894737
P01;2;4.029;7.5622572;0;72.39933332; ;1.87783157894737
P01;2;5.837;13.3366716;0;72.39933332; ;1.87783157894737
P01;2;2.109;6.0388164;0;72.39933332; ;1.87783157894737
P01;2;5.316;12.1124808;0;72.39933332; ;1.87783157894737
P01;2;1.017;5.2001964;0;72.39933332; ;1.87783157894737
P01;2;4.941;7.064208;0;72.39933332; ;1.87783157894737
P01;2;4.592;5.1892092;0;72.39933332; ;1.87783157894737
P01;2;3.212;3.797604;0;72.39933332; ;1.87783157894737
P01;2;3.17;6.1560072;0;72.39933332; ;1.87783157894737
P01;2;1.817;5.745852;0;72.39933332; ;1.87783157894737
P01;2;3.45;.966798;0;72.39933332; ;1.87783157894737
P01;2;3.7;2.5488288;0;72.39933332; ;1.87783157894737
P01;2;2;2.6660196;0;72.39933332; ;1.87783157894737
P01;2;3.075;1.9921896;0;72.39933332; ;1.87783157894737
P01;2;3.275;4.1638176;0;72.39933332; ;1.87783157894737
P01;2;1.9;3.1347684;0;72.39933332; ;1.87783157894737
P01;2;2.298;4.4128404;0;72.39933332; ;1.87783157894737
P01;2;1.86;2.1093732;0;72.39933332; ;1.87783157894737
P01;2;3.908;7.0166016;0;72.39933332; ;1.87783157894737
P01;2;1.837;1.7578116;0;72.39933332; ;1.87783157894737
P01;2;2.883;9.1882332;0;72.39933332; ;1.87783157894737
P01;2;3.342;2.7832032;0;72.39933332; ;1.87783157894737
P01;2;2.426;2.358396;0;72.39933332; ;1.87783157894737
P01;2;2.303;.424807199999999;0;72.39933332; ;1.87783157894737
P01;2;2.909;5.9912136;0;72.39933332; ;1.87783157894737
P01;2;2.054;3.5156268;0;72.39933332; ;1.87783157894737
P01;2;1.543;2.2412088;0;72.39933332; ;1.87783157894737
P01;2;2.666;15.228936;1;72.39933332; ;1.87783157894737
P01;2;1.376;3.0908196;0;72.39933332; ;1.87783157894737
P01;2;1.683;2.299806;0;72.39933332; ;1.87783157894737
P01;2;3.235;6.490098;0;72.39933332; ;1.87783157894737
P01;2;1.707;2.006838;0;72.39933332; ;1.87783157894737
P01;2;.816;2.3236632;0;72.39933332; ;1.87783157894737
P01;7;1.053;5.3210448;0;72.39933332; ;1.87783157894737
P01;7;1.254;3.0175776;0;72.39933332; ;1.87783157894737
P01;7;1.616;10.1040804;0;72.39933332; ;1.87783157894737
P01;7;1.376;7.9138188;0;72.39933332; ;1.87783157894737
P01;7;.676;1.5820308;0;72.39933332; ;1.87783157894737
P01;7;1.95;6.1560072;0;72.39933332; ;1.87783157894737
P01;7;3.221;8.338626;0;72.39933332; ;1.87783157894737
P01;7;.621;2.5341804;0;72.39933332; ;1.87783157894737
P01;7;1.554;5.0830092;0;72.39933332; ;1.87783157894737
P01;7;2.216;3.6914076;0;72.39933332; ;1.87783157894737
P01;7;.387;4.1162112;0;72.39933332; ;1.87783157894737
P01;7;1.876;4.4238276;0;72.39933332; ;1.87783157894737
P01;7;2.5;6.697998;0;72.39933332; ;1.87783157894737
P01;7;.821;3.0761712;0;72.39933332; ;1.87783157894737
P01;7;2.413;9.364014;0;72.39933332; ;1.87783157894737
P01;7;2.353;4.5886212;0;72.39933332; ;1.87783157894737
P01;7;.659;4.5153792;0;72.39933332; ;1.87783157894737
P01;7;1.8;2.1679668;0;72.39933332; ;1.87783157894737
P01;7;1.979;3.3142104;0;72.39933332; ;1.87783157894737
P01;7;.816;6.8884272;0;72.39933332; ;1.87783157894737
P01;7;3.367;5.2478064;0;72.39933332; ;1.87783157894737
P01;7;.412;1.2744144;0;72.39933332; ;1.87783157894737
P01;7;.537;1.7431632;0;72.39933332; ;1.87783157894737
P01;7;2;5.4235836;0;72.39933332; ;1.87783157894737
P01;7;3.564;10.1550312;1;72.39933332; ;1.87783157894737
P01;7;.979;4.658202;0;72.39933332; ;1.87783157894737
P01;7;4.15;6.5808108;0;72.39933332; ;1.87783157894737
P01;7;2.183;7.8405768;0;72.39933332; ;1.87783157894737
P01;7;1.16;5.7897936;0;72.39933332; ;1.87783157894737
P01;7;4.088;7.738038;0;72.39933332; ;1.87783157894737
P01;7;.64;6.331788;0;72.39933332; ;1.87783157894737
P01;7;2.317;4.291992;1;72.39933332; ;1.87783157894737
P01;7;1.83;6.9470244;1;72.39933332; ;1.87783157894737
P01;7;1.633;7.1813952;0;72.39933332; ;1.87783157894737
P01;7;.7;2.7246096;0;72.39933332; ;1.87783157894737
P01;7;1.563;3.2556132;0;72.39933332; ;1.87783157894737
P01;7;3.207;8.8220196;0;72.39933332; ;1.87783157894737
P01;7;.483;1.8750024;0;72.39933332; ;1.87783157894737
P01;7;1.904;2.1093768;0;72.39933332; ;1.87783157894737
P01;7;2.454;6.40503;0;72.39933332; ;1.87783157894737
P01;7;.547;6.6394044;0;72.39933332; ;1.87783157894737
P01;7;1.493;7.6061988;0;72.39933332; ;1.87783157894737
P01;7;2.233;7.07886;0;72.39933332; ;1.87783157894737
P01;7;2.166;8.4558096;1;72.39933332; ;1.87783157894737
P01;7;.594;3.3251976;1;72.39933332; ;1.87783157894737
P01;7;1.89;8.5729968;0;72.39933332; ;1.87783157894737
P01;7;3.56;7.8991704;0;72.39933332; ;1.87783157894737
P01;7;.401;5.0134284;0;72.39933332; ;1.87783157894737
P01;7;.666;1.9335924;0;72.39933332; ;1.87783157894737
P01;7;.371;1.7578116;0;72.39933332; ;1.87783157894737
P01;8;.667;3.3984396;0;72.39933332; ;1.87783157894737
P01;8;.464;1.8749988;0;72.39933332; ;1.87783157894737
P01;8;1.653;3.8818332;0;72.39933332; ;1.87783157894737
P01;8;1.68;4.1748048;0;72.39933332; ;1.87783157894737
P01;8;2.036;6.3903816;0;72.39933332; ;1.87783157894737
P01;8;.933;4.5739764;0;72.39933332; ;1.87783157894737
P01;8;.364;2.4169932;0;72.39933332; ;1.87783157894737
P01;8;1.116;5.2001964;0;72.39933332; ;1.87783157894737
P01;8;1.453;3.7500012;0;72.39933332; ;1.87783157894737
P01;8;3.286;3.4423812;0;72.39933332; ;1.87783157894737
P01;8;1.169;3.797604;0;72.39933332; ;1.87783157894737
P01;8;.764;1.8749988;0;72.39933332; ;1.87783157894737
P01;8;2.603;2.8418004;0;72.39933332; ;1.87783157894737
P01;8;4.18;6.3464364;0;72.39933332; ;1.87783157894737
P01;8;.7;.3076164;0;72.39933332; ;1.87783157894737
P01;8;1.615;3.8671884;0;72.39933332; ;1.87783157894737
P01;8;2.28;5.7897972;1;72.39933332; ;1.87783157894737
P01;8;1.617;4.1748048;0;72.39933332; ;1.87783157894737
P01;8;.95;.0585936;0;72.39933332; ;1.87783157894737
P01;8;.503;2.0654316;0;72.39933332; ;1.87783157894737
P01;8;2.053;3.2556168;0;72.39933332; ;1.87783157894737
P01;8;2.07;7.7233896;0;72.39933332; ;1.87783157894737
P01;8;2.266;6.5808108;0;72.39933332; ;1.87783157894737
P01;8;.467;3.1970232;0;72.39933332; ;1.87783157894737
P01;8;1.82;5.25879;0;72.39933332; ;1.87783157894737
P01;8;2.866;4.9401864;0;72.39933332; ;1.87783157894737
P01;8;2.83;8.5144032;0;72.39933332; ;1.87783157894737
P01;8;.566;2.592774;0;72.39933332; ;1.87783157894737
P01;8;2.2;5.5554228;0;72.39933332; ;1.87783157894737
P01;8;2.65;8.6462424;1;72.39933332; ;1.87783157894737
P01;8;1.437;4.5300276;0;72.39933332; ;1.87783157894737
P01;8;.433;1.2011724;0;72.39933332; ;1.87783157894737
P01;8;2.15;7.723386;0;72.39933332; ;1.87783157894737
P01;8;1.85;3.5156268;0;72.39933332; ;1.87783157894737
P01;8;2.484;8.1628416;0;72.39933332; ;1.87783157894737
P01;8;1.5;6.5222172;0;72.39933332; ;1.87783157894737
P01;8;1.314;9.8608068;0;72.39933332; ;1.87783157894737
P01;8;1.2;3.1494132;0;72.39933332; ;1.87783157894737
P01;8;4.864;7.6062024;1;72.39933332; ;1.87783157894737
P01;8;2.18;8.397216;1;72.39933332; ;1.87783157894737
P01;8;1.583;8.0895996;1;72.39933332; ;1.87783157894737
P01;8;2.5;6.6980016;0;72.39933332; ;1.87783157894737
P01;8;.387;1.625976;0;72.39933332; ;1.87783157894737
P01;8;1.319;5.9069808;0;72.39933332; ;1.87783157894737
P01;8;1.833;5.8483872;0;72.39933332; ;1.87783157894737
P01;8;2.75;5.8630356;1;72.39933332; ;1.87783157894737
P01;8;.747;4.8229992;0;72.39933332; ;1.87783157894737
P01;8;1.684;7.9138224;0;72.39933332; ;1.87783157894737
P01;8;1.6;4.89258;0;72.39933332; ;1.87783157894737
P01;8;2.183;5.1892092;0;72.39933332; ;1.87783157894737
P01;8;.67;6.40503;0;72.39933332; ;1.87783157894737
P01;8;.35;1.933596;0;72.39933332; ;1.87783157894737
P01;8;2.036;4.4567892;0;72.39933332; ;1.87783157894737
P01;8;2.216;10.037844;0;72.39933332; ;1.87783157894737
P01;8;1.447;5.4968292;0;72.39933332; ;1.87783157894737
P01;8;1.467;3.8562012;0;72.39933332; ;1.87783157894737
P01;8;1.19;8.6462388;0;72.39933332; ;1.87783157894737
P01;8;1.417;10.096434;0;72.39933332; ;1.87783157894737
P01;8;2.25;11.2545;1;72.39933332; ;1.87783157894737
P01;8;2.966;10.1403792;0;72.39933332; ;1.87783157894737
P01;8;.85;5.67261;0;72.39933332; ;1.87783157894737
P01;8;.664;9.649134;1;72.39933332; ;1.87783157894737
P01;8;1.534;7.298586;1;72.39933332; ;1.87783157894737
P01;8;1.597;6.284178;0;72.39933332; ;1.87783157894737
P01;8;1.58;11.3695956;0;72.39933332; ;1.87783157894737
P01;8;1.503;7.6062024;1;72.39933332; ;1.87783157894737
P01;8;1.497;6.0498072;0;72.39933332; ;1.87783157894737
P01;8;.947;4.599612;0;72.39933332; ;1.87783157894737
P01;8;.531;5.9418252;1;72.39933332; ;1.87783157894737
P02;1;1.085;6.77124;0;94.0119998366667; ;1.93353287671233
P02;1;.75;8.2800288;0;94.0119998366667; ;1.93353287671233
P02;1;.319;2.666016;0;94.0119998366667; ;1.93353287671233
P02;1;1.369;.8496108;0;94.0119998366667; ;1.93353287671233
P02;1;1.919;.5419908;0;94.0119998366667; ;1.93353287671233
P02;1;1.383;1.9335924;0;94.0119998366667; ;1.93353287671233
P02;1;2.033;5.4345708;0;94.0119998366667; ;1.93353287671233
P02;1;2.669;5.1892056;0;94.0119998366667; ;1.93353287671233
P02;1;1.383;1.2744144;0;94.0119998366667; ;1.93353287671233
P02;1;1.45;1.0839816;0;94.0119998366667; ;1.93353287671233
P02;1;2.531;4.7644056;0;94.0119998366667; ;1.93353287671233
P02;1;3.717;7.8552252;0;94.0119998366667; ;1.93353287671233
P02;1;1.783;1.5563952;0;94.0119998366667; ;1.93353287671233
P02;1;1.652;4.1748084;0;94.0119998366667; ;1.93353287671233
P02;1;1.962;3.193362;0;94.0119998366667; ;1.93353287671233
P02;1;.944;7.4890152;0;94.0119998366667; ;1.93353287671233
P02;1;1.262;4.7167956;0;94.0119998366667; ;1.93353287671233
P02;1;1.502;5.9802228;0;94.0119998366667; ;1.93353287671233
P02;1;1.65;8.031006;0;94.0119998366667; ;1.93353287671233
P02;1;1.768;3.266604;0;94.0119998366667; ;1.93353287671233
P02;1;2.098;5.8740228;0;94.0119998366667; ;1.93353287671233
P02;1;.885;8.304408;0;94.0119998366667; ;1.93353287671233
P02;1;1.583;12.7478016;1;94.0119998366667; ;1.93353287671233
P02;1;.564;.2343744;0;94.0119998366667; ;1.93353287671233
P02;1;1.167;5.6835972;0;94.0119998366667; ;1.93353287671233
P02;1;1.183;2.9003904;0;94.0119998366667; ;1.93353287671233
P02;1;1.614;3.9294432;0;94.0119998366667; ;1.93353287671233
P02;1;1.683;2.9736324;0;94.0119998366667; ;1.93353287671233
P02;1;3.7;4.6472148;0;94.0119998366667; ;1.93353287671233
P02;1;2.717;2.3583996;0;94.0119998366667; ;1.93353287671233
P02;1;2.19;1.7578152;0;94.0119998366667; ;1.93353287671233
P02;1;2.198;1.51245;0;94.0119998366667; ;1.93353287671233
P02;1;2.048;1.805418;0;94.0119998366667; ;1.93353287671233
P02;1;2.815;4.4714376;1;94.0119998366667; ;1.93353287671233
P02;1;.433;3.3142104;0;94.0119998366667; ;1.93353287671233
P02;1;2.931;4.471434;0;94.0119998366667; ;1.93353287671233
P02;1;2.583;2.8308132;0;94.0119998366667; ;1.93353287671233
P02;1;3.402;4.7644056;0;94.0119998366667; ;1.93353287671233
P02;1;2.116;2.5231968;0;94.0119998366667; ;1.93353287671233
P02;1;1.633;2.772216;0;94.0119998366667; ;1.93353287671233
P02;1;2.183;6.2146008;1;94.0119998366667; ;1.93353287671233
P02;1;.636;.0585935999999999;0;94.0119998366667; ;1.93353287671233
P02;1;1.015;1.4501952;0;94.0119998366667; ;1.93353287671233
P02;1;1.935;3.7976076;1;94.0119998366667; ;1.93353287671233
P02;1;1.4;1.8164088;0;94.0119998366667; ;1.93353287671233
P02;1;.983;.5419908;0;94.0119998366667; ;1.93353287671233
P02;1;1.081;2.7099612;0;94.0119998366667; ;1.93353287671233
P02;1;1.598;2.9003904;0;94.0119998366667; ;1.93353287671233
P02;1;1.448;2.1093768;0;94.0119998366667; ;1.93353287671233
P02;1;2.75;3.9257784;0;94.0119998366667; ;1.93353287671233
P02;1;2.053;2.6660124;0;94.0119998366667; ;1.93353287671233
P02;1;1.636;2.2412088;0;94.0119998366667; ;1.93353287671233
P02;1;1.683;.3662136;0;94.0119998366667; ;1.93353287671233
P02;1;1.317;1.9482444;0;94.0119998366667; ;1.93353287671233
P02;1;.752;2.1569796;0;94.0119998366667; ;1.93353287671233
P02;1;1.519;.5419944;0;94.0119998366667; ;1.93353287671233
P02;1;1.631;1.7431632;0;94.0119998366667; ;1.93353287671233
P02;1;2.402;2.666016;0;94.0119998366667; ;1.93353287671233
P02;1;1.698;1.3916016;0;94.0119998366667; ;1.93353287671233
P02;1;2.317;8.7585156;1;94.0119998366667; ;1.93353287671233
P02;1;.335;3.0212388;0;94.0119998366667; ;1.93353287671233
P02;1;1.819;2.3474088;0;94.0119998366667; ;1.93353287671233
P02;2;1.484;3.065184;0;94.0119998366667; ;1.93353287671233
P02;2;.415;2.1093768;0;94.0119998366667; ;1.93353287671233
P02;2;1.992;3.9843756;0;94.0119998366667; ;1.93353287671233
P02;2;1.209;2.666016;0;94.0119998366667; ;1.93353287671233
P02;2;1.527;.600588;0;94.0119998366667; ;1.93353287671233
P02;2;2.241;3.0908196;0;94.0119998366667; ;1.93353287671233
P02;2;.857;3.8671848;0;94.0119998366667; ;1.93353287671233
P02;2;3.333;2.0654316;0;94.0119998366667; ;1.93353287671233
P02;2;2.081;.1757808;0;94.0119998366667; ;1.93353287671233
P02;2;2.443;.1171872;0;94.0119998366667; ;1.93353287671233
P02;2;2.023;1.699218;0;94.0119998366667; ;1.93353287671233
P02;2;3.623;2.7832032;0;94.0119998366667; ;1.93353287671233
P02;2;2.749;3.7976076;0;94.0119998366667; ;1.93353287671233
P02;2;2.785;1.567386;0;94.0119998366667; ;1.93353287671233
P02;2;3.323;2.7246096;0;94.0119998366667; ;1.93353287671233
P02;2;3.597;1.3916016;0;94.0119998366667; ;1.93353287671233
P02;2;2.416;2.1826152;0;94.0119998366667; ;1.93353287671233
P02;2;3.057;.7910136;1;94.0119998366667; ;1.93353287671233
P02;2;.249;.179442;0;94.0119998366667; ;1.93353287671233
P02;2;1.816;1.439208;0;94.0119998366667; ;1.93353287671233
P02;2;1.925;3.138426;0;94.0119998366667; ;1.93353287671233
P02;2;2.357;1.2048336;1;94.0119998366667; ;1.93353287671233
P02;2;1.277;2.4755868;0;94.0119998366667; ;1.93353287671233
P02;2;.641;2.9626452;0;94.0119998366667; ;1.93353287671233
P02;2;1.623;2.8308096;0;94.0119998366667; ;1.93353287671233
P02;2;.758;2.2412124;0;94.0119998366667; ;1.93353287671233
P02;2;1.151;.5310072;0;94.0119998366667; ;1.93353287671233
P02;2;1.743;1.6149888;0;94.0119998366667; ;1.93353287671233
P02;2;1.623;4.2224148;0;94.0119998366667; ;1.93353287671233
P02;2;2.933;2.2741704;0;94.0119998366667; ;1.93353287671233
P02;2;1.283;2.299806;0;94.0119998366667; ;1.93353287671233
P02;2;1.683;2.7246096;0;94.0119998366667; ;1.93353287671233
P02;2;2.467;1.0253916;0;94.0119998366667; ;1.93353287671233
P02;2;1.276;.966798;0;94.0119998366667; ;1.93353287671233
P02;2;1.583;3.691404;0;94.0119998366667; ;1.93353287671233
P02;2;1.734;.1171872;0;94.0119998366667; ;1.93353287671233
P02;2;1.467;2.1679668;0;94.0119998366667; ;1.93353287671233
P02;2;1.141;.4248072;0;94.0119998366667; ;1.93353287671233
P02;2;1.757;3.7976076;0;94.0119998366667; ;1.93353287671233
P02;2;1.967;2.1093732;1;94.0119998366667; ;1.93353287671233
P02;2;1.457;5.0134284;0;94.0119998366667; ;1.93353287671233
P02;2;1.365;2.2998024;0;94.0119998366667; ;1.93353287671233
P02;2;1.234;2.4169932;0;94.0119998366667; ;1.93353287671233
P02;2;1.216;3.5485848;0;94.0119998366667; ;1.93353287671233
P02;2;1.034;4.2049404;0;94.0119998366667; ;1.93353287671233
P02;2;1.024;2.5341804;0;94.0119998366667; ;1.93353287671233
P02;2;1.051;.966798;0;94.0119998366667; ;1.93353287671233
P02;2;.26;.1171872;0;94.0119998366667; ;1.93353287671233
P02;2;1.541;2.7246096;0;94.0119998366667; ;1.93353287671233
P02;2;.823;1.333008;0;94.0119998366667; ;1.93353287671233
P02;2;1.633;6.3903816;0;94.0119998366667; ;1.93353287671233
P02;2;1.217;4.2333984;0;94.0119998366667; ;1.93353287671233
P02;2;1.167;1.6406244;0;94.0119998366667; ;1.93353287671233
P02;2;1.291;1.7578116;0;94.0119998366667; ;1.93353287671233
P02;2;1.282;.9082044;0;94.0119998366667; ;1.93353287671233
P02;2;1.792;2.592774;0;94.0119998366667; ;1.93353287671233
P02;2;1.175;.1318356;0;94.0119998366667; ;1.93353287671233
P02;6;.319;.1171872;0;94.0119998366667; ;1.93353287671233
P02;6;1.267;3.3251976;0;94.0119998366667; ;1.93353287671233
P02;6;2.13;5.1416028;0;94.0119998366667; ;1.93353287671233
P02;6;1.617;1.6845732;0;94.0119998366667; ;1.93353287671233
P02;6;.884;1.3916016;0;94.0119998366667; ;1.93353287671233
P02;6;2.713;3.4423848;0;94.0119998366667; ;1.93353287671233
P02;6;.433;1.6875;0;94.0119998366667; ;1.93353287671233
P02;6;2.652;9.5397948;0;94.0119998366667; ;1.93353287671233
P02;6;1.15;6.96303;1;94.0119998366667; ;1.93353287671233
P02;6;.8;2.2888152;0;94.0119998366667; ;1.93353287671233
P02;6;.484;2.592774;0;94.0119998366667; ;1.93353287671233
P02;6;1.964;4.1748048;0;94.0119998366667; ;1.93353287671233
P02;6;.997;6.9470208;0;94.0119998366667; ;1.93353287671233
P02;6;.88;8.704836;0;94.0119998366667; ;1.93353287671233
P02;6;.615;.6591816;0;94.0119998366667; ;1.93353287671233
P02;6;1.915;7.1228016;0;94.0119998366667; ;1.93353287671233
P02;6;1.752;6.5808108;0;94.0119998366667; ;1.93353287671233
P02;6;.853;3.1347684;0;94.0119998366667; ;1.93353287671233
P02;6;.587;3.372804;0;94.0119998366667; ;1.93353287671233
P02;6;2.666;2.958984;0;94.0119998366667; ;1.93353287671233
P02;6;1.486;6.3464328;1;94.0119998366667; ;1.93353287671233
P02;6;.733;1.0253916;0;94.0119998366667; ;1.93353287671233
P02;6;.619;3.3984396;0;94.0119998366667; ;1.93353287671233
P02;6;2.217;3.1384296;1;94.0119998366667; ;1.93353287671233
P02;6;.986;2.1708972;1;94.0119998366667; ;1.93353287671233
P02;6;.663;4.3395984;0;94.0119998366667; ;1.93353287671233
P02;6;1.919;7.6794444;0;94.0119998366667; ;1.93353287671233
P02;6;.681;9.3193344;1;94.0119998366667; ;1.93353287671233
P02;6;1.434;9.1435536;1;94.0119998366667; ;1.93353287671233
P02;6;.515;.1757808;0;94.0119998366667; ;1.93353287671233
P02;6;2.132;7.3132344;0;94.0119998366667; ;1.93353287671233
P02;6;1.816;4.89258;0;94.0119998366667; ;1.93353287671233
P02;6;.634;.7324236;0;94.0119998366667; ;1.93353287671233
P02;6;1.834;8.631594;0;94.0119998366667; ;1.93353287671233
P02;6;1.649;3.0908196;0;94.0119998366667; ;1.93353287671233
P02;6;1.352;4.3505856;0;94.0119998366667; ;1.93353287671233
P02;6;.566;1.7578116;0;94.0119998366667; ;1.93353287671233
P02;6;2.416;5.9802264;0;94.0119998366667; ;1.93353287671233
P02;6;1.919;15.2744508;1;94.0119998366667; ;1.93353287671233
P02;6;.615;6.0974136;0;94.0119998366667; ;1.93353287671233
P02;6;2.234;6.4636236;0;94.0119998366667; ;1.93353287671233
P02;6;2.018;5.698242;0;94.0119998366667; ;1.93353287671233
P02;6;.631;.5419944;1;94.0119998366667; ;1.93353287671233
P02;6;2.863;11.7810072;1;94.0119998366667; ;1.93353287671233
P02;6;.416;.828684;1;94.0119998366667; ;1.93353287671233
P02;6;1.783;12.985632;1;94.0119998366667; ;1.93353287671233
P02;6;1.865;7.9724124;0;94.0119998366667; ;1.93353287671233
P02;6;1.4;2.4755868;0;94.0119998366667; ;1.93353287671233
P02;6;.6;3.339846;0;94.0119998366667; ;1.93353287671233
P02;6;2.099;3.2666004;0;94.0119998366667; ;1.93353287671233
P02;6;2.068;5.7897972;0;94.0119998366667; ;1.93353287671233
P02;6;.567;.7910172;0;94.0119998366667; ;1.93353287671233
P02;6;.616;4.0576176;0;94.0119998366667; ;1.93353287671233
P02;6;.433;1.992186;0;94.0119998366667; ;1.93353287671233
P02;7;.478;.2490228;0;94.0119998366667; ;1.93353287671233
P02;7;1.372;1.333008;0;94.0119998366667; ;1.93353287671233
P02;7;1.586;3.398436;0;94.0119998366667; ;1.93353287671233
P02;7;2.15;2.1826188;0;94.0119998366667; ;1.93353287671233
P02;7;1.045;8.031006;1;94.0119998366667; ;1.93353287671233
P02;7;.712;1.2744144;0;94.0119998366667; ;1.93353287671233
P02;7;1.183;7.9549416;0;94.0119998366667; ;1.93353287671233
P02;7;1.986;3.372804;0;94.0119998366667; ;1.93353287671233
P02;7;2.379;4.9072284;0;94.0119998366667; ;1.93353287671233
P02;7;.584;3.0065904;0;94.0119998366667; ;1.93353287671233
P02;7;2.517;3.9404304;0;94.0119998366667; ;1.93353287671233
P02;7;2;14.0544432;0;94.0119998366667; ;1.93353287671233
P02;7;1.112;8.337888;0;94.0119998366667; ;1.93353287671233
P02;7;.63;3.5632332;0;94.0119998366667; ;1.93353287671233
P02;7;2.488;7.664796;0;94.0119998366667; ;1.93353287671233
P02;7;1.612;4.2810048;0;94.0119998366667; ;1.93353287671233
P02;7;.719;8.0895996;0;94.0119998366667; ;1.93353287671233
P02;7;2.859;9.964602;1;94.0119998366667; ;1.93353287671233
P02;7;1.924;8.8220232;0;94.0119998366667; ;1.93353287671233
P02;7;.497;6.8151852;0;94.0119998366667; ;1.93353287671233
P02;7;1.6;6.2402328;0;94.0119998366667; ;1.93353287671233
P02;7;1.5;2.4755868;0;94.0119998366667; ;1.93353287671233
P02;7;1.145;6.8408208;0;94.0119998366667; ;1.93353287671233
P02;7;.764;10.4626476;0;94.0119998366667; ;1.93353287671233
P02;7;.659;7.2546408;0;94.0119998366667; ;1.93353287671233
P02;7;1.95;3.0175776;0;94.0119998366667; ;1.93353287671233
P02;7;2.331;4.6472148;0;94.0119998366667; ;1.93353287671233
P02;7;1.619;1.4501988;0;94.0119998366667; ;1.93353287671233
P02;7;.566;2.4169932;1;94.0119998366667; ;1.93353287671233
P02;7;2.578;12.6892116;1;94.0119998366667; ;1.93353287671233
P02;7;1.712;3.0798324;0;94.0119998366667; ;1.93353287671233
P02;7;1.399;4.2810048;0;94.0119998366667; ;1.93353287671233
P02;7;.7;.7800264;0;94.0119998366667; ;1.93353287671233
P02;7;.674;3.138426;0;94.0119998366667; ;1.93353287671233
P02;7;1.222;3.9294432;0;94.0119998366667; ;1.93353287671233
P02;7;1.664;.4248036;0;94.0119998366667; ;1.93353287671233
P02;7;.526;3.4570332;0;94.0119998366667; ;1.93353287671233
P02;7;1.75;8.0895996;0;94.0119998366667; ;1.93353287671233
P02;7;.814;1.9921896;0;94.0119998366667; ;1.93353287671233
P02;7;2.155;4.105224;0;94.0119998366667; ;1.93353287671233
P02;7;1.616;5.1892092;0;94.0119998366667; ;1.93353287671233
P02;7;1.534;7.0056144;0;94.0119998366667; ;1.93353287671233
P02;7;1.139;1.5234372;0;94.0119998366667; ;1.93353287671233
P02;7;.766;1.3183596;0;94.0119998366667; ;1.93353287671233
P02;7;1.852;7.4890116;0;94.0119998366667; ;1.93353287671233
P02;7;2.059;8.9978004;0;94.0119998366667; ;1.93353287671233
P02;7;1.009;1.3916016;0;94.0119998366667; ;1.93353287671233
P02;7;1.252;7.7819832;0;94.0119998366667; ;1.93353287671233
P02;7;.764;6.5222208;0;94.0119998366667; ;1.93353287671233
P02;7;1.786;2.7246096;0;94.0119998366667; ;1.93353287671233
P02;7;1.166;2.0507796;0;94.0119998366667; ;1.93353287671233
P02;7;2.078;10.6384284;0;94.0119998366667; ;1.93353287671233
P02;7;1.728;8.031006;0;94.0119998366667; ;1.93353287671233
P02;7;1.966;2.6550288;0;94.0119998366667; ;1.93353287671233
P02;7;2.683;10.697022;1;94.0119998366667; ;1.93353287671233
P02;7;1.655;3.2080068;0;94.0119998366667; ;1.93353287671233
P02;7;2.545;1.0253916;0;94.0119998366667; ;1.93353287671233
P02;7;.334;2.486052;1;94.0119998366667; ;1.93353287671233
P02;7;1;10.98999;1;94.0119998366667; ;1.93353287671233
P02;7;.778;11.6254224;1;94.0119998366667; ;1.93353287671233
P02;7;1.802;7.664796;1;94.0119998366667; ;1.93353287671233
P02;7;.741;4.89258;0;94.0119998366667; ;1.93353287671233
P02;7;1.226;4.105224;0;94.0119998366667; ;1.93353287671233
P02;7;.819;2.592774;0;94.0119998366667; ;1.93353287671233
P02;7;.719;8.1481932;0;94.0119998366667; ;1.93353287671233
P02;7;.836;7.4890152;0;94.0119998366667; ;1.93353287671233
P02;7;.391;.600588;0;94.0119998366667; ;1.93353287671233
P02;8;.367;.36621;0;94.0119998366667; ;1.93353287671233
P02;8;.674;1.992186;0;94.0119998366667; ;1.93353287671233
P02;8;1.007;1.9335924;0;94.0119998366667; ;1.93353287671233
P02;8;1.643;1.625976;0;94.0119998366667; ;1.93353287671233
P02;8;1.957;4.8339828;0;94.0119998366667; ;1.93353287671233
P02;8;1.25;8.5876452;0;94.0119998366667; ;1.93353287671233
P02;8;1.824;7.2985824;0;94.0119998366667; ;1.93353287671233
P02;8;.79;2.6074188;0;94.0119998366667; ;1.93353287671233
P02;8;1.517;9.0563976;0;94.0119998366667; ;1.93353287671233
P02;8;2.207;7.371828;0;94.0119998366667; ;1.93353287671233
P02;8;1.6;9.730224;0;94.0119998366667; ;1.93353287671233
P02;8;2.04;8.6462388;0;94.0119998366667; ;1.93353287671233
P02;8;1.716;7.2399888;0;94.0119998366667; ;1.93353287671233
P02;8;1.317;4.7167956;0;94.0119998366667; ;1.93353287671233
P02;8;1.923;4.7167992;0;94.0119998366667; ;1.93353287671233
P02;8;1.55;5.9216292;0;94.0119998366667; ;1.93353287671233
P02;8;.79;6.7089816;0;94.0119998366667; ;1.93353287671233
P02;8;.607;1.7578152;0;94.0119998366667; ;1.93353287671233
P02;8;.457;4.5300312;0;94.0119998366667; ;1.93353287671233
P02;8;.891;7.8552252;0;94.0119998366667; ;1.93353287671233
P02;8;1.516;8.8806132;0;94.0119998366667; ;1.93353287671233
P02;8;2.383;6.8884308;0;94.0119998366667; ;1.93353287671233
P02;8;1.89;8.3972196;0;94.0119998366667; ;1.93353287671233
P02;8;1.927;5.9802264;0;94.0119998366667; ;1.93353287671233
P02;8;1.976;5.859378;0;94.0119998366667; ;1.93353287671233
P02;8;1.966;7.9138188;0;94.0119998366667; ;1.93353287671233
P02;8;2.907;5.7421872;0;94.0119998366667; ;1.93353287671233
P02;8;1.707;10.9313964;1;94.0119998366667; ;1.93353287671233
P02;8;1.666;11.57886;0;94.0119998366667; ;1.93353287671233
P02;8;2.123;4.2333984;0;94.0119998366667; ;1.93353287671233
P02;8;.683;1.1425788;0;94.0119998366667; ;1.93353287671233
P02;8;2.357;15.1133148;0;94.0119998366667; ;1.93353287671233
P02;8;1.2;13.489956;1;94.0119998366667; ;1.93353287671233
P02;8;1.674;22.673268;1;94.0119998366667; ;1.93353287671233
P02;8;2.467;13.5046044;1;94.0119998366667; ;1.93353287671233
P02;8;1.073;16.51329;1;94.0119998366667; ;1.93353287671233
P02;8;2.19;5.4968256;0;94.0119998366667; ;1.93353287671233
P02;8;.523;2.7832032;0;94.0119998366667; ;1.93353287671233
P02;8;1.267;10.1403828;0;94.0119998366667; ;1.93353287671233
P02;8;2.35;9.0124524;0;94.0119998366667; ;1.93353287671233
P02;8;2.893;8.4558132;0;94.0119998366667; ;1.93353287671233
P02;8;1.416;7.664796;0;94.0119998366667; ;1.93353287671233
P02;8;1.417;1.6845696;0;94.0119998366667; ;1.93353287671233
P02;8;2.766;7.4890116;0;94.0119998366667; ;1.93353287671233
P02;8;2.323;12.7779372;0;94.0119998366667; ;1.93353287671233
P02;8;3.133;12.64401;1;94.0119998366667; ;1.93353287671233
P02;8;2.9;11.9714364;1;94.0119998366667; ;1.93353287671233
P02;8;1.024;12.2058108;1;94.0119998366667; ;1.93353287671233
P02;8;.483;.1004472;0;94.0119998366667; ;1.93353287671233
P02;8;1.04;9.1149912;0;94.0119998366667; ;1.93353287671233
P02;8;2.326;12.1472172;0;94.0119998366667; ;1.93353287671233
P02;8;2.3;7.1228052;0;94.0119998366667; ;1.93353287671233
P02;8;2.15;12.5720208;1;94.0119998366667; ;1.93353287671233
P02;8;1.466;7.357176;0;94.0119998366667; ;1.93353287671233
P02;8;1.823;5.4931644;0;94.0119998366667; ;1.93353287671233
P02;8;2.133;2.406006;0;94.0119998366667; ;1.93353287671233
P02;8;1.874;4.4560548;1;94.0119998366667; ;1.93353287671233
P02;8;1.716;5.1892056;0;94.0119998366667; ;1.93353287671233
P02;8;2.417;10.1550276;0;94.0119998366667; ;1.93353287671233
P02;8;1.659;12.5294364;1;94.0119998366667; ;1.93353287671233
P02;8;1.107;.1171872;0;94.0119998366667; ;1.93353287671233
P02;8;.7;3.4423848;0;94.0119998366667; ;1.93353287671233
P02;8;1.217;5.3210448;0;94.0119998366667; ;1.93353287671233
P02;8;2.317;15.5988108;0;94.0119998366667; ;1.93353287671233
P02;8;1.906;10.5212412;0;94.0119998366667; ;1.93353287671233
P02;8;1.957;2.6513676;0;94.0119998366667; ;1.93353287671233
P02;8;2.166;2.666016;0;94.0119998366667; ;1.93353287671233
P02;8;2.043;5.4382356;0;94.0119998366667; ;1.93353287671233
P02;8;1.55;21.1163508;1;94.0119998366667; ;1.93353287671233
P02;8;1.107;4.5886212;0;94.0119998366667; ;1.93353287671233
P02;8;2.09;11.3549436;0;94.0119998366667; ;1.93353287671233
P02;8;2.883;8.8806168;0;94.0119998366667; ;1.93353287671233
P02;8;1.567;.8349588;0;94.0119998366667; ;1.93353287671233
P02;8;1.633;2.1093732;0;94.0119998366667; ;1.93353287671233
P02;8;2.357;.7763688;0;94.0119998366667; ;1.93353287671233
P02;8;3.24;5.5664064;0;94.0119998366667; ;1.93353287671233
P02;8;2.1;.600588;0;94.0119998366667; ;1.93353287671233
P02;8;.492;2.0507832;1;94.0119998366667; ;1.93353287671233
P02;8;1.4;10.0231956;0;94.0119998366667; ;1.93353287671233
P02;8;2.406;3.4423848;0;94.0119998366667; ;1.93353287671233
P02;8;.626;.9082008;0;94.0119998366667; ;1.93353287671233
P02;8;1.99;5.3759772;0;94.0119998366667; ;1.93353287671233
P02;8;2.967;7.064208;1;94.0119998366667; ;1.93353287671233
P02;8;.373;2.1093768;0;94.0119998366667; ;1.93353287671233
P03;1;.516;2.2265604;0;99.1049998733333; ;1.70212837837838
P03;1;.388;.1171872;0;99.1049998733333; ;1.70212837837838
P03;1;.498;1.6845696;0;99.1049998733333; ;1.70212837837838
P03;1;1.121;3.3874524;0;99.1049998733333; ;1.70212837837838
P03;1;.926;.3076164;0;99.1049998733333; ;1.70212837837838
P03;1;1.033;.2490264;0;99.1049998733333; ;1.70212837837838
P03;1;1.59;.600588;0;99.1049998733333; ;1.70212837837838
P03;1;.348;.3076164;0;99.1049998733333; ;1.70212837837838
P03;1;2.16;1.3916016;0;99.1049998733333; ;1.70212837837838
P03;1;1.315;0;0;99.1049998733333; ;1.70212837837838
P03;1;1.034;0;0;99.1049998733333; ;1.70212837837838
P03;1;2.114;2.4169896;0;99.1049998733333; ;1.70212837837838
P03;1;1.4;.73242;0;99.1049998733333; ;1.70212837837838
P03;1;1.333;.0585936;0;99.1049998733333; ;1.70212837837838
P03;1;.499;2.299806;0;99.1049998733333; ;1.70212837837838
P03;1;2.383;2.3583996;0;99.1049998733333; ;1.70212837837838
P03;1;2.265;1.699218;0;99.1049998733333; ;1.70212837837838
P03;1;2.578;1.4648436;0;99.1049998733333; ;1.70212837837838
P03;1;.127;.0585935999999999;0;99.1049998733333; ;1.70212837837838
P03;1;1.048;1.333008;0;99.1049998733333; ;1.70212837837838
P03;1;1.215;.1757808;0;99.1049998733333; ;1.70212837837838
P03;1;2.286;.8496072;0;99.1049998733333; ;1.70212837837838
P03;1;.355;1.5087888;0;99.1049998733333; ;1.70212837837838
P03;1;.248;0;0;99.1049998733333; ;1.70212837837838
P03;1;.383;2.1679704;0;99.1049998733333; ;1.70212837837838
P03;1;1.712;.3662136;0;99.1049998733333; ;1.70212837837838
P03;1;1.898;1.2744144;0;99.1049998733333; ;1.70212837837838
P03;1;1.183;.6481944;0;99.1049998733333; ;1.70212837837838
P03;1;2.748;1.9335924;0;99.1049998733333; ;1.70212837837838
P03;1;1.76;1.0253916;0;99.1049998733333; ;1.70212837837838
P03;1;1.545;2.5964352;0;99.1049998733333; ;1.70212837837838
P03;1;1.271;.5419908;0;99.1049998733333; ;1.70212837837838
P03;1;2.217;1.3220208;0;99.1049998733333; ;1.70212837837838
P03;1;2.25;.73242;0;99.1049998733333; ;1.70212837837838
P03;1;.177;0;0;99.1049998733333; ;1.70212837837838
P03;1;3.06;1.6406244;0;99.1049998733333; ;1.70212837837838
P03;1;5.31;2.006838;0;99.1049998733333; ;1.70212837837838
P03;1;3.731;1.3916016;0;99.1049998733333; ;1.70212837837838
P03;1;4.681;2.6550288;0;99.1049998733333; ;1.70212837837838
P03;1;1.498;2.7136224;0;99.1049998733333; ;1.70212837837838
P03;1;.86;.2966292;0;99.1049998733333; ;1.70212837837838
P03;1;2.135;1.0253916;0;99.1049998733333; ;1.70212837837838
P03;1;1.55;1.0986336;0;99.1049998733333; ;1.70212837837838
P03;1;1.538;.9667944;0;99.1049998733333; ;1.70212837837838
P03;1;1.614;2.4755868;0;99.1049998733333; ;1.70212837837838
P03;1;2.307;.2343744;0;99.1049998733333; ;1.70212837837838
P03;1;1.152;0;0;99.1049998733333; ;1.70212837837838
P03;1;2.41;1.6259796;0;99.1049998733333; ;1.70212837837838
P03;1;2.298;1.8164088;0;99.1049998733333; ;1.70212837837838
P03;1;1.746;.9082008;0;99.1049998733333; ;1.70212837837838
P03;1;1.45;1.5234372;0;99.1049998733333; ;1.70212837837838
P03;1;1.562;.966798;0;99.1049998733333; ;1.70212837837838
P03;1;.85;.0732456000000003;0;99.1049998733333; ;1.70212837837838
P03;1;.872;1.5820308;0;99.1049998733333; ;1.70212837837838
P03;1;.822;3.2080068;0;99.1049998733333; ;1.70212837837838
P03;1;.85;.1757844;0;99.1049998733333; ;1.70212837837838
P03;1;.255;0;0;99.1049998733333; ;1.70212837837838
P03;1;.389;1.4501952;0;99.1049998733333; ;1.70212837837838
P03;1;.383;2.0306916;0;99.1049998733333; ;1.70212837837838
P03;2;.734;.7177716;0;99.1049998733333; ;1.70212837837838
P03;2;.634;1.1425788;0;99.1049998733333; ;1.70212837837838
P03;2;1.428;.7324236;0;99.1049998733333; ;1.70212837837838
P03;2;1.378;2.5488288;0;99.1049998733333; ;1.70212837837838
P03;2;1.629;1.1572272;0;99.1049998733333; ;1.70212837837838
P03;2;1.416;1.0253916;0;99.1049998733333; ;1.70212837837838
P03;2;1.621;0;0;99.1049998733333; ;1.70212837837838
P03;2;3.02;.3076164;0;99.1049998733333; ;1.70212837837838
P03;2;3.967;1.0839852;0;99.1049998733333; ;1.70212837837838
P03;2;6.481;1.1572236;0;99.1049998733333; ;1.70212837837838
P03;2;1.363;4.412844;0;99.1049998733333; ;1.70212837837838
P03;2;1.45;1.699218;0;99.1049998733333; ;1.70212837837838
P03;2;1.435;.0585936;0;99.1049998733333; ;1.70212837837838
P03;2;2.536;.9558108;0;99.1049998733333; ;1.70212837837838
P03;2;2.063;.7910172;0;99.1049998733333; ;1.70212837837838
P03;2;1.216;.0585936;0;99.1049998733333; ;1.70212837837838
P03;2;1.4;2.5964352;0;99.1049998733333; ;1.70212837837838
P03;2;2.783;3.2556168;0;99.1049998733333; ;1.70212837837838
P03;2;2.019;.1757808;0;99.1049998733333; ;1.70212837837838
P03;2;2.068;.6005844;0;99.1049998733333; ;1.70212837837838
P03;2;.421;0;0;99.1049998733333; ;1.70212837837838
P03;2;1.721;1.5820308;0;99.1049998733333; ;1.70212837837838
P03;2;1.833;0;0;99.1049998733333; ;1.70212837837838
P03;2;1.036;1.8164052;0;99.1049998733333; ;1.70212837837838
P03;2;1.367;1.2744144;0;99.1049998733333; ;1.70212837837838
P03;2;1.869;.5419908;0;99.1049998733333; ;1.70212837837838
P03;2;1.7;.8496108;0;99.1049998733333; ;1.70212837837838
P03;2;.634;1.8750024;0;99.1049998733333; ;1.70212837837838
P03;2;1.22;1.1572272;0;99.1049998733333; ;1.70212837837838
P03;2;1.768;1.6845696;0;99.1049998733333; ;1.70212837837838
P03;2;2.065;.0585936;0;99.1049998733333; ;1.70212837837838
P03;2;2.85;.5419908;0;99.1049998733333; ;1.70212837837838
P03;2;2.198;.0585936;0;99.1049998733333; ;1.70212837837838
P03;2;2.036;1.8749988;0;99.1049998733333; ;1.70212837837838
P03;2;1.371;1.0876464;0;99.1049998733333; ;1.70212837837838
P03;2;1.485;2.1240216;0;99.1049998733333; ;1.70212837837838
P03;2;1.465;1.5087888;0;99.1049998733333; ;1.70212837837838
P03;2;1.35;0;0;99.1049998733333; ;1.70212837837838
P03;2;1.637;1.567386;0;99.1049998733333; ;1.70212837837838
P03;2;1.232;2.299806;0;99.1049998733333; ;1.70212837837838
P03;2;1.7;0;0;99.1049998733333; ;1.70212837837838
P03;2;2.566;2.4755868;0;99.1049998733333; ;1.70212837837838
P03;2;1.133;.6005844;0;99.1049998733333; ;1.70212837837838
P03;2;2.553;.7910172;0;99.1049998733333; ;1.70212837837838
P03;2;1.938;.0585935999999999;0;99.1049998733333; ;1.70212837837838
P03;2;1.55;.7910136;0;99.1049998733333; ;1.70212837837838
P03;2;1.155;0;1;99.1049998733333; ;1.70212837837838
P03;2;1.553;2.5341768;0;99.1049998733333; ;1.70212837837838
P03;2;2.133;1.8749988;0;99.1049998733333; ;1.70212837837838
P03;2;1.402;1.8164052;0;99.1049998733333; ;1.70212837837838
P03;2;1.75;.1757808;0;99.1049998733333; ;1.70212837837838
P03;2;1.452;0;0;99.1049998733333; ;1.70212837837838
P03;2;.3;.8496072;0;99.1049998733333; ;1.70212837837838
P03;2;1.433;.3515616;0;99.1049998733333; ;1.70212837837838
P03;2;1.785;1.1572272;0;99.1049998733333; ;1.70212837837838
P03;2;.282;.1318356;0;99.1049998733333; ;1.70212837837838
P03;2;0;0;0;99.1049998733333; ;1.70212837837838
P03;6;.765;1.625976;0;99.1049998733333; ;1.70212837837838
P03;6;.422;1.2011724;0;99.1049998733333; ;1.70212837837838
P03;6;.944;2.592774;0;99.1049998733333; ;1.70212837837838
P03;6;1.611;1.933596;0;99.1049998733333; ;1.70212837837838
P03;6;1.248;.4248072;0;99.1049998733333; ;1.70212837837838
P03;6;1.911;2.0507832;0;99.1049998733333; ;1.70212837837838
P03;6;1.611;3.9880368;0;99.1049998733333; ;1.70212837837838
P03;6;.599;1.5673824;0;99.1049998733333; ;1.70212837837838
P03;6;.681;2.2412124;0;99.1049998733333; ;1.70212837837838
P03;6;1.287;4.7900412;0;99.1049998733333; ;1.70212837837838
P03;6;1.615;.4833972;0;99.1049998733333; ;1.70212837837838
P03;6;1.083;2.1093768;0;99.1049998733333; ;1.70212837837838
P03;6;1.499;4.1748084;0;99.1049998733333; ;1.70212837837838
P03;6;1.965;1.6845696;0;99.1049998733333; ;1.70212837837838
P03;6;.499;4.99878;0;99.1049998733333; ;1.70212837837838
P03;6;.756;2.1716316;0;99.1049998733333; ;1.70212837837838
P03;6;1.165;4.5263664;0;99.1049998733333; ;1.70212837837838
P03;6;2.565;4.1638176;0;99.1049998733333; ;1.70212837837838
P03;6;1.405;.9082044;0;99.1049998733333; ;1.70212837837838
P03;6;2.167;3.1494132;0;99.1049998733333; ;1.70212837837838
P03;6;.583;.4833972;0;99.1049998733333; ;1.70212837837838
P03;6;.687;7.4890152;0;99.1049998733333; ;1.70212837837838
P03;6;.971;3.6218268;0;99.1049998733333; ;1.70212837837838
P03;6;1.311;3.0212388;0;99.1049998733333; ;1.70212837837838
P03;6;1.566;1.8164052;0;99.1049998733333; ;1.70212837837838
P03;6;1.332;1.8750024;0;99.1049998733333; ;1.70212837837838
P03;6;.933;1.2011724;0;99.1049998733333; ;1.70212837837838
P03;6;.715;.8386236;0;99.1049998733333; ;1.70212837837838
P03;6;1.398;2.299806;0;99.1049998733333; ;1.70212837837838
P03;6;2.403;.4248072;0;99.1049998733333; ;1.70212837837838
P03;6;.966;3.0798324;0;99.1049998733333; ;1.70212837837838
P03;6;2.05;1.4501988;0;99.1049998733333; ;1.70212837837838
P03;6;2.406;1.0400364;0;99.1049998733333; ;1.70212837837838
P03;6;1.471;6.8847624;1;99.1049998733333; ;1.70212837837838
P03;6;2.561;2.0983896;0;99.1049998733333; ;1.70212837837838
P03;6;.848;2.651364;0;99.1049998733333; ;1.70212837837838
P03;6;1.92;1.09863;0;99.1049998733333; ;1.70212837837838
P03;6;3.634;4.105224;0;99.1049998733333; ;1.70212837837838
P03;6;2.347;3.325194;0;99.1049998733333; ;1.70212837837838
P03;6;.465;1.8470628;1;99.1049998733333; ;1.70212837837838
P03;6;.254;3.2080068;1;99.1049998733333; ;1.70212837837838
P03;6;.663;2.8894068;0;99.1049998733333; ;1.70212837837838
P03;6;1.785;3.4423848;0;99.1049998733333; ;1.70212837837838
P03;6;1.533;4.2619644;1;99.1049998733333; ;1.70212837837838
P03;6;.615;4.7167956;0;99.1049998733333; ;1.70212837837838
P03;6;1.165;2.2412124;1;99.1049998733333; ;1.70212837837838
P03;6;1.037;.1904292;0;99.1049998733333; ;1.70212837837838
P03;6;.539;.1208484;0;99.1049998733333; ;1.70212837837838
P03;6;1.087;1.8164052;0;99.1049998733333; ;1.70212837837838
P03;6;1.967;3.3837876;0;99.1049998733333; ;1.70212837837838
P03;6;2.165;3.5009748;0;99.1049998733333; ;1.70212837837838
P03;6;1.484;2.8417968;0;99.1049998733333; ;1.70212837837838
P03;6;.599;4.1638212;0;99.1049998733333; ;1.70212837837838
P03;6;.678;1.8164052;0;99.1049998733333; ;1.70212837837838
P03;6;2.115;6.8884272;0;99.1049998733333; ;1.70212837837838
P03;6;1.5;3.6218268;0;99.1049998733333; ;1.70212837837838
P03;6;.616;2.7965988;0;99.1049998733333; ;1.70212837837838
P03;6;1.779;4.7644056;0;99.1049998733333; ;1.70212837837838
P03;6;1.42;4.1015628;0;99.1049998733333; ;1.70212837837838
P03;6;2.334;7.6061988;0;99.1049998733333; ;1.70212837837838
P03;6;1.781;2.9003904;0;99.1049998733333; ;1.70212837837838
P03;6;.588;4.2224112;0;99.1049998733333; ;1.70212837837838
P03;6;2.432;7.371828;0;99.1049998733333; ;1.70212837837838
P03;6;1.789;2.1093768;0;99.1049998733333; ;1.70212837837838
P03;6;.813;1.0253916;0;99.1049998733333; ;1.70212837837838
P03;6;.378;4.5410148;0;99.1049998733333; ;1.70212837837838
P03;6;.733;1.8164052;0;99.1049998733333; ;1.70212837837838
P03;6;1.839;1.0839852;0;99.1049998733333; ;1.70212837837838
P03;6;1.4;3.9843756;0;99.1049998733333; ;1.70212837837838
P03;6;.595;1.699218;0;99.1049998733333; ;1.70212837837838
P03;6;1.235;3.6218268;0;99.1049998733333; ;1.70212837837838
P03;6;1.533;9.8859168;1;99.1049998733333; ;1.70212837837838
P03;6;1.298;6.7767876;1;99.1049998733333; ;1.70212837837838
P03;6;1.2;3.9404304;0;99.1049998733333; ;1.70212837837838
P03;6;.6;.2343744;0;99.1049998733333; ;1.70212837837838
P03;6;1.483;1.6845696;0;99.1049998733333; ;1.70212837837838
P03;6;1.794;.7177752;0;99.1049998733333; ;1.70212837837838
P03;6;1.717;2.9003904;0;99.1049998733333; ;1.70212837837838
P03;6;1.281;0;0;99.1049998733333; ;1.70212837837838
P03;7;.5;.673830000000001;0;99.1049998733333; ;1.70212837837838
P03;7;.4;3.5595684;0;99.1049998733333; ;1.70212837837838
P03;7;.85;3.6804204;0;99.1049998733333; ;1.70212837837838
P03;7;1.25;2.772216;0;99.1049998733333; ;1.70212837837838
P03;7;.634;2.358396;0;99.1049998733333; ;1.70212837837838
P03;7;.46;1.3916016;0;99.1049998733333; ;1.70212837837838
P03;7;.247;2.6074224;0;99.1049998733333; ;1.70212837837838
P03;7;1.457;5.7421908;0;99.1049998733333; ;1.70212837837838
P03;7;1.51;1.933596;0;99.1049998733333; ;1.70212837837838
P03;7;1.867;1.9335924;0;99.1049998733333; ;1.70212837837838
P03;7;2.86;9.279054;0;99.1049998733333; ;1.70212837837838
P03;7;1.876;1.699218;0;99.1049998733333; ;1.70212837837838
P03;7;.86;.0585936;0;99.1049998733333; ;1.70212837837838
P03;7;1.32;3.8085948;0;99.1049998733333; ;1.70212837837838
P03;7;2.403;4.0905756;0;99.1049998733333; ;1.70212837837838
P03;7;3.026;3.5156268;0;99.1049998733333; ;1.70212837837838
P03;7;1.407;7.1228052;0;99.1049998733333; ;1.70212837837838
P03;7;.64;3.138426;0;99.1049998733333; ;1.70212837837838
P03;7;.326;3.2080104;0;99.1049998733333; ;1.70212837837838
P03;7;1.077;2.9150388;0;99.1049998733333; ;1.70212837837838
P03;7;2.001;1.2744144;0;99.1049998733333; ;1.70212837837838
P03;7;1.733;.36621;0;99.1049998733333; ;1.70212837837838
P03;7;1.773;3.9880368;0;99.1049998733333; ;1.70212837837838
P03;7;1.49;1.1315916;0;99.1049998733333; ;1.70212837837838
P03;7;1.766;2.666016;0;99.1049998733333; ;1.70212837837838
P03;7;2.627;5.0830056;0;99.1049998733333; ;1.70212837837838
P03;7;1.29;2.0507796;0;99.1049998733333; ;1.70212837837838
P03;7;1.219;1.333008;0;99.1049998733333; ;1.70212837837838
P03;7;1.92;1.7578152;0;99.1049998733333; ;1.70212837837838
P03;7;1.283;2.6550288;0;99.1049998733333; ;1.70212837837838
P03;7;2.076;4.705812;0;99.1049998733333; ;1.70212837837838
P03;7;2.86;10.8142128;1;99.1049998733333; ;1.70212837837838
P03;7;1.657;7.664796;1;99.1049998733333; ;1.70212837837838
P03;7;2.407;6.9470208;0;99.1049998733333; ;1.70212837837838
P03;7;2.71;9.8474112;0;99.1049998733333; ;1.70212837837838
P03;7;1.976;6.3464364;0;99.1049998733333; ;1.70212837837838
P03;7;.965;2.4645996;0;99.1049998733333; ;1.70212837837838
P03;7;1.591;3.0175776;0;99.1049998733333; ;1.70212837837838
P03;7;3.207;6.6394044;0;99.1049998733333; ;1.70212837837838
P03;7;.59;2.4755832;0;99.1049998733333; ;1.70212837837838
P03;7;2.964;8.0895996;0;99.1049998733333; ;1.70212837837838
P03;7;3.127;7.8405768;1;99.1049998733333; ;1.70212837837838
P03;7;.8;6.331788;1;99.1049998733333; ;1.70212837837838
P03;7;.46;1.025388;0;99.1049998733333; ;1.70212837837838
P03;7;.933;5.4821808;0;99.1049998733333; ;1.70212837837838
P03;7;1.9;2.9480004;0;99.1049998733333; ;1.70212837837838
P03;7;1.698;.966798;0;99.1049998733333; ;1.70212837837838
P03;7;1.357;5.5407708;0;99.1049998733333; ;1.70212837837838
P03;7;.534;8.631594;0;99.1049998733333; ;1.70212837837838
P03;7;.577;1.9335924;0;99.1049998733333; ;1.70212837837838
P03;7;.527;2.4755868;0;99.1049998733333; ;1.70212837837838
P03;7;1.193;1.0839816;0;99.1049998733333; ;1.70212837837838
P03;7;1.78;3.5742204;0;99.1049998733333; ;1.70212837837838
P03;7;2.217;3.7500012;0;99.1049998733333; ;1.70212837837838
P03;7;.483;.4834008;0;99.1049998733333; ;1.70212837837838
P03;7;1.583;10.9761804;0;99.1049998733333; ;1.70212837837838
P03;7;1.87;7.738038;0;99.1049998733333; ;1.70212837837838
P03;7;1.824;3.8085948;0;99.1049998733333; ;1.70212837837838
P03;7;.469;12.6194184;1;99.1049998733333; ;1.70212837837838
P03;7;2.3;2.7832068;0;99.1049998733333; ;1.70212837837838
P03;7;2.06;4.0576176;0;99.1049998733333; ;1.70212837837838
P03;7;.847;3.3142104;0;99.1049998733333; ;1.70212837837838
P03;7;.673;6.8298336;0;99.1049998733333; ;1.70212837837838
P03;7;2.434;1.8164052;0;99.1049998733333; ;1.70212837837838
P03;7;1.21;7.4890152;1;99.1049998733333; ;1.70212837837838
P03;7;1.317;2.637558;0;99.1049998733333; ;1.70212837837838
P03;7;2.05;1.8750024;0;99.1049998733333; ;1.70212837837838
P03;7;.483;1.8749988;0;99.1049998733333; ;1.70212837837838
P03;7;1.093;1.5820308;0;99.1049998733333; ;1.70212837837838
P03;7;2.48;2.1093732;0;99.1049998733333; ;1.70212837837838
P03;7;2.29;1.1425788;0;99.1049998733333; ;1.70212837837838
P03;7;.507;2.4169896;0;99.1049998733333; ;1.70212837837838
P03;7;1.2;2.666016;0;99.1049998733333; ;1.70212837837838
P03;7;.627;0;0;99.1049998733333; ;1.70212837837838
P03;8;.614;2.6074224;0;99.1049998733333; ;1.70212837837838
P03;8;.265;0;0;99.1049998733333; ;1.70212837837838
P03;8;.37;1.2744144;0;99.1049998733333; ;1.70212837837838
P03;8;.834;1.992186;0;99.1049998733333; ;1.70212837837838
P03;8;.748;1.4501952;0;99.1049998733333; ;1.70212837837838
P03;8;1.766;2.7099612;0;99.1049998733333; ;1.70212837837838
P03;8;.971;1.7578116;0;99.1049998733333; ;1.70212837837838
P03;8;1.366;2.9479968;0;99.1049998733333; ;1.70212837837838
P03;8;1.865;2.9003904;0;99.1049998733333; ;1.70212837837838
P03;8;2.752;4.2333984;0;99.1049998733333; ;1.70212837837838
P03;8;2.441;7.064208;0;99.1049998733333; ;1.70212837837838
P03;8;3.235;3.1494132;0;99.1049998733333; ;1.70212837837838
P03;8;4.099;3.3984396;0;99.1049998733333; ;1.70212837837838
P03;8;.75;3.3837912;0;99.1049998733333; ;1.70212837837838
P03;8;1.246;6.8298336;0;99.1049998733333; ;1.70212837837838
P03;8;2.065;3.4423812;0;99.1049998733333; ;1.70212837837838
P03;8;.634;3.325194;0;99.1049998733333; ;1.70212837837838
P03;8;1.233;3.5046396;0;99.1049998733333; ;1.70212837837838
P03;8;1.934;4.471434;0;99.1049998733333; ;1.70212837837838
P03;8;3.919;5.0573736;0;99.1049998733333; ;1.70212837837838
P03;8;3.785;11.8396008;1;99.1049998733333; ;1.70212837837838
P03;8;1.058;3.504636;0;99.1049998733333; ;1.70212837837838
P03;8;.776;4.1748048;0;99.1049998733333; ;1.70212837837838
P03;8;1.605;2.2998024;0;99.1049998733333; ;1.70212837837838
P03;8;1.697;.36621;0;99.1049998733333; ;1.70212837837838
P03;8;1.623;2.9736324;1;99.1049998733333; ;1.70212837837838
P03;8;2.75;5.3759772;0;99.1049998733333; ;1.70212837837838
P03;8;2.331;3.2519556;0;99.1049998733333; ;1.70212837837838
P03;8;.52;1.1425788;0;99.1049998733333; ;1.70212837837838
P03;8;.804;1.0986336;0;99.1049998733333; ;1.70212837837838
P03;8;.533;.249022800000001;0;99.1049998733333; ;1.70212837837838
P03;8;1.996;3.9733884;0;99.1049998733333; ;1.70212837837838
P03;8;.866;5.8630356;0;99.1049998733333; ;1.70212837837838
P03;8;.366;4.7753892;1;99.1049998733333; ;1.70212837837838
P03;8;1.304;5.0134284;0;99.1049998733333; ;1.70212837837838
P03;8;1.7;6.2731944;0;99.1049998733333; ;1.70212837837838
P03;8;1.447;2.8417968;0;99.1049998733333; ;1.70212837837838
P03;8;2.383;1.259766;0;99.1049998733333; ;1.70212837837838
P03;8;2.95;8.1809424;1;99.1049998733333; ;1.70212837837838
P03;8;.165;7.2546408;0;99.1049998733333; ;1.70212837837838
P03;8;.717;1.6838388;0;99.1049998733333; ;1.70212837837838
P03;8;.336;.966798;0;99.1049998733333; ;1.70212837837838
P03;8;.868;1.9335924;1;99.1049998733333; ;1.70212837837838
P03;8;1.348;.7763652;0;99.1049998733333; ;1.70212837837838
P03;8;.95;2.4755868;0;99.1049998733333; ;1.70212837837838
P03;8;.93;1.4648436;0;99.1049998733333; ;1.70212837837838
P03;8;2.115;3.6804204;0;99.1049998733333; ;1.70212837837838
P03;8;1.853;4.1162112;0;99.1049998733333; ;1.70212837837838
P03;8;3.115;4.8229992;0;99.1049998733333; ;1.70212837837838
P03;8;1.051;20.4034932;1;99.1049998733333; ;1.70212837837838
P03;8;1.615;1.0876464;0;99.1049998733333; ;1.70212837837838
P03;8;2.263;2.666016;0;99.1049998733333; ;1.70212837837838
P03;8;3.465;.8496108;0;99.1049998733333; ;1.70212837837838
P03;8;1.567;8.4969324;1;99.1049998733333; ;1.70212837837838
P03;8;1.75;2.2302216;1;99.1049998733333; ;1.70212837837838
P03;8;1.8;4.471434;1;99.1049998733333; ;1.70212837837838
P03;8;.699;7.7686956;1;99.1049998733333; ;1.70212837837838
P03;8;1.005;8.031006;0;99.1049998733333; ;1.70212837837838
P03;8;2.435;8.2800288;0;99.1049998733333; ;1.70212837837838
P03;8;1.852;7.2371664;0;99.1049998733333; ;1.70212837837838
P03;8;2.414;6.9470208;0;99.1049998733333; ;1.70212837837838
P03;8;2.966;4.8339828;0;99.1049998733333; ;1.70212837837838
P03;8;2.383;3.618162;0;99.1049998733333; ;1.70212837837838
P03;8;1.331;2.6074224;0;99.1049998733333; ;1.70212837837838
P03;8;.914;11.2110768;0;99.1049998733333; ;1.70212837837838
P03;8;1.733;6.03882;0;99.1049998733333; ;1.70212837837838
P03;8;.731;2.3583996;1;99.1049998733333; ;1.70212837837838
P03;8;1.25;3.0065904;0;99.1049998733333; ;1.70212837837838
P03;8;1.35;0;0;99.1049998733333; ;1.70212837837838
P03;8;1.364;1.992186;0;99.1049998733333; ;1.70212837837838
P03;8;1.63;.732419999999999;0;99.1049998733333; ;1.70212837837838
P03;8;1.917;2.2851576;0;99.1049998733333; ;1.70212837837838
P03;8;2.85;14.5069776;0;99.1049998733333; ;1.70212837837838
P03;8;2.125;5.0134284;1;99.1049998733333; ;1.70212837837838
P03;8;2.832;8.0553888;0;99.1049998733333; ;1.70212837837838
P03;8;1.75;4.5153828;0;99.1049998733333; ;1.70212837837838
P03;8;1.535;4.1015628;0;99.1049998733333; ;1.70212837837838
P03;8;2.535;2.958984;1;99.1049998733333; ;1.70212837837838
P03;8;1.916;6.9470244;1;99.1049998733333; ;1.70212837837838
P03;8;.586;1.4501952;0;99.1049998733333; ;1.70212837837838
P04;1;1.067;1.8750024;0;83.1193334266667; ;1.80768441558442
P04;1;3.633;3.2666004;1;83.1193334266667; ;1.80768441558442
P04;1;3.753;4.5153792;0;83.1193334266667; ;1.80768441558442
P04;1;4.521;4.7167992;0;83.1193334266667; ;1.80768441558442
P04;1;2.25;3.999024;1;83.1193334266667; ;1.80768441558442
P04;1;5.967;6.2145972;1;83.1193334266667; ;1.80768441558442
P04;1;3.381;2.8308096;0;83.1193334266667; ;1.80768441558442
P04;1;4.439;3.6767556;0;83.1193334266667; ;1.80768441558442
P04;1;3.689;2.772216;0;83.1193334266667; ;1.80768441558442
P04;1;4.054;3.1494168;0;83.1193334266667; ;1.80768441558442
P04;1;3.867;3.1970196;0;83.1193334266667; ;1.80768441558442
P04;1;3.654;3.0651876;1;83.1193334266667; ;1.80768441558442
P04;1;5.797;2.5817868;1;83.1193334266667; ;1.80768441558442
P04;1;.502;.8972172;0;83.1193334266667; ;1.80768441558442
P04;1;3.788;2.5964352;0;83.1193334266667; ;1.80768441558442
P04;1;3.098;.9558108;0;83.1193334266667; ;1.80768441558442
P04;1;2.526;3.6181656;0;83.1193334266667; ;1.80768441558442
P04;1;3.48;2.0544444;1;83.1193334266667; ;1.80768441558442
P04;1;3.367;3.2556132;0;83.1193334266667; ;1.80768441558442
P04;1;3.362;2.6074224;0;83.1193334266667; ;1.80768441558442
P04;1;3.093;3.9404268;1;83.1193334266667; ;1.80768441558442
P04;1;.57;1.259766;0;83.1193334266667; ;1.80768441558442
P04;1;.445;2.1716316;0;83.1193334266667; ;1.80768441558442
P04;1;2.22;1.992186;0;83.1193334266667; ;1.80768441558442
P04;1;.187;2.0654316;0;83.1193334266667; ;1.80768441558442
P04;1;.17;.4248072;0;83.1193334266667; ;1.80768441558442
P04;1;3.95;6.4636236;1;83.1193334266667; ;1.80768441558442
P04;1;2.874;7.6062024;1;83.1193334266667; ;1.80768441558442
P04;1;4.096;8.8220232;1;83.1193334266667; ;1.80768441558442
P04;1;2.93;20.025252;1;83.1193334266667; ;1.80768441558442
P04;1;1.804;5.4492192;0;83.1193334266667; ;1.80768441558442
P04;1;3.212;5.99121;0;83.1193334266667; ;1.80768441558442
P04;1;3.041;8.4760056;1;83.1193334266667; ;1.80768441558442
P04;1;2.983;9.9905472;0;83.1193334266667; ;1.80768441558442
P04;1;1.3;6.6847104;0;83.1193334266667; ;1.80768441558442
P04;1;1.629;6.7089852;1;83.1193334266667; ;1.80768441558442
P04;1;.213;2.1240252;1;83.1193334266667; ;1.80768441558442
P04;1;.11;.4870584;1;83.1193334266667; ;1.80768441558442
P04;2;.822;.5310072;0;83.1193334266667; ;1.80768441558442
P04;2;2.258;4.1162112;0;83.1193334266667; ;1.80768441558442
P04;2;5.436;6.7089852;0;83.1193334266667; ;1.80768441558442
P04;2;3.155;15.0777432;0;83.1193334266667; ;1.80768441558442
P04;2;4.141;4.8339864;0;83.1193334266667; ;1.80768441558442
P04;2;2.941;1.992186;0;83.1193334266667; ;1.80768441558442
P04;2;3.664;.73242;0;83.1193334266667; ;1.80768441558442
P04;2;3.897;1.0253916;0;83.1193334266667; ;1.80768441558442
P04;2;4.964;2.0507832;0;83.1193334266667; ;1.80768441558442
P04;2;4.725;4.8815892;0;83.1193334266667; ;1.80768441558442
P04;2;2.495;1.1425788;0;83.1193334266667; ;1.80768441558442
P04;2;6.684;2.0068344;0;83.1193334266667; ;1.80768441558442
P04;2;5.483;2.5488288;1;83.1193334266667; ;1.80768441558442
P04;2;5.202;3.1970232;0;83.1193334266667; ;1.80768441558442
P04;2;5.525;4.9548348;0;83.1193334266667; ;1.80768441558442
P04;2;7.118;2.592774;0;83.1193334266667; ;1.80768441558442
P04;2;3.416;1.6406244;1;83.1193334266667; ;1.80768441558442
P04;2;3.578;4.8229992;1;83.1193334266667; ;1.80768441558442
P04;2;5.242;1.933596;0;83.1193334266667; ;1.80768441558442
P04;2;3.691;2.8417968;0;83.1193334266667; ;1.80768441558442
P04;2;4.167;.966798;0;83.1193334266667; ;1.80768441558442
P04;2;3.931;3.1970232;0;83.1193334266667; ;1.80768441558442
P04;2;4.308;2.7832032;1;83.1193334266667; ;1.80768441558442
P04;2;3.15;4.965822;1;83.1193334266667; ;1.80768441558442
P04;2;4.892;6.6503916;1;83.1193334266667; ;1.80768441558442
P04;2;4.092;9.6185844;1;83.1193334266667; ;1.80768441558442
P04;2;1.802;7.3718244;0;83.1193334266667; ;1.80768441558442
P04;2;6.844;13.4355492;1;83.1193334266667; ;1.80768441558442
P04;2;2.069;10.0433916;1;83.1193334266667; ;1.80768441558442
P04;2;2.109;.8496108;0;83.1193334266667; ;1.80768441558442
P04;2;3.819;15.3644364;1;83.1193334266667; ;1.80768441558442
P04;2;3.124;6.7675788;1;83.1193334266667; ;1.80768441558442
P04;2;.31;.1757808;1;83.1193334266667; ;1.80768441558442
P04;2;3.075;3.7500012;1;83.1193334266667; ;1.80768441558442
P04;2;.651;7.9988832;0;83.1193334266667; ;1.80768441558442
P04;2;1.058;6.776784;0;83.1193334266667; ;1.80768441558442
P04;2;.274;.1904328;1;83.1193334266667; ;1.80768441558442
P04;6;.355;.1904292;0;83.1193334266667; ;1.80768441558442
P04;6;1.083;1.333008;0;83.1193334266667; ;1.80768441558442
P04;6;.745;.966798;0;83.1193334266667; ;1.80768441558442
P04;6;2.061;1.1572272;0;83.1193334266667; ;1.80768441558442
P04;6;.962;.2490228;0;83.1193334266667; ;1.80768441558442
P04;6;.267;0;0;83.1193334266667; ;1.80768441558442
P04;6;.8;.1318356;0;83.1193334266667; ;1.80768441558442
P04;6;2.045;1.0253916;0;83.1193334266667; ;1.80768441558442
P04;6;1.466;1.0839852;0;83.1193334266667; ;1.80768441558442
P04;6;.717;.4101588;0;83.1193334266667; ;1.80768441558442
P04;6;1.755;1.333008;0;83.1193334266667; ;1.80768441558442
P04;6;2.329;.659178;0;83.1193334266667; ;1.80768441558442
P04;6;1.055;.4834008;0;83.1193334266667; ;1.80768441558442
P04;6;2;1.1425788;0;83.1193334266667; ;1.80768441558442
P04;6;2.05;1.933596;0;83.1193334266667; ;1.80768441558442
P04;6;.392;.36621;0;83.1193334266667; ;1.80768441558442
P04;6;3.288;1.8164088;0;83.1193334266667; ;1.80768441558442
P04;6;.31;1.3916016;0;83.1193334266667; ;1.80768441558442
P04;6;1.284;2.1240252;0;83.1193334266667; ;1.80768441558442
P04;6;1.55;1.1425788;0;83.1193334266667; ;1.80768441558442
P04;6;1.2;.8496108;1;83.1193334266667; ;1.80768441558442
P04;6;.455;1.6406244;0;83.1193334266667; ;1.80768441558442
P04;6;.7;1.2744144;0;83.1193334266667; ;1.80768441558442
P04;6;2.857;2.299806;1;83.1193334266667; ;1.80768441558442
P04;6;.222;0;0;83.1193334266667; ;1.80768441558442
P04;6;.824;.4833972;0;83.1193334266667; ;1.80768441558442
P04;6;.721;2.4755868;0;83.1193334266667; ;1.80768441558442
P04;6;2.324;.7910136;0;83.1193334266667; ;1.80768441558442
P04;6;.45;.0585935999999999;0;83.1193334266667; ;1.80768441558442
P04;6;1.216;1.8164052;0;83.1193334266667; ;1.80768441558442
P04;6;2.209;.1757844;1;83.1193334266667; ;1.80768441558442
P04;6;.283;1.6992216;1;83.1193334266667; ;1.80768441558442
P04;6;1.076;.2343744;1;83.1193334266667; ;1.80768441558442
P04;6;1.54;2.1093732;0;83.1193334266667; ;1.80768441558442
P04;6;1.934;2.299806;0;83.1193334266667; ;1.80768441558442
P04;6;1.326;.9082008;1;83.1193334266667; ;1.80768441558442
P04;6;.445;1.3916016;0;83.1193334266667; ;1.80768441558442
P04;6;1.083;5.2478028;0;83.1193334266667; ;1.80768441558442
P04;6;2.372;2.1826152;0;83.1193334266667; ;1.80768441558442
P04;6;1.121;2.8417968;0;83.1193334266667; ;1.80768441558442
P04;6;2.871;1.8164088;0;83.1193334266667; ;1.80768441558442
P04;6;1.755;.7910172;0;83.1193334266667; ;1.80768441558442
P04;6;3.324;2.226564;0;83.1193334266667; ;1.80768441558442
P04;6;.49;.1904328;1;83.1193334266667; ;1.80768441558442
P04;6;1.526;1.333008;1;83.1193334266667; ;1.80768441558442
P04;6;1.706;.8349624;1;83.1193334266667; ;1.80768441558442
P04;6;.328;.0585936000000005;0;83.1193334266667; ;1.80768441558442
P04;6;1.116;1.3330044;0;83.1193334266667; ;1.80768441558442
P04;6;2.221;6.3903816;0;83.1193334266667; ;1.80768441558442
P04;6;.395;1.6259796;0;83.1193334266667; ;1.80768441558442
P04;6;.578;.36621;0;83.1193334266667; ;1.80768441558442
P04;6;.867;.1757844;0;83.1193334266667; ;1.80768441558442
P04;7;.613;.7177716;0;83.1193334266667; ;1.80768441558442
P04;7;.774;2.2412088;0;83.1193334266667; ;1.80768441558442
P04;7;.642;.5419908;0;83.1193334266667; ;1.80768441558442
P04;7;1.976;7.1337924;0;83.1193334266667; ;1.80768441558442
P04;7;1.264;1.6406244;0;83.1193334266667; ;1.80768441558442
P04;7;.426;2.9003904;0;83.1193334266667; ;1.80768441558442
P04;7;1.602;1.2744144;0;83.1193334266667; ;1.80768441558442
P04;7;2.102;3.3837912;0;83.1193334266667; ;1.80768441558442
P04;7;1.627;1.6992216;0;83.1193334266667; ;1.80768441558442
P04;7;2.468;2.0983896;1;83.1193334266667; ;1.80768441558442
P04;7;.8;1.2158208;0;83.1193334266667; ;1.80768441558442
P04;7;2.892;5.2001964;0;83.1193334266667; ;1.80768441558442
P04;7;2.156;.7910172;0;83.1193334266667; ;1.80768441558442
P04;7;3.134;2.065428;1;83.1193334266667; ;1.80768441558442
P04;7;.466;.7177716;0;83.1193334266667; ;1.80768441558442
P04;7;1.035;.4248036;0;83.1193334266667; ;1.80768441558442
P04;7;2.593;4.5410148;0;83.1193334266667; ;1.80768441558442
P04;7;2.1;1.333008;1;83.1193334266667; ;1.80768441558442
P04;7;.8;1.8017568;1;83.1193334266667; ;1.80768441558442
P04;7;1.867;2.4169932;1;83.1193334266667; ;1.80768441558442
P04;7;1.676;.8496108;0;83.1193334266667; ;1.80768441558442
P04;7;2.681;3.1970196;1;83.1193334266667; ;1.80768441558442
P04;7;2.8;2.1240216;0;83.1193334266667; ;1.80768441558442
P04;7;.598;1.5087888;1;83.1193334266667; ;1.80768441558442
P04;7;1.792;3.3837912;0;83.1193334266667; ;1.80768441558442
P04;7;1.694;1.6149888;0;83.1193334266667; ;1.80768441558442
P04;7;3.327;3.0322296;1;83.1193334266667; ;1.80768441558442
P04;7;.392;.0585936000000005;1;83.1193334266667; ;1.80768441558442
P04;7;.611;2.8308132;1;83.1193334266667; ;1.80768441558442
P04;7;1.209;.7763688;1;83.1193334266667; ;1.80768441558442
P04;7;3.483;2.285154;0;83.1193334266667; ;1.80768441558442
P04;7;2.4;1.5673824;0;83.1193334266667; ;1.80768441558442
P04;7;1.966;1.9335924;0;83.1193334266667; ;1.80768441558442
P04;7;2.809;2.299806;0;83.1193334266667; ;1.80768441558442
P04;7;1.781;1.4978016;0;83.1193334266667; ;1.80768441558442
P04;7;3.016;.4834008;0;83.1193334266667; ;1.80768441558442
P04;7;1.081;.3515616;1;83.1193334266667; ;1.80768441558442
P04;7;1.719;1.0729944;0;83.1193334266667; ;1.80768441558442
P04;7;.922;1.2011724;0;83.1193334266667; ;1.80768441558442
P04;7;2.733;7.2985824;1;83.1193334266667; ;1.80768441558442
P04;7;2.334;3.5046396;0;83.1193334266667; ;1.80768441558442
P04;7;2.3;1.307376;0;83.1193334266667; ;1.80768441558442
P04;7;2.984;1.746828;0;83.1193334266667; ;1.80768441558442
P04;7;.585;1.625976;0;83.1193334266667; ;1.80768441558442
P04;7;2.656;6.5222172;0;83.1193334266667; ;1.80768441558442
P04;7;2.517;1.2744144;1;83.1193334266667; ;1.80768441558442
P04;7;1.483;6.2054964;1;83.1193334266667; ;1.80768441558442
P04;7;1.916;16.2642636;1;83.1193334266667; ;1.80768441558442
P04;7;.542;1.7431632;0;83.1193334266667; ;1.80768441558442
P04;7;2.116;11.1804192;0;83.1193334266667; ;1.80768441558442
P04;7;.698;7.250976;1;83.1193334266667; ;1.80768441558442
P04;7;1.133;3.5009784;1;83.1193334266667; ;1.80768441558442
P04;7;2.567;1.6406244;0;83.1193334266667; ;1.80768441558442
P04;7;2.285;1.2744144;1;83.1193334266667; ;1.80768441558442
P04;7;2.758;2.8308132;1;83.1193334266667; ;1.80768441558442
P04;7;1.552;3.5009784;0;83.1193334266667; ;1.80768441558442
P04;7;.775;3.1494132;0;83.1193334266667; ;1.80768441558442
P04;8;.4;1.6406244;0;83.1193334266667; ;1.80768441558442
P04;8;.982;.9082044;0;83.1193334266667; ;1.80768441558442
P04;8;.85;.4833972;0;83.1193334266667; ;1.80768441558442
P04;8;1.783;1.5673824;0;83.1193334266667; ;1.80768441558442
P04;8;2.016;1.1425788;0;83.1193334266667; ;1.80768441558442
P04;8;.482;1.8750024;0;83.1193334266667; ;1.80768441558442
P04;8;1.434;.1757844;0;83.1193334266667; ;1.80768441558442
P04;8;2.267;1.6845696;0;83.1193334266667; ;1.80768441558442
P04;8;1.448;.7763688;0;83.1193334266667; ;1.80768441558442
P04;8;3.283;1.8164088;0;83.1193334266667; ;1.80768441558442
P04;8;.448;.0585935999999999;0;83.1193334266667; ;1.80768441558442
P04;8;2.016;.600588;0;83.1193334266667; ;1.80768441558442
P04;8;2.902;2.0507832;0;83.1193334266667; ;1.80768441558442
P04;8;.6;2.7832032;0;83.1193334266667; ;1.80768441558442
P04;8;2.1;1.3916016;0;83.1193334266667; ;1.80768441558442
P04;8;2.534;1.4648436;0;83.1193334266667; ;1.80768441558442
P04;8;.517;.3515616;0;83.1193334266667; ;1.80768441558442
P04;8;2.464;.2343744;0;83.1193334266667; ;1.80768441558442
P04;8;2.767;.0732419999999999;0;83.1193334266667; ;1.80768441558442
P04;8;1.248;.7910136;0;83.1193334266667; ;1.80768441558442
P04;8;4.548;.9667944;1;83.1193334266667; ;1.80768441558442
P04;8;.449;1.4501952;1;83.1193334266667; ;1.80768441558442
P04;8;1.416;1.5673824;0;83.1193334266667; ;1.80768441558442
P04;8;2.815;4.1162112;0;83.1193334266667; ;1.80768441558442
P04;8;.982;.600588;0;83.1193334266667; ;1.80768441558442
P04;8;2.084;.8496072;0;83.1193334266667; ;1.80768441558442
P04;8;2.182;2.6513676;0;83.1193334266667; ;1.80768441558442
P04;8;1.548;2.2412124;0;83.1193334266667; ;1.80768441558442
P04;8;3.75;4.6472184;0;83.1193334266667; ;1.80768441558442
P04;8;1.568;.0732419999999999;0;83.1193334266667; ;1.80768441558442
P04;8;1.084;2.4755868;1;83.1193334266667; ;1.80768441558442
P04;8;.319;2.1093768;0;83.1193334266667; ;1.80768441558442
P04;8;1.198;4.105224;0;83.1193334266667; ;1.80768441558442
P04;8;2.202;.5419908;0;83.1193334266667; ;1.80768441558442
P04;8;2.033;.2343744;0;83.1193334266667; ;1.80768441558442
P04;8;2.017;1.4501952;0;83.1193334266667; ;1.80768441558442
P04;8;2.683;1.3916016;0;83.1193334266667; ;1.80768441558442
P04;8;1.265;.30762;0;83.1193334266667; ;1.80768441558442
P04;8;3.118;.3552228;1;83.1193334266667; ;1.80768441558442
P04;8;1.383;.1171872;1;83.1193334266667; ;1.80768441558442
P04;8;.867;3.0065904;0;83.1193334266667; ;1.80768441558442
P04;8;3.332;4.1015628;1;83.1193334266667; ;1.80768441558442
P04;8;.47;.5419944;1;83.1193334266667; ;1.80768441558442
P04;8;1.433;4.7167992;1;83.1193334266667; ;1.80768441558442
P04;8;2.084;3.079836;1;83.1193334266667; ;1.80768441558442
P04;8;1.1;2.3583996;0;83.1193334266667; ;1.80768441558442
P04;8;.715;3.5156232;0;83.1193334266667; ;1.80768441558442
P04;8;.517;.0585972000000002;0;83.1193334266667; ;1.80768441558442
P04;8;.75;.1171908;0;83.1193334266667; ;1.80768441558442
P05;1;.633;2.0507796;0;78.5199998133333; ;1.34645212765957
P05;1;.583;3.325194;0;78.5199998133333; ;1.34645212765957
P05;1;.753;4.8229992;0;78.5199998133333; ;1.34645212765957
P05;1;.96;6.0527376;0;78.5199998133333; ;1.34645212765957
P05;1;.2;1.6644816;0;78.5199998133333; ;1.34645212765957
P05;1;.638;1.4501952;0;78.5199998133333; ;1.34645212765957
P05;1;.384;4.1638212;0;78.5199998133333; ;1.34645212765957
P05;1;.5;1.9921896;0;78.5199998133333; ;1.34645212765957
P05;1;.583;1.992186;0;78.5199998133333; ;1.34645212765957
P05;1;.74;1.9335924;0;78.5199998133333; ;1.34645212765957
P05;1;.507;.5419944;0;78.5199998133333; ;1.34645212765957
P05;1;.697;1.625976;0;78.5199998133333; ;1.34645212765957
P05;1;.25;4.0466304;0;78.5199998133333; ;1.34645212765957
P05;1;.586;3.0761748;0;78.5199998133333; ;1.34645212765957
P05;1;.279;.5566392;0;78.5199998133333; ;1.34645212765957
P05;1;.454;3.4313976;0;78.5199998133333; ;1.34645212765957
P05;1;.626;3.3837912;0;78.5199998133333; ;1.34645212765957
P05;1;.716;0;0;78.5199998133333; ;1.34645212765957
P05;1;1.214;3.9294432;0;78.5199998133333; ;1.34645212765957
P05;1;.366;3.6071784;0;78.5199998133333; ;1.34645212765957
P05;1;.796;1.2011724;0;78.5199998133333; ;1.34645212765957
P05;1;.85;2.5341768;0;78.5199998133333; ;1.34645212765957
P05;1;.44;2.299806;0;78.5199998133333; ;1.34645212765957
P05;1;1.077;1.2744144;0;78.5199998133333; ;1.34645212765957
P05;1;.821;0;0;78.5199998133333; ;1.34645212765957
P05;1;.821;.1318356;0;78.5199998133333; ;1.34645212765957
P05;1;.873;1.0839852;0;78.5199998133333; ;1.34645212765957
P05;1;.716;1.8750024;0;78.5199998133333; ;1.34645212765957
P05;1;.307;.5419908;0;78.5199998133333; ;1.34645212765957
P05;1;.593;5.4235872;0;78.5199998133333; ;1.34645212765957
P05;1;.734;0;0;78.5199998133333; ;1.34645212765957
P05;1;.783;2.5341804;0;78.5199998133333; ;1.34645212765957
P05;1;.598;4.0905756;0;78.5199998133333; ;1.34645212765957
P05;1;.621;1.333008;0;78.5199998133333; ;1.34645212765957
P05;1;.762;.5419908;0;78.5199998133333; ;1.34645212765957
P05;1;.534;.600588;0;78.5199998133333; ;1.34645212765957
P05;1;.317;2.592774;0;78.5199998133333; ;1.34645212765957
P05;1;.726;.234378;0;78.5199998133333; ;1.34645212765957
P05;1;.917;.2490228;0;78.5199998133333; ;1.34645212765957
P05;1;1.05;.6591816;0;78.5199998133333; ;1.34645212765957
P05;1;.75;3.2666004;0;78.5199998133333; ;1.34645212765957
P05;1;.721;7.7819832;0;78.5199998133333; ;1.34645212765957
P05;1;1.219;.1318356;0;78.5199998133333; ;1.34645212765957
P05;1;.648;.0585936000000002;0;78.5199998133333; ;1.34645212765957
P05;1;.63;.8349624;0;78.5199998133333; ;1.34645212765957
P05;1;.64;1.04004;0;78.5199998133333; ;1.34645212765957
P05;1;.516;1.5234372;0;78.5199998133333; ;1.34645212765957
P05;1;1.134;5.965578;0;78.5199998133333; ;1.34645212765957
P05;1;.52;1.5563988;0;78.5199998133333; ;1.34645212765957
P05;1;.674;.0585935999999999;0;78.5199998133333; ;1.34645212765957
P05;1;.94;.4248072;0;78.5199998133333; ;1.34645212765957
P05;1;.367;.2929716;0;78.5199998133333; ;1.34645212765957
P05;1;1.519;.6738264;0;78.5199998133333; ;1.34645212765957
P05;1;.886;2.479248;0;78.5199998133333; ;1.34645212765957
P05;1;.85;.6005844;0;78.5199998133333; ;1.34645212765957
P05;1;.4;.0585936000000005;0;78.5199998133333; ;1.34645212765957
P05;1;.897;2.5341804;0;78.5199998133333; ;1.34645212765957
P05;1;.424;.0585935999999999;0;78.5199998133333; ;1.34645212765957
P05;1;.459;2.1679704;0;78.5199998133333; ;1.34645212765957
P05;1;.221;0;0;78.5199998133333; ;1.34645212765957
P05;1;.5;.2490228;0;78.5199998133333; ;1.34645212765957
P05;1;.85;.1171872;0;78.5199998133333; ;1.34645212765957
P05;1;1.012;.0585935999999999;0;78.5199998133333; ;1.34645212765957
P05;1;.74;1.0986336;0;78.5199998133333; ;1.34645212765957
P05;1;.693;6.6503916;0;78.5199998133333; ;1.34645212765957
P05;1;.657;.0585936000000005;0;78.5199998133333; ;1.34645212765957
P05;1;1.029;3.0175776;0;78.5199998133333; ;1.34645212765957
P05;1;.714;3.1494132;0;78.5199998133333; ;1.34645212765957
P05;1;1.097;1.3916016;0;78.5199998133333; ;1.34645212765957
P05;1;1.498;.292968;0;78.5199998133333; ;1.34645212765957
P05;1;1.431;4.9401864;0;78.5199998133333; ;1.34645212765957
P05;1;.717;0;0;78.5199998133333; ;1.34645212765957
P05;1;.767;1.0839816;0;78.5199998133333; ;1.34645212765957
P05;1;.764;1.2011724;0;78.5199998133333; ;1.34645212765957
P05;1;1.4;.1904292;0;78.5199998133333; ;1.34645212765957
P05;1;.397;.83862;0;78.5199998133333; ;1.34645212765957
P05;1;.188;3.6804204;0;78.5199998133333; ;1.34645212765957
P05;1;.197;4.3443072;0;78.5199998133333; ;1.34645212765957
P05;1;.566;4.8815928;0;78.5199998133333; ;1.34645212765957
P05;1;.531;7.2915732;0;78.5199998133333; ;1.34645212765957
P05;1;.7;1.2158208;0;78.5199998133333; ;1.34645212765957
P05;1;.731;.0585936000000005;0;78.5199998133333; ;1.34645212765957
P05;1;.41;.7763688;0;78.5199998133333; ;1.34645212765957
P05;1;.933;4.365234;0;78.5199998133333; ;1.34645212765957
P05;1;.733;3.691404;0;78.5199998133333; ;1.34645212765957
P05;1;.977;5.0545476;0;78.5199998133333; ;1.34645212765957
P05;1;.967;1.640628;0;78.5199998133333; ;1.34645212765957
P05;1;.314;.7177716;0;78.5199998133333; ;1.34645212765957
P05;1;.707;0;0;78.5199998133333; ;1.34645212765957
P05;1;.324;.3013416;0;78.5199998133333; ;1.34645212765957
P05;1;.224;4.7753928;0;78.5199998133333; ;1.34645212765957
P05;1;.46;.6591816;0;78.5199998133333; ;1.34645212765957
P05;1;.64;.1171872;0;78.5199998133333; ;1.34645212765957
P05;1;.903;.0585935999999999;0;78.5199998133333; ;1.34645212765957
P05;1;.08;0;0;78.5199998133333; ;1.34645212765957
P05;2;.417;.36621;0;78.5199998133333; ;1.34645212765957
P05;2;.678;1.5305544;0;78.5199998133333; ;1.34645212765957
P05;2;.606;1.6735824;0;78.5199998133333; ;1.34645212765957
P05;2;.818;3.0322296;0;78.5199998133333; ;1.34645212765957
P05;2;.679;.1171872;0;78.5199998133333; ;1.34645212765957
P05;2;.716;2.1826188;0;78.5199998133333; ;1.34645212765957
P05;2;.536;1.8164052;0;78.5199998133333; ;1.34645212765957
P05;2;.7;10.4263416;0;78.5199998133333; ;1.34645212765957
P05;2;.433;.5419908;0;78.5199998133333; ;1.34645212765957
P05;2;.7;5.3796384;0;78.5199998133333; ;1.34645212765957
P05;2;.816;.9082044;0;78.5199998133333; ;1.34645212765957
P05;2;.8;4.5263664;0;78.5199998133333; ;1.34645212765957
P05;2;1.034;5.2478028;0;78.5199998133333; ;1.34645212765957
P05;2;1.119;.73242;0;78.5199998133333; ;1.34645212765957
P05;2;1.296;6.5222208;0;78.5199998133333; ;1.34645212765957
P05;2;.819;.7910136;0;78.5199998133333; ;1.34645212765957
P05;2;.816;.234378;0;78.5199998133333; ;1.34645212765957
P05;2;.85;1.8640116;0;78.5199998133333; ;1.34645212765957
P05;2;.632;1.7578152;0;78.5199998133333; ;1.34645212765957
P05;2;1;2.4902352;0;78.5199998133333; ;1.34645212765957
P05;2;.793;.30762;0;78.5199998133333; ;1.34645212765957
P05;2;1.139;1.439208;0;78.5199998133333; ;1.34645212765957
P05;2;.783;.2490228;0;78.5199998133333; ;1.34645212765957
P05;2;.379;5.5554228;0;78.5199998133333; ;1.34645212765957
P05;2;1.317;1.2011688;1;78.5199998133333; ;1.34645212765957
P05;2;.269;1.6296372;1;78.5199998133333; ;1.34645212765957
P05;2;.5;.4101588;1;78.5199998133333; ;1.34645212765957
P05;2;.6;.1171872;0;78.5199998133333; ;1.34645212765957
P05;2;.766;.3662136;0;78.5199998133333; ;1.34645212765957
P05;2;.856;.8349588;0;78.5199998133333; ;1.34645212765957
P05;2;.368;5.965578;0;78.5199998133333; ;1.34645212765957
P05;2;.989;1.5820344;0;78.5199998133333; ;1.34645212765957
P05;2;.538;.36621;0;78.5199998133333; ;1.34645212765957
P05;2;.281;.0585935999999999;0;78.5199998133333; ;1.34645212765957
P05;2;.481;1.9226088;0;78.5199998133333; ;1.34645212765957
P05;2;.6;.8496108;0;78.5199998133333; ;1.34645212765957
P05;2;1.066;.1171872;0;78.5199998133333; ;1.34645212765957
P05;2;.333;1.0144044;0;78.5199998133333; ;1.34645212765957
P05;2;.26;.1757808;0;78.5199998133333; ;1.34645212765957
P05;2;.654;.1757844;0;78.5199998133333; ;1.34645212765957
P05;2;.802;0;0;78.5199998133333; ;1.34645212765957
P05;2;.535;4.2224148;0;78.5199998133333; ;1.34645212765957
P05;2;.944;.6152364;0;78.5199998133333; ;1.34645212765957
P05;2;.735;.0585936;0;78.5199998133333; ;1.34645212765957
P05;2;1.215;.5419944;0;78.5199998133333; ;1.34645212765957
P05;2;.733;0;0;78.5199998133333; ;1.34645212765957
P05;2;.683;0;0;78.5199998133333; ;1.34645212765957
P05;2;.533;1.2011724;0;78.5199998133333; ;1.34645212765957
P05;2;.919;1.9335924;0;78.5199998133333; ;1.34645212765957
P05;2;.263;3.2556168;0;78.5199998133333; ;1.34645212765957
P05;2;.596;0;0;78.5199998133333; ;1.34645212765957
P05;2;1.002;2.666016;0;78.5199998133333; ;1.34645212765957
P05;2;.537;2.7831996;0;78.5199998133333; ;1.34645212765957
P05;2;.6;2.0654316;0;78.5199998133333; ;1.34645212765957
P05;2;.773;0;0;78.5199998133333; ;1.34645212765957
P05;2;.729;1.2744144;0;78.5199998133333; ;1.34645212765957
P05;2;1.246;1.2744144;0;78.5199998133333; ;1.34645212765957
P05;2;.716;.659178;0;78.5199998133333; ;1.34645212765957
P05;2;.732;.3076164;0;78.5199998133333; ;1.34645212765957
P05;2;.917;0;0;78.5199998133333; ;1.34645212765957
P05;2;1.166;.3076164;0;78.5199998133333; ;1.34645212765957
P05;2;1.2;1.025388;0;78.5199998133333; ;1.34645212765957
P05;2;.681;1.0986336;0;78.5199998133333; ;1.34645212765957
P05;2;1.514;1.4501952;0;78.5199998133333; ;1.34645212765957
P05;2;.517;.3076164;0;78.5199998133333; ;1.34645212765957
P05;2;.667;.659178;0;78.5199998133333; ;1.34645212765957
P05;2;1.261;.0585935999999999;0;78.5199998133333; ;1.34645212765957
P05;2;.487;1.5087888;0;78.5199998133333; ;1.34645212765957
P05;2;.963;.6738264;0;78.5199998133333; ;1.34645212765957
P05;2;.483;0;0;78.5199998133333; ;1.34645212765957
P05;2;.929;.1171872;0;78.5199998133333; ;1.34645212765957
P05;2;.733;2.3583996;0;78.5199998133333; ;1.34645212765957
P05;2;.854;.5566392;0;78.5199998133333; ;1.34645212765957
P05;2;.763;1.8164052;0;78.5199998133333; ;1.34645212765957
P05;2;.564;.3076164;0;78.5199998133333; ;1.34645212765957
P05;2;.566;3.8671884;0;78.5199998133333; ;1.34645212765957
P05;2;.502;2.5927704;0;78.5199998133333; ;1.34645212765957
P05;2;1.033;1.9482444;0;78.5199998133333; ;1.34645212765957
P05;2;1.144;1.0839852;0;78.5199998133333; ;1.34645212765957
P05;2;.6;0;0;78.5199998133333; ;1.34645212765957
P05;2;1.172;.2343744;0;78.5199998133333; ;1.34645212765957
P05;2;1.033;0;0;78.5199998133333; ;1.34645212765957
P05;2;.418;2.6074224;0;78.5199998133333; ;1.34645212765957
P05;2;.845;1.0253916;0;78.5199998133333; ;1.34645212765957
P05;2;.581;.73242;0;78.5199998133333; ;1.34645212765957
P05;2;.867;.1904292;0;78.5199998133333; ;1.34645212765957
P05;2;.852;.3515616;0;78.5199998133333; ;1.34645212765957
P05;2;.38;0;0;78.5199998133333; ;1.34645212765957
P05;2;.965;4.599612;0;78.5199998133333; ;1.34645212765957
P05;2;.722;0;0;78.5199998133333; ;1.34645212765957
P05;2;.533;0;0;78.5199998133333; ;1.34645212765957
P05;6;.154;.36621;0;78.5199998133333; ;1.34645212765957
P05;6;.356;6.5808108;0;78.5199998133333; ;1.34645212765957
P05;6;.931;2.358396;0;78.5199998133333; ;1.34645212765957
P05;6;1.571;5.625;0;78.5199998133333; ;1.34645212765957
P05;6;1.732;4.0563612;0;78.5199998133333; ;1.34645212765957
P05;6;.55;6.4636236;0;78.5199998133333; ;1.34645212765957
P05;6;.85;1.5673824;0;78.5199998133333; ;1.34645212765957
P05;6;.967;2.7832032;0;78.5199998133333; ;1.34645212765957
P05;6;1.593;7.4861892;0;78.5199998133333; ;1.34645212765957
P05;6;.55;12.8187432;0;78.5199998133333; ;1.34645212765957
P05;6;.669;1.1978244;0;78.5199998133333; ;1.34645212765957
P05;6;2.05;5.5664064;0;78.5199998133333; ;1.34645212765957
P05;6;.655;.36621;0;78.5199998133333; ;1.34645212765957
P05;6;1.388;6.7089852;0;78.5199998133333; ;1.34645212765957
P05;6;1.233;1.4501952;0;78.5199998133333; ;1.34645212765957
P05;6;.59;3.1970232;0;78.5199998133333; ;1.34645212765957
P05;6;1.926;5.1306156;0;78.5199998133333; ;1.34645212765957
P05;6;1.023;7.005618;0;78.5199998133333; ;1.34645212765957
P05;6;.346;12.830256;0;78.5199998133333; ;1.34645212765957
P05;6;.252;10.3091544;0;78.5199998133333; ;1.34645212765957
P05;6;1.278;3.5485848;0;78.5199998133333; ;1.34645212765957
P05;6;1.404;4.105224;0;78.5199998133333; ;1.34645212765957
P05;6;1.189;8.4760056;0;78.5199998133333; ;1.34645212765957
P05;6;.49;16.1031348;0;78.5199998133333; ;1.34645212765957
P05;6;.167;1.8645372;0;78.5199998133333; ;1.34645212765957
P05;6;.204;.1904292;0;78.5199998133333; ;1.34645212765957
P05;6;.988;1.625976;0;78.5199998133333; ;1.34645212765957
P05;6;.998;8.4558132;0;78.5199998133333; ;1.34645212765957
P05;6;.817;6.03882;0;78.5199998133333; ;1.34645212765957
P05;6;.316;0;0;78.5199998133333; ;1.34645212765957
P05;6;.266;3.5156268;0;78.5199998133333; ;1.34645212765957
P05;6;.616;2.9003904;0;78.5199998133333; ;1.34645212765957
P05;6;.621;4.291992;0;78.5199998133333; ;1.34645212765957
P05;6;1.29;3.9990204;0;78.5199998133333; ;1.34645212765957
P05;6;.727;4.2810048;0;78.5199998133333; ;1.34645212765957
P05;6;.386;1.439208;1;78.5199998133333; ;1.34645212765957
P05;6;.383;1.5820308;0;78.5199998133333; ;1.34645212765957
P05;6;1.323;5.8630356;0;78.5199998133333; ;1.34645212765957
P05;6;1.483;5.072022;0;78.5199998133333; ;1.34645212765957
P05;6;1.09;5.8593744;1;78.5199998133333; ;1.34645212765957
P05;6;.319;0;0;78.5199998133333; ;1.34645212765957
P05;6;.684;3.1970196;0;78.5199998133333; ;1.34645212765957
P05;6;1.388;15.4716804;0;78.5199998133333; ;1.34645212765957
P05;6;1.256;7.7477688;0;78.5199998133333; ;1.34645212765957
P05;6;.583;6.7675788;0;78.5199998133333; ;1.34645212765957
P05;6;.638;4.3505856;0;78.5199998133333; ;1.34645212765957
P05;6;1.757;7.9138188;0;78.5199998133333; ;1.34645212765957
P05;6;.39;2.2509396;0;78.5199998133333; ;1.34645212765957
P05;6;1.327;.4248072;0;78.5199998133333; ;1.34645212765957
P05;6;.452;2.8417968;0;78.5199998133333; ;1.34645212765957
P05;6;.331;.7324236;0;78.5199998133333; ;1.34645212765957
P05;6;.902;1.5087888;0;78.5199998133333; ;1.34645212765957
P05;6;.921;5.7312;0;78.5199998133333; ;1.34645212765957
P05;6;.821;4.4824212;0;78.5199998133333; ;1.34645212765957
P05;6;.723;2.6550288;0;78.5199998133333; ;1.34645212765957
P05;6;1.023;.6005844;0;78.5199998133333; ;1.34645212765957
P05;6;.357;8.397216;0;78.5199998133333; ;1.34645212765957
P05;6;.917;8.9392104;0;78.5199998133333; ;1.34645212765957
P05;6;1.705;10.7778996;0;78.5199998133333; ;1.34645212765957
P05;6;.405;7.3571796;0;78.5199998133333; ;1.34645212765957
P05;6;.3;.776368800000001;0;78.5199998133333; ;1.34645212765957
P05;6;1.09;6.2878392;0;78.5199998133333; ;1.34645212765957
P05;6;1.467;4.5886248;0;78.5199998133333; ;1.34645212765957
P05;6;.367;.36621;0;78.5199998133333; ;1.34645212765957
P05;6;.423;.1318356;0;78.5199998133333; ;1.34645212765957
P05;6;.25;.4833972;0;78.5199998133333; ;1.34645212765957
P05;6;.55;4.1748048;0;78.5199998133333; ;1.34645212765957
P05;6;1.598;6.6394044;0;78.5199998133333; ;1.34645212765957
P05;6;.69;3.4423848;1;78.5199998133333; ;1.34645212765957
P05;6;.512;5.9360724;0;78.5199998133333; ;1.34645212765957
P05;6;.527;5.745852;0;78.5199998133333; ;1.34645212765957
P05;7;.391;2.8417968;0;78.5199998133333; ;1.34645212765957
P05;7;.298;1.6406244;0;78.5199998133333; ;1.34645212765957
P05;7;.933;6.3394236;0;78.5199998133333; ;1.34645212765957
P05;7;1.3;4.8229956;0;78.5199998133333; ;1.34645212765957
P05;7;.85;9.645264;1;78.5199998133333; ;1.34645212765957
P05;7;.452;1.0839852;0;78.5199998133333; ;1.34645212765957
P05;7;.365;0;0;78.5199998133333; ;1.34645212765957
P05;7;.761;7.4882844;0;78.5199998133333; ;1.34645212765957
P05;7;1.301;6.3875556;0;78.5199998133333; ;1.34645212765957
P05;7;1.041;5.9802264;0;78.5199998133333; ;1.34645212765957
P05;7;.992;2.9479968;0;78.5199998133333; ;1.34645212765957
P05;7;.509;15.8295204;0;78.5199998133333; ;1.34645212765957
P05;7;1.291;19.7798904;0;78.5199998133333; ;1.34645212765957
P05;7;1.006;1.2883284;0;78.5199998133333; ;1.34645212765957
P05;7;.433;4.6472184;0;78.5199998133333; ;1.34645212765957
P05;7;.483;.4834008;0;78.5199998133333; ;1.34645212765957
P05;7;.765;2.4755832;0;78.5199998133333; ;1.34645212765957
P05;7;.911;2.406006;0;78.5199998133333; ;1.34645212765957
P05;7;1.239;13.9482432;0;78.5199998133333; ;1.34645212765957
P05;7;1.26;23.8032936;1;78.5199998133333; ;1.34645212765957
P05;7;.718;3.6148176;0;78.5199998133333; ;1.34645212765957
P05;7;.759;8.1683892;0;78.5199998133333; ;1.34645212765957
P05;7;.827;10.7486028;1;78.5199998133333; ;1.34645212765957
P05;7;.565;8.9392104;1;78.5199998133333; ;1.34645212765957
P05;7;.2;.4268952;0;78.5199998133333; ;1.34645212765957
P05;7;.786;3.8232432;0;78.5199998133333; ;1.34645212765957
P05;7;1.075;1.439208;0;78.5199998133333; ;1.34645212765957
P05;7;1.818;17.4675312;1;78.5199998133333; ;1.34645212765957
P05;7;.908;6.2146008;0;78.5199998133333; ;1.34645212765957
P05;7;.575;7.1960472;1;78.5199998133333; ;1.34645212765957
P05;7;.768;10.2136248;1;78.5199998133333; ;1.34645212765957
P05;7;1.133;2.299806;0;78.5199998133333; ;1.34645212765957
P05;7;.377;20.577708;1;78.5199998133333; ;1.34645212765957
P05;7;.242;.9814428;0;78.5199998133333; ;1.34645212765957
P05;7;.233;1.9335924;0;78.5199998133333; ;1.34645212765957
P05;7;.7;2.5817868;0;78.5199998133333; ;1.34645212765957
P05;7;1.134;2.9003904;0;78.5199998133333; ;1.34645212765957
P05;7;2.333;6.0904008;1;78.5199998133333; ;1.34645212765957
P05;7;1.319;23.7028464;1;78.5199998133333; ;1.34645212765957
P05;7;.875;1.3916016;0;78.5199998133333; ;1.34645212765957
P05;7;.867;11.6228016;0;78.5199998133333; ;1.34645212765957
P05;7;.994;6.9337368;0;78.5199998133333; ;1.34645212765957
P05;7;.519;5.6726064;0;78.5199998133333; ;1.34645212765957
P05;7;.248;3.6181656;0;78.5199998133333; ;1.34645212765957
P05;7;1.033;2.666016;0;78.5199998133333; ;1.34645212765957
P05;7;.76;10.3384512;0;78.5199998133333; ;1.34645212765957
P05;7;1.319;11.328264;0;78.5199998133333; ;1.34645212765957
P05;7;1;14.448384;1;78.5199998133333; ;1.34645212765957
P05;7;1.2;7.5476052;0;78.5199998133333; ;1.34645212765957
P05;7;.774;7.4890152;0;78.5199998133333; ;1.34645212765957
P05;7;.8;3.6914076;0;78.5199998133333; ;1.34645212765957
P05;7;1.327;4.705812;0;78.5199998133333; ;1.34645212765957
P05;7;.642;4.3395984;0;78.5199998133333; ;1.34645212765957
P05;7;.875;6.8884308;0;78.5199998133333; ;1.34645212765957
P05;7;1.742;3.1970232;1;78.5199998133333; ;1.34645212765957
P05;7;.334;17.0971308;1;78.5199998133333; ;1.34645212765957
P05;7;.615;10.8176616;1;78.5199998133333; ;1.34645212765957
P05;7;.785;12.9186684;1;78.5199998133333; ;1.34645212765957
P05;7;1;9.1296396;1;78.5199998133333; ;1.34645212765957
P05;7;1.148;4.1162112;0;78.5199998133333; ;1.34645212765957
P05;7;.518;8.323974;0;78.5199998133333; ;1.34645212765957
P05;7;.5;.4833972;0;78.5199998133333; ;1.34645212765957
P05;7;1.234;8.9392068;1;78.5199998133333; ;1.34645212765957
P05;7;.141;3.8085912;1;78.5199998133333; ;1.34645212765957
P05;7;.927;12.5720208;1;78.5199998133333; ;1.34645212765957
P05;7;.875;11.51451;0;78.5199998133333; ;1.34645212765957
P05;7;.825;9.5871924;1;78.5199998133333; ;1.34645212765957
P05;7;1.7;6.9470208;1;78.5199998133333; ;1.34645212765957
P05;7;1.085;7.1923824;0;78.5199998133333; ;1.34645212765957
P05;7;.941;3.8671884;0;78.5199998133333; ;1.34645212765957
P05;7;.575;4.8962412;0;78.5199998133333; ;1.34645212765957
P05;7;.591;3.3251976;0;78.5199998133333; ;1.34645212765957
P05;7;.25;2.4169932;0;78.5199998133333; ;1.34645212765957
P05;7;1.131;9.7888176;0;78.5199998133333; ;1.34645212765957
P05;7;1.841;6.9470208;1;78.5199998133333; ;1.34645212765957
P05;7;.615;10.7556156;1;78.5199998133333; ;1.34645212765957
P05;7;1.459;13.2111108;1;78.5199998133333; ;1.34645212765957
P05;7;1.552;7.9724124;0;78.5199998133333; ;1.34645212765957
P05;7;.767;1.4978016;0;78.5199998133333; ;1.34645212765957
P05;7;1.067;5.1415992;0;78.5199998133333; ;1.34645212765957
P05;7;1.35;10.4626476;1;78.5199998133333; ;1.34645212765957
P05;7;1.583;10.5651828;1;78.5199998133333; ;1.34645212765957
P05;7;1.385;12.3133752;0;78.5199998133333; ;1.34645212765957
P05;7;1.583;7.8382728;0;78.5199998133333; ;1.34645212765957
P05;7;.334;17.3822544;1;78.5199998133333; ;1.34645212765957
P05;7;.386;7.0642116;0;78.5199998133333; ;1.34645212765957
P05;7;.965;4.764402;0;78.5199998133333; ;1.34645212765957
P05;7;.967;2.299806;0;78.5199998133333; ;1.34645212765957
P05;7;1.624;7.4890152;0;78.5199998133333; ;1.34645212765957
P05;7;1.242;4.95117;0;78.5199998133333; ;1.34645212765957
P05;7;1.258;11.0046384;0;78.5199998133333; ;1.34645212765957
P05;7;.531;18.066024;0;78.5199998133333; ;1.34645212765957
P05;7;.261;.1904292;0;78.5199998133333; ;1.34645212765957
P05;7;.25;2.0654316;0;78.5199998133333; ;1.34645212765957
P05;7;.775;14.33538;0;78.5199998133333; ;1.34645212765957
P05;7;.978;10.9460448;0;78.5199998133333; ;1.34645212765957
P05;7;.516;4.2810048;0;78.5199998133333; ;1.34645212765957
P05;7;.977;11.263392;0;78.5199998133333; ;1.34645212765957
P05;7;1.948;8.031006;0;78.5199998133333; ;1.34645212765957
P05;7;.652;4.5230184;0;78.5199998133333; ;1.34645212765957
P05;7;1.093;7.3313352;0;78.5199998133333; ;1.34645212765957
P05;7;1.035;3.372804;0;78.5199998133333; ;1.34645212765957
P05;7;1.392;6.9986088;0;78.5199998133333; ;1.34645212765957
P05;7;.9;11.7224136;1;78.5199998133333; ;1.34645212765957
P05;7;1.666;14.3788032;1;78.5199998133333; ;1.34645212765957
P05;7;.842;9.8751384;0;78.5199998133333; ;1.34645212765957
P05;7;.409;3.2666004;1;78.5199998133333; ;1.34645212765957
P05;7;.391;17.9702856;0;78.5199998133333; ;1.34645212765957
P05;7;.233;1.6845696;0;78.5199998133333; ;1.34645212765957
P05;7;.633;3.632814;0;78.5199998133333; ;1.34645212765957
P05;7;1.384;3.3837876;0;78.5199998133333; ;1.34645212765957
P05;7;2.267;6.4733544;0;78.5199998133333; ;1.34645212765957
P05;7;1.258;2.006838;0;78.5199998133333; ;1.34645212765957
P05;7;.981;5.2624512;0;78.5199998133333; ;1.34645212765957
P05;7;.524;5.8099896;0;78.5199998133333; ;1.34645212765957
P05;7;1.1;21.2154372;0;78.5199998133333; ;1.34645212765957
P05;7;.783;2.1826152;0;78.5199998133333; ;1.34645212765957
P05;7;1.364;19.258092;1;78.5199998133333; ;1.34645212765957
P05;7;.281;5.2366104;0;78.5199998133333; ;1.34645212765957
P05;7;1.298;15.643278;0;78.5199998133333; ;1.34645212765957
P05;7;.766;32.0147856;1;78.5199998133333; ;1.34645212765957
P05;7;.631;8.7634296;1;78.5199998133333; ;1.34645212765957
P05;7;.4;13.027482;0;78.5199998133333; ;1.34645212765957
P05;7;.59;6.71265;0;78.5199998133333; ;1.34645212765957
P05;7;.552;3.2255856;0;78.5199998133333; ;1.34645212765957
P05;7;.45;2.9723796;0;78.5199998133333; ;1.34645212765957
P06;1;1.066;.966798;0;75.8886670333333; ;1.93985277777778
P06;1;1.463;2.2412124;0;75.8886670333333; ;1.93985277777778
P06;1;1.53;0;0;75.8886670333333; ;1.93985277777778
P06;1;1.214;0;0;75.8886670333333; ;1.93985277777778
P06;1;1.566;.1757808;0;75.8886670333333; ;1.93985277777778
P06;1;1.014;1.333008;0;75.8886670333333; ;1.93985277777778
P06;1;.997;.9082044;0;75.8886670333333; ;1.93985277777778
P06;1;1.36;1.4501952;0;75.8886670333333; ;1.93985277777778
P06;1;2.133;.966798;0;75.8886670333333; ;1.93985277777778
P06;1;1.677;.36621;0;75.8886670333333; ;1.93985277777778
P06;1;1.619;.1318356;0;75.8886670333333; ;1.93985277777778
P06;1;2;.36621;0;75.8886670333333; ;1.93985277777778
P06;1;2.183;.1757808;0;75.8886670333333; ;1.93985277777778
P06;1;1.316;1.1425788;0;75.8886670333333; ;1.93985277777778
P06;1;2.38;.6152328;0;75.8886670333333; ;1.93985277777778
P06;1;.875;.9082044;0;75.8886670333333; ;1.93985277777778
P06;1;2.514;1.9335924;0;75.8886670333333; ;1.93985277777778
P06;1;1.68;1.2158208;0;75.8886670333333; ;1.93985277777778
P06;1;1.852;1.6406244;0;75.8886670333333; ;1.93985277777778
P06;1;2.864;.9667944;0;75.8886670333333; ;1.93985277777778
P06;1;2.769;2.0507832;0;75.8886670333333; ;1.93985277777778
P06;1;.98;1.025388;0;75.8886670333333; ;1.93985277777778
P06;1;1.68;.8496072;0;75.8886670333333; ;1.93985277777778
P06;1;1.719;.2343744;0;75.8886670333333; ;1.93985277777778
P06;1;1.567;.36621;0;75.8886670333333; ;1.93985277777778
P06;1;1.4;.9082008;0;75.8886670333333; ;1.93985277777778
P06;1;1.681;1.0986336;0;75.8886670333333; ;1.93985277777778
P06;1;1.733;.7910136;0;75.8886670333333; ;1.93985277777778
P06;1;2.237;1.7578116;0;75.8886670333333; ;1.93985277777778
P06;1;1.553;.3076164;0;75.8886670333333; ;1.93985277777778
P06;1;1.62;.659178;0;75.8886670333333; ;1.93985277777778
P06;1;2.127;.292968;0;75.8886670333333; ;1.93985277777778
P06;1;1.336;2.9003904;0;75.8886670333333; ;1.93985277777778
P06;1;1.233;.8496108;0;75.8886670333333; ;1.93985277777778
P06;1;1.517;.3076164;0;75.8886670333333; ;1.93985277777778
P06;1;2.266;.36621;0;75.8886670333333; ;1.93985277777778
P06;1;.314;1.3220208;0;75.8886670333333; ;1.93985277777778
P06;1;2.15;1.9812024;0;75.8886670333333; ;1.93985277777778
P06;1;1.569;1.992186;0;75.8886670333333; ;1.93985277777778
P06;1;2.303;1.3916016;0;75.8886670333333; ;1.93985277777778
P06;1;1.07;2.772216;0;75.8886670333333; ;1.93985277777778
P06;1;1.953;.7763652;0;75.8886670333333; ;1.93985277777778
P06;1;2.1;.36621;0;75.8886670333333; ;1.93985277777778
P06;1;1.503;.7177716;0;75.8886670333333; ;1.93985277777778
P06;1;2.114;1.1425788;0;75.8886670333333; ;1.93985277777778
P06;1;1.281;.7910172;0;75.8886670333333; ;1.93985277777778
P06;1;2.303;.8349588;0;75.8886670333333; ;1.93985277777778
P06;1;1.819;1.9335924;0;75.8886670333333; ;1.93985277777778
P06;1;1.78;2.299806;0;75.8886670333333; ;1.93985277777778
P06;1;1.267;1.259766;0;75.8886670333333; ;1.93985277777778
P06;1;1.85;1.699218;0;75.8886670333333; ;1.93985277777778
P06;1;1.297;1.5087924;0;75.8886670333333; ;1.93985277777778
P06;1;.251;1.3916016;0;75.8886670333333; ;1.93985277777778
P06;1;1.78;2.7832068;0;75.8886670333333; ;1.93985277777778
P06;1;.65;1.933596;0;75.8886670333333; ;1.93985277777778
P06;1;.783;3.006594;0;75.8886670333333; ;1.93985277777778
P06;1;.65;1.7578116;0;75.8886670333333; ;1.93985277777778
P06;1;1.617;1.3916016;0;75.8886670333333; ;1.93985277777778
P06;1;2.584;.966798;0;75.8886670333333; ;1.93985277777778
P06;1;.736;.73242;0;75.8886670333333; ;1.93985277777778
P06;1;1.15;1.5087888;0;75.8886670333333; ;1.93985277777778
P06;1;.964;3.3837876;0;75.8886670333333; ;1.93985277777778
P06;1;1.736;2.7099612;0;75.8886670333333; ;1.93985277777778
P06;1;1.417;1.259766;0;75.8886670333333; ;1.93985277777778
P06;1;1.7;3.3553296;0;75.8886670333333; ;1.93985277777778
P06;1;.467;2.666016;0;75.8886670333333; ;1.93985277777778
P06;1;1.836;3.5595684;0;75.8886670333333; ;1.93985277777778
P06;1;1.536;1.933596;0;75.8886670333333; ;1.93985277777778
P06;1;2.43;3.9404304;0;75.8886670333333; ;1.93985277777778
P06;1;1.417;1.0986336;0;75.8886670333333; ;1.93985277777778
P06;1;1.636;.9082044;0;75.8886670333333; ;1.93985277777778
P06;1;1.6;3.0908196;0;75.8886670333333; ;1.93985277777778
P06;1;.817;2.7685548;0;75.8886670333333; ;1.93985277777778
P06;1;.636;6.3812808;0;75.8886670333333; ;1.93985277777778
P06;1;.6;.9082044;0;75.8886670333333; ;1.93985277777778
P06;1;.866;3.5156232;0;75.8886670333333; ;1.93985277777778
P06;1;1.55;1.333008;0;75.8886670333333; ;1.93985277777778
P06;1;.3;.1318356;0;75.8886670333333; ;1.93985277777778
P06;1;.053;.6005844;0;75.8886670333333; ;1.93985277777778
P06;2;4.158;8.397216;0;75.8886670333333; ;1.93985277777778
P06;2;1.754;4.5062784;0;75.8886670333333; ;1.93985277777778
P06;2;1.362;1.0253916;0;75.8886670333333; ;1.93985277777778
P06;2;1.842;.30762;0;75.8886670333333; ;1.93985277777778
P06;2;3.537;2.7099612;0;75.8886670333333; ;1.93985277777778
P06;2;5.961;2.8417968;0;75.8886670333333; ;1.93985277777778
P06;2;3.479;4.5996084;0;75.8886670333333; ;1.93985277777778
P06;2;1.258;2.900394;0;75.8886670333333; ;1.93985277777778
P06;2;2.437;.2490228;0;75.8886670333333; ;1.93985277777778
P06;2;6.376;5.0683608;0;75.8886670333333; ;1.93985277777778
P06;2;1.504;1.0253916;0;75.8886670333333; ;1.93985277777778
P06;2;1.12;1.5673824;0;75.8886670333333; ;1.93985277777778
P06;2;1.475;1.9335924;0;75.8886670333333; ;1.93985277777778
P06;2;1.591;2.2888188;0;75.8886670333333; ;1.93985277777778
P06;2;1.695;1.1572272;0;75.8886670333333; ;1.93985277777778
P06;2;2.133;1.8749988;0;75.8886670333333; ;1.93985277777778
P06;2;1.928;.966798;0;75.8886670333333; ;1.93985277777778
P06;2;1.766;1.4501988;0;75.8886670333333; ;1.93985277777778
P06;2;1.546;.1757808;0;75.8886670333333; ;1.93985277777778
P06;2;1.5;1.4501952;0;75.8886670333333; ;1.93985277777778
P06;2;2.971;1.3916016;0;75.8886670333333; ;1.93985277777778
P06;2;2.291;2.299806;0;75.8886670333333; ;1.93985277777778
P06;2;2.971;3.065184;0;75.8886670333333; ;1.93985277777778
P06;2;1.116;4.7900412;0;75.8886670333333; ;1.93985277777778
P06;2;1.938;3.6914076;0;75.8886670333333; ;1.93985277777778
P06;2;3.467;3.8085948;0;75.8886670333333; ;1.93985277777778
P06;2;.737;3.6804204;0;75.8886670333333; ;1.93985277777778
P06;2;1.529;2.592774;0;75.8886670333333; ;1.93985277777778
P06;2;1.579;3.3142104;0;75.8886670333333; ;1.93985277777778
P06;2;1;.2490228;0;75.8886670333333; ;1.93985277777778
P06;2;2.7;1.0253916;0;75.8886670333333; ;1.93985277777778
P06;2;3.367;.4833972;0;75.8886670333333; ;1.93985277777778
P06;2;3.004;.7177716;0;75.8886670333333; ;1.93985277777778
P06;2;3.791;1.567386;0;75.8886670333333; ;1.93985277777778
P06;2;1.463;1.5087888;0;75.8886670333333; ;1.93985277777778
P06;2;.5;1.3916016;0;75.8886670333333; ;1.93985277777778
P06;2;.75;.7324236;0;75.8886670333333; ;1.93985277777778
P06;2;2.054;.73242;0;75.8886670333333; ;1.93985277777778
P06;2;1.941;1.6992216;0;75.8886670333333; ;1.93985277777778
P06;2;.965;2.6660196;0;75.8886670333333; ;1.93985277777778
P06;2;.262;1.699218;0;75.8886670333333; ;1.93985277777778
P06;2;.633;0;0;75.8886670333333; ;1.93985277777778
P06;2;1.684;1.3916016;0;75.8886670333333; ;1.93985277777778
P06;2;1.462;1.4501952;0;75.8886670333333; ;1.93985277777778
P06;2;1.804;.6738264;0;75.8886670333333; ;1.93985277777778
P06;2;1.695;3.0651876;0;75.8886670333333; ;1.93985277777778
P06;2;1.266;1.2158208;0;75.8886670333333; ;1.93985277777778
P06;2;.25;3.999024;0;75.8886670333333; ;1.93985277777778
P06;2;1.479;0;0;75.8886670333333; ;1.93985277777778
P06;2;1.584;.6005844;0;75.8886670333333; ;1.93985277777778
P06;2;1.271;.7177752;0;75.8886670333333; ;1.93985277777778
P06;2;.233;1.8130572;0;75.8886670333333; ;1.93985277777778
P06;2;2.3;4.965822;0;75.8886670333333; ;1.93985277777778
P06;2;.617;.6738264;0;75.8886670333333; ;1.93985277777778
P06;2;1.159;2.4169932;0;75.8886670333333; ;1.93985277777778
P06;2;1.637;2.4169896;0;75.8886670333333; ;1.93985277777778
P06;2;1.65;.9082044;0;75.8886670333333; ;1.93985277777778
P06;2;1.912;1.5673824;0;75.8886670333333; ;1.93985277777778
P06;2;2.133;2.7685548;0;75.8886670333333; ;1.93985277777778
P06;2;1.25;.9082044;0;75.8886670333333; ;1.93985277777778
P06;2;1.783;1.8164052;0;75.8886670333333; ;1.93985277777778
P06;2;3.615;4.8339828;0;75.8886670333333; ;1.93985277777778
P06;2;2.004;1.4501952;0;75.8886670333333; ;1.93985277777778
P06;2;.27;4.3981956;0;75.8886670333333; ;1.93985277777778
P06;2;.237;2.666016;0;75.8886670333333; ;1.93985277777778
P06;2;.833;2.4169896;0;75.8886670333333; ;1.93985277777778
P06;2;.033;.5386428;0;75.8886670333333; ;1.93985277777778
P06;6;.309;1.699218;0;75.8886670333333; ;1.93985277777778
P06;6;.622;.1904292;0;75.8886670333333; ;1.93985277777778
P06;6;.831;2.958984;0;75.8886670333333; ;1.93985277777778
P06;6;1.492;1.5673824;0;75.8886670333333; ;1.93985277777778
P06;6;.428;2.1679704;0;75.8886670333333; ;1.93985277777778
P06;6;.419;.1904328;0;75.8886670333333; ;1.93985277777778
P06;6;1.119;4.4567856;0;75.8886670333333; ;1.93985277777778
P06;6;.533;.8496072;0;75.8886670333333; ;1.93985277777778
P06;6;.353;.1904292;0;75.8886670333333; ;1.93985277777778
P06;6;1.209;1.2744144;0;75.8886670333333; ;1.93985277777778
P06;6;1.7;6.0974136;0;75.8886670333333; ;1.93985277777778
P06;6;.626;3.0761748;0;75.8886670333333; ;1.93985277777778
P06;6;1.317;4.8229992;0;75.8886670333333; ;1.93985277777778
P06;6;.252;2.666016;0;75.8886670333333; ;1.93985277777778
P06;6;1.667;1.6406244;0;75.8886670333333; ;1.93985277777778
P06;6;1.345;5.6140128;0;75.8886670333333; ;1.93985277777778
P06;6;.211;4.4128404;0;75.8886670333333; ;1.93985277777778
P06;6;.859;2.7832032;0;75.8886670333333; ;1.93985277777778
P06;6;.586;2.5341804;0;75.8886670333333; ;1.93985277777778
P06;6;1.386;1.333008;0;75.8886670333333; ;1.93985277777778
P06;6;1.353;1.4501952;0;75.8886670333333; ;1.93985277777778
P06;6;.959;1.333008;0;75.8886670333333; ;1.93985277777778
P06;6;.512;.9814464;0;75.8886670333333; ;1.93985277777778
P06;6;2.742;2.2412088;0;75.8886670333333; ;1.93985277777778
P06;6;1.012;2.7246096;0;75.8886670333333; ;1.93985277777778
P06;6;.561;.4834008;0;75.8886670333333; ;1.93985277777778
P06;6;2.062;1.3916016;0;75.8886670333333; ;1.93985277777778
P06;6;1.05;3.9147984;0;75.8886670333333; ;1.93985277777778
P06;6;.167;.5310036;0;75.8886670333333; ;1.93985277777778
P06;6;.984;3.138426;0;75.8886670333333; ;1.93985277777778
P06;6;.259;0;0;75.8886670333333; ;1.93985277777778
P06;6;.541;1.0253916;0;75.8886670333333; ;1.93985277777778
P06;6;1.152;1.6882308;0;75.8886670333333; ;1.93985277777778
P06;6;1.325;3.7976076;0;75.8886670333333; ;1.93985277777778
P06;6;.855;5.6140164;0;75.8886670333333; ;1.93985277777778
P06;6;.267;1.9482408;0;75.8886670333333; ;1.93985277777778
P06;6;.942;1.3220208;0;75.8886670333333; ;1.93985277777778
P06;6;1.603;2.9479968;0;75.8886670333333; ;1.93985277777778
P06;6;1.145;2.299806;0;75.8886670333333; ;1.93985277777778
P06;6;.967;3.4899912;0;75.8886670333333; ;1.93985277777778
P06;6;.245;1.5234372;0;75.8886670333333; ;1.93985277777778
P06;6;2.572;2.9626452;0;75.8886670333333; ;1.93985277777778
P06;6;1.529;7.7380344;0;75.8886670333333; ;1.93985277777778
P06;6;1.976;5.67261;0;75.8886670333333; ;1.93985277777778
P06;6;.955;5.804442;0;75.8886670333333; ;1.93985277777778
P06;6;1.898;1.333008;0;75.8886670333333; ;1.93985277777778
P06;6;1.752;5.0720184;0;75.8886670333333; ;1.93985277777778
P06;6;1.622;3.9880368;0;75.8886670333333; ;1.93985277777778
P06;6;.426;2.7246096;0;75.8886670333333; ;1.93985277777778
P06;6;1.752;2.6074224;0;75.8886670333333; ;1.93985277777778
P06;6;1.359;.5419944;0;75.8886670333333; ;1.93985277777778
P06;6;1.348;4.9548348;0;75.8886670333333; ;1.93985277777778
P06;6;1.059;2.592774;0;75.8886670333333; ;1.93985277777778
P06;6;.578;.2490228;0;75.8886670333333; ;1.93985277777778
P06;6;1.304;5.5554192;0;75.8886670333333; ;1.93985277777778
P06;6;1.033;3.7976076;0;75.8886670333333; ;1.93985277777778
P06;6;.595;2.9003904;0;75.8886670333333; ;1.93985277777778
P06;6;1.609;2.1716316;0;75.8886670333333; ;1.93985277777778
P06;6;1.542;3.3142104;0;75.8886670333333; ;1.93985277777778
P06;6;1.045;1.9226088;0;75.8886670333333; ;1.93985277777778
P06;6;.433;1.1572236;0;75.8886670333333; ;1.93985277777778
P06;6;1.509;2.2998024;0;75.8886670333333; ;1.93985277777778
P06;6;1.16;.8935524;0;75.8886670333333; ;1.93985277777778
P06;6;1.092;2.3474124;0;75.8886670333333; ;1.93985277777778
P06;6;.665;2.0507832;0;75.8886670333333; ;1.93985277777778
P06;6;.667;1.8164052;0;75.8886670333333; ;1.93985277777778
P06;6;.328;1.0839852;0;75.8886670333333; ;1.93985277777778
P06;7;.75;1.3916016;0;75.8886670333333; ;1.93985277777778
P06;7;.271;.600588;0;75.8886670333333; ;1.93985277777778
P06;7;1.483;.30762;0;75.8886670333333; ;1.93985277777778
P06;7;.983;7.402482;0;75.8886670333333; ;1.93985277777778
P06;7;1.746;1.5087888;0;75.8886670333333; ;1.93985277777778
P06;7;.521;1.7431632;0;75.8886670333333; ;1.93985277777778
P06;7;1.38;1.3916016;0;75.8886670333333; ;1.93985277777778
P06;7;1.489;1.0839852;0;75.8886670333333; ;1.93985277777778
P06;7;.371;.3662136;0;75.8886670333333; ;1.93985277777778
P06;7;2.179;1.1425788;0;75.8886670333333; ;1.93985277777778
P06;7;1.2;1.1425788;0;75.8886670333333; ;1.93985277777778
P06;7;.462;.600588;0;75.8886670333333; ;1.93985277777778
P06;7;2.404;3.6218268;0;75.8886670333333; ;1.93985277777778
P06;7;1.439;2.1240216;0;75.8886670333333; ;1.93985277777778
P06;7;.8;1.2744144;0;75.8886670333333; ;1.93985277777778
P06;7;.433;3.6043524;0;75.8886670333333; ;1.93985277777778
P06;7;.596;5.8044456;0;75.8886670333333; ;1.93985277777778
P06;7;.654;3.7976076;0;75.8886670333333; ;1.93985277777778
P06;7;3.266;2.006838;0;75.8886670333333; ;1.93985277777778
P06;7;1;1.625976;0;75.8886670333333; ;1.93985277777778
P06;7;.521;0;0;75.8886670333333; ;1.93985277777778
P06;7;1.087;1.7578152;0;75.8886670333333; ;1.93985277777778
P06;7;1.412;1.933596;0;75.8886670333333; ;1.93985277777778
P06;7;1.495;.6152328;0;75.8886670333333; ;1.93985277777778
P06;7;1.25;1.0253916;0;75.8886670333333; ;1.93985277777778
P06;7;3.2;1.699218;0;75.8886670333333; ;1.93985277777778
P06;7;1.463;2.9479968;0;75.8886670333333; ;1.93985277777778
P06;7;1.629;.7910136;0;75.8886670333333; ;1.93985277777778
P06;7;3.131;1.8749988;0;75.8886670333333; ;1.93985277777778
P06;7;1.45;.7324236;0;75.8886670333333; ;1.93985277777778
P06;7;.904;.1171872;0;75.8886670333333; ;1.93985277777778
P06;7;1.621;1.04004;0;75.8886670333333; ;1.93985277777778
P06;7;1.246;.4833972;0;75.8886670333333; ;1.93985277777778
P06;7;1.448;.5566392;0;75.8886670333333; ;1.93985277777778
P06;7;1.6;1.3916016;0;75.8886670333333; ;1.93985277777778
P06;7;3.666;2.7246096;0;75.8886670333333; ;1.93985277777778
P06;7;.617;3.8562012;0;75.8886670333333; ;1.93985277777778
P06;7;1.6;1.625976;0;75.8886670333333; ;1.93985277777778
P06;7;2.263;.966798;0;75.8886670333333; ;1.93985277777778
P06;7;2.341;2.7246096;0;75.8886670333333; ;1.93985277777778
P06;7;1.666;1.9958472;0;75.8886670333333; ;1.93985277777778
P06;7;4.146;1.6845696;0;75.8886670333333; ;1.93985277777778
P06;7;.379;1.8750024;0;75.8886670333333; ;1.93985277777778
P06;7;.979;2.8308096;0;75.8886670333333; ;1.93985277777778
P06;7;.417;.3076164;0;75.8886670333333; ;1.93985277777778
P06;7;2.479;1.7431632;0;75.8886670333333; ;1.93985277777778
P06;7;.7;7.430418;0;75.8886670333333; ;1.93985277777778
P06;7;1.816;.7177752;0;75.8886670333333; ;1.93985277777778
P06;7;1.871;3.3142068;0;75.8886670333333; ;1.93985277777778
P06;7;2.338;2.479248;0;75.8886670333333; ;1.93985277777778
P06;7;.671;2.958984;0;75.8886670333333; ;1.93985277777778
P06;7;.583;2.7832032;0;75.8886670333333; ;1.93985277777778
P06;7;.904;1.6882308;0;75.8886670333333; ;1.93985277777778
P06;7;.862;2.8894032;0;75.8886670333333; ;1.93985277777778
P06;7;1.407;3.3837876;0;75.8886670333333; ;1.93985277777778
P06;7;1.093;2.1093732;0;75.8886670333333; ;1.93985277777778
P06;7;1.466;1.3916052;0;75.8886670333333; ;1.93985277777778
P06;7;.6;2.4169932;0;75.8886670333333; ;1.93985277777778
P06;7;3.212;2.1826152;0;75.8886670333333; ;1.93985277777778
P06;7;2.609;3.0908232;0;75.8886670333333; ;1.93985277777778
P06;7;1.484;.4248036;0;75.8886670333333; ;1.93985277777778
P06;7;.654;.1171872;0;75.8886670333333; ;1.93985277777778
P06;7;.371;.0585936;0;75.8886670333333; ;1.93985277777778
P06;8;.464;.7910136;0;75.8886670333333; ;1.93985277777778
P06;8;1.583;1.5820308;0;75.8886670333333; ;1.93985277777778
P06;8;1.283;4.8486348;0;75.8886670333333; ;1.93985277777778
P06;8;1.034;2.5488288;0;75.8886670333333; ;1.93985277777778
P06;8;1.651;2.1240252;0;75.8886670333333; ;1.93985277777778
P06;8;1.183;1.625976;0;75.8886670333333; ;1.93985277777778
P06;8;.616;1.699218;0;75.8886670333333; ;1.93985277777778
P06;8;1.85;2.299806;0;75.8886670333333; ;1.93985277777778
P06;8;1.166;3.5742204;0;75.8886670333333; ;1.93985277777778
P06;8;.79;5.4492192;0;75.8886670333333; ;1.93985277777778
P06;8;2.233;6.3427752;0;75.8886670333333; ;1.93985277777778
P06;8;1.383;3.665772;0;75.8886670333333; ;1.93985277777778
P06;8;.399;2.6513676;0;75.8886670333333; ;1.93985277777778
P06;8;.756;1.699218;0;75.8886670333333; ;1.93985277777778
P06;8;1.75;.1757808;0;75.8886670333333; ;1.93985277777778
P06;8;1;5.9802228;0;75.8886670333333; ;1.93985277777778
P06;8;.865;2.4169932;0;75.8886670333333; ;1.93985277777778
P06;8;1.733;3.8085912;0;75.8886670333333; ;1.93985277777778
P06;8;.967;2.1240216;0;75.8886670333333; ;1.93985277777778
P06;8;1.287;1.992186;0;75.8886670333333; ;1.93985277777778
P06;8;.632;2.358396;0;75.8886670333333; ;1.93985277777778
P06;8;.854;2.7136224;0;75.8886670333333; ;1.93985277777778
P06;8;.816;2.5341804;0;75.8886670333333; ;1.93985277777778
P06;8;1.016;2.7832032;0;75.8886670333333; ;1.93985277777778
P06;8;.957;1.5087888;0;75.8886670333333; ;1.93985277777778
P06;8;1.217;2.226564;0;75.8886670333333; ;1.93985277777778
P06;8;1.233;3.325194;0;75.8886670333333; ;1.93985277777778
P06;8;.955;2.6403804;0;75.8886670333333; ;1.93985277777778
P06;8;1.15;4.7644056;0;75.8886670333333; ;1.93985277777778
P06;8;.533;2.0507832;0;75.8886670333333; ;1.93985277777778
P06;8;2.117;2.5341804;0;75.8886670333333; ;1.93985277777778
P06;8;1.366;1.5820308;0;75.8886670333333; ;1.93985277777778
P06;8;1.581;1.1425788;0;75.8886670333333; ;1.93985277777778
P06;8;1.1;.1757808;0;75.8886670333333; ;1.93985277777778
P06;8;.616;.9082008;0;75.8886670333333; ;1.93985277777778
P06;8;2.603;1.5234372;0;75.8886670333333; ;1.93985277777778
P06;8;1.215;2.4755868;0;75.8886670333333; ;1.93985277777778
P06;8;1.131;1.0839852;0;75.8886670333333; ;1.93985277777778
P06;8;1.1;1.2048336;0;75.8886670333333; ;1.93985277777778
P06;8;.735;0;0;75.8886670333333; ;1.93985277777778
P06;8;2.033;.4248036;0;75.8886670333333; ;1.93985277777778
P06;8;1.066;3.5009748;0;75.8886670333333; ;1.93985277777778
P06;8;2.067;1.9921896;0;75.8886670333333; ;1.93985277777778
P06;8;.649;1.8164052;0;75.8886670333333; ;1.93985277777778
P06;8;1.131;0;0;75.8886670333333; ;1.93985277777778
P06;8;.9;.4248072;0;75.8886670333333; ;1.93985277777778
P06;8;2.182;2.2851576;0;75.8886670333333; ;1.93985277777778
P06;8;.243;2.2412124;0;75.8886670333333; ;1.93985277777778
P06;8;2.244;5.6140164;0;75.8886670333333; ;1.93985277777778
P06;8;.817;.9704592;0;75.8886670333333; ;1.93985277777778
P06;8;1.321;1.2744144;0;75.8886670333333; ;1.93985277777778
P06;8;.632;3.0798324;0;75.8886670333333; ;1.93985277777778
P06;8;1.5;.8972172;0;75.8886670333333; ;1.93985277777778
P06;8;.834;1.9335924;0;75.8886670333333; ;1.93985277777778
P06;8;1.017;.966798;0;75.8886670333333; ;1.93985277777778
P06;8;1.85;2.5964352;0;75.8886670333333; ;1.93985277777778
P06;8;1.566;3.4899912;0;75.8886670333333; ;1.93985277777778
P06;8;2.7;2.1093768;0;75.8886670333333; ;1.93985277777778
P06;8;3.549;3.2556168;0;75.8886670333333; ;1.93985277777778
P06;8;1.784;2.0068344;0;75.8886670333333; ;1.93985277777778
P06;8;2.501;3.3837876;0;75.8886670333333; ;1.93985277777778
P06;8;.139;1.2744144;0;75.8886670333333; ;1.93985277777778
P06;8;1.151;2.1826188;0;75.8886670333333; ;1.93985277777778
P06;8;2.584;1.3916016;0;75.8886670333333; ;1.93985277777778
P06;8;2.472;2.2412124;0;75.8886670333333; ;1.93985277777778
P06;8;.566;1.8750024;0;75.8886670333333; ;1.93985277777778
P06;8;2.149;.7910172;0;75.8886670333333; ;1.93985277777778
P06;8;1.783;1.6259796;0;75.8886670333333; ;1.93985277777778
P06;8;2.215;8.4558096;0;75.8886670333333; ;1.93985277777778
P06;8;1.45;.4248072;0;75.8886670333333; ;1.93985277777778
P06;8;1.132;4.7167956;0;75.8886670333333; ;1.93985277777778
P06;8;1;2.7246096;0;75.8886670333333; ;1.93985277777778
P06;8;1.434;4.5263664;0;75.8886670333333; ;1.93985277777778
P06;8;1.35;1.3916016;0;75.8886670333333; ;1.93985277777778
P06;8;1.45;2.4755868;0;75.8886670333333; ;1.93985277777778
P06;8;.65;1.2158208;0;75.8886670333333; ;1.93985277777778
P06;8;1.185;.4980456;0;75.8886670333333; ;1.93985277777778
P06;8;1.534;3.8085948;0;75.8886670333333; ;1.93985277777778
P06;8;2.532;4.9072248;0;75.8886670333333; ;1.93985277777778
P06;8;2.066;8.4488004;1;75.8886670333333; ;1.93985277777778
P06;8;.825;1.7431632;0;75.8886670333333; ;1.93985277777778
P07;1;.822;1.6845732;0;75.0036664; ;2.833596
P07;1;1.517;1.1572272;0;75.0036664; ;2.833596
P07;1;2.033;2.0654316;0;75.0036664; ;2.833596
P07;1;1.957;3.0761748;0;75.0036664; ;2.833596
P07;1;.985;.2343744;0;75.0036664; ;2.833596
P07;1;3.164;1.0839816;0;75.0036664; ;2.833596
P07;1;2.622;4.1638176;0;75.0036664; ;2.833596
P07;1;5.348;4.3505856;0;75.0036664; ;2.833596
P07;1;2.405;1.259766;0;75.0036664; ;2.833596
P07;1;.595;.6152328;0;75.0036664; ;2.833596
P07;1;2.967;2.9003904;0;75.0036664; ;2.833596
P07;1;4.766;2.4169932;0;75.0036664; ;2.833596
P07;1;5.989;2.4755868;0;75.0036664; ;2.833596
P07;1;3.529;4.5886248;0;75.0036664; ;2.833596
P07;1;2.918;1.8164052;0;75.0036664; ;2.833596
P07;1;2.635;1.7578116;0;75.0036664; ;2.833596
P07;1;2.43;3.138426;0;75.0036664; ;2.833596
P07;1;4.821;1.4501952;0;75.0036664; ;2.833596
P07;1;1.762;2.1240252;0;75.0036664; ;2.833596
P07;1;8.236;10.755612;1;75.0036664; ;2.833596
P07;1;3.395;3.9147948;0;75.0036664; ;2.833596
P07;1;1.909;6.2255844;1;75.0036664; ;2.833596
P07;1;2;10.6753608;0;75.0036664; ;2.833596
P07;1;2.454;3.739014;0;75.0036664; ;2.833596
P07;1;2.202;3.3142104;0;75.0036664; ;2.833596
P07;1;4.469;19.785438;1;75.0036664; ;2.833596
P07;1;4.1;6.3464364;0;75.0036664; ;2.833596
P07;1;2.188;8.3567268;0;75.0036664; ;2.833596
P07;1;4.7;15.00795;1;75.0036664; ;2.833596
P07;1;4.298;9.5397948;0;75.0036664; ;2.833596
P07;1;6.835;12.1472172;0;75.0036664; ;2.833596
P07;1;8.35;10.1550312;1;75.0036664; ;2.833596
P07;1;9.752;9.5544432;0;75.0036664; ;2.833596
P07;1;15.002;18.0618372;1;75.0036664; ;2.833596
P07;1;14.89;12.1773528;0;75.0036664; ;2.833596
P07;1;4.285;23.5319832;1;75.0036664; ;2.833596
P07;1;.781;7.8552252;1;75.0036664; ;2.833596
P07;1;.46;4.8229992;0;75.0036664; ;2.833596
P07;2;3.698;6.7126464;0;75.0036664; ;2.833596
P07;2;4.058;10.6727508;0;75.0036664; ;2.833596
P07;2;4.066;7.8210108;0;75.0036664; ;2.833596
P07;2;3.852;6.6394044;0;75.0036664; ;2.833596
P07;2;2.742;3.1494168;0;75.0036664; ;2.833596
P07;2;6.031;4.8229992;0;75.0036664; ;2.833596
P07;2;5.383;7.9724124;0;75.0036664; ;2.833596
P07;2;5.565;9.071046;0;75.0036664; ;2.833596
P07;2;10.792;11.2976064;0;75.0036664; ;2.833596
P07;2;4.011;4.9548348;0;75.0036664; ;2.833596
P07;2;3.426;9.364014;0;75.0036664; ;2.833596
P07;2;2.516;10.98999;0;75.0036664; ;2.833596
P07;2;.497;3.1970232;0;75.0036664; ;2.833596
P07;2;10.816;7.8552252;0;75.0036664; ;2.833596
P07;2;4.225;9.4958532;0;75.0036664; ;2.833596
P07;2;7.217;8.8220232;0;75.0036664; ;2.833596
P07;2;8.6;8.5144068;1;75.0036664; ;2.833596
P07;2;4.266;8.7487776;0;75.0036664; ;2.833596
P07;2;2.85;3.9147984;0;75.0036664; ;2.833596
P07;2;1.583;2.2888152;0;75.0036664; ;2.833596
P07;2;3.664;6.09741;0;75.0036664; ;2.833596
P07;2;3.709;9.3054204;0;75.0036664; ;2.833596
P07;2;3.233;2.5488288;0;75.0036664; ;2.833596
P07;2;9.459;13.7635704;0;75.0036664; ;2.833596
P07;2;8.198;4.365234;0;75.0036664; ;2.833596
P07;2;2.973;19.4450688;1;75.0036664; ;2.833596
P07;2;7.765;24.1297416;0;75.0036664; ;2.833596
P07;2;8.333;9.4812012;1;75.0036664; ;2.833596
P07;2;2.2;11.7719028;0;75.0036664; ;2.833596
P07;2;5.552;7.3132308;0;75.0036664; ;2.833596
P07;6;.431;0;0;75.0036664; ;2.833596
P07;6;.915;2.4902316;0;75.0036664; ;2.833596
P07;6;1.433;2.2412124;0;75.0036664; ;2.833596
P07;6;.584;4.5300276;0;75.0036664; ;2.833596
P07;6;1.787;7.1960436;0;75.0036664; ;2.833596
P07;6;1.285;1.5087924;0;75.0036664; ;2.833596
P07;6;1.916;3.6914076;0;75.0036664; ;2.833596
P07;6;1.547;2.1569832;0;75.0036664; ;2.833596
P07;6;.516;4.5410184;0;75.0036664; ;2.833596
P07;6;.517;1.6573644;1;75.0036664; ;2.833596
P07;6;.816;5.2624512;0;75.0036664; ;2.833596
P07;6;.882;5.9216328;0;75.0036664; ;2.833596
P07;6;1.698;.292968;0;75.0036664; ;2.833596
P07;6;2.383;6.0974136;0;75.0036664; ;2.833596
P07;6;.565;1.8749988;0;75.0036664; ;2.833596
P07;6;1.315;1.6845696;0;75.0036664; ;2.833596
P07;6;2.8;4.2224112;0;75.0036664; ;2.833596
P07;6;1.1;.36621;0;75.0036664; ;2.833596
P07;6;.518;1.8164052;0;75.0036664; ;2.833596
P07;6;3.267;1.992186;0;75.0036664; ;2.833596
P07;6;2.216;2.3474124;0;75.0036664; ;2.833596
P07;6;1.019;.659178;0;75.0036664; ;2.833596
P07;6;.466;2.2998024;0;75.0036664; ;2.833596
P07;6;1.752;.9558108;0;75.0036664; ;2.833596
P07;6;2.451;4.105224;0;75.0036664; ;2.833596
P07;6;1.901;1.333008;0;75.0036664; ;2.833596
P07;6;.9;2.6403804;0;75.0036664; ;2.833596
P07;6;.553;1.5673824;0;75.0036664; ;2.833596
P07;6;.915;7.8552252;0;75.0036664; ;2.833596
P07;6;2.6;5.8483872;0;75.0036664; ;2.833596
P07;6;.917;2.1826152;1;75.0036664; ;2.833596
P07;6;.55;7.473636;1;75.0036664; ;2.833596
P07;6;1.034;1.333008;0;75.0036664; ;2.833596
P07;6;.632;5.1306156;0;75.0036664; ;2.833596
P07;6;1.965;5.0244156;0;75.0036664; ;2.833596
P07;6;2.067;3.6071784;0;75.0036664; ;2.833596
P07;6;1.115;.7910172;0;75.0036664; ;2.833596
P07;6;.719;1.5087888;0;75.0036664; ;2.833596
P07;6;1.55;3.4899912;0;75.0036664; ;2.833596
P07;6;1.798;6.9470208;0;75.0036664; ;2.833596
P07;6;1.9;1.4501952;0;75.0036664; ;2.833596
P07;6;.464;2.1897324;1;75.0036664; ;2.833596
P07;6;1.233;.8496072;0;75.0036664; ;2.833596
P07;6;2.119;2.9480004;0;75.0036664; ;2.833596
P07;6;1.151;3.1970232;0;75.0036664; ;2.833596
P07;6;1.432;1.1572236;0;75.0036664; ;2.833596
P07;6;.549;4.6472184;0;75.0036664; ;2.833596
P07;6;.733;3.5632332;0;75.0036664; ;2.833596
P07;6;1.7;1.7468244;0;75.0036664; ;2.833596
P07;6;1.398;1.6149888;0;75.0036664; ;2.833596
P07;6;1.704;3.2666004;0;75.0036664; ;2.833596
P07;6;1.767;1.0144044;0;75.0036664; ;2.833596
P07;6;3;3.1347648;0;75.0036664; ;2.833596
P07;6;.983;4.291992;0;75.0036664; ;2.833596
P07;6;.689;5.6140128;0;75.0036664; ;2.833596
P07;6;.46;4.7644056;0;75.0036664; ;2.833596
P07;6;1;1.2158208;0;75.0036664; ;2.833596
P07;6;2.932;3.4313976;0;75.0036664; ;2.833596
P07;6;1.767;1.2011724;0;75.0036664; ;2.833596
P07;6;.566;5.072022;0;75.0036664; ;2.833596
P07;6;.567;3.0651876;0;75.0036664; ;2.833596
P07;6;1.682;.7763688;0;75.0036664; ;2.833596
P07;6;2.385;1.6845696;0;75.0036664; ;2.833596
P07;6;.667;.4833972;0;75.0036664; ;2.833596
P07;6;1.719;1.8749988;0;75.0036664; ;2.833596
P07;6;2.319;9.3054204;0;75.0036664; ;2.833596
P07;6;.882;3.0908196;0;75.0036664; ;2.833596
P07;6;.667;5.1892056;0;75.0036664; ;2.833596
P07;6;.864;1.1425788;0;75.0036664; ;2.833596
P07;7;.46;0;0;75.0036664; ;2.833596
P07;7;.426;.7763688;0;75.0036664; ;2.833596
P07;7;.742;3.7500012;0;75.0036664; ;2.833596
P07;7;.96;3.5742168;0;75.0036664; ;2.833596
P07;7;.983;1.1425788;0;75.0036664; ;2.833596
P07;7;.909;1.5820308;0;75.0036664; ;2.833596
P07;7;.725;.1171872;0;75.0036664; ;2.833596
P07;7;.9;1.992186;0;75.0036664; ;2.833596
P07;7;1.066;3.8818368;0;75.0036664; ;2.833596
P07;7;2.184;2.2888152;0;75.0036664; ;2.833596
P07;7;.7;4.291992;0;75.0036664; ;2.833596
P07;7;1.616;3.9843756;0;75.0036664; ;2.833596
P07;7;2.226;3.2080104;0;75.0036664; ;2.833596
P07;7;.51;.1171872;0;75.0036664; ;2.833596
P07;7;.76;.6738264;0;75.0036664; ;2.833596
P07;7;1.092;.9667944;0;75.0036664; ;2.833596
P07;7;.641;4.0429692;0;75.0036664; ;2.833596
P07;7;.626;0;0;75.0036664; ;2.833596
P07;7;.632;1.3916016;0;75.0036664; ;2.833596
P07;7;.75;1.6406244;0;75.0036664; ;2.833596
P07;7;1.584;1.8164088;0;75.0036664; ;2.833596
P07;7;1.834;.1171872;0;75.0036664; ;2.833596
P07;7;.517;2.285154;0;75.0036664; ;2.833596
P07;7;.492;1.0839852;0;75.0036664; ;2.833596
P07;7;2.349;2.1240252;1;75.0036664; ;2.833596
P07;7;.725;3.6328104;1;75.0036664; ;2.833596
P07;7;.475;.7910136;0;75.0036664; ;2.833596
P07;7;.85;.7763652;0;75.0036664; ;2.833596
P07;7;1.758;1.8017568;0;75.0036664; ;2.833596
P07;7;.45;1.8640152;0;75.0036664; ;2.833596
P07;7;.543;1.0290528;0;75.0036664; ;2.833596
P07;7;.951;.5419908;0;75.0036664; ;2.833596
P07;7;1.8;2.724606;0;75.0036664; ;2.833596
P07;7;1.392;2.7136224;0;75.0036664; ;2.833596
P07;7;.475;1.1572272;0;75.0036664; ;2.833596
P07;7;.716;.4248036;0;75.0036664; ;2.833596
P07;7;1.326;1.0839852;0;75.0036664; ;2.833596
P07;7;1.65;1.4978052;0;75.0036664; ;2.833596
P07;7;.6;.7763652;0;75.0036664; ;2.833596
P07;7;1.675;2.358396;0;75.0036664; ;2.833596
P07;7;2.424;.6005844;0;75.0036664; ;2.833596
P07;7;.5;.7324236;0;75.0036664; ;2.833596
P07;7;1.066;.7910172;0;75.0036664; ;2.833596
P07;7;2.559;6.5075688;0;75.0036664; ;2.833596
P07;7;2.232;2.5378416;0;75.0036664; ;2.833596
P07;7;3.534;5.0134248;0;75.0036664; ;2.833596
P07;7;.61;1.2011724;0;75.0036664; ;2.833596
P07;7;.908;1.625976;0;75.0036664; ;2.833596
P07;7;1.275;2.1716316;0;75.0036664; ;2.833596
P07;7;3.658;.600588;0;75.0036664; ;2.833596
P07;7;.75;1.8749988;1;75.0036664; ;2.833596
P07;7;1.067;6.3464328;0;75.0036664; ;2.833596
P07;7;1.408;.600588;0;75.0036664; ;2.833596
P07;7;.483;.8496072;0;75.0036664; ;2.833596
P07;7;1.791;3.4313976;0;75.0036664; ;2.833596
P07;7;1.95;2.2998024;0;75.0036664; ;2.833596
P07;7;.766;.4834008;0;75.0036664; ;2.833596
P07;7;.409;1.5087888;0;75.0036664; ;2.833596
P07;7;1.042;.8349588;0;75.0036664; ;2.833596
P07;8;.666;.8496108;0;75.0036664; ;2.833596
P07;8;.433;.8349624;0;75.0036664; ;2.833596
P07;8;1.11;1.4501952;0;75.0036664; ;2.833596
P07;8;1.3;3.632814;0;75.0036664; ;2.833596
P07;8;1.455;1.7578116;0;75.0036664; ;2.833596
P07;8;1.8;3.3837876;0;75.0036664; ;2.833596
P07;8;1;7.5476088;0;75.0036664; ;2.833596
P07;8;.571;4.3505856;0;75.0036664; ;2.833596
P07;8;.493;1.2158172;0;75.0036664; ;2.833596
P07;8;.788;5.7421872;0;75.0036664; ;2.833596
P07;8;2;3.2666004;0;75.0036664; ;2.833596
P07;8;2.393;3.0908196;0;75.0036664; ;2.833596
P07;8;.51;2.4169932;0;75.0036664; ;2.833596
P07;8;1.856;2.9003904;0;75.0036664; ;2.833596
P07;8;1.957;3.1970232;0;75.0036664; ;2.833596
P07;8;.295;5.0097672;0;75.0036664; ;2.833596
P07;8;1.41;6.8261724;0;75.0036664; ;2.833596
P07;8;1.077;.7324236;0;75.0036664; ;2.833596
P07;8;1.895;.292968;0;75.0036664; ;2.833596
P07;8;1.626;6.2878428;0;75.0036664; ;2.833596
P07;8;.528;6.1552728;0;75.0036664; ;2.833596
P07;8;.771;1.3916016;0;75.0036664; ;2.833596
P07;8;.488;4.7644056;0;75.0036664; ;2.833596
P07;8;.955;1.2744144;0;75.0036664; ;2.833596
P07;8;1.233;2.358396;0;75.0036664; ;2.833596
P07;8;2.362;3.739014;0;75.0036664; ;2.833596
P07;8;2.127;4.3505856;0;75.0036664; ;2.833596
P07;8;.757;.3515652;0;75.0036664; ;2.833596
P07;8;.6;2.4902352;0;75.0036664; ;2.833596
P07;8;2.412;1.1572272;0;75.0036664; ;2.833596
P07;8;3.826;5.7897936;0;75.0036664; ;2.833596
P07;8;.488;7.0111656;0;75.0036664; ;2.833596
P07;8;.895;2.1093732;0;75.0036664; ;2.833596
P07;8;.717;6.2731944;0;75.0036664; ;2.833596
P07;8;2.679;2.2888188;0;75.0036664; ;2.833596
P07;8;1.31;9.1882332;1;75.0036664; ;2.833596
P07;8;3.466;7.0056144;0;75.0036664; ;2.833596
P07;8;2.495;3.9147948;0;75.0036664; ;2.833596
P07;8;.467;.73242;0;75.0036664; ;2.833596
P07;8;1.184;1.333008;0;75.0036664; ;2.833596
P07;8;1.826;4.4128404;0;75.0036664; ;2.833596
P07;8;.822;3.2666004;0;75.0036664; ;2.833596
P07;8;1.188;3.325194;0;75.0036664; ;2.833596
P07;8;2.21;6.77124;0;75.0036664; ;2.833596
P07;8;.243;3.4395552;1;75.0036664; ;2.833596
P07;8;.756;6.697998;0;75.0036664; ;2.833596
P07;8;.661;2.039796;0;75.0036664; ;2.833596
P07;8;1.955;2.5341768;0;75.0036664; ;2.833596
P07;8;2.05;5.1892092;0;75.0036664; ;2.833596
P07;8;1.239;2.666016;0;75.0036664; ;2.833596
P07;8;2.41;5.36499;0;75.0036664; ;2.833596
P07;8;1.376;2.8417968;0;75.0036664; ;2.833596
P07;8;.6;.4248072;0;75.0036664; ;2.833596
P07;8;.895;3.6218268;0;75.0036664; ;2.833596
P07;8;1.333;1.3916016;0;75.0036664; ;2.833596
P07;8;2.284;.966798;0;75.0036664; ;2.833596
P07;8;1.238;3.2519556;0;75.0036664; ;2.833596
P07;8;2.538;5.9216292;0;75.0036664; ;2.833596
P07;8;1.717;4.6472148;0;75.0036664; ;2.833596
P07;8;.922;5.9216292;0;75.0036664; ;2.833596
P07;8;2.962;2.4755868;0;75.0036664; ;2.833596
P07;8;1.95;6.4636236;0;75.0036664; ;2.833596
P07;8;2.388;1.7907696;0;75.0036664; ;2.833596
P07;8;.438;1.333008;0;75.0036664; ;2.833596
P07;8;.727;5.25879;0;75.0036664; ;2.833596
P07;8;2.133;1.3806144;0;75.0036664; ;2.833596
P07;8;.343;6.5507796;0;75.0036664; ;2.833596
P07;8;1.46;8.0895996;0;75.0036664; ;2.833596
P07;8;3.6;6.4636236;0;75.0036664; ;2.833596
P07;8;.545;1.333008;0;75.0036664; ;2.833596
P07;8;.829;4.629744;0;75.0036664; ;2.833596
P07;8;1.571;11.92833;0;75.0036664; ;2.833596
P07;8;.472;4.5146484;0;75.0036664; ;2.833596
P07;8;1.683;9.580392;0;75.0036664; ;2.833596
P07;8;2.655;6.7126464;0;75.0036664; ;2.833596
P07;8;.967;2.358396;0;75.0036664; ;2.833596
P07;8;.538;2.640384;0;75.0036664; ;2.833596
P07;8;.867;4.922712;0;75.0036664; ;2.833596
P07;8;1.457;8.631594;0;75.0036664; ;2.833596
P07;8;2.343;7.7959008;0;75.0036664; ;2.833596
P07;8;.655;5.6140128;0;75.0036664; ;2.833596
P07;8;.333;5.1306156;0;75.0036664; ;2.833596
P07;8;.4;3.9705624;0;75.0036664; ;2.833596
P07;8;.661;6.718194;0;75.0036664; ;2.833596
P07;8;1.438;5.4345708;0;75.0036664; ;2.833596
P07;8;1.817;3.3837876;0;75.0036664; ;2.833596
P07;8;3.799;9.671634;1;75.0036664; ;2.833596
P07;8;.716;6.3394236;0;75.0036664; ;2.833596
P07;8;.772;.36621;0;75.0036664; ;2.833596
P07;8;.328;1.1572236;0;75.0036664; ;2.833596
P08;1;1.027;.4834008;0;94.4390002033334; ;2.63848214285714
P08;1;1.3;0;0;94.4390002033334; ;2.63848214285714
P08;1;1.946;.7763688;0;94.4390002033334; ;2.63848214285714
P08;1;.905;1.640628;0;94.4390002033334; ;2.63848214285714
P08;1;1.744;1.4501952;0;94.4390002033334; ;2.63848214285714
P08;1;1.654;2.4169896;0;94.4390002033334; ;2.63848214285714
P08;1;2.172;.966798;0;94.4390002033334; ;2.63848214285714
P08;1;.433;0;0;94.4390002033334; ;2.63848214285714
P08;1;.505;.5419908;0;94.4390002033334; ;2.63848214285714
P08;1;.633;.5566428;0;94.4390002033334; ;2.63848214285714
P08;1;.46;1.333008;0;94.4390002033334; ;2.63848214285714
P08;1;1.22;.4833972;0;94.4390002033334; ;2.63848214285714
P08;1;1.726;.1171872;0;94.4390002033334; ;2.63848214285714
P08;1;2.333;1.5673824;0;94.4390002033334; ;2.63848214285714
P08;1;2.7;1.5087888;0;94.4390002033334; ;2.63848214285714
P08;1;2.571;2.666016;0;94.4390002033334; ;2.63848214285714
P08;1;.867;.1757844;0;94.4390002033334; ;2.63848214285714
P08;1;1.516;.73242;0;94.4390002033334; ;2.63848214285714
P08;1;3.016;.659178;0;94.4390002033334; ;2.63848214285714
P08;1;.9;1.7578116;0;94.4390002033334; ;2.63848214285714
P08;1;4.461;1.5710436;0;94.4390002033334; ;2.63848214285714
P08;1;2.538;4.764402;0;94.4390002033334; ;2.63848214285714
P08;1;1.846;4.8229992;0;94.4390002033334; ;2.63848214285714
P08;1;2.106;4.031982;0;94.4390002033334; ;2.63848214285714
P08;1;.167;.0585936;0;94.4390002033334; ;2.63848214285714
P08;1;.632;1.6259796;0;94.4390002033334; ;2.63848214285714
P08;1;3.9;3.6914076;0;94.4390002033334; ;2.63848214285714
P08;1;4.805;4.0319856;0;94.4390002033334; ;2.63848214285714
P08;1;6.613;.7177752;0;94.4390002033334; ;2.63848214285714
P08;1;4.173;1.0839852;0;94.4390002033334; ;2.63848214285714
P08;1;3.1;5.072022;0;94.4390002033334; ;2.63848214285714
P08;1;2.061;.9667944;0;94.4390002033334; ;2.63848214285714
P08;1;1.267;.1318356;0;94.4390002033334; ;2.63848214285714
P08;1;3.919;2.6074224;0;94.4390002033334; ;2.63848214285714
P08;1;1.597;1.7578116;0;94.4390002033334; ;2.63848214285714
P08;1;2.183;2.0507796;0;94.4390002033334; ;2.63848214285714
P08;1;.266;.6591816;0;94.4390002033334; ;2.63848214285714
P08;1;1.312;1.1572272;0;94.4390002033334; ;2.63848214285714
P08;1;1.379;1.9372572;0;94.4390002033334; ;2.63848214285714
P08;1;1.587;1.0839816;0;94.4390002033334; ;2.63848214285714
P08;1;3.23;5.2734384;0;94.4390002033334; ;2.63848214285714
P08;1;3.226;5.25879;0;94.4390002033334; ;2.63848214285714
P08;1;2.9;2.9736324;0;94.4390002033334; ;2.63848214285714
P08;1;2.805;4.057614;0;94.4390002033334; ;2.63848214285714
P08;1;.856;.600588;0;94.4390002033334; ;2.63848214285714
P08;1;2.361;4.4677728;0;94.4390002033334; ;2.63848214285714
P08;1;1.878;1.7578116;0;94.4390002033334; ;2.63848214285714
P08;1;.616;.4248072;0;94.4390002033334; ;2.63848214285714
P08;1;1.244;1.8017568;0;94.4390002033334; ;2.63848214285714
P08;1;.772;3.0322296;0;94.4390002033334; ;2.63848214285714
P08;1;1.356;1.0253916;0;94.4390002033334; ;2.63848214285714
P08;1;1.317;.4834008;0;94.4390002033334; ;2.63848214285714
P08;1;2.498;6.63867;0;94.4390002033334; ;2.63848214285714
P08;1;3.015;8.6462424;0;94.4390002033334; ;2.63848214285714
P08;1;.496;5.5546884;1;94.4390002033334; ;2.63848214285714
P08;1;.994;3.9733884;0;94.4390002033334; ;2.63848214285714
P08;1;.45;4.8962376;0;94.4390002033334; ;2.63848214285714
P08;2;.934;2.6074224;0;94.4390002033334; ;2.63848214285714
P08;2;.325;2.8417968;0;94.4390002033334; ;2.63848214285714
P08;2;2.208;.8496072;0;94.4390002033334; ;2.63848214285714
P08;2;2.233;2.8417968;0;94.4390002033334; ;2.63848214285714
P08;2;2.541;2.3583996;0;94.4390002033334; ;2.63848214285714
P08;2;2.527;.7910172;0;94.4390002033334; ;2.63848214285714
P08;2;2.116;1.6259796;0;94.4390002033334; ;2.63848214285714
P08;2;3.1;2.0654316;0;94.4390002033334; ;2.63848214285714
P08;2;2.715;3.2666004;0;94.4390002033334; ;2.63848214285714
P08;2;2.807;4.599612;0;94.4390002033334; ;2.63848214285714
P08;2;2.898;4.031982;0;94.4390002033334; ;2.63848214285714
P08;2;2.455;2.5488288;0;94.4390002033334; ;2.63848214285714
P08;2;2.571;1.8749988;0;94.4390002033334; ;2.63848214285714
P08;2;.281;.0585936;0;94.4390002033334; ;2.63848214285714
P08;2;3.129;2.4755868;0;94.4390002033334; ;2.63848214285714
P08;2;1.914;7.064208;1;94.4390002033334; ;2.63848214285714
P08;2;1.077;2.113038;0;94.4390002033334; ;2.63848214285714
P08;2;.952;2.1093768;0;94.4390002033334; ;2.63848214285714
P08;2;.631;1.2634272;0;94.4390002033334; ;2.63848214285714
P08;2;2.358;2.4316416;0;94.4390002033334; ;2.63848214285714
P08;2;.885;1.3220208;0;94.4390002033334; ;2.63848214285714
P08;2;2.9;1.640628;0;94.4390002033334; ;2.63848214285714
P08;2;1.044;4.339602;0;94.4390002033334; ;2.63848214285714
P08;2;2.375;6.03882;0;94.4390002033334; ;2.63848214285714
P08;2;.444;.36621;0;94.4390002033334; ;2.63848214285714
P08;2;2.159;2.2888188;0;94.4390002033334; ;2.63848214285714
P08;2;.789;1.025388;0;94.4390002033334; ;2.63848214285714
P08;2;1.187;5.7458484;0;94.4390002033334; ;2.63848214285714
P08;2;.45;3.1494168;0;94.4390002033334; ;2.63848214285714
P08;2;1.008;1.14624;0;94.4390002033334; ;2.63848214285714
P08;2;5.161;3.079836;0;94.4390002033334; ;2.63848214285714
P08;2;.32;2.7136224;0;94.4390002033334; ;2.63848214285714
P08;2;3.801;5.072022;0;94.4390002033334; ;2.63848214285714
P08;2;4.292;6.5808108;1;94.4390002033334; ;2.63848214285714
P08;2;2.808;2.6074224;0;94.4390002033334; ;2.63848214285714
P08;2;3.075;4.9401864;0;94.4390002033334; ;2.63848214285714
P08;2;1.428;.4248036;0;94.4390002033334; ;2.63848214285714
P08;2;.533;1.0986336;0;94.4390002033334; ;2.63848214285714
P08;2;2.104;5.0134284;0;94.4390002033334; ;2.63848214285714
P08;2;3.196;1.2158208;0;94.4390002033334; ;2.63848214285714
P08;2;3.425;1.3916016;0;94.4390002033334; ;2.63848214285714
P08;2;2.594;2.9003904;0;94.4390002033334; ;2.63848214285714
P08;2;1.391;.600588;0;94.4390002033334; ;2.63848214285714
P08;2;2.315;4.4714376;0;94.4390002033334; ;2.63848214285714
P08;2;2.364;4.4824248;0;94.4390002033334; ;2.63848214285714
P08;2;1.527;3.3142068;0;94.4390002033334; ;2.63848214285714
P08;2;.644;1.2158208;0;94.4390002033334; ;2.63848214285714
P08;2;.533;1.1425788;0;94.4390002033334; ;2.63848214285714
P08;2;.441;2.1240252;0;94.4390002033334; ;2.63848214285714
P08;2;1.377;2.4902316;0;94.4390002033334; ;2.63848214285714
P08;2;1.587;4.5410148;0;94.4390002033334; ;2.63848214285714
P08;2;.666;1.1425752;0;94.4390002033334; ;2.63848214285714
P08;2;2.004;3.5742204;0;94.4390002033334; ;2.63848214285714
P08;2;.4;4.7753928;0;94.4390002033334; ;2.63848214285714
P08;2;.62;5.9765616;0;94.4390002033334; ;2.63848214285714
P08;2;.767;3.984372;0;94.4390002033334; ;2.63848214285714
P08;2;.933;2.1679668;0;94.4390002033334; ;2.63848214285714
P08;2;4.65;3.925782;0;94.4390002033334; ;2.63848214285714
P08;2;2.638;3.1494132;0;94.4390002033334; ;2.63848214285714
P08;2;.518;1.7578152;0;94.4390002033334; ;2.63848214285714
P08;2;3.263;3.1494132;0;94.4390002033334; ;2.63848214285714
P08;2;.698;.5419908;0;94.4390002033334; ;2.63848214285714
P08;2;1.966;2.5488288;0;94.4390002033334; ;2.63848214285714
P08;2;1.1;.2490228;0;94.4390002033334; ;2.63848214285714
P08;2;2.231;7.1337888;0;94.4390002033334; ;2.63848214285714
P08;2;1.295;2.4755868;0;94.4390002033334; ;2.63848214285714
P08;2;1.067;1.259766;0;94.4390002033334; ;2.63848214285714
P08;2;.819;2.3583996;0;94.4390002033334; ;2.63848214285714
P08;2;.667;4.057614;0;94.4390002033334; ;2.63848214285714
P08;2;.421;1.3916016;0;94.4390002033334; ;2.63848214285714
P08;2;.47;1.0839852;0;94.4390002033334; ;2.63848214285714
P08;2;2.43;4.5410148;1;94.4390002033334; ;2.63848214285714
P08;2;.767;1.625976;0;94.4390002033334; ;2.63848214285714
P08;2;.336;4.99878;0;94.4390002033334; ;2.63848214285714
P08;2;.433;1.7431632;0;94.4390002033334; ;2.63848214285714
P08;2;.7;4.3505892;0;94.4390002033334; ;2.63848214285714
P08;2;.383;1.0253916;0;94.4390002033334; ;2.63848214285714
P08;6;.381;.7324236;0;94.4390002033334; ;2.63848214285714
P08;6;.653;.5566428;0;94.4390002033334; ;2.63848214285714
P08;6;.92;.9082008;0;94.4390002033334; ;2.63848214285714
P08;6;1.27;1.6406244;0;94.4390002033334; ;2.63848214285714
P08;6;1.714;2.6513676;0;94.4390002033334; ;2.63848214285714
P08;6;1.397;4.2333984;0;94.4390002033334; ;2.63848214285714
P08;6;.547;2.4902352;0;94.4390002033334; ;2.63848214285714
P08;6;.32;.966798;0;94.4390002033334; ;2.63848214285714
P08;6;.553;2.2998024;0;94.4390002033334; ;2.63848214285714
P08;6;.7;2.6074224;0;94.4390002033334; ;2.63848214285714
P08;6;.657;3.2666004;0;94.4390002033334; ;2.63848214285714
P08;6;1.333;2.7246096;0;94.4390002033334; ;2.63848214285714
P08;6;1.983;3.6218268;0;94.4390002033334; ;2.63848214285714
P08;6;.886;.36621;0;94.4390002033334; ;2.63848214285714
P08;6;.831;.0585935999999999;0;94.4390002033334; ;2.63848214285714
P08;6;1.164;3.4313976;0;94.4390002033334; ;2.63848214285714
P08;6;1.416;2.7832032;0;94.4390002033334; ;2.63848214285714
P08;6;2.17;3.0908232;0;94.4390002033334; ;2.63848214285714
P08;6;.464;3.1347684;0;94.4390002033334; ;2.63848214285714
P08;6;1.067;3.999024;0;94.4390002033334; ;2.63848214285714
P08;6;2.15;1.9921896;0;94.4390002033334; ;2.63848214285714
P08;6;.869;4.5300312;0;94.4390002033334; ;2.63848214285714
P08;6;.283;2.0507796;0;94.4390002033334; ;2.63848214285714
P08;6;1.047;2.7722196;0;94.4390002033334; ;2.63848214285714
P08;6;1.986;1.333008;0;94.4390002033334; ;2.63848214285714
P08;6;.9;3.6218268;0;94.4390002033334; ;2.63848214285714
P08;6;1.233;.4138164;0;94.4390002033334; ;2.63848214285714
P08;6;.486;4.4238276;0;94.4390002033334; ;2.63848214285714
P08;6;.53;2.4169896;0;94.4390002033334; ;2.63848214285714
P08;6;1;3.4423812;0;94.4390002033334; ;2.63848214285714
P08;6;1.147;5.36499;0;94.4390002033334; ;2.63848214285714
P08;6;2.136;3.9733884;0;94.4390002033334; ;2.63848214285714
P08;6;.566;.966798;0;94.4390002033334; ;2.63848214285714
P08;6;.9;1.2158208;0;94.4390002033334; ;2.63848214285714
P08;6;1.417;3.9294432;0;94.4390002033334; ;2.63848214285714
P08;6;1.967;4.764402;0;94.4390002033334; ;2.63848214285714
P08;6;.703;.6591816;0;94.4390002033334; ;2.63848214285714
P08;6;1.45;2.006838;0;94.4390002033334; ;2.63848214285714
P08;6;1.883;1.8164088;0;94.4390002033334; ;2.63848214285714
P08;6;.817;.5419908;0;94.4390002033334; ;2.63848214285714
P08;6;.533;2.1679704;0;94.4390002033334; ;2.63848214285714
P08;6;1.283;3.6767592;0;94.4390002033334; ;2.63848214285714
P08;6;1.734;4.0319856;0;94.4390002033334; ;2.63848214285714
P08;6;.68;1.0253916;0;94.4390002033334; ;2.63848214285714
P08;6;.77;.4833972;0;94.4390002033334; ;2.63848214285714
P08;6;.933;1.8749988;0;94.4390002033334; ;2.63848214285714
P08;6;1.297;5.7897972;0;94.4390002033334; ;2.63848214285714
P08;6;.633;2.8894032;0;94.4390002033334; ;2.63848214285714
P08;6;.683;2.6074224;0;94.4390002033334; ;2.63848214285714
P08;6;.717;.8496108;0;94.4390002033334; ;2.63848214285714
P08;6;.883;4.5300276;0;94.4390002033334; ;2.63848214285714
P08;6;.464;5.8630392;0;94.4390002033334; ;2.63848214285714
P08;6;1.25;2.6074224;0;94.4390002033334; ;2.63848214285714
P08;6;1.05;1.4501952;0;94.4390002033334; ;2.63848214285714
P08;6;.65;1.1572272;0;94.4390002033334; ;2.63848214285714
P08;6;1;1.9226088;0;94.4390002033334; ;2.63848214285714
P08;6;2.55;4.5153828;0;94.4390002033334; ;2.63848214285714
P08;6;1.303;5.7312036;0;94.4390002033334; ;2.63848214285714
P08;6;.5;1.1572272;0;94.4390002033334; ;2.63848214285714
P08;6;1.383;2.4169896;0;94.4390002033334; ;2.63848214285714
P08;6;2.648;5.4235836;0;94.4390002033334; ;2.63848214285714
P08;6;.716;.6005844;0;94.4390002033334; ;2.63848214285714
P08;6;.683;4.0466304;0;94.4390002033334; ;2.63848214285714
P08;6;2.516;5.9802264;0;94.4390002033334; ;2.63848214285714
P08;6;1.586;4.4567856;0;94.4390002033334; ;2.63848214285714
P08;6;.733;1.8164088;0;94.4390002033334; ;2.63848214285714
P08;6;2.652;4.4677764;0;94.4390002033334; ;2.63848214285714
P08;6;1.053;.7910172;0;94.4390002033334; ;2.63848214285714
P08;6;1.5;1.640628;0;94.4390002033334; ;2.63848214285714
P08;6;.298;.30762;0;94.4390002033334; ;2.63848214285714
P08;7;.554;1.8749988;0;94.4390002033334; ;2.63848214285714
P08;7;.45;.0585899999999999;0;94.4390002033334; ;2.63848214285714
P08;7;.516;1.025388;0;94.4390002033334; ;2.63848214285714
P08;7;.646;.7177752;0;94.4390002033334; ;2.63848214285714
P08;7;.528;.249026400000001;0;94.4390002033334; ;2.63848214285714
P08;7;.884;4.1638176;0;94.4390002033334; ;2.63848214285714
P08;7;.367;1.5087888;0;94.4390002033334; ;2.63848214285714
P08;7;1.171;3.0175776;0;94.4390002033334; ;2.63848214285714
P08;7;.604;1.333008;0;94.4390002033334; ;2.63848214285714
P08;7;.771;2.4755868;0;94.4390002033334; ;2.63848214285714
P08;7;.295;1.5673824;0;94.4390002033334; ;2.63848214285714
P08;7;1.112;1.5234372;0;94.4390002033334; ;2.63848214285714
P08;7;.716;.1318356;0;94.4390002033334; ;2.63848214285714
P08;7;.287;2.8894032;0;94.4390002033334; ;2.63848214285714
P08;7;.7;.4248036;0;94.4390002033334; ;2.63848214285714
P08;7;1.651;2.5488288;0;94.4390002033334; ;2.63848214285714
P08;7;.751;.0585935999999999;0;94.4390002033334; ;2.63848214285714
P08;7;1.028;.0585935999999999;0;94.4390002033334; ;2.63848214285714
P08;7;.255;1.333008;0;94.4390002033334; ;2.63848214285714
P08;7;.304;2.3583996;0;94.4390002033334; ;2.63848214285714
P08;7;1.367;1.9335924;0;94.4390002033334; ;2.63848214285714
P08;7;.562;.7910136;0;94.4390002033334; ;2.63848214285714
P08;7;1.835;1.8749988;0;94.4390002033334; ;2.63848214285714
P08;7;1.301;2.4902352;0;94.4390002033334; ;2.63848214285714
P08;7;.316;.9667944;0;94.4390002033334; ;2.63848214285714
P08;7;.722;2.2412088;0;94.4390002033334; ;2.63848214285714
P08;7;.954;1.0839852;0;94.4390002033334; ;2.63848214285714
P08;7;1.388;.292968;0;94.4390002033334; ;2.63848214285714
P08;7;1.465;1.5673824;0;94.4390002033334; ;2.63848214285714
P08;7;.445;.1171872;0;94.4390002033334; ;2.63848214285714
P08;7;.978;1.1572272;0;94.4390002033334; ;2.63848214285714
P08;7;.437;0;0;94.4390002033334; ;2.63848214285714
P08;7;.771;.1171872;0;94.4390002033334; ;2.63848214285714
P08;7;.9;.7910172;0;94.4390002033334; ;2.63848214285714
P08;7;1.799;0;0;94.4390002033334; ;2.63848214285714
P08;7;1.538;0;0;94.4390002033334; ;2.63848214285714
P08;7;1.332;0;0;94.4390002033334; ;2.63848214285714
P08;7;.455;.4248036;0;94.4390002033334; ;2.63848214285714
P08;7;1.612;.2490264;0;94.4390002033334; ;2.63848214285714
P08;7;1.45;5.5554228;0;94.4390002033334; ;2.63848214285714
P08;7;.789;2.4206544;0;94.4390002033334; ;2.63848214285714
P08;7;.267;.966798;0;94.4390002033334; ;2.63848214285714
P08;7;.65;2.9003904;0;94.4390002033334; ;2.63848214285714
P08;7;.772;.4833972;0;94.4390002033334; ;2.63848214285714
P08;7;.741;1.7578152;0;94.4390002033334; ;2.63848214285714
P08;7;.666;1.025388;0;94.4390002033334; ;2.63848214285714
P08;7;.895;2.3583996;0;94.4390002033334; ;2.63848214285714
P08;7;1.934;2.1093732;0;94.4390002033334; ;2.63848214285714
P08;7;2.1;1.8164052;0;94.4390002033334; ;2.63848214285714
P08;7;.922;6.2146008;0;94.4390002033334; ;2.63848214285714
P08;7;.667;.6005844;0;94.4390002033334; ;2.63848214285714
P08;7;.95;2.2998024;0;94.4390002033334; ;2.63848214285714
P08;7;1.084;1.640628;0;94.4390002033334; ;2.63848214285714
P08;7;1.355;.600588;0;94.4390002033334; ;2.63848214285714
P08;7;1.396;.4248036;0;94.4390002033334; ;2.63848214285714
P08;7;.784;.600588;0;94.4390002033334; ;2.63848214285714
P08;7;.5;.1171872;0;94.4390002033334; ;2.63848214285714
P08;7;.784;3.8562012;0;94.4390002033334; ;2.63848214285714
P08;7;.571;1.8164052;0;94.4390002033334; ;2.63848214285714
P08;7;1.117;2.6513676;0;94.4390002033334; ;2.63848214285714
P08;7;1.138;3.1347648;0;94.4390002033334; ;2.63848214285714
P08;7;1.601;.2343744;0;94.4390002033334; ;2.63848214285714
P08;7;.568;2.1240216;0;94.4390002033334; ;2.63848214285714
P08;7;.705;3.4313976;0;94.4390002033334; ;2.63848214285714
P08;7;.892;1.5673824;0;94.4390002033334; ;2.63848214285714
P08;7;.656;2.406006;0;94.4390002033334; ;2.63848214285714
P08;7;1.235;1.5087888;0;94.4390002033334; ;2.63848214285714
P08;7;.571;0;0;94.4390002033334; ;2.63848214285714
P08;7;2.066;1.2158208;0;94.4390002033334; ;2.63848214285714
P08;7;.538;2.5817868;0;94.4390002033334; ;2.63848214285714
P08;7;1.105;.0585936;0;94.4390002033334; ;2.63848214285714
P08;7;.595;3.3142104;0;94.4390002033334; ;2.63848214285714
P08;7;1.12;2.666016;0;94.4390002033334; ;2.63848214285714
P08;7;2.203;1.1425788;0;94.4390002033334; ;2.63848214285714
P08;7;1.167;1.4501952;0;94.4390002033334; ;2.63848214285714
P08;7;.704;.7653816;0;94.4390002033334; ;2.63848214285714
P08;7;1.072;1.5673824;0;94.4390002033334; ;2.63848214285714
P08;7;1.204;.8496108;0;94.4390002033334; ;2.63848214285714
P08;7;1.333;3.446046;0;94.4390002033334; ;2.63848214285714
P08;7;1.133;4.8815928;0;94.4390002033334; ;2.63848214285714
P08;7;.754;1.259766;0;94.4390002033334; ;2.63848214285714
P08;7;1.238;6.09741;0;94.4390002033334; ;2.63848214285714
P08;7;1.196;4.2810084;0;94.4390002033334; ;2.63848214285714
P08;7;1.488;1.4501952;0;94.4390002033334; ;2.63848214285714
P08;7;1.195;1.805418;0;94.4390002033334; ;2.63848214285714
P08;7;.505;0;0;94.4390002033334; ;2.63848214285714
P08;7;1.066;2.4169932;0;94.4390002033334; ;2.63848214285714
P08;7;1.265;.7910172;0;94.4390002033334; ;2.63848214285714
P08;7;1.288;.5566392;0;94.4390002033334; ;2.63848214285714
P08;7;1.117;1.699218;0;94.4390002033334; ;2.63848214285714
P08;7;.722;.8496108;0;94.4390002033334; ;2.63848214285714
P08;7;1.388;2.4169932;0;94.4390002033334; ;2.63848214285714
P08;7;2.132;2.2412088;0;94.4390002033334; ;2.63848214285714
P08;7;1.755;1.640628;0;94.4390002033334; ;2.63848214285714
P08;7;1.073;.541994400000001;0;94.4390002033334; ;2.63848214285714
P08;7;1.416;.6005844;0;94.4390002033334; ;2.63848214285714
P08;7;.398;0;0;94.4390002033334; ;2.63848214285714
P08;8;.317;1.8750024;0;94.4390002033334; ;2.63848214285714
P08;8;.521;1.5673824;0;94.4390002033334; ;2.63848214285714
P08;8;.456;4.4091828;0;94.4390002033334; ;2.63848214285714
P08;8;.555;3.0175776;0;94.4390002033334; ;2.63848214285714
P08;8;.589;2.6074188;0;94.4390002033334; ;2.63848214285714
P08;8;.477;1.9921896;0;94.4390002033334; ;2.63848214285714
P08;8;.79;.8349624;0;94.4390002033334; ;2.63848214285714
P08;8;.434;2.7246096;0;94.4390002033334; ;2.63848214285714
P08;8;.723;3.325194;0;94.4390002033334; ;2.63848214285714
P08;8;.755;1.7578116;0;94.4390002033334; ;2.63848214285714
P08;8;.766;2.1826188;0;94.4390002033334; ;2.63848214285714
P08;8;.93;2.3583996;0;94.4390002033334; ;2.63848214285714
P08;8;1.061;1.09863;0;94.4390002033334; ;2.63848214285714
P08;8;.9;4.6472184;0;94.4390002033334; ;2.63848214285714
P08;8;1.1;.1171872;0;94.4390002033334; ;2.63848214285714
P08;8;.8;3.4423812;0;94.4390002033334; ;2.63848214285714
P08;8;.966;2.039796;0;94.4390002033334; ;2.63848214285714
P08;8;.81;1.2011724;0;94.4390002033334; ;2.63848214285714
P08;8;.523;1.699218;0;94.4390002033334; ;2.63848214285714
P08;8;.979;3.4570332;0;94.4390002033334; ;2.63848214285714
P08;8;.833;1.5087924;0;94.4390002033334; ;2.63848214285714
P08;8;.855;1.7578116;0;94.4390002033334; ;2.63848214285714
P08;8;1.455;1.5087888;0;94.4390002033334; ;2.63848214285714
P08;8;.994;1.2744144;0;94.4390002033334; ;2.63848214285714
P08;8;.908;.3076164;0;94.4390002033334; ;2.63848214285714
P08;8;.855;.8496108;0;94.4390002033334; ;2.63848214285714
P08;8;.543;.5419908;0;94.4390002033334; ;2.63848214285714
P08;8;.884;2.6513676;0;94.4390002033334; ;2.63848214285714
P08;8;.633;1.5234372;0;94.4390002033334; ;2.63848214285714
P08;8;1.301;.3662136;0;94.4390002033334; ;2.63848214285714
P08;8;.343;1.5673824;0;94.4390002033334; ;2.63848214285714
P08;8;.929;.73242;0;94.4390002033334; ;2.63848214285714
P08;8;.674;3.7390104;0;94.4390002033334; ;2.63848214285714
P08;8;.912;4.1052276;0;94.4390002033334; ;2.63848214285714
P08;8;.728;6.0974136;0;94.4390002033334; ;2.63848214285714
P08;8;.752;4.779054;0;94.4390002033334; ;2.63848214285714
P08;8;1.121;3.3837912;0;94.4390002033334; ;2.63848214285714
P08;8;1.573;5.1892056;0;94.4390002033334; ;2.63848214285714
P08;8;.696;1.6992216;0;94.4390002033334; ;2.63848214285714
P08;8;.989;3.3728004;0;94.4390002033334; ;2.63848214285714
P08;8;1.356;5.072022;0;94.4390002033334; ;2.63848214285714
P08;8;.8;2.592774;0;94.4390002033334; ;2.63848214285714
P08;8;.939;6.7565952;0;94.4390002033334; ;2.63848214285714
P08;8;.833;1.3916016;0;94.4390002033334; ;2.63848214285714
P08;8;.963;1.8640152;0;94.4390002033334; ;2.63848214285714
P08;8;.833;1.0839852;0;94.4390002033334; ;2.63848214285714
P08;8;.79;4.4128404;0;94.4390002033334; ;2.63848214285714
P08;8;1.516;3.0908196;0;94.4390002033334; ;2.63848214285714
P08;8;1.134;.6481944;0;94.4390002033334; ;2.63848214285714
P08;8;1.056;.3515616;0;94.4390002033334; ;2.63848214285714
P08;8;.961;1.5234372;0;94.4390002033334; ;2.63848214285714
P08;8;1.356;2.7099612;0;94.4390002033334; ;2.63848214285714
P08;8;.824;0;0;94.4390002033334; ;2.63848214285714
P08;8;1.71;.78003;0;94.4390002033334; ;2.63848214285714
P08;8;1.612;4.4091828;0;94.4390002033334; ;2.63848214285714
P08;8;1.823;1.6406244;0;94.4390002033334; ;2.63848214285714
P08;8;1.99;3.9147948;0;94.4390002033334; ;2.63848214285714
P08;8;.723;3.3837876;0;94.4390002033334; ;2.63848214285714
P08;8;1.087;4.4714376;0;94.4390002033334; ;2.63848214285714
P08;8;.926;2.9150388;0;94.4390002033334; ;2.63848214285714
P08;8;1.388;1.9482444;0;94.4390002033334; ;2.63848214285714
P08;8;.535;.7324236;0;94.4390002033334; ;2.63848214285714
P08;8;.843;3.5632332;0;94.4390002033334; ;2.63848214285714
P08;8;.689;1.333008;0;94.4390002033334; ;2.63848214285714
P08;8;.966;1.5710436;0;94.4390002033334; ;2.63848214285714
P08;8;.493;3.5742204;0;94.4390002033334; ;2.63848214285714
P08;8;1.29;4.6472184;0;94.4390002033334; ;2.63848214285714
P08;8;1.3;1.0839816;0;94.4390002033334; ;2.63848214285714
P08;8;1.607;3.1970232;0;94.4390002033334; ;2.63848214285714
P08;8;1.505;3.6804204;0;94.4390002033334; ;2.63848214285714
P08;8;.945;3.739014;0;94.4390002033334; ;2.63848214285714
P08;8;1.15;4.8962412;0;94.4390002033334; ;2.63848214285714
P08;8;.893;8.763426;0;94.4390002033334; ;2.63848214285714
P08;8;1.321;4.4714376;0;94.4390002033334; ;2.63848214285714
P08;8;1.726;3.0908196;0;94.4390002033334; ;2.63848214285714
P08;8;1.389;2.8894068;0;94.4390002033334; ;2.63848214285714
P08;8;1.146;1.2048336;0;94.4390002033334; ;2.63848214285714
P08;8;.934;1.640628;0;94.4390002033334; ;2.63848214285714
P08;8;1.254;3.1384296;0;94.4390002033334; ;2.63848214285714
P08;8;.994;1.9335924;0;94.4390002033334; ;2.63848214285714
P08;8;1.862;1.4501952;0;94.4390002033334; ;2.63848214285714
P08;8;1.387;1.7578152;0;94.4390002033334; ;2.63848214285714
P08;8;1.534;2.7136224;0;94.4390002033334; ;2.63848214285714
P08;8;.613;2.4902352;0;94.4390002033334; ;2.63848214285714
P08;8;1.095;7.738038;0;94.4390002033334; ;2.63848214285714
P08;8;.798;6.34644;0;94.4390002033334; ;2.63848214285714
P08;8;.729;3.3837876;0;94.4390002033334; ;2.63848214285714
P08;8;.788;2.9003904;0;94.4390002033334; ;2.63848214285714
P08;8;.839;2.3583996;0;94.4390002033334; ;2.63848214285714
P08;8;1.534;4.5886248;0;94.4390002033334; ;2.63848214285714
P08;8;1.246;1.0253916;0;94.4390002033334; ;2.63848214285714
P08;8;.511;7.064208;0;94.4390002033334; ;2.63848214285714
P08;8;1;2.958984;0;94.4390002033334; ;2.63848214285714
P08;8;.6;6.6394044;0;94.4390002033334; ;2.63848214285714
P08;8;1.267;3.0212388;0;94.4390002033334; ;2.63848214285714
P08;8;.427;7.5678048;0;94.4390002033334; ;2.63848214285714
P08;8;.6;2.4169932;0;94.4390002033334; ;2.63848214285714
P08;8;1.426;3.559572;0;94.4390002033334; ;2.63848214285714
P08;8;1.3;4.5125568;0;94.4390002033334; ;2.63848214285714
P08;8;.933;1.6406244;0;94.4390002033334; ;2.63848214285714
P08;8;.333;.6591816;0;94.4390002033334; ;2.63848214285714
P08;8;1.172;1.333008;0;94.4390002033334; ;2.63848214285714
P08;8;.667;.8496108;0;94.4390002033334; ;2.63848214285714
P08;8;.55;1.0839852;0;94.4390002033334; ;2.63848214285714
P08;8;.876;1.1572272;0;94.4390002033334; ;2.63848214285714
P08;8;1.25;1.625976;0;94.4390002033334; ;2.63848214285714
P08;8;1.75;1.5087888;0;94.4390002033334; ;2.63848214285714
P08;8;.713;.7324236;0;94.4390002033334; ;2.63848214285714
P08;8;.917;3.032226;0;94.4390002033334; ;2.63848214285714
P08;8;.4;1.5673824;0;94.4390002033334; ;2.63848214285714
P08;8;.917;1.699218;0;94.4390002033334; ;2.63848214285714
P08;8;.646;0;0;94.4390002033334; ;2.63848214285714
P08;8;.754;.5566392;0;94.4390002033334; ;2.63848214285714
P08;8;1.4;1.9482444;0;94.4390002033334; ;2.63848214285714
P08;8;1.05;2.9003904;0;94.4390002033334; ;2.63848214285714
P08;8;.35;3.9733884;0;94.4390002033334; ;2.63848214285714
P08;8;1.126;4.7204604;0;94.4390002033334; ;2.63848214285714
P08;8;.969;.6591816;0;94.4390002033334; ;2.63848214285714
P08;8;.289;6.8884272;1;94.4390002033334; ;2.63848214285714
P08;8;.867;7.4890152;0;94.4390002033334; ;2.63848214285714
P08;8;1.467;3.138426;0;94.4390002033334; ;2.63848214285714
P09;1;.002;0;0;109.637000403333; ;1.77155584415584
P09;1;.86;1.2744144;0;109.637000403333; ;1.77155584415584
P09;1;1.491;1.6992216;0;109.637000403333; ;1.77155584415584
P09;1;1.491;.4833972;0;109.637000403333; ;1.77155584415584
P09;1;.193;1.5087924;0;109.637000403333; ;1.77155584415584
P09;1;.766;1.4501952;0;109.637000403333; ;1.77155584415584
P09;1;1.566;1.7431668;0;109.637000403333; ;1.77155584415584
P09;1;1.583;1.625976;0;109.637000403333; ;1.77155584415584
P09;1;1.726;2.5488288;0;109.637000403333; ;1.77155584415584
P09;1;1.951;.7177752;0;109.637000403333; ;1.77155584415584
P09;1;1.931;1.9335924;0;109.637000403333; ;1.77155584415584
P09;1;2.705;2.8564488;0;109.637000403333; ;1.77155584415584
P09;1;2.228;1.933596;0;109.637000403333; ;1.77155584415584
P09;1;1.35;1.6845696;0;109.637000403333; ;1.77155584415584
P09;1;3.98;2.6074224;0;109.637000403333; ;1.77155584415584
P09;1;1.866;.8496108;0;109.637000403333; ;1.77155584415584
P09;1;1.323;1.0986336;0;109.637000403333; ;1.77155584415584
P09;1;1.717;1.1425788;0;109.637000403333; ;1.77155584415584
P09;1;1.911;.4833972;0;109.637000403333; ;1.77155584415584
P09;1;2.033;.7910172;0;109.637000403333; ;1.77155584415584
P09;1;3.978;.3662136;0;109.637000403333; ;1.77155584415584
P09;1;2.147;1.0144044;0;109.637000403333; ;1.77155584415584
P09;1;.57;.36621;1;109.637000403333; ;1.77155584415584
P09;1;1.592;.73242;0;109.637000403333; ;1.77155584415584
P09;1;1.683;.1318356;0;109.637000403333; ;1.77155584415584
P09;1;1.118;1.0839852;0;109.637000403333; ;1.77155584415584
P09;1;1.283;0;0;109.637000403333; ;1.77155584415584
P09;1;1.072;.1171872;0;109.637000403333; ;1.77155584415584
P09;1;1.29;.600588;0;109.637000403333; ;1.77155584415584
P09;1;1.219;.5419944;0;109.637000403333; ;1.77155584415584
P09;1;1.833;.966798;0;109.637000403333; ;1.77155584415584
P09;1;.465;.1171908;0;109.637000403333; ;1.77155584415584
P09;1;.81;.36621;0;109.637000403333; ;1.77155584415584
P09;1;1.634;.9082044;0;109.637000403333; ;1.77155584415584
P09;1;1.764;.5419944;0;109.637000403333; ;1.77155584415584
P09;1;.229;.4248036;0;109.637000403333; ;1.77155584415584
P09;1;1.399;.4248036;0;109.637000403333; ;1.77155584415584
P09;1;2.174;.659178;0;109.637000403333; ;1.77155584415584
P09;1;2.302;1.1425752;0;109.637000403333; ;1.77155584415584
P09;1;1.783;.36621;0;109.637000403333; ;1.77155584415584
P09;1;2.537;.7763652;0;109.637000403333; ;1.77155584415584
P09;1;1.635;1.5820308;0;109.637000403333; ;1.77155584415584
P09;1;1.548;.7763688;0;109.637000403333; ;1.77155584415584
P09;1;1.196;.292968;0;109.637000403333; ;1.77155584415584
P09;1;1.376;.7177716;0;109.637000403333; ;1.77155584415584
P09;1;1.702;.4101588;0;109.637000403333; ;1.77155584415584
P09;1;.789;.4834008;0;109.637000403333; ;1.77155584415584
P09;1;1.2;.8496108;0;109.637000403333; ;1.77155584415584
P09;1;2.167;.73242;0;109.637000403333; ;1.77155584415584
P09;1;.518;.9082044;1;109.637000403333; ;1.77155584415584
P09;1;.7;.9814464;0;109.637000403333; ;1.77155584415584
P09;1;1.867;.4834008;0;109.637000403333; ;1.77155584415584
P09;1;1.681;0;0;109.637000403333; ;1.77155584415584
P09;1;1.722;.1171872;0;109.637000403333; ;1.77155584415584
P09;1;.735;.7910136;1;109.637000403333; ;1.77155584415584
P09;1;1.331;.6591816;0;109.637000403333; ;1.77155584415584
P09;1;1.002;.234374399999999;0;109.637000403333; ;1.77155584415584
P09;1;.871;.2490264;0;109.637000403333; ;1.77155584415584
P09;1;.369;.0585971999999998;0;109.637000403333; ;1.77155584415584
P09;1;1.067;1.1572272;0;109.637000403333; ;1.77155584415584
P09;1;1.039;1.0839816;0;109.637000403333; ;1.77155584415584
P09;1;.885;0;0;109.637000403333; ;1.77155584415584
P09;1;.794;.67383;0;109.637000403333; ;1.77155584415584
P09;1;.426;0;0;109.637000403333; ;1.77155584415584
P09;2;1.75;3.0175776;0;109.637000403333; ;1.77155584415584
P09;2;1.959;3.1494132;0;109.637000403333; ;1.77155584415584
P09;2;1.497;2.4902316;1;109.637000403333; ;1.77155584415584
P09;2;1.975;2.0507796;0;109.637000403333; ;1.77155584415584
P09;2;2.466;1.4648436;0;109.637000403333; ;1.77155584415584
P09;2;3.084;2.7246096;0;109.637000403333; ;1.77155584415584
P09;2;1.55;.9082008;0;109.637000403333; ;1.77155584415584
P09;2;4.666;2.3583996;0;109.637000403333; ;1.77155584415584
P09;2;2.959;1.1425788;0;109.637000403333; ;1.77155584415584
P09;2;5.534;2.0507796;0;109.637000403333; ;1.77155584415584
P09;2;2.25;.7910136;0;109.637000403333; ;1.77155584415584
P09;2;3.103;.8496108;0;109.637000403333; ;1.77155584415584
P09;2;1.282;1.0253916;0;109.637000403333; ;1.77155584415584
P09;2;2.941;.2490228;0;109.637000403333; ;1.77155584415584
P09;2;2.147;1.7578152;0;109.637000403333; ;1.77155584415584
P09;2;2.916;.1757808;0;109.637000403333; ;1.77155584415584
P09;2;2.366;0;0;109.637000403333; ;1.77155584415584
P09;2;5.892;1.625976;0;109.637000403333; ;1.77155584415584
P09;2;.317;.0585972;0;109.637000403333; ;1.77155584415584
P09;2;1.631;.1757808;0;109.637000403333; ;1.77155584415584
P09;2;.641;0;0;109.637000403333; ;1.77155584415584
P09;2;3.417;2.1093732;0;109.637000403333; ;1.77155584415584
P09;2;2.256;2.6074224;0;109.637000403333; ;1.77155584415584
P09;2;1.288;.1757844;0;109.637000403333; ;1.77155584415584
P09;2;4.525;.9082008;1;109.637000403333; ;1.77155584415584
P09;2;.441;.8496108;1;109.637000403333; ;1.77155584415584
P09;2;.566;.4101552;0;109.637000403333; ;1.77155584415584
P09;2;3.254;1.8640152;1;109.637000403333; ;1.77155584415584
P09;2;.512;2.7832032;0;109.637000403333; ;1.77155584415584
P09;2;.496;.8386236;1;109.637000403333; ;1.77155584415584
P09;2;.933;2.3474124;0;109.637000403333; ;1.77155584415584
P09;2;.756;.4834008;0;109.637000403333; ;1.77155584415584
P09;2;1.424;.292968;0;109.637000403333; ;1.77155584415584
P09;2;.658;1.2158208;0;109.637000403333; ;1.77155584415584
P09;2;1.725;1.0253916;0;109.637000403333; ;1.77155584415584
P09;2;3.041;1.6992216;0;109.637000403333; ;1.77155584415584
P09;2;.857;1.0253916;1;109.637000403333; ;1.77155584415584
P09;2;1.433;.6152364;0;109.637000403333; ;1.77155584415584
P09;2;2.638;1.567386;0;109.637000403333; ;1.77155584415584
P09;2;.559;0;0;109.637000403333; ;1.77155584415584
P09;2;1.358;1.6406244;0;109.637000403333; ;1.77155584415584
P09;2;.7;1.8017568;0;109.637000403333; ;1.77155584415584
P09;2;1.208;.3662136;0;109.637000403333; ;1.77155584415584
P09;2;1.691;0;0;109.637000403333; ;1.77155584415584
P09;2;2.267;1.5673824;0;109.637000403333; ;1.77155584415584
P09;2;1.5;.9082008;0;109.637000403333; ;1.77155584415584
P09;2;1.433;.1318356;0;109.637000403333; ;1.77155584415584
P09;2;1.709;.2490228;0;109.637000403333; ;1.77155584415584
P09;2;2.496;2.1679704;0;109.637000403333; ;1.77155584415584
P09;2;1.028;2.4169932;0;109.637000403333; ;1.77155584415584
P09;2;.53;1.3916016;0;109.637000403333; ;1.77155584415584
P09;2;.8;.7763652;0;109.637000403333; ;1.77155584415584
P09;2;2.291;.1171872;0;109.637000403333; ;1.77155584415584
P09;2;.438;.67383;0;109.637000403333; ;1.77155584415584
P09;2;.25;0;0;109.637000403333; ;1.77155584415584
P09;6;1.017;1.4501952;0;109.637000403333; ;1.77155584415584
P09;6;2.959;5.2734348;0;109.637000403333; ;1.77155584415584
P09;6;.733;.7910136;0;109.637000403333; ;1.77155584415584
P09;6;3.53;2.6660124;0;109.637000403333; ;1.77155584415584
P09;6;.367;2.4902352;0;109.637000403333; ;1.77155584415584
P09;6;1.98;3.6914076;0;109.637000403333; ;1.77155584415584
P09;6;2.847;3.339846;0;109.637000403333; ;1.77155584415584
P09;6;2.853;2.1240216;0;109.637000403333; ;1.77155584415584
P09;6;2.7;3.8085912;0;109.637000403333; ;1.77155584415584
P09;6;3.786;1.1425788;1;109.637000403333; ;1.77155584415584
P09;6;.13;0;1;109.637000403333; ;1.77155584415584
P09;6;.844;.966798;0;109.637000403333; ;1.77155584415584
P09;6;1.125;.966798;0;109.637000403333; ;1.77155584415584
P09;6;2.311;1.8749988;0;109.637000403333; ;1.77155584415584
P09;6;.6;1.0839852;0;109.637000403333; ;1.77155584415584
P09;6;1.733;.9082044;0;109.637000403333; ;1.77155584415584
P09;6;2.22;1.567386;0;109.637000403333; ;1.77155584415584
P09;6;.608;.8496108;0;109.637000403333; ;1.77155584415584
P09;6;1.553;1.9482408;0;109.637000403333; ;1.77155584415584
P09;6;3.4;3.5009748;1;109.637000403333; ;1.77155584415584
P09;6;.392;0;1;109.637000403333; ;1.77155584415584
P09;6;.85;.36621;0;109.637000403333; ;1.77155584415584
P09;6;1.853;2.299806;0;109.637000403333; ;1.77155584415584
P09;6;1.925;3.2080068;0;109.637000403333; ;1.77155584415584
P09;6;2.086;1.9226088;0;109.637000403333; ;1.77155584415584
P09;6;2.6;1.0839852;0;109.637000403333; ;1.77155584415584
P09;6;2.75;4.5739764;0;109.637000403333; ;1.77155584415584
P09;6;2.886;2.2412124;0;109.637000403333; ;1.77155584415584
P09;6;3.284;3.079836;0;109.637000403333; ;1.77155584415584
P09;6;.5;1.625976;0;109.637000403333; ;1.77155584415584
P09;6;3.169;.6005844;0;109.637000403333; ;1.77155584415584
P09;6;1.825;.7763688;0;109.637000403333; ;1.77155584415584
P09;6;.422;3.3142068;0;109.637000403333; ;1.77155584415584
P09;6;3.034;2.406006;0;109.637000403333; ;1.77155584415584
P09;6;3.58;7.0056144;0;109.637000403333; ;1.77155584415584
P09;6;.784;2.1826152;0;109.637000403333; ;1.77155584415584
P09;6;2.833;4.1638176;0;109.637000403333; ;1.77155584415584
P09;6;2.934;1.8164052;0;109.637000403333; ;1.77155584415584
P09;6;3.125;7.064208;0;109.637000403333; ;1.77155584415584
P09;6;3.963;3.2666004;0;109.637000403333; ;1.77155584415584
P09;6;.666;1.1572236;0;109.637000403333; ;1.77155584415584
P09;6;.372;2.1240252;0;109.637000403333; ;1.77155584415584
P09;7;.467;4.339602;0;109.637000403333; ;1.77155584415584
P09;7;1.15;3.1494132;0;109.637000403333; ;1.77155584415584
P09;7;.902;.483397199999999;0;109.637000403333; ;1.77155584415584
P09;7;1.385;.3515616;0;109.637000403333; ;1.77155584415584
P09;7;1.702;3.5742204;0;109.637000403333; ;1.77155584415584
P09;7;2.3;6.1560072;0;109.637000403333; ;1.77155584415584
P09;7;1.567;1.3916016;0;109.637000403333; ;1.77155584415584
P09;7;2.566;1.4501952;0;109.637000403333; ;1.77155584415584
P09;7;2.185;4.8229992;0;109.637000403333; ;1.77155584415584
P09;7;.601;.67383;0;109.637000403333; ;1.77155584415584
P09;7;3.036;4.1748048;0;109.637000403333; ;1.77155584415584
P09;7;4.402;4.5263664;1;109.637000403333; ;1.77155584415584
P09;7;.699;.4101552;1;109.637000403333; ;1.77155584415584
P09;7;1.698;1.04004;1;109.637000403333; ;1.77155584415584
P09;7;3.149;1.5820308;0;109.637000403333; ;1.77155584415584
P09;7;2.764;2.1240216;0;109.637000403333; ;1.77155584415584
P09;7;.7;2.2412124;0;109.637000403333; ;1.77155584415584
P09;7;1.883;1.8749988;0;109.637000403333; ;1.77155584415584
P09;7;1.8;1.3769532;0;109.637000403333; ;1.77155584415584
P09;7;4.484;4.5300312;0;109.637000403333; ;1.77155584415584
P09;7;1.135;2.4169932;0;109.637000403333; ;1.77155584415584
P09;7;2.383;1.8164052;0;109.637000403333; ;1.77155584415584
P09;7;2.699;4.3981956;0;109.637000403333; ;1.77155584415584
P09;7;3.383;3.2666004;0;109.637000403333; ;1.77155584415584
P09;7;.567;1.5820308;1;109.637000403333; ;1.77155584415584
P09;7;1.267;1.640628;0;109.637000403333; ;1.77155584415584
P09;7;1.733;6.71265;0;109.637000403333; ;1.77155584415584
P09;7;3.519;4.1015628;0;109.637000403333; ;1.77155584415584
P09;7;.601;.2343744;0;109.637000403333; ;1.77155584415584
P09;7;5.034;2.4755868;1;109.637000403333; ;1.77155584415584
P09;7;.367;1.8749988;1;109.637000403333; ;1.77155584415584
P09;7;.867;1.1425788;0;109.637000403333; ;1.77155584415584
P09;7;1.082;2.7832068;0;109.637000403333; ;1.77155584415584
P09;7;1.485;2.8418004;0;109.637000403333; ;1.77155584415584
P09;7;1.915;5.1306156;0;109.637000403333; ;1.77155584415584
P09;7;.634;.4834008;0;109.637000403333; ;1.77155584415584
P09;7;3.366;6.7565952;0;109.637000403333; ;1.77155584415584
P09;7;.818;.966798;0;109.637000403333; ;1.77155584415584
P09;7;1.281;.9082044;0;109.637000403333; ;1.77155584415584
P09;7;1.518;3.1237776;0;109.637000403333; ;1.77155584415584
P09;7;3.334;4.7644056;0;109.637000403333; ;1.77155584415584
P09;7;2.982;7.005618;1;109.637000403333; ;1.77155584415584
P09;7;1.351;.2343744;0;109.637000403333; ;1.77155584415584
P09;7;1.6;2.1240252;0;109.637000403333; ;1.77155584415584
P09;7;1.882;.0585936;0;109.637000403333; ;1.77155584415584
P09;7;2.465;2.7246096;0;109.637000403333; ;1.77155584415584
P09;7;1.85;.7763688;0;109.637000403333; ;1.77155584415584
P09;7;3.618;3.372804;0;109.637000403333; ;1.77155584415584
P09;7;1.585;.4248072;0;109.637000403333; ;1.77155584415584
P09;7;3.965;3.2666004;0;109.637000403333; ;1.77155584415584
P09;7;1.118;1.0876464;0;109.637000403333; ;1.77155584415584
P09;7;4.302;3.3251976;0;109.637000403333; ;1.77155584415584
P09;7;2.667;5.4492192;1;109.637000403333; ;1.77155584415584
P09;7;3.516;5.9326164;0;109.637000403333; ;1.77155584415584
P09;7;1.249;3.4423812;0;109.637000403333; ;1.77155584415584
P09;7;.378;2.6074224;0;109.637000403333; ;1.77155584415584
P09;8;1.184;1.5234372;0;109.637000403333; ;1.77155584415584
P09;8;1.07;3.4460424;0;109.637000403333; ;1.77155584415584
P09;8;1.613;3.0175776;0;109.637000403333; ;1.77155584415584
P09;8;1.081;.6591816;0;109.637000403333; ;1.77155584415584
P09;8;1.086;2.0068344;0;109.637000403333; ;1.77155584415584
P09;8;2.783;2.2851576;0;109.637000403333; ;1.77155584415584
P09;8;1.282;2.2412088;0;109.637000403333; ;1.77155584415584
P09;8;1.019;1.6845696;0;109.637000403333; ;1.77155584415584
P09;8;1.05;3.9404304;0;109.637000403333; ;1.77155584415584
P09;8;3;4.9401864;0;109.637000403333; ;1.77155584415584
P09;8;2.369;2.299806;0;109.637000403333; ;1.77155584415584
P09;8;.765;1.2011724;0;109.637000403333; ;1.77155584415584
P09;8;2.053;5.5554228;0;109.637000403333; ;1.77155584415584
P09;8;2.435;1.5673824;0;109.637000403333; ;1.77155584415584
P09;8;2.035;3.0798324;0;109.637000403333; ;1.77155584415584
P09;8;3.467;3.0175776;0;109.637000403333; ;1.77155584415584
P09;8;2.201;2.2155768;0;109.637000403333; ;1.77155584415584
P09;8;2.884;8.5730004;0;109.637000403333; ;1.77155584415584
P09;8;1.319;2.406006;0;109.637000403333; ;1.77155584415584
P09;8;1.981;1.8749988;0;109.637000403333; ;1.77155584415584
P09;8;.417;6.6540528;0;109.637000403333; ;1.77155584415584
P09;8;1.283;7.8405768;0;109.637000403333; ;1.77155584415584
P09;8;2.553;3.8671884;0;109.637000403333; ;1.77155584415584
P09;8;1.95;6.6394044;0;109.637000403333; ;1.77155584415584
P09;8;1.066;5.551758;0;109.637000403333; ;1.77155584415584
P09;8;1.202;2.5231932;0;109.637000403333; ;1.77155584415584
P09;8;2.432;3.7500012;0;109.637000403333; ;1.77155584415584
P09;8;4.534;8.8220196;1;109.637000403333; ;1.77155584415584
P09;8;1.168;2.7832068;1;109.637000403333; ;1.77155584415584
P09;8;1.232;4.0466304;0;109.637000403333; ;1.77155584415584
P09;8;1.751;8.104248;0;109.637000403333; ;1.77155584415584
P09;8;1.202;4.0466304;0;109.637000403333; ;1.77155584415584
P09;8;2.335;4.5886212;0;109.637000403333; ;1.77155584415584
P09;8;2.135;7.9724124;0;109.637000403333; ;1.77155584415584
P09;8;1.582;6.5808108;0;109.637000403333; ;1.77155584415584
P09;8;2.548;2.7246096;0;109.637000403333; ;1.77155584415584
P09;8;3.183;5.9216328;0;109.637000403333; ;1.77155584415584
P09;8;1.868;2.9626488;0;109.637000403333; ;1.77155584415584
P09;8;3.333;7.4304216;1;109.637000403333; ;1.77155584415584
P09;8;.633;1.549386;1;109.637000403333; ;1.77155584415584
P09;8;.9;2.8308096;0;109.637000403333; ;1.77155584415584
P09;8;.952;7.664796;0;109.637000403333; ;1.77155584415584
P09;8;1.897;1.5673824;0;109.637000403333; ;1.77155584415584
P09;8;1.517;1.4501952;0;109.637000403333; ;1.77155584415584
P09;8;2.566;1.025388;0;109.637000403333; ;1.77155584415584
P09;8;1.932;.4833972;0;109.637000403333; ;1.77155584415584
P09;8;5.535;5.3210448;0;109.637000403333; ;1.77155584415584
P09;8;.883;.131832;0;109.637000403333; ;1.77155584415584
P09;8;2.748;4.1015628;0;109.637000403333; ;1.77155584415584
P09;8;4.518;7.7233896;0;109.637000403333; ;1.77155584415584
P09;8;3.218;4.3505892;1;109.637000403333; ;1.77155584415584
P09;8;2.15;6.9470244;1;109.637000403333; ;1.77155584415584
P09;8;2.666;7.3681632;1;109.637000403333; ;1.77155584415584
P09;8;.665;6.1335108;0;109.637000403333; ;1.77155584415584
P09;8;.547;2.7099612;1;109.637000403333; ;1.77155584415584
P09;8;1.615;9.656982;1;109.637000403333; ;1.77155584415584
P09;8;2.135;9.3054204;0;109.637000403333; ;1.77155584415584
P09;8;1.55;7.1960436;1;109.637000403333; ;1.77155584415584
P09;8;1.783;2.1240216;0;109.637000403333; ;1.77155584415584
P09;8;3.55;7.9724124;1;109.637000403333; ;1.77155584415584
P09;8;.45;2.1826188;1;109.637000403333; ;1.77155584415584
P09;8;1.245;4.3542468;1;109.637000403333; ;1.77155584415584
P09;8;1.461;2.6074224;0;109.637000403333; ;1.77155584415584
P09;8;1.617;7.7966316;0;109.637000403333; ;1.77155584415584
P09;8;1.735;2.1240252;0;109.637000403333; ;1.77155584415584
P09;8;.652;2.4169932;0;109.637000403333; ;1.77155584415584
P09;8;2.424;.9082044;0;109.637000403333; ;1.77155584415584
P09;8;1.524;11.1218256;1;109.637000403333; ;1.77155584415584
P09;8;1.678;4.3505856;1;109.637000403333; ;1.77155584415584
P09;8;1.157;6.7181904;0;109.637000403333; ;1.77155584415584
P09;8;.526;.2343744;0;109.637000403333; ;1.77155584415584
P09;8;3.491;3.3837876;0;109.637000403333; ;1.77155584415584
P09;8;1.25;.966798;0;109.637000403333; ;1.77155584415584
P09;8;1.161;.3076164;1;109.637000403333; ;1.77155584415584
P10;1;.687;.4833972;0;83.1873338166667; ;2.06996769230769
P10;1;.396;.1171872;0;83.1873338166667; ;2.06996769230769
P10;1;.779;.36621;0;83.1873338166667; ;2.06996769230769
P10;1;.983;.36621;0;83.1873338166667; ;2.06996769230769
P10;1;1.247;.2929716;0;83.1873338166667; ;2.06996769230769
P10;1;1.346;.2929716;0;83.1873338166667; ;2.06996769230769
P10;1;1.41;1.2158172;0;83.1873338166667; ;2.06996769230769
P10;1;1.255;.73242;0;83.1873338166667; ;2.06996769230769
P10;1;2.026;.1904292;0;83.1873338166667; ;2.06996769230769
P10;1;1.847;.6005844;0;83.1873338166667; ;2.06996769230769
P10;1;2.467;.4833972;0;83.1873338166667; ;2.06996769230769
P10;1;2.158;.7324236;0;83.1873338166667; ;2.06996769230769
P10;1;2.676;.8496108;0;83.1873338166667; ;2.06996769230769
P10;1;1.414;.966798;0;83.1873338166667; ;2.06996769230769
P10;1;1.418;.7910136;0;83.1873338166667; ;2.06996769230769
P10;1;2.315;.3076164;0;83.1873338166667; ;2.06996769230769
P10;1;2.353;.2490228;0;83.1873338166667; ;2.06996769230769
P10;1;2.257;.3076164;0;83.1873338166667; ;2.06996769230769
P10;1;1.5;0;0;83.1873338166667; ;2.06996769230769
P10;1;1.147;.600588;0;83.1873338166667; ;2.06996769230769
P10;1;1.55;0;0;83.1873338166667; ;2.06996769230769
P10;1;1.68;.5419944;0;83.1873338166667; ;2.06996769230769
P10;1;2.887;.4833972;0;83.1873338166667; ;2.06996769230769
P10;1;1.819;.5419944;0;83.1873338166667; ;2.06996769230769
P10;1;1.054;.6738264;0;83.1873338166667; ;2.06996769230769
P10;1;1.996;.36621;0;83.1873338166667; ;2.06996769230769
P10;1;2.514;.5419944;0;83.1873338166667; ;2.06996769230769
P10;1;1.53;1.0839816;0;83.1873338166667; ;2.06996769230769
P10;1;2.25;.5419908;0;83.1873338166667; ;2.06996769230769
P10;1;2.181;.7324236;0;83.1873338166667; ;2.06996769230769
P10;1;1.39;.30762;0;83.1873338166667; ;2.06996769230769
P10;1;1.671;.7910172;0;83.1873338166667; ;2.06996769230769
P10;1;2.067;.4248036;0;83.1873338166667; ;2.06996769230769
P10;1;2.26;.6738264;0;83.1873338166667; ;2.06996769230769
P10;1;2.161;.1757808;0;83.1873338166667; ;2.06996769230769
P10;1;1.866;.3076164;0;83.1873338166667; ;2.06996769230769
P10;1;1.853;.4833972;0;83.1873338166667; ;2.06996769230769
P10;1;2.159;.0732456000000003;0;83.1873338166667; ;2.06996769230769
P10;1;2.366;.4834008;0;83.1873338166667; ;2.06996769230769
P10;1;2.216;.1171872;0;83.1873338166667; ;2.06996769230769
P10;1;.7;.3076164;0;83.1873338166667; ;2.06996769230769
P10;1;2.264;1.1425788;0;83.1873338166667; ;2.06996769230769
P10;1;2.085;.6738264;0;83.1873338166667; ;2.06996769230769
P10;1;.57;1.0253916;0;83.1873338166667; ;2.06996769230769
P10;1;.578;1.8749988;0;83.1873338166667; ;2.06996769230769
P10;2;1.724;.1757844;0;83.1873338166667; ;2.06996769230769
P10;2;1.812;.2490228;0;83.1873338166667; ;2.06996769230769
P10;2;2.092;.36621;0;83.1873338166667; ;2.06996769230769
P10;2;2.5;.36621;0;83.1873338166667; ;2.06996769230769
P10;2;1.817;.966798;0;83.1873338166667; ;2.06996769230769
P10;2;.983;.7910172;0;83.1873338166667; ;2.06996769230769
P10;2;1.483;.36621;0;83.1873338166667; ;2.06996769230769
P10;2;1.729;1.3916016;0;83.1873338166667; ;2.06996769230769
P10;2;1.776;1.5234372;0;83.1873338166667; ;2.06996769230769
P10;2;2.262;.2343744;0;83.1873338166667; ;2.06996769230769
P10;2;2.995;.3662136;0;83.1873338166667; ;2.06996769230769
P10;2;2.228;.0585936;0;83.1873338166667; ;2.06996769230769
P10;2;2.883;1.04004;0;83.1873338166667; ;2.06996769230769
P10;2;3.4;.3662136;0;83.1873338166667; ;2.06996769230769
P10;2;2.614;0;0;83.1873338166667; ;2.06996769230769
P10;2;2.345;1.3916016;0;83.1873338166667; ;2.06996769230769
P10;2;1.667;1.3806144;0;83.1873338166667; ;2.06996769230769
P10;2;2.911;1.0839852;0;83.1873338166667; ;2.06996769230769
P10;2;1.433;1.640628;0;83.1873338166667; ;2.06996769230769
P10;2;1.288;.9814464;0;83.1873338166667; ;2.06996769230769
P10;2;2.614;.4248036;0;83.1873338166667; ;2.06996769230769
P10;2;1.026;.2343744;0;83.1873338166667; ;2.06996769230769
P10;2;3.061;.1318356;0;83.1873338166667; ;2.06996769230769
P10;2;4.216;2.479248;0;83.1873338166667; ;2.06996769230769
P10;2;2.812;2.772216;0;83.1873338166667; ;2.06996769230769
P10;2;3.436;.7214328;0;83.1873338166667; ;2.06996769230769
P10;2;1.045;1.5563952;0;83.1873338166667; ;2.06996769230769
P10;2;2.209;1.1425752;0;83.1873338166667; ;2.06996769230769
P10;2;2.666;1.625976;0;83.1873338166667; ;2.06996769230769
P10;2;3.05;1.5673824;0;83.1873338166667; ;2.06996769230769
P10;2;1.824;1.5820344;0;83.1873338166667; ;2.06996769230769
P10;2;2.345;1.1572272;0;83.1873338166667; ;2.06996769230769
P10;2;2.05;.1757808;0;83.1873338166667; ;2.06996769230769
P10;2;2.495;.1757808;1;83.1873338166667; ;2.06996769230769
P10;2;2.216;1.2158208;0;83.1873338166667; ;2.06996769230769
P10;2;2.383;.659178;0;83.1873338166667; ;2.06996769230769
P10;2;2.443;.4834008;0;83.1873338166667; ;2.06996769230769
P10;2;2.666;.7177752;0;83.1873338166667; ;2.06996769230769
P10;2;2.471;1.2744144;0;83.1873338166667; ;2.06996769230769
P10;2;2.658;.4980456;0;83.1873338166667; ;2.06996769230769
P10;2;1.1;.36621;0;83.1873338166667; ;2.06996769230769
P10;2;2.009;.0585935999999999;0;83.1873338166667; ;2.06996769230769
P10;2;1.616;.2343744;0;83.1873338166667; ;2.06996769230769
P10;2;1.882;1.2011688;0;83.1873338166667; ;2.06996769230769
P10;2;1.884;.1171872;0;83.1873338166667; ;2.06996769230769
P10;2;1.574;1.1425752;0;83.1873338166667; ;2.06996769230769
P10;2;1.774;.36621;0;83.1873338166667; ;2.06996769230769
P10;2;.566;2.0842632;0;83.1873338166667; ;2.06996769230769
P10;6;.458;.1171872;0;83.1873338166667; ;2.06996769230769
P10;6;1.484;1.2158208;0;83.1873338166667; ;2.06996769230769
P10;6;1.156;.1757808;0;83.1873338166667; ;2.06996769230769
P10;6;2.866;1.8750024;0;83.1873338166667; ;2.06996769230769
P10;6;.796;3.2666004;1;83.1873338166667; ;2.06996769230769
P10;6;1.1;2.9589876;1;83.1873338166667; ;2.06996769230769
P10;6;2.516;2.7246096;0;83.1873338166667; ;2.06996769230769
P10;6;1.083;.30762;0;83.1873338166667; ;2.06996769230769
P10;6;.725;.4833972;0;83.1873338166667; ;2.06996769230769
P10;6;2.791;1.5673824;0;83.1873338166667; ;2.06996769230769
P10;6;1.129;1.4978016;1;83.1873338166667; ;2.06996769230769
P10;6;.663;1.4501988;1;83.1873338166667; ;2.06996769230769
P10;6;3.613;1.7431632;0;83.1873338166667; ;2.06996769230769
P10;6;.5;0;1;83.1873338166667; ;2.06996769230769
P10;6;.747;1.4501952;0;83.1873338166667; ;2.06996769230769
P10;6;3.534;3.0175812;0;83.1873338166667; ;2.06996769230769
P10;6;.729;.4980492;0;83.1873338166667; ;2.06996769230769
P10;6;1.042;.9082044;0;83.1873338166667; ;2.06996769230769
P10;6;3.13;1.9482444;0;83.1873338166667; ;2.06996769230769
P10;6;.633;.9082008;0;83.1873338166667; ;2.06996769230769
P10;6;1.763;.659178;0;83.1873338166667; ;2.06996769230769
P10;6;1.695;.1757808;0;83.1873338166667; ;2.06996769230769
P10;6;.658;1.5563988;0;83.1873338166667; ;2.06996769230769
P10;6;1.633;3.9880368;0;83.1873338166667; ;2.06996769230769
P10;6;2.23;1.9482408;0;83.1873338166667; ;2.06996769230769
P10;6;.492;.0585935999999999;0;83.1873338166667; ;2.06996769230769
P10;6;2.092;2.2412124;0;83.1873338166667; ;2.06996769230769
P10;6;1.663;.9667944;0;83.1873338166667; ;2.06996769230769
P10;6;.889;2.2302252;0;83.1873338166667; ;2.06996769230769
P10;6;.683;.4248036;0;83.1873338166667; ;2.06996769230769
P10;6;2.308;1.2158172;0;83.1873338166667; ;2.06996769230769
P10;6;1.863;1.3183596;0;83.1873338166667; ;2.06996769230769
P10;6;.334;.0585935999999999;0;83.1873338166667; ;2.06996769230769
P10;6;.733;1.4501988;0;83.1873338166667; ;2.06996769230769
P10;6;1.804;1.4501952;0;83.1873338166667; ;2.06996769230769
P10;6;1.974;3.9147948;0;83.1873338166667; ;2.06996769230769
P10;6;.75;2.9480004;0;83.1873338166667; ;2.06996769230769
P10;6;.591;3.5742204;0;83.1873338166667; ;2.06996769230769
P10;6;1.829;.6738264;0;83.1873338166667; ;2.06996769230769
P10;6;1.783;2.6550288;0;83.1873338166667; ;2.06996769230769
P10;6;.704;2.299806;0;83.1873338166667; ;2.06996769230769
P10;6;.817;.8496108;0;83.1873338166667; ;2.06996769230769
P10;6;1.55;.8496072;0;83.1873338166667; ;2.06996769230769
P10;6;1.029;0;0;83.1873338166667; ;2.06996769230769
P10;6;1.337;2.4755868;0;83.1873338166667; ;2.06996769230769
P10;6;.566;.7324236;0;83.1873338166667; ;2.06996769230769
P10;6;1.171;.5419944;0;83.1873338166667; ;2.06996769230769
P10;6;2.283;1.7431668;0;83.1873338166667; ;2.06996769230769
P10;6;.913;1.333008;0;83.1873338166667; ;2.06996769230769
P10;6;.533;.292968;0;83.1873338166667; ;2.06996769230769
P10;6;2.834;.9082044;0;83.1873338166667; ;2.06996769230769
P10;6;.35;.5419908;0;83.1873338166667; ;2.06996769230769
P10;6;.854;.7177716;0;83.1873338166667; ;2.06996769230769
P10;6;.716;1.8750024;0;83.1873338166667; ;2.06996769230769
P10;6;.404;1.567386;0;83.1873338166667; ;2.06996769230769
P10;7;.456;.1904292;0;83.1873338166667; ;2.06996769230769
P10;7;1.716;2.1826152;0;83.1873338166667; ;2.06996769230769
P10;7;1.59;1.8749988;0;83.1873338166667; ;2.06996769230769
P10;7;.641;1.4501952;0;83.1873338166667; ;2.06996769230769
P10;7;1.541;2.1826188;0;83.1873338166667; ;2.06996769230769
P10;7;2.531;2.666016;1;83.1873338166667; ;2.06996769230769
P10;7;1.457;5.6140128;1;83.1873338166667; ;2.06996769230769
P10;7;2.442;8.4558132;0;83.1873338166667; ;2.06996769230769
P10;7;.519;6.2292492;0;83.1873338166667; ;2.06996769230769
P10;7;1.492;1.8750024;0;83.1873338166667; ;2.06996769230769
P10;7;.876;2.8417968;0;83.1873338166667; ;2.06996769230769
P10;7;1.64;1.8750024;0;83.1873338166667; ;2.06996769230769
P10;7;1.49;1.9335924;0;83.1873338166667; ;2.06996769230769
P10;7;.592;.4248072;0;83.1873338166667; ;2.06996769230769
P10;7;1.55;.7910172;0;83.1873338166667; ;2.06996769230769
P10;7;.747;1.3916016;0;83.1873338166667; ;2.06996769230769
P10;7;2.275;2.3583996;0;83.1873338166667; ;2.06996769230769
P10;7;1.509;1.2744108;0;83.1873338166667; ;2.06996769230769
P10;7;2.383;1.699218;0;83.1873338166667; ;2.06996769230769
P10;7;1.486;.9082044;0;83.1873338166667; ;2.06996769230769
P10;7;2.324;1.2158208;0;83.1873338166667; ;2.06996769230769
P10;7;1.886;.9082044;0;83.1873338166667; ;2.06996769230769
P10;7;1.149;1.2744144;0;83.1873338166667; ;2.06996769230769
P10;7;1.917;2.6403804;0;83.1873338166667; ;2.06996769230769
P10;7;2.103;1.7468244;0;83.1873338166667; ;2.06996769230769
P10;7;1.94;1.9482444;0;83.1873338166667; ;2.06996769230769
P10;7;.75;.966798;0;83.1873338166667; ;2.06996769230769
P10;7;1.8;3.9147948;0;83.1873338166667; ;2.06996769230769
P10;7;1.619;3.9147948;1;83.1873338166667; ;2.06996769230769
P10;7;2.34;2.5488252;0;83.1873338166667; ;2.06996769230769
P10;7;1.059;.0585936;0;83.1873338166667; ;2.06996769230769
P10;7;.56;1.2634272;0;83.1873338166667; ;2.06996769230769
P10;7;1.766;.9082008;0;83.1873338166667; ;2.06996769230769
P10;7;1.619;2.8417968;0;83.1873338166667; ;2.06996769230769
P10;7;2.909;2.4792444;1;83.1873338166667; ;2.06996769230769
P10;7;1.157;1.0290528;1;83.1873338166667; ;2.06996769230769
P10;7;1.084;.6152328;0;83.1873338166667; ;2.06996769230769
P10;7;.509;.7324236;0;83.1873338166667; ;2.06996769230769
P10;7;2.276;1.1425788;0;83.1873338166667; ;2.06996769230769
P10;7;2.642;1.3916016;0;83.1873338166667; ;2.06996769230769
P10;7;1.941;4.1162148;0;83.1873338166667; ;2.06996769230769
P10;7;.79;1.6259796;0;83.1873338166667; ;2.06996769230769
P10;7;2.25;2.4645996;0;83.1873338166667; ;2.06996769230769
P10;7;2.174;2.7246096;0;83.1873338166667; ;2.06996769230769
P10;7;1.225;1.3073724;0;83.1873338166667; ;2.06996769230769
P10;7;1.783;4.1638176;0;83.1873338166667; ;2.06996769230769
P10;7;1.2;1.5087888;0;83.1873338166667; ;2.06996769230769
P10;7;2.305;1.3916016;0;83.1873338166667; ;2.06996769230769
P10;7;1.325;.4248072;0;83.1873338166667; ;2.06996769230769
P10;7;3.025;.966798;0;83.1873338166667; ;2.06996769230769
P10;7;.859;.9667944;0;83.1873338166667; ;2.06996769230769
P10;7;3.491;1.6406244;1;83.1873338166667; ;2.06996769230769
P10;7;1.015;.2343744;1;83.1873338166667; ;2.06996769230769
P10;7;.665;.4248036;0;83.1873338166667; ;2.06996769230769
P10;7;2.359;.7910172;0;83.1873338166667; ;2.06996769230769
P10;7;2.656;3.8085948;0;83.1873338166667; ;2.06996769230769
P10;7;1.183;2.6550288;1;83.1873338166667; ;2.06996769230769
P10;7;.626;3.797604;1;83.1873338166667; ;2.06996769230769
P10;7;1.924;1.5673824;0;83.1873338166667; ;2.06996769230769
P10;7;.773;2.4169932;0;83.1873338166667; ;2.06996769230769
P10;7;2.06;2.666016;0;83.1873338166667; ;2.06996769230769
P10;7;.652;1.0839852;0;83.1873338166667; ;2.06996769230769
P10;7;1.59;2.2412124;0;83.1873338166667; ;2.06996769230769
P10;7;2.009;1.8164052;0;83.1873338166667; ;2.06996769230769
P10;7;1.667;1.9482444;0;83.1873338166667; ;2.06996769230769
P10;7;1.956;1.2158208;0;83.1873338166667; ;2.06996769230769
P10;7;.507;.7910172;0;83.1873338166667; ;2.06996769230769
P10;7;.5;.9082044;0;83.1873338166667; ;2.06996769230769
P10;8;.574;.6738264;0;83.1873338166667; ;2.06996769230769
P10;8;.96;.6152328;0;83.1873338166667; ;2.06996769230769
P10;8;1.484;.6152364;0;83.1873338166667; ;2.06996769230769
P10;8;1.61;3.5009784;0;83.1873338166667; ;2.06996769230769
P10;8;2.5;2.9003904;0;83.1873338166667; ;2.06996769230769
P10;8;.61;2.4792444;0;83.1873338166667; ;2.06996769230769
P10;8;1.81;3.251952;0;83.1873338166667; ;2.06996769230769
P10;8;1.893;2.7246096;0;83.1873338166667; ;2.06996769230769
P10;8;2.877;4.105224;1;83.1873338166667; ;2.06996769230769
P10;8;.676;.424807199999999;0;83.1873338166667; ;2.06996769230769
P10;8;2.64;2.065428;0;83.1873338166667; ;2.06996769230769
P10;8;1.744;1.2744144;0;83.1873338166667; ;2.06996769230769
P10;8;2.227;1.7578116;0;83.1873338166667; ;2.06996769230769
P10;8;1.1;1.8750024;0;83.1873338166667; ;2.06996769230769
P10;8;.6;1.072998;0;83.1873338166667; ;2.06996769230769
P10;8;2.316;2.4169932;0;83.1873338166667; ;2.06996769230769
P10;8;3.734;1.7578116;0;83.1873338166667; ;2.06996769230769
P10;8;.766;1.2744144;0;83.1873338166667; ;2.06996769230769
P10;8;1.95;3.0908196;0;83.1873338166667; ;2.06996769230769
P10;8;2.85;1.5673824;0;83.1873338166667; ;2.06996769230769
P10;8;2.393;1.6296372;0;83.1873338166667; ;2.06996769230769
P10;8;.566;1.04004;0;83.1873338166667; ;2.06996769230769
P10;8;3.083;3.398436;0;83.1873338166667; ;2.06996769230769
P10;8;1.79;1.9335924;0;83.1873338166667; ;2.06996769230769
P10;8;3.867;1.3916016;0;83.1873338166667; ;2.06996769230769
P10;8;3.21;2.9040552;0;83.1873338166667; ;2.06996769230769
P10;8;.377;.2490228;1;83.1873338166667; ;2.06996769230769
P10;8;1.233;.893556;0;83.1873338166667; ;2.06996769230769
P10;8;2.2;1.0253916;0;83.1873338166667; ;2.06996769230769
P10;8;.617;.4248072;0;83.1873338166667; ;2.06996769230769
P10;8;1.467;2.0544444;0;83.1873338166667; ;2.06996769230769
P10;8;2.983;1.1425752;0;83.1873338166667; ;2.06996769230769
P10;8;3.633;2.2998024;0;83.1873338166667; ;2.06996769230769
P10;8;.633;.7763652;0;83.1873338166667; ;2.06996769230769
P10;8;1.867;.36621;0;83.1873338166667; ;2.06996769230769
P10;8;1.4;2.713626;0;83.1873338166667; ;2.06996769230769
P10;8;1.743;.6628428;0;83.1873338166667; ;2.06996769230769
P10;8;1.95;3.5156232;0;83.1873338166667; ;2.06996769230769
P10;8;.566;1.5563952;0;83.1873338166667; ;2.06996769230769
P10;8;2.134;2.3474124;0;83.1873338166667; ;2.06996769230769
P10;8;3.21;3.138426;0;83.1873338166667; ;2.06996769230769
P10;8;3.376;1.1572272;0;83.1873338166667; ;2.06996769230769
P10;8;.607;2.772216;0;83.1873338166667; ;2.06996769230769
P10;8;2.293;3.3728004;0;83.1873338166667; ;2.06996769230769
P10;8;4.966;1.3916016;0;83.1873338166667; ;2.06996769230769
P10;8;.727;1.9921896;0;83.1873338166667; ;2.06996769230769
P10;8;.744;.2343744;0;83.1873338166667; ;2.06996769230769
P10;8;4.017;1.2158208;0;83.1873338166667; ;2.06996769230769
P10;8;2;1.8164052;0;83.1873338166667; ;2.06996769230769
P10;8;.583;.1904292;0;83.1873338166667; ;2.06996769230769
P10;8;2.934;.8349624;0;83.1873338166667; ;2.06996769230769
P10;8;4.634;1.0839852;0;83.1873338166667; ;2.06996769230769
P10;8;.693;0;0;83.1873338166667; ;2.06996769230769
P10;8;.61;0;0;83.1873338166667; ;2.06996769230769
P10;8;2.7;.7910172;0;83.1873338166667; ;2.06996769230769
P10;8;3.2;.6738264;0;83.1873338166667; ;2.06996769230769
P10;8;1.8;1.8164088;0;83.1873338166667; ;2.06996769230769
P10;8;.433;1.0839816;0;83.1873338166667; ;2.06996769230769
P10;8;1.583;.3076164;0;83.1873338166667; ;2.06996769230769
P10;8;1.24;.292968;0;83.1873338166667; ;2.06996769230769
P10;8;2.379;.966798;0;83.1873338166667; ;2.06996769230769
P10;8;2.045;.67383;0;83.1873338166667; ;2.06996769230769
P10;8;1.65;.7177716;0;83.1873338166667; ;2.06996769230769
P10;8;1.5;.5419908;0;83.1873338166667; ;2.06996769230769
P10;8;.762;.7177752;0;83.1873338166667; ;2.06996769230769
P10;8;.433;1.4501952;0;83.1873338166667; ;2.06996769230769
P11;1;1.302;3.3837912;1;91.0529999766667; ;2.70849038461538
P11;1;5.453;7.3571796;1;91.0529999766667; ;2.70849038461538
P11;1;2.286;2.7099612;0;91.0529999766667; ;2.70849038461538
P11;1;10.433;6.09741;0;91.0529999766667; ;2.70849038461538
P11;1;4.551;5.5554192;0;91.0529999766667; ;2.70849038461538
P11;1;5.881;9.7888176;0;91.0529999766667; ;2.70849038461538
P11;1;.65;4.2279588;0;91.0529999766667; ;2.70849038461538
P11;1;1.315;3.1970196;0;91.0529999766667; ;2.70849038461538
P11;1;2.367;7.9724124;0;91.0529999766667; ;2.70849038461538
P11;1;13.831;12.9382344;1;91.0529999766667; ;2.70849038461538
P11;1;.218;2.1826188;0;91.0529999766667; ;2.70849038461538
P11;1;9.369;11.063232;1;91.0529999766667; ;2.70849038461538
P11;1;3.099;3.2556168;0;91.0529999766667; ;2.70849038461538
P11;1;3.133;4.705812;1;91.0529999766667; ;2.70849038461538
P11;1;1.384;5.7897972;1;91.0529999766667; ;2.70849038461538
P11;1;3.501;6.2731944;1;91.0529999766667; ;2.70849038461538
P11;1;1.867;4.9401864;0;91.0529999766667; ;2.70849038461538
P11;1;.281;3.325194;0;91.0529999766667; ;2.70849038461538
P11;1;2.49;7.2509796;1;91.0529999766667; ;2.70849038461538
P11;1;14.085;8.397216;1;91.0529999766667; ;2.70849038461538
P11;1;6.799;5.3063964;1;91.0529999766667; ;2.70849038461538
P11;1;2.83;10.5065928;1;91.0529999766667; ;2.70849038461538
P11;1;.435;2.9003904;0;91.0529999766667; ;2.70849038461538
P11;1;1.496;2.406006;0;91.0529999766667; ;2.70849038461538
P11;1;1.703;2.5488288;0;91.0529999766667; ;2.70849038461538
P11;1;.464;.9082008;0;91.0529999766667; ;2.70849038461538
P11;1;1.827;3.5632296;0;91.0529999766667; ;2.70849038461538
P11;1;1.879;4.7167956;1;91.0529999766667; ;2.70849038461538
P11;1;.481;2.8417968;1;91.0529999766667; ;2.70849038461538
P11;1;.915;4.2224112;1;91.0529999766667; ;2.70849038461538
P11;1;.756;2.4169932;1;91.0529999766667; ;2.70849038461538
P11;1;.702;1.6406244;0;91.0529999766667; ;2.70849038461538
P11;1;1.085;1.2011724;0;91.0529999766667; ;2.70849038461538
P11;1;1.749;1.1425788;0;91.0529999766667; ;2.70849038461538
P11;1;1.531;1.699218;0;91.0529999766667; ;2.70849038461538
P11;1;.718;.9082008;0;91.0529999766667; ;2.70849038461538
P11;1;2.653;1.333008;0;91.0529999766667; ;2.70849038461538
P11;1;7.716;4.1015628;1;91.0529999766667; ;2.70849038461538
P11;1;5.714;7.766604;1;91.0529999766667; ;2.70849038461538
P11;1;.982;8.4558096;1;91.0529999766667; ;2.70849038461538
P11;1;2.133;3.325194;0;91.0529999766667; ;2.70849038461538
P11;1;.983;2.9003904;1;91.0529999766667; ;2.70849038461538
P11;1;.998;3.840822;1;91.0529999766667; ;2.70849038461538
P11;1;.433;1.5087888;0;91.0529999766667; ;2.70849038461538
P11;1;.981;1.3916016;0;91.0529999766667; ;2.70849038461538
P11;1;.836;2.5341804;0;91.0529999766667; ;2.70849038461538
P11;1;.285;2.4169932;0;91.0529999766667; ;2.70849038461538
P11;1;1.634;4.6582056;0;91.0529999766667; ;2.70849038461538
P11;1;1.119;2.1679704;0;91.0529999766667; ;2.70849038461538
P11;1;.967;1.2744144;0;91.0529999766667; ;2.70849038461538
P11;1;.7;1.7578116;0;91.0529999766667; ;2.70849038461538
P11;1;1.631;1.0253916;1;91.0529999766667; ;2.70849038461538
P11;1;1.083;1.8750024;1;91.0529999766667; ;2.70849038461538
P11;1;.738;2.1093732;0;91.0529999766667; ;2.70849038461538
P11;1;.381;0;0;91.0529999766667; ;2.70849038461538
P11;1;.667;1.2158208;0;91.0529999766667; ;2.70849038461538
P11;1;1.248;3.3142068;1;91.0529999766667; ;2.70849038461538
P11;1;1.344;1.3916016;0;91.0529999766667; ;2.70849038461538
P11;2;.45;.4248072;0;91.0529999766667; ;2.70849038461538
P11;2;.766;2.7832032;0;91.0529999766667; ;2.70849038461538
P11;2;12.796;12.6293616;0;91.0529999766667; ;2.70849038461538
P11;2;1.633;6.0974136;0;91.0529999766667; ;2.70849038461538
P11;2;8.679;4.291992;0;91.0529999766667; ;2.70849038461538
P11;2;3.537;2.3583996;0;91.0529999766667; ;2.70849038461538
P11;2;3.983;2.592774;0;91.0529999766667; ;2.70849038461538
P11;2;2.763;2.4755868;0;91.0529999766667; ;2.70849038461538
P11;2;.746;1.8750024;0;91.0529999766667; ;2.70849038461538
P11;2;5.983;5.7312;0;91.0529999766667; ;2.70849038461538
P11;2;2.583;6.0974136;0;91.0529999766667; ;2.70849038461538
P11;2;1.379;4.2224112;0;91.0529999766667; ;2.70849038461538
P11;2;3.963;8.2067868;1;91.0529999766667; ;2.70849038461538
P11;2;3.35;1.9921896;1;91.0529999766667; ;2.70849038461538
P11;2;3.834;1.4501952;0;91.0529999766667; ;2.70849038461538
P11;2;2.783;1.6845696;0;91.0529999766667; ;2.70849038461538
P11;2;4.4;4.8376476;0;91.0529999766667; ;2.70849038461538
P11;2;2.583;.1904292;0;91.0529999766667; ;2.70849038461538
P11;2;.746;1.4978052;0;91.0529999766667; ;2.70849038461538
P11;2;3.417;1.640628;0;91.0529999766667; ;2.70849038461538
P11;2;5.817;4.2224148;0;91.0529999766667; ;2.70849038461538
P11;2;2.246;1.3916016;0;91.0529999766667; ;2.70849038461538
P11;2;.85;.1318356;0;91.0529999766667; ;2.70849038461538
P11;2;2.45;.6591816;0;91.0529999766667; ;2.70849038461538
P11;2;2.012;1.0839852;0;91.0529999766667; ;2.70849038461538
P11;2;4.163;1.7578116;0;91.0529999766667; ;2.70849038461538
P11;2;3.187;2.7246096;0;91.0529999766667; ;2.70849038461538
P11;2;1.971;2.1240252;0;91.0529999766667; ;2.70849038461538
P11;2;1.034;.7763652;0;91.0529999766667; ;2.70849038461538
P11;2;3.084;1.2011724;1;91.0529999766667; ;2.70849038461538
P11;2;3.046;3.0908196;0;91.0529999766667; ;2.70849038461538
P11;2;.8;1.9226052;0;91.0529999766667; ;2.70849038461538
P11;2;.183;.1757844;0;91.0529999766667; ;2.70849038461538
P11;2;3.316;9.018;0;91.0529999766667; ;2.70849038461538
P11;2;.446;6.8298336;0;91.0529999766667; ;2.70849038461538
P11;2;2.029;1.5673824;0;91.0529999766667; ;2.70849038461538
P11;2;.474;1.9921896;0;91.0529999766667; ;2.70849038461538
P11;2;.492;1.333008;0;91.0529999766667; ;2.70849038461538
P11;2;2.996;2.4755868;0;91.0529999766667; ;2.70849038461538
P11;2;6.296;8.4927456;0;91.0529999766667; ;2.70849038461538
P11;2;1.367;.6591816;0;91.0529999766667; ;2.70849038461538
P11;2;2.396;1.4501952;0;91.0529999766667; ;2.70849038461538
P11;2;1.191;2.8308096;0;91.0529999766667; ;2.70849038461538
P11;2;.967;1.4501952;0;91.0529999766667; ;2.70849038461538
P11;2;.633;7.6828932;1;91.0529999766667; ;2.70849038461538
P11;6;.466;.9667944;0;91.0529999766667; ;2.70849038461538
P11;6;1.856;.600588;0;91.0529999766667; ;2.70849038461538
P11;6;2.925;.6591816;0;91.0529999766667; ;2.70849038461538
P11;6;.785;.5896008;0;91.0529999766667; ;2.70849038461538
P11;6;.567;.5419908;0;91.0529999766667; ;2.70849038461538
P11;6;1.392;.8496108;0;91.0529999766667; ;2.70849038461538
P11;6;1.281;2.5341804;0;91.0529999766667; ;2.70849038461538
P11;6;.615;1.5710436;0;91.0529999766667; ;2.70849038461538
P11;6;1.75;1.5087888;0;91.0529999766667; ;2.70849038461538
P11;6;1.531;.5566392;0;91.0529999766667; ;2.70849038461538
P11;6;1.585;1.333008;1;91.0529999766667; ;2.70849038461538
P11;6;.598;1.0986336;0;91.0529999766667; ;2.70849038461538
P11;6;.961;.2343744;0;91.0529999766667; ;2.70849038461538
P11;6;1.45;1.933596;0;91.0529999766667; ;2.70849038461538
P11;6;2.333;.8496108;0;91.0529999766667; ;2.70849038461538
P11;6;.517;.9082044;0;91.0529999766667; ;2.70849038461538
P11;6;1.098;2.5341804;0;91.0529999766667; ;2.70849038461538
P11;6;1.608;2.9479968;0;91.0529999766667; ;2.70849038461538
P11;6;1.364;1.625976;0;91.0529999766667; ;2.70849038461538
P11;6;1.685;.6738264;0;91.0529999766667; ;2.70849038461538
P11;6;.492;1.4501952;0;91.0529999766667; ;2.70849038461538
P11;6;.664;2.2265604;0;91.0529999766667; ;2.70849038461538
P11;6;1.752;1.5087888;0;91.0529999766667; ;2.70849038461538
P11;6;.556;4.291992;0;91.0529999766667; ;2.70849038461538
P11;6;3.008;1.5234372;0;91.0529999766667; ;2.70849038461538
P11;6;.526;3.2556168;0;91.0529999766667; ;2.70849038461538
P11;6;.558;.9082008;0;91.0529999766667; ;2.70849038461538
P11;6;.25;0;0;91.0529999766667; ;2.70849038461538
P11;6;2.259;1.0253916;0;91.0529999766667; ;2.70849038461538
P11;6;1.775;3.266604;0;91.0529999766667; ;2.70849038461538
P11;6;.6;1.259766;0;91.0529999766667; ;2.70849038461538
P11;6;1.564;7.1813952;0;91.0529999766667; ;2.70849038461538
P11;6;2.667;2.8417968;0;91.0529999766667; ;2.70849038461538
P11;6;1.572;2.9003904;0;91.0529999766667; ;2.70849038461538
P11;6;.556;.7324236;0;91.0529999766667; ;2.70849038461538
P11;6;3.066;2.226564;0;91.0529999766667; ;2.70849038461538
P11;6;1.131;1.7578152;0;91.0529999766667; ;2.70849038461538
P11;6;.547;2.0507796;0;91.0529999766667; ;2.70849038461538
P11;6;1.567;.9082044;0;91.0529999766667; ;2.70849038461538
P11;6;2.041;5.6726064;0;91.0529999766667; ;2.70849038461538
P11;6;.872;.6738264;0;91.0529999766667; ;2.70849038461538
P11;6;.552;2.299806;0;91.0529999766667; ;2.70849038461538
P11;6;1.726;.3515652;0;91.0529999766667; ;2.70849038461538
P11;6;.216;3.3837876;0;91.0529999766667; ;2.70849038461538
P11;6;2.142;9.4812048;0;91.0529999766667; ;2.70849038461538
P11;6;1.383;6.8298336;0;91.0529999766667; ;2.70849038461538
P11;6;1.578;9.6569856;1;91.0529999766667; ;2.70849038461538
P11;6;.672;4.471434;0;91.0529999766667; ;2.70849038461538
P11;6;2.25;1.2048336;1;91.0529999766667; ;2.70849038461538
P11;6;.797;5.438232;0;91.0529999766667; ;2.70849038461538
P11;6;1.273;4.2224112;0;91.0529999766667; ;2.70849038461538
P11;6;.531;3.691404;0;91.0529999766667; ;2.70849038461538
P11;6;1.05;.5419908;0;91.0529999766667; ;2.70849038461538
P11;6;1.034;4.8376476;0;91.0529999766667; ;2.70849038461538
P11;6;2.339;2.4645996;0;91.0529999766667; ;2.70849038461538
P11;6;1.914;3.3837912;1;91.0529999766667; ;2.70849038461538
P11;6;.375;1.0144044;0;91.0529999766667; ;2.70849038461538
P11;6;1;2.1130344;0;91.0529999766667; ;2.70849038461538
P11;6;1.131;.1171872;0;91.0529999766667; ;2.70849038461538
P11;6;2.023;1.8640152;0;91.0529999766667; ;2.70849038461538
P11;6;1.533;3.6767556;0;91.0529999766667; ;2.70849038461538
P11;6;1.331;2.6074224;0;91.0529999766667; ;2.70849038461538
P11;6;2.609;1.7578152;0;91.0529999766667; ;2.70849038461538
P11;6;1.217;1.0253916;0;91.0529999766667; ;2.70849038461538
P11;6;.55;1.0400364;1;91.0529999766667; ;2.70849038461538
P11;6;.494;3.2666004;0;91.0529999766667; ;2.70849038461538
P11;6;.274;.3552228;0;91.0529999766667; ;2.70849038461538
P11;7;.401;.2490228;0;91.0529999766667; ;2.70849038461538
P11;7;.63;2.2412088;0;91.0529999766667; ;2.70849038461538
P11;7;.819;2.8417968;0;91.0529999766667; ;2.70849038461538
P11;7;1.134;2.1826152;0;91.0529999766667; ;2.70849038461538
P11;7;1.386;.7910172;0;91.0529999766667; ;2.70849038461538
P11;7;.75;2.299806;0;91.0529999766667; ;2.70849038461538
P11;7;1.201;2.7099612;0;91.0529999766667; ;2.70849038461538
P11;7;.55;.6591816;0;91.0529999766667; ;2.70849038461538
P11;7;.786;1.1425788;0;91.0529999766667; ;2.70849038461538
P11;7;2.2;4.5410148;0;91.0529999766667; ;2.70849038461538
P11;7;2.599;2.958984;0;91.0529999766667; ;2.70849038461538
P11;7;1.584;1.8164052;0;91.0529999766667; ;2.70849038461538
P11;7;1.536;2.373048;0;91.0529999766667; ;2.70849038461538
P11;7;1.751;.7910172;0;91.0529999766667; ;2.70849038461538
P11;7;.767;.73242;0;91.0529999766667; ;2.70849038461538
P11;7;.75;.0585936;0;91.0529999766667; ;2.70849038461538
P11;7;1.165;2.4902352;0;91.0529999766667; ;2.70849038461538
P11;7;.901;2.0068344;0;91.0529999766667; ;2.70849038461538
P11;7;1.5;1.3916016;0;91.0529999766667; ;2.70849038461538
P11;7;1.518;1.992186;0;91.0529999766667; ;2.70849038461538
P11;7;.969;.2490228;0;91.0529999766667; ;2.70849038461538
P11;7;.55;4.1748048;0;91.0529999766667; ;2.70849038461538
P11;7;.386;.9082044;0;91.0529999766667; ;2.70849038461538
P11;7;1.25;3.372804;0;91.0529999766667; ;2.70849038461538
P11;7;.733;.9667944;0;91.0529999766667; ;2.70849038461538
P11;7;1.317;1.8017604;0;91.0529999766667; ;2.70849038461538
P11;7;2.133;1.9921896;0;91.0529999766667; ;2.70849038461538
P11;7;1.598;2.3583996;0;91.0529999766667; ;2.70849038461538
P11;7;1.499;2.479248;0;91.0529999766667; ;2.70849038461538
P11;7;.633;1.2011724;0;91.0529999766667; ;2.70849038461538
P11;7;.834;.7177716;0;91.0529999766667; ;2.70849038461538
P11;7;.932;.8496108;0;91.0529999766667; ;2.70849038461538
P11;7;1.651;1.7578116;0;91.0529999766667; ;2.70849038461538
P11;7;.716;1.5087888;0;91.0529999766667; ;2.70849038461538
P11;7;2.236;1.5820308;0;91.0529999766667; ;2.70849038461538
P11;7;1.253;3.1237776;0;91.0529999766667; ;2.70849038461538
P11;7;1.516;4.3542504;0;91.0529999766667; ;2.70849038461538
P11;7;.75;3.6914076;0;91.0529999766667; ;2.70849038461538
P11;7;.93;2.1716316;0;91.0529999766667; ;2.70849038461538
P11;7;.668;1.0253916;0;91.0529999766667; ;2.70849038461538
P11;7;1.117;3.6328104;0;91.0529999766667; ;2.70849038461538
P11;7;1.38;5.9802264;0;91.0529999766667; ;2.70849038461538
P11;7;1.849;3.4313976;0;91.0529999766667; ;2.70849038461538
P11;7;1.865;.179442;0;91.0529999766667; ;2.70849038461538
P11;7;.9;3.5742204;0;91.0529999766667; ;2.70849038461538
P11;7;1.483;.4248036;0;91.0529999766667; ;2.70849038461538
P11;7;.747;1.0839852;0;91.0529999766667; ;2.70849038461538
P11;7;.764;3.1970232;0;91.0529999766667; ;2.70849038461538
P11;7;2.019;4.2333984;0;91.0529999766667; ;2.70849038461538
P11;7;2.086;4.4677728;0;91.0529999766667; ;2.70849038461538
P11;7;1.067;10.7556156;1;91.0529999766667; ;2.70849038461538
P11;7;1.051;5.1892092;0;91.0529999766667; ;2.70849038461538
P11;7;1.485;.4833972;0;91.0529999766667; ;2.70849038461538
P11;7;.751;1.3916016;1;91.0529999766667; ;2.70849038461538
P11;7;.684;1.640628;0;91.0529999766667; ;2.70849038461538
P11;7;.952;2.7575676;0;91.0529999766667; ;2.70849038461538
P11;7;1.531;3.0175776;0;91.0529999766667; ;2.70849038461538
P11;7;1.5;1.6882308;0;91.0529999766667; ;2.70849038461538
P11;7;1.617;5.1892092;0;91.0529999766667; ;2.70849038461538
P11;7;.951;2.9480004;0;91.0529999766667; ;2.70849038461538
P11;7;2.033;6.2731944;0;91.0529999766667; ;2.70849038461538
P11;7;.883;4.5300276;0;91.0529999766667; ;2.70849038461538
P11;7;.947;2.039796;0;91.0529999766667; ;2.70849038461538
P11;7;1.147;4.3505856;0;91.0529999766667; ;2.70849038461538
P11;7;2.866;2.358396;0;91.0529999766667; ;2.70849038461538
P11;7;1.764;5.8630392;0;91.0529999766667; ;2.70849038461538
P11;7;1.049;4.7753892;0;91.0529999766667; ;2.70849038461538
P11;7;.649;2.4316416;0;91.0529999766667; ;2.70849038461538
P11;7;.467;.6005844;0;91.0529999766667; ;2.70849038461538
P11;7;1.42;1.3916016;0;91.0529999766667; ;2.70849038461538
P11;7;1.817;3.2666004;0;91.0529999766667; ;2.70849038461538
P11;7;.667;5.2001964;0;91.0529999766667; ;2.70849038461538
P11;7;1.719;3.5046396;0;91.0529999766667; ;2.70849038461538
P11;7;1.298;.6152364;0;91.0529999766667; ;2.70849038461538
P11;7;1.75;1.5234408;0;91.0529999766667; ;2.70849038461538
P11;7;2.4;.6152364;0;91.0529999766667; ;2.70849038461538
P11;7;2.08;2.006838;0;91.0529999766667; ;2.70849038461538
P11;7;.65;1.333008;0;91.0529999766667; ;2.70849038461538
P11;7;1.401;3.0175776;0;91.0529999766667; ;2.70849038461538
P11;7;1.614;3.9404304;0;91.0529999766667; ;2.70849038461538
P11;7;.286;3.8219868;0;91.0529999766667; ;2.70849038461538
P11;7;2.084;1.8749988;0;91.0529999766667; ;2.70849038461538
P11;7;.686;4.8815928;0;91.0529999766667; ;2.70849038461538
P11;7;1.017;.8496108;0;91.0529999766667; ;2.70849038461538
P11;7;2.786;4.556502;0;91.0529999766667; ;2.70849038461538
P11;7;.885;2.958984;0;91.0529999766667; ;2.70849038461538
P11;7;1.6;3.8085948;0;91.0529999766667; ;2.70849038461538
P11;7;1.865;2.4755832;0;91.0529999766667; ;2.70849038461538
P11;7;2.099;4.548132;0;91.0529999766667; ;2.70849038461538
P11;7;.633;3.7654884;0;91.0529999766667; ;2.70849038461538
P11;7;1.417;3.2666004;0;91.0529999766667; ;2.70849038461538
P11;7;2.083;1.2744144;0;91.0529999766667; ;2.70849038461538
P11;7;1.583;1.5673824;0;91.0529999766667; ;2.70849038461538
P11;7;.9;2.0068344;0;91.0529999766667; ;2.70849038461538
P11;7;.65;4.2224112;0;91.0529999766667; ;2.70849038461538
P11;7;.549;.9082044;0;91.0529999766667; ;2.70849038461538
P11;8;1.246;.2343744;0;91.0529999766667; ;2.70849038461538
P11;8;1.296;1.4501952;0;91.0529999766667; ;2.70849038461538
P11;8;.82;2.7246096;0;91.0529999766667; ;2.70849038461538
P11;8;1.2;2.1240252;0;91.0529999766667; ;2.70849038461538
P11;8;2.529;1.9335924;0;91.0529999766667; ;2.70849038461538
P11;8;2.554;4.8815892;0;91.0529999766667; ;2.70849038461538
P11;8;2.2;.966798;0;91.0529999766667; ;2.70849038461538
P11;8;.763;.9082044;0;91.0529999766667; ;2.70849038461538
P11;8;1.454;3.6218268;0;91.0529999766667; ;2.70849038461538
P11;8;3.396;.8349624;0;91.0529999766667; ;2.70849038461538
P11;8;1.583;1.7431632;0;91.0529999766667; ;2.70849038461538
P11;8;.563;0;0;91.0529999766667; ;2.70849038461538
P11;8;1.854;2.1093732;0;91.0529999766667; ;2.70849038461538
P11;8;2.387;1.0839816;0;91.0529999766667; ;2.70849038461538
P11;8;2;3.3837912;0;91.0529999766667; ;2.70849038461538
P11;8;.829;4.339602;0;91.0529999766667; ;2.70849038461538
P11;8;.596;.5419908;0;91.0529999766667; ;2.70849038461538
P11;8;.3;.4833972;0;91.0529999766667; ;2.70849038461538
P11;8;1.308;1.333008;0;91.0529999766667; ;2.70849038461538
P11;8;2.376;1.625976;0;91.0529999766667; ;2.70849038461538
P11;8;2.467;1.5673824;0;91.0529999766667; ;2.70849038461538
P11;8;.729;1.2634272;0;91.0529999766667; ;2.70849038461538
P11;8;1.42;3.0908196;0;91.0529999766667; ;2.70849038461538
P11;8;.7;1.1572272;0;91.0529999766667; ;2.70849038461538
P11;8;.741;.6005844;0;91.0529999766667; ;2.70849038461538
P11;8;1.15;.1318356;0;91.0529999766667; ;2.70849038461538
P11;8;2.937;4.6472148;0;91.0529999766667; ;2.70849038461538
P11;8;1.709;2.1826152;0;91.0529999766667; ;2.70849038461538
P11;8;1.254;3.032226;0;91.0529999766667; ;2.70849038461538
P11;8;2.429;4.5886248;0;91.0529999766667; ;2.70849038461538
P11;8;.663;2.358396;0;91.0529999766667; ;2.70849038461538
P11;8;.909;.0585936;0;91.0529999766667; ;2.70849038461538
P11;8;2.092;.9667944;0;91.0529999766667; ;2.70849038461538
P11;8;2.413;2.0983896;0;91.0529999766667; ;2.70849038461538
P11;8;1.566;3.6804204;0;91.0529999766667; ;2.70849038461538
P11;8;.733;3.1494132;0;91.0529999766667; ;2.70849038461538
P11;8;.387;2.9626452;0;91.0529999766667; ;2.70849038461538
P11;8;1.987;1.8164052;0;91.0529999766667; ;2.70849038461538
P11;8;.9;4.5153828;0;91.0529999766667; ;2.70849038461538
P11;8;1.867;4.764402;0;91.0529999766667; ;2.70849038461538
P11;8;2.68;4.705812;0;91.0529999766667; ;2.70849038461538
P11;8;.8;3.632814;0;91.0529999766667; ;2.70849038461538
P11;8;.616;1.7321796;0;91.0529999766667; ;2.70849038461538
P11;8;.917;2.0983896;0;91.0529999766667; ;2.70849038461538
P11;8;1.546;3.8671884;0;91.0529999766667; ;2.70849038461538
P11;8;1.463;2.0068344;0;91.0529999766667; ;2.70849038461538
P11;8;2.413;3.8562012;0;91.0529999766667; ;2.70849038461538
P11;8;1.541;1.8750024;0;91.0529999766667; ;2.70849038461538
P11;8;.688;1.0986336;0;91.0529999766667; ;2.70849038461538
P11;8;2.4;3.446046;0;91.0529999766667; ;2.70849038461538
P11;8;1.129;1.673586;0;91.0529999766667; ;2.70849038461538
P11;8;1.417;1.09863;0;91.0529999766667; ;2.70849038461538
P11;8;2.263;.7324236;0;91.0529999766667; ;2.70849038461538
P11;8;2.467;5.3063964;1;91.0529999766667; ;2.70849038461538
P11;8;.866;3.3142104;0;91.0529999766667; ;2.70849038461538
P11;8;.666;2.4316416;0;91.0529999766667; ;2.70849038461538
P11;8;.7;2.900394;0;91.0529999766667; ;2.70849038461538
P11;8;.229;1.0253916;0;91.0529999766667; ;2.70849038461538
P11;8;2.654;.2490264;0;91.0529999766667; ;2.70849038461538
P11;8;2.533;5.625;1;91.0529999766667; ;2.70849038461538
P11;8;1.196;1.333008;0;91.0529999766667; ;2.70849038461538
P11;8;1.7;.1904292;0;91.0529999766667; ;2.70849038461538
P11;8;2.733;2.8564488;0;91.0529999766667; ;2.70849038461538
P11;8;1.683;.8496108;0;91.0529999766667; ;2.70849038461538
P11;8;1.592;.5419908;0;91.0529999766667; ;2.70849038461538
P11;8;2.437;.292968;0;91.0529999766667; ;2.70849038461538
P11;8;.83;.5419908;0;91.0529999766667; ;2.70849038461538
P11;8;.683;.292968;0;91.0529999766667; ;2.70849038461538
P11;8;2.929;.4834008;1;91.0529999766667; ;2.70849038461538
P11;8;.275;.2490228;1;91.0529999766667; ;2.70849038461538
P11;8;.987;2.9736324;0;91.0529999766667; ;2.70849038461538
P11;8;1.954;3.5595684;0;91.0529999766667; ;2.70849038461538
P11;8;2.029;2.2412088;0;91.0529999766667; ;2.70849038461538
P11;8;1.379;1.6845732;0;91.0529999766667; ;2.70849038461538
P11;8;1.566;.5419944;0;91.0529999766667; ;2.70849038461538
P11;8;.654;2.7832032;0;91.0529999766667; ;2.70849038461538
P11;8;1.57;3.1494132;0;91.0529999766667; ;2.70849038461538
P11;8;1.95;3.266604;1;91.0529999766667; ;2.70849038461538
P11;8;.608;2.947266;1;91.0529999766667; ;2.70849038461538
P11;8;3.267;1.2158208;0;91.0529999766667; ;2.70849038461538
P11;8;1.45;6.8298336;1;91.0529999766667; ;2.70849038461538
P11;8;1.624;4.365234;0;91.0529999766667; ;2.70849038461538
P11;8;.708;3.1384296;0;91.0529999766667; ;2.70849038461538
P11;8;2.108;2.958984;0;91.0529999766667; ;2.70849038461538
P11;8;2.5;6.5222172;0;91.0529999766667; ;2.70849038461538
P11;8;.891;.600588;0;91.0529999766667; ;2.70849038461538
P11;8;1.783;2.9003904;0;91.0529999766667; ;2.70849038461538
P12;1;.405;.7763652;0;87.4856666633333; ;3.16112040816327
P12;1;.7;1.699218;0;87.4856666633333; ;3.16112040816327
P12;1;.716;.1318356;0;87.4856666633333; ;3.16112040816327
P12;1;.985;.7177716;0;87.4856666633333; ;3.16112040816327
P12;1;1.248;.7763652;0;87.4856666633333; ;3.16112040816327
P12;1;1.45;.9082008;0;87.4856666633333; ;3.16112040816327
P12;1;.998;1.5087888;0;87.4856666633333; ;3.16112040816327
P12;1;1.372;1.259766;0;87.4856666633333; ;3.16112040816327
P12;1;1.298;.5419908;0;87.4856666633333; ;3.16112040816327
P12;1;1.205;.2343744;0;87.4856666633333; ;3.16112040816327
P12;1;1.224;.6005844;0;87.4856666633333; ;3.16112040816327
P12;1;1.331;.8496108;0;87.4856666633333; ;3.16112040816327
P12;1;1.465;.966798;0;87.4856666633333; ;3.16112040816327
P12;1;1.09;.7910136;0;87.4856666633333; ;3.16112040816327
P12;1;.525;.7910172;0;87.4856666633333; ;3.16112040816327
P12;1;1.724;.5419908;0;87.4856666633333; ;3.16112040816327
P12;1;1.616;.3076164;0;87.4856666633333; ;3.16112040816327
P12;1;1.255;1.3916016;0;87.4856666633333; ;3.16112040816327
P12;1;1.06;.1171872;0;87.4856666633333; ;3.16112040816327
P12;1;1.067;.4248036;0;87.4856666633333; ;3.16112040816327
P12;1;1.142;.4248036;0;87.4856666633333; ;3.16112040816327
P12;1;.931;.234378;0;87.4856666633333; ;3.16112040816327
P12;1;1.53;.1757844;0;87.4856666633333; ;3.16112040816327
P12;1;1.692;.2490228;0;87.4856666633333; ;3.16112040816327
P12;1;1.329;.4833972;0;87.4856666633333; ;3.16112040816327
P12;1;1.444;.1757844;0;87.4856666633333; ;3.16112040816327
P12;1;.959;.6005844;0;87.4856666633333; ;3.16112040816327
P12;1;1.218;0;0;87.4856666633333; ;3.16112040816327
P12;1;.951;.2343744;0;87.4856666633333; ;3.16112040816327
P12;1;1.29;.292968;0;87.4856666633333; ;3.16112040816327
P12;1;.873;.5419944;0;87.4856666633333; ;3.16112040816327
P12;1;1.101;.7910172;0;87.4856666633333; ;3.16112040816327
P12;1;1.295;.2929716;0;87.4856666633333; ;3.16112040816327
P12;1;1.318;.5896008;0;87.4856666633333; ;3.16112040816327
P12;1;1.706;.966798;0;87.4856666633333; ;3.16112040816327
P12;1;1.688;.3662136;0;87.4856666633333; ;3.16112040816327
P12;1;1.548;.8349624;0;87.4856666633333; ;3.16112040816327
P12;1;1.803;0;0;87.4856666633333; ;3.16112040816327
P12;1;1.578;.4101552;0;87.4856666633333; ;3.16112040816327
P12;1;1.776;.2343744;0;87.4856666633333; ;3.16112040816327
P12;1;1.228;1.0253916;0;87.4856666633333; ;3.16112040816327
P12;1;1.288;1.3916016;0;87.4856666633333; ;3.16112040816327
P12;1;1.283;.7800264;0;87.4856666633333; ;3.16112040816327
P12;1;1.2;.3662136;0;87.4856666633333; ;3.16112040816327
P12;1;1.003;1.8749988;0;87.4856666633333; ;3.16112040816327
P12;1;1.152;1.3916016;0;87.4856666633333; ;3.16112040816327
P12;1;1.197;.5419908;0;87.4856666633333; ;3.16112040816327
P12;1;1.184;.3662136;0;87.4856666633333; ;3.16112040816327
P12;1;1.57;.73242;0;87.4856666633333; ;3.16112040816327
P12;1;1.315;.7177716;0;87.4856666633333; ;3.16112040816327
P12;1;1.819;1.992186;0;87.4856666633333; ;3.16112040816327
P12;1;1.312;2.299806;0;87.4856666633333; ;3.16112040816327
P12;1;1.386;.6005844;0;87.4856666633333; ;3.16112040816327
P12;1;1.531;.0585936;0;87.4856666633333; ;3.16112040816327
P12;1;1.567;.5419944;0;87.4856666633333; ;3.16112040816327
P12;1;.888;1.1425788;0;87.4856666633333; ;3.16112040816327
P12;1;1.346;.4248072;0;87.4856666633333; ;3.16112040816327
P12;1;.896;.4833972;0;87.4856666633333; ;3.16112040816327
P12;1;1.469;1.0839852;0;87.4856666633333; ;3.16112040816327
P12;1;1.132;.5566392;0;87.4856666633333; ;3.16112040816327
P12;1;1.014;.7177716;0;87.4856666633333; ;3.16112040816327
P12;1;1.209;1.1425788;0;87.4856666633333; ;3.16112040816327
P12;1;1.042;.600588;0;87.4856666633333; ;3.16112040816327
P12;1;1.409;.4248036;0;87.4856666633333; ;3.16112040816327
P12;1;1.29;1.4501952;0;87.4856666633333; ;3.16112040816327
P12;1;1.207;1.3916016;0;87.4856666633333; ;3.16112040816327
P12;1;1.266;2.3583996;0;87.4856666633333; ;3.16112040816327
P12;1;1.178;2.7832032;0;87.4856666633333; ;3.16112040816327
P12;1;1.491;3.1347648;0;87.4856666633333; ;3.16112040816327
P12;1;1.416;1.1572272;0;87.4856666633333; ;3.16112040816327
P12;1;1.707;1.699218;0;87.4856666633333; ;3.16112040816327
P12;1;1.617;2.9003904;0;87.4856666633333; ;3.16112040816327
P12;1;1.745;2.1240216;0;87.4856666633333; ;3.16112040816327
P12;1;1.9;3.9843756;0;87.4856666633333; ;3.16112040816327
P12;1;1.439;3.1494132;0;87.4856666633333; ;3.16112040816327
P12;1;.14;1.04004;0;87.4856666633333; ;3.16112040816327
P12;1;1.29;.6152364;0;87.4856666633333; ;3.16112040816327
P12;1;1.316;2.1240252;0;87.4856666633333; ;3.16112040816327
P12;1;1.46;1.7431632;0;87.4856666633333; ;3.16112040816327
P12;1;1.277;2.0068344;0;87.4856666633333; ;3.16112040816327
P12;1;1.4;0;0;87.4856666633333; ;3.16112040816327
P12;1;.926;.6738264;0;87.4856666633333; ;3.16112040816327
P12;2;1.613;1.567386;0;87.4856666633333; ;3.16112040816327
P12;2;1.55;.2490264;0;87.4856666633333; ;3.16112040816327
P12;2;1.944;.7763652;0;87.4856666633333; ;3.16112040816327
P12;2;2.17;1.4501952;0;87.4856666633333; ;3.16112040816327
P12;2;1.706;3.2666004;0;87.4856666633333; ;3.16112040816327
P12;2;2.12;1.8749988;0;87.4856666633333; ;3.16112040816327
P12;2;1.3;1.0839852;0;87.4856666633333; ;3.16112040816327
P12;2;2.484;1.0839852;0;87.4856666633333; ;3.16112040816327
P12;2;2.732;.9082008;0;87.4856666633333; ;3.16112040816327
P12;2;2.084;3.0798324;0;87.4856666633333; ;3.16112040816327
P12;2;2.727;1.4501952;0;87.4856666633333; ;3.16112040816327
P12;2;2.278;1.8750024;0;87.4856666633333; ;3.16112040816327
P12;2;1.356;1.5820308;0;87.4856666633333; ;3.16112040816327
P12;2;.267;0;0;87.4856666633333; ;3.16112040816327
P12;2;2.728;0;0;87.4856666633333; ;3.16112040816327
P12;2;2.883;0;0;87.4856666633333; ;3.16112040816327
P12;2;.81;0;0;87.4856666633333; ;3.16112040816327
P12;2;2.11;.1171872;0;87.4856666633333; ;3.16112040816327
P12;2;3.19;0;0;87.4856666633333; ;3.16112040816327
P12;2;1.451;0;0;87.4856666633333; ;3.16112040816327
P12;2;4.254;0;0;87.4856666633333; ;3.16112040816327
P12;2;2.989;.4248036;0;87.4856666633333; ;3.16112040816327
P12;2;2.977;.0585936;0;87.4856666633333; ;3.16112040816327
P12;2;3.943;0;0;87.4856666633333; ;3.16112040816327
P12;2;.55;.83862;0;87.4856666633333; ;3.16112040816327
P12;2;1.927;1.8054216;0;87.4856666633333; ;3.16112040816327
P12;2;3.046;.073242;0;87.4856666633333; ;3.16112040816327
P12;2;2.317;0;0;87.4856666633333; ;3.16112040816327
P12;2;.428;0;0;87.4856666633333; ;3.16112040816327
P12;2;3.098;.6738264;0;87.4856666633333; ;3.16112040816327
P12;2;2.467;.2490228;0;87.4856666633333; ;3.16112040816327
P12;2;2.179;.6005844;0;87.4856666633333; ;3.16112040816327
P12;2;3.167;1.5087888;0;87.4856666633333; ;3.16112040816327
P12;2;3.046;.30762;0;87.4856666633333; ;3.16112040816327
P12;2;3.033;.0585936;0;87.4856666633333; ;3.16112040816327
P12;2;2.521;2.2412088;0;87.4856666633333; ;3.16112040816327
P12;2;2.14;.292968;0;87.4856666633333; ;3.16112040816327
P12;2;2.757;2.1826188;0;87.4856666633333; ;3.16112040816327
P12;2;2.367;1.1425788;0;87.4856666633333; ;3.16112040816327
P12;2;2.416;1.6406244;0;87.4856666633333; ;3.16112040816327
P12;2;2.466;1.1572272;0;87.4856666633333; ;3.16112040816327
P12;2;2.576;1.4501952;0;87.4856666633333; ;3.16112040816327
P12;2;2.157;1.7578116;0;87.4856666633333; ;3.16112040816327
P12;2;2.324;2.299806;0;87.4856666633333; ;3.16112040816327
P12;2;1.568;2.2412124;0;87.4856666633333; ;3.16112040816327
P12;2;2.802;.966798;0;87.4856666633333; ;3.16112040816327
P12;2;1.867;.8496072;0;87.4856666633333; ;3.16112040816327
P12;2;1.346;2.2127508;0;87.4856666633333; ;3.16112040816327
P12;2;.333;2.006838;0;87.4856666633333; ;3.16112040816327
P12;6;.74;.0585935999999999;0;87.4856666633333; ;3.16112040816327
P12;6;.866;1.6992216;0;87.4856666633333; ;3.16112040816327
P12;6;1.149;.7910172;0;87.4856666633333; ;3.16112040816327
P12;6;1.199;3.4423848;0;87.4856666633333; ;3.16112040816327
P12;6;1.283;.73242;0;87.4856666633333; ;3.16112040816327
P12;6;.893;1.1572272;0;87.4856666633333; ;3.16112040816327
P12;6;.767;1.4978016;0;87.4856666633333; ;3.16112040816327
P12;6;.415;.1904328;0;87.4856666633333; ;3.16112040816327
P12;6;.789;2.7832032;0;87.4856666633333; ;3.16112040816327
P12;6;1.233;3.1494168;0;87.4856666633333; ;3.16112040816327
P12;6;1.5;3.032226;0;87.4856666633333; ;3.16112040816327
P12;6;1;.73242;0;87.4856666633333; ;3.16112040816327
P12;6;.75;2.9150388;0;87.4856666633333; ;3.16112040816327
P12;6;.531;.0585936;0;87.4856666633333; ;3.16112040816327
P12;6;.723;2.4169932;0;87.4856666633333; ;3.16112040816327
P12;6;1.499;3.372804;0;87.4856666633333; ;3.16112040816327
P12;6;1.477;1.625976;0;87.4856666633333; ;3.16112040816327
P12;6;.944;1.0253916;0;87.4856666633333; ;3.16112040816327
P12;6;1.287;.4834008;0;87.4856666633333; ;3.16112040816327
P12;6;.807;.6591816;0;87.4856666633333; ;3.16112040816327
P12;6;.918;1.567386;0;87.4856666633333; ;3.16112040816327
P12;6;1.265;.4834008;0;87.4856666633333; ;3.16112040816327
P12;6;1.166;1.0253916;0;87.4856666633333; ;3.16112040816327
P12;6;1.489;1.5673824;0;87.4856666633333; ;3.16112040816327
P12;6;.495;0;0;87.4856666633333; ;3.16112040816327
P12;6;1.234;.36621;0;87.4856666633333; ;3.16112040816327
P12;6;1.167;.4248072;0;87.4856666633333; ;3.16112040816327
P12;6;1.195;.67383;0;87.4856666633333; ;3.16112040816327
P12;6;.251;.7910172;0;87.4856666633333; ;3.16112040816327
P12;6;1.655;.9082044;0;87.4856666633333; ;3.16112040816327
P12;6;.644;1.2158172;0;87.4856666633333; ;3.16112040816327
P12;6;1.196;1.0839852;0;87.4856666633333; ;3.16112040816327
P12;6;1.728;1.0986336;0;87.4856666633333; ;3.16112040816327
P12;6;1.197;1.3220208;0;87.4856666633333; ;3.16112040816327
P12;6;1.483;1.2744144;0;87.4856666633333; ;3.16112040816327
P12;6;.75;1.1572272;0;87.4856666633333; ;3.16112040816327
P12;6;.979;.659178;0;87.4856666633333; ;3.16112040816327
P12;6;1.771;1.3916016;0;87.4856666633333; ;3.16112040816327
P12;6;2;1.0839852;0;87.4856666633333; ;3.16112040816327
P12;6;1.662;.2343744;0;87.4856666633333; ;3.16112040816327
P12;6;1.55;1.2011724;0;87.4856666633333; ;3.16112040816327
P12;6;1.607;.8349624;0;87.4856666633333; ;3.16112040816327
P12;6;1.884;.7910136;0;87.4856666633333; ;3.16112040816327
P12;6;.639;.8496072;0;87.4856666633333; ;3.16112040816327
P12;6;.762;.4248036;0;87.4856666633333; ;3.16112040816327
P12;6;2.215;1.0986336;0;87.4856666633333; ;3.16112040816327
P12;6;1.7;1.3916016;0;87.4856666633333; ;3.16112040816327
P12;6;.567;.292968;0;87.4856666633333; ;3.16112040816327
P12;6;1.096;.83862;0;87.4856666633333; ;3.16112040816327
P12;6;1.485;2.2302252;0;87.4856666633333; ;3.16112040816327
P12;6;1.452;2.226564;0;87.4856666633333; ;3.16112040816327
P12;6;1.906;1.7431632;0;87.4856666633333; ;3.16112040816327
P12;6;1.581;.7910136;0;87.4856666633333; ;3.16112040816327
P12;6;1.95;.3076164;0;87.4856666633333; ;3.16112040816327
P12;6;1.25;.4248036;0;87.4856666633333; ;3.16112040816327
P12;6;1.898;.8349624;0;87.4856666633333; ;3.16112040816327
P12;6;.784;0;0;87.4856666633333; ;3.16112040816327
P12;6;.698;.1904292;0;87.4856666633333; ;3.16112040816327
P12;6;1.556;1.8164088;0;87.4856666633333; ;3.16112040816327
P12;6;1.902;.6152364;0;87.4856666633333; ;3.16112040816327
P12;6;1.467;.2490228;0;87.4856666633333; ;3.16112040816327
P12;6;.702;1.5087888;0;87.4856666633333; ;3.16112040816327
P12;6;.883;.8496108;0;87.4856666633333; ;3.16112040816327
P12;6;1.073;.4248036;0;87.4856666633333; ;3.16112040816327
P12;6;1.539;.73242;0;87.4856666633333; ;3.16112040816327
P12;6;.989;3.632814;0;87.4856666633333; ;3.16112040816327
P12;6;.59;.3552264;0;87.4856666633333; ;3.16112040816327
P12;6;1.296;1.0400364;0;87.4856666633333; ;3.16112040816327
P12;6;1.367;2.4755868;0;87.4856666633333; ;3.16112040816327
P12;6;2.533;1.09863;0;87.4856666633333; ;3.16112040816327
P12;6;1.367;2.958984;0;87.4856666633333; ;3.16112040816327
P12;6;1.565;3.925782;0;87.4856666633333; ;3.16112040816327
P12;6;1.952;1.9335924;0;87.4856666633333; ;3.16112040816327
P12;6;.873;2.4316416;0;87.4856666633333; ;3.16112040816327
P12;6;.378;1.2744144;0;87.4856666633333; ;3.16112040816327
P12;7;.485;.1171872;0;87.4856666633333; ;3.16112040816327
P12;7;1.15;1.333008;0;87.4856666633333; ;3.16112040816327
P12;7;1.083;1.9335924;0;87.4856666633333; ;3.16112040816327
P12;7;.617;2.1679668;0;87.4856666633333; ;3.16112040816327
P12;7;.75;2.666016;0;87.4856666633333; ;3.16112040816327
P12;7;.852;2.8894032;0;87.4856666633333; ;3.16112040816327
P12;7;.85;5.9326164;0;87.4856666633333; ;3.16112040816327
P12;7;1.417;1.5820308;0;87.4856666633333; ;3.16112040816327
P12;7;1.71;1.625976;0;87.4856666633333; ;3.16112040816327
P12;7;.648;1.7578116;0;87.4856666633333; ;3.16112040816327
P12;7;2.15;1.3916016;0;87.4856666633333; ;3.16112040816327
P12;7;2.35;1.4501952;0;87.4856666633333; ;3.16112040816327
P12;7;.998;.073242;0;87.4856666633333; ;3.16112040816327
P12;7;1.685;1.2011724;0;87.4856666633333; ;3.16112040816327
P12;7;1.465;1.8164052;0;87.4856666633333; ;3.16112040816327
P12;7;1.7;.6738264;0;87.4856666633333; ;3.16112040816327
P12;7;.665;.7910172;0;87.4856666633333; ;3.16112040816327
P12;7;2.268;.966798;0;87.4856666633333; ;3.16112040816327
P12;7;2.419;.8496108;0;87.4856666633333; ;3.16112040816327
P12;7;.916;.1318356;0;87.4856666633333; ;3.16112040816327
P12;7;1.098;.5419944;0;87.4856666633333; ;3.16112040816327
P12;7;1.983;.0585936;0;87.4856666633333; ;3.16112040816327
P12;7;1.583;0;0;87.4856666633333; ;3.16112040816327
P12;7;1.49;.73242;0;87.4856666633333; ;3.16112040816327
P12;7;1.948;2.299806;0;87.4856666633333; ;3.16112040816327
P12;7;1.717;.600588;0;87.4856666633333; ;3.16112040816327
P12;7;2.833;.1318356;0;87.4856666633333; ;3.16112040816327
P12;7;1.094;.8349624;0;87.4856666633333; ;3.16112040816327
P12;7;2.152;.36621;0;87.4856666633333; ;3.16112040816327
P12;7;2.132;.5419944;0;87.4856666633333; ;3.16112040816327
P12;7;.931;1.5234372;0;87.4856666633333; ;3.16112040816327
P12;7;1.783;1.0253916;0;87.4856666633333; ;3.16112040816327
P12;7;2.8;2.4755868;0;87.4856666633333; ;3.16112040816327
P12;7;.85;.1757808;0;87.4856666633333; ;3.16112040816327
P12;7;2.283;.7177716;0;87.4856666633333; ;3.16112040816327
P12;7;2.084;1.4501952;0;87.4856666633333; ;3.16112040816327
P12;7;.65;2.0507832;0;87.4856666633333; ;3.16112040816327
P12;7;1.485;2.666016;0;87.4856666633333; ;3.16112040816327
P12;7;2.25;1.4501952;0;87.4856666633333; ;3.16112040816327
P12;7;.734;1.3916016;0;87.4856666633333; ;3.16112040816327
P12;7;1;1.5563952;0;87.4856666633333; ;3.16112040816327
P12;7;1.152;.9558072;0;87.4856666633333; ;3.16112040816327
P12;7;2;1.0144008;0;87.4856666633333; ;3.16112040816327
P12;7;2.152;1.8749988;0;87.4856666633333; ;3.16112040816327
P12;7;.935;.2490228;0;87.4856666633333; ;3.16112040816327
P12;7;1.615;.6591816;0;87.4856666633333; ;3.16112040816327
P12;7;1.832;.8496072;0;87.4856666633333; ;3.16112040816327
P12;7;.95;.0585936;0;87.4856666633333; ;3.16112040816327
P12;7;.733;.8386236;0;87.4856666633333; ;3.16112040816327
P12;7;.884;0;0;87.4856666633333; ;3.16112040816327
P12;7;2.467;1.2744144;0;87.4856666633333; ;3.16112040816327
P12;7;2.034;.5419944;0;87.4856666633333; ;3.16112040816327
P12;7;.965;1.8750024;0;87.4856666633333; ;3.16112040816327
P12;7;1.5;2.226564;0;87.4856666633333; ;3.16112040816327
P12;7;1.319;1.0839852;0;87.4856666633333; ;3.16112040816327
P12;7;2.7;1.3916016;0;87.4856666633333; ;3.16112040816327
P12;7;.55;.8496072;0;87.4856666633333; ;3.16112040816327
P12;7;.831;.9082008;0;87.4856666633333; ;3.16112040816327
P12;7;.45;.2490228;0;87.4856666633333; ;3.16112040816327
P12;8;.567;1.1425752;0;87.4856666633333; ;3.16112040816327
P12;8;1.167;1.2011688;0;87.4856666633333; ;3.16112040816327
P12;8;1.283;3.691404;0;87.4856666633333; ;3.16112040816327
P12;8;1.287;5.625;0;87.4856666633333; ;3.16112040816327
P12;8;1.11;4.412844;0;87.4856666633333; ;3.16112040816327
P12;8;1.686;1.1572272;0;87.4856666633333; ;3.16112040816327
P12;8;1.554;1.6845696;0;87.4856666633333; ;3.16112040816327
P12;8;.92;2.8417968;0;87.4856666633333; ;3.16112040816327
P12;8;.9;1.09863;0;87.4856666633333; ;3.16112040816327
P12;8;1.404;2.0507832;0;87.4856666633333; ;3.16112040816327
P12;8;1.431;.4248072;0;87.4856666633333; ;3.16112040816327
P12;8;1.75;.9082008;0;87.4856666633333; ;3.16112040816327
P12;8;2.046;.7763652;0;87.4856666633333; ;3.16112040816327
P12;8;1.204;.0585936;0;87.4856666633333; ;3.16112040816327
P12;8;.78;.7763652;0;87.4856666633333; ;3.16112040816327
P12;8;1.633;.73242;0;87.4856666633333; ;3.16112040816327
P12;8;1.78;1.2011724;0;87.4856666633333; ;3.16112040816327
P12;8;2.163;1.0253916;0;87.4856666633333; ;3.16112040816327
P12;8;1.354;.1171872;0;87.4856666633333; ;3.16112040816327
P12;8;.334;.4833972;0;87.4856666633333; ;3.16112040816327
P12;8;1.796;2.1826188;0;87.4856666633333; ;3.16112040816327
P12;8;1.253;2.7832032;0;87.4856666633333; ;3.16112040816327
P12;8;1.796;.966798;0;87.4856666633333; ;3.16112040816327
P12;8;2.029;2.1240252;0;87.4856666633333; ;3.16112040816327
P12;8;.789;1.4501952;0;87.4856666633333; ;3.16112040816327
P12;8;2;1.04004;0;87.4856666633333; ;3.16112040816327
P12;8;2.434;.5566428;0;87.4856666633333; ;3.16112040816327
P12;8;2.054;.6152328;0;87.4856666633333; ;3.16112040816327
P12;8;1.676;.9082044;0;87.4856666633333; ;3.16112040816327
P12;8;1.063;0;0;87.4856666633333; ;3.16112040816327
P12;8;1.7;.6738264;0;87.4856666633333; ;3.16112040816327
P12;8;.7;1.333008;0;87.4856666633333; ;3.16112040816327
P12;8;3.03;.5419908;0;87.4856666633333; ;3.16112040816327
P12;8;2.084;3.2080104;0;87.4856666633333; ;3.16112040816327
P12;8;.836;.9667944;0;87.4856666633333; ;3.16112040816327
P12;8;1.56;1.333008;0;87.4856666633333; ;3.16112040816327
P12;8;1.846;.6152328;0;87.4856666633333; ;3.16112040816327
P12;8;2;.5419944;0;87.4856666633333; ;3.16112040816327
P12;8;2;1.2744144;0;87.4856666633333; ;3.16112040816327
P12;8;1.304;1.2048336;0;87.4856666633333; ;3.16112040816327
P12;8;.966;1.0986336;0;87.4856666633333; ;3.16112040816327
P12;8;2.35;1.699218;0;87.4856666633333; ;3.16112040816327
P12;8;1.76;1.5234372;0;87.4856666633333; ;3.16112040816327
P12;8;.65;1.9226052;0;87.4856666633333; ;3.16112040816327
P12;8;1.084;1.2158208;0;87.4856666633333; ;3.16112040816327
P12;8;1.863;3.3837876;0;87.4856666633333; ;3.16112040816327
P12;8;1.52;2.299806;0;87.4856666633333; ;3.16112040816327
P12;8;1.7;1.5087888;0;87.4856666633333; ;3.16112040816327
P12;8;2.7;1.3806144;0;87.4856666633333; ;3.16112040816327
P12;8;1.82;0;0;87.4856666633333; ;3.16112040816327
P12;8;2.13;1.1572272;0;87.4856666633333; ;3.16112040816327
P12;8;3.062;1.6406244;0;87.4856666633333; ;3.16112040816327
P12;8;1.8;.600588;0;87.4856666633333; ;3.16112040816327
P12;8;2.367;.3076164;0;87.4856666633333; ;3.16112040816327
P12;8;1.663;1.992186;0;87.4856666633333; ;3.16112040816327
P12;8;1.603;1.0839852;0;87.4856666633333; ;3.16112040816327
P12;8;2;1.5820308;0;87.4856666633333; ;3.16112040816327
P12;8;.63;1.5087888;0;87.4856666633333; ;3.16112040816327
P12;8;1.936;.9082044;0;87.4856666633333; ;3.16112040816327
P12;8;1.81;3.3837912;0;87.4856666633333; ;3.16112040816327
P12;8;1.681;4.5263664;0;87.4856666633333; ;3.16112040816327
P12;8;2.426;1.4501952;0;87.4856666633333; ;3.16112040816327
P12;8;2;.3515616;0;87.4856666633333; ;3.16112040816327
P12;8;1.133;2.8417968;0;87.4856666633333; ;3.16112040816327
P12;8;1.934;2.1093768;0;87.4856666633333; ;3.16112040816327
P12;8;2.738;1.0986336;0;87.4856666633333; ;3.16112040816327
P12;8;.763;1.933596;0;87.4856666633333; ;3.16112040816327
P12;8;.65;.966798;0;87.4856666633333; ;3.16112040816327
P12;8;1.866;1.8750024;0;87.4856666633333; ;3.16112040816327
P12;8;1.074;2.006838;0;87.4856666633333; ;3.16112040816327
P12;8;1.764;1.625976;0;87.4856666633333; ;3.16112040816327
P12;8;.7;1.333008;0;87.4856666633333; ;3.16112040816327
P12;8;.526;2.1060252;0;87.4856666633333; ;3.16112040816327
P12;8;1.484;2.3583996;0;87.4856666633333; ;3.16112040816327
P12;8;2.14;1.4501952;0;87.4856666633333; ;3.16112040816327
P12;8;1.834;1.3916016;0;87.4856666633333; ;3.16112040816327
P12;8;1.66;3.8671884;0;87.4856666633333; ;3.16112040816327
P12;8;.35;.6591816;0;87.4856666633333; ;3.16112040816327
P13;1;.817;.30762;0;101.29366653; ;2.42811333333333
P13;1;1.519;.8496072;0;101.29366653; ;2.42811333333333
P13;1;1.956;1.6992216;0;101.29366653; ;2.42811333333333
P13;1;1.733;1.333008;0;101.29366653; ;2.42811333333333
P13;1;1.333;1.0253916;0;101.29366653; ;2.42811333333333
P13;1;2.617;.9082044;0;101.29366653; ;2.42811333333333
P13;1;2.364;1.8164052;0;101.29366653; ;2.42811333333333
P13;1;3.216;1.992186;1;101.29366653; ;2.42811333333333
P13;1;2.206;1.4501952;1;101.29366653; ;2.42811333333333
P13;1;2.836;1.2744144;0;101.29366653; ;2.42811333333333
P13;1;2;1.2158208;0;101.29366653; ;2.42811333333333
P13;1;1.894;1.7578116;0;101.29366653; ;2.42811333333333
P13;1;2.867;1.333008;0;101.29366653; ;2.42811333333333
P13;1;1;1.8749988;0;101.29366653; ;2.42811333333333
P13;1;1.563;1.8750024;0;101.29366653; ;2.42811333333333
P13;1;2.469;1.5820344;0;101.29366653; ;2.42811333333333
P13;1;1.97;.4248072;0;101.29366653; ;2.42811333333333
P13;1;.724;0;0;101.29366653; ;2.42811333333333
P13;1;1.529;1.1425788;0;101.29366653; ;2.42811333333333
P13;1;1.75;1.5087888;0;101.29366653; ;2.42811333333333
P13;1;2.814;.8496108;0;101.29366653; ;2.42811333333333
P13;1;1.909;5.1306156;1;101.29366653; ;2.42811333333333
P13;1;1.156;.6591816;0;101.29366653; ;2.42811333333333
P13;1;1.859;.6005844;0;101.29366653; ;2.42811333333333
P13;1;2.211;2.8894032;1;101.29366653; ;2.42811333333333
P13;1;1.583;4.8962412;1;101.29366653; ;2.42811333333333
P13;1;2.053;5.0720184;0;101.29366653; ;2.42811333333333
P13;1;3.617;1.699218;0;101.29366653; ;2.42811333333333
P13;1;2.153;2.3474124;0;101.29366653; ;2.42811333333333
P13;1;3.537;.78003;0;101.29366653; ;2.42811333333333
P13;1;2.166;.5896008;0;101.29366653; ;2.42811333333333
P13;1;3.513;5.5554192;1;101.29366653; ;2.42811333333333
P13;1;4.409;8.997804;1;101.29366653; ;2.42811333333333
P13;1;.439;.36621;0;101.29366653; ;2.42811333333333
P13;1;4.386;7.5476088;0;101.29366653; ;2.42811333333333
P13;1;2.5;4.7167992;0;101.29366653; ;2.42811333333333
P13;1;1.056;1.3330116;0;101.29366653; ;2.42811333333333
P13;1;10.343;5.9216328;0;101.29366653; ;2.42811333333333
P13;1;4.081;4.7753892;0;101.29366653; ;2.42811333333333
P13;1;2.406;2.065428;1;101.29366653; ;2.42811333333333
P13;1;.803;2.299806;1;101.29366653; ;2.42811333333333
P13;1;2.311;1.567386;0;101.29366653; ;2.42811333333333
P13;1;4.786;4.0576176;1;101.29366653; ;2.42811333333333
P13;1;2.377;1.9335924;0;101.29366653; ;2.42811333333333
P13;1;6.109;4.3505856;1;101.29366653; ;2.42811333333333
P13;1;3.496;7.4820024;1;101.29366653; ;2.42811333333333
P13;1;1.323;.659178;0;101.29366653; ;2.42811333333333
P13;1;.836;.9082008;0;101.29366653; ;2.42811333333333
P13;1;1.175;.5566392;0;101.29366653; ;2.42811333333333
P13;1;3.623;10.0308348;0;101.29366653; ;2.42811333333333
P13;1;1.519;1.04004;0;101.29366653; ;2.42811333333333
P13;1;1.863;1.2744144;0;101.29366653; ;2.42811333333333
P13;1;1.427;4.7900412;0;101.29366653; ;2.42811333333333
P13;1;2.637;3.0908196;0;101.29366653; ;2.42811333333333
P13;2;3.418;5.3320284;0;101.29366653; ;2.42811333333333
P13;2;1.786;3.6328104;1;101.29366653; ;2.42811333333333
P13;2;1.892;1.567386;0;101.29366653; ;2.42811333333333
P13;2;1.817;1.5087924;0;101.29366653; ;2.42811333333333
P13;2;1.775;.30762;0;101.29366653; ;2.42811333333333
P13;2;1.863;.1171872;0;101.29366653; ;2.42811333333333
P13;2;1.667;.30762;0;101.29366653; ;2.42811333333333
P13;2;1.133;.67383;0;101.29366653; ;2.42811333333333
P13;2;1.717;1.1572272;0;101.29366653; ;2.42811333333333
P13;2;1.666;.5419908;0;101.29366653; ;2.42811333333333
P13;2;1.806;0;0;101.29366653; ;2.42811333333333
P13;2;1.158;1.699218;0;101.29366653; ;2.42811333333333
P13;2;1.156;.4248072;0;101.29366653; ;2.42811333333333
P13;2;1.9;.4248036;0;101.29366653; ;2.42811333333333
P13;2;1.61;.1171872;0;101.29366653; ;2.42811333333333
P13;2;1.752;.3076164;0;101.29366653; ;2.42811333333333
P13;2;2.033;.2343744;0;101.29366653; ;2.42811333333333
P13;2;2.991;.1904292;0;101.29366653; ;2.42811333333333
P13;2;3.81;.9082044;0;101.29366653; ;2.42811333333333
P13;2;2.891;2.4902316;1;101.29366653; ;2.42811333333333
P13;2;2.703;9.1296396;1;101.29366653; ;2.42811333333333
P13;2;2.417;2.8308096;0;101.29366653; ;2.42811333333333
P13;2;2.064;.6152364;0;101.29366653; ;2.42811333333333
P13;2;1.529;3.1237812;0;101.29366653; ;2.42811333333333
P13;2;1.556;0;0;101.29366653; ;2.42811333333333
P13;2;.664;.4248072;0;101.29366653; ;2.42811333333333
P13;2;1.268;.3076164;0;101.29366653; ;2.42811333333333
P13;2;.573;.3076164;0;101.29366653; ;2.42811333333333
P13;2;1.383;2.2302252;0;101.29366653; ;2.42811333333333
P13;2;1.356;.1757808;0;101.29366653; ;2.42811333333333
P13;2;.989;.2490228;0;101.29366653; ;2.42811333333333
P13;2;1.039;.4833972;0;101.29366653; ;2.42811333333333
P13;2;1.483;.0585936;0;101.29366653; ;2.42811333333333
P13;2;1.731;1.567386;0;101.29366653; ;2.42811333333333
P13;2;2.302;1.4501988;0;101.29366653; ;2.42811333333333
P13;2;4.198;2.2998024;0;101.29366653; ;2.42811333333333
P13;2;2.181;.234378;0;101.29366653; ;2.42811333333333
P13;2;1.933;.1757844;0;101.29366653; ;2.42811333333333
P13;2;2.591;.36621;0;101.29366653; ;2.42811333333333
P13;2;2.722;2.4902352;1;101.29366653; ;2.42811333333333
P13;2;3.156;4.8486348;1;101.29366653; ;2.42811333333333
P13;2;1.435;2.0068344;1;101.29366653; ;2.42811333333333
P13;2;1.619;.4248072;0;101.29366653; ;2.42811333333333
P13;2;1.552;1.2744144;0;101.29366653; ;2.42811333333333
P13;2;1.286;.5419908;0;101.29366653; ;2.42811333333333
P13;2;.666;.6591816;0;101.29366653; ;2.42811333333333
P13;2;2.256;1.0839852;0;101.29366653; ;2.42811333333333
P13;2;2.417;.6005844;0;101.29366653; ;2.42811333333333
P13;2;1.48;5.2617204;1;101.29366653; ;2.42811333333333
P13;2;1.4;.4833972;0;101.29366653; ;2.42811333333333
P13;2;1.427;2.1826188;0;101.29366653; ;2.42811333333333
P13;2;1.084;4.5263664;1;101.29366653; ;2.42811333333333
P13;2;1.05;.9082044;0;101.29366653; ;2.42811333333333
P13;2;1.039;0;0;101.29366653; ;2.42811333333333
P13;2;2.411;1.0253916;0;101.29366653; ;2.42811333333333
P13;2;1.022;.5419944;0;101.29366653; ;2.42811333333333
P13;2;.55;2.2888188;0;101.29366653; ;2.42811333333333
P13;6;.693;1.3916016;0;101.29366653; ;2.42811333333333
P13;6;.466;1.9921896;0;101.29366653; ;2.42811333333333
P13;6;1.217;.6738264;0;101.29366653; ;2.42811333333333
P13;6;2.69;9.2937024;1;101.29366653; ;2.42811333333333
P13;6;2.574;2.4169932;0;101.29366653; ;2.42811333333333
P13;6;.775;1.9812024;0;101.29366653; ;2.42811333333333
P13;6;2.207;6.3903816;1;101.29366653; ;2.42811333333333
P13;6;.533;7.32924;1;101.29366653; ;2.42811333333333
P13;6;1.76;5.0134284;0;101.29366653; ;2.42811333333333
P13;6;3.757;2.4169932;0;101.29366653; ;2.42811333333333
P13;6;1.993;3.3288588;0;101.29366653; ;2.42811333333333
P13;6;.665;1.0400364;0;101.29366653; ;2.42811333333333
P13;6;1.949;1.699218;0;101.29366653; ;2.42811333333333
P13;6;3.408;3.5156232;0;101.29366653; ;2.42811333333333
P13;6;2.876;5.1306156;0;101.29366653; ;2.42811333333333
P13;6;.79;.3515616;0;101.29366653; ;2.42811333333333
P13;6;3.085;2.958984;0;101.29366653; ;2.42811333333333
P13;6;1.892;6.6394044;1;101.29366653; ;2.42811333333333
P13;6;2.29;1.5234372;0;101.29366653; ;2.42811333333333
P13;6;1.384;8.1481932;1;101.29366653; ;2.42811333333333
P13;6;.866;5.0134284;1;101.29366653; ;2.42811333333333
P13;6;.666;.0585936000000002;0;101.29366653; ;2.42811333333333
P13;6;1.633;3.0065904;0;101.29366653; ;2.42811333333333
P13;6;3.317;2.1826152;0;101.29366653; ;2.42811333333333
P13;6;1.851;4.1748048;0;101.29366653; ;2.42811333333333
P13;6;.819;.6591816;0;101.29366653; ;2.42811333333333
P13;6;1.117;7.0056144;0;101.29366653; ;2.42811333333333
P13;6;3.1;5.9802264;1;101.29366653; ;2.42811333333333
P13;6;1.466;7.9138188;1;101.29366653; ;2.42811333333333
P13;6;2.266;1.6406244;0;101.29366653; ;2.42811333333333
P13;6;.626;2.0507796;0;101.29366653; ;2.42811333333333
P13;6;2.033;8.1628452;0;101.29366653; ;2.42811333333333
P13;6;2.992;8.2067868;0;101.29366653; ;2.42811333333333
P13;6;1.932;4.365234;0;101.29366653; ;2.42811333333333
P13;6;.924;.9082044;0;101.29366653; ;2.42811333333333
P13;6;2.633;3.2080104;0;101.29366653; ;2.42811333333333
P13;6;2.017;6.7565916;0;101.29366653; ;2.42811333333333
P13;6;2.759;4.1638212;1;101.29366653; ;2.42811333333333
P13;6;1.5;13.2513948;1;101.29366653; ;2.42811333333333
P13;6;1.349;7.1813952;1;101.29366653; ;2.42811333333333
P13;6;.634;.4248072;0;101.29366653; ;2.42811333333333
P13;6;2.274;1.6882344;0;101.29366653; ;2.42811333333333
P13;6;2.167;10.0817856;1;101.29366653; ;2.42811333333333
P13;6;1.8;2.5341804;0;101.29366653; ;2.42811333333333
P13;6;2.026;2.9736324;0;101.29366653; ;2.42811333333333
P13;6;.485;2.4755868;1;101.29366653; ;2.42811333333333
P13;6;1.926;3.9257784;1;101.29366653; ;2.42811333333333
P13;6;1.541;1.8749988;0;101.29366653; ;2.42811333333333
P13;6;2.942;6.1560072;1;101.29366653; ;2.42811333333333
P13;6;.6;2.0013948;1;101.29366653; ;2.42811333333333
P13;6;2.735;11.429442;1;101.29366653; ;2.42811333333333
P13;6;.749;7.5476088;1;101.29366653; ;2.42811333333333
P13;6;2.39;7.7380344;0;101.29366653; ;2.42811333333333
P13;6;1.633;1.0253916;0;101.29366653; ;2.42811333333333
P13;6;2.557;4.705812;0;101.29366653; ;2.42811333333333
P13;6;1.351;4.1748084;1;101.29366653; ;2.42811333333333
P13;6;.692;3.0623616;1;101.29366653; ;2.42811333333333
P13;6;2.408;2.8417968;1;101.29366653; ;2.42811333333333
P13;6;.901;1.499166;1;101.29366653; ;2.42811333333333
P13;6;2.393;6.8298372;1;101.29366653; ;2.42811333333333
P13;6;.733;4.1065848;1;101.29366653; ;2.42811333333333
P13;6;1.893;13.075092;1;101.29366653; ;2.42811333333333
P13;6;.65;7.8552252;0;101.29366653; ;2.42811333333333
P13;6;2.542;1.2744144;0;101.29366653; ;2.42811333333333
P13;6;1.224;1.699218;0;101.29366653; ;2.42811333333333
P13;6;.634;2.0055816;1;101.29366653; ;2.42811333333333
P13;6;2.242;8.6748084;1;101.29366653; ;2.42811333333333
P13;6;1.834;4.3911828;1;101.29366653; ;2.42811333333333
P13;6;2.028;9.7302276;0;101.29366653; ;2.42811333333333
P13;6;1.017;4.2501384;1;101.29366653; ;2.42811333333333
P13;6;.721;1.4501952;0;101.29366653; ;2.42811333333333
P13;6;1.933;3.7500012;0;101.29366653; ;2.42811333333333
P13;6;1.283;.67383;0;101.29366653; ;2.42811333333333
P13;6;1.816;9.730224;0;101.29366653; ;2.42811333333333
P13;6;.485;4.4225712;0;101.29366653; ;2.42811333333333
P13;6;3.688;5.965578;0;101.29366653; ;2.42811333333333
P13;6;.554;6.0255324;1;101.29366653; ;2.42811333333333
P13;6;.862;1.2158208;0;101.29366653; ;2.42811333333333
P13;7;.567;0;0;101.29366653; ;2.42811333333333
P13;7;.856;1.0986336;0;101.29366653; ;2.42811333333333
P13;7;1.867;1.2744144;0;101.29366653; ;2.42811333333333
P13;7;2.624;4.0429692;0;101.29366653; ;2.42811333333333
P13;7;.611;1.699218;0;101.29366653; ;2.42811333333333
P13;7;1.407;1.2158208;0;101.29366653; ;2.42811333333333
P13;7;1.907;.3076164;0;101.29366653; ;2.42811333333333
P13;7;4;2.9736324;0;101.29366653; ;2.42811333333333
P13;7;.543;1.0839852;0;101.29366653; ;2.42811333333333
P13;7;2.154;1.0839852;0;101.29366653; ;2.42811333333333
P13;7;2.083;.4833972;0;101.29366653; ;2.42811333333333
P13;7;2.033;1.5234408;0;101.29366653; ;2.42811333333333
P13;7;.587;4.031982;0;101.29366653; ;2.42811333333333
P13;7;3.546;1.8017604;0;101.29366653; ;2.42811333333333
P13;7;3.146;2.2412088;0;101.29366653; ;2.42811333333333
P13;7;.494;2.8894032;1;101.29366653; ;2.42811333333333
P13;7;3.513;1.9482408;1;101.29366653; ;2.42811333333333
P13;7;2.72;2.479248;0;101.29366653; ;2.42811333333333
P13;7;3.034;.4248036;0;101.29366653; ;2.42811333333333
P13;7;2.029;.4834008;0;101.29366653; ;2.42811333333333
P13;7;3.594;1.8749988;0;101.29366653; ;2.42811333333333
P13;7;2.629;1.5087888;0;101.29366653; ;2.42811333333333
P13;7;3.7;2.299806;0;101.29366653; ;2.42811333333333
P13;7;2.974;1.5087888;1;101.29366653; ;2.42811333333333
P13;7;2.406;3.7976076;1;101.29366653; ;2.42811333333333
P13;7;3.15;1.333008;0;101.29366653; ;2.42811333333333
P13;7;.64;.1757808;0;101.29366653; ;2.42811333333333
P13;7;3.3;2.4755868;0;101.29366653; ;2.42811333333333
P13;7;3.673;2.4645996;0;101.29366653; ;2.42811333333333
P13;7;2.62;2.8308132;0;101.29366653; ;2.42811333333333
P13;7;3.307;1.1901852;0;101.29366653; ;2.42811333333333
P13;7;2.067;.6152328;0;101.29366653; ;2.42811333333333
P13;7;3.466;.9082008;0;101.29366653; ;2.42811333333333
P13;7;3.444;2.8417968;1;101.29366653; ;2.42811333333333
P13;7;3.177;3.0761712;1;101.29366653; ;2.42811333333333
P13;7;3.82;3.3837912;1;101.29366653; ;2.42811333333333
P13;7;1.9;1.933596;1;101.29366653; ;2.42811333333333
P13;7;.8;2.5378416;1;101.29366653; ;2.42811333333333
P13;7;3.6;.9082008;0;101.29366653; ;2.42811333333333
P13;7;3.084;3.6914076;0;101.29366653; ;2.42811333333333
P13;7;.68;.3515616;0;101.29366653; ;2.42811333333333
P13;7;3.744;1.7578116;0;101.29366653; ;2.42811333333333
P13;7;1.966;.3515652;0;101.29366653; ;2.42811333333333
P13;7;2.687;2.666016;0;101.29366653; ;2.42811333333333
P13;7;.616;.1318356;0;101.29366653; ;2.42811333333333
P13;7;2.49;2.0507832;0;101.29366653; ;2.42811333333333
P13;7;1.121;0;0;101.29366653; ;2.42811333333333
P13;7;.561;.7910172;0;101.29366653; ;2.42811333333333
P13;7;.5;.4833972;0;101.29366653; ;2.42811333333333
P13;8;.716;1.259766;0;101.29366653; ;2.42811333333333
P13;8;.303;.7763688;0;101.29366653; ;2.42811333333333
P13;8;1.45;.7177716;0;101.29366653; ;2.42811333333333
P13;8;1.866;1.0839852;0;101.29366653; ;2.42811333333333
P13;8;1.927;2.9003904;0;101.29366653; ;2.42811333333333
P13;8;2.836;7.3828116;1;101.29366653; ;2.42811333333333
P13;8;2.113;4.3505856;0;101.29366653; ;2.42811333333333
P13;8;2.297;5.3759772;0;101.29366653; ;2.42811333333333
P13;8;2.522;5.4968256;0;101.29366653; ;2.42811333333333
P13;8;1.41;2.4645996;1;101.29366653; ;2.42811333333333
P13;8;3.05;7.2546408;1;101.29366653; ;2.42811333333333
P13;8;1.636;4.8962376;1;101.29366653; ;2.42811333333333
P13;8;6.153;8.8220232;1;101.29366653; ;2.42811333333333
P13;8;1.864;9.5397948;1;101.29366653; ;2.42811333333333
P13;8;1.73;2.3474124;1;101.29366653; ;2.42811333333333
P13;8;2.963;7.0056144;1;101.29366653; ;2.42811333333333
P13;8;.789;1.6845696;0;101.29366653; ;2.42811333333333
P13;8;3.033;3.2666004;0;101.29366653; ;2.42811333333333
P13;8;2.947;1.5820308;0;101.29366653; ;2.42811333333333
P13;8;2.616;3.5742204;1;101.29366653; ;2.42811333333333
P13;8;2.097;2.5378416;1;101.29366653; ;2.42811333333333
P13;8;2.864;5.8483872;1;101.29366653; ;2.42811333333333
P13;8;2.18;4.6472184;1;101.29366653; ;2.42811333333333
P13;8;1.933;2.958984;1;101.29366653; ;2.42811333333333
P13;8;.586;.600588;0;101.29366653; ;2.42811333333333
P13;8;2.867;6.990966;1;101.29366653; ;2.42811333333333
P13;8;2.364;4.2224112;0;101.29366653; ;2.42811333333333
P13;8;1.756;8.1481932;1;101.29366653; ;2.42811333333333
P13;8;3.689;3.3142104;1;101.29366653; ;2.42811333333333
P13;8;.73;3.4899912;0;101.29366653; ;2.42811333333333
P13;8;1.703;2.406006;0;101.29366653; ;2.42811333333333
P13;8;1.986;.7324236;0;101.29366653; ;2.42811333333333
P13;8;2.673;1.5234372;0;101.29366653; ;2.42811333333333
P13;8;3.914;1.2011724;0;101.29366653; ;2.42811333333333
P13;8;3.88;4.3981956;1;101.29366653; ;2.42811333333333
P13;8;.464;.8496108;1;101.29366653; ;2.42811333333333
P13;8;2.587;7.6208508;1;101.29366653; ;2.42811333333333
P13;8;2.467;5.6140164;0;101.29366653; ;2.42811333333333
P13;8;5.183;3.2556168;1;101.29366653; ;2.42811333333333
P13;8;.613;4.2224112;1;101.29366653; ;2.42811333333333
P13;8;1.9;2.065428;1;101.29366653; ;2.42811333333333
P13;8;3.033;1.5673824;0;101.29366653; ;2.42811333333333
P13;8;3.983;1.567386;1;101.29366653; ;2.42811333333333
P13;8;3.45;7.9138188;1;101.29366653; ;2.42811333333333
P13;8;3.667;9.4129812;1;101.29366653; ;2.42811333333333
P13;8;3.487;2.8417968;0;101.29366653; ;2.42811333333333
P13;8;2.764;3.6218268;1;101.29366653; ;2.42811333333333
P13;8;.653;.073242;0;101.29366653; ;2.42811333333333
P13;8;2.55;1.8749988;1;101.29366653; ;2.42811333333333
P13;8;3.283;9.8445852;1;101.29366653; ;2.42811333333333
P13;8;3.03;8.0909604;1;101.29366653; ;2.42811333333333
P13;8;2.123;12.2971536;1;101.29366653; ;2.42811333333333
P13;8;.533;1.2158208;0;101.29366653; ;2.42811333333333
P13;8;2.88;4.0710132;0;101.29366653; ;2.42811333333333
P13;8;3.848;4.0576176;0;101.29366653; ;2.42811333333333
P13;8;3.238;5.3173836;0;101.29366653; ;2.42811333333333
P13;8;.636;3.5009748;0;101.29366653; ;2.42811333333333
P13;8;2.05;3.1494132;0;101.29366653; ;2.42811333333333
P13;8;2.718;1.8164088;1;101.29366653; ;2.42811333333333
P13;8;3.783;2.2412124;1;101.29366653; ;2.42811333333333
P14;1;1.539;2.2851576;0;75.3999998566667; ;1.81474266666667
P14;1;1.033;.2343744;0;75.3999998566667; ;1.81474266666667
P14;1;1.289;.5419908;0;75.3999998566667; ;1.81474266666667
P14;1;1.773;.4248036;0;75.3999998566667; ;1.81474266666667
P14;1;1.111;1.025388;0;75.3999998566667; ;1.81474266666667
P14;1;1.517;1.4501952;0;75.3999998566667; ;1.81474266666667
P14;1;1.845;.6005844;0;75.3999998566667; ;1.81474266666667
P14;1;1.083;.1171872;0;75.3999998566667; ;1.81474266666667
P14;1;1.6;.600588;0;75.3999998566667; ;1.81474266666667
P14;1;1.277;.2490228;0;75.3999998566667; ;1.81474266666667
P14;1;1.1;1.0253916;0;75.3999998566667; ;1.81474266666667
P14;1;1.05;.234378;0;75.3999998566667; ;1.81474266666667
P14;1;1.372;.073242;0;75.3999998566667; ;1.81474266666667
P14;1;2.206;.1757808;0;75.3999998566667; ;1.81474266666667
P14;1;1.356;.36621;0;75.3999998566667; ;1.81474266666667
P14;1;1.888;1.0986336;0;75.3999998566667; ;1.81474266666667
P14;1;1.356;1.0253916;0;75.3999998566667; ;1.81474266666667
P14;1;1.972;.36621;0;75.3999998566667; ;1.81474266666667
P14;1;2.456;.2490228;0;75.3999998566667; ;1.81474266666667
P14;1;2.578;.5419944;0;75.3999998566667; ;1.81474266666667
P14;1;2.178;.0585935999999999;0;75.3999998566667; ;1.81474266666667
P14;1;2.616;.6005844;0;75.3999998566667; ;1.81474266666667
P14;1;2.317;0;0;75.3999998566667; ;1.81474266666667
P14;1;2.327;1.4538564;0;75.3999998566667; ;1.81474266666667
P14;1;1.667;1.09863;0;75.3999998566667; ;1.81474266666667
P14;1;1.805;.5419908;0;75.3999998566667; ;1.81474266666667
P14;1;2.056;0;0;75.3999998566667; ;1.81474266666667
P14;1;1.521;.4248036;0;75.3999998566667; ;1.81474266666667
P14;1;3.188;.4248036;0;75.3999998566667; ;1.81474266666667
P14;1;2.373;.8386236;0;75.3999998566667; ;1.81474266666667
P14;1;2.355;1.3916016;0;75.3999998566667; ;1.81474266666667
P14;1;1.971;1.5673824;0;75.3999998566667; ;1.81474266666667
P14;1;2.3;.2490228;0;75.3999998566667; ;1.81474266666667
P14;1;2.045;.1318356;0;75.3999998566667; ;1.81474266666667
P14;1;2.157;.4834008;0;75.3999998566667; ;1.81474266666667
P14;1;2.055;2.0068344;0;75.3999998566667; ;1.81474266666667
P14;1;1.627;.6738264;0;75.3999998566667; ;1.81474266666667
P14;1;1.838;.600588;0;75.3999998566667; ;1.81474266666667
P14;1;2.474;.8935524;0;75.3999998566667; ;1.81474266666667
P14;1;1.339;.7324236;0;75.3999998566667; ;1.81474266666667
P14;1;2.013;.249026400000001;0;75.3999998566667; ;1.81474266666667
P14;1;3.222;.0585935999999999;0;75.3999998566667; ;1.81474266666667
P14;1;.872;.30762;0;75.3999998566667; ;1.81474266666667
P14;1;.775;.9082044;0;75.3999998566667; ;1.81474266666667
P14;2;.221;.2929716;1;75.3999998566667; ;1.81474266666667
P14;2;.95;.4248036;0;75.3999998566667; ;1.81474266666667
P14;2;1.098;0;0;75.3999998566667; ;1.81474266666667
P14;2;.972;.5419908;0;75.3999998566667; ;1.81474266666667
P14;2;1.558;1.2011724;0;75.3999998566667; ;1.81474266666667
P14;2;1.5;2.7832068;0;75.3999998566667; ;1.81474266666667
P14;2;1.945;.5419944;0;75.3999998566667; ;1.81474266666667
P14;2;1.359;.2343744;0;75.3999998566667; ;1.81474266666667
P14;2;1.192;0;0;75.3999998566667; ;1.81474266666667
P14;2;1.537;.0585936;0;75.3999998566667; ;1.81474266666667
P14;2;2.254;0;0;75.3999998566667; ;1.81474266666667
P14;2;2.121;.1757808;0;75.3999998566667; ;1.81474266666667
P14;2;2.233;.234378;0;75.3999998566667; ;1.81474266666667
P14;2;2.876;.2343744;0;75.3999998566667; ;1.81474266666667
P14;2;1.84;.5419944;0;75.3999998566667; ;1.81474266666667
P14;2;3.187;.7910172;0;75.3999998566667; ;1.81474266666667
P14;2;2.633;.1171872;0;75.3999998566667; ;1.81474266666667
P14;2;2.792;.4248036;0;75.3999998566667; ;1.81474266666667
P14;2;1.9;.5566392;0;75.3999998566667; ;1.81474266666667
P14;2;3.766;.7910136;0;75.3999998566667; ;1.81474266666667
P14;2;2.657;1.0253916;0;75.3999998566667; ;1.81474266666667
P14;2;2.783;.9558108;1;75.3999998566667; ;1.81474266666667
P14;2;2.95;.3662136;0;75.3999998566667; ;1.81474266666667
P14;2;2.283;.3076164;0;75.3999998566667; ;1.81474266666667
P14;2;2.319;.9082008;0;75.3999998566667; ;1.81474266666667
P14;2;2.515;.9082044;0;75.3999998566667; ;1.81474266666667
P14;2;2.557;.1757808;0;75.3999998566667; ;1.81474266666667
P14;2;1.443;1.8164088;0;75.3999998566667; ;1.81474266666667
P14;2;1.436;1.1572272;0;75.3999998566667; ;1.81474266666667
P14;2;.227;0;0;75.3999998566667; ;1.81474266666667
P14;2;2.436;.600588;0;75.3999998566667; ;1.81474266666667
P14;2;1.747;.5419908;0;75.3999998566667; ;1.81474266666667
P14;2;2.333;.1171872;0;75.3999998566667; ;1.81474266666667
P14;2;1.243;2.0507832;0;75.3999998566667; ;1.81474266666667
P14;2;1.271;0;0;75.3999998566667; ;1.81474266666667
P14;2;1.721;1.2158208;0;75.3999998566667; ;1.81474266666667
P14;2;1.435;.1171872;0;75.3999998566667; ;1.81474266666667
P14;2;1.716;2.1093732;0;75.3999998566667; ;1.81474266666667
P14;2;1.259;.3076164;0;75.3999998566667; ;1.81474266666667
P14;2;1.038;.0585935999999999;0;75.3999998566667; ;1.81474266666667
P14;2;.817;.6152328;0;75.3999998566667; ;1.81474266666667
P14;6;.747;.4101552;0;75.3999998566667; ;1.81474266666667
P14;6;1.353;.5419944;0;75.3999998566667; ;1.81474266666667
P14;6;1.85;.966794399999999;0;75.3999998566667; ;1.81474266666667
P14;6;.614;.1757808;0;75.3999998566667; ;1.81474266666667
P14;6;1.024;.073242;0;75.3999998566667; ;1.81474266666667
P14;6;2.224;.36621;0;75.3999998566667; ;1.81474266666667
P14;6;.884;0;0;75.3999998566667; ;1.81474266666667
P14;6;1.536;0;0;75.3999998566667; ;1.81474266666667
P14;6;1.726;1.9335924;0;75.3999998566667; ;1.81474266666667
P14;6;.549;1.7578116;0;75.3999998566667; ;1.81474266666667
P14;6;1.146;2.958984;0;75.3999998566667; ;1.81474266666667
P14;6;2.18;.4248036;0;75.3999998566667; ;1.81474266666667
P14;6;.43;0;0;75.3999998566667; ;1.81474266666667
P14;6;.454;1.8164052;0;75.3999998566667; ;1.81474266666667
P14;6;1.516;.3515616;0;75.3999998566667; ;1.81474266666667
P14;6;2.288;.9667944;0;75.3999998566667; ;1.81474266666667
P14;6;.63;.1757808;0;75.3999998566667; ;1.81474266666667
P14;6;3.344;1.8164052;0;75.3999998566667; ;1.81474266666667
P14;6;.55;.2343744;0;75.3999998566667; ;1.81474266666667
P14;6;1.469;1.3916016;0;75.3999998566667; ;1.81474266666667
P14;6;1.066;.2343744;0;75.3999998566667; ;1.81474266666667
P14;6;1.106;1.4501952;0;75.3999998566667; ;1.81474266666667
P14;6;1.384;.1171872;0;75.3999998566667; ;1.81474266666667
P14;6;2.162;.1318356;0;75.3999998566667; ;1.81474266666667
P14;6;.486;.8496072;0;75.3999998566667; ;1.81474266666667
P14;6;1.356;3.431394;0;75.3999998566667; ;1.81474266666667
P14;6;1.466;1.4501952;0;75.3999998566667; ;1.81474266666667
P14;6;1.483;.659178;0;75.3999998566667; ;1.81474266666667
P14;6;1.64;.1171872;0;75.3999998566667; ;1.81474266666667
P14;6;1.513;.1171908;0;75.3999998566667; ;1.81474266666667
P14;6;1.434;0;0;75.3999998566667; ;1.81474266666667
P14;6;.544;1.0876464;0;75.3999998566667; ;1.81474266666667
P14;6;1.411;.0585936;0;75.3999998566667; ;1.81474266666667
P14;6;2.036;.36621;0;75.3999998566667; ;1.81474266666667
P14;6;.596;1.5673824;0;75.3999998566667; ;1.81474266666667
P14;6;1.216;.8496108;0;75.3999998566667; ;1.81474266666667
P14;6;1.752;2.640384;0;75.3999998566667; ;1.81474266666667
P14;6;1.604;.3076164;0;75.3999998566667; ;1.81474266666667
P14;6;1.766;.5419908;0;75.3999998566667; ;1.81474266666667
P14;6;2.25;1.3916016;0;75.3999998566667; ;1.81474266666667
P14;6;.983;0;0;75.3999998566667; ;1.81474266666667
P14;6;1.107;.0585936;0;75.3999998566667; ;1.81474266666667
P14;6;1.68;.1757808;0;75.3999998566667; ;1.81474266666667
P14;6;.466;.1171908;0;75.3999998566667; ;1.81474266666667
P14;6;2.633;.36621;0;75.3999998566667; ;1.81474266666667
P14;6;.756;.3076164;0;75.3999998566667; ;1.81474266666667
P14;6;1.366;0;0;75.3999998566667; ;1.81474266666667
P14;6;.421;0;0;75.3999998566667; ;1.81474266666667
P14;7;.53;.1318356;0;75.3999998566667; ;1.81474266666667
P14;7;.417;.0585935999999999;0;75.3999998566667; ;1.81474266666667
P14;7;1.314;1.0839852;0;75.3999998566667; ;1.81474266666667
P14;7;1.536;.7910136;0;75.3999998566667; ;1.81474266666667
P14;7;.459;1.4501952;1;75.3999998566667; ;1.81474266666667
P14;7;.513;4.2810084;1;75.3999998566667; ;1.81474266666667
P14;7;.764;.8496108;0;75.3999998566667; ;1.81474266666667
P14;7;.448;.3662136;0;75.3999998566667; ;1.81474266666667
P14;7;1.267;2.4755832;0;75.3999998566667; ;1.81474266666667
P14;7;1.94;0;0;75.3999998566667; ;1.81474266666667
P14;7;2.017;0;0;75.3999998566667; ;1.81474266666667
P14;7;.926;3.7390176;1;75.3999998566667; ;1.81474266666667
P14;7;.694;0;0;75.3999998566667; ;1.81474266666667
P14;7;1.3;1.3916052;0;75.3999998566667; ;1.81474266666667
P14;7;1.61;2.2998024;0;75.3999998566667; ;1.81474266666667
P14;7;1;2.299806;0;75.3999998566667; ;1.81474266666667
P14;7;.55;.0585935999999999;0;75.3999998566667; ;1.81474266666667
P14;7;.41;1.5673824;0;75.3999998566667; ;1.81474266666667
P14;7;1.1;.4248036;0;75.3999998566667; ;1.81474266666667
P14;7;2.336;.6738264;0;75.3999998566667; ;1.81474266666667
P14;7;.627;0;0;75.3999998566667; ;1.81474266666667
P14;7;.948;.966798;0;75.3999998566667; ;1.81474266666667
P14;7;2.065;1.04004;0;75.3999998566667; ;1.81474266666667
P14;7;1.576;.1904292;0;75.3999998566667; ;1.81474266666667
P14;7;.709;.83862;0;75.3999998566667; ;1.81474266666667
P14;7;1.467;1.5673824;0;75.3999998566667; ;1.81474266666667
P14;7;1.692;.9667944;0;75.3999998566667; ;1.81474266666667
P14;7;1.904;2.3474124;0;75.3999998566667; ;1.81474266666667
P14;7;.447;.5419944;0;75.3999998566667; ;1.81474266666667
P14;7;.681;0;0;75.3999998566667; ;1.81474266666667
P14;7;1.316;.4833972;0;75.3999998566667; ;1.81474266666667
P14;7;.845;1.5563988;0;75.3999998566667; ;1.81474266666667
P14;7;1.117;.600588;0;75.3999998566667; ;1.81474266666667
P14;7;1.562;2.1569832;0;75.3999998566667; ;1.81474266666667
P14;7;.7;1.0253916;0;75.3999998566667; ;1.81474266666667
P14;7;.463;0;0;75.3999998566667; ;1.81474266666667
P14;7;1.346;.4248036;0;75.3999998566667; ;1.81474266666667
P14;7;.946;1.51245;0;75.3999998566667; ;1.81474266666667
P14;7;1.366;.9558144;0;75.3999998566667; ;1.81474266666667
P14;7;.643;1.4501988;0;75.3999998566667; ;1.81474266666667
P14;7;1.452;1.4501952;0;75.3999998566667; ;1.81474266666667
P14;7;1.067;1.640628;0;75.3999998566667; ;1.81474266666667
P14;7;1.366;1.2744108;0;75.3999998566667; ;1.81474266666667
P14;7;.586;.9667944;0;75.3999998566667; ;1.81474266666667
P14;7;1.7;.78003;0;75.3999998566667; ;1.81474266666667
P14;7;.9;.4833972;0;75.3999998566667; ;1.81474266666667
P14;7;1.215;0;0;75.3999998566667; ;1.81474266666667
P14;7;.977;.30762;0;75.3999998566667; ;1.81474266666667
P14;7;.5;0;0;75.3999998566667; ;1.81474266666667
P14;7;1.343;0;0;75.3999998566667; ;1.81474266666667
P14;7;2.312;.5419908;0;75.3999998566667; ;1.81474266666667
P14;7;.764;.1318356;0;75.3999998566667; ;1.81474266666667
P14;7;2.009;2.8894032;0;75.3999998566667; ;1.81474266666667
P14;7;1.709;.4248072;0;75.3999998566667; ;1.81474266666667
P14;7;.597;1.805418;0;75.3999998566667; ;1.81474266666667
P14;7;1.593;3.5632332;0;75.3999998566667; ;1.81474266666667
P14;7;1.764;.67383;0;75.3999998566667; ;1.81474266666667
P14;7;.95;.966798;0;75.3999998566667; ;1.81474266666667
P14;7;.701;.1904292;0;75.3999998566667; ;1.81474266666667
P14;7;1.077;.5419908;0;75.3999998566667; ;1.81474266666667
P14;7;1.607;1.3916016;0;75.3999998566667; ;1.81474266666667
P14;7;1.462;0;0;75.3999998566667; ;1.81474266666667
P14;7;.532;0;0;75.3999998566667; ;1.81474266666667
P14;7;1.105;.1757808;0;75.3999998566667; ;1.81474266666667
P14;7;2.066;.7177752;0;75.3999998566667; ;1.81474266666667
P14;7;.67;.2343744;0;75.3999998566667; ;1.81474266666667
P14;7;.561;0;0;75.3999998566667; ;1.81474266666667
P14;7;.576;.1171872;0;75.3999998566667; ;1.81474266666667
P14;8;.783;.6005844;0;75.3999998566667; ;1.81474266666667
P14;8;.75;2.0507832;0;75.3999998566667; ;1.81474266666667
P14;8;.9;1.0986336;0;75.3999998566667; ;1.81474266666667
P14;8;1.267;.6005844;0;75.3999998566667; ;1.81474266666667
P14;8;1.257;1.259766;0;75.3999998566667; ;1.81474266666667
P14;8;2.18;.2929716;0;75.3999998566667; ;1.81474266666667
P14;8;.705;.1904292;0;75.3999998566667; ;1.81474266666667
P14;8;1.36;2.4169932;0;75.3999998566667; ;1.81474266666667
P14;8;.9;.9082044;1;75.3999998566667; ;1.81474266666667
P14;8;1.857;2.7246096;1;75.3999998566667; ;1.81474266666667
P14;8;1.33;.7910172;0;75.3999998566667; ;1.81474266666667
P14;8;1.827;.2929716;0;75.3999998566667; ;1.81474266666667
P14;8;.834;.3662136;0;75.3999998566667; ;1.81474266666667
P14;8;1.996;2.1240216;0;75.3999998566667; ;1.81474266666667
P14;8;2.68;1.2011724;0;75.3999998566667; ;1.81474266666667
P14;8;1.88;1.1425752;0;75.3999998566667; ;1.81474266666667
P14;8;1.353;1.1572272;0;75.3999998566667; ;1.81474266666667
P14;8;1.326;0;0;75.3999998566667; ;1.81474266666667
P14;8;1.759;.1757844;0;75.3999998566667; ;1.81474266666667
P14;8;1.39;.4834008;0;75.3999998566667; ;1.81474266666667
P14;8;.591;.5419944;0;75.3999998566667; ;1.81474266666667
P14;8;1.487;.0585936;0;75.3999998566667; ;1.81474266666667
P14;8;.668;.4834008;0;75.3999998566667; ;1.81474266666667
P14;8;1.774;.1904292;0;75.3999998566667; ;1.81474266666667
P14;8;1.776;1.3806144;0;75.3999998566667; ;1.81474266666667
P14;8;2.316;.7177752;0;75.3999998566667; ;1.81474266666667
P14;8;.657;.2490228;0;75.3999998566667; ;1.81474266666667
P14;8;.47;0;0;75.3999998566667; ;1.81474266666667
P14;8;1.413;1.2487824;0;75.3999998566667; ;1.81474266666667
P14;8;1.48;.2343744;0;75.3999998566667; ;1.81474266666667
P14;8;2.489;4.1162112;0;75.3999998566667; ;1.81474266666667
P14;8;1.873;.9704592;0;75.3999998566667; ;1.81474266666667
P14;8;.741;.7177716;0;75.3999998566667; ;1.81474266666667
P14;8;2.057;5.6726064;0;75.3999998566667; ;1.81474266666667
P14;8;2.253;1.439208;1;75.3999998566667; ;1.81474266666667
P14;8;1.66;2.9626488;0;75.3999998566667; ;1.81474266666667
P14;8;.443;1.3916052;0;75.3999998566667; ;1.81474266666667
P14;8;1.129;5.072022;0;75.3999998566667; ;1.81474266666667
P14;8;2.207;1.933596;0;75.3999998566667; ;1.81474266666667
P14;8;2.02;4.6472184;0;75.3999998566667; ;1.81474266666667
P14;8;.5;1.6259796;1;75.3999998566667; ;1.81474266666667
P14;8;1.391;2.6550324;0;75.3999998566667; ;1.81474266666667
P14;8;1.666;.179442;0;75.3999998566667; ;1.81474266666667
P14;8;.2;.3515616;1;75.3999998566667; ;1.81474266666667
P14;8;2.77;6.4636236;1;75.3999998566667; ;1.81474266666667
P14;8;.676;1.9812024;0;75.3999998566667; ;1.81474266666667
P14;8;.839;.1171908;0;75.3999998566667; ;1.81474266666667
P14;8;1.828;1.567386;0;75.3999998566667; ;1.81474266666667
P14;8;1.96;4.0466304;0;75.3999998566667; ;1.81474266666667
P14;8;1.813;1.4501952;1;75.3999998566667; ;1.81474266666667
P14;8;.233;1.0839852;1;75.3999998566667; ;1.81474266666667
P14;8;1.576;3.266604;1;75.3999998566667; ;1.81474266666667
P14;8;1.17;1.699218;0;75.3999998566667; ;1.81474266666667
P14;8;1.926;2.3583996;0;75.3999998566667; ;1.81474266666667
P14;8;1.649;.9082044;0;75.3999998566667; ;1.81474266666667
P14;8;.66;.292968;0;75.3999998566667; ;1.81474266666667
P14;8;1.439;2.2998024;0;75.3999998566667; ;1.81474266666667
P14;8;1.695;1.0986336;0;75.3999998566667; ;1.81474266666667
P14;8;1.624;2.299806;0;75.3999998566667; ;1.81474266666667
P14;8;.933;.1171908;0;75.3999998566667; ;1.81474266666667
P14;8;.687;0;0;75.3999998566667; ;1.81474266666667
P14;8;1.276;6.3427752;1;75.3999998566667; ;1.81474266666667
P14;8;.929;1.5673824;1;75.3999998566667; ;1.81474266666667
P14;8;1.333;1.9335924;0;75.3999998566667; ;1.81474266666667
P14;8;1.183;.36621;0;75.3999998566667; ;1.81474266666667
P14;8;.651;1.0253916;0;75.3999998566667; ;1.81474266666667
P14;8;.56;2.4169896;0;75.3999998566667; ;1.81474266666667
P14;8;1.133;.9082044;0;75.3999998566667; ;1.81474266666667
P14;8;1.05;1.9812024;0;75.3999998566667; ;1.81474266666667
P14;8;1.407;.36621;1;75.3999998566667; ;1.81474266666667
P14;8;1.4;2.6550288;0;75.3999998566667; ;1.81474266666667
P14;8;1.212;0;0;75.3999998566667; ;1.81474266666667
P14;8;.374;.4833972;1;75.3999998566667; ;1.81474266666667
P15;1;.414;.7910172;0;155.290000033333; ;2.06391323529412
P15;1;.671;2.2412088;0;155.290000033333; ;2.06391323529412
P15;1;.645;.966798;0;155.290000033333; ;2.06391323529412
P15;1;.616;.659178;0;155.290000033333; ;2.06391323529412
P15;1;2.914;5.3759772;0;155.290000033333; ;2.06391323529412
P15;1;.819;.4833972;0;155.290000033333; ;2.06391323529412
P15;1;.583;1.3916016;0;155.290000033333; ;2.06391323529412
P15;1;1.101;2.2412088;0;155.290000033333; ;2.06391323529412
P15;1;2.43;5.7458484;0;155.290000033333; ;2.06391323529412
P15;1;.31;1.8164052;0;155.290000033333; ;2.06391323529412
P15;1;2.976;2.6074224;0;155.290000033333; ;2.06391323529412
P15;1;1.997;.36621;0;155.290000033333; ;2.06391323529412
P15;1;.6;.9082044;0;155.290000033333; ;2.06391323529412
P15;1;2.666;.2343744;0;155.290000033333; ;2.06391323529412
P15;1;3.653;.36621;0;155.290000033333; ;2.06391323529412
P15;1;.982;4.1015628;0;155.290000033333; ;2.06391323529412
P15;1;1.532;.7177716;0;155.290000033333; ;2.06391323529412
P15;1;.564;1.3916016;0;155.290000033333; ;2.06391323529412
P15;1;1.77;.0585936;0;155.290000033333; ;2.06391323529412
P15;1;2.714;0;0;155.290000033333; ;2.06391323529412
P15;1;1.467;.1757808;0;155.290000033333; ;2.06391323529412
P15;1;2.268;0;0;155.290000033333; ;2.06391323529412
P15;1;1.108;.6152364;0;155.290000033333; ;2.06391323529412
P15;1;1.206;1.0839852;0;155.290000033333; ;2.06391323529412
P15;1;2.866;.8496072;0;155.290000033333; ;2.06391323529412
P15;1;3.141;.36621;0;155.290000033333; ;2.06391323529412
P15;1;1.138;1.7578152;0;155.290000033333; ;2.06391323529412
P15;1;5.833;1.0253916;0;155.290000033333; ;2.06391323529412
P15;1;1.571;2.0507796;0;155.290000033333; ;2.06391323529412
P15;1;.777;1.04004;0;155.290000033333; ;2.06391323529412
P15;1;.404;.7324236;0;155.290000033333; ;2.06391323529412
P15;1;1.7;.4833972;0;155.290000033333; ;2.06391323529412
P15;1;2.669;1.4978052;1;155.290000033333; ;2.06391323529412
P15;1;.652;.6005844;0;155.290000033333; ;2.06391323529412
P15;1;.416;0;0;155.290000033333; ;2.06391323529412
P15;1;1.3;1.3916016;0;155.290000033333; ;2.06391323529412
P15;1;1.182;1.9921896;0;155.290000033333; ;2.06391323529412
P15;1;1.433;.0585936;0;155.290000033333; ;2.06391323529412
P15;1;.456;0;0;155.290000033333; ;2.06391323529412
P15;1;1.55;2.2412124;0;155.290000033333; ;2.06391323529412
P15;1;1.204;1.7578116;0;155.290000033333; ;2.06391323529412
P15;1;2.264;.6152328;0;155.290000033333; ;2.06391323529412
P15;1;1.067;.600588;0;155.290000033333; ;2.06391323529412
P15;1;1.732;1.0253916;0;155.290000033333; ;2.06391323529412
P15;1;1.296;2.1240216;0;155.290000033333; ;2.06391323529412
P15;1;1.367;.7763652;0;155.290000033333; ;2.06391323529412
P15;1;1.562;.7910172;0;155.290000033333; ;2.06391323529412
P15;1;1.15;1.9482408;0;155.290000033333; ;2.06391323529412
P15;1;.532;2.1093768;0;155.290000033333; ;2.06391323529412
P15;1;.815;1.1572272;0;155.290000033333; ;2.06391323529412
P15;1;.983;.6005844;0;155.290000033333; ;2.06391323529412
P15;1;1.497;.7324236;0;155.290000033333; ;2.06391323529412
P15;1;1.593;1.333008;0;155.290000033333; ;2.06391323529412
P15;1;.616;2.958984;0;155.290000033333; ;2.06391323529412
P15;1;.446;2.299806;0;155.290000033333; ;2.06391323529412
P15;1;1.15;1.8164052;0;155.290000033333; ;2.06391323529412
P15;1;.583;3.925782;0;155.290000033333; ;2.06391323529412
P15;1;1.066;2.1679704;0;155.290000033333; ;2.06391323529412
P15;1;.465;2.1679668;0;155.290000033333; ;2.06391323529412
P15;1;1.866;5.0830092;0;155.290000033333; ;2.06391323529412
P15;1;1.167;3.5156268;0;155.290000033333; ;2.06391323529412
P15;1;.652;1.333008;0;155.290000033333; ;2.06391323529412
P15;1;1.627;2.7832032;0;155.290000033333; ;2.06391323529412
P15;1;2.068;3.193362;0;155.290000033333; ;2.06391323529412
P15;1;1.051;2.8417968;0;155.290000033333; ;2.06391323529412
P15;1;1.5;1.0839852;0;155.290000033333; ;2.06391323529412
P15;1;1.08;3.0908196;0;155.290000033333; ;2.06391323529412
P15;2;.359;0;0;155.290000033333; ;2.06391323529412
P15;2;1.81;1.6882308;0;155.290000033333; ;2.06391323529412
P15;2;.767;.9082044;0;155.290000033333; ;2.06391323529412
P15;2;.594;1.8750024;0;155.290000033333; ;2.06391323529412
P15;2;4.382;1.2744144;0;155.290000033333; ;2.06391323529412
P15;2;3.747;3.8085948;0;155.290000033333; ;2.06391323529412
P15;2;3.889;2.2265604;1;155.290000033333; ;2.06391323529412
P15;2;1.236;1.2634272;0;155.290000033333; ;2.06391323529412
P15;2;1.986;1.4501952;1;155.290000033333; ;2.06391323529412
P15;2;2.1;2.358396;0;155.290000033333; ;2.06391323529412
P15;2;.742;3.7976076;1;155.290000033333; ;2.06391323529412
P15;2;.986;.4980456;0;155.290000033333; ;2.06391323529412
P15;2;.692;2.7832032;0;155.290000033333; ;2.06391323529412
P15;2;1.997;.1171872;0;155.290000033333; ;2.06391323529412
P15;2;1.804;0;0;155.290000033333; ;2.06391323529412
P15;2;.46;.36621;0;155.290000033333; ;2.06391323529412
P15;2;.419;0;0;155.290000033333; ;2.06391323529412
P15;2;2.444;1.3916016;0;155.290000033333; ;2.06391323529412
P15;2;.322;.4248072;0;155.290000033333; ;2.06391323529412
P15;2;1.992;.0585936;0;155.290000033333; ;2.06391323529412
P15;2;1.464;0;0;155.290000033333; ;2.06391323529412
P15;2;2.036;.6005844;0;155.290000033333; ;2.06391323529412
P15;2;2.508;1.0839852;0;155.290000033333; ;2.06391323529412
P15;2;2.77;1.09863;0;155.290000033333; ;2.06391323529412
P15;2;4.096;2.1569832;0;155.290000033333; ;2.06391323529412
P15;2;2.135;.8496108;0;155.290000033333; ;2.06391323529412
P15;2;1.542;.9667944;0;155.290000033333; ;2.06391323529412
P15;2;2.264;1.0839852;0;155.290000033333; ;2.06391323529412
P15;2;.933;.6005844;0;155.290000033333; ;2.06391323529412
P15;2;1.397;1.9335924;0;155.290000033333; ;2.06391323529412
P15;2;1.088;.4833972;0;155.290000033333; ;2.06391323529412
P15;2;2.733;.1171872;0;155.290000033333; ;2.06391323529412
P15;2;2.113;.2343744;0;155.290000033333; ;2.06391323529412
P15;2;1.874;.4248072;0;155.290000033333; ;2.06391323529412
P15;2;1.082;1.4648436;0;155.290000033333; ;2.06391323529412
P15;2;1.475;2.065428;0;155.290000033333; ;2.06391323529412
P15;2;1.316;3.3251976;0;155.290000033333; ;2.06391323529412
P15;2;1.563;1.8164088;0;155.290000033333; ;2.06391323529412
P15;2;1.817;1.933596;0;155.290000033333; ;2.06391323529412
P15;2;1.602;3.9294432;0;155.290000033333; ;2.06391323529412
P15;2;1.064;.1171872;0;155.290000033333; ;2.06391323529412
P15;2;2.387;3.0175812;0;155.290000033333; ;2.06391323529412
P15;2;2.369;6.884766;0;155.290000033333; ;2.06391323529412
P15;2;1.291;3.4423812;0;155.290000033333; ;2.06391323529412
P15;2;.375;2.2265604;0;155.290000033333; ;2.06391323529412
P15;2;.717;.7910172;0;155.290000033333; ;2.06391323529412
P15;2;1.075;.7910172;0;155.290000033333; ;2.06391323529412
P15;2;.603;1.8750024;0;155.290000033333; ;2.06391323529412
P15;2;.782;1.992186;0;155.290000033333; ;2.06391323529412
P15;2;3.247;1.625976;0;155.290000033333; ;2.06391323529412
P15;2;.604;1.7578152;0;155.290000033333; ;2.06391323529412
P15;2;.85;0;0;155.290000033333; ;2.06391323529412
P15;2;.624;.1904328;0;155.290000033333; ;2.06391323529412
P15;2;.453;2.1826152;0;155.290000033333; ;2.06391323529412
P15;2;1.1;.4101552;0;155.290000033333; ;2.06391323529412
P15;2;1.019;.249026400000001;0;155.290000033333; ;2.06391323529412
P15;2;2.109;3.325194;0;155.290000033333; ;2.06391323529412
P15;2;.791;.4834008;0;155.290000033333; ;2.06391323529412
P15;6;.512;1.6845696;0;155.290000033333; ;2.06391323529412
P15;6;1.014;.7910172;0;155.290000033333; ;2.06391323529412
P15;6;1.338;1.2158208;0;155.290000033333; ;2.06391323529412
P15;6;1.293;1.0986336;0;155.290000033333; ;2.06391323529412
P15;6;1.4;1.2744144;0;155.290000033333; ;2.06391323529412
P15;6;2.219;.73242;0;155.290000033333; ;2.06391323529412
P15;6;.482;.1171908;0;155.290000033333; ;2.06391323529412
P15;6;1.593;3.3837912;0;155.290000033333; ;2.06391323529412
P15;6;.544;2.1826188;0;155.290000033333; ;2.06391323529412
P15;6;1.083;2.5817904;0;155.290000033333; ;2.06391323529412
P15;6;1.665;1.7578152;0;155.290000033333; ;2.06391323529412
P15;6;1.522;2.299806;0;155.290000033333; ;2.06391323529412
P15;6;2.261;4.5410148;0;155.290000033333; ;2.06391323529412
P15;6;1.594;2.3583996;0;155.290000033333; ;2.06391323529412
P15;6;1.569;2.8308096;0;155.290000033333; ;2.06391323529412
P15;6;.895;2.8417968;0;155.290000033333; ;2.06391323529412
P15;6;1.776;1.333008;0;155.290000033333; ;2.06391323529412
P15;6;1.073;.8349624;0;155.290000033333; ;2.06391323529412
P15;6;1.66;.3076164;0;155.290000033333; ;2.06391323529412
P15;6;.815;.1757808;0;155.290000033333; ;2.06391323529412
P15;6;.465;.659178;0;155.290000033333; ;2.06391323529412
P15;6;1.355;1.0144044;0;155.290000033333; ;2.06391323529412
P15;6;2.9;2.7832068;0;155.290000033333; ;2.06391323529412
P15;6;.496;1.2744144;0;155.290000033333; ;2.06391323529412
P15;6;1.298;2.5964352;0;155.290000033333; ;2.06391323529412
P15;6;1.816;3.1237812;0;155.290000033333; ;2.06391323529412
P15;6;2.305;2.1093768;0;155.290000033333; ;2.06391323529412
P15;6;1.61;3.3874524;0;155.290000033333; ;2.06391323529412
P15;6;2.707;3.3837876;0;155.290000033333; ;2.06391323529412
P15;6;1.15;0;0;155.290000033333; ;2.06391323529412
P15;6;2.865;2.8418004;0;155.290000033333; ;2.06391323529412
P15;6;1.566;.9558108;0;155.290000033333; ;2.06391323529412
P15;6;1.695;.4834008;0;155.290000033333; ;2.06391323529412
P15;6;.973;2.6513676;0;155.290000033333; ;2.06391323529412
P15;6;2.055;3.8562012;0;155.290000033333; ;2.06391323529412
P15;6;2.185;1.4501952;0;155.290000033333; ;2.06391323529412
P15;6;2.761;3.739014;0;155.290000033333; ;2.06391323529412
P15;6;2.667;1.0253916;0;155.290000033333; ;2.06391323529412
P15;6;3.676;6.8298372;1;155.290000033333; ;2.06391323529412
P15;6;1.837;4.1162112;0;155.290000033333; ;2.06391323529412
P15;6;1.237;.9082044;0;155.290000033333; ;2.06391323529412
P15;6;3.266;2.7832032;0;155.290000033333; ;2.06391323529412
P15;6;2.986;7.0642116;0;155.290000033333; ;2.06391323529412
P15;6;1.301;4.291992;0;155.290000033333; ;2.06391323529412
P15;6;.488;.4248072;0;155.290000033333; ;2.06391323529412
P15;6;3.26;2.6074224;0;155.290000033333; ;2.06391323529412
P15;6;2.319;.7910136;1;155.290000033333; ;2.06391323529412
P15;6;.81;.483397199999999;1;155.290000033333; ;2.06391323529412
P15;7;.629;.4248036;0;155.290000033333; ;2.06391323529412
P15;7;.934;2.666016;0;155.290000033333; ;2.06391323529412
P15;7;.634;2.5341804;0;155.290000033333; ;2.06391323529412
P15;7;1.046;3.3837876;0;155.290000033333; ;2.06391323529412
P15;7;1.5;2.4755868;0;155.290000033333; ;2.06391323529412
P15;7;2.317;4.658202;0;155.290000033333; ;2.06391323529412
P15;7;.8;.2966328;0;155.290000033333; ;2.06391323529412
P15;7;.517;2.1093732;0;155.290000033333; ;2.06391323529412
P15;7;1.35;3.5742204;0;155.290000033333; ;2.06391323529412
P15;7;1.312;1.8750024;0;155.290000033333; ;2.06391323529412
P15;7;3.695;6.8884272;0;155.290000033333; ;2.06391323529412
P15;7;.384;.8496108;0;155.290000033333; ;2.06391323529412
P15;7;1.65;2.5964352;0;155.290000033333; ;2.06391323529412
P15;7;1.635;1.333008;0;155.290000033333; ;2.06391323529412
P15;7;1.782;2.1240216;0;155.290000033333; ;2.06391323529412
P15;7;1.839;1.4501952;0;155.290000033333; ;2.06391323529412
P15;7;1.186;.1171872;0;155.290000033333; ;2.06391323529412
P15;7;1.339;2.1240216;0;155.290000033333; ;2.06391323529412
P15;7;2.689;2.1240252;0;155.290000033333; ;2.06391323529412
P15;7;1.367;.5310072;0;155.290000033333; ;2.06391323529412
P15;7;2.285;.9082044;0;155.290000033333; ;2.06391323529412
P15;7;2.167;3.0175776;0;155.290000033333; ;2.06391323529412
P15;7;1.418;.8972172;0;155.290000033333; ;2.06391323529412
P15;7;1.7;2.3583996;0;155.290000033333; ;2.06391323529412
P15;7;1.872;3.6328104;0;155.290000033333; ;2.06391323529412
P15;7;1.887;2.2302252;0;155.290000033333; ;2.06391323529412
P15;7;2.825;1.992186;0;155.290000033333; ;2.06391323529412
P15;7;3.207;1.5087888;0;155.290000033333; ;2.06391323529412
P15;7;1.488;4.4677728;0;155.290000033333; ;2.06391323529412
P15;7;.46;1.2487788;0;155.290000033333; ;2.06391323529412
P15;7;1.182;1.0253916;0;155.290000033333; ;2.06391323529412
P15;7;2.5;2.9736324;0;155.290000033333; ;2.06391323529412
P15;7;1.018;1.640628;0;155.290000033333; ;2.06391323529412
P15;7;2.65;3.6804168;0;155.290000033333; ;2.06391323529412
P15;7;1.546;2.7722196;0;155.290000033333; ;2.06391323529412
P15;7;1.707;2.4755868;0;155.290000033333; ;2.06391323529412
P15;7;1.552;1.1315916;0;155.290000033333; ;2.06391323529412
P15;7;2.187;2.7246096;0;155.290000033333; ;2.06391323529412
P15;7;2.932;1.8164052;0;155.290000033333; ;2.06391323529412
P15;7;1.874;1.4978016;0;155.290000033333; ;2.06391323529412
P15;7;2.371;3.0908196;0;155.290000033333; ;2.06391323529412
P15;7;1.985;9.1882332;1;155.290000033333; ;2.06391323529412
P15;7;1.995;4.1748048;0;155.290000033333; ;2.06391323529412
P15;7;2.155;4.3542468;1;155.290000033333; ;2.06391323529412
P15;7;.7;2.7832032;0;155.290000033333; ;2.06391323529412
P15;7;.6;5.99121;0;155.290000033333; ;2.06391323529412
P15;7;.901;6.2146008;0;155.290000033333; ;2.06391323529412
P15;7;.616;3.2080068;0;155.290000033333; ;2.06391323529412
P15;7;2.304;5.625;1;155.290000033333; ;2.06391323529412
P15;7;1.289;3.6914076;1;155.290000033333; ;2.06391323529412
P15;7;1.183;1.5087888;1;155.290000033333; ;2.06391323529412
P15;7;1.989;2.6660196;0;155.290000033333; ;2.06391323529412
P15;7;2.695;7.6171896;0;155.290000033333; ;2.06391323529412
P15;7;.356;3.0435264;0;155.290000033333; ;2.06391323529412
P15;7;1.127;2.7831996;0;155.290000033333; ;2.06391323529412
P15;7;2.124;1.9335924;0;155.290000033333; ;2.06391323529412
P15;7;.751;2.666016;0;155.290000033333; ;2.06391323529412
P15;7;.49;1.9335924;0;155.290000033333; ;2.06391323529412
P15;7;1.756;1.3183596;0;155.290000033333; ;2.06391323529412
P15;7;2.294;3.0761748;0;155.290000033333; ;2.06391323529412
P15;7;.942;2.7246096;1;155.290000033333; ;2.06391323529412
P15;7;.833;1.1425752;1;155.290000033333; ;2.06391323529412
P15;7;.527;.4833972;0;155.290000033333; ;2.06391323529412
P15;7;1.906;3.7500012;0;155.290000033333; ;2.06391323529412
P15;7;1.738;1.0253916;1;155.290000033333; ;2.06391323529412
P15;7;1.44;10.2756708;0;155.290000033333; ;2.06391323529412
P15;7;.356;.73242;0;155.290000033333; ;2.06391323529412
P15;8;.515;1.333008;0;155.290000033333; ;2.06391323529412
P15;8;1.567;3.999024;0;155.290000033333; ;2.06391323529412
P15;8;1.985;1.7578152;0;155.290000033333; ;2.06391323529412
P15;8;1.65;1.699218;0;155.290000033333; ;2.06391323529412
P15;8;1.176;1.2011724;0;155.290000033333; ;2.06391323529412
P15;8;.921;2.1093732;0;155.290000033333; ;2.06391323529412
P15;8;2.038;5.0683608;0;155.290000033333; ;2.06391323529412
P15;8;1.29;8.8806168;0;155.290000033333; ;2.06391323529412
P15;8;1.876;4.4128404;0;155.290000033333; ;2.06391323529412
P15;8;2.088;2.5341804;0;155.290000033333; ;2.06391323529412
P15;8;.629;1.3220244;0;155.290000033333; ;2.06391323529412
P15;8;2.181;1.3806144;0;155.290000033333; ;2.06391323529412
P15;8;2.393;4.9401864;0;155.290000033333; ;2.06391323529412
P15;8;1.367;4.1638176;0;155.290000033333; ;2.06391323529412
P15;8;2.162;3.193362;0;155.290000033333; ;2.06391323529412
P15;8;2.05;.7324236;0;155.290000033333; ;2.06391323529412
P15;8;.726;.7324236;0;155.290000033333; ;2.06391323529412
P15;8;2.055;1.2634272;0;155.290000033333; ;2.06391323529412
P15;8;2.535;1.333008;0;155.290000033333; ;2.06391323529412
P15;8;2.2;2.0507832;0;155.290000033333; ;2.06391323529412
P15;8;.495;.5419908;0;155.290000033333; ;2.06391323529412
P15;8;1.648;1.7431632;0;155.290000033333; ;2.06391323529412
P15;8;.843;.78003;0;155.290000033333; ;2.06391323529412
P15;8;1.928;1.1572236;0;155.290000033333; ;2.06391323529412
P15;8;1.767;1.4501952;0;155.290000033333; ;2.06391323529412
P15;8;1.85;.6005844;0;155.290000033333; ;2.06391323529412
P15;8;3.17;4.398192;0;155.290000033333; ;2.06391323529412
P15;8;3.502;3.5632296;0;155.290000033333; ;2.06391323529412
P15;8;2.226;1.2744144;0;155.290000033333; ;2.06391323529412
P15;8;3.069;1.5820308;0;155.290000033333; ;2.06391323529412
P15;8;1.729;2.0507796;0;155.290000033333; ;2.06391323529412
P15;8;2.31;2.6074224;0;155.290000033333; ;2.06391323529412
P15;8;1.716;.8496108;0;155.290000033333; ;2.06391323529412
P15;8;.718;1.0253916;0;155.290000033333; ;2.06391323529412
P15;8;2.152;1.0253916;0;155.290000033333; ;2.06391323529412
P15;8;3.06;2.0507796;0;155.290000033333; ;2.06391323529412
P15;8;3.493;1.3916016;0;155.290000033333; ;2.06391323529412
P15;8;4.076;1.640628;0;155.290000033333; ;2.06391323529412
P15;8;1.232;3.6804204;0;155.290000033333; ;2.06391323529412
P15;8;2.744;6.4636236;0;155.290000033333; ;2.06391323529412
P15;8;2.06;4.9548348;0;155.290000033333; ;2.06391323529412
P15;8;2.315;8.2214388;0;155.290000033333; ;2.06391323529412
P15;8;1.73;4.4824212;0;155.290000033333; ;2.06391323529412
P15;8;2.133;3.4423848;0;155.290000033333; ;2.06391323529412
P15;8;2.366;2.3583996;0;155.290000033333; ;2.06391323529412
P15;8;3.698;6.8151888;1;155.290000033333; ;2.06391323529412
P15;8;.56;2.4169932;0;155.290000033333; ;2.06391323529412
P15;8;1.252;2.1826188;0;155.290000033333; ;2.06391323529412
P15;8;1.552;3.9404268;0;155.290000033333; ;2.06391323529412
P15;8;1.306;2.4169932;0;155.290000033333; ;2.06391323529412
P15;8;.988;0;0;155.290000033333; ;2.06391323529412
P15;8;1.827;3.3837912;0;155.290000033333; ;2.06391323529412
P15;8;1.632;9.7859916;0;155.290000033333; ;2.06391323529412
P15;8;2.064;3.3239376;0;155.290000033333; ;2.06391323529412
P15;8;1.279;1.6296372;0;155.290000033333; ;2.06391323529412
P15;8;1.189;3.1494132;0;155.290000033333; ;2.06391323529412
P15;8;2.895;3.7500012;0;155.290000033333; ;2.06391323529412
P15;8;.562;5.6446704;1;155.290000033333; ;2.06391323529412
P15;8;2.04;8.0895996;0;155.290000033333; ;2.06391323529412
P15;8;2.146;2.724606;0;155.290000033333; ;2.06391323529412
P16;1;2.3;1.259766;0;136.6569999; ;1.80549863013699
P16;1;3.458;3.4570296;0;136.6569999; ;1.80549863013699
P16;1;1.79;1.992186;0;136.6569999; ;1.80549863013699
P16;1;1.092;4.7644056;0;136.6569999; ;1.80549863013699
P16;1;1.457;7.371828;1;136.6569999; ;1.80549863013699
P16;1;8.716;16.8724872;1;136.6569999; ;1.80549863013699
P16;1;.216;.4248036;1;136.6569999; ;1.80549863013699
P16;1;1.524;7.0642116;0;136.6569999; ;1.80549863013699
P16;1;3.517;15.7055328;1;136.6569999; ;1.80549863013699
P16;1;5.634;16.6456476;0;136.6569999; ;1.80549863013699
P16;1;.357;2.958984;0;136.6569999; ;1.80549863013699
P16;1;2.266;1.7578116;0;136.6569999; ;1.80549863013699
P16;1;1.234;6.2878428;1;136.6569999; ;1.80549863013699
P16;1;3.25;9.1882332;0;136.6569999; ;1.80549863013699
P16;1;1.783;.4248036;0;136.6569999; ;1.80549863013699
P16;1;6.067;14.6890368;1;136.6569999; ;1.80549863013699
P16;1;1.016;9.1882332;1;136.6569999; ;1.80549863013699
P16;1;1.117;1.3916016;0;136.6569999; ;1.80549863013699
P16;1;3.616;9.1296396;1;136.6569999; ;1.80549863013699
P16;1;1.158;6.0388164;1;136.6569999; ;1.80549863013699
P16;1;2.258;3.2556168;0;136.6569999; ;1.80549863013699
P16;1;6.257;7.4890152;1;136.6569999; ;1.80549863013699
P16;1;3.483;4.6472184;1;136.6569999; ;1.80549863013699
P16;1;1.86;1.8164052;0;136.6569999; ;1.80549863013699
P16;1;4.324;8.704836;1;136.6569999; ;1.80549863013699
P16;1;1.548;.3515616;0;136.6569999; ;1.80549863013699
P16;1;4.891;9.364014;0;136.6569999; ;1.80549863013699
P16;1;2.469;6.03882;1;136.6569999; ;1.80549863013699
P16;1;4.025;8.4558096;1;136.6569999; ;1.80549863013699
P16;1;.352;1.3916016;1;136.6569999; ;1.80549863013699
P16;1;1.39;1.8164052;1;136.6569999; ;1.80549863013699
P16;1;1.719;.8349624;0;136.6569999; ;1.80549863013699
P16;1;2.458;6.71265;0;136.6569999; ;1.80549863013699
P16;1;.865;6.5808108;0;136.6569999; ;1.80549863013699
P16;1;.706;.7177716;0;136.6569999; ;1.80549863013699
P16;1;3.281;4.9548348;1;136.6569999; ;1.80549863013699
P16;1;2.4;9.2468268;1;136.6569999; ;1.80549863013699
P16;1;1.302;1.6296372;1;136.6569999; ;1.80549863013699
P16;1;.533;.292968;0;136.6569999; ;1.80549863013699
P16;1;1.277;.7910136;0;136.6569999; ;1.80549863013699
P16;1;4.646;1.2158208;1;136.6569999; ;1.80549863013699
P16;1;2.867;2.5488288;1;136.6569999; ;1.80549863013699
P16;1;1.267;6.3427716;1;136.6569999; ;1.80549863013699
P16;1;2.083;3.9843756;0;136.6569999; ;1.80549863013699
P16;1;2.246;2.4755868;0;136.6569999; ;1.80549863013699
P16;1;1.348;1.5673824;0;136.6569999; ;1.80549863013699
P16;1;2.596;9.7155756;0;136.6569999; ;1.80549863013699
P16;1;3.673;5.9802264;1;136.6569999; ;1.80549863013699
P16;2;1.85;21.4205148;1;136.6569999; ;1.80549863013699
P16;2;2.559;8.7634296;0;136.6569999; ;1.80549863013699
P16;2;.725;1.7900424;1;136.6569999; ;1.80549863013699
P16;2;1.224;4.5263664;0;136.6569999; ;1.80549863013699
P16;2;1.719;4.599612;0;136.6569999; ;1.80549863013699
P16;2;1.983;5.9802264;1;136.6569999; ;1.80549863013699
P16;2;2.623;10.6237764;0;136.6569999; ;1.80549863013699
P16;2;.992;1.0839852;0;136.6569999; ;1.80549863013699
P16;2;2.177;3.8671884;0;136.6569999; ;1.80549863013699
P16;2;2.27;5.8630356;0;136.6569999; ;1.80549863013699
P16;2;2.777;4.0466304;0;136.6569999; ;1.80549863013699
P16;2;2.803;2.7246096;1;136.6569999; ;1.80549863013699
P16;2;2.895;5.7897936;1;136.6569999; ;1.80549863013699
P16;2;2.055;5.072022;0;136.6569999; ;1.80549863013699
P16;2;1.873;1.992186;0;136.6569999; ;1.80549863013699
P16;2;2.75;4.2810084;0;136.6569999; ;1.80549863013699
P16;2;1.758;1.0400364;0;136.6569999; ;1.80549863013699
P16;2;2.669;5.2478028;0;136.6569999; ;1.80549863013699
P16;2;2.574;2.9150388;1;136.6569999; ;1.80549863013699
P16;2;1.317;3.7500012;1;136.6569999; ;1.80549863013699
P16;2;3.467;2.9736324;1;136.6569999; ;1.80549863013699
P16;2;3.25;4.7204604;0;136.6569999; ;1.80549863013699
P16;2;2.51;5.0134284;1;136.6569999; ;1.80549863013699
P16;2;.991;.73242;1;136.6569999; ;1.80549863013699
P16;2;1.928;3.6218232;1;136.6569999; ;1.80549863013699
P16;2;2.877;3.4313976;0;136.6569999; ;1.80549863013699
P16;2;2.327;1.992186;1;136.6569999; ;1.80549863013699
P16;2;3.819;5.2478028;1;136.6569999; ;1.80549863013699
P16;2;2.5;1.5673824;0;136.6569999; ;1.80549863013699
P16;2;2.324;4.3981956;1;136.6569999; ;1.80549863013699
P16;2;3.834;4.4128404;1;136.6569999; ;1.80549863013699
P16;2;1.864;5.438232;0;136.6569999; ;1.80549863013699
P16;2;.724;.7177752;0;136.6569999; ;1.80549863013699
P16;2;3.074;3.2556168;0;136.6569999; ;1.80549863013699
P16;2;1.053;2.8417968;0;136.6569999; ;1.80549863013699
P16;2;3.842;.1318356;0;136.6569999; ;1.80549863013699
P16;2;2.289;3.5046396;1;136.6569999; ;1.80549863013699
P16;2;.644;2.8417968;1;136.6569999; ;1.80549863013699
P16;2;2.279;1.333008;0;136.6569999; ;1.80549863013699
P16;2;4.009;.292968;0;136.6569999; ;1.80549863013699
P16;2;.833;3.5742204;0;136.6569999; ;1.80549863013699
P16;2;1.776;4.0429692;0;136.6569999; ;1.80549863013699
P16;2;3.267;3.6767592;0;136.6569999; ;1.80549863013699
P16;2;2.817;2.7246096;1;136.6569999; ;1.80549863013699
P16;2;2.667;1.0253916;0;136.6569999; ;1.80549863013699
P16;2;.45;.5566392;0;136.6569999; ;1.80549863013699
P16;2;1.524;3.1347684;0;136.6569999; ;1.80549863013699
P16;2;1.216;1.3916016;0;136.6569999; ;1.80549863013699
P16;2;1.785;3.4423848;0;136.6569999; ;1.80549863013699
P16;2;.764;.5419944;0;136.6569999; ;1.80549863013699
P16;2;4.324;6.9470208;0;136.6569999; ;1.80549863013699
P16;2;.308;.7910136;0;136.6569999; ;1.80549863013699
P16;2;.783;2.1240216;0;136.6569999; ;1.80549863013699
P16;2;1.542;1.8749988;0;136.6569999; ;1.80549863013699
P16;2;1.942;2.4169932;0;136.6569999; ;1.80549863013699
P16;2;.682;9.3005028;0;136.6569999; ;1.80549863013699
P16;6;2.466;3.4423812;1;136.6569999; ;1.80549863013699
P16;6;5.145;13.656006;1;136.6569999; ;1.80549863013699
P16;6;1.816;10.4626476;1;136.6569999; ;1.80549863013699
P16;6;2.197;7.3681632;1;136.6569999; ;1.80549863013699
P16;6;2.95;5.3063964;1;136.6569999; ;1.80549863013699
P16;6;.367;2.0842632;1;136.6569999; ;1.80549863013699
P16;6;5.831;13.3366716;1;136.6569999; ;1.80549863013699
P16;6;1.605;1.7578116;0;136.6569999; ;1.80549863013699
P16;6;.885;3.8562048;0;136.6569999; ;1.80549863013699
P16;6;1.365;2.8308132;0;136.6569999; ;1.80549863013699
P16;6;4.162;1.8749988;0;136.6569999; ;1.80549863013699
P16;6;.298;3.2556132;0;136.6569999; ;1.80549863013699
P16;6;4.085;3.7499976;0;136.6569999; ;1.80549863013699
P16;6;.812;3.559572;0;136.6569999; ;1.80549863013699
P16;6;.878;.2343744;0;136.6569999; ;1.80549863013699
P16;6;1.95;3.6328104;0;136.6569999; ;1.80549863013699
P16;6;4.786;4.1748084;1;136.6569999; ;1.80549863013699
P16;6;.8;3.065184;1;136.6569999; ;1.80549863013699
P16;6;.683;.8972172;0;136.6569999; ;1.80549863013699
P16;6;2.897;1.8749988;0;136.6569999; ;1.80549863013699
P16;6;3.285;2.2998024;0;136.6569999; ;1.80549863013699
P16;6;.612;1.3769532;0;136.6569999; ;1.80549863013699
P16;6;.364;.2343744;0;136.6569999; ;1.80549863013699
P16;6;3.852;3.0908232;0;136.6569999; ;1.80549863013699
P16;6;2.5;3.2556168;0;136.6569999; ;1.80549863013699
P16;6;4.398;6.8884308;1;136.6569999; ;1.80549863013699
P16;6;1.501;3.6914076;1;136.6569999; ;1.80549863013699
P16;6;2.547;5.3796384;1;136.6569999; ;1.80549863013699
P16;6;1.031;3.5632296;0;136.6569999; ;1.80549863013699
P16;6;4.133;3.5009748;1;136.6569999; ;1.80549863013699
P16;6;2.933;3.4423848;1;136.6569999; ;1.80549863013699
P16;6;.679;2.3681268;1;136.6569999; ;1.80549863013699
P16;6;.366;.1171872;1;136.6569999; ;1.80549863013699
P16;6;2.016;7.0056144;1;136.6569999; ;1.80549863013699
P16;6;2.952;5.9765616;1;136.6569999; ;1.80549863013699
P16;6;1.562;6.5332044;1;136.6569999; ;1.80549863013699
P16;6;.634;1.0144044;1;136.6569999; ;1.80549863013699
P16;6;2.2;2.7099612;1;136.6569999; ;1.80549863013699
P16;6;2.403;3.4313976;0;136.6569999; ;1.80549863013699
P16;6;.481;.3515652;0;136.6569999; ;1.80549863013699
P16;6;.783;1.8164052;0;136.6569999; ;1.80549863013699
P16;6;2.397;4.599612;0;136.6569999; ;1.80549863013699
P16;6;.883;3.2556168;0;136.6569999; ;1.80549863013699
P16;6;1.333;.7910136;0;136.6569999; ;1.80549863013699
P16;6;2.395;2.8308096;0;136.6569999; ;1.80549863013699
P16;6;4.382;3.5009784;0;136.6569999; ;1.80549863013699
P16;6;3.453;2.1093732;0;136.6569999; ;1.80549863013699
P16;6;3.747;4.5263664;1;136.6569999; ;1.80549863013699
P16;6;1.533;2.4169932;0;136.6569999; ;1.80549863013699
P16;6;.997;4.5886248;1;136.6569999; ;1.80549863013699
P16;7;.921;1.9482444;0;136.6569999; ;1.80549863013699
P16;7;.953;.966798;1;136.6569999; ;1.80549863013699
P16;7;2.724;8.8220196;1;136.6569999; ;1.80549863013699
P16;7;.753;.95508;0;136.6569999; ;1.80549863013699
P16;7;3.05;20.1872232;1;136.6569999; ;1.80549863013699
P16;7;1.867;2.7246096;1;136.6569999; ;1.80549863013699
P16;7;4.123;11.2390128;1;136.6569999; ;1.80549863013699
P16;7;1.457;5.0901228;1;136.6569999; ;1.80549863013699
P16;7;.83;4.6472184;1;136.6569999; ;1.80549863013699
P16;7;5.3;15.5993328;1;136.6569999; ;1.80549863013699
P16;7;2.27;6.5808108;1;136.6569999; ;1.80549863013699
P16;7;.933;4.4677764;1;136.6569999; ;1.80549863013699
P16;7;.69;2.2412124;1;136.6569999; ;1.80549863013699
P16;7;6.097;4.8815928;1;136.6569999; ;1.80549863013699
P16;7;1.813;3.5046396;0;136.6569999; ;1.80549863013699
P16;7;2.583;2.2412124;0;136.6569999; ;1.80549863013699
P16;7;3.867;4.8815892;0;136.6569999; ;1.80549863013699
P16;7;2.803;2.8417968;1;136.6569999; ;1.80549863013699
P16;7;.293;2.4169932;1;136.6569999; ;1.80549863013699
P16;7;5.78;7.2399888;1;136.6569999; ;1.80549863013699
P16;7;1.46;5.8483908;0;136.6569999; ;1.80549863013699
P16;7;6.1;6.5222172;1;136.6569999; ;1.80549863013699
P16;7;1.6;4.99878;1;136.6569999; ;1.80549863013699
P16;7;2.081;3.5485848;0;136.6569999; ;1.80549863013699
P16;7;.712;1.3330044;1;136.6569999; ;1.80549863013699
P16;7;1.096;7.5476088;1;136.6569999; ;1.80549863013699
P16;7;6.629;7.430418;1;136.6569999; ;1.80549863013699
P16;7;1.6;4.89258;0;136.6569999; ;1.80549863013699
P16;7;.427;.9082008;0;136.6569999; ;1.80549863013699
P16;7;6.793;10.4626476;1;136.6569999; ;1.80549863013699
P16;7;1.826;2.299806;1;136.6569999; ;1.80549863013699
P16;7;3.9;9.364014;1;136.6569999; ;1.80549863013699
P16;7;3.4;9.9060084;1;136.6569999; ;1.80549863013699
P16;7;1.487;7.7819832;1;136.6569999; ;1.80549863013699
P16;7;2.25;8.5876488;0;136.6569999; ;1.80549863013699
P16;7;5.667;11.1218256;1;136.6569999; ;1.80549863013699
P16;7;2.18;7.0642116;1;136.6569999; ;1.80549863013699
P16;7;3.754;11.8396008;1;136.6569999; ;1.80549863013699
P16;7;1.323;8.8073748;1;136.6569999; ;1.80549863013699
P16;7;3.734;8.4558096;1;136.6569999; ;1.80549863013699
P16;7;2.796;9.0563976;1;136.6569999; ;1.80549863013699
P16;7;.9;1.3916016;1;136.6569999; ;1.80549863013699
P16;7;.483;1.0253916;1;136.6569999; ;1.80549863013699
P16;7;.5;3.8085948;1;136.6569999; ;1.80549863013699
P16;7;6.643;11.9701836;1;136.6569999; ;1.80549863013699
P16;7;1.15;13.6887588;1;136.6569999; ;1.80549863013699
P16;7;.914;1.8640116;1;136.6569999; ;1.80549863013699
P16;7;1.466;5.8288212;1;136.6569999; ;1.80549863013699
P16;7;3.183;6.5808108;0;136.6569999; ;1.80549863013699
P16;7;1.664;8.5144032;1;136.6569999; ;1.80549863013699
P16;7;1.074;5.5274832;1;136.6569999; ;1.80549863013699
P16;7;.616;7.7121936;1;136.6569999; ;1.80549863013699
P16;7;1.197;.36621;1;136.6569999; ;1.80549863013699
P16;7;.5;3.0175776;1;136.6569999; ;1.80549863013699
P16;8;3.383;3.0908196;1;136.6569999; ;1.80549863013699
P16;8;3.235;2.2998024;1;136.6569999; ;1.80549863013699
P16;8;3.658;14.0711868;1;136.6569999; ;1.80549863013699
P16;8;1.665;10.4626476;1;136.6569999; ;1.80549863013699
P16;8;.45;1.67076;1;136.6569999; ;1.80549863013699
P16;8;.283;4.0429692;1;136.6569999; ;1.80549863013699
P16;8;3.416;16.2412452;1;136.6569999; ;1.80549863013699
P16;8;2.894;19.7882604;1;136.6569999; ;1.80549863013699
P16;8;1.326;16.2145656;1;136.6569999; ;1.80549863013699
P16;8;.356;10.660716;0;136.6569999; ;1.80549863013699
P16;8;3.556;3.065184;1;136.6569999; ;1.80549863013699
P16;8;1.517;3.632814;1;136.6569999; ;1.80549863013699
P16;8;.75;2.3583996;0;136.6569999; ;1.80549863013699
P16;8;3.666;5.4821808;1;136.6569999; ;1.80549863013699
P16;8;4.489;9.8474112;1;136.6569999; ;1.80549863013699
P16;8;.391;.1004472;1;136.6569999; ;1.80549863013699
P16;8;3.685;12.5720208;1;136.6569999; ;1.80549863013699
P16;8;2.298;10.9029384;1;136.6569999; ;1.80549863013699
P16;8;3.2;10.5065928;1;136.6569999; ;1.80549863013699
P16;8;.775;5.072022;0;136.6569999; ;1.80549863013699
P16;8;.733;1.1572272;0;136.6569999; ;1.80549863013699
P16;8;3.726;4.4714376;0;136.6569999; ;1.80549863013699
P16;8;.931;1.9335924;1;136.6569999; ;1.80549863013699
P16;8;4.577;4.5300312;1;136.6569999; ;1.80549863013699
P16;8;.908;.4834008;0;136.6569999; ;1.80549863013699
P16;8;.8;1.2011724;0;136.6569999; ;1.80549863013699
P16;8;1.567;.5566428;0;136.6569999; ;1.80549863013699
P16;8;6.4;6.6980016;1;136.6569999; ;1.80549863013699
P16;8;.635;1.380618;0;136.6569999; ;1.80549863013699
P16;8;8.424;9.3493656;1;136.6569999; ;1.80549863013699
P16;8;1.502;6.1706556;0;136.6569999; ;1.80549863013699
P16;8;2.122;3.3874488;0;136.6569999; ;1.80549863013699
P16;8;5.45;4.5263664;1;136.6569999; ;1.80549863013699
P16;8;2.017;6.7565916;1;136.6569999; ;1.80549863013699
P16;8;.635;.78003;0;136.6569999; ;1.80549863013699
P16;8;2.965;3.6218232;0;136.6569999; ;1.80549863013699
P16;8;4.833;3.5742168;0;136.6569999; ;1.80549863013699
P16;8;.634;1.1572236;0;136.6569999; ;1.80549863013699
P16;8;3.048;.5419908;0;136.6569999; ;1.80549863013699
P16;8;6.858;10.1989728;1;136.6569999; ;1.80549863013699
P16;8;2.182;3.7500012;0;136.6569999; ;1.80549863013699
P16;8;7.99;6.5808108;1;136.6569999; ;1.80549863013699
P16;8;5.5;6.024168;1;136.6569999; ;1.80549863013699
P16;8;4.281;5.9765616;1;136.6569999; ;1.80549863013699
P16;8;1.048;4.7753892;1;136.6569999; ;1.80549863013699
P16;8;.617;0;0;136.6569999; ;1.80549863013699
P16;8;1.766;4.1015628;1;136.6569999; ;1.80549863013699
P16;8;2.198;5.9732136;1;136.6569999; ;1.80549863013699
P16;8;3.098;15.1619724;1;136.6569999; ;1.80549863013699
P16;8;.749;2.1395124;1;136.6569999; ;1.80549863013699
P16;8;3.569;12.1982796;1;136.6569999; ;1.80549863013699
P16;8;5.666;16.4902716;1;136.6569999; ;1.80549863013699
P16;8;2.984;21.4832952;1;136.6569999; ;1.80549863013699
P16;8;.53;2.5371108;1;136.6569999; ;1.80549863013699
P17;1;.487;.9082044;0;84.83066662; ;1.77055066666667
P17;1;1.267;3.3142068;0;84.83066662; ;1.77055066666667
P17;1;1.102;3.5742204;0;84.83066662; ;1.77055066666667
P17;1;1.629;1.992186;0;84.83066662; ;1.77055066666667
P17;1;2.233;.1904292;0;84.83066662; ;1.77055066666667
P17;1;1.973;3.4899912;0;84.83066662; ;1.77055066666667
P17;1;2.33;7.298586;0;84.83066662; ;1.77055066666667
P17;1;2.719;5.6835936;0;84.83066662; ;1.77055066666667
P17;1;2.539;8.045658;0;84.83066662; ;1.77055066666667
P17;1;1.567;2.1826152;0;84.83066662; ;1.77055066666667
P17;1;2.496;1.8749988;0;84.83066662; ;1.77055066666667
P17;1;3.917;6.5222172;0;84.83066662; ;1.77055066666667
P17;1;2.981;4.471434;0;84.83066662; ;1.77055066666667
P17;1;3.898;5.2001964;0;84.83066662; ;1.77055066666667
P17;1;3.633;1.8164052;0;84.83066662; ;1.77055066666667
P17;1;.866;2.464596;0;84.83066662; ;1.77055066666667
P17;1;3.55;2.772216;0;84.83066662; ;1.77055066666667
P17;1;3.652;8.9392068;1;84.83066662; ;1.77055066666667
P17;1;.196;1.5820344;0;84.83066662; ;1.77055066666667
P17;1;1.915;2.2265604;0;84.83066662; ;1.77055066666667
P17;1;2.756;1.2158208;0;84.83066662; ;1.77055066666667
P17;1;1.188;2.5964352;0;84.83066662; ;1.77055066666667
P17;1;.45;2.4902316;0;84.83066662; ;1.77055066666667
P17;1;1.787;4.3395984;0;84.83066662; ;1.77055066666667
P17;1;1.133;4.3395984;0;84.83066662; ;1.77055066666667
P17;1;1.015;1.3916016;0;84.83066662; ;1.77055066666667
P17;1;2.621;2.2888188;0;84.83066662; ;1.77055066666667
P17;1;2.018;.9082008;1;84.83066662; ;1.77055066666667
P17;1;.261;1.2744108;0;84.83066662; ;1.77055066666667
P17;1;2.718;2.9040516;0;84.83066662; ;1.77055066666667
P17;1;2.133;6.6394044;0;84.83066662; ;1.77055066666667
P17;1;2.211;2.7832032;0;84.83066662; ;1.77055066666667
P17;1;.983;.8349624;0;84.83066662; ;1.77055066666667
P17;1;2.317;2.4902352;0;84.83066662; ;1.77055066666667
P17;1;.198;.0585936;0;84.83066662; ;1.77055066666667
P17;1;1.456;1.5673824;0;84.83066662; ;1.77055066666667
P17;1;2.033;2.9003904;1;84.83066662; ;1.77055066666667
P17;1;1.248;1.4501952;0;84.83066662; ;1.77055066666667
P17;1;1.162;6.2255844;0;84.83066662; ;1.77055066666667
P17;1;1.352;2.2412124;0;84.83066662; ;1.77055066666667
P17;1;1.378;6.0974136;0;84.83066662; ;1.77055066666667
P17;1;2.496;4.105224;0;84.83066662; ;1.77055066666667
P17;1;1.211;5.3796384;0;84.83066662; ;1.77055066666667
P17;1;.596;1.8750024;0;84.83066662; ;1.77055066666667
P17;1;2.1;3.812256;0;84.83066662; ;1.77055066666667
P17;1;.398;4.0429692;0;84.83066662; ;1.77055066666667
P17;1;.95;2.7832032;0;84.83066662; ;1.77055066666667
P17;1;1.191;2.6660196;0;84.83066662; ;1.77055066666667
P17;1;1.462;4.6067256;0;84.83066662; ;1.77055066666667
P17;1;2.192;1.8749988;0;84.83066662; ;1.77055066666667
P17;1;2.383;2.299806;0;84.83066662; ;1.77055066666667
P17;1;2.289;6.7822272;0;84.83066662; ;1.77055066666667
P17;1;1.061;6.5222172;0;84.83066662; ;1.77055066666667
P17;1;.365;5.4333144;0;84.83066662; ;1.77055066666667
P17;1;1.394;1.7578152;0;84.83066662; ;1.77055066666667
P17;1;1.617;2.592774;0;84.83066662; ;1.77055066666667
P17;1;.988;1.8749988;0;84.83066662; ;1.77055066666667
P17;1;1.611;2.8417968;0;84.83066662; ;1.77055066666667
P17;1;1.185;3.065184;0;84.83066662; ;1.77055066666667
P17;2;1.017;1.2011724;0;84.83066662; ;1.77055066666667
P17;2;1.654;2.1679704;0;84.83066662; ;1.77055066666667
P17;2;2.133;6.331788;0;84.83066662; ;1.77055066666667
P17;2;2.589;4.7753892;0;84.83066662; ;1.77055066666667
P17;2;2.11;3.0175776;0;84.83066662; ;1.77055066666667
P17;2;1.729;2.7246096;0;84.83066662; ;1.77055066666667
P17;2;1.528;.7177752;0;84.83066662; ;1.77055066666667
P17;2;.757;4.398192;0;84.83066662; ;1.77055066666667
P17;2;2.156;1.9335924;0;84.83066662; ;1.77055066666667
P17;2;1.606;1.8017568;0;84.83066662; ;1.77055066666667
P17;2;.966;3.1494168;0;84.83066662; ;1.77055066666667
P17;2;1.687;2.6660196;0;84.83066662; ;1.77055066666667
P17;2;1.506;2.8308132;0;84.83066662; ;1.77055066666667
P17;2;3.083;4.5153828;0;84.83066662; ;1.77055066666667
P17;2;2.834;4.9072284;0;84.83066662; ;1.77055066666667
P17;2;1.934;1.6259796;0;84.83066662; ;1.77055066666667
P17;2;3.423;6.77124;0;84.83066662; ;1.77055066666667
P17;2;2.077;3.9880368;0;84.83066662; ;1.77055066666667
P17;2;1.456;1.5710472;0;84.83066662; ;1.77055066666667
P17;2;2.123;4.3505892;0;84.83066662; ;1.77055066666667
P17;2;2.629;5.1892092;0;84.83066662; ;1.77055066666667
P17;2;2.454;5.36499;0;84.83066662; ;1.77055066666667
P17;2;2.86;4.7644056;0;84.83066662; ;1.77055066666667
P17;2;3.873;3.0212388;0;84.83066662; ;1.77055066666667
P17;2;1.183;4.2224112;0;84.83066662; ;1.77055066666667
P17;2;2.35;2.1240216;0;84.83066662; ;1.77055066666667
P17;2;.7;.8496108;0;84.83066662; ;1.77055066666667
P17;2;3.25;5.9802264;0;84.83066662; ;1.77055066666667
P17;2;2.339;2.4169932;0;84.83066662; ;1.77055066666667
P17;2;1.844;4.2810048;0;84.83066662; ;1.77055066666667
P17;2;2.296;2.1826152;0;84.83066662; ;1.77055066666667
P17;2;2.277;4.8229992;0;84.83066662; ;1.77055066666667
P17;2;1.867;6.6394044;0;84.83066662; ;1.77055066666667
P17;2;1.379;1.2158208;0;84.83066662; ;1.77055066666667
P17;2;2.027;2.299806;0;84.83066662; ;1.77055066666667
P17;2;2.027;3.251952;0;84.83066662; ;1.77055066666667
P17;2;2.257;2.6074224;0;84.83066662; ;1.77055066666667
P17;2;2.507;4.291992;0;84.83066662; ;1.77055066666667
P17;2;2.366;4.2919956;0;84.83066662; ;1.77055066666667
P17;2;.245;1.625976;0;84.83066662; ;1.77055066666667
P17;2;1.75;.4834008;0;84.83066662; ;1.77055066666667
P17;2;2.478;3.3837912;0;84.83066662; ;1.77055066666667
P17;2;1.884;1.0986336;0;84.83066662; ;1.77055066666667
P17;2;3.55;6.467076;0;84.83066662; ;1.77055066666667
P17;2;2.357;9.7888176;0;84.83066662; ;1.77055066666667
P17;2;.85;.4833972;0;84.83066662; ;1.77055066666667
P17;6;0;0;0;84.83066662; ;1.77055066666667
P17;6;1;1.8749988;0;84.83066662; ;1.77055066666667
P17;6;2.134;4.99878;0;84.83066662; ;1.77055066666667
P17;6;1.808;6.4746108;0;84.83066662; ;1.77055066666667
P17;6;.433;2.4755868;0;84.83066662; ;1.77055066666667
P17;6;1.258;2.065428;0;84.83066662; ;1.77055066666667
P17;6;.668;4.3995528;0;84.83066662; ;1.77055066666667
P17;6;.882;1.5234372;0;84.83066662; ;1.77055066666667
P17;6;.834;.2490228;0;84.83066662; ;1.77055066666667
P17;6;2.425;2.2412088;0;84.83066662; ;1.77055066666667
P17;6;1.582;4.89258;0;84.83066662; ;1.77055066666667
P17;6;1.65;1.0253916;0;84.83066662; ;1.77055066666667
P17;6;.317;3.504636;0;84.83066662; ;1.77055066666667
P17;6;.6;1.4501952;0;84.83066662; ;1.77055066666667
P17;6;1.134;.2343744;0;84.83066662; ;1.77055066666667
P17;6;1.459;.4248036;0;84.83066662; ;1.77055066666667
P17;6;1.009;6.0241716;0;84.83066662; ;1.77055066666667
P17;6;.484;.0585936;0;84.83066662; ;1.77055066666667
P17;6;2.325;.9082008;0;84.83066662; ;1.77055066666667
P17;6;1.958;4.0429692;0;84.83066662; ;1.77055066666667
P17;6;1.234;1.3806144;0;84.83066662; ;1.77055066666667
P17;6;3.267;6.2878428;0;84.83066662; ;1.77055066666667
P17;6;1.667;.9082008;0;84.83066662; ;1.77055066666667
P17;6;1.959;3.0212424;0;84.83066662; ;1.77055066666667
P17;6;.367;5.5057212;1;84.83066662; ;1.77055066666667
P17;6;1.958;4.1052276;0;84.83066662; ;1.77055066666667
P17;6;.842;2.9589876;0;84.83066662; ;1.77055066666667
P17;6;1.584;1.072998;0;84.83066662; ;1.77055066666667
P17;6;.367;1.0839852;0;84.83066662; ;1.77055066666667
P17;6;1.1;2.0507832;0;84.83066662; ;1.77055066666667
P17;6;2.258;2.5488288;0;84.83066662; ;1.77055066666667
P17;6;2.292;1.9335924;0;84.83066662; ;1.77055066666667
P17;6;2.392;3.5485848;0;84.83066662; ;1.77055066666667
P17;6;1.092;1.0253916;0;84.83066662; ;1.77055066666667
P17;6;1.7;5.072022;0;84.83066662; ;1.77055066666667
P17;6;2.133;1.8640152;0;84.83066662; ;1.77055066666667
P17;6;1.442;.3662136;0;84.83066662; ;1.77055066666667
P17;6;.6;.0585936;0;84.83066662; ;1.77055066666667
P17;6;2.233;.659178;0;84.83066662; ;1.77055066666667
P17;6;.691;1.5087888;0;84.83066662; ;1.77055066666667
P17;6;1.609;7.005618;0;84.83066662; ;1.77055066666667
P17;6;1.592;5.1892092;0;84.83066662; ;1.77055066666667
P17;6;2.709;5.9802228;0;84.83066662; ;1.77055066666667
P17;6;2.558;6.591798;1;84.83066662; ;1.77055066666667
P17;6;1.242;3.2556132;0;84.83066662; ;1.77055066666667
P17;6;.758;0;0;84.83066662; ;1.77055066666667
P17;6;.85;1.992186;0;84.83066662; ;1.77055066666667
P17;6;2.174;1.6882344;0;84.83066662; ;1.77055066666667
P17;6;2.042;3.4423848;0;84.83066662; ;1.77055066666667
P17;6;.658;.36621;0;84.83066662; ;1.77055066666667
P17;6;1.858;2.4645996;0;84.83066662; ;1.77055066666667
P17;6;2.634;2.8417968;0;84.83066662; ;1.77055066666667
P17;6;1.492;6.40503;0;84.83066662; ;1.77055066666667
P17;6;1.141;5.4235836;0;84.83066662; ;1.77055066666667
P17;6;.333;1.3916016;0;84.83066662; ;1.77055066666667
P17;7;.529;0;0;84.83066662; ;1.77055066666667
P17;7;.783;3.3837876;0;84.83066662; ;1.77055066666667
P17;7;1.37;5.9802264;0;84.83066662; ;1.77055066666667
P17;7;.721;2.0654316;0;84.83066662; ;1.77055066666667
P17;7;.416;.6591816;0;84.83066662; ;1.77055066666667
P17;7;1.25;4.5300312;0;84.83066662; ;1.77055066666667
P17;7;1.591;4.3505856;0;84.83066662; ;1.77055066666667
P17;7;1.913;6.8408208;0;84.83066662; ;1.77055066666667
P17;7;2.258;3.446046;0;84.83066662; ;1.77055066666667
P17;7;1.933;9.3292776;1;84.83066662; ;1.77055066666667
P17;7;.4;4.1638212;0;84.83066662; ;1.77055066666667
P17;7;1.224;5.3063964;0;84.83066662; ;1.77055066666667
P17;7;2.354;3.6914076;0;84.83066662; ;1.77055066666667
P17;7;1.45;8.2039644;0;84.83066662; ;1.77055066666667
P17;7;2.167;2.4206544;0;84.83066662; ;1.77055066666667
P17;7;1.287;16.944372;0;84.83066662; ;1.77055066666667
P17;7;.7;2.1240216;0;84.83066662; ;1.77055066666667
P17;7;.291;1.8750024;0;84.83066662; ;1.77055066666667
P17;7;1.087;2.592774;0;84.83066662; ;1.77055066666667
P17;7;2.2;5.3796384;0;84.83066662; ;1.77055066666667
P17;7;2.346;4.7753892;0;84.83066662; ;1.77055066666667
P17;7;2.104;4.4567856;0;84.83066662; ;1.77055066666667
P17;7;1.471;.5419908;0;84.83066662; ;1.77055066666667
P17;7;3.087;6.5954592;0;84.83066662; ;1.77055066666667
P17;7;2.4;2.7246096;0;84.83066662; ;1.77055066666667
P17;7;2.371;7.5476088;0;84.83066662; ;1.77055066666667
P17;7;.683;7.6096548;0;84.83066662; ;1.77055066666667
P17;7;.891;.67383;0;84.83066662; ;1.77055066666667
P17;7;.866;3.9733884;0;84.83066662; ;1.77055066666667
P17;7;2.617;2.8417968;0;84.83066662; ;1.77055066666667
P17;7;2.517;8.031006;0;84.83066662; ;1.77055066666667
P17;7;2.35;1.5673824;0;84.83066662; ;1.77055066666667
P17;7;2.45;1.5563988;0;84.83066662; ;1.77055066666667
P17;7;1.733;2.7136224;0;84.83066662; ;1.77055066666667
P17;7;2.7;1.3330044;0;84.83066662; ;1.77055066666667
P17;7;.467;3.8562012;0;84.83066662; ;1.77055066666667
P17;7;.724;.292968;0;84.83066662; ;1.77055066666667
P17;7;.883;3.8671884;0;84.83066662; ;1.77055066666667
P17;7;1.659;3.9843756;0;84.83066662; ;1.77055066666667
P17;7;2.254;3.5009748;0;84.83066662; ;1.77055066666667
P17;7;1.87;1.2011688;0;84.83066662; ;1.77055066666667
P17;7;1.546;12.0622572;0;84.83066662; ;1.77055066666667
P17;7;2.575;3.2666004;0;84.83066662; ;1.77055066666667
P17;7;1.204;5.5078128;0;84.83066662; ;1.77055066666667
P17;7;1.991;.600588;0;84.83066662; ;1.77055066666667
P17;7;1.054;7.6208508;0;84.83066662; ;1.77055066666667
P17;7;.354;7.9724124;0;84.83066662; ;1.77055066666667
P17;7;2.109;7.4304216;0;84.83066662; ;1.77055066666667
P17;7;1.6;4.3505856;0;84.83066662; ;1.77055066666667
P17;7;1.983;1.072998;0;84.83066662; ;1.77055066666667
P17;7;1.492;2.9003904;0;84.83066662; ;1.77055066666667
P17;7;2.434;2.6074224;0;84.83066662; ;1.77055066666667
P17;7;2.883;3.3984396;0;84.83066662; ;1.77055066666667
P17;7;1.966;.5419944;0;84.83066662; ;1.77055066666667
P17;7;.937;1.0253916;0;84.83066662; ;1.77055066666667
P17;7;1.891;3.6914076;0;84.83066662; ;1.77055066666667
P17;7;1.667;2.5488288;0;84.83066662; ;1.77055066666667
P17;7;1.774;2.592774;0;84.83066662; ;1.77055066666667
P17;7;2.029;4.8815928;0;84.83066662; ;1.77055066666667
P17;7;1.074;1.7431632;0;84.83066662; ;1.77055066666667
P17;7;1.689;1.0839816;0;84.83066662; ;1.77055066666667
P17;7;1.777;10.1019852;1;84.83066662; ;1.77055066666667
P17;7;2.31;1.1572272;0;84.83066662; ;1.77055066666667
P17;7;1.546;1.4648472;0;84.83066662; ;1.77055066666667
P17;7;2.35;2.8417968;0;84.83066662; ;1.77055066666667
P17;7;.483;2.9765628;0;84.83066662; ;1.77055066666667
P17;7;2.75;6.2146008;1;84.83066662; ;1.77055066666667
P17;7;.6;1.0839852;0;84.83066662; ;1.77055066666667
P17;7;.853;9.9792504;0;84.83066662; ;1.77055066666667
P17;7;2.604;8.631594;1;84.83066662; ;1.77055066666667
P17;7;2.011;22.8204864;1;84.83066662; ;1.77055066666667
P17;7;.55;4.077288;1;84.83066662; ;1.77055066666667
P17;8;.461;.9082044;0;84.83066662; ;1.77055066666667
P17;8;.692;0;0;84.83066662; ;1.77055066666667
P17;8;.524;1.0253916;0;84.83066662; ;1.77055066666667
P17;8;2.159;.5419908;0;84.83066662; ;1.77055066666667
P17;8;2.044;3.2666004;0;84.83066662; ;1.77055066666667
P17;8;1.797;1.259766;0;84.83066662; ;1.77055066666667
P17;8;.556;0;0;84.83066662; ;1.77055066666667
P17;8;1.073;.9082008;0;84.83066662; ;1.77055066666667
P17;8;2.436;2.592774;0;84.83066662; ;1.77055066666667
P17;8;1.773;2.592774;0;84.83066662; ;1.77055066666667
P17;8;2.559;1.1425788;0;84.83066662; ;1.77055066666667
P17;8;.55;1.9921896;0;84.83066662; ;1.77055066666667
P17;8;.516;1.3916016;0;84.83066662; ;1.77055066666667
P17;8;2.281;3.8085948;0;84.83066662; ;1.77055066666667
P17;8;1.522;.7763652;0;84.83066662; ;1.77055066666667
P17;8;1.4;1.0253916;0;84.83066662; ;1.77055066666667
P17;8;.926;.1904292;0;84.83066662; ;1.77055066666667
P17;8;1.2;1.0876464;0;84.83066662; ;1.77055066666667
P17;8;3.391;2.4755868;0;84.83066662; ;1.77055066666667
P17;8;.63;.966798;0;84.83066662; ;1.77055066666667
P17;8;1.481;1.4501952;0;84.83066662; ;1.77055066666667
P17;8;2.986;6.6394044;0;84.83066662; ;1.77055066666667
P17;8;2.122;3.5632332;0;84.83066662; ;1.77055066666667
P17;8;1.7;.292968;0;84.83066662; ;1.77055066666667
P17;8;2.914;4.398192;0;84.83066662; ;1.77055066666667
P17;8;1.95;.6738264;0;84.83066662; ;1.77055066666667
P17;8;.547;0;0;84.83066662; ;1.77055066666667
P17;8;2.664;3.797604;0;84.83066662; ;1.77055066666667
P17;8;3.253;2.5488288;0;84.83066662; ;1.77055066666667
P17;8;.659;0;0;84.83066662; ;1.77055066666667
P17;8;.8;1.3806144;0;84.83066662; ;1.77055066666667
P17;8;2.767;.9082044;0;84.83066662; ;1.77055066666667
P17;8;3;2.8417968;0;84.83066662; ;1.77055066666667
P17;8;1.161;5.7312036;1;84.83066662; ;1.77055066666667
P17;8;1.828;9.3632796;1;84.83066662; ;1.77055066666667
P17;8;.566;0;0;84.83066662; ;1.77055066666667
P17;8;1.458;4.779054;0;84.83066662; ;1.77055066666667
P17;8;1.533;8.2067868;0;84.83066662; ;1.77055066666667
P17;8;3.893;5.8630392;0;84.83066662; ;1.77055066666667
P17;8;2.716;4.1491692;0;84.83066662; ;1.77055066666667
P17;8;1.875;10.9899936;1;84.83066662; ;1.77055066666667
P17;8;.436;2.930526;1;84.83066662; ;1.77055066666667
P17;8;2.556;8.0896032;0;84.83066662; ;1.77055066666667
P17;8;1.325;1.5087888;1;84.83066662; ;1.77055066666667
P17;8;.522;1.1572236;0;84.83066662; ;1.77055066666667
P17;8;3.225;5.36499;0;84.83066662; ;1.77055066666667
P17;8;3.555;7.0056144;1;84.83066662; ;1.77055066666667
P17;8;.5;.36621;0;84.83066662; ;1.77055066666667
P17;8;1.922;1.9335924;0;84.83066662; ;1.77055066666667
P17;8;2.133;4.3505892;0;84.83066662; ;1.77055066666667
P17;8;2.866;11.928852;1;84.83066662; ;1.77055066666667
P17;8;.455;.5566428;0;84.83066662; ;1.77055066666667
P17;8;2.7;7.4304216;0;84.83066662; ;1.77055066666667
P17;8;2.616;10.330812;1;84.83066662; ;1.77055066666667
P17;8;1.7;14.3725284;1;84.83066662; ;1.77055066666667
P17;8;3.483;6.2878392;0;84.83066662; ;1.77055066666667
P17;8;.567;4.7167956;1;84.83066662; ;1.77055066666667
P17;8;1.14;21.7637064;1;84.83066662; ;1.77055066666667
P17;8;.326;5.072022;0;84.83066662; ;1.77055066666667
P17;8;2.8;1.7578116;0;84.83066662; ;1.77055066666667
P17;8;1.981;1.7578152;0;84.83066662; ;1.77055066666667
P17;8;.563;8.7250284;1;84.83066662; ;1.77055066666667
P17;8;.533;1.0144044;0;84.83066662; ;1.77055066666667
P17;8;.196;0;0;84.83066662; ;1.77055066666667
P18;1;.814;2.8308132;0;139.386999743333; ;2.51424827586207
P18;1;10.733;6.4013652;1;139.386999743333; ;2.51424827586207
P18;1;3.808;1.992186;0;139.386999743333; ;2.51424827586207
P18;1;7.34;7.4304216;1;139.386999743333; ;2.51424827586207
P18;1;10.703;6.7565916;1;139.386999743333; ;2.51424827586207
P18;1;11.397;5.8044456;1;139.386999743333; ;2.51424827586207
P18;1;1.436;1.640628;1;139.386999743333; ;2.51424827586207
P18;1;1.25;1.3183596;1;139.386999743333; ;2.51424827586207
P18;1;6.908;3.1237812;0;139.386999743333; ;2.51424827586207
P18;1;4.554;2.1240252;1;139.386999743333; ;2.51424827586207
P18;1;1.391;4.6472184;1;139.386999743333; ;2.51424827586207
P18;1;3.9;3.8562012;0;139.386999743333; ;2.51424827586207
P18;1;2.474;.9082008;0;139.386999743333; ;2.51424827586207
P18;1;3.604;2.406006;1;139.386999743333; ;2.51424827586207
P18;1;4.288;5.4968256;1;139.386999743333; ;2.51424827586207
P18;1;2.933;5.3649936;1;139.386999743333; ;2.51424827586207
P18;1;2.338;3.5009748;1;139.386999743333; ;2.51424827586207
P18;1;4.921;7.1228016;1;139.386999743333; ;2.51424827586207
P18;1;2.133;1.5673824;1;139.386999743333; ;2.51424827586207
P18;1;9.233;8.7048324;1;139.386999743333; ;2.51424827586207
P18;1;2.833;4.1638176;0;139.386999743333; ;2.51424827586207
P18;1;2.648;5.8630356;1;139.386999743333; ;2.51424827586207
P18;1;1.553;8.031006;1;139.386999743333; ;2.51424827586207
P18;1;6.066;6.0388164;0;139.386999743333; ;2.51424827586207
P18;1;1.142;.1171908;1;139.386999743333; ;2.51424827586207
P18;1;.554;2.0654316;1;139.386999743333; ;2.51424827586207
P18;1;2.708;1.6406244;1;139.386999743333; ;2.51424827586207
P18;1;3.283;3.4570296;1;139.386999743333; ;2.51424827586207
P18;1;7.05;1.9335924;0;139.386999743333; ;2.51424827586207
P18;1;3.561;6.3427716;0;139.386999743333; ;2.51424827586207
P18;1;2.658;7.3095696;0;139.386999743333; ;2.51424827586207
P18;1;6.716;6.4746108;1;139.386999743333; ;2.51424827586207
P18;1;3.695;3.0908196;1;139.386999743333; ;2.51424827586207
P18;1;2.361;3.325194;1;139.386999743333; ;2.51424827586207
P18;1;.65;5.4492192;0;139.386999743333; ;2.51424827586207
P18;1;2.758;7.7205636;0;139.386999743333; ;2.51424827586207
P18;1;.305;3.3142104;1;139.386999743333; ;2.51424827586207
P18;2;.363;4.9401828;1;139.386999743333; ;2.51424827586207
P18;2;28.57;13.1064804;1;139.386999743333; ;2.51424827586207
P18;2;10.616;3.325194;1;139.386999743333; ;2.51424827586207
P18;2;9.791;3.1494168;1;139.386999743333; ;2.51424827586207
P18;2;33.247;5.1892092;1;139.386999743333; ;2.51424827586207
P18;2;2.667;4.2333984;1;139.386999743333; ;2.51424827586207
P18;2;5.879;2.4902316;0;139.386999743333; ;2.51424827586207
P18;2;5.564;6.2841816;1;139.386999743333; ;2.51424827586207
P18;2;4.917;2.8894032;0;139.386999743333; ;2.51424827586207
P18;2;8.463;1.1425788;1;139.386999743333; ;2.51424827586207
P18;2;2.75;4.58496;1;139.386999743333; ;2.51424827586207
P18;2;5.734;6.9323724;0;139.386999743333; ;2.51424827586207
P18;2;4.966;4.4824212;1;139.386999743333; ;2.51424827586207
P18;2;4.451;5.2001964;1;139.386999743333; ;2.51424827586207
P18;2;5.583;5.2001964;0;139.386999743333; ;2.51424827586207
P18;2;2.396;3.632814;1;139.386999743333; ;2.51424827586207
P18;2;1.125;3.1347648;0;139.386999743333; ;2.51424827586207
P18;2;.166;.30762;0;139.386999743333; ;2.51424827586207
P18;2;1.4;4.8815928;1;139.386999743333; ;2.51424827586207
P18;2;2.534;2.6660124;0;139.386999743333; ;2.51424827586207
P18;2;4.633;8.4558096;0;139.386999743333; ;2.51424827586207
P18;2;.45;1.3916016;1;139.386999743333; ;2.51424827586207
P18;6;1.221;2.358396;0;139.386999743333; ;2.51424827586207
P18;6;1.607;3.1494132;1;139.386999743333; ;2.51424827586207
P18;6;2.26;6.5075688;1;139.386999743333; ;2.51424827586207
P18;6;3.417;1.3916016;0;139.386999743333; ;2.51424827586207
P18;6;.754;1.699218;0;139.386999743333; ;2.51424827586207
P18;6;4.797;1.5087888;0;139.386999743333; ;2.51424827586207
P18;6;.715;.0585936;1;139.386999743333; ;2.51424827586207
P18;6;4.831;2.299806;0;139.386999743333; ;2.51424827586207
P18;6;6.271;.0585936000000002;1;139.386999743333; ;2.51424827586207
P18;6;.99;3.739014;1;139.386999743333; ;2.51424827586207
P18;6;.912;1.0839852;1;139.386999743333; ;2.51424827586207
P18;6;1.49;4.2224148;1;139.386999743333; ;2.51424827586207
P18;6;3.857;2.9479968;0;139.386999743333; ;2.51424827586207
P18;6;1.741;.30762;1;139.386999743333; ;2.51424827586207
P18;6;.412;2.2302216;0;139.386999743333; ;2.51424827586207
P18;6;2.873;2.1093732;0;139.386999743333; ;2.51424827586207
P18;6;.94;1.7578116;0;139.386999743333; ;2.51424827586207
P18;6;4.816;3.006594;0;139.386999743333; ;2.51424827586207
P18;6;.757;0;0;139.386999743333; ;2.51424827586207
P18;6;1.437;2.2998024;0;139.386999743333; ;2.51424827586207
P18;6;4.026;2.6403804;0;139.386999743333; ;2.51424827586207
P18;6;.954;1.0839852;0;139.386999743333; ;2.51424827586207
P18;6;7.52;2.5341804;0;139.386999743333; ;2.51424827586207
P18;6;4.252;5.072022;1;139.386999743333; ;2.51424827586207
P18;6;1.233;0;0;139.386999743333; ;2.51424827586207
P18;6;5.485;5.4821772;1;139.386999743333; ;2.51424827586207
P18;6;6.771;2.7246096;0;139.386999743333; ;2.51424827586207
P18;6;2.671;3.2556132;0;139.386999743333; ;2.51424827586207
P18;6;6.655;1.6845696;1;139.386999743333; ;2.51424827586207
P18;6;10.265;2.7246096;1;139.386999743333; ;2.51424827586207
P18;6;7.104;3.032226;0;139.386999743333; ;2.51424827586207
P18;6;5.934;3.2666004;1;139.386999743333; ;2.51424827586207
P18;6;.6;.4833972;0;139.386999743333; ;2.51424827586207
P18;6;5.186;1.8164052;1;139.386999743333; ;2.51424827586207
P18;6;.393;0;1;139.386999743333; ;2.51424827586207
P18;6;1.2;1.699218;1;139.386999743333; ;2.51424827586207
P18;6;3.253;2.4902352;1;139.386999743333; ;2.51424827586207
P18;6;4.813;5.0830092;1;139.386999743333; ;2.51424827586207
P18;6;.536;5.8141728;1;139.386999743333; ;2.51424827586207
P18;6;.753;1.5673824;0;139.386999743333; ;2.51424827586207
P18;6;.424;1.5820308;0;139.386999743333; ;2.51424827586207
P18;7;7.615;3.8085948;0;139.386999743333; ;2.51424827586207
P18;7;1.434;1.1572272;0;139.386999743333; ;2.51424827586207
P18;7;.729;1.4501952;0;139.386999743333; ;2.51424827586207
P18;7;11;4.9548348;0;139.386999743333; ;2.51424827586207
P18;7;7.135;3.1494168;0;139.386999743333; ;2.51424827586207
P18;7;.672;0;0;139.386999743333; ;2.51424827586207
P18;7;5.767;5.5554192;1;139.386999743333; ;2.51424827586207
P18;7;1.867;7.5476052;1;139.386999743333; ;2.51424827586207
P18;7;7.305;3.1494168;0;139.386999743333; ;2.51424827586207
P18;7;4.449;1.5820308;0;139.386999743333; ;2.51424827586207
P18;7;1.684;.2343744;0;139.386999743333; ;2.51424827586207
P18;7;6.056;1.9335924;0;139.386999743333; ;2.51424827586207
P18;7;6.805;.7910136;0;139.386999743333; ;2.51424827586207
P18;7;12.567;5.2624512;1;139.386999743333; ;2.51424827586207
P18;7;.551;1.2158208;1;139.386999743333; ;2.51424827586207
P18;7;9.766;5.7312;1;139.386999743333; ;2.51424827586207
P18;7;9.728;2.2265604;0;139.386999743333; ;2.51424827586207
P18;7;7.237;.8496108;1;139.386999743333; ;2.51424827586207
P18;7;2.851;7.6061988;1;139.386999743333; ;2.51424827586207
P18;7;.616;4.0429692;0;139.386999743333; ;2.51424827586207
P18;7;7.547;2.9003904;0;139.386999743333; ;2.51424827586207
P18;7;7.482;4.52637;0;139.386999743333; ;2.51424827586207
P18;7;.662;.6591816;0;139.386999743333; ;2.51424827586207
P18;7;7.182;4.1601564;0;139.386999743333; ;2.51424827586207
P18;7;.734;.0585935999999999;0;139.386999743333; ;2.51424827586207
P18;7;.867;1.2158208;0;139.386999743333; ;2.51424827586207
P18;7;.933;3.9147948;0;139.386999743333; ;2.51424827586207
P18;8;1.508;1.2011724;0;139.386999743333; ;2.51424827586207
P18;8;2.59;.36621;0;139.386999743333; ;2.51424827586207
P18;8;6.951;2.9003904;0;139.386999743333; ;2.51424827586207
P18;8;2.581;.893556;1;139.386999743333; ;2.51424827586207
P18;8;.844;1.5820344;0;139.386999743333; ;2.51424827586207
P18;8;9.467;3.0175776;1;139.386999743333; ;2.51424827586207
P18;8;7.841;4.3505856;0;139.386999743333; ;2.51424827586207
P18;8;1.074;0;0;139.386999743333; ;2.51424827586207
P18;8;8.491;1.8164052;1;139.386999743333; ;2.51424827586207
P18;8;1.712;.0585936;1;139.386999743333; ;2.51424827586207
P18;8;2.007;7.005618;0;139.386999743333; ;2.51424827586207
P18;8;1.27;.7910172;0;139.386999743333; ;2.51424827586207
P18;8;2.1;.4833972;0;139.386999743333; ;2.51424827586207
P18;8;3.037;5.05737;1;139.386999743333; ;2.51424827586207
P18;8;1.465;1.992186;1;139.386999743333; ;2.51424827586207
P18;8;4.516;4.7167992;1;139.386999743333; ;2.51424827586207
P18;8;4.651;8.704836;1;139.386999743333; ;2.51424827586207
P18;8;1.811;4.5300312;0;139.386999743333; ;2.51424827586207
P18;8;.803;1.5087888;0;139.386999743333; ;2.51424827586207
P18;8;3.641;2.2412124;0;139.386999743333; ;2.51424827586207
P18;8;5.233;4.3542468;1;139.386999743333; ;2.51424827586207
P18;8;2.883;9.1296396;1;139.386999743333; ;2.51424827586207
P18;8;1.034;.9082044;0;139.386999743333; ;2.51424827586207
P18;8;1.761;.9082008;0;139.386999743333; ;2.51424827586207
P18;8;3.679;3.9147948;1;139.386999743333; ;2.51424827586207
P18;8;5.457;5.8483872;1;139.386999743333; ;2.51424827586207
P18;8;6.595;4.105224;1;139.386999743333; ;2.51424827586207
P18;8;.567;1.0253916;0;139.386999743333; ;2.51424827586207
P18;8;7.733;1.7578152;1;139.386999743333; ;2.51424827586207
P18;8;2.894;1.5673824;1;139.386999743333; ;2.51424827586207
P18;8;.591;.6005844;0;139.386999743333; ;2.51424827586207
P18;8;3.817;2.4755868;1;139.386999743333; ;2.51424827586207
P18;8;4.433;6.958008;1;139.386999743333; ;2.51424827586207
P18;8;.489;.7910172;0;139.386999743333; ;2.51424827586207
P18;8;8.765;2.4169932;1;139.386999743333; ;2.51424827586207
P18;8;.516;.659178;1;139.386999743333; ;2.51424827586207
P18;8;4.756;3.0761712;0;139.386999743333; ;2.51424827586207
P18;8;4.934;1.3330044;1;139.386999743333; ;2.51424827586207
P18;8;2.627;7.2399888;1;139.386999743333; ;2.51424827586207
P18;8;1.585;.2490264;0;139.386999743333; ;2.51424827586207
P18;8;.716;.4248036;0;139.386999743333; ;2.51424827586207
P18;8;4.085;6.8994144;1;139.386999743333; ;2.51424827586207
P18;8;5.11;11.8697364;1;139.386999743333; ;2.51424827586207
P18;8;1.3;2.651364;0;139.386999743333; ;2.51424827586207
P19;1;.637;0;0;91.0626668133333; ;1.88410547945205
P19;1;1.271;2.6074224;0;91.0626668133333; ;1.88410547945205
P19;1;2.462;2.1679704;0;91.0626668133333; ;1.88410547945205
P19;1;2.305;.7763688;0;91.0626668133333; ;1.88410547945205
P19;1;2.484;2.1826188;0;91.0626668133333; ;1.88410547945205
P19;1;2.43;.1757808;0;91.0626668133333; ;1.88410547945205
P19;1;2.662;.4248036;0;91.0626668133333; ;1.88410547945205
P19;1;1.605;.966798;0;91.0626668133333; ;1.88410547945205
P19;1;3.789;.966798;0;91.0626668133333; ;1.88410547945205
P19;1;3.408;.2490228;0;91.0626668133333; ;1.88410547945205
P19;1;2.982;1.7578152;0;91.0626668133333; ;1.88410547945205
P19;1;2;3.6181656;0;91.0626668133333; ;1.88410547945205
P19;1;1.962;2.1826152;0;91.0626668133333; ;1.88410547945205
P19;1;2.617;2.7832032;0;91.0626668133333; ;1.88410547945205
P19;1;2.178;2.6074224;0;91.0626668133333; ;1.88410547945205
P19;1;1.863;2.7099612;0;91.0626668133333; ;1.88410547945205
P19;1;3.221;4.1638176;0;91.0626668133333; ;1.88410547945205
P19;1;1.934;3.372804;0;91.0626668133333; ;1.88410547945205
P19;1;2.3;1.2158172;0;91.0626668133333; ;1.88410547945205
P19;1;3.628;1.6845732;1;91.0626668133333; ;1.88410547945205
P19;1;.905;3.2080068;0;91.0626668133333; ;1.88410547945205
P19;1;2.867;.8386236;0;91.0626668133333; ;1.88410547945205
P19;1;2.082;5.6726064;0;91.0626668133333; ;1.88410547945205
P19;1;2.733;1.0253916;0;91.0626668133333; ;1.88410547945205
P19;1;1.995;3.2556168;0;91.0626668133333; ;1.88410547945205
P19;1;3.35;.36621;0;91.0626668133333; ;1.88410547945205
P19;1;2.166;3.5632296;0;91.0626668133333; ;1.88410547945205
P19;1;1.445;3.739014;0;91.0626668133333; ;1.88410547945205
P19;1;1.6;2.1093768;0;91.0626668133333; ;1.88410547945205
P19;1;3.1;3.5009748;0;91.0626668133333; ;1.88410547945205
P19;1;2.261;3.2666004;0;91.0626668133333; ;1.88410547945205
P19;1;1.783;.7910136;0;91.0626668133333; ;1.88410547945205
P19;1;2.85;1.025388;0;91.0626668133333; ;1.88410547945205
P19;1;1.287;3.032226;0;91.0626668133333; ;1.88410547945205
P19;1;1.646;2.6513676;0;91.0626668133333; ;1.88410547945205
P19;1;2.434;.966798;0;91.0626668133333; ;1.88410547945205
P19;1;2.072;.1171872;0;91.0626668133333; ;1.88410547945205
P19;1;.845;.3076164;0;91.0626668133333; ;1.88410547945205
P19;1;3.522;.9082044;0;91.0626668133333; ;1.88410547945205
P19;1;.692;1.2158172;0;91.0626668133333; ;1.88410547945205
P19;1;2.989;1.9335924;0;91.0626668133333; ;1.88410547945205
P19;1;2.282;1.0253916;0;91.0626668133333; ;1.88410547945205
P19;1;2.561;2.2412124;0;91.0626668133333; ;1.88410547945205
P19;1;2.827;1.2744144;0;91.0626668133333; ;1.88410547945205
P19;1;1.515;1.2744144;0;91.0626668133333; ;1.88410547945205
P19;1;1.1;.67383;0;91.0626668133333; ;1.88410547945205
P19;1;1.921;.9814464;0;91.0626668133333; ;1.88410547945205
P19;1;2.516;1.0253916;0;91.0626668133333; ;1.88410547945205
P19;1;1.647;1.5234372;0;91.0626668133333; ;1.88410547945205
P19;1;1.518;1.4648472;0;91.0626668133333; ;1.88410547945205
P19;2;1.617;1.3806144;0;91.0626668133333; ;1.88410547945205
P19;2;2;5.0244156;0;91.0626668133333; ;1.88410547945205
P19;2;1.834;1.5820308;0;91.0626668133333; ;1.88410547945205
P19;2;1.8;1.0986336;0;91.0626668133333; ;1.88410547945205
P19;2;2.992;1.9921896;0;91.0626668133333; ;1.88410547945205
P19;2;3.383;.8496108;0;91.0626668133333; ;1.88410547945205
P19;2;2.416;.6152328;0;91.0626668133333; ;1.88410547945205
P19;2;2.676;1.1572272;0;91.0626668133333; ;1.88410547945205
P19;2;2.766;2.358396;0;91.0626668133333; ;1.88410547945205
P19;2;2.917;1.640628;0;91.0626668133333; ;1.88410547945205
P19;2;1.95;.0585936;0;91.0626668133333; ;1.88410547945205
P19;2;2.259;.3076164;0;91.0626668133333; ;1.88410547945205
P19;2;2.309;.9814464;0;91.0626668133333; ;1.88410547945205
P19;2;.867;.4833972;0;91.0626668133333; ;1.88410547945205
P19;2;.675;0;0;91.0626668133333; ;1.88410547945205
P19;2;.9;.0585936;0;91.0626668133333; ;1.88410547945205
P19;2;1.676;1.3916016;0;91.0626668133333; ;1.88410547945205
P19;2;3.166;1.0839852;0;91.0626668133333; ;1.88410547945205
P19;2;3.175;1.4501952;0;91.0626668133333; ;1.88410547945205
P19;2;2.116;.73242;0;91.0626668133333; ;1.88410547945205
P19;2;2.557;.966798;0;91.0626668133333; ;1.88410547945205
P19;2;2.659;2.406006;0;91.0626668133333; ;1.88410547945205
P19;2;2.224;1.5234372;0;91.0626668133333; ;1.88410547945205
P19;2;2.481;2.5231932;0;91.0626668133333; ;1.88410547945205
P19;2;1.958;.9558108;0;91.0626668133333; ;1.88410547945205
P19;2;1.871;1.3916016;0;91.0626668133333; ;1.88410547945205
P19;2;2.867;1.8640116;0;91.0626668133333; ;1.88410547945205
P19;2;1.891;.600588;0;91.0626668133333; ;1.88410547945205
P19;2;4.191;.36621;0;91.0626668133333; ;1.88410547945205
P19;2;1.15;1.8749988;0;91.0626668133333; ;1.88410547945205
P19;2;1.384;.659178;0;91.0626668133333; ;1.88410547945205
P19;2;2.026;.7177752;0;91.0626668133333; ;1.88410547945205
P19;2;1.404;1.333008;0;91.0626668133333; ;1.88410547945205
P19;2;2.4;1.0839852;0;91.0626668133333; ;1.88410547945205
P19;2;1.367;0;0;91.0626668133333; ;1.88410547945205
P19;2;1.767;1.1425788;0;91.0626668133333; ;1.88410547945205
P19;2;.567;.7910172;0;91.0626668133333; ;1.88410547945205
P19;2;2.817;1.625976;0;91.0626668133333; ;1.88410547945205
P19;2;2.323;1.0839852;0;91.0626668133333; ;1.88410547945205
P19;2;2.026;.4833972;0;91.0626668133333; ;1.88410547945205
P19;2;3.216;3.0761712;0;91.0626668133333; ;1.88410547945205
P19;2;.559;.966798;0;91.0626668133333; ;1.88410547945205
P19;2;1.05;.3515616;0;91.0626668133333; ;1.88410547945205
P19;2;1.609;.0585935999999999;0;91.0626668133333; ;1.88410547945205
P19;2;.859;.0585936000000002;0;91.0626668133333; ;1.88410547945205
P19;2;1.167;2.1679704;0;91.0626668133333; ;1.88410547945205
P19;2;1.959;2.7832032;0;91.0626668133333; ;1.88410547945205
P19;2;1.734;2.7832032;0;91.0626668133333; ;1.88410547945205
P19;2;2.041;.7763652;0;91.0626668133333; ;1.88410547945205
P19;2;2.231;.0585936000000005;0;91.0626668133333; ;1.88410547945205
P19;2;1.216;.0585935999999999;0;91.0626668133333; ;1.88410547945205
P19;2;2.05;.1757808;0;91.0626668133333; ;1.88410547945205
P19;2;2.797;3.1494168;0;91.0626668133333; ;1.88410547945205
P19;2;.847;.1904328;0;91.0626668133333; ;1.88410547945205
P19;6;.5;1.2158208;0;91.0626668133333; ;1.88410547945205
P19;6;1.132;1.5087888;0;91.0626668133333; ;1.88410547945205
P19;6;1.166;1.3916016;0;91.0626668133333; ;1.88410547945205
P19;6;1.251;2.8417968;0;91.0626668133333; ;1.88410547945205
P19;6;1.933;2.4169932;0;91.0626668133333; ;1.88410547945205
P19;6;.599;3.3142104;0;91.0626668133333; ;1.88410547945205
P19;6;.584;2.2412088;0;91.0626668133333; ;1.88410547945205
P19;6;1.212;1.1425788;0;91.0626668133333; ;1.88410547945205
P19;6;.773;.9082044;0;91.0626668133333; ;1.88410547945205
P19;6;.634;1.4501952;0;91.0626668133333; ;1.88410547945205
P19;6;1.46;2.299806;0;91.0626668133333; ;1.88410547945205
P19;6;1.5;1.5087888;0;91.0626668133333; ;1.88410547945205
P19;6;2.066;2.4755868;0;91.0626668133333; ;1.88410547945205
P19;6;1.099;1.3916016;0;91.0626668133333; ;1.88410547945205
P19;6;1.123;1.4501952;0;91.0626668133333; ;1.88410547945205
P19;6;2.085;1.625976;0;91.0626668133333; ;1.88410547945205
P19;6;1.617;2.900394;0;91.0626668133333; ;1.88410547945205
P19;6;1.228;1.5673824;0;91.0626668133333; ;1.88410547945205
P19;6;.739;2.3583996;0;91.0626668133333; ;1.88410547945205
P19;6;1.328;3.6218268;0;91.0626668133333; ;1.88410547945205
P19;6;2.067;4.89258;0;91.0626668133333; ;1.88410547945205
P19;6;2.416;4.4238276;0;91.0626668133333; ;1.88410547945205
P19;6;.577;.659178;0;91.0626668133333; ;1.88410547945205
P19;6;.555;1.992186;0;91.0626668133333; ;1.88410547945205
P19;6;1.251;3.8085948;0;91.0626668133333; ;1.88410547945205
P19;6;1.5;2.666016;0;91.0626668133333; ;1.88410547945205
P19;6;1.156;8.2353528;0;91.0626668133333; ;1.88410547945205
P19;6;1.61;1.9335924;0;91.0626668133333; ;1.88410547945205
P19;6;1.56;7.5476088;0;91.0626668133333; ;1.88410547945205
P19;6;.838;4.2224112;0;91.0626668133333; ;1.88410547945205
P19;6;1.567;3.4313976;0;91.0626668133333; ;1.88410547945205
P19;6;1.433;2.1826188;0;91.0626668133333; ;1.88410547945205
P19;6;1.712;8.3972196;0;91.0626668133333; ;1.88410547945205
P19;6;1.418;.966798;0;91.0626668133333; ;1.88410547945205
P19;6;1.988;5.6726064;0;91.0626668133333; ;1.88410547945205
P19;6;1.567;4.8962412;0;91.0626668133333; ;1.88410547945205
P19;6;2.206;2.9150388;0;91.0626668133333; ;1.88410547945205
P19;6;1.682;1.9812024;0;91.0626668133333; ;1.88410547945205
P19;6;2.327;.1171872;0;91.0626668133333; ;1.88410547945205
P19;6;.545;3.1494132;0;91.0626668133333; ;1.88410547945205
P19;6;1.012;1.259766;0;91.0626668133333; ;1.88410547945205
P19;6;2.184;5.1892092;0;91.0626668133333; ;1.88410547945205
P19;6;2.694;6.4636236;0;91.0626668133333; ;1.88410547945205
P19;6;1.974;1.0839852;0;91.0626668133333; ;1.88410547945205
P19;6;2.683;4.5886248;0;91.0626668133333; ;1.88410547945205
P19;6;1.096;2.6074224;0;91.0626668133333; ;1.88410547945205
P19;6;1.573;4.8229992;0;91.0626668133333; ;1.88410547945205
P19;6;2.334;1.8164052;0;91.0626668133333; ;1.88410547945205
P19;6;2.54;1.9958472;0;91.0626668133333; ;1.88410547945205
P19;6;2.223;4.1638176;0;91.0626668133333; ;1.88410547945205
P19;6;2.533;2.7832032;0;91.0626668133333; ;1.88410547945205
P19;6;2.134;6.1560072;0;91.0626668133333; ;1.88410547945205
P19;6;2.138;6.3464328;0;91.0626668133333; ;1.88410547945205
P19;6;1.616;7.7966316;0;91.0626668133333; ;1.88410547945205
P19;6;1.777;6.1560072;0;91.0626668133333; ;1.88410547945205
P19;6;.594;3.7499976;0;91.0626668133333; ;1.88410547945205
P19;6;1.118;5.0134248;0;91.0626668133333; ;1.88410547945205
P19;6;1.761;4.5263664;0;91.0626668133333; ;1.88410547945205
P19;6;.716;6.6394044;0;91.0626668133333; ;1.88410547945205
P19;6;1.251;1.8750024;0;91.0626668133333; ;1.88410547945205
P19;6;1.494;2.1093732;0;91.0626668133333; ;1.88410547945205
P19;6;1.956;3.6767556;0;91.0626668133333; ;1.88410547945205
P19;6;2.145;3.4423848;0;91.0626668133333; ;1.88410547945205
P19;6;1.423;2.2412124;0;91.0626668133333; ;1.88410547945205
P19;6;2.367;2.1826188;0;91.0626668133333; ;1.88410547945205
P19;6;.472;1.699218;0;91.0626668133333; ;1.88410547945205
P19;6;.616;.9082008;0;91.0626668133333; ;1.88410547945205
P19;6;.401;.4248036;0;91.0626668133333; ;1.88410547945205
P19;7;.616;1.0253916;0;91.0626668133333; ;1.88410547945205
P19;7;1.171;1.625976;0;91.0626668133333; ;1.88410547945205
P19;7;.761;2.4902316;0;91.0626668133333; ;1.88410547945205
P19;7;.9;.67383;0;91.0626668133333; ;1.88410547945205
P19;7;.535;.7910136;0;91.0626668133333; ;1.88410547945205
P19;7;1.354;3.339846;0;91.0626668133333; ;1.88410547945205
P19;7;1.187;4.398192;0;91.0626668133333; ;1.88410547945205
P19;7;1.094;1.333008;0;91.0626668133333; ;1.88410547945205
P19;7;1.567;1.3916016;0;91.0626668133333; ;1.88410547945205
P19;7;2.002;7.298586;0;91.0626668133333; ;1.88410547945205
P19;7;.533;.9082044;0;91.0626668133333; ;1.88410547945205
P19;7;1.263;2.1679704;0;91.0626668133333; ;1.88410547945205
P19;7;1.8;3.1384296;0;91.0626668133333; ;1.88410547945205
P19;7;1.629;2.7832032;0;91.0626668133333; ;1.88410547945205
P19;7;1.933;1.699218;0;91.0626668133333; ;1.88410547945205
P19;7;.802;.1757808;0;91.0626668133333; ;1.88410547945205
P19;7;1.263;.3076164;0;91.0626668133333; ;1.88410547945205
P19;7;.86;2.4755868;0;91.0626668133333; ;1.88410547945205
P19;7;1.715;.1904292;0;91.0626668133333; ;1.88410547945205
P19;7;1.598;.4833972;0;91.0626668133333; ;1.88410547945205
P19;7;.734;5.8483872;0;91.0626668133333; ;1.88410547945205
P19;7;1.354;.3515652;0;91.0626668133333; ;1.88410547945205
P19;7;1.017;1.8749988;0;91.0626668133333; ;1.88410547945205
P19;7;.806;2.2412088;0;91.0626668133333; ;1.88410547945205
P19;7;1.021;.7910172;0;91.0626668133333; ;1.88410547945205
P19;7;1.1;1.3916016;0;91.0626668133333; ;1.88410547945205
P19;7;1.167;.659178;0;91.0626668133333; ;1.88410547945205
P19;7;1.261;3.4313976;0;91.0626668133333; ;1.88410547945205
P19;7;1.217;1.3916016;0;91.0626668133333; ;1.88410547945205
P19;7;.636;3.0065904;0;91.0626668133333; ;1.88410547945205
P19;7;1.006;4.2333984;0;91.0626668133333; ;1.88410547945205
P19;7;.829;0;0;91.0626668133333; ;1.88410547945205
P19;7;.767;.0585936;0;91.0626668133333; ;1.88410547945205
P19;7;.783;.1171872;0;91.0626668133333; ;1.88410547945205
P19;7;2.306;2.4755868;0;91.0626668133333; ;1.88410547945205
P19;7;2.135;5.1306156;0;91.0626668133333; ;1.88410547945205
P19;7;1.802;4.6472184;0;91.0626668133333; ;1.88410547945205
P19;7;2.2;2.1826188;0;91.0626668133333; ;1.88410547945205
P19;7;1.2;2.3583996;0;91.0626668133333; ;1.88410547945205
P19;7;2.435;1.1425788;0;91.0626668133333; ;1.88410547945205
P19;7;2.63;1.3330116;0;91.0626668133333; ;1.88410547945205
P19;7;2.661;1.6406244;0;91.0626668133333; ;1.88410547945205
P19;7;1.98;3.5632332;0;91.0626668133333; ;1.88410547945205
P19;7;2.019;3.7976076;0;91.0626668133333; ;1.88410547945205
P19;7;.594;.9082008;0;91.0626668133333; ;1.88410547945205
P19;7;2.023;2.2265604;0;91.0626668133333; ;1.88410547945205
P19;7;.8;3.6218232;0;91.0626668133333; ;1.88410547945205
P19;7;1.467;4.8229992;0;91.0626668133333; ;1.88410547945205
P19;7;1.185;3.372804;0;91.0626668133333; ;1.88410547945205
P19;7;1.166;1.5673824;0;91.0626668133333; ;1.88410547945205
P19;7;1.306;1.8054216;0;91.0626668133333; ;1.88410547945205
P19;7;.561;.1757808;0;91.0626668133333; ;1.88410547945205
P19;7;1.463;.6591816;0;91.0626668133333; ;1.88410547945205
P19;7;2.244;0;0;91.0626668133333; ;1.88410547945205
P19;7;2.98;0;0;91.0626668133333; ;1.88410547945205
P19;7;3.15;1.2158208;0;91.0626668133333; ;1.88410547945205
P19;7;2.763;1.7578116;0;91.0626668133333; ;1.88410547945205
P19;7;2.385;2.0507832;0;91.0626668133333; ;1.88410547945205
P19;7;2.496;.4248072;0;91.0626668133333; ;1.88410547945205
P19;7;1.627;2.299806;0;91.0626668133333; ;1.88410547945205
P19;7;1.92;7.738038;0;91.0626668133333; ;1.88410547945205
P19;7;2.881;3.0761712;0;91.0626668133333; ;1.88410547945205
P19;7;.534;1.5087888;0;91.0626668133333; ;1.88410547945205
P19;7;1.348;1.5673824;0;91.0626668133333; ;1.88410547945205
P19;7;1.887;2.4902352;0;91.0626668133333; ;1.88410547945205
P19;7;1.623;4.8962412;0;91.0626668133333; ;1.88410547945205
P19;7;1.335;5.2001928;0;91.0626668133333; ;1.88410547945205
P19;7;2.423;1.333008;0;91.0626668133333; ;1.88410547945205
P19;7;1.661;1.3183596;0;91.0626668133333; ;1.88410547945205
P19;7;2.173;.7910172;0;91.0626668133333; ;1.88410547945205
P19;7;1.563;1.992186;0;91.0626668133333; ;1.88410547945205
P19;7;1.266;1.0253916;0;91.0626668133333; ;1.88410547945205
P19;7;.552;0;0;91.0626668133333; ;1.88410547945205
P19;8;.502;4.105224;0;91.0626668133333; ;1.88410547945205
P19;8;1.053;2.7832032;0;91.0626668133333; ;1.88410547945205
P19;8;.867;1.5820308;0;91.0626668133333; ;1.88410547945205
P19;8;.998;1.4501952;0;91.0626668133333; ;1.88410547945205
P19;8;1.15;1.2158208;0;91.0626668133333; ;1.88410547945205
P19;8;1.3;1.333008;0;91.0626668133333; ;1.88410547945205
P19;8;2.086;3.2080104;0;91.0626668133333; ;1.88410547945205
P19;8;.952;2.2412124;0;91.0626668133333; ;1.88410547945205
P19;8;.648;2.772216;0;91.0626668133333; ;1.88410547945205
P19;8;1.148;3.691404;0;91.0626668133333; ;1.88410547945205
P19;8;1.028;2.0507796;0;91.0626668133333; ;1.88410547945205
P19;8;1.531;4.5300312;0;91.0626668133333; ;1.88410547945205
P19;8;1.055;3.4570332;0;91.0626668133333; ;1.88410547945205
P19;8;1.381;1.8750024;0;91.0626668133333; ;1.88410547945205
P19;8;1.268;1.439208;0;91.0626668133333; ;1.88410547945205
P19;8;1.986;3.2666004;0;91.0626668133333; ;1.88410547945205
P19;8;.467;1.0839852;0;91.0626668133333; ;1.88410547945205
P19;8;1.8;2.6513676;0;91.0626668133333; ;1.88410547945205
P19;8;1.686;1.2744144;0;91.0626668133333; ;1.88410547945205
P19;8;1.98;3.8562012;0;91.0626668133333; ;1.88410547945205
P19;8;.735;2.039796;0;91.0626668133333; ;1.88410547945205
P19;8;1.05;2.7246096;0;91.0626668133333; ;1.88410547945205
P19;8;1.1;2.7136224;0;91.0626668133333; ;1.88410547945205
P19;8;1.314;2.9736324;0;91.0626668133333; ;1.88410547945205
P19;8;1.685;6.1560036;0;91.0626668133333; ;1.88410547945205
P19;8;1.515;3.0798324;0;91.0626668133333; ;1.88410547945205
P19;8;1.248;1.625976;0;91.0626668133333; ;1.88410547945205
P19;8;1.667;3.0212424;0;91.0626668133333; ;1.88410547945205
P19;8;1.853;2.8417968;0;91.0626668133333; ;1.88410547945205
P19;8;.548;.78003;0;91.0626668133333; ;1.88410547945205
P19;8;1.533;3.0212388;0;91.0626668133333; ;1.88410547945205
P19;8;1.233;4.7314476;0;91.0626668133333; ;1.88410547945205
P19;8;2.017;1.3916016;0;91.0626668133333; ;1.88410547945205
P19;8;1.615;1.04004;0;91.0626668133333; ;1.88410547945205
P19;8;1.595;1.8749988;0;91.0626668133333; ;1.88410547945205
P19;8;1.833;2.3583996;0;91.0626668133333; ;1.88410547945205
P19;8;2.467;.9667944;0;91.0626668133333; ;1.88410547945205
P19;8;2.65;1.7578116;0;91.0626668133333; ;1.88410547945205
P19;8;3.163;1.2158208;0;91.0626668133333; ;1.88410547945205
P19;8;2.6;5.8483908;0;91.0626668133333; ;1.88410547945205
P19;8;2.317;5.7458484;0;91.0626668133333; ;1.88410547945205
P19;8;1.9;3.5485848;0;91.0626668133333; ;1.88410547945205
P19;8;2.02;.4833972;0;91.0626668133333; ;1.88410547945205
P19;8;2.117;.8496072;0;91.0626668133333; ;1.88410547945205
P19;8;1.897;1.4978016;0;91.0626668133333; ;1.88410547945205
P19;8;3.23;3.3142068;0;91.0626668133333; ;1.88410547945205
P19;8;2.1;4.9401864;0;91.0626668133333; ;1.88410547945205
P19;8;1.083;2.406006;0;91.0626668133333; ;1.88410547945205
P19;8;1.719;2.9589876;0;91.0626668133333; ;1.88410547945205
P19;8;2.983;5.2478028;0;91.0626668133333; ;1.88410547945205
P19;8;2.263;1.7578116;0;91.0626668133333; ;1.88410547945205
P19;8;2.053;2.7832032;0;91.0626668133333; ;1.88410547945205
P19;8;1.114;3.9147948;0;91.0626668133333; ;1.88410547945205
P19;8;1.733;2.666016;0;91.0626668133333; ;1.88410547945205
P19;8;2.853;2.4169932;0;91.0626668133333; ;1.88410547945205
P19;8;2.133;7.4304216;0;91.0626668133333; ;1.88410547945205
P19;8;.6;1.992186;0;91.0626668133333; ;1.88410547945205
P19;8;1.855;2.5488288;0;91.0626668133333; ;1.88410547945205
P19;8;2.067;3.5742168;0;91.0626668133333; ;1.88410547945205
P19;8;1.7;9.0124524;0;91.0626668133333; ;1.88410547945205
P19;8;1.733;.6152328;0;91.0626668133333; ;1.88410547945205
P19;8;2.905;3.3837912;0;91.0626668133333; ;1.88410547945205
P19;8;1.848;3.2666004;0;91.0626668133333; ;1.88410547945205
P19;8;.687;2.5488288;0;91.0626668133333; ;1.88410547945205
P19;8;1.548;1.8164052;0;91.0626668133333; ;1.88410547945205
P19;8;2.02;3.0761748;0;91.0626668133333; ;1.88410547945205
P19;8;1.818;3.8085912;0;91.0626668133333; ;1.88410547945205
P19;8;.512;1.0839852;0;91.0626668133333; ;1.88410547945205
P19;8;1.45;1.7578152;0;91.0626668133333; ;1.88410547945205
P19;8;.471;2.065428;0;91.0626668133333; ;1.88410547945205
P19;8;1.565;3.3837876;0;91.0626668133333; ;1.88410547945205
P19;8;1.85;2.7099612;0;91.0626668133333; ;1.88410547945205
P19;8;1.45;3.9843756;0;91.0626668133333; ;1.88410547945205
P19;8;2.681;3.266604;0;91.0626668133333; ;1.88410547945205
P19;8;1.095;1.5673824;0;91.0626668133333; ;1.88410547945205
P19;8;1.195;1.3916016;0;91.0626668133333; ;1.88410547945205
P19;8;2.014;3.0175776;0;91.0626668133333; ;1.88410547945205
P19;8;.914;1.933596;0;91.0626668133333; ;1.88410547945205
P19;8;.955;.9082044;0;91.0626668133333; ;1.88410547945205
P19;8;1.682;2.7246096;0;91.0626668133333; ;1.88410547945205
P19;8;1.25;2.0654316;0;91.0626668133333; ;1.88410547945205
P19;8;1.737;1.2744144;0;91.0626668133333; ;1.88410547945205
P19;8;2.125;3.6767592;0;91.0626668133333; ;1.88410547945205
P19;8;.525;2.5341804;0;91.0626668133333; ;1.88410547945205
P19;8;.65;2.592774;0;91.0626668133333; ;1.88410547945205
P19;8;.466;1.625976;0;91.0626668133333; ;1.88410547945205
P20;1;1.65;12.5720244;1;94.8113331033333; ;2.47832372881356
P20;1;2.033;.6005844;0;94.8113331033333; ;2.47832372881356
P20;1;3.72;10.5651864;0;94.8113331033333; ;2.47832372881356
P20;1;2.603;9.3054204;1;94.8113331033333; ;2.47832372881356
P20;1;.583;.7177752;1;94.8113331033333; ;2.47832372881356
P20;1;1.387;3.8085948;0;94.8113331033333; ;2.47832372881356
P20;1;2.229;1.4501952;0;94.8113331033333; ;2.47832372881356
P20;1;2.386;3.5742204;0;94.8113331033333; ;2.47832372881356
P20;1;.154;.3076164;0;94.8113331033333; ;2.47832372881356
P20;1;.917;3.6914076;0;94.8113331033333; ;2.47832372881356
P20;1;4.147;2.5341804;0;94.8113331033333; ;2.47832372881356
P20;1;3.814;8.6462424;0;94.8113331033333; ;2.47832372881356
P20;1;1.477;3.2666004;0;94.8113331033333; ;2.47832372881356
P20;1;4.26;11.3805792;1;94.8113331033333; ;2.47832372881356
P20;1;1.667;.4833972;0;94.8113331033333; ;2.47832372881356
P20;1;1.613;7.9138188;0;94.8113331033333; ;2.47832372881356
P20;1;2.467;3.372804;0;94.8113331033333; ;2.47832372881356
P20;1;1.967;3.2556132;0;94.8113331033333; ;2.47832372881356
P20;1;2.613;5.072022;0;94.8113331033333; ;2.47832372881356
P20;1;2.293;4.4128404;1;94.8113331033333; ;2.47832372881356
P20;1;1.084;7.371828;0;94.8113331033333; ;2.47832372881356
P20;1;.752;4.4714376;0;94.8113331033333; ;2.47832372881356
P20;1;2.516;1.2744144;0;94.8113331033333; ;2.47832372881356
P20;1;3.156;4.9548348;0;94.8113331033333; ;2.47832372881356
P20;1;1.419;.30762;0;94.8113331033333; ;2.47832372881356
P20;1;2.842;3.1933584;0;94.8113331033333; ;2.47832372881356
P20;1;.831;3.0908196;0;94.8113331033333; ;2.47832372881356
P20;1;1.697;4.7644056;0;94.8113331033333; ;2.47832372881356
P20;1;3.147;2.3474124;0;94.8113331033333; ;2.47832372881356
P20;1;1.033;5.2624512;0;94.8113331033333; ;2.47832372881356
P20;1;2.016;2.065428;0;94.8113331033333; ;2.47832372881356
P20;1;.713;3.7976076;0;94.8113331033333; ;2.47832372881356
P20;1;3.457;4.5886212;0;94.8113331033333; ;2.47832372881356
P20;1;2.793;4.0466304;0;94.8113331033333; ;2.47832372881356
P20;1;3.08;2.0507832;0;94.8113331033333; ;2.47832372881356
P20;1;.436;.73242;0;94.8113331033333; ;2.47832372881356
P20;1;.731;1.2158172;0;94.8113331033333; ;2.47832372881356
P20;1;2.403;2.0507832;0;94.8113331033333; ;2.47832372881356
P20;1;3.297;1.259766;0;94.8113331033333; ;2.47832372881356
P20;1;1.247;8.8220232;0;94.8113331033333; ;2.47832372881356
P20;1;.397;1.6845696;0;94.8113331033333; ;2.47832372881356
P20;1;1.638;1.3183596;0;94.8113331033333; ;2.47832372881356
P20;1;2.486;.8496072;0;94.8113331033333; ;2.47832372881356
P20;1;2.179;1.1572272;0;94.8113331033333; ;2.47832372881356
P20;1;1.447;1.6259796;0;94.8113331033333; ;2.47832372881356
P20;1;.687;0;0;94.8113331033333; ;2.47832372881356
P20;1;.993;1.0839852;0;94.8113331033333; ;2.47832372881356
P20;1;1.78;.30762;0;94.8113331033333; ;2.47832372881356
P20;1;1.32;.1904328;0;94.8113331033333; ;2.47832372881356
P20;1;1.433;.36621;0;94.8113331033333; ;2.47832372881356
P20;1;.577;1.5087888;0;94.8113331033333; ;2.47832372881356
P20;1;.737;.0585971999999998;0;94.8113331033333; ;2.47832372881356
P20;1;1.313;1.8749988;0;94.8113331033333; ;2.47832372881356
P20;1;2.734;3.5156268;0;94.8113331033333; ;2.47832372881356
P20;1;2.469;2.7246096;0;94.8113331033333; ;2.47832372881356
P20;1;2.72;1.625976;0;94.8113331033333; ;2.47832372881356
P20;1;1.884;4.7167992;0;94.8113331033333; ;2.47832372881356
P20;1;2.464;.1171872;0;94.8113331033333; ;2.47832372881356
P20;1;3.334;4.0429692;1;94.8113331033333; ;2.47832372881356
P20;2;.966;3.3728004;0;94.8113331033333; ;2.47832372881356
P20;2;3.433;7.298586;0;94.8113331033333; ;2.47832372881356
P20;2;3.656;3.1494132;0;94.8113331033333; ;2.47832372881356
P20;2;2.894;1.5234372;0;94.8113331033333; ;2.47832372881356
P20;2;2.75;.7177752;0;94.8113331033333; ;2.47832372881356
P20;2;3.287;2.299806;0;94.8113331033333; ;2.47832372881356
P20;2;.95;6.1803864;0;94.8113331033333; ;2.47832372881356
P20;2;2.243;10.9761804;0;94.8113331033333; ;2.47832372881356
P20;2;1.005;4.7167992;0;94.8113331033333; ;2.47832372881356
P20;2;1.646;1.8749988;0;94.8113331033333; ;2.47832372881356
P20;2;1.48;7.7819832;1;94.8113331033333; ;2.47832372881356
P20;2;2.516;2.1826152;0;94.8113331033333; ;2.47832372881356
P20;2;1.284;4.779054;0;94.8113331033333; ;2.47832372881356
P20;2;3.179;1.2011724;1;94.8113331033333; ;2.47832372881356
P20;2;.663;1.5673824;1;94.8113331033333; ;2.47832372881356
P20;2;1.877;5.6140128;0;94.8113331033333; ;2.47832372881356
P20;2;.978;3.431394;0;94.8113331033333; ;2.47832372881356
P20;2;2.325;2.0507832;0;94.8113331033333; ;2.47832372881356
P20;2;1.408;.4101552;0;94.8113331033333; ;2.47832372881356
P20;2;2.324;2.3474124;0;94.8113331033333; ;2.47832372881356
P20;2;2.59;1.333008;0;94.8113331033333; ;2.47832372881356
P20;2;1.53;.30762;0;94.8113331033333; ;2.47832372881356
P20;2;2.203;2.0983896;0;94.8113331033333; ;2.47832372881356
P20;2;1.522;2.3583996;0;94.8113331033333; ;2.47832372881356
P20;2;.768;2.7832032;0;94.8113331033333; ;2.47832372881356
P20;2;1.092;1.9226052;0;94.8113331033333; ;2.47832372881356
P20;2;2.811;4.5300312;0;94.8113331033333; ;2.47832372881356
P20;2;1.47;4.837644;0;94.8113331033333; ;2.47832372881356
P20;2;1.914;4.8229992;0;94.8113331033333; ;2.47832372881356
P20;2;1.901;4.2224148;0;94.8113331033333; ;2.47832372881356
P20;2;2.456;3.266604;0;94.8113331033333; ;2.47832372881356
P20;2;2.676;7.5476088;0;94.8113331033333; ;2.47832372881356
P20;2;1.003;1.0986336;0;94.8113331033333; ;2.47832372881356
P20;2;1.497;8.4558132;0;94.8113331033333; ;2.47832372881356
P20;2;2.616;5.6726064;0;94.8113331033333; ;2.47832372881356
P20;2;.42;.1757808;0;94.8113331033333; ;2.47832372881356
P20;2;1.103;2.9736324;0;94.8113331033333; ;2.47832372881356
P20;2;2.809;.1757808;0;94.8113331033333; ;2.47832372881356
P20;2;.529;3.4423848;1;94.8113331033333; ;2.47832372881356
P20;2;2.342;2.3583996;0;94.8113331033333; ;2.47832372881356
P20;2;2.211;.5419908;0;94.8113331033333; ;2.47832372881356
P20;2;.553;.8496108;0;94.8113331033333; ;2.47832372881356
P20;2;2.977;12.0886236;1;94.8113331033333; ;2.47832372881356
P20;2;2.667;4.3505892;0;94.8113331033333; ;2.47832372881356
P20;2;2.669;2.0507796;0;94.8113331033333; ;2.47832372881356
P20;2;2.556;1.5673824;0;94.8113331033333; ;2.47832372881356
P20;2;2.974;1.6406244;0;94.8113331033333; ;2.47832372881356
P20;2;2.9;3.632814;0;94.8113331033333; ;2.47832372881356
P20;2;2.994;12.033486;0;94.8113331033333; ;2.47832372881356
P20;2;2.014;2.724606;0;94.8113331033333; ;2.47832372881356
P20;2;2.056;1.5234372;0;94.8113331033333; ;2.47832372881356
P20;2;2.116;3.5156232;0;94.8113331033333; ;2.47832372881356
P20;2;1.989;2.006838;0;94.8113331033333; ;2.47832372881356
P20;2;1.729;1.0253916;0;94.8113331033333; ;2.47832372881356
P20;2;2.761;6.225588;0;94.8113331033333; ;2.47832372881356
P20;2;.214;2.2985496;0;94.8113331033333; ;2.47832372881356
P20;6;.547;1.1572236;0;94.8113331033333; ;2.47832372881356
P20;6;1.125;3.4570332;0;94.8113331033333; ;2.47832372881356
P20;6;.492;1.6845696;0;94.8113331033333; ;2.47832372881356
P20;6;1.55;1.333008;0;94.8113331033333; ;2.47832372881356
P20;6;.8;.3076164;0;94.8113331033333; ;2.47832372881356
P20;6;1.336;.7177752;0;94.8113331033333; ;2.47832372881356
P20;6;1.762;.659178;0;94.8113331033333; ;2.47832372881356
P20;6;1.053;1.1572272;0;94.8113331033333; ;2.47832372881356
P20;6;1.922;1.1425788;0;94.8113331033333; ;2.47832372881356
P20;6;1.747;.1318356;0;94.8113331033333; ;2.47832372881356
P20;6;.747;.36621;0;94.8113331033333; ;2.47832372881356
P20;6;3;.966798;0;94.8113331033333; ;2.47832372881356
P20;6;.742;.073242;0;94.8113331033333; ;2.47832372881356
P20;6;3.036;.36621;0;94.8113331033333; ;2.47832372881356
P20;6;.714;3.2556132;0;94.8113331033333; ;2.47832372881356
P20;6;3.633;1.567386;0;94.8113331033333; ;2.47832372881356
P20;6;.922;.2343744;0;94.8113331033333; ;2.47832372881356
P20;6;3.183;2.5378416;0;94.8113331033333; ;2.47832372881356
P20;6;1.578;1.1425788;0;94.8113331033333; ;2.47832372881356
P20;6;.597;1.3183596;0;94.8113331033333; ;2.47832372881356
P20;6;2.338;4.4091792;0;94.8113331033333; ;2.47832372881356
P20;6;1.201;4.7058084;0;94.8113331033333; ;2.47832372881356
P20;6;.417;.4833972;0;94.8113331033333; ;2.47832372881356
P20;6;2.633;.2343744;0;94.8113331033333; ;2.47832372881356
P20;6;.628;0;0;94.8113331033333; ;2.47832372881356
P20;6;.624;1.1572272;0;94.8113331033333; ;2.47832372881356
P20;6;2.12;1.8750024;0;94.8113331033333; ;2.47832372881356
P20;6;1.792;2.6513676;0;94.8113331033333; ;2.47832372881356
P20;6;.562;.659178;0;94.8113331033333; ;2.47832372881356
P20;6;2.647;.6738264;0;94.8113331033333; ;2.47832372881356
P20;6;2.409;1.0253916;0;94.8113331033333; ;2.47832372881356
P20;6;2.888;1.9812024;0;94.8113331033333; ;2.47832372881356
P20;6;1.519;.36621;0;94.8113331033333; ;2.47832372881356
P20;6;3.833;.966798;0;94.8113331033333; ;2.47832372881356
P20;6;1.675;0;0;94.8113331033333; ;2.47832372881356
P20;6;.634;.6591816;0;94.8113331033333; ;2.47832372881356
P20;6;2.536;6.7565916;0;94.8113331033333; ;2.47832372881356
P20;6;.267;2.1093732;0;94.8113331033333; ;2.47832372881356
P20;6;.758;1.1901852;0;94.8113331033333; ;2.47832372881356
P20;6;1.061;1.673586;0;94.8113331033333; ;2.47832372881356
P20;6;1.617;1.333008;0;94.8113331033333; ;2.47832372881356
P20;6;.386;1.5087924;0;94.8113331033333; ;2.47832372881356
P20;6;.517;.1318356;0;94.8113331033333; ;2.47832372881356
P20;6;.362;2.285154;0;94.8113331033333; ;2.47832372881356
P20;7;.533;2.1679704;0;94.8113331033333; ;2.47832372881356
P20;7;.233;.2490228;0;94.8113331033333; ;2.47832372881356
P20;7;1.5;1.9335924;0;94.8113331033333; ;2.47832372881356
P20;7;1.173;2.4169932;0;94.8113331033333; ;2.47832372881356
P20;7;1.733;5.4235836;0;94.8113331033333; ;2.47832372881356
P20;7;.62;1.2011724;0;94.8113331033333; ;2.47832372881356
P20;7;1.923;5.67261;0;94.8113331033333; ;2.47832372881356
P20;7;2.209;7.738038;0;94.8113331033333; ;2.47832372881356
P20;7;.926;1.1572272;0;94.8113331033333; ;2.47832372881356
P20;7;.5;3.8671884;0;94.8113331033333; ;2.47832372881356
P20;7;1.9;4.6472184;0;94.8113331033333; ;2.47832372881356
P20;7;1.493;.0585935999999992;0;94.8113331033333; ;2.47832372881356
P20;7;1.542;5.1892092;0;94.8113331033333; ;2.47832372881356
P20;7;2.109;4.7314476;0;94.8113331033333; ;2.47832372881356
P20;7;2.626;7.9138188;0;94.8113331033333; ;2.47832372881356
P20;7;.99;1.4501952;0;94.8113331033333; ;2.47832372881356
P20;7;1.526;10.5065928;0;94.8113331033333; ;2.47832372881356
P20;7;3.09;6.1560072;0;94.8113331033333; ;2.47832372881356
P20;7;1.892;5.36499;0;94.8113331033333; ;2.47832372881356
P20;7;2.393;4.4128404;0;94.8113331033333; ;2.47832372881356
P20;7;.453;5.5902636;1;94.8113331033333; ;2.47832372881356
P20;7;2.6;5.67261;1;94.8113331033333; ;2.47832372881356
P20;7;1.62;8.031006;1;94.8113331033333; ;2.47832372881356
P20;7;.51;6.9323724;0;94.8113331033333; ;2.47832372881356
P20;7;.586;5.5554192;0;94.8113331033333; ;2.47832372881356
P20;7;.364;.73242;0;94.8113331033333; ;2.47832372881356
P20;7;.79;.7910136;0;94.8113331033333; ;2.47832372881356
P20;7;1.721;6.1560072;0;94.8113331033333; ;2.47832372881356
P20;7;1.926;10.6962912;1;94.8113331033333; ;2.47832372881356
P20;7;.709;.2008908;1;94.8113331033333; ;2.47832372881356
P20;7;1.486;5.7897936;0;94.8113331033333; ;2.47832372881356
P20;7;2.184;4.5410148;0;94.8113331033333; ;2.47832372881356
P20;7;.45;.292971599999999;0;94.8113331033333; ;2.47832372881356
P20;7;.49;4.5410184;1;94.8113331033333; ;2.47832372881356
P20;7;1.586;4.89258;0;94.8113331033333; ;2.47832372881356
P20;7;.601;4.7167992;0;94.8113331033333; ;2.47832372881356
P20;7;1.783;3.3251976;0;94.8113331033333; ;2.47832372881356
P20;7;1.076;6.3464364;0;94.8113331033333; ;2.47832372881356
P20;7;.867;6.40503;0;94.8113331033333; ;2.47832372881356
P20;7;1.686;2.4755868;0;94.8113331033333; ;2.47832372881356
P20;7;2.284;9.1296396;1;94.8113331033333; ;2.47832372881356
P20;7;.602;.9291312;1;94.8113331033333; ;2.47832372881356
P20;7;1.283;8.3386224;1;94.8113331033333; ;2.47832372881356
P20;7;2.903;5.1306156;0;94.8113331033333; ;2.47832372881356
P20;7;.408;1.7578116;0;94.8113331033333; ;2.47832372881356
P20;7;3.457;.7324236;0;94.8113331033333; ;2.47832372881356
P20;7;1.275;1.1425788;0;94.8113331033333; ;2.47832372881356
P20;7;.443;2.4755868;0;94.8113331033333; ;2.47832372881356
P20;7;2.786;.2343744;0;94.8113331033333; ;2.47832372881356
P20;7;1.947;.073242;0;94.8113331033333; ;2.47832372881356
P20;7;.974;2.8308132;0;94.8113331033333; ;2.47832372881356
P20;7;.476;0;0;94.8113331033333; ;2.47832372881356
P20;7;1.767;1.5234372;0;94.8113331033333; ;2.47832372881356
P20;7;1.847;4.8815928;1;94.8113331033333; ;2.47832372881356
P20;7;.443;3.0322296;1;94.8113331033333; ;2.47832372881356
P20;7;.466;1.625976;0;94.8113331033333; ;2.47832372881356
P20;7;.306;1.6992216;0;94.8113331033333; ;2.47832372881356
P20;8;.616;2.358396;0;94.8113331033333; ;2.47832372881356
P20;8;1.466;3.1494132;0;94.8113331033333; ;2.47832372881356
P20;8;1.3;1.2158208;0;94.8113331033333; ;2.47832372881356
P20;8;.718;3.7500012;0;94.8113331033333; ;2.47832372881356
P20;8;.808;8.109792;0;94.8113331033333; ;2.47832372881356
P20;8;1.856;4.4677728;0;94.8113331033333; ;2.47832372881356
P20;8;1.673;9.1149876;1;94.8113331033333; ;2.47832372881356
P20;8;.485;4.6472148;0;94.8113331033333; ;2.47832372881356
P20;8;.423;2.958984;0;94.8113331033333; ;2.47832372881356
P20;8;1.401;3.8818368;0;94.8113331033333; ;2.47832372881356
P20;8;2.874;8.031006;0;94.8113331033333; ;2.47832372881356
P20;8;2.006;2.2412088;1;94.8113331033333; ;2.47832372881356
P20;8;.616;1.9811988;0;94.8113331033333; ;2.47832372881356
P20;8;2.5;7.1960472;0;94.8113331033333; ;2.47832372881356
P20;8;1.406;6.518556;0;94.8113331033333; ;2.47832372881356
P20;8;.334;4.412844;0;94.8113331033333; ;2.47832372881356
P20;8;3.05;1.625976;0;94.8113331033333; ;2.47832372881356
P20;8;1.268;3.006594;0;94.8113331033333; ;2.47832372881356
P20;8;3.124;4.3505856;1;94.8113331033333; ;2.47832372881356
P20;8;1.6;5.0097672;0;94.8113331033333; ;2.47832372881356
P20;8;2.284;11.956788;0;94.8113331033333; ;2.47832372881356
P20;8;2.632;.7763688;0;94.8113331033333; ;2.47832372881356
P20;8;1.002;3.0798324;0;94.8113331033333; ;2.47832372881356
P20;8;.523;3.6914076;0;94.8113331033333; ;2.47832372881356
P20;8;1.539;5.0830092;0;94.8113331033333; ;2.47832372881356
P20;8;1.077;.1171872;1;94.8113331033333; ;2.47832372881356
P20;8;1.327;15.8645736;0;94.8113331033333; ;2.47832372881356
P20;8;1.6;19.65852;1;94.8113331033333; ;2.47832372881356
P20;8;1.241;12.7847376;1;94.8113331033333; ;2.47832372881356
P20;8;.5;3.9880368;0;94.8113331033333; ;2.47832372881356
P20;8;.6;5.2478028;0;94.8113331033333; ;2.47832372881356
P20;8;2.84;8.5729968;0;94.8113331033333; ;2.47832372881356
P20;8;1.466;11.8451484;1;94.8113331033333; ;2.47832372881356
P20;8;2.182;5.36499;0;94.8113331033333; ;2.47832372881356
P20;8;1.577;5.4968256;0;94.8113331033333; ;2.47832372881356
P20;8;.502;2.406006;0;94.8113331033333; ;2.47832372881356
P20;8;1.95;1.567386;0;94.8113331033333; ;2.47832372881356
P20;8;3.374;7.3132308;1;94.8113331033333; ;2.47832372881356
P20;8;1.416;11.4559164;1;94.8113331033333; ;2.47832372881356
P20;8;.384;1.5087888;0;94.8113331033333; ;2.47832372881356
P20;8;1.251;4.8925764;0;94.8113331033333; ;2.47832372881356
P20;8;1.434;3.372804;0;94.8113331033333; ;2.47832372881356
P20;8;1.243;2.0654316;0;94.8113331033333; ;2.47832372881356
P20;8;1.06;.966798;0;94.8113331033333; ;2.47832372881356
P20;8;1.8;3.5009748;0;94.8113331033333; ;2.47832372881356
P20;8;2.217;10.1403792;0;94.8113331033333; ;2.47832372881356
P20;8;1.718;8.9392104;0;94.8113331033333; ;2.47832372881356
P20;8;2.323;11.72241;0;94.8113331033333; ;2.47832372881356
P20;8;2.173;8.8806132;0;94.8113331033333; ;2.47832372881356
P20;8;.758;4.5996084;0;94.8113331033333; ;2.47832372881356
P20;8;2.891;8.986086;0;94.8113331033333; ;2.47832372881356
P20;8;2.811;19.4450688;1;94.8113331033333; ;2.47832372881356
P20;8;.824;5.4968256;0;94.8113331033333; ;2.47832372881356
P20;8;.308;3.0761748;0;94.8113331033333; ;2.47832372881356
P20;8;2.63;3.8671884;0;94.8113331033333; ;2.47832372881356
P20;8;3.039;4.4677764;0;94.8113331033333; ;2.47832372881356
P20;8;3.332;6.8994144;1;94.8113331033333; ;2.47832372881356
P20;8;.741;2.7832032;0;94.8113331033333; ;2.47832372881356
P20;8;.5;8.4843756;0;94.8113331033333; ;2.47832372881356
P20;8;.7;2.3583996;0;94.8113331033333; ;2.47832372881356
P20;8;2.277;4.2333984;0;94.8113331033333; ;2.47832372881356
P20;8;1.306;3.2423292;0;94.8113331033333; ;2.47832372881356
P20;8;1.96;2.3583996;0;94.8113331033333; ;2.47832372881356
P20;8;.583;5.9216292;1;94.8113331033333; ;2.47832372881356
P20;8;1.473;2.9589876;0;94.8113331033333; ;2.47832372881356
P20;8;1.632;2.958984;0;94.8113331033333; ;2.47832372881356
P20;8;3.568;3.559572;0;94.8113331033333; ;2.47832372881356
P20;8;.583;1.0253916;0;94.8113331033333; ;2.47832372881356
P20;8;1.85;3.4423812;0;94.8113331033333; ;2.47832372881356
P20;8;2.676;4.7167956;0;94.8113331033333; ;2.47832372881356
P20;8;1.406;2.7832032;0;94.8113331033333; ;2.47832372881356
P20;8;1.816;1.7578116;0;94.8113331033333; ;2.47832372881356
P20;8;.7;.36621;0;94.8113331033333; ;2.47832372881356
P20;8;.394;.4248072;0;94.8113331033333; ;2.47832372881356
P21;1;.833;2.9736324;1;83.51299986; ;1.82527922077922
P21;1;1.481;2.4902352;0;83.51299986; ;1.82527922077922
P21;1;2.948;5.5664064;0;83.51299986; ;1.82527922077922
P21;1;1.386;12.565008;1;83.51299986; ;1.82527922077922
P21;1;1.081;3.4899912;1;83.51299986; ;1.82527922077922
P21;1;1.844;7.9138188;1;83.51299986; ;1.82527922077922
P21;1;2.481;6.40503;0;83.51299986; ;1.82527922077922
P21;1;3.03;6.697998;0;83.51299986; ;1.82527922077922
P21;1;1.133;1.1425788;1;83.51299986; ;1.82527922077922
P21;1;2.578;8.7634296;1;83.51299986; ;1.82527922077922
P21;1;1.116;2.8417968;1;83.51299986; ;1.82527922077922
P21;1;1.966;6.5222136;0;83.51299986; ;1.82527922077922
P21;1;3.633;2.4169932;0;83.51299986; ;1.82527922077922
P21;1;2.883;2.4645996;0;83.51299986; ;1.82527922077922
P21;1;4.805;4.8376476;1;83.51299986; ;1.82527922077922
P21;1;2.845;4.4567856;0;83.51299986; ;1.82527922077922
P21;1;2.467;2.1679668;0;83.51299986; ;1.82527922077922
P21;1;1.331;2.2888188;0;83.51299986; ;1.82527922077922
P21;1;3.498;4.0466304;0;83.51299986; ;1.82527922077922
P21;1;4.595;.8386236;0;83.51299986; ;1.82527922077922
P21;1;3.02;1.2744144;0;83.51299986; ;1.82527922077922
P21;1;.883;.36621;1;83.51299986; ;1.82527922077922
P21;1;.203;.4834008;0;83.51299986; ;1.82527922077922
P21;1;2.598;1.1425788;0;83.51299986; ;1.82527922077922
P21;1;1.734;.4834008;0;83.51299986; ;1.82527922077922
P21;1;.966;1.4501988;0;83.51299986; ;1.82527922077922
P21;1;.813;.1171872;0;83.51299986; ;1.82527922077922
P21;1;2.117;3.079836;0;83.51299986; ;1.82527922077922
P21;1;2.416;2.6074224;0;83.51299986; ;1.82527922077922
P21;1;3.103;4.0905756;0;83.51299986; ;1.82527922077922
P21;1;3.087;3.5485848;0;83.51299986; ;1.82527922077922
P21;1;.383;2.406006;0;83.51299986; ;1.82527922077922
P21;1;.828;.7177752;0;83.51299986; ;1.82527922077922
P21;1;1.631;3.3142068;0;83.51299986; ;1.82527922077922
P21;1;2.397;8.8806168;0;83.51299986; ;1.82527922077922
P21;1;1.085;7.6062024;0;83.51299986; ;1.82527922077922
P21;1;1.982;5.0134284;0;83.51299986; ;1.82527922077922
P21;1;.464;6.6219336;0;83.51299986; ;1.82527922077922
P21;1;2.667;4.7753928;0;83.51299986; ;1.82527922077922
P21;1;2.128;3.5156232;0;83.51299986; ;1.82527922077922
P21;1;1.788;.2343744;0;83.51299986; ;1.82527922077922
P21;1;2.833;4.4128404;0;83.51299986; ;1.82527922077922
P21;1;2.333;1.9335924;0;83.51299986; ;1.82527922077922
P21;1;2.084;.36621;0;83.51299986; ;1.82527922077922
P21;1;2.785;1.9921896;0;83.51299986; ;1.82527922077922
P21;1;2.895;.0585935999999999;0;83.51299986; ;1.82527922077922
P21;1;1.114;.1757808;0;83.51299986; ;1.82527922077922
P21;1;2.983;1.0839816;0;83.51299986; ;1.82527922077922
P21;1;1.833;3.9056904;0;83.51299986; ;1.82527922077922
P21;1;2.826;6.856308;0;83.51299986; ;1.82527922077922
P21;1;1.716;1.7431632;0;83.51299986; ;1.82527922077922
P21;1;1.551;3.313476;0;83.51299986; ;1.82527922077922
P21;1;1.821;5.1306156;0;83.51299986; ;1.82527922077922
P21;1;.405;.1904292;0;83.51299986; ;1.82527922077922
P21;2;.282;.234374400000001;0;83.51299986; ;1.82527922077922
P21;2;1.191;4.1748012;0;83.51299986; ;1.82527922077922
P21;2;2.467;3.9843756;1;83.51299986; ;1.82527922077922
P21;2;2.9;8.5144032;1;83.51299986; ;1.82527922077922
P21;2;1.833;4.8376476;0;83.51299986; ;1.82527922077922
P21;2;1.731;1.933596;0;83.51299986; ;1.82527922077922
P21;2;1.108;1.0253916;0;83.51299986; ;1.82527922077922
P21;2;1.534;4.89258;0;83.51299986; ;1.82527922077922
P21;2;.3;1.699218;0;83.51299986; ;1.82527922077922
P21;2;2.133;.966794399999999;1;83.51299986; ;1.82527922077922
P21;2;1.673;9.1296396;1;83.51299986; ;1.82527922077922
P21;2;2.318;3.1494168;0;83.51299986; ;1.82527922077922
P21;2;2.294;1.259766;0;83.51299986; ;1.82527922077922
P21;2;1.956;.0585935999999999;0;83.51299986; ;1.82527922077922
P21;2;1.031;.6005844;0;83.51299986; ;1.82527922077922
P21;2;1.594;2.006838;0;83.51299986; ;1.82527922077922
P21;2;1.065;3.3874488;1;83.51299986; ;1.82527922077922
P21;2;2.256;5.5554228;0;83.51299986; ;1.82527922077922
P21;2;1.168;.292968;0;83.51299986; ;1.82527922077922
P21;2;6.692;3.797604;0;83.51299986; ;1.82527922077922
P21;2;2.508;.8972136;0;83.51299986; ;1.82527922077922
P21;2;2.766;2.7832032;0;83.51299986; ;1.82527922077922
P21;2;3.906;3.0212388;0;83.51299986; ;1.82527922077922
P21;2;.452;3.5742204;1;83.51299986; ;1.82527922077922
P21;2;3.609;2.4755868;1;83.51299986; ;1.82527922077922
P21;2;1.298;4.0466304;1;83.51299986; ;1.82527922077922
P21;2;3.062;4.5886248;0;83.51299986; ;1.82527922077922
P21;2;3.2;4.6472184;0;83.51299986; ;1.82527922077922
P21;2;3.015;2.2412124;0;83.51299986; ;1.82527922077922
P21;2;2.948;3.739014;0;83.51299986; ;1.82527922077922
P21;2;2.889;6.09741;1;83.51299986; ;1.82527922077922
P21;2;1.517;.0585936;0;83.51299986; ;1.82527922077922
P21;2;1.366;.600588;0;83.51299986; ;1.82527922077922
P21;2;2.041;3.372804;0;83.51299986; ;1.82527922077922
P21;2;2.31;.8496108;0;83.51299986; ;1.82527922077922
P21;2;2.209;.6591816;0;83.51299986; ;1.82527922077922
P21;2;.959;0;0;83.51299986; ;1.82527922077922
P21;2;3.655;.3515616;0;83.51299986; ;1.82527922077922
P21;2;2.518;2.1240252;0;83.51299986; ;1.82527922077922
P21;2;1.029;.600588;0;83.51299986; ;1.82527922077922
P21;2;1.383;.1904292;0;83.51299986; ;1.82527922077922
P21;2;3.067;.292968;0;83.51299986; ;1.82527922077922
P21;2;2.631;.3515616;0;83.51299986; ;1.82527922077922
P21;2;4.819;2.4902316;1;83.51299986; ;1.82527922077922
P21;2;1.916;.1171872;0;83.51299986; ;1.82527922077922
P21;2;1.854;.6005844;0;83.51299986; ;1.82527922077922
P21;6;.95;1.7468244;0;83.51299986; ;1.82527922077922
P21;6;1.183;2.358396;0;83.51299986; ;1.82527922077922
P21;6;2.466;2.3583996;0;83.51299986; ;1.82527922077922
P21;6;2.033;3.8562012;0;83.51299986; ;1.82527922077922
P21;6;1.572;1.259766;0;83.51299986; ;1.82527922077922
P21;6;3.296;5.9655744;0;83.51299986; ;1.82527922077922
P21;6;1.166;6.024168;0;83.51299986; ;1.82527922077922
P21;6;3.623;1.933596;0;83.51299986; ;1.82527922077922
P21;6;.46;1.333008;0;83.51299986; ;1.82527922077922
P21;6;1.144;3.4423848;0;83.51299986; ;1.82527922077922
P21;6;3.194;4.2333984;0;83.51299986; ;1.82527922077922
P21;6;2.173;1.1572236;0;83.51299986; ;1.82527922077922
P21;6;2.366;2.9003904;0;83.51299986; ;1.82527922077922
P21;6;2.939;.5419908;0;83.51299986; ;1.82527922077922
P21;6;1.6;4.4567856;1;83.51299986; ;1.82527922077922
P21;6;1.584;3.0908196;0;83.51299986; ;1.82527922077922
P21;6;3.51;2.2265604;0;83.51299986; ;1.82527922077922
P21;6;1.862;1.4501952;0;83.51299986; ;1.82527922077922
P21;6;1.356;4.9548348;0;83.51299986; ;1.82527922077922
P21;6;3.796;5.4968256;0;83.51299986; ;1.82527922077922
P21;6;3.287;9.5397984;0;83.51299986; ;1.82527922077922
P21;6;.572;.615232800000001;1;83.51299986; ;1.82527922077922
P21;6;2.45;6.8298372;0;83.51299986; ;1.82527922077922
P21;6;1.296;8.8688988;1;83.51299986; ;1.82527922077922
P21;6;.424;2.7832032;0;83.51299986; ;1.82527922077922
P21;6;3.75;2.4169932;0;83.51299986; ;1.82527922077922
P21;6;.544;.893556;1;83.51299986; ;1.82527922077922
P21;6;2.316;2.8417968;0;83.51299986; ;1.82527922077922
P21;6;3.306;11.590578;0;83.51299986; ;1.82527922077922
P21;6;3.078;10.4479956;1;83.51299986; ;1.82527922077922
P21;6;.7;14.8208688;1;83.51299986; ;1.82527922077922
P21;6;1.488;4.0576176;1;83.51299986; ;1.82527922077922
P21;6;.877;1.9921896;0;83.51299986; ;1.82527922077922
P21;6;2.55;7.4157732;0;83.51299986; ;1.82527922077922
P21;6;1.834;7.8991704;0;83.51299986; ;1.82527922077922
P21;6;1.854;5.1892092;0;83.51299986; ;1.82527922077922
P21;6;3.827;5.2001964;1;83.51299986; ;1.82527922077922
P21;6;.606;2.6074224;1;83.51299986; ;1.82527922077922
P21;6;1.873;9.5544432;0;83.51299986; ;1.82527922077922
P21;6;2.117;4.7753928;0;83.51299986; ;1.82527922077922
P21;6;1.557;2.2302252;0;83.51299986; ;1.82527922077922
P21;6;.456;1.1425788;0;83.51299986; ;1.82527922077922
P21;7;1.12;2.3583996;0;83.51299986; ;1.82527922077922
P21;7;2.8;2.1240252;0;83.51299986; ;1.82527922077922
P21;7;1.05;3.3142068;0;83.51299986; ;1.82527922077922
P21;7;3.403;3.7068948;1;83.51299986; ;1.82527922077922
P21;7;1.15;15.1849872;1;83.51299986; ;1.82527922077922
P21;7;.353;.5419908;0;83.51299986; ;1.82527922077922
P21;7;2.72;10.037844;0;83.51299986; ;1.82527922077922
P21;7;3.32;9.855054;0;83.51299986; ;1.82527922077922
P21;7;3.853;7.4304216;1;83.51299986; ;1.82527922077922
P21;7;1.72;11.1804192;1;83.51299986; ;1.82527922077922
P21;7;1.516;2.7099612;0;83.51299986; ;1.82527922077922
P21;7;2.487;4.306644;1;83.51299986; ;1.82527922077922
P21;7;1.486;11.7112176;1;83.51299986; ;1.82527922077922
P21;7;.816;2.1093768;0;83.51299986; ;1.82527922077922
P21;7;3.213;11.66382;0;83.51299986; ;1.82527922077922
P21;7;1.018;5.25879;1;83.51299986; ;1.82527922077922
P21;7;.632;7.064208;1;83.51299986; ;1.82527922077922
P21;7;3.619;5.3796384;0;83.51299986; ;1.82527922077922
P21;7;1.45;.1171872;0;83.51299986; ;1.82527922077922
P21;7;.387;.0732419999999997;1;83.51299986; ;1.82527922077922
P21;7;2.717;2.098386;0;83.51299986; ;1.82527922077922
P21;7;2.466;10.5212412;0;83.51299986; ;1.82527922077922
P21;7;1.866;8.2800324;0;83.51299986; ;1.82527922077922
P21;7;5.004;2.358396;1;83.51299986; ;1.82527922077922
P21;7;2.146;.2490264;0;83.51299986; ;1.82527922077922
P21;7;1.667;3.2666004;0;83.51299986; ;1.82527922077922
P21;7;3.62;5.4235872;0;83.51299986; ;1.82527922077922
P21;7;3.547;7.4304216;0;83.51299986; ;1.82527922077922
P21;7;4.386;1.4392116;0;83.51299986; ;1.82527922077922
P21;7;2.819;10.1550312;0;83.51299986; ;1.82527922077922
P21;7;1.366;4.7636748;0;83.51299986; ;1.82527922077922
P21;7;1.884;12.6306144;1;83.51299986; ;1.82527922077922
P21;7;.787;8.8659684;0;83.51299986; ;1.82527922077922
P21;7;3.914;4.5153828;0;83.51299986; ;1.82527922077922
P21;7;2.369;1.933596;0;83.51299986; ;1.82527922077922
P21;7;2.117;7.2399924;1;83.51299986; ;1.82527922077922
P21;7;2.52;14.9291676;1;83.51299986; ;1.82527922077922
P21;7;2.149;5.1892092;0;83.51299986; ;1.82527922077922
P21;7;3.953;3.3288588;1;83.51299986; ;1.82527922077922
P21;7;.753;7.0056144;1;83.51299986; ;1.82527922077922
P21;7;.713;2.7832032;0;83.51299986; ;1.82527922077922
P21;8;.233;1.0839852;0;83.51299986; ;1.82527922077922
P21;8;1.583;10.4279076;0;83.51299986; ;1.82527922077922
P21;8;2.6;8.2800288;1;83.51299986; ;1.82527922077922
P21;8;3.968;14.4687852;1;83.51299986; ;1.82527922077922
P21;8;.582;1.0839852;0;83.51299986; ;1.82527922077922
P21;8;2.05;12.0810888;0;83.51299986; ;1.82527922077922
P21;8;1.3;11.2976064;1;83.51299986; ;1.82527922077922
P21;8;2.7;10.330812;1;83.51299986; ;1.82527922077922
P21;8;4.75;9.8474112;0;83.51299986; ;1.82527922077922
P21;8;1.799;4.2333984;1;83.51299986; ;1.82527922077922
P21;8;.599;9.9441936;1;83.51299986; ;1.82527922077922
P21;8;.449;1.0253916;0;83.51299986; ;1.82527922077922
P21;8;3.149;11.1804192;0;83.51299986; ;1.82527922077922
P21;8;.965;8.00307;1;83.51299986; ;1.82527922077922
P21;8;.517;1.5087888;0;83.51299986; ;1.82527922077922
P21;8;2.816;2.5231932;0;83.51299986; ;1.82527922077922
P21;8;2.915;12.6481932;1;83.51299986; ;1.82527922077922
P21;8;3.05;7.4890152;0;83.51299986; ;1.82527922077922
P21;8;1;1.2158208;0;83.51299986; ;1.82527922077922
P21;8;2.5;8.1481932;1;83.51299986; ;1.82527922077922
P21;8;3.033;4.0576176;0;83.51299986; ;1.82527922077922
P21;8;5.7;14.9459076;1;83.51299986; ;1.82527922077922
P21;8;1.335;1.2011724;0;83.51299986; ;1.82527922077922
P21;8;2.383;8.2214352;0;83.51299986; ;1.82527922077922
P21;8;3.6;8.5144032;0;83.51299986; ;1.82527922077922
P21;8;3.416;17.6119236;1;83.51299986; ;1.82527922077922
P21;8;2.249;14.2977096;1;83.51299986; ;1.82527922077922
P21;8;.4;.4248072;0;83.51299986; ;1.82527922077922
P21;8;1.717;5.9802264;0;83.51299986; ;1.82527922077922
P21;8;3.065;7.0642116;0;83.51299986; ;1.82527922077922
P21;8;3.9;7.8552252;1;83.51299986; ;1.82527922077922
P21;8;1.016;1.333008;1;83.51299986; ;1.82527922077922
P21;8;1.233;4.1015628;0;83.51299986; ;1.82527922077922
P21;8;2.684;4.6325664;1;83.51299986; ;1.82527922077922
P21;8;4.333;14.2699824;1;83.51299986; ;1.82527922077922
P21;8;1.648;14.3453232;1;83.51299986; ;1.82527922077922
P21;8;.532;.3076164;0;83.51299986; ;1.82527922077922
P21;8;1.416;1.2158208;0;83.51299986; ;1.82527922077922
P21;8;1.816;3.4423812;0;83.51299986; ;1.82527922077922
P21;8;2.718;6.7712436;0;83.51299986; ;1.82527922077922
P21;8;2.45;8.763426;0;83.51299986; ;1.82527922077922
P21;8;3.55;9.1882332;1;83.51299986; ;1.82527922077922
P21;8;.401;4.2689736;1;83.51299986; ;1.82527922077922
P21;8;1.333;6.2731944;0;83.51299986; ;1.82527922077922
P21;8;.7;1.6330896;0;83.51299986; ;1.82527922077922
P21;8;1.766;2.479248;0;83.51299986; ;1.82527922077922
P21;8;2.316;10.4619168;1;83.51299986; ;1.82527922077922
P21;8;2.05;6.3331488;1;83.51299986; ;1.82527922077922
P21;8;3.4;3.3251976;0;83.51299986; ;1.82527922077922
P21;8;1.066;3.3323112;0;83.51299986; ;1.82527922077922
P21;8;3.033;8.997804;0;83.51299986; ;1.82527922077922
P21;8;.6;9.4469868;0;83.51299986; ;1.82527922077922
P21;8;2.016;10.330812;0;83.51299986; ;1.82527922077922
P21;8;.516;10.7556156;0;83.51299986; ;1.82527922077922
P21;8;3.4;18.3150468;1;83.51299986; ;1.82527922077922
P21;8;1.784;11.5035264;1;83.51299986; ;1.82527922077922
P21;8;3.12;9.0563976;1;83.51299986; ;1.82527922077922
P21;8;1.547;7.4304216;1;83.51299986; ;1.82527922077922
P21;8;1.531;16.6728528;1;83.51299986; ;1.82527922077922
P21;8;.62;8.304408;0;83.51299986; ;1.82527922077922
P21;8;1.187;7.1367192;0;83.51299986; ;1.82527922077922
P21;8;1.048;.2490228;0;83.51299986; ;1.82527922077922
P22;1;.616;2.772216;0;91.6983334066667; ;1.53745581395349
P22;1;1.46;4.1748012;0;91.6983334066667; ;1.53745581395349
P22;1;2.379;4.7753928;0;91.6983334066667; ;1.53745581395349
P22;1;3.167;9.364014;0;91.6983334066667; ;1.53745581395349
P22;1;2.532;2.8417968;0;91.6983334066667; ;1.53745581395349
P22;1;2.565;2.666016;0;91.6983334066667; ;1.53745581395349
P22;1;4.781;10.4927796;0;91.6983334066667; ;1.53745581395349
P22;1;3.85;4.8229956;0;91.6983334066667; ;1.53745581395349
P22;1;2.685;3.632814;0;91.6983334066667; ;1.53745581395349
P22;1;2.285;3.8818368;0;91.6983334066667; ;1.53745581395349
P22;1;2.881;4.5300276;0;91.6983334066667; ;1.53745581395349
P22;1;4.261;.9667944;0;91.6983334066667; ;1.53745581395349
P22;1;3.332;4.5300276;0;91.6983334066667; ;1.53745581395349
P22;1;4.711;2.5488288;0;91.6983334066667; ;1.53745581395349
P22;1;.766;.1904292;0;91.6983334066667; ;1.53745581395349
P22;1;4.381;4.3542468;0;91.6983334066667; ;1.53745581395349
P22;1;2.696;.1904292;0;91.6983334066667; ;1.53745581395349
P22;1;4.417;.30762;0;91.6983334066667; ;1.53745581395349
P22;1;.252;0;1;91.6983334066667; ;1.53745581395349
P22;1;1.018;3.3251976;0;91.6983334066667; ;1.53745581395349
P22;1;.302;0;0;91.6983334066667; ;1.53745581395349
P22;1;3.536;1.3916016;0;91.6983334066667; ;1.53745581395349
P22;1;1.766;1.4978016;0;91.6983334066667; ;1.53745581395349
P22;1;2.863;2.8308096;0;91.6983334066667; ;1.53745581395349
P22;1;3.635;4.2810048;1;91.6983334066667; ;1.53745581395349
P22;1;.816;7.9724088;1;91.6983334066667; ;1.53745581395349
P22;1;5.15;8.7634296;0;91.6983334066667; ;1.53745581395349
P22;1;3.052;1.2158172;0;91.6983334066667; ;1.53745581395349
P22;1;3.713;5.0683572;0;91.6983334066667; ;1.53745581395349
P22;1;3.613;5.4968292;0;91.6983334066667; ;1.53745581395349
P22;1;2.683;6.2146008;0;91.6983334066667; ;1.53745581395349
P22;1;2.78;3.032226;0;91.6983334066667; ;1.53745581395349
P22;1;3.796;1.933596;0;91.6983334066667; ;1.53745581395349
P22;1;2.186;2.0654316;0;91.6983334066667; ;1.53745581395349
P22;1;5.511;5.5078128;0;91.6983334066667; ;1.53745581395349
P22;1;1.029;3.4899876;0;91.6983334066667; ;1.53745581395349
P22;1;5.339;4.8339828;0;91.6983334066667; ;1.53745581395349
P22;1;1.285;.0585936000000002;0;91.6983334066667; ;1.53745581395349
P22;1;2.716;0;0;91.6983334066667; ;1.53745581395349
P22;1;2.952;1.2744108;0;91.6983334066667; ;1.53745581395349
P22;1;3.152;.1171872;0;91.6983334066667; ;1.53745581395349
P22;1;4.252;1.2158208;0;91.6983334066667; ;1.53745581395349
P22;1;4.195;.1757808;0;91.6983334066667; ;1.53745581395349
P22;1;1.109;1.09863;0;91.6983334066667; ;1.53745581395349
P22;1;1.559;7.8552252;0;91.6983334066667; ;1.53745581395349
P22;2;3.6;5.3173836;1;91.6983334066667; ;1.53745581395349
P22;2;1.308;1.09863;0;91.6983334066667; ;1.53745581395349
P22;2;2.933;4.0429692;0;91.6983334066667; ;1.53745581395349
P22;2;3.121;31.4845128;0;91.6983334066667; ;1.53745581395349
P22;2;.917;7.5476088;0;91.6983334066667; ;1.53745581395349
P22;2;3.13;8.9392104;0;91.6983334066667; ;1.53745581395349
P22;2;1.609;5.2478028;0;91.6983334066667; ;1.53745581395349
P22;2;1.258;3.2666004;0;91.6983334066667; ;1.53745581395349
P22;2;.195;0;0;91.6983334066667; ;1.53745581395349
P22;2;1.537;2.7099612;0;91.6983334066667; ;1.53745581395349
P22;2;2.1;4.3981956;0;91.6983334066667; ;1.53745581395349
P22;2;.509;.8496108;0;91.6983334066667; ;1.53745581395349
P22;2;2.209;1.2744144;0;91.6983334066667; ;1.53745581395349
P22;2;.383;0;0;91.6983334066667; ;1.53745581395349
P22;2;2.204;2.7832032;0;91.6983334066667; ;1.53745581395349
P22;2;1.659;.9667944;0;91.6983334066667; ;1.53745581395349
P22;2;1.941;1.333008;0;91.6983334066667; ;1.53745581395349
P22;2;1.3;5.1306156;0;91.6983334066667; ;1.53745581395349
P22;2;.933;.6005844;0;91.6983334066667; ;1.53745581395349
P22;2;2.592;1.2744144;0;91.6983334066667; ;1.53745581395349
P22;2;1.592;1.333008;0;91.6983334066667; ;1.53745581395349
P22;2;.219;.4138164;0;91.6983334066667; ;1.53745581395349
P22;2;.661;2.0068344;0;91.6983334066667; ;1.53745581395349
P22;2;1.574;2.2412088;0;91.6983334066667; ;1.53745581395349
P22;2;1.095;.7177716;0;91.6983334066667; ;1.53745581395349
P22;2;1.05;.2343744;0;91.6983334066667; ;1.53745581395349
P22;2;.846;0;0;91.6983334066667; ;1.53745581395349
P22;2;3;1.5087888;0;91.6983334066667; ;1.53745581395349
P22;2;3.925;3.4460424;0;91.6983334066667; ;1.53745581395349
P22;2;4.73;1.259766;0;91.6983334066667; ;1.53745581395349
P22;2;1.474;1.5710472;0;91.6983334066667; ;1.53745581395349
P22;2;.941;1.6882344;0;91.6983334066667; ;1.53745581395349
P22;2;3.061;2.5231932;0;91.6983334066667; ;1.53745581395349
P22;2;1.883;4.95117;0;91.6983334066667; ;1.53745581395349
P22;2;.633;.600588;1;91.6983334066667; ;1.53745581395349
P22;2;1.587;5.8483908;0;91.6983334066667; ;1.53745581395349
P22;2;.5;2.666016;0;91.6983334066667; ;1.53745581395349
P22;2;.75;1.4501952;0;91.6983334066667; ;1.53745581395349
P22;2;8.163;14.7533832;1;91.6983334066667; ;1.53745581395349
P22;2;.762;0;0;91.6983334066667; ;1.53745581395349
P22;2;1.333;0;0;91.6983334066667; ;1.53745581395349
P22;2;4.233;7.4890152;0;91.6983334066667; ;1.53745581395349
P22;2;1.008;7.7380344;0;91.6983334066667; ;1.53745581395349
P22;2;1.783;.2343744;0;91.6983334066667; ;1.53745581395349
P22;2;3.525;2.2412124;0;91.6983334066667; ;1.53745581395349
P22;2;.35;.1757808;0;91.6983334066667; ;1.53745581395349
P22;2;3.195;2.9736324;0;91.6983334066667; ;1.53745581395349
P22;2;3.028;0;0;91.6983334066667; ;1.53745581395349
P22;2;1.187;3.870846;0;91.6983334066667; ;1.53745581395349
P22;2;.113;0;0;91.6983334066667; ;1.53745581395349
P22;2;5.35;4.291992;0;91.6983334066667; ;1.53745581395349
P22;2;2.7;3.6328104;0;91.6983334066667; ;1.53745581395349
P22;2;1.172;1.5087888;0;91.6983334066667; ;1.53745581395349
P22;2;1.433;.8349624;0;91.6983334066667; ;1.53745581395349
P22;2;1.209;.36621;0;91.6983334066667; ;1.53745581395349
P22;2;3.164;0;1;91.6983334066667; ;1.53745581395349
P22;6;.894;1.6406244;0;91.6983334066667; ;1.53745581395349
P22;6;1.259;3.0761712;0;91.6983334066667; ;1.53745581395349
P22;6;1.2;5.438232;0;91.6983334066667; ;1.53745581395349
P22;6;1.553;3.4423848;0;91.6983334066667; ;1.53745581395349
P22;6;1.133;2.8417968;0;91.6983334066667; ;1.53745581395349
P22;6;.647;3.0175776;0;91.6983334066667; ;1.53745581395349
P22;6;1.983;4.0576176;0;91.6983334066667; ;1.53745581395349
P22;6;1.619;3.618162;0;91.6983334066667; ;1.53745581395349
P22;6;.544;.600588;0;91.6983334066667; ;1.53745581395349
P22;6;2.197;1.6259796;0;91.6983334066667; ;1.53745581395349
P22;6;1.753;2.4755868;0;91.6983334066667; ;1.53745581395349
P22;6;.85;2.8308096;0;91.6983334066667; ;1.53745581395349
P22;6;.475;2.4755868;0;91.6983334066667; ;1.53745581395349
P22;6;1.961;2.0507832;0;91.6983334066667; ;1.53745581395349
P22;6;1.519;1.8164052;0;91.6983334066667; ;1.53745581395349
P22;6;1.83;1.4501952;0;91.6983334066667; ;1.53745581395349
P22;6;3.894;1.567386;0;91.6983334066667; ;1.53745581395349
P22;6;1.209;1.8750024;0;91.6983334066667; ;1.53745581395349
P22;6;2.423;1.025388;0;91.6983334066667; ;1.53745581395349
P22;6;2.811;5.2478028;0;91.6983334066667; ;1.53745581395349
P22;6;1.3;12.424806;0;91.6983334066667; ;1.53745581395349
P22;6;1.211;.4833972;0;91.6983334066667; ;1.53745581395349
P22;6;2.211;3.665772;0;91.6983334066667; ;1.53745581395349
P22;6;1.833;4.412844;0;91.6983334066667; ;1.53745581395349
P22;6;1.411;4.0429656;0;91.6983334066667; ;1.53745581395349
P22;6;1.267;2.0397924;0;91.6983334066667; ;1.53745581395349
P22;6;2.809;3.2556168;1;91.6983334066667; ;1.53745581395349
P22;6;.883;22.4003916;1;91.6983334066667; ;1.53745581395349
P22;6;1.3;2.2888188;0;91.6983334066667; ;1.53745581395349
P22;6;1.617;5.3063964;0;91.6983334066667; ;1.53745581395349
P22;6;1.867;4.1748048;0;91.6983334066667; ;1.53745581395349
P22;6;2.526;5.3210448;0;91.6983334066667; ;1.53745581395349
P22;6;.903;1.2011724;0;91.6983334066667; ;1.53745581395349
P22;6;2.366;4.764402;0;91.6983334066667; ;1.53745581395349
P22;6;2.986;8.3239776;0;91.6983334066667; ;1.53745581395349
P22;6;.269;2.8308096;0;91.6983334066667; ;1.53745581395349
P22;6;.689;.4833972;0;91.6983334066667; ;1.53745581395349
P22;6;2.742;1.3916016;0;91.6983334066667; ;1.53745581395349
P22;6;2.775;4.2810048;0;91.6983334066667; ;1.53745581395349
P22;6;2.25;3.973392;0;91.6983334066667; ;1.53745581395349
P22;6;3.38;2.900394;0;91.6983334066667; ;1.53745581395349
P22;6;3.567;5.0134248;0;91.6983334066667; ;1.53745581395349
P22;6;.439;1.699218;0;91.6983334066667; ;1.53745581395349
P22;6;2.306;2.7136224;0;91.6983334066667; ;1.53745581395349
P22;6;2.467;5.36499;0;91.6983334066667; ;1.53745581395349
P22;6;1.577;.0585972;0;91.6983334066667; ;1.53745581395349
P22;6;2.672;3.925782;0;91.6983334066667; ;1.53745581395349
P22;6;1.733;2.4169896;0;91.6983334066667; ;1.53745581395349
P22;6;.734;2.4169896;0;91.6983334066667; ;1.53745581395349
P22;6;.844;1.3916016;0;91.6983334066667; ;1.53745581395349
P22;6;.642;1.333008;0;91.6983334066667; ;1.53745581395349
P22;7;.396;.1904292;0;91.6983334066667; ;1.53745581395349
P22;7;.997;.6591816;0;91.6983334066667; ;1.53745581395349
P22;7;.992;3.0761712;0;91.6983334066667; ;1.53745581395349
P22;7;2.092;1.4501952;0;91.6983334066667; ;1.53745581395349
P22;7;.663;5.1306156;0;91.6983334066667; ;1.53745581395349
P22;7;.337;4.0905756;0;91.6983334066667; ;1.53745581395349
P22;7;2.829;2.6513676;0;91.6983334066667; ;1.53745581395349
P22;7;2.417;4.4091828;0;91.6983334066667; ;1.53745581395349
P22;7;1.504;1.4501952;0;91.6983334066667; ;1.53745581395349
P22;7;1.258;1.7578116;0;91.6983334066667; ;1.53745581395349
P22;7;1.987;2.1826188;0;91.6983334066667; ;1.53745581395349
P22;7;2.313;5.965578;0;91.6983334066667; ;1.53745581395349
P22;7;1.316;12.1548564;0;91.6983334066667; ;1.53745581395349
P22;7;2.008;3.3142104;0;91.6983334066667; ;1.53745581395349
P22;7;1.303;3.065184;0;91.6983334066667; ;1.53745581395349
P22;7;2.083;1.0253916;0;91.6983334066667; ;1.53745581395349
P22;7;3.158;4.9401828;0;91.6983334066667; ;1.53745581395349
P22;7;.837;6.1083972;0;91.6983334066667; ;1.53745581395349
P22;7;.958;2.113038;0;91.6983334066667; ;1.53745581395349
P22;7;1.562;3.4899912;0;91.6983334066667; ;1.53745581395349
P22;7;2.313;4.5739764;0;91.6983334066667; ;1.53745581395349
P22;7;2.08;1.4978016;0;91.6983334066667; ;1.53745581395349
P22;7;1.587;8.4859452;1;91.6983334066667; ;1.53745581395349
P22;7;.579;2.666016;0;91.6983334066667; ;1.53745581395349
P22;7;3.367;5.9802228;0;91.6983334066667; ;1.53745581395349
P22;7;2.358;7.430418;0;91.6983334066667; ;1.53745581395349
P22;7;1.75;2.900394;0;91.6983334066667; ;1.53745581395349
P22;7;.75;.9558072;0;91.6983334066667; ;1.53745581395349
P22;7;3.353;2.0544444;0;91.6983334066667; ;1.53745581395349
P22;7;2.084;8.397216;0;91.6983334066667; ;1.53745581395349
P22;7;2.97;5.072022;0;91.6983334066667; ;1.53745581395349
P22;7;2.104;6.6394044;0;91.6983334066667; ;1.53745581395349
P22;7;3;6.0974136;0;91.6983334066667; ;1.53745581395349
P22;7;2.421;7.738038;0;91.6983334066667; ;1.53745581395349
P22;7;.724;3.0761748;0;91.6983334066667; ;1.53745581395349
P22;7;1.52;1.5087924;0;91.6983334066667; ;1.53745581395349
P22;7;1.687;7.0642116;0;91.6983334066667; ;1.53745581395349
P22;7;2.933;5.4968256;1;91.6983334066667; ;1.53745581395349
P22;7;1.85;22.6991124;1;91.6983334066667; ;1.53745581395349
P22;7;.237;2.8417968;0;91.6983334066667; ;1.53745581395349
P22;7;2.308;4.8962412;0;91.6983334066667; ;1.53745581395349
P22;7;2.42;2.3474124;0;91.6983334066667; ;1.53745581395349
P22;7;2.342;2.299806;0;91.6983334066667; ;1.53745581395349
P22;7;.6;5.7897936;0;91.6983334066667; ;1.53745581395349
P22;7;1.45;1.2744144;0;91.6983334066667; ;1.53745581395349
P22;7;1.874;3.9147948;0;91.6983334066667; ;1.53745581395349
P22;7;1.791;2.4755868;0;91.6983334066667; ;1.53745581395349
P22;7;1.446;3.0175812;0;91.6983334066667; ;1.53745581395349
P22;7;2.538;1.3916016;0;91.6983334066667; ;1.53745581395349
P22;7;1.783;4.8962412;0;91.6983334066667; ;1.53745581395349
P22;7;2.483;6.1083972;0;91.6983334066667; ;1.53745581395349
P22;7;3.112;6.2145972;0;91.6983334066667; ;1.53745581395349
P22;7;.704;1.8164088;0;91.6983334066667; ;1.53745581395349
P22;7;3.087;4.8962412;0;91.6983334066667; ;1.53745581395349
P22;7;1.246;1.3916016;0;91.6983334066667; ;1.53745581395349
P22;7;1.758;17.1933984;1;91.6983334066667; ;1.53745581395349
P22;7;.429;6.2243316;0;91.6983334066667; ;1.53745581395349
P22;7;.963;2.6074224;0;91.6983334066667; ;1.53745581395349
P22;7;1.296;4.7167956;0;91.6983334066667; ;1.53745581395349
P22;7;1.797;5.8593744;0;91.6983334066667; ;1.53745581395349
P22;7;1.654;16.7685912;0;91.6983334066667; ;1.53745581395349
P22;7;.737;2.6074224;0;91.6983334066667; ;1.53745581395349
P22;7;1.758;4.9072284;0;91.6983334066667; ;1.53745581395349
P22;7;2.5;6.2841816;0;91.6983334066667; ;1.53745581395349
P22;7;1.908;16.335414;0;91.6983334066667; ;1.53745581395349
P22;7;1.926;.5419908;0;91.6983334066667; ;1.53745581395349
P22;7;.733;2.0507832;0;91.6983334066667; ;1.53745581395349
P22;7;.466;3.4423848;0;91.6983334066667; ;1.53745581395349
P22;8;.817;.8496108;0;91.6983334066667; ;1.53745581395349
P22;8;1.114;1.1572272;0;91.6983334066667; ;1.53745581395349
P22;8;2.466;2.5488288;0;91.6983334066667; ;1.53745581395349
P22;8;1.387;8.9392104;0;91.6983334066667; ;1.53745581395349
P22;8;2.4;5.5664064;0;91.6983334066667; ;1.53745581395349
P22;8;.716;3.925782;0;91.6983334066667; ;1.53745581395349
P22;8;.434;1.09863;0;91.6983334066667; ;1.53745581395349
P22;8;2.915;10.2840408;1;91.6983334066667; ;1.53745581395349
P22;8;1.316;4.1638176;0;91.6983334066667; ;1.53745581395349
P22;8;2.166;6.0351552;0;91.6983334066667; ;1.53745581395349
P22;8;.533;2.592774;0;91.6983334066667; ;1.53745581395349
P22;8;1.951;.966798;0;91.6983334066667; ;1.53745581395349
P22;8;1.717;2.5341804;0;91.6983334066667; ;1.53745581395349
P22;8;2.686;3.0175776;0;91.6983334066667; ;1.53745581395349
P22;8;1.95;3.2080104;0;91.6983334066667; ;1.53745581395349
P22;8;.869;7.371828;0;91.6983334066667; ;1.53745581395349
P22;8;1.585;3.3837912;0;91.6983334066667; ;1.53745581395349
P22;8;1.262;4.658202;0;91.6983334066667; ;1.53745581395349
P22;8;2.566;4.9658184;0;91.6983334066667; ;1.53745581395349
P22;8;2.368;8.7634296;0;91.6983334066667; ;1.53745581395349
P22;8;.796;4.031982;0;91.6983334066667; ;1.53745581395349
P22;8;.467;.4248036;0;91.6983334066667; ;1.53745581395349
P22;8;1.713;1.7578116;0;91.6983334066667; ;1.53745581395349
P22;8;2.813;1.4501952;0;91.6983334066667; ;1.53745581395349
P22;8;2.347;1.3220208;0;91.6983334066667; ;1.53745581395349
P22;8;2.47;4.1162112;0;91.6983334066667; ;1.53745581395349
P22;8;.334;.3662136;0;91.6983334066667; ;1.53745581395349
P22;8;.781;3.0212388;0;91.6983334066667; ;1.53745581395349
P22;8;2.053;2.3474124;0;91.6983334066667; ;1.53745581395349
P22;8;1.914;3.138426;0;91.6983334066667; ;1.53745581395349
P22;8;2.38;3.138426;0;91.6983334066667; ;1.53745581395349
P22;8;1.767;6.6394044;0;91.6983334066667; ;1.53745581395349
P22;8;1.829;2.9003904;0;91.6983334066667; ;1.53745581395349
P22;8;.483;3.739014;0;91.6983334066667; ;1.53745581395349
P22;8;2.13;1.1425788;0;91.6983334066667; ;1.53745581395349
P22;8;2.563;7.4890152;0;91.6983334066667; ;1.53745581395349
P22;8;2.696;4.2810084;0;91.6983334066667; ;1.53745581395349
P22;8;1.716;.9082008;0;91.6983334066667; ;1.53745581395349
P22;8;1.816;3.8671884;0;91.6983334066667; ;1.53745581395349
P22;8;2.031;1.9335924;0;91.6983334066667; ;1.53745581395349
P22;8;3.413;3.2080068;0;91.6983334066667; ;1.53745581395349
P22;8;2.246;7.3718244;0;91.6983334066667; ;1.53745581395349
P22;8;2.062;1.9226052;0;91.6983334066667; ;1.53745581395349
P22;8;1.867;5.2478028;1;91.6983334066667; ;1.53745581395349
P22;8;2.581;5.6726064;0;91.6983334066667; ;1.53745581395349
P22;8;2.767;5.0134284;0;91.6983334066667; ;1.53745581395349
P22;8;.932;4.3395984;0;91.6983334066667; ;1.53745581395349
P22;8;1.483;1.9921896;0;91.6983334066667; ;1.53745581395349
P22;8;.469;1.5087924;0;91.6983334066667; ;1.53745581395349
P22;8;1.363;2.9589876;0;91.6983334066667; ;1.53745581395349
P22;8;1.814;3.2666004;0;91.6983334066667; ;1.53745581395349
P22;8;.98;5.7421872;0;91.6983334066667; ;1.53745581395349
P22;8;2.25;4.8376476;0;91.6983334066667; ;1.53745581395349
P22;8;1.751;4.8376476;0;91.6983334066667; ;1.53745581395349
P22;8;.451;4.215402;0;91.6983334066667; ;1.53745581395349
P22;8;1.4;1.7468244;0;91.6983334066667; ;1.53745581395349
P22;8;1.829;3.739014;0;91.6983334066667; ;1.53745581395349
P22;8;1.597;5.7312036;0;91.6983334066667; ;1.53745581395349
P22;8;1.466;2.2412124;0;91.6983334066667; ;1.53745581395349
P22;8;.581;1.6259796;0;91.6983334066667; ;1.53745581395349
P22;8;2.316;18.9475452;0;91.6983334066667; ;1.53745581395349
P22;8;1.147;3.6914076;0;91.6983334066667; ;1.53745581395349
P22;8;2.42;2.6074224;0;91.6983334066667; ;1.53745581395349
P22;8;1.983;4.5996084;0;91.6983334066667; ;1.53745581395349
P22;8;.4;3.321846;0;91.6983334066667; ;1.53745581395349
P22;8;.813;2.299806;0;91.6983334066667; ;1.53745581395349
P22;8;1.417;5.9802264;0;91.6983334066667; ;1.53745581395349
P22;8;1.582;3.6914076;0;91.6983334066667; ;1.53745581395349
P22;8;1.167;2.0068344;0;91.6983334066667; ;1.53745581395349
P22;8;2.35;5.3977392;0;91.6983334066667; ;1.53745581395349
P22;8;2.4;5.8007808;0;91.6983334066667; ;1.53745581395349
P22;8;1.584;2.7246096;0;91.6983334066667; ;1.53745581395349
P22;8;1.881;1.259766;0;91.6983334066667; ;1.53745581395349
P22;8;1.783;8.2214352;0;91.6983334066667; ;1.53745581395349
P23;1;1.66;3.4313976;0;120.449666656667; ;2.2079875
P23;1;1.028;.7763688;0;120.449666656667; ;2.2079875
P23;1;1.634;5.5078128;1;120.449666656667; ;2.2079875
P23;1;1.955;3.9147948;0;120.449666656667; ;2.2079875
P23;1;1.857;1.0986336;0;120.449666656667; ;2.2079875
P23;1;1.883;1.6845696;0;120.449666656667; ;2.2079875
P23;1;1.816;.4248036;0;120.449666656667; ;2.2079875
P23;1;2.345;5.438232;0;120.449666656667; ;2.2079875
P23;1;1.734;2.958984;1;120.449666656667; ;2.2079875
P23;1;1.783;8.2214352;0;120.449666656667; ;2.2079875
P23;1;2.825;8.1481932;0;120.449666656667; ;2.2079875
P23;1;3.083;4.1015628;0;120.449666656667; ;2.2079875
P23;1;1.896;7.4157732;0;120.449666656667; ;2.2079875
P23;1;2.229;3.6914076;0;120.449666656667; ;2.2079875
P23;1;2.251;4.291992;0;120.449666656667; ;2.2079875
P23;1;.767;2.666016;1;120.449666656667; ;2.2079875
P23;1;1.218;1.625976;0;120.449666656667; ;2.2079875
P23;1;.734;0;0;120.449666656667; ;2.2079875
P23;1;.845;.3515616;0;120.449666656667; ;2.2079875
P23;1;.231;0;0;120.449666656667; ;2.2079875
P23;1;1.985;6.4636236;0;120.449666656667; ;2.2079875
P23;1;.952;.966798;0;120.449666656667; ;2.2079875
P23;1;2.366;4.105224;0;120.449666656667; ;2.2079875
P23;1;4.433;7.0642116;0;120.449666656667; ;2.2079875
P23;1;3.48;2.1130344;0;120.449666656667; ;2.2079875
P23;1;3.725;.5419908;0;120.449666656667; ;2.2079875
P23;1;2.085;1.1572272;0;120.449666656667; ;2.2079875
P23;1;1.9;.966798;0;120.449666656667; ;2.2079875
P23;1;1.188;.292968;0;120.449666656667; ;2.2079875
P23;1;1.06;.67383;0;120.449666656667; ;2.2079875
P23;1;1.646;1.6296372;0;120.449666656667; ;2.2079875
P23;1;1.433;2.7832032;0;120.449666656667; ;2.2079875
P23;1;2.202;.9558108;0;120.449666656667; ;2.2079875
P23;1;1.885;.3076164;0;120.449666656667; ;2.2079875
P23;1;2.823;2.2741704;0;120.449666656667; ;2.2079875
P23;1;2.969;1.8749988;0;120.449666656667; ;2.2079875
P23;1;.869;.4248036;0;120.449666656667; ;2.2079875
P23;1;1.216;6.40503;0;120.449666656667; ;2.2079875
P23;1;1.202;1.333008;0;120.449666656667; ;2.2079875
P23;1;3.416;2.4169932;0;120.449666656667; ;2.2079875
P23;1;1.928;1.04004;0;120.449666656667; ;2.2079875
P23;1;1.152;7.9724124;0;120.449666656667; ;2.2079875
P23;1;1.719;.9082044;0;120.449666656667; ;2.2079875
P23;1;1.634;2.171628;0;120.449666656667; ;2.2079875
P23;1;1.316;.8496108;0;120.449666656667; ;2.2079875
P23;1;5.246;2.4169932;0;120.449666656667; ;2.2079875
P23;1;.423;4.291992;0;120.449666656667; ;2.2079875
P23;1;.962;1.333008;0;120.449666656667; ;2.2079875
P23;1;1.079;.2490228;0;120.449666656667; ;2.2079875
P23;1;4.266;.7763652;0;120.449666656667; ;2.2079875
P23;1;.998;.9354096;0;120.449666656667; ;2.2079875
P23;1;.318;.6628428;0;120.449666656667; ;2.2079875
P23;1;2.065;6.19713;0;120.449666656667; ;2.2079875
P23;1;1.148;3.9843756;0;120.449666656667; ;2.2079875
P23;1;.677;1.625976;0;120.449666656667; ;2.2079875
P23;1;2;.600588;0;120.449666656667; ;2.2079875
P23;1;.796;1.0839816;0;120.449666656667; ;2.2079875
P23;1;5.618;2.7246096;0;120.449666656667; ;2.2079875
P23;1;.166;.4248036;0;120.449666656667; ;2.2079875
P23;1;.463;4.3981956;0;120.449666656667; ;2.2079875
P23;1;.981;1.6296408;0;120.449666656667; ;2.2079875
P23;1;.27;.3264516;0;120.449666656667; ;2.2079875
P23;1;.37;.513532799999999;0;120.449666656667; ;2.2079875
P23;2;.847;2.5341804;1;120.449666656667; ;2.2079875
P23;2;.458;.234378;1;120.449666656667; ;2.2079875
P23;2;.972;1.2158208;0;120.449666656667; ;2.2079875
P23;2;2.721;8.9538588;0;120.449666656667; ;2.2079875
P23;2;.814;.8496108;1;120.449666656667; ;2.2079875
P23;2;1.127;1.8164052;0;120.449666656667; ;2.2079875
P23;2;1.266;3.632814;0;120.449666656667; ;2.2079875
P23;2;4.209;6.0974136;0;120.449666656667; ;2.2079875
P23;2;2.088;.36621;0;120.449666656667; ;2.2079875
P23;2;1.697;2.2888152;0;120.449666656667; ;2.2079875
P23;2;3.14;5.8044456;0;120.449666656667; ;2.2079875
P23;2;3.377;4.1638176;0;120.449666656667; ;2.2079875
P23;2;3.361;1.9811988;0;120.449666656667; ;2.2079875
P23;2;4.391;1.7578116;1;120.449666656667; ;2.2079875
P23;2;3.415;6.7565916;1;120.449666656667; ;2.2079875
P23;2;1.355;6.2878428;0;120.449666656667; ;2.2079875
P23;2;1.729;2.1569832;0;120.449666656667; ;2.2079875
P23;2;2.033;1.04004;0;120.449666656667; ;2.2079875
P23;2;2;.3515616;0;120.449666656667; ;2.2079875
P23;2;2.535;1.699218;0;120.449666656667; ;2.2079875
P23;2;2.976;2.5341804;0;120.449666656667; ;2.2079875
P23;2;1.772;1.0253916;0;120.449666656667; ;2.2079875
P23;2;.911;2.8418004;1;120.449666656667; ;2.2079875
P23;2;1.016;1.933596;0;120.449666656667; ;2.2079875
P23;2;.644;.1171872;0;120.449666656667; ;2.2079875
P23;2;2.178;2.640384;0;120.449666656667; ;2.2079875
P23;2;1.625;1.4978052;0;120.449666656667; ;2.2079875
P23;2;1.522;0;0;120.449666656667; ;2.2079875
P23;2;1.564;1.0839852;0;120.449666656667; ;2.2079875
P23;2;1.15;.4833972;0;120.449666656667; ;2.2079875
P23;2;1.565;2.406006;0;120.449666656667; ;2.2079875
P23;2;2.268;.234378;0;120.449666656667; ;2.2079875
P23;2;1.229;0;0;120.449666656667; ;2.2079875
P23;2;1.1;0;0;120.449666656667; ;2.2079875
P23;2;.355;.1757808;0;120.449666656667; ;2.2079875
P23;2;1.677;1.9335924;1;120.449666656667; ;2.2079875
P23;2;1.189;2.8894032;0;120.449666656667; ;2.2079875
P23;2;1.4;.6738264;0;120.449666656667; ;2.2079875
P23;2;2.783;1.7578152;0;120.449666656667; ;2.2079875
P23;2;2.3;1.7578152;0;120.449666656667; ;2.2079875
P23;2;1.599;1.2011724;0;120.449666656667; ;2.2079875
P23;2;1.982;.0585936;0;120.449666656667; ;2.2079875
P23;2;3.46;3.5009784;0;120.449666656667; ;2.2079875
P23;2;1.994;2.5488288;0;120.449666656667; ;2.2079875
P23;2;2.217;.4248036;0;120.449666656667; ;2.2079875
P23;2;2.532;.8496108;0;120.449666656667; ;2.2079875
P23;2;1.69;.6005844;0;120.449666656667; ;2.2079875
P23;2;1.933;1.5087888;0;120.449666656667; ;2.2079875
P23;2;2.433;1.0253916;0;120.449666656667; ;2.2079875
P23;2;.133;0;0;120.449666656667; ;2.2079875
P23;2;3.118;1.4501952;0;120.449666656667; ;2.2079875
P23;2;2.122;.67383;0;120.449666656667; ;2.2079875
P23;2;.484;1.0253916;1;120.449666656667; ;2.2079875
P23;2;3.773;6.0974136;1;120.449666656667; ;2.2079875
P23;2;1.434;1.2744144;0;120.449666656667; ;2.2079875
P23;2;2.07;.5566392;0;120.449666656667; ;2.2079875
P23;2;.922;.6152364;1;120.449666656667; ;2.2079875
P23;2;1.777;1.699218;1;120.449666656667; ;2.2079875
P23;2;1.057;.1904292;0;120.449666656667; ;2.2079875
P23;2;2.01;1.0253916;0;120.449666656667; ;2.2079875
P23;2;1.95;1.699218;0;120.449666656667; ;2.2079875
P23;2;7.211;7.1953128;1;120.449666656667; ;2.2079875
P23;2;2.402;10.6823736;1;120.449666656667; ;2.2079875
P23;2;.423;.1757808;1;120.449666656667; ;2.2079875
P23;6;.186;0;0;120.449666656667; ;2.2079875
P23;6;.915;1.0839852;0;120.449666656667; ;2.2079875
P23;6;.748;.1757808;0;120.449666656667; ;2.2079875
P23;6;.917;.73242;0;120.449666656667; ;2.2079875
P23;6;1.386;2.6074224;0;120.449666656667; ;2.2079875
P23;6;1.032;1.6845732;1;120.449666656667; ;2.2079875
P23;6;1.335;5.4968292;1;120.449666656667; ;2.2079875
P23;6;.65;.3076164;0;120.449666656667; ;2.2079875
P23;6;1.234;.4833972;0;120.449666656667; ;2.2079875
P23;6;2.018;1.8017568;0;120.449666656667; ;2.2079875
P23;6;1.436;0;0;120.449666656667; ;2.2079875
P23;6;2.914;.7763652;0;120.449666656667; ;2.2079875
P23;6;1.8;.4834008;0;120.449666656667; ;2.2079875
P23;6;2.213;1.625976;0;120.449666656667; ;2.2079875
P23;6;3.465;.600588;0;120.449666656667; ;2.2079875
P23;6;.584;.83862;1;120.449666656667; ;2.2079875
P23;6;1.5;1.8164052;0;120.449666656667; ;2.2079875
P23;6;1.818;2.8417968;0;120.449666656667; ;2.2079875
P23;6;1.634;.1318356;0;120.449666656667; ;2.2079875
P23;6;1.3;.2929716;0;120.449666656667; ;2.2079875
P23;6;1.913;.966798;0;120.449666656667; ;2.2079875
P23;6;1.985;2.0654316;0;120.449666656667; ;2.2079875
P23;6;2.124;1.9921896;0;120.449666656667; ;2.2079875
P23;6;.533;.1171872;0;120.449666656667; ;2.2079875
P23;6;1.882;2.0544408;0;120.449666656667; ;2.2079875
P23;6;1.593;1.2158208;0;120.449666656667; ;2.2079875
P23;6;1.767;1.09863;0;120.449666656667; ;2.2079875
P23;6;.868;.073242;0;120.449666656667; ;2.2079875
P23;6;2.216;1.625976;0;120.449666656667; ;2.2079875
P23;6;2.633;1.5087888;0;120.449666656667; ;2.2079875
P23;6;.451;.3662136;0;120.449666656667; ;2.2079875
P23;6;1.35;.1757808;0;120.449666656667; ;2.2079875
P23;6;1.584;.9667944;0;120.449666656667; ;2.2079875
P23;6;1.433;1.2158172;0;120.449666656667; ;2.2079875
P23;6;.517;.6005844;0;120.449666656667; ;2.2079875
P23;6;2.451;1.2744144;0;120.449666656667; ;2.2079875
P23;6;2.182;1.4501952;0;120.449666656667; ;2.2079875
P23;6;.482;2.406006;0;120.449666656667; ;2.2079875
P23;6;1.465;.4834008;0;120.449666656667; ;2.2079875
P23;6;.383;.5419944;0;120.449666656667; ;2.2079875
P23;6;1.686;1.8164052;0;120.449666656667; ;2.2079875
P23;6;.833;1.8164052;0;120.449666656667; ;2.2079875
P23;6;.617;1.333008;0;120.449666656667; ;2.2079875
P23;6;1.753;2.5964352;0;120.449666656667; ;2.2079875
P23;6;1.666;.659178;0;120.449666656667; ;2.2079875
P23;6;1.451;.292968;0;120.449666656667; ;2.2079875
P23;6;.801;.1904292;0;120.449666656667; ;2.2079875
P23;6;.72;.7324236;0;120.449666656667; ;2.2079875
P23;6;1.335;.1904292;0;120.449666656667; ;2.2079875
P23;6;.6;.1171872;0;120.449666656667; ;2.2079875
P23;6;1.985;1.0839852;0;120.449666656667; ;2.2079875
P23;6;.432;1.333008;0;120.449666656667; ;2.2079875
P23;6;.936;.659178;0;120.449666656667; ;2.2079875
P23;6;1.767;2.7722196;0;120.449666656667; ;2.2079875
P23;6;1.1;1.259766;0;120.449666656667; ;2.2079875
P23;6;1.877;0;0;120.449666656667; ;2.2079875
P23;6;.747;.1318356;0;120.449666656667; ;2.2079875
P23;6;1.768;1.2744144;0;120.449666656667; ;2.2079875
P23;6;2.64;.67383;0;120.449666656667; ;2.2079875
P23;6;.508;.292968;0;120.449666656667; ;2.2079875
P23;6;.633;.1904292;0;120.449666656667; ;2.2079875
P23;6;.719;0;0;120.449666656667; ;2.2079875
P23;7;.767;1.0986336;0;120.449666656667; ;2.2079875
P23;7;.716;.7324236;0;120.449666656667; ;2.2079875
P23;7;.355;.7763688;0;120.449666656667; ;2.2079875
P23;7;1.284;3.2666004;0;120.449666656667; ;2.2079875
P23;7;1.273;4.1638176;0;120.449666656667; ;2.2079875
P23;7;1.466;.8349624;0;120.449666656667; ;2.2079875
P23;7;1.416;.600588;0;120.449666656667; ;2.2079875
P23;7;.733;0;0;120.449666656667; ;2.2079875
P23;7;.867;.2490264;0;120.449666656667; ;2.2079875
P23;7;1.422;.1171872;0;120.449666656667; ;2.2079875
P23;7;1.817;.4833972;0;120.449666656667; ;2.2079875
P23;7;.555;.893556;0;120.449666656667; ;2.2079875
P23;7;2.023;1.333008;0;120.449666656667; ;2.2079875
P23;7;1.278;.7763652;0;120.449666656667; ;2.2079875
P23;7;1.589;.0585935999999999;0;120.449666656667; ;2.2079875
P23;7;.95;0;0;120.449666656667; ;2.2079875
P23;7;.499;0;0;120.449666656667; ;2.2079875
P23;7;1.306;.8496108;0;120.449666656667; ;2.2079875
P23;7;1.594;.8496072;0;120.449666656667; ;2.2079875
P23;7;2.501;3.5632332;0;120.449666656667; ;2.2079875
P23;7;1.556;.4248072;0;120.449666656667; ;2.2079875
P23;7;2.467;.4980492;0;120.449666656667; ;2.2079875
P23;7;.622;.1171872;0;120.449666656667; ;2.2079875
P23;7;2.567;1.1425788;0;120.449666656667; ;2.2079875
P23;7;3.254;1.7431632;0;120.449666656667; ;2.2079875
P23;7;.65;0;0;120.449666656667; ;2.2079875
P23;7;.773;.1757844;0;120.449666656667; ;2.2079875
P23;7;1.739;.4833972;0;120.449666656667; ;2.2079875
P23;7;2.471;0;0;120.449666656667; ;2.2079875
P23;7;2.289;.2490228;0;120.449666656667; ;2.2079875
P23;7;1.261;4.2333984;0;120.449666656667; ;2.2079875
P23;7;2.005;3.5742204;0;120.449666656667; ;2.2079875
P23;7;.684;2.7831996;1;120.449666656667; ;2.2079875
P23;7;.505;3.9294432;0;120.449666656667; ;2.2079875
P23;7;.422;.36621;0;120.449666656667; ;2.2079875
P23;7;.622;2.0507796;0;120.449666656667; ;2.2079875
P23;7;1.05;1.8749988;0;120.449666656667; ;2.2079875
P23;7;1.823;.9082044;0;120.449666656667; ;2.2079875
P23;7;1.539;1.2048336;0;120.449666656667; ;2.2079875
P23;7;2.072;.5419908;0;120.449666656667; ;2.2079875
P23;7;2.183;1.5124536;0;120.449666656667; ;2.2079875
P23;7;1.466;2.8308096;0;120.449666656667; ;2.2079875
P23;7;1.367;1.333008;0;120.449666656667; ;2.2079875
P23;7;1.55;4.2810048;0;120.449666656667; ;2.2079875
P23;7;1.384;2.8894032;0;120.449666656667; ;2.2079875
P23;7;1.489;2.7832032;0;120.449666656667; ;2.2079875
P23;7;3.167;1.9335924;0;120.449666656667; ;2.2079875
P23;7;2.884;3.6804204;0;120.449666656667; ;2.2079875
P23;7;1.2;.7324236;0;120.449666656667; ;2.2079875
P23;7;1.589;2.4755868;0;120.449666656667; ;2.2079875
P23;7;3.117;2.1679668;1;120.449666656667; ;2.2079875
P23;7;.689;1.699218;0;120.449666656667; ;2.2079875
P23;7;2.801;1.5087888;0;120.449666656667; ;2.2079875
P23;7;.722;1.8164088;1;120.449666656667; ;2.2079875
P23;7;.989;1.025388;0;120.449666656667; ;2.2079875
P23;7;1.599;1.6259796;0;120.449666656667; ;2.2079875
P23;7;1.617;4.1162112;0;120.449666656667; ;2.2079875
P23;7;.816;.7763688;0;120.449666656667; ;2.2079875
P23;7;1.989;1.0986336;0;120.449666656667; ;2.2079875
P23;7;1.665;1.699218;0;120.449666656667; ;2.2079875
P23;7;1.734;0;0;120.449666656667; ;2.2079875
P23;7;1.333;1.625976;0;120.449666656667; ;2.2079875
P23;7;2.166;3.8085912;0;120.449666656667; ;2.2079875
P23;7;1.982;.36621;0;120.449666656667; ;2.2079875
P23;7;1.649;3.2080068;0;120.449666656667; ;2.2079875
P23;7;2.466;.1171872;0;120.449666656667; ;2.2079875
P23;7;.514;5.0566428;0;120.449666656667; ;2.2079875
P23;7;1.016;.966798;0;120.449666656667; ;2.2079875
P23;7;.651;.600588;0;120.449666656667; ;2.2079875
P23;7;1.633;1.025388;0;120.449666656667; ;2.2079875
P23;7;1.866;1.5087888;0;120.449666656667; ;2.2079875
P23;7;2.167;4.291992;0;120.449666656667; ;2.2079875
P23;7;1.999;1.7578116;0;120.449666656667; ;2.2079875
P23;7;1.066;.73242;0;120.449666656667; ;2.2079875
P23;7;1.082;1.992186;0;120.449666656667; ;2.2079875
P23;7;.615;.4248072;0;120.449666656667; ;2.2079875
P23;7;1.915;1.7431668;0;120.449666656667; ;2.2079875
P23;7;.868;8.7585156;1;120.449666656667; ;2.2079875
P23;7;1.031;.4248036;0;120.449666656667; ;2.2079875
P23;7;.667;.8972172;1;120.449666656667; ;2.2079875
P23;8;.25;.5419908;0;120.449666656667; ;2.2079875
P23;8;.509;.1318356;0;120.449666656667; ;2.2079875
P23;8;.65;.1757808;0;120.449666656667; ;2.2079875
P23;8;1;1.3916016;0;120.449666656667; ;2.2079875
P23;8;1.759;.966798;0;120.449666656667; ;2.2079875
P23;8;1.928;.7177716;0;120.449666656667; ;2.2079875
P23;8;2.272;1.5820308;0;120.449666656667; ;2.2079875
P23;8;.959;2.1826152;0;120.449666656667; ;2.2079875
P23;8;.556;.4833972;0;120.449666656667; ;2.2079875
P23;8;1.366;.8935524;0;120.449666656667; ;2.2079875
P23;8;.9;.4248036;0;120.449666656667; ;2.2079875
P23;8;.59;1.3916016;0;120.449666656667; ;2.2079875
P23;8;2.433;3.2666004;0;120.449666656667; ;2.2079875
P23;8;2.866;3.7976076;0;120.449666656667; ;2.2079875
P23;8;.832;1.5820308;0;120.449666656667; ;2.2079875
P23;8;.739;.2343744;0;120.449666656667; ;2.2079875
P23;8;1.233;.6481944;0;120.449666656667; ;2.2079875
P23;8;2.64;1.7578116;0;120.449666656667; ;2.2079875
P23;8;.824;4.705812;0;120.449666656667; ;2.2079875
P23;8;1.234;1.933596;0;120.449666656667; ;2.2079875
P23;8;1.272;.0585936;0;120.449666656667; ;2.2079875
P23;8;2.643;1.259766;0;120.449666656667; ;2.2079875
P23;8;.792;.7910136;0;120.449666656667; ;2.2079875
P23;8;1.682;.9667944;0;120.449666656667; ;2.2079875
P23;8;1.806;1.0400364;0;120.449666656667; ;2.2079875
P23;8;2.348;1.1901852;0;120.449666656667; ;2.2079875
P23;8;1.973;.659178;0;120.449666656667; ;2.2079875
P23;8;1.472;1.5087924;0;120.449666656667; ;2.2079875
P23;8;1.668;.30762;0;120.449666656667; ;2.2079875
P23;8;2.14;2.0654316;0;120.449666656667; ;2.2079875
P23;8;2.417;2.4645996;0;120.449666656667; ;2.2079875
P23;8;2.116;.3076164;0;120.449666656667; ;2.2079875
P23;8;.917;.8972172;0;120.449666656667; ;2.2079875
P23;8;1.783;0;0;120.449666656667; ;2.2079875
P23;8;1.127;.1171908;0;120.449666656667; ;2.2079875
P23;8;2.323;.36621;0;120.449666656667; ;2.2079875
P23;8;.832;.0585936;0;120.449666656667; ;2.2079875
P23;8;.661;0;0;120.449666656667; ;2.2079875
P23;8;1.061;.7177752;0;120.449666656667; ;2.2079875
P23;8;.767;.1757808;0;120.449666656667; ;2.2079875
P23;8;.5;0;0;120.449666656667; ;2.2079875
P23;8;2.282;2.2155768;0;120.449666656667; ;2.2079875
P23;8;1.531;1.6406244;1;120.449666656667; ;2.2079875
P23;8;1.732;2.9626488;0;120.449666656667; ;2.2079875
P23;8;.998;3.193362;0;120.449666656667; ;2.2079875
P23;8;.939;1.699218;1;120.449666656667; ;2.2079875
P23;8;2.633;2.592774;0;120.449666656667; ;2.2079875
P23;8;1.872;.9558072;0;120.449666656667; ;2.2079875
P23;8;.539;.9082044;0;120.449666656667; ;2.2079875
P23;8;.667;.3515616;0;120.449666656667; ;2.2079875
P23;8;2.106;3.006594;0;120.449666656667; ;2.2079875
P23;8;1.733;.659178;0;120.449666656667; ;2.2079875
P23;8;1.933;1.4501952;1;120.449666656667; ;2.2079875
P23;8;.851;1.6296408;0;120.449666656667; ;2.2079875
P23;8;.626;.1904292;0;120.449666656667; ;2.2079875
P23;8;1.95;1.5673824;0;120.449666656667; ;2.2079875
P23;8;1.51;.2490228;0;120.449666656667; ;2.2079875
P23;8;1.689;1.2744144;0;120.449666656667; ;2.2079875
P23;8;2.085;1.1572272;0;120.449666656667; ;2.2079875
P23;8;.517;1.4501952;0;120.449666656667; ;2.2079875
P23;8;.642;1.1425788;0;120.449666656667; ;2.2079875
P23;8;.949;.7177752;0;120.449666656667; ;2.2079875
P23;8;1.667;0;0;120.449666656667; ;2.2079875
P23;8;1.483;.5419908;0;120.449666656667; ;2.2079875
P23;8;1.499;.7910172;0;120.449666656667; ;2.2079875
P23;8;1.556;.1757808;0;120.449666656667; ;2.2079875
P23;8;.652;1.2744144;0;120.449666656667; ;2.2079875
P23;8;1.2;2.299806;0;120.449666656667; ;2.2079875
P23;8;1.205;.6591816;0;120.449666656667; ;2.2079875
P23;8;1.312;1.0839852;0;120.449666656667; ;2.2079875
P23;8;2.273;2.5341804;0;120.449666656667; ;2.2079875
P23;8;1.128;.4834008;0;120.449666656667; ;2.2079875
P23;8;.85;.2490228;0;120.449666656667; ;2.2079875
P23;8;.984;1.7578116;0;120.449666656667; ;2.2079875
P23;8;1.522;2.592774;0;120.449666656667; ;2.2079875
P23;8;1.722;1.9335924;0;120.449666656667; ;2.2079875
P23;8;1.183;1.2744144;0;120.449666656667; ;2.2079875
P23;8;2.222;1.04004;1;120.449666656667; ;2.2079875
P23;8;.661;1.8507276;1;120.449666656667; ;2.2079875
P23;8;.594;.9082008;0;120.449666656667; ;2.2079875
P23;8;1.061;1.2158208;0;120.449666656667; ;2.2079875
P23;8;1.455;.4248036;0;120.449666656667; ;2.2079875
P23;8;.723;.9667944;1;120.449666656667; ;2.2079875
P23;8;1.578;5.2478028;1;120.449666656667; ;2.2079875
P23;8;1.383;2.1093732;0;120.449666656667; ;2.2079875
P23;8;.106;.4248072;0;120.449666656667; ;2.2079875
P24;1;.466;6.2557236;1;166.075999663333; ;2.2232140625
P24;1;.95;1.0253916;1;166.075999663333; ;2.2232140625
P24;1;.98;1.699218;0;166.075999663333; ;2.2232140625
P24;1;1.063;1.6845732;0;166.075999663333; ;2.2232140625
P24;1;1.467;4.0576176;0;166.075999663333; ;2.2232140625
P24;1;.983;1.7578116;0;166.075999663333; ;2.2232140625
P24;1;1.437;2.958984;0;166.075999663333; ;2.2232140625
P24;1;1.303;.234378;0;166.075999663333; ;2.2232140625
P24;1;1.963;3.2080068;0;166.075999663333; ;2.2232140625
P24;1;.745;4.705812;0;166.075999663333; ;2.2232140625
P24;1;1.303;1.3916016;0;166.075999663333; ;2.2232140625
P24;1;1.733;.1904292;0;166.075999663333; ;2.2232140625
P24;1;1.634;.7324236;0;166.075999663333; ;2.2232140625
P24;1;2.134;.6152364;0;166.075999663333; ;2.2232140625
P24;1;1.366;4.4714376;0;166.075999663333; ;2.2232140625
P24;1;1.804;1.0839852;0;166.075999663333; ;2.2232140625
P24;1;2.173;4.1162112;0;166.075999663333; ;2.2232140625
P24;1;1.596;1.333008;0;166.075999663333; ;2.2232140625
P24;1;1.61;.8972172;0;166.075999663333; ;2.2232140625
P24;1;2.121;4.2333984;1;166.075999663333; ;2.2232140625
P24;1;.737;6.7126464;1;166.075999663333; ;2.2232140625
P24;1;1.17;5.965578;0;166.075999663333; ;2.2232140625
P24;1;1.2;3.1237812;0;166.075999663333; ;2.2232140625
P24;1;1.116;2.0983896;0;166.075999663333; ;2.2232140625
P24;1;.221;0;0;166.075999663333; ;2.2232140625
P24;1;1.361;3.0908196;1;166.075999663333; ;2.2232140625
P24;1;1.852;3.5046396;0;166.075999663333; ;2.2232140625
P24;1;1.834;.5896008;0;166.075999663333; ;2.2232140625
P24;1;1.706;1.0839852;0;166.075999663333; ;2.2232140625
P24;1;.946;4.031982;0;166.075999663333; ;2.2232140625
P24;1;1.05;.5419908;0;166.075999663333; ;2.2232140625
P24;1;1.666;4.1638176;0;166.075999663333; ;2.2232140625
P24;1;1.943;.6591816;0;166.075999663333; ;2.2232140625
P24;1;2.903;1.9335924;0;166.075999663333; ;2.2232140625
P24;1;1.317;2.4902352;0;166.075999663333; ;2.2232140625
P24;1;.833;.0585936;0;166.075999663333; ;2.2232140625
P24;1;1.85;.3515616;0;166.075999663333; ;2.2232140625
P24;1;.267;.966798;0;166.075999663333; ;2.2232140625
P24;1;1.97;1.3916016;0;166.075999663333; ;2.2232140625
P24;1;1.571;1.439208;0;166.075999663333; ;2.2232140625
P24;1;.633;5.6726064;1;166.075999663333; ;2.2232140625
P24;1;.916;1.1425788;0;166.075999663333; ;2.2232140625
P24;1;1.166;2.8308096;0;166.075999663333; ;2.2232140625
P24;1;1.15;1.1425788;0;166.075999663333; ;2.2232140625
P24;1;1.737;.36621;0;166.075999663333; ;2.2232140625
P24;1;1.004;2.3474124;0;166.075999663333; ;2.2232140625
P24;1;1.75;1.072998;0;166.075999663333; ;2.2232140625
P24;1;.7;2.6550288;0;166.075999663333; ;2.2232140625
P24;1;.85;2.772216;0;166.075999663333; ;2.2232140625
P24;1;1.413;.1904292;0;166.075999663333; ;2.2232140625
P24;1;1.316;.7763652;0;166.075999663333; ;2.2232140625
P24;1;.966;1.025388;0;166.075999663333; ;2.2232140625
P24;1;1.153;.8496108;0;166.075999663333; ;2.2232140625
P24;1;1.1;2.0507832;0;166.075999663333; ;2.2232140625
P24;1;.821;2.0654316;0;166.075999663333; ;2.2232140625
P24;1;1.053;1.0839852;0;166.075999663333; ;2.2232140625
P24;1;.783;3.3728004;0;166.075999663333; ;2.2232140625
P24;1;1.454;2.406006;0;166.075999663333; ;2.2232140625
P24;1;1.133;1.8054216;0;166.075999663333; ;2.2232140625
P24;1;.88;5.5407708;0;166.075999663333; ;2.2232140625
P24;1;.79;.234374399999999;0;166.075999663333; ;2.2232140625
P24;1;.533;3.7976076;0;166.075999663333; ;2.2232140625
P24;1;1.067;2.4169932;0;166.075999663333; ;2.2232140625
P24;1;2.003;2.299806;0;166.075999663333; ;2.2232140625
P24;1;1.622;1.3183596;0;166.075999663333; ;2.2232140625
P24;1;1.666;1.025388;0;166.075999663333; ;2.2232140625
P24;1;.927;1.2744144;0;166.075999663333; ;2.2232140625
P24;1;.552;.1171872;0;166.075999663333; ;2.2232140625
P24;1;.38;2.666016;0;166.075999663333; ;2.2232140625
P24;1;.946;.67383;0;166.075999663333; ;2.2232140625
P24;1;.667;.776368799999999;0;166.075999663333; ;2.2232140625
P24;1;.9;.5419908;0;166.075999663333; ;2.2232140625
P24;1;.867;3.0175776;0;166.075999663333; ;2.2232140625
P24;1;.733;3.2080104;0;166.075999663333; ;2.2232140625
P24;1;.637;1.3916016;0;166.075999663333; ;2.2232140625
P24;1;.615;3.2080068;0;166.075999663333; ;2.2232140625
P24;1;1.266;2.6074188;0;166.075999663333; ;2.2232140625
P24;1;.733;.36621;0;166.075999663333; ;2.2232140625
P24;1;1.067;4.365234;0;166.075999663333; ;2.2232140625
P24;1;1.123;.5419944;0;166.075999663333; ;2.2232140625
P24;1;.899;.7177752;0;166.075999663333; ;2.2232140625
P24;1;.433;.9082044;0;166.075999663333; ;2.2232140625
P24;2;.484;1.2634272;1;166.075999663333; ;2.2232140625
P24;2;1.267;3.8085948;1;166.075999663333; ;2.2232140625
P24;2;1.25;2.7246096;0;166.075999663333; ;2.2232140625
P24;2;1.2;2.4755868;0;166.075999663333; ;2.2232140625
P24;2;1.5;4.3395984;0;166.075999663333; ;2.2232140625
P24;2;1.35;.2490228;0;166.075999663333; ;2.2232140625
P24;2;.858;1.8164052;0;166.075999663333; ;2.2232140625
P24;2;.758;.6152364;0;166.075999663333; ;2.2232140625
P24;2;1.658;4.0429692;0;166.075999663333; ;2.2232140625
P24;2;2.35;.2490228;0;166.075999663333; ;2.2232140625
P24;2;1.909;.7910172;0;166.075999663333; ;2.2232140625
P24;2;1.891;5.332032;0;166.075999663333; ;2.2232140625
P24;2;1.742;3.8085948;0;166.075999663333; ;2.2232140625
P24;2;1.534;.2343744;0;166.075999663333; ;2.2232140625
P24;2;1.325;1.0839852;0;166.075999663333; ;2.2232140625
P24;2;1.158;.1171872;0;166.075999663333; ;2.2232140625
P24;2;1.724;2.7832032;0;166.075999663333; ;2.2232140625
P24;2;1.425;4.0466304;0;166.075999663333; ;2.2232140625
P24;2;1.209;1.1425788;0;166.075999663333; ;2.2232140625
P24;2;1.175;.41382;0;166.075999663333; ;2.2232140625
P24;2;1.233;2.0654316;0;166.075999663333; ;2.2232140625
P24;2;2.05;1.6296408;0;166.075999663333; ;2.2232140625
P24;2;1.958;1.6845696;0;166.075999663333; ;2.2232140625
P24;2;1.458;.179442;0;166.075999663333; ;2.2232140625
P24;2;1.401;4.3395984;0;166.075999663333; ;2.2232140625
P24;2;1.916;.6152328;0;166.075999663333; ;2.2232140625
P24;2;1.217;0;0;166.075999663333; ;2.2232140625
P24;2;1.375;.9814464;0;166.075999663333; ;2.2232140625
P24;2;1.457;1.2011724;0;166.075999663333; ;2.2232140625
P24;2;1.567;0;0;166.075999663333; ;2.2232140625
P24;2;1.142;.0585936;0;166.075999663333; ;2.2232140625
P24;2;.958;2.358396;0;166.075999663333; ;2.2232140625
P24;2;1.192;.2343744;0;166.075999663333; ;2.2232140625
P24;2;.742;.706788;0;166.075999663333; ;2.2232140625
P24;2;1.891;.5419908;0;166.075999663333; ;2.2232140625
P24;2;.843;2.479248;0;166.075999663333; ;2.2232140625
P24;2;1.467;.78003;0;166.075999663333; ;2.2232140625
P24;2;.709;2.299806;0;166.075999663333; ;2.2232140625
P24;2;1.651;1.7578152;0;166.075999663333; ;2.2232140625
P24;2;2.566;2.0068344;0;166.075999663333; ;2.2232140625
P24;2;2.558;.7214364;0;166.075999663333; ;2.2232140625
P24;2;1.566;1.6992216;0;166.075999663333; ;2.2232140625
P24;2;1.892;.2380356;0;166.075999663333; ;2.2232140625
P24;2;2.316;4.3542468;1;166.075999663333; ;2.2232140625
P24;2;1.025;6.0498036;1;166.075999663333; ;2.2232140625
P24;2;1.625;.4833972;1;166.075999663333; ;2.2232140625
P24;2;1.5;2.2412088;0;166.075999663333; ;2.2232140625
P24;2;1.233;4.6472148;0;166.075999663333; ;2.2232140625
P24;2;1.163;.4833972;0;166.075999663333; ;2.2232140625
P24;2;1.083;1.1572272;0;166.075999663333; ;2.2232140625
P24;2;1.415;5.0134284;0;166.075999663333; ;2.2232140625
P24;2;1.091;2.2412088;1;166.075999663333; ;2.2232140625
P24;2;1;1.2011724;0;166.075999663333; ;2.2232140625
P24;2;.525;.9082044;0;166.075999663333; ;2.2232140625
P24;2;1.825;.4248036;0;166.075999663333; ;2.2232140625
P24;2;1.191;1.3916016;0;166.075999663333; ;2.2232140625
P24;2;1.349;1.259766;0;166.075999663333; ;2.2232140625
P24;2;1.044;1.3916016;0;166.075999663333; ;2.2232140625
P24;2;1.333;.2343744;0;166.075999663333; ;2.2232140625
P24;2;1.566;2.3583996;0;166.075999663333; ;2.2232140625
P24;2;1.092;3.6181656;0;166.075999663333; ;2.2232140625
P24;2;1.467;4.1638176;0;166.075999663333; ;2.2232140625
P24;2;1.408;2.2412124;0;166.075999663333; ;2.2232140625
P24;2;.617;.966797999999999;0;166.075999663333; ;2.2232140625
P24;2;1.034;2.3583996;0;166.075999663333; ;2.2232140625
P24;2;.767;8.5743612;0;166.075999663333; ;2.2232140625
P24;2;1.217;1.2011724;1;166.075999663333; ;2.2232140625
P24;2;.784;.8496072;0;166.075999663333; ;2.2232140625
P24;2;1.116;1.4501952;0;166.075999663333; ;2.2232140625
P24;2;.883;2.6513676;0;166.075999663333; ;2.2232140625
P24;2;1.2;.8496072;0;166.075999663333; ;2.2232140625
P24;2;1.6;8.3588184;0;166.075999663333; ;2.2232140625
P24;2;.849;.292968;0;166.075999663333; ;2.2232140625
P24;2;.136;0;0;166.075999663333; ;2.2232140625
P24;6;.59;.67383;0;166.075999663333; ;2.2232140625
P24;6;.442;.3662136;0;166.075999663333; ;2.2232140625
P24;6;1.657;3.3837912;0;166.075999663333; ;2.2232140625
P24;6;1.8;6.591798;0;166.075999663333; ;2.2232140625
P24;6;1.467;5.0134284;0;166.075999663333; ;2.2232140625
P24;6;1.774;3.2080104;0;166.075999663333; ;2.2232140625
P24;6;.683;.30762;0;166.075999663333; ;2.2232140625
P24;6;1.633;3.325194;0;166.075999663333; ;2.2232140625
P24;6;1.089;1.3916016;0;166.075999663333; ;2.2232140625
P24;6;1.335;0;0;166.075999663333; ;2.2232140625
P24;6;.851;.7324236;0;166.075999663333; ;2.2232140625
P24;6;1.356;.600588;0;166.075999663333; ;2.2232140625
P24;6;1.915;.9814464;0;166.075999663333; ;2.2232140625
P24;6;1.966;1.259766;0;166.075999663333; ;2.2232140625
P24;6;.768;2.006838;0;166.075999663333; ;2.2232140625
P24;6;2.95;6.7126464;0;166.075999663333; ;2.2232140625
P24;6;.81;.2343744;0;166.075999663333; ;2.2232140625
P24;6;1.532;5.6726064;1;166.075999663333; ;2.2232140625
P24;6;1.382;8.644986;1;166.075999663333; ;2.2232140625
P24;6;1.683;8.8220232;1;166.075999663333; ;2.2232140625
P24;6;1.055;4.9987764;0;166.075999663333; ;2.2232140625
P24;6;2.19;2.9003904;0;166.075999663333; ;2.2232140625
P24;6;1.55;1.640628;0;166.075999663333; ;2.2232140625
P24;6;.499;3.5632332;0;166.075999663333; ;2.2232140625
P24;6;1.706;1.5673824;1;166.075999663333; ;2.2232140625
P24;6;2.41;1.4392116;1;166.075999663333; ;2.2232140625
P24;6;1.61;7.2727416;1;166.075999663333; ;2.2232140625
P24;6;1.118;6.03882;0;166.075999663333; ;2.2232140625
P24;6;.701;.8496108;0;166.075999663333; ;2.2232140625
P24;6;.512;.6152328;0;166.075999663333; ;2.2232140625
P24;6;1.116;1.1572272;0;166.075999663333; ;2.2232140625
P24;6;1.433;.7324236;0;166.075999663333; ;2.2232140625
P24;6;1.867;1.8164088;0;166.075999663333; ;2.2232140625
P24;6;2.276;6.8151888;0;166.075999663333; ;2.2232140625
P24;6;2.333;2.1716316;0;166.075999663333; ;2.2232140625
P24;6;.734;.1171872;0;166.075999663333; ;2.2232140625
P24;6;2.831;8.2214352;0;166.075999663333; ;2.2232140625
P24;6;1.419;6.2292492;1;166.075999663333; ;2.2232140625
P24;6;1.652;7.8552216;1;166.075999663333; ;2.2232140625
P24;6;.466;.249022800000001;0;166.075999663333; ;2.2232140625
P24;6;.399;3.5632332;0;166.075999663333; ;2.2232140625
P24;6;1.06;2.6074224;0;166.075999663333; ;2.2232140625
P24;6;1.484;1.5234372;0;166.075999663333; ;2.2232140625
P24;6;1.25;4.658202;0;166.075999663333; ;2.2232140625
P24;6;2.266;9.129636;0;166.075999663333; ;2.2232140625
P24;6;2.26;3.0175812;0;166.075999663333; ;2.2232140625
P24;6;.825;1.625976;0;166.075999663333; ;2.2232140625
P24;6;2.123;3.632814;1;166.075999663333; ;2.2232140625
P24;6;1.533;3.0212388;0;166.075999663333; ;2.2232140625
P24;6;2.41;1.7431632;0;166.075999663333; ;2.2232140625
P24;6;1.533;.2343744;0;166.075999663333; ;2.2232140625
P24;6;.444;1.625976;0;166.075999663333; ;2.2232140625
P24;6;1.883;1.4392116;0;166.075999663333; ;2.2232140625
P24;6;2.85;9.9792468;1;166.075999663333; ;2.2232140625
P24;6;2.043;5.1306192;1;166.075999663333; ;2.2232140625
P24;6;1.641;5.25879;1;166.075999663333; ;2.2232140625
P24;6;1.44;2.299806;0;166.075999663333; ;2.2232140625
P24;6;2.732;6.4636236;0;166.075999663333; ;2.2232140625
P24;6;1.483;3.2080068;0;166.075999663333; ;2.2232140625
P24;6;.416;1.0253916;1;166.075999663333; ;2.2232140625
P24;6;1.743;4.9658184;0;166.075999663333; ;2.2232140625
P24;6;.407;2.958984;0;166.075999663333; ;2.2232140625
P24;6;1.198;.3662136;0;166.075999663333; ;2.2232140625
P24;6;2.533;7.6389516;1;166.075999663333; ;2.2232140625
P24;6;1.967;2.2302216;0;166.075999663333; ;2.2232140625
P24;6;2.093;8.338626;1;166.075999663333; ;2.2232140625
P24;6;.6;4.7644056;1;166.075999663333; ;2.2232140625
P24;6;1.14;1.439208;1;166.075999663333; ;2.2232140625
P24;6;.856;7.4715408;1;166.075999663333; ;2.2232140625
P24;6;1.654;10.229634;1;166.075999663333; ;2.2232140625
P24;6;1.684;6.8151888;0;166.075999663333; ;2.2232140625
P24;6;1.491;8.7899004;1;166.075999663333; ;2.2232140625
P24;6;.475;19.1353608;0;166.075999663333; ;2.2232140625
P24;6;2.118;10.037844;0;166.075999663333; ;2.2232140625
P24;6;2.431;8.0574768;0;166.075999663333; ;2.2232140625
P24;6;2.924;15.7662216;0;166.075999663333; ;2.2232140625
P24;6;1.216;17.24571;1;166.075999663333; ;2.2232140625
P24;6;.359;5.4898164;1;166.075999663333; ;2.2232140625
P24;6;.358;14.3772336;1;166.075999663333; ;2.2232140625
P24;6;2.992;2.1240216;1;166.075999663333; ;2.2232140625
P24;6;1.8;8.3588184;1;166.075999663333; ;2.2232140625
P24;6;1.666;8.5144068;1;166.075999663333; ;2.2232140625
P24;6;.233;2.299806;0;166.075999663333; ;2.2232140625
P24;6;1.05;3.4808868;0;166.075999663333; ;2.2232140625
P24;6;1.009;5.1152364;0;166.075999663333; ;2.2232140625
P24;6;.754;3.065184;0;166.075999663333; ;2.2232140625
P24;7;.793;1.8164052;0;166.075999663333; ;2.2232140625
P24;7;1.816;1.8749988;0;166.075999663333; ;2.2232140625
P24;7;1.273;.0585935999999999;0;166.075999663333; ;2.2232140625
P24;7;.524;4.5886248;0;166.075999663333; ;2.2232140625
P24;7;2.068;3.0761712;0;166.075999663333; ;2.2232140625
P24;7;1.31;.1757808;0;166.075999663333; ;2.2232140625
P24;7;.474;4.1491728;0;166.075999663333; ;2.2232140625
P24;7;2.512;2.666016;0;166.075999663333; ;2.2232140625
P24;7;1.418;1.5087888;0;166.075999663333; ;2.2232140625
P24;7;3.001;.7910136;0;166.075999663333; ;2.2232140625
P24;7;.517;1.7431632;0;166.075999663333; ;2.2232140625
P24;7;2.896;5.3210448;0;166.075999663333; ;2.2232140625
P24;7;1.633;6.2841816;1;166.075999663333; ;2.2232140625
P24;7;1.709;6.1084008;1;166.075999663333; ;2.2232140625
P24;7;.757;4.764402;0;166.075999663333; ;2.2232140625
P24;7;.994;7.298586;0;166.075999663333; ;2.2232140625
P24;7;1;.5419944;0;166.075999663333; ;2.2232140625
P24;7;1.56;4.8815928;0;166.075999663333; ;2.2232140625
P24;7;2.489;.0585936;0;166.075999663333; ;2.2232140625
P24;7;2.493;7.9138152;1;166.075999663333; ;2.2232140625
P24;7;1.167;3.0212388;0;166.075999663333; ;2.2232140625
P24;7;.627;0;0;166.075999663333; ;2.2232140625
P24;7;1.71;3.0065904;0;166.075999663333; ;2.2232140625
P24;7;2.86;1.8749988;1;166.075999663333; ;2.2232140625
P24;7;2.979;9.7888212;1;166.075999663333; ;2.2232140625
P24;7;.97;1.699218;0;166.075999663333; ;2.2232140625
P24;7;.677;4.5300312;0;166.075999663333; ;2.2232140625
P24;7;1.869;3.8671884;0;166.075999663333; ;2.2232140625
P24;7;2.54;5.5554192;1;166.075999663333; ;2.2232140625
P24;7;2.117;7.1228052;1;166.075999663333; ;2.2232140625
P24;7;1.402;3.325194;0;166.075999663333; ;2.2232140625
P24;7;1.417;4.5300276;0;166.075999663333; ;2.2232140625
P24;7;2.367;2.0507832;1;166.075999663333; ;2.2232140625
P24;7;1.38;6.8298336;1;166.075999663333; ;2.2232140625
P24;7;1.983;7.9138188;1;166.075999663333; ;2.2232140625
P24;7;2.65;2.5341804;0;166.075999663333; ;2.2232140625
P24;7;2.984;2.9736324;0;166.075999663333; ;2.2232140625
P24;7;2.593;.78003;1;166.075999663333; ;2.2232140625
P24;7;2.017;5.6140164;1;166.075999663333; ;2.2232140625
P24;7;3.01;2.0983896;0;166.075999663333; ;2.2232140625
P24;7;2.279;2.5817904;0;166.075999663333; ;2.2232140625
P24;7;2.011;7.192386;0;166.075999663333; ;2.2232140625
P24;7;1.379;.1757808;0;166.075999663333; ;2.2232140625
P24;7;1.567;6.1560072;0;166.075999663333; ;2.2232140625
P24;7;2.95;11.7797508;1;166.075999663333; ;2.2232140625
P24;7;.95;1.4501952;1;166.075999663333; ;2.2232140625
P24;7;2.561;9.0124524;1;166.075999663333; ;2.2232140625
P24;7;2.76;3.5742204;1;166.075999663333; ;2.2232140625
P24;7;3.101;5.9216292;0;166.075999663333; ;2.2232140625
P24;7;3.356;3.6218268;0;166.075999663333; ;2.2232140625
P24;7;2.099;3.504636;0;166.075999663333; ;2.2232140625
P24;7;3.433;.8496108;0;166.075999663333; ;2.2232140625
P24;7;2.9;8.1035172;1;166.075999663333; ;2.2232140625
P24;7;1.018;6.1803864;1;166.075999663333; ;2.2232140625
P24;7;.417;.734515200000001;1;166.075999663333; ;2.2232140625
P24;7;2.616;7.1374536;0;166.075999663333; ;2.2232140625
P24;7;2.65;5.625;1;166.075999663333; ;2.2232140625
P24;7;1.907;6.5808108;1;166.075999663333; ;2.2232140625
P24;7;1.761;1.5234372;0;166.075999663333; ;2.2232140625
P24;7;3.417;2.358396;0;166.075999663333; ;2.2232140625
P24;7;2.316;3.7976076;0;166.075999663333; ;2.2232140625
P24;7;.973;5.5756152;1;166.075999663333; ;2.2232140625
P24;7;.517;8.4236904;1;166.075999663333; ;2.2232140625
P24;7;1.928;8.1481932;1;166.075999663333; ;2.2232140625
P24;7;2.056;14.2490628;1;166.075999663333; ;2.2232140625
P24;7;2.456;19.480644;1;166.075999663333; ;2.2232140625
P24;7;1.266;6.7236336;0;166.075999663333; ;2.2232140625
P24;7;.467;5.4416844;0;166.075999663333; ;2.2232140625
P24;8;1.245;1.640628;0;166.075999663333; ;2.2232140625
P24;8;1.834;1.933596;0;166.075999663333; ;2.2232140625
P24;8;1.987;.7910172;0;166.075999663333; ;2.2232140625
P24;8;1.546;1.8164088;0;166.075999663333; ;2.2232140625
P24;8;2.546;7.738038;0;166.075999663333; ;2.2232140625
P24;8;2.477;5.2734384;0;166.075999663333; ;2.2232140625
P24;8;2.251;1.8164088;0;166.075999663333; ;2.2232140625
P24;8;1.83;3.5009784;0;166.075999663333; ;2.2232140625
P24;8;1.059;4.0466304;0;166.075999663333; ;2.2232140625
P24;8;3.409;5.9216292;1;166.075999663333; ;2.2232140625
P24;8;2.563;10.6957656;1;166.075999663333; ;2.2232140625
P24;8;2.006;11.0046384;1;166.075999663333; ;2.2232140625
P24;8;2.268;7.4304216;0;166.075999663333; ;2.2232140625
P24;8;1.826;1.333008;0;166.075999663333; ;2.2232140625
P24;8;1.733;3.065184;0;166.075999663333; ;2.2232140625
P24;8;2.987;4.471434;0;166.075999663333; ;2.2232140625
P24;8;1.673;1.8749988;0;166.075999663333; ;2.2232140625
P24;8;.72;2.2412124;0;166.075999663333; ;2.2232140625
P24;8;2.113;1.6992216;0;166.075999663333; ;2.2232140625
P24;8;2.542;4.2810048;0;166.075999663333; ;2.2232140625
P24;8;.911;2.406006;0;166.075999663333; ;2.2232140625
P24;8;1.3;2.6074188;0;166.075999663333; ;2.2232140625
P24;8;.616;4.4567892;0;166.075999663333; ;2.2232140625
P24;8;1.8;6.1560036;0;166.075999663333; ;2.2232140625
P24;8;2.536;.5419944;0;166.075999663333; ;2.2232140625
P24;8;.778;5.9486292;1;166.075999663333; ;2.2232140625
P24;8;2.191;5.2478028;1;166.075999663333; ;2.2232140625
P24;8;1.273;1.6845696;0;166.075999663333; ;2.2232140625
P24;8;2.328;4.0576176;0;166.075999663333; ;2.2232140625
P24;8;.966;2.406006;0;166.075999663333; ;2.2232140625
P24;8;1.963;4.8962412;0;166.075999663333; ;2.2232140625
P24;8;1.325;2.0983896;0;166.075999663333; ;2.2232140625
P24;8;2.016;4.3395984;0;166.075999663333; ;2.2232140625
P24;8;2.739;3.7976076;0;166.075999663333; ;2.2232140625
P24;8;2.205;1.3806144;0;166.075999663333; ;2.2232140625
P24;8;2.528;.8349588;0;166.075999663333; ;2.2232140625
P24;8;1.565;0;0;166.075999663333; ;2.2232140625
P24;8;1.222;1.08765;0;166.075999663333; ;2.2232140625
P24;8;2.922;3.8562012;0;166.075999663333; ;2.2232140625
P24;8;.892;2.1918276;1;166.075999663333; ;2.2232140625
P24;8;.876;6.6394044;1;166.075999663333; ;2.2232140625
P24;8;2.116;5.9069808;0;166.075999663333; ;2.2232140625
P24;8;1.349;4.1638212;0;166.075999663333; ;2.2232140625
P24;8;1.9;5.7897936;0;166.075999663333; ;2.2232140625
P24;8;.6;2.5488252;0;166.075999663333; ;2.2232140625
P24;8;1.376;5.1416028;0;166.075999663333; ;2.2232140625
P24;8;2.611;6.5808108;0;166.075999663333; ;2.2232140625
P24;8;1.533;5.1892092;0;166.075999663333; ;2.2232140625
P24;8;2.513;9.2204604;0;166.075999663333; ;2.2232140625
P24;8;1.875;7.8552252;0;166.075999663333; ;2.2232140625
P24;8;1.833;.966798;0;166.075999663333; ;2.2232140625
P24;8;.37;4.9548348;0;166.075999663333; ;2.2232140625
P24;8;1.8;11.4147936;1;166.075999663333; ;2.2232140625
P24;8;2.742;7.6794408;0;166.075999663333; ;2.2232140625
P24;8;1.734;9.8299404;1;166.075999663333; ;2.2232140625
P24;8;1.393;2.592774;0;166.075999663333; ;2.2232140625
P24;8;1.27;4.105224;0;166.075999663333; ;2.2232140625
P24;8;1.206;3.7382832;0;166.075999663333; ;2.2232140625
P24;8;1.846;8.1481932;1;166.075999663333; ;2.2232140625
P24;8;1.95;1.9921896;0;166.075999663333; ;2.2232140625
P24;8;1.775;2.0507796;0;166.075999663333; ;2.2232140625
P24;8;2.227;2.9003904;0;166.075999663333; ;2.2232140625
P24;8;2.476;8.2214388;1;166.075999663333; ;2.2232140625
P24;8;1.639;5.0244156;1;166.075999663333; ;2.2232140625
P24;8;1.384;1.3916016;0;166.075999663333; ;2.2232140625
P24;8;.943;.73242;0;166.075999663333; ;2.2232140625
P24;8;1.65;1.4501952;0;166.075999663333; ;2.2232140625
P24;8;2.022;4.8339864;0;166.075999663333; ;2.2232140625
P24;8;1.367;2.0654316;0;166.075999663333; ;2.2232140625
P24;8;3.35;2.8417968;0;166.075999663333; ;2.2232140625
P24;8;.948;2.2998024;0;166.075999663333; ;2.2232140625
P24;8;1.149;5.024412;0;166.075999663333; ;2.2232140625
P24;8;1.666;4.3995564;1;166.075999663333; ;2.2232140625
P24;8;.779;1.4501952;1;166.075999663333; ;2.2232140625
P24;8;1.24;3.6218232;0;166.075999663333; ;2.2232140625
P24;8;3.539;7.5476088;1;166.075999663333; ;2.2232140625
P24;8;1.95;4.291992;1;166.075999663333; ;2.2232140625
P24;8;.3;8.5869144;1;166.075999663333; ;2.2232140625
P24;8;1.607;8.8073748;1;166.075999663333; ;2.2232140625
P24;8;1.444;9.0563976;1;166.075999663333; ;2.2232140625
P24;8;.793;4.8376476;1;166.075999663333; ;2.2232140625
P25;1;1.056;1.333008;0;164.0386668; ;1.95311527777778
P25;1;.989;2.1826188;0;164.0386668; ;1.95311527777778
P25;1;1.4;.659178;0;164.0386668; ;1.95311527777778
P25;1;1.973;1.699218;0;164.0386668; ;1.95311527777778
P25;1;.7;.36621;0;164.0386668; ;1.95311527777778
P25;1;2.156;.1757844;0;164.0386668; ;1.95311527777778
P25;1;1.834;1.2158208;0;164.0386668; ;1.95311527777778
P25;1;2.246;0;0;164.0386668; ;1.95311527777778
P25;1;2.922;1.4501952;0;164.0386668; ;1.95311527777778
P25;1;2.008;.36621;0;164.0386668; ;1.95311527777778
P25;1;1.047;.8496072;0;164.0386668; ;1.95311527777778
P25;1;2.489;2.4755868;0;164.0386668; ;1.95311527777778
P25;1;1.05;0;0;164.0386668; ;1.95311527777778
P25;1;1.498;1.333008;0;164.0386668; ;1.95311527777778
P25;1;2.157;2.1240216;0;164.0386668; ;1.95311527777778
P25;1;2.589;.36621;0;164.0386668; ;1.95311527777778
P25;1;2.014;.966798;0;164.0386668; ;1.95311527777778
P25;1;4.317;.6152364;0;164.0386668; ;1.95311527777778
P25;1;2.239;0;0;164.0386668; ;1.95311527777778
P25;1;1.972;.8496108;0;164.0386668; ;1.95311527777778
P25;1;3.072;.3076164;0;164.0386668; ;1.95311527777778
P25;1;3.87;.4834008;0;164.0386668; ;1.95311527777778
P25;1;1.167;.0732419999999999;0;164.0386668; ;1.95311527777778
P25;1;2.255;.5419944;0;164.0386668; ;1.95311527777778
P25;1;2.839;1.0839852;0;164.0386668; ;1.95311527777778
P25;1;2.638;.3076164;0;164.0386668; ;1.95311527777778
P25;1;2.211;.1757808;0;164.0386668; ;1.95311527777778
P25;1;1.723;1.3916016;0;164.0386668; ;1.95311527777778
P25;1;1.944;.3662136;0;164.0386668; ;1.95311527777778
P25;1;1.939;.0585936;0;164.0386668; ;1.95311527777778
P25;1;2.35;0;0;164.0386668; ;1.95311527777778
P25;1;3.039;.0585936;0;164.0386668; ;1.95311527777778
P25;1;2;.6152328;0;164.0386668; ;1.95311527777778
P25;1;1.117;.966798;0;164.0386668; ;1.95311527777778
P25;1;1.623;.6152364;0;164.0386668; ;1.95311527777778
P25;1;1.616;.4248036;0;164.0386668; ;1.95311527777778
P25;1;1.183;.1171872;0;164.0386668; ;1.95311527777778
P25;1;.889;1.567386;0;164.0386668; ;1.95311527777778
P25;1;1.539;1.1425788;0;164.0386668; ;1.95311527777778
P25;1;2.766;3.5156232;0;164.0386668; ;1.95311527777778
P25;1;.989;.9082044;0;164.0386668; ;1.95311527777778
P25;1;1.117;.67383;0;164.0386668; ;1.95311527777778
P25;1;1.817;1.2158208;0;164.0386668; ;1.95311527777778
P25;1;1.523;1.1425788;0;164.0386668; ;1.95311527777778
P25;1;2.5;4.291992;0;164.0386668; ;1.95311527777778
P25;1;1.391;1.2011688;0;164.0386668; ;1.95311527777778
P25;1;1.789;2.5488252;0;164.0386668; ;1.95311527777778
P25;1;1.972;2.4902352;0;164.0386668; ;1.95311527777778
P25;1;1.489;1.2011688;0;164.0386668; ;1.95311527777778
P25;1;.39;5.5860732;0;164.0386668; ;1.95311527777778
P25;2;1.832;.3515616;0;164.0386668; ;1.95311527777778
P25;2;1.35;2.5341804;0;164.0386668; ;1.95311527777778
P25;2;1.183;1.1425788;0;164.0386668; ;1.95311527777778
P25;2;1.968;1.3183596;0;164.0386668; ;1.95311527777778
P25;2;1.05;2.9150424;0;164.0386668; ;1.95311527777778
P25;2;1.05;.0585935999999999;0;164.0386668; ;1.95311527777778
P25;2;3.083;.6152328;0;164.0386668; ;1.95311527777778
P25;2;2.534;.541994400000001;0;164.0386668; ;1.95311527777778
P25;2;1.368;5.2478028;0;164.0386668; ;1.95311527777778
P25;2;1.667;2.4755832;1;164.0386668; ;1.95311527777778
P25;2;2.366;1.5234372;0;164.0386668; ;1.95311527777778
P25;2;1.967;1.2011724;0;164.0386668; ;1.95311527777778
P25;2;1.167;.2490228;1;164.0386668; ;1.95311527777778
P25;2;1.7;4.705812;1;164.0386668; ;1.95311527777778
P25;2;1.35;1.9335924;0;164.0386668; ;1.95311527777778
P25;2;2.85;1.6406244;0;164.0386668; ;1.95311527777778
P25;2;1.817;1.1425788;0;164.0386668; ;1.95311527777778
P25;2;1.232;.1318356;0;164.0386668; ;1.95311527777778
P25;2;3.017;2.6513676;0;164.0386668; ;1.95311527777778
P25;2;1.916;4.2333984;0;164.0386668; ;1.95311527777778
P25;2;1.034;1.8640152;1;164.0386668; ;1.95311527777778
P25;2;.968;2.2302252;1;164.0386668; ;1.95311527777778
P25;2;1.334;2.3474124;0;164.0386668; ;1.95311527777778
P25;2;1.9;3.1933584;0;164.0386668; ;1.95311527777778
P25;2;2.451;3.9294432;1;164.0386668; ;1.95311527777778
P25;2;1.716;1.0986336;0;164.0386668; ;1.95311527777778
P25;2;2.25;3.0798324;1;164.0386668; ;1.95311527777778
P25;2;1.184;.9082008;0;164.0386668; ;1.95311527777778
P25;2;2.3;2.6074224;0;164.0386668; ;1.95311527777778
P25;2;2.366;1.5673824;0;164.0386668; ;1.95311527777778
P25;2;2.267;3.4570332;1;164.0386668; ;1.95311527777778
P25;2;3.683;1.333008;0;164.0386668; ;1.95311527777778
P25;2;1.883;1.14624;0;164.0386668; ;1.95311527777778
P25;2;1.367;3.032226;0;164.0386668; ;1.95311527777778
P25;2;2.684;2.6550288;0;164.0386668; ;1.95311527777778
P25;2;1.4;2.9736324;0;164.0386668; ;1.95311527777778
P25;2;3.668;5.7458484;0;164.0386668; ;1.95311527777778
P25;2;1.233;4.471434;0;164.0386668; ;1.95311527777778
P25;2;2.967;2.1826152;0;164.0386668; ;1.95311527777778
P25;2;3.683;1.8750024;0;164.0386668; ;1.95311527777778
P25;2;1.632;.36621;0;164.0386668; ;1.95311527777778
P25;2;2.1;.7763688;0;164.0386668; ;1.95311527777778
P25;2;2.449;1.9335924;0;164.0386668; ;1.95311527777778
P25;2;2.199;1.025388;0;164.0386668; ;1.95311527777778
P25;2;2.734;.9082044;0;164.0386668; ;1.95311527777778
P25;2;2.668;.966798;0;164.0386668; ;1.95311527777778
P25;2;2.75;1.2158172;0;164.0386668; ;1.95311527777778
P25;2;3.6;4.1748048;1;164.0386668; ;1.95311527777778
P25;2;2.767;5.4345708;1;164.0386668; ;1.95311527777778
P25;2;1.767;6.7977144;1;164.0386668; ;1.95311527777778
P25;2;1.3;1.0839816;0;164.0386668; ;1.95311527777778
P25;2;1.983;1.3330044;0;164.0386668; ;1.95311527777778
P25;2;1.332;2.5488288;0;164.0386668; ;1.95311527777778
P25;2;1.167;1.0986336;0;164.0386668; ;1.95311527777778
P25;2;1.701;1.2597624;0;164.0386668; ;1.95311527777778
P25;2;1.748;0;0;164.0386668; ;1.95311527777778
P25;2;1.735;4.9331736;0;164.0386668; ;1.95311527777778
P25;2;1.998;2.0068344;0;164.0386668; ;1.95311527777778
P25;2;.368;.234378;0;164.0386668; ;1.95311527777778
P25;6;.447;.5419908;0;164.0386668; ;1.95311527777778
P25;6;2.691;1.8750024;0;164.0386668; ;1.95311527777778
P25;6;2.283;2.3583996;0;164.0386668; ;1.95311527777778
P25;6;2.567;2.5488288;0;164.0386668; ;1.95311527777778
P25;6;2.245;1.1425752;0;164.0386668; ;1.95311527777778
P25;6;2.033;1.9921896;0;164.0386668; ;1.95311527777778
P25;6;.967;.9667944;0;164.0386668; ;1.95311527777778
P25;6;2.533;2.666016;0;164.0386668; ;1.95311527777778
P25;6;1.859;1.0986336;0;164.0386668; ;1.95311527777778
P25;6;1.531;2.7136224;0;164.0386668; ;1.95311527777778
P25;6;3.516;4.2224112;0;164.0386668; ;1.95311527777778
P25;6;1.395;2.8308132;0;164.0386668; ;1.95311527777778
P25;6;2.1;1.333008;0;164.0386668; ;1.95311527777778
P25;6;2.571;3.0175776;0;164.0386668; ;1.95311527777778
P25;6;2.326;2.1093768;0;164.0386668; ;1.95311527777778
P25;6;3.25;1.1425788;0;164.0386668; ;1.95311527777778
P25;6;1.175;.9082008;0;164.0386668; ;1.95311527777778
P25;6;1.595;1.8749988;0;164.0386668; ;1.95311527777778
P25;6;3.85;3.6218268;0;164.0386668; ;1.95311527777778
P25;6;3.608;8.397216;0;164.0386668; ;1.95311527777778
P25;6;3.114;1.8640152;0;164.0386668; ;1.95311527777778
P25;6;3.366;2.7136224;0;164.0386668; ;1.95311527777778
P25;6;4.4;1.7578152;0;164.0386668; ;1.95311527777778
P25;6;1.061;1.9226088;0;164.0386668; ;1.95311527777778
P25;6;4.586;1.8164088;1;164.0386668; ;1.95311527777778
P25;6;.619;2.958984;1;164.0386668; ;1.95311527777778
P25;6;.62;1.1572236;0;164.0386668; ;1.95311527777778
P25;6;4.017;3.9294432;0;164.0386668; ;1.95311527777778
P25;6;2.313;8.7634296;1;164.0386668; ;1.95311527777778
P25;6;.838;3.4899912;0;164.0386668; ;1.95311527777778
P25;6;1.984;3.632814;0;164.0386668; ;1.95311527777778
P25;6;2.458;2.8894032;0;164.0386668; ;1.95311527777778
P25;6;3.195;2.0397924;1;164.0386668; ;1.95311527777778
P25;6;5.155;9.6130368;1;164.0386668; ;1.95311527777778
P25;6;.55;7.482006;1;164.0386668; ;1.95311527777778
P25;6;1.5;2.7246132;0;164.0386668; ;1.95311527777778
P25;6;3.125;2.5341804;0;164.0386668; ;1.95311527777778
P25;6;3.541;2.1240216;0;164.0386668; ;1.95311527777778
P25;6;.73;1.2634272;0;164.0386668; ;1.95311527777778
P25;6;2.164;.8496072;1;164.0386668; ;1.95311527777778
P25;6;.391;.791017199999999;1;164.0386668; ;1.95311527777778
P25;6;.422;1.639368;1;164.0386668; ;1.95311527777778
P25;6;1.695;6.4050264;1;164.0386668; ;1.95311527777778
P25;6;2.333;4.7753928;0;164.0386668; ;1.95311527777778
P25;6;1.392;8.2214352;0;164.0386668; ;1.95311527777778
P25;6;.975;6.4160172;0;164.0386668; ;1.95311527777778
P25;6;2.653;9.7302276;1;164.0386668; ;1.95311527777778
P25;6;.5;3.314736;1;164.0386668; ;1.95311527777778
P25;6;.458;9.181224;1;164.0386668; ;1.95311527777778
P25;6;2.247;2.3583996;1;164.0386668; ;1.95311527777778
P25;6;1.233;1.2011724;0;164.0386668; ;1.95311527777778
P25;6;2.529;3.559572;0;164.0386668; ;1.95311527777778
P25;6;2.586;5.8007844;0;164.0386668; ;1.95311527777778
P25;6;.75;3.9140604;1;164.0386668; ;1.95311527777778
P25;6;3.08;3.3251976;1;164.0386668; ;1.95311527777778
P25;6;2.662;3.7500012;1;164.0386668; ;1.95311527777778
P25;6;1.638;3.0175776;0;164.0386668; ;1.95311527777778
P25;6;.916;1.025388;0;164.0386668; ;1.95311527777778
P25;6;.83;.8349624;0;164.0386668; ;1.95311527777778
P25;6;1.813;1.5673824;0;164.0386668; ;1.95311527777778
P25;6;2.663;11.3214636;0;164.0386668; ;1.95311527777778
P25;6;1.133;3.632814;0;164.0386668; ;1.95311527777778
P25;6;3.2;4.4091828;0;164.0386668; ;1.95311527777778
P25;6;1.584;5.5554192;1;164.0386668; ;1.95311527777778
P25;6;.784;1.8164088;0;164.0386668; ;1.95311527777778
P25;6;3.354;1.5820308;0;164.0386668; ;1.95311527777778
P25;6;2.496;8.3825712;1;164.0386668; ;1.95311527777778
P25;6;1.499;14.0146848;1;164.0386668; ;1.95311527777778
P25;6;3.263;5.625;1;164.0386668; ;1.95311527777778
P25;6;1.083;2.0544444;0;164.0386668; ;1.95311527777778
P25;6;3.333;2.4645996;0;164.0386668; ;1.95311527777778
P25;6;1.134;3.6804204;0;164.0386668; ;1.95311527777778
P25;6;3.566;2.8308096;0;164.0386668; ;1.95311527777778
P25;6;2.3;1.6882344;0;164.0386668; ;1.95311527777778
P25;6;.729;2.0507796;0;164.0386668; ;1.95311527777778
P25;6;1.696;1.805418;0;164.0386668; ;1.95311527777778
P25;7;.55;.1171872;0;164.0386668; ;1.95311527777778
P25;7;1.367;.234378;0;164.0386668; ;1.95311527777778
P25;7;.4;.1757808;1;164.0386668; ;1.95311527777778
P25;7;.914;.1171872;0;164.0386668; ;1.95311527777778
P25;7;1.297;2.973636;0;164.0386668; ;1.95311527777778
P25;7;1.733;2.4902352;0;164.0386668; ;1.95311527777778
P25;7;1.016;2.406006;0;164.0386668; ;1.95311527777778
P25;7;2.283;5.4492192;0;164.0386668; ;1.95311527777778
P25;7;.76;.1757844;0;164.0386668; ;1.95311527777778
P25;7;2.293;2.0654316;0;164.0386668; ;1.95311527777778
P25;7;2.2;3.2666004;0;164.0386668; ;1.95311527777778
P25;7;2.567;3.398436;0;164.0386668; ;1.95311527777778
P25;7;3.66;3.9843756;1;164.0386668; ;1.95311527777778
P25;7;2.449;1.3183596;0;164.0386668; ;1.95311527777778
P25;7;1.863;.9667944;0;164.0386668; ;1.95311527777778
P25;7;2.019;1.5087888;0;164.0386668; ;1.95311527777778
P25;7;.762;.1757808;0;164.0386668; ;1.95311527777778
P25;7;2.436;.8496108;0;164.0386668; ;1.95311527777778
P25;7;1.879;2.8308096;0;164.0386668; ;1.95311527777778
P25;7;2.83;4.3505892;0;164.0386668; ;1.95311527777778
P25;7;2.073;1.9226088;0;164.0386668; ;1.95311527777778
P25;7;2.433;1.2158208;0;164.0386668; ;1.95311527777778
P25;7;.773;.6152364;0;164.0386668; ;1.95311527777778
P25;7;1.527;.47241;0;164.0386668; ;1.95311527777778
P25;7;4.046;3.138426;0;164.0386668; ;1.95311527777778
P25;7;3.156;1.9921896;0;164.0386668; ;1.95311527777778
P25;7;.7;.1171872;0;164.0386668; ;1.95311527777778
P25;7;2.029;.8972172;0;164.0386668; ;1.95311527777778
P25;7;3.02;2.7246096;1;164.0386668; ;1.95311527777778
P25;7;3.029;2.5817868;1;164.0386668; ;1.95311527777778
P25;7;.353;1.5087888;0;164.0386668; ;1.95311527777778
P25;7;2.817;2.113038;0;164.0386668; ;1.95311527777778
P25;7;2.883;3.5009748;0;164.0386668; ;1.95311527777778
P25;7;2.017;1.8749988;0;164.0386668; ;1.95311527777778
P25;7;3;3.5046396;0;164.0386668; ;1.95311527777778
P25;7;2.157;2.7246096;0;164.0386668; ;1.95311527777778
P25;7;5.136;4.0429692;0;164.0386668; ;1.95311527777778
P25;7;2.317;3.3142104;1;164.0386668; ;1.95311527777778
P25;7;3.656;2.4316416;0;164.0386668; ;1.95311527777778
P25;7;2.819;1.7578116;1;164.0386668; ;1.95311527777778
P25;7;.686;1.333008;1;164.0386668; ;1.95311527777778
P25;7;1.344;.600588;0;164.0386668; ;1.95311527777778
P25;7;2.729;3.3837876;0;164.0386668; ;1.95311527777778
P25;7;1.83;1.8749988;0;164.0386668; ;1.95311527777778
P25;7;1.297;.659178;0;164.0386668; ;1.95311527777778
P25;7;1.169;2.4755868;0;164.0386668; ;1.95311527777778
P25;7;.89;1.6259796;1;164.0386668; ;1.95311527777778
P25;7;2.566;4.7167956;1;164.0386668; ;1.95311527777778
P25;7;3.816;8.4558096;1;164.0386668; ;1.95311527777778
P25;7;.667;.6005844;1;164.0386668; ;1.95311527777778
P25;7;.4;0;1;164.0386668; ;1.95311527777778
P25;7;3.36;6.884766;1;164.0386668; ;1.95311527777778
P25;7;3.477;2.4902316;0;164.0386668; ;1.95311527777778
P25;7;.79;.5419908;0;164.0386668; ;1.95311527777778
P25;7;2.734;3.9843756;1;164.0386668; ;1.95311527777778
P25;7;2.267;2.8417968;1;164.0386668; ;1.95311527777778
P25;7;2.617;2.1240252;0;164.0386668; ;1.95311527777778
P25;7;.63;3.5156232;0;164.0386668; ;1.95311527777778
P25;7;1.364;.5419908;0;164.0386668; ;1.95311527777778
P25;8;.702;.7177752;0;164.0386668; ;1.95311527777778
P25;8;.766;.2490228;0;164.0386668; ;1.95311527777778
P25;8;1.725;3.266604;1;164.0386668; ;1.95311527777778
P25;8;2.36;4.8339864;0;164.0386668; ;1.95311527777778
P25;8;1.991;2.9736324;0;164.0386668; ;1.95311527777778
P25;8;3.498;2.1826152;0;164.0386668; ;1.95311527777778
P25;8;1.75;1.9226088;0;164.0386668; ;1.95311527777778
P25;8;.708;1.333008;0;164.0386668; ;1.95311527777778
P25;8;.8;1.2011724;0;164.0386668; ;1.95311527777778
P25;8;1.007;2.006838;0;164.0386668; ;1.95311527777778
P25;8;2.934;2.0544444;0;164.0386668; ;1.95311527777778
P25;8;3.648;4.1748048;0;164.0386668; ;1.95311527777778
P25;8;3.243;2.1240252;0;164.0386668; ;1.95311527777778
P25;8;2.858;4.8815892;0;164.0386668; ;1.95311527777778
P25;8;2.26;3.5595684;0;164.0386668; ;1.95311527777778
P25;8;.6;1.1425788;0;164.0386668; ;1.95311527777778
P25;8;.991;.5310072;0;164.0386668; ;1.95311527777778
P25;8;1.284;4.2333984;0;164.0386668; ;1.95311527777778
P25;8;2.619;2.358396;0;164.0386668; ;1.95311527777778
P25;8;.933;3.4423812;1;164.0386668; ;1.95311527777778
P25;8;.766;1.3916016;0;164.0386668; ;1.95311527777778
P25;8;.964;.73242;0;164.0386668; ;1.95311527777778
P25;8;1.433;.8496108;0;164.0386668; ;1.95311527777778
P25;8;2.759;2.5341804;0;164.0386668; ;1.95311527777778
P25;8;3.25;3.0212424;0;164.0386668; ;1.95311527777778
P25;8;3.575;4.2224112;0;164.0386668; ;1.95311527777778
P25;8;.791;1.8640116;0;164.0386668; ;1.95311527777778
P25;8;3.281;2.6550288;0;164.0386668; ;1.95311527777778
P25;8;2.026;7.2399924;1;164.0386668; ;1.95311527777778
P25;8;3.124;3.2080104;1;164.0386668; ;1.95311527777778
P25;8;2.024;2.7136224;0;164.0386668; ;1.95311527777778
P25;8;2.167;1.8054216;0;164.0386668; ;1.95311527777778
P25;8;.644;1.5710436;0;164.0386668; ;1.95311527777778
P25;8;.502;2.3620608;0;164.0386668; ;1.95311527777778
P25;8;3.424;3.006594;1;164.0386668; ;1.95311527777778
P25;8;.598;2.654298;1;164.0386668; ;1.95311527777778
P25;8;2.6;2.7575676;1;164.0386668; ;1.95311527777778
P25;8;1.992;5.25879;0;164.0386668; ;1.95311527777778
P25;8;1.95;4.105224;0;164.0386668; ;1.95311527777778
P25;8;2.785;3.6218268;0;164.0386668; ;1.95311527777778
P25;8;3.66;3.9147948;0;164.0386668; ;1.95311527777778
P25;8;.542;.3076164;0;164.0386668; ;1.95311527777778
P25;8;2.141;3.1494132;1;164.0386668; ;1.95311527777778
P25;8;1.016;3.925782;1;164.0386668; ;1.95311527777778
P25;8;1.267;2.1093732;1;164.0386668; ;1.95311527777778
P25;8;2.85;4.8339864;1;164.0386668; ;1.95311527777778
P25;8;3.024;3.3837876;1;164.0386668; ;1.95311527777778
P25;8;2.26;7.192386;1;164.0386668; ;1.95311527777778
P25;8;2.719;3.8085912;1;164.0386668; ;1.95311527777778
P25;8;2.65;4.5996084;1;164.0386668; ;1.95311527777778
P25;8;1.867;2.8417968;0;164.0386668; ;1.95311527777778
P25;8;2.052;4.2333984;0;164.0386668; ;1.95311527777778
P25;8;2.115;1.3183596;0;164.0386668; ;1.95311527777778
P25;8;2.348;3.618162;0;164.0386668; ;1.95311527777778
P25;8;2.408;2.8417968;0;164.0386668; ;1.95311527777778
P25;8;3.393;2.4902352;1;164.0386668; ;1.95311527777778
P25;8;2.367;6.225588;1;164.0386668; ;1.95311527777778
P25;8;.74;3.7500012;0;164.0386668; ;1.95311527777778
P25;8;2.5;5.7312;1;164.0386668; ;1.95311527777778
P25;8;1.056;.7324236;1;164.0386668; ;1.95311527777778
P25;8;2.517;6.4599588;0;164.0386668; ;1.95311527777778
P25;8;2.685;2.7246096;0;164.0386668; ;1.95311527777778
P25;8;3.225;2.724606;1;164.0386668; ;1.95311527777778
P25;8;1.2;1.307376;0;164.0386668; ;1.95311527777778
P25;8;.999;2.6550288;1;164.0386668; ;1.95311527777778
P26;1;1.587;2.1240216;0;91.4759999833333; ;2.29405081967213
P26;1;1.763;.6591816;0;91.4759999833333; ;2.29405081967213
P26;1;.454;3.6071784;0;91.4759999833333; ;2.29405081967213
P26;1;1.296;2.0068344;0;91.4759999833333; ;2.29405081967213
P26;1;1.596;.4248036;0;91.4759999833333; ;2.29405081967213
P26;1;1.366;2.7832032;0;91.4759999833333; ;2.29405081967213
P26;1;1.996;6.1084008;0;91.4759999833333; ;2.29405081967213
P26;1;1.217;7.9724124;0;91.4759999833333; ;2.29405081967213
P26;1;3.254;5.0134284;0;91.4759999833333; ;2.29405081967213
P26;1;1.767;1.1425788;0;91.4759999833333; ;2.29405081967213
P26;1;2.279;.966798;0;91.4759999833333; ;2.29405081967213
P26;1;2.254;1.2158208;0;91.4759999833333; ;2.29405081967213
P26;1;3.237;.8496108;0;91.4759999833333; ;2.29405081967213
P26;1;4.18;.7177752;0;91.4759999833333; ;2.29405081967213
P26;1;5.937;.1318356;0;91.4759999833333; ;2.29405081967213
P26;1;3.646;.4101552;0;91.4759999833333; ;2.29405081967213
P26;1;2.416;.9082008;0;91.4759999833333; ;2.29405081967213
P26;1;3.354;2.1826188;0;91.4759999833333; ;2.29405081967213
P26;1;3.192;1.7468244;0;91.4759999833333; ;2.29405081967213
P26;1;3.15;.966798;0;91.4759999833333; ;2.29405081967213
P26;1;3.346;1.0839816;0;91.4759999833333; ;2.29405081967213
P26;1;3.887;2.2155768;0;91.4759999833333; ;2.29405081967213
P26;1;3.846;.7177716;0;91.4759999833333; ;2.29405081967213
P26;1;3.892;.6152328;0;91.4759999833333; ;2.29405081967213
P26;1;2.846;1.1425788;0;91.4759999833333; ;2.29405081967213
P26;1;3.246;1.7578116;0;91.4759999833333; ;2.29405081967213
P26;1;1.704;1.3916016;0;91.4759999833333; ;2.29405081967213
P26;1;3.479;.3076164;0;91.4759999833333; ;2.29405081967213
P26;1;2.23;.073242;0;91.4759999833333; ;2.29405081967213
P26;1;2.179;.292968;0;91.4759999833333; ;2.29405081967213
P26;1;2.187;.7177752;0;91.4759999833333; ;2.29405081967213
P26;1;2.713;.6591816;0;91.4759999833333; ;2.29405081967213
P26;1;1.854;.6005844;0;91.4759999833333; ;2.29405081967213
P26;1;1.68;.1904328;0;91.4759999833333; ;2.29405081967213
P26;1;2.359;.1757808;0;91.4759999833333; ;2.29405081967213
P26;1;1.233;1.1425752;0;91.4759999833333; ;2.29405081967213
P26;1;2.879;3.2080068;0;91.4759999833333; ;2.29405081967213
P26;1;1.537;1.2744144;0;91.4759999833333; ;2.29405081967213
P26;1;1.352;3.632814;0;91.4759999833333; ;2.29405081967213
P26;1;1.033;.9667944;0;91.4759999833333; ;2.29405081967213
P26;1;.598;.659178;0;91.4759999833333; ;2.29405081967213
P26;2;.834;1.8164052;0;91.4759999833333; ;2.29405081967213
P26;2;1.542;2.1240252;0;91.4759999833333; ;2.29405081967213
P26;2;2.441;3.266604;0;91.4759999833333; ;2.29405081967213
P26;2;2.367;1.4501952;0;91.4759999833333; ;2.29405081967213
P26;2;1.9;1.8164052;0;91.4759999833333; ;2.29405081967213
P26;2;2.217;1.9921896;0;91.4759999833333; ;2.29405081967213
P26;2;2.45;.36621;0;91.4759999833333; ;2.29405081967213
P26;2;1.892;1.8749988;0;91.4759999833333; ;2.29405081967213
P26;2;2.576;1.0253916;0;91.4759999833333; ;2.29405081967213
P26;2;2.959;1.7578116;0;91.4759999833333; ;2.29405081967213
P26;2;2.146;.78003;0;91.4759999833333; ;2.29405081967213
P26;2;1.258;2.2412124;0;91.4759999833333; ;2.29405081967213
P26;2;2.218;2.1240252;0;91.4759999833333; ;2.29405081967213
P26;2;3.125;1.5820308;0;91.4759999833333; ;2.29405081967213
P26;2;1.808;2.171628;0;91.4759999833333; ;2.29405081967213
P26;2;3.204;4.412844;0;91.4759999833333; ;2.29405081967213
P26;2;1.926;1.1901852;0;91.4759999833333; ;2.29405081967213
P26;2;1.741;1.2634272;0;91.4759999833333; ;2.29405081967213
P26;2;1.892;2.4792444;0;91.4759999833333; ;2.29405081967213
P26;2;1.956;2.4755868;0;91.4759999833333; ;2.29405081967213
P26;2;1.35;.9082008;0;91.4759999833333; ;2.29405081967213
P26;2;.976;1.3916016;0;91.4759999833333; ;2.29405081967213
P26;2;1.023;1.7431632;0;91.4759999833333; ;2.29405081967213
P26;2;2.266;3.0651876;0;91.4759999833333; ;2.29405081967213
P26;2;1.808;1.5710436;0;91.4759999833333; ;2.29405081967213
P26;2;2.775;2.113038;0;91.4759999833333; ;2.29405081967213
P26;2;2.15;7.6061988;0;91.4759999833333; ;2.29405081967213
P26;2;4.601;7.9138188;0;91.4759999833333; ;2.29405081967213
P26;2;.967;2.9003904;0;91.4759999833333; ;2.29405081967213
P26;2;2.158;.0585935999999999;0;91.4759999833333; ;2.29405081967213
P26;2;4.591;3.1494132;0;91.4759999833333; ;2.29405081967213
P26;2;2.184;1.7431632;0;91.4759999833333; ;2.29405081967213
P26;2;6.916;4.8962412;0;91.4759999833333; ;2.29405081967213
P26;2;6.676;7.9138224;0;91.4759999833333; ;2.29405081967213
P26;2;2.909;1.5820308;0;91.4759999833333; ;2.29405081967213
P26;2;3.142;3.6181656;0;91.4759999833333; ;2.29405081967213
P26;2;.775;.7910172;0;91.4759999833333; ;2.29405081967213
P26;2;2.55;.0732420000000003;0;91.4759999833333; ;2.29405081967213
P26;2;7.55;5.6070036;0;91.4759999833333; ;2.29405081967213
P26;2;1.358;1.4648436;0;91.4759999833333; ;2.29405081967213
P26;2;2.217;3.2666004;1;91.4759999833333; ;2.29405081967213
P26;2;1.72;2.1679668;0;91.4759999833333; ;2.29405081967213
P26;6;.548;1.9921896;0;91.4759999833333; ;2.29405081967213
P26;6;1.33;1.8749988;0;91.4759999833333; ;2.29405081967213
P26;6;1.514;1.2011724;0;91.4759999833333; ;2.29405081967213
P26;6;1.201;1.8164088;0;91.4759999833333; ;2.29405081967213
P26;6;1.33;1.333008;0;91.4759999833333; ;2.29405081967213
P26;6;1.231;1.6406244;0;91.4759999833333; ;2.29405081967213
P26;6;1.366;1.8164052;0;91.4759999833333; ;2.29405081967213
P26;6;1.681;2.4169932;0;91.4759999833333; ;2.29405081967213
P26;6;2.148;3.032226;0;91.4759999833333; ;2.29405081967213
P26;6;.486;.3515616;0;91.4759999833333; ;2.29405081967213
P26;6;1.136;7.4890152;0;91.4759999833333; ;2.29405081967213
P26;6;1.1;2.1240216;0;91.4759999833333; ;2.29405081967213
P26;6;.62;6.9470244;0;91.4759999833333; ;2.29405081967213
P26;6;.834;4.1638176;0;91.4759999833333; ;2.29405081967213
P26;6;.516;1.3916016;0;91.4759999833333; ;2.29405081967213
P26;6;.987;4.1162112;0;91.4759999833333; ;2.29405081967213
P26;6;.52;3.618162;0;91.4759999833333; ;2.29405081967213
P26;6;2.986;3.3142068;1;91.4759999833333; ;2.29405081967213
P26;6;1.537;11.2390128;1;91.4759999833333; ;2.29405081967213
P26;6;1.567;2.666016;0;91.4759999833333; ;2.29405081967213
P26;6;1.352;6.5222172;0;91.4759999833333; ;2.29405081967213
P26;6;1.298;5.3210448;0;91.4759999833333; ;2.29405081967213
P26;6;1.286;.5310072;0;91.4759999833333; ;2.29405081967213
P26;6;2.204;5.9216328;0;91.4759999833333; ;2.29405081967213
P26;6;1.883;9.364014;0;91.4759999833333; ;2.29405081967213
P26;6;1.364;5.9802228;0;91.4759999833333; ;2.29405081967213
P26;6;2.086;1.6992216;0;91.4759999833333; ;2.29405081967213
P26;6;1.75;2.431638;0;91.4759999833333; ;2.29405081967213
P26;6;1.804;2.1826188;0;91.4759999833333; ;2.29405081967213
P26;6;.403;.966798;0;91.4759999833333; ;2.29405081967213
P26;6;.584;.4101588;0;91.4759999833333; ;2.29405081967213
P26;6;3.164;1.9335924;0;91.4759999833333; ;2.29405081967213
P26;6;.269;3.8671884;0;91.4759999833333; ;2.29405081967213
P26;6;3.231;6.3464364;0;91.4759999833333; ;2.29405081967213
P26;6;1.5;3.7500012;0;91.4759999833333; ;2.29405081967213
P26;6;.52;7.4304216;0;91.4759999833333; ;2.29405081967213
P26;6;3.353;1.805418;0;91.4759999833333; ;2.29405081967213
P26;6;.416;6.0974136;0;91.4759999833333; ;2.29405081967213
P26;6;.914;8.397216;0;91.4759999833333; ;2.29405081967213
P26;6;1.116;4.779054;0;91.4759999833333; ;2.29405081967213
P26;6;1.233;6.5570616;0;91.4759999833333; ;2.29405081967213
P26;6;.619;6.2145972;0;91.4759999833333; ;2.29405081967213
P26;6;1.267;2.299806;0;91.4759999833333; ;2.29405081967213
P26;6;1.434;1.9812024;0;91.4759999833333; ;2.29405081967213
P26;6;2.166;6.1560072;0;91.4759999833333; ;2.29405081967213
P26;6;1.4;2.772216;0;91.4759999833333; ;2.29405081967213
P26;6;.966;2.7722196;0;91.4759999833333; ;2.29405081967213
P26;6;1.47;2.7246096;0;91.4759999833333; ;2.29405081967213
P26;6;1.231;10.5246936;0;91.4759999833333; ;2.29405081967213
P26;6;2;.3515652;0;91.4759999833333; ;2.29405081967213
P26;6;1.253;1.0253916;0;91.4759999833333; ;2.29405081967213
P26;6;.547;1.6845696;0;91.4759999833333; ;2.29405081967213
P26;6;2.031;.8496108;0;91.4759999833333; ;2.29405081967213
P26;6;1.137;6.2146008;0;91.4759999833333; ;2.29405081967213
P26;6;.9;7.558596;0;91.4759999833333; ;2.29405081967213
P26;6;.482;2.4645996;0;91.4759999833333; ;2.29405081967213
P26;6;.6;2.1679668;0;91.4759999833333; ;2.29405081967213
P26;6;.351;5.1415992;0;91.4759999833333; ;2.29405081967213
P26;6;1.414;7.6794444;0;91.4759999833333; ;2.29405081967213
P26;6;.386;3.4899912;0;91.4759999833333; ;2.29405081967213
P26;6;1.304;4.5410148;0;91.4759999833333; ;2.29405081967213
P26;6;2.049;1.4501952;0;91.4759999833333; ;2.29405081967213
P26;6;2.3;.2490228;0;91.4759999833333; ;2.29405081967213
P26;6;.567;1.8749988;0;91.4759999833333; ;2.29405081967213
P26;6;3.233;1.6992216;0;91.4759999833333; ;2.29405081967213
P26;6;1.199;4.2333984;0;91.4759999833333; ;2.29405081967213
P26;6;.337;3.7500012;0;91.4759999833333; ;2.29405081967213
P26;6;.864;.9082008;0;91.4759999833333; ;2.29405081967213
P26;6;.436;.2343744;0;91.4759999833333; ;2.29405081967213
P26;7;.295;1.625976;0;91.4759999833333; ;2.29405081967213
P26;7;1.438;1.992186;0;91.4759999833333; ;2.29405081967213
P26;7;1.579;1.9921896;0;91.4759999833333; ;2.29405081967213
P26;7;1.795;1.699218;0;91.4759999833333; ;2.29405081967213
P26;7;.512;.966797999999999;0;91.4759999833333; ;2.29405081967213
P26;7;1.146;1.625976;0;91.4759999833333; ;2.29405081967213
P26;7;1.95;3.5742204;0;91.4759999833333; ;2.29405081967213
P26;7;1.266;4.105224;0;91.4759999833333; ;2.29405081967213
P26;7;2.8;8.2800288;0;91.4759999833333; ;2.29405081967213
P26;7;1.528;1.8164052;0;91.4759999833333; ;2.29405081967213
P26;7;2.763;7.064208;0;91.4759999833333; ;2.29405081967213
P26;7;1.583;2.1826188;0;91.4759999833333; ;2.29405081967213
P26;7;.745;2.2888152;0;91.4759999833333; ;2.29405081967213
P26;7;1.378;.8386236;0;91.4759999833333; ;2.29405081967213
P26;7;1.645;3.266604;0;91.4759999833333; ;2.29405081967213
P26;7;.988;3.739014;0;91.4759999833333; ;2.29405081967213
P26;7;.499;3.9880368;0;91.4759999833333; ;2.29405081967213
P26;7;1.721;3.3837912;0;91.4759999833333; ;2.29405081967213
P26;7;1.021;14.042412;1;91.4759999833333; ;2.29405081967213
P26;7;3.75;3.3142104;1;91.4759999833333; ;2.29405081967213
P26;7;2.633;3.0065904;0;91.4759999833333; ;2.29405081967213
P26;7;1.4;2.0983896;0;91.4759999833333; ;2.29405081967213
P26;7;1.938;1.2158172;0;91.4759999833333; ;2.29405081967213
P26;7;2.413;5.1306156;0;91.4759999833333; ;2.29405081967213
P26;7;.679;3.4423848;0;91.4759999833333; ;2.29405081967213
P26;7;.454;.8386236;0;91.4759999833333; ;2.29405081967213
P26;7;3.979;2.2302252;0;91.4759999833333; ;2.29405081967213
P26;7;1.445;.1171872;0;91.4759999833333; ;2.29405081967213
P26;7;.763;4.5300276;0;91.4759999833333; ;2.29405081967213
P26;7;3.154;4.705812;0;91.4759999833333; ;2.29405081967213
P26;7;2.062;8.2800288;0;91.4759999833333; ;2.29405081967213
P26;7;.749;3.6218232;0;91.4759999833333; ;2.29405081967213
P26;7;1.616;2.299806;0;91.4759999833333; ;2.29405081967213
P26;7;1.046;2.5488288;0;91.4759999833333; ;2.29405081967213
P26;7;2.446;4.58496;0;91.4759999833333; ;2.29405081967213
P26;7;2.467;2.2302252;0;91.4759999833333; ;2.29405081967213
P26;7;1.379;5.9216292;0;91.4759999833333; ;2.29405081967213
P26;7;.378;1.699218;0;91.4759999833333; ;2.29405081967213
P26;7;2.029;4.599612;0;91.4759999833333; ;2.29405081967213
P26;7;1.078;11.1804192;1;91.4759999833333; ;2.29405081967213
P26;7;1.612;3.251952;0;91.4759999833333; ;2.29405081967213
P26;7;1.016;1.333008;0;91.4759999833333; ;2.29405081967213
P26;7;.566;.36621;0;91.4759999833333; ;2.29405081967213
P26;7;1.312;1.3916016;0;91.4759999833333; ;2.29405081967213
P26;7;1.567;1.7431668;0;91.4759999833333; ;2.29405081967213
P26;7;1.171;3.3837876;0;91.4759999833333; ;2.29405081967213
P26;7;1.779;4.1748048;0;91.4759999833333; ;2.29405081967213
P26;7;1.366;5.36499;0;91.4759999833333; ;2.29405081967213
P26;7;1.133;3.1347648;0;91.4759999833333; ;2.29405081967213
P26;7;1.833;3.8671884;0;91.4759999833333; ;2.29405081967213
P26;7;.795;1.4501916;0;91.4759999833333; ;2.29405081967213
P26;7;1.728;2.9003904;0;91.4759999833333; ;2.29405081967213
P26;7;.483;3.8240784;0;91.4759999833333; ;2.29405081967213
P26;7;2.466;2.9003904;0;91.4759999833333; ;2.29405081967213
P26;7;.805;7.665318;1;91.4759999833333; ;2.29405081967213
P26;7;.566;4.1015628;1;91.4759999833333; ;2.29405081967213
P26;7;.821;.4101552;0;91.4759999833333; ;2.29405081967213
P26;7;2.016;1.1425752;1;91.4759999833333; ;2.29405081967213
P26;7;.716;4.3807212;1;91.4759999833333; ;2.29405081967213
P26;7;1.417;2.6074224;0;91.4759999833333; ;2.29405081967213
P26;7;.937;.6591816;0;91.4759999833333; ;2.29405081967213
P26;7;1.951;1.5820308;0;91.4759999833333; ;2.29405081967213
P26;7;1.533;3.8085948;0;91.4759999833333; ;2.29405081967213
P26;7;2.129;5.9802264;0;91.4759999833333; ;2.29405081967213
P26;7;.616;.7910136;0;91.4759999833333; ;2.29405081967213
P26;7;.429;.6591816;0;91.4759999833333; ;2.29405081967213
P26;7;.95;.30762;0;91.4759999833333; ;2.29405081967213
P26;7;1.187;6.377094;0;91.4759999833333; ;2.29405081967213
P26;7;.533;1.992186;0;91.4759999833333; ;2.29405081967213
P26;8;.333;.3515616;0;91.4759999833333; ;2.29405081967213
P26;8;.883;2.3583996;0;91.4759999833333; ;2.29405081967213
P26;8;1.291;.9082044;0;91.4759999833333; ;2.29405081967213
P26;8;1.808;8.8806168;0;91.4759999833333; ;2.29405081967213
P26;8;.825;5.7312;0;91.4759999833333; ;2.29405081967213
P26;8;.85;3.5143704;0;91.4759999833333; ;2.29405081967213
P26;8;1.741;4.8229992;0;91.4759999833333; ;2.29405081967213
P26;8;1.558;.3076164;0;91.4759999833333; ;2.29405081967213
P26;8;3.166;3.9224304;1;91.4759999833333; ;2.29405081967213
P26;8;.891;.5419944;0;91.4759999833333; ;2.29405081967213
P26;8;.75;0;0;91.4759999833333; ;2.29405081967213
P26;8;1.525;1.2634272;0;91.4759999833333; ;2.29405081967213
P26;8;1.85;4.2333984;0;91.4759999833333; ;2.29405081967213
P26;8;1.867;5.745852;0;91.4759999833333; ;2.29405081967213
P26;8;1.683;3.618162;0;91.4759999833333; ;2.29405081967213
P26;8;1.691;1.8164052;0;91.4759999833333; ;2.29405081967213
P26;8;.508;1.1572272;0;91.4759999833333; ;2.29405081967213
P26;8;1.267;2.1240252;0;91.4759999833333; ;2.29405081967213
P26;8;1.583;2.1826188;0;91.4759999833333; ;2.29405081967213
P26;8;1.532;1.6259796;0;91.4759999833333; ;2.29405081967213
P26;8;.625;1.259766;0;91.4759999833333; ;2.29405081967213
P26;8;2.533;8.2653804;0;91.4759999833333; ;2.29405081967213
P26;8;1.45;11.5466292;0;91.4759999833333; ;2.29405081967213
P26;8;2.25;4.8815928;0;91.4759999833333; ;2.29405081967213
P26;8;1.15;5.6321172;0;91.4759999833333; ;2.29405081967213
P26;8;2.3;5.6140164;0;91.4759999833333; ;2.29405081967213
P26;8;1.841;2.1826188;0;91.4759999833333; ;2.29405081967213
P26;8;1.05;6.40503;0;91.4759999833333; ;2.29405081967213
P26;8;1.192;8.3972196;0;91.4759999833333; ;2.29405081967213
P26;8;1.9;7.6794444;0;91.4759999833333; ;2.29405081967213
P26;8;3.176;1.8640116;0;91.4759999833333; ;2.29405081967213
P26;8;.817;.8935524;0;91.4759999833333; ;2.29405081967213
P26;8;1.917;.6005844;0;91.4759999833333; ;2.29405081967213
P26;8;1.283;1.4978016;0;91.4759999833333; ;2.29405081967213
P26;8;.566;1.2158208;0;91.4759999833333; ;2.29405081967213
P26;8;1.175;2.3583996;0;91.4759999833333; ;2.29405081967213
P26;8;1.858;.7910136;0;91.4759999833333; ;2.29405081967213
P26;8;2.041;3.1970196;0;91.4759999833333; ;2.29405081967213
P26;8;2.383;2.6550288;0;91.4759999833333; ;2.29405081967213
P26;8;2.008;.30762;0;91.4759999833333; ;2.29405081967213
P26;8;2.341;7.6794444;0;91.4759999833333; ;2.29405081967213
P26;8;1.366;1.6992216;0;91.4759999833333; ;2.29405081967213
P26;8;1.317;1.5087924;0;91.4759999833333; ;2.29405081967213
P26;8;2.174;2.973636;0;91.4759999833333; ;2.29405081967213
P26;8;.891;1.439208;0;91.4759999833333; ;2.29405081967213
P26;8;1.608;4.1748048;0;91.4759999833333; ;2.29405081967213
P26;8;1.666;4.2810084;0;91.4759999833333; ;2.29405081967213
P26;8;2.084;.67383;0;91.4759999833333; ;2.29405081967213
P26;8;.383;2.2265604;0;91.4759999833333; ;2.29405081967213
P26;8;.391;.8496108;0;91.4759999833333; ;2.29405081967213
P26;8;1.241;2.3583996;0;91.4759999833333; ;2.29405081967213
P26;8;1.767;2.299806;0;91.4759999833333; ;2.29405081967213
P26;8;2.633;3.8671884;0;91.4759999833333; ;2.29405081967213
P26;8;2.3;2.5341804;0;91.4759999833333; ;2.29405081967213
P26;8;1.25;2.666016;0;91.4759999833333; ;2.29405081967213
P26;8;2.042;4.4128404;0;91.4759999833333; ;2.29405081967213
P26;8;.467;.6005844;0;91.4759999833333; ;2.29405081967213
P26;8;1.125;1.4501952;0;91.4759999833333; ;2.29405081967213
P26;8;1.683;1.5087888;0;91.4759999833333; ;2.29405081967213
P26;8;1.95;2.358396;0;91.4759999833333; ;2.29405081967213
P26;8;2.217;.6005844;0;91.4759999833333; ;2.29405081967213
P26;8;1.467;4.1748048;0;91.4759999833333; ;2.29405081967213
P26;8;.891;2.1093732;0;91.4759999833333; ;2.29405081967213
P26;8;.916;2.2232124;0;91.4759999833333; ;2.29405081967213
P26;8;.975;8.5445388;0;91.4759999833333; ;2.29405081967213
P26;8;1.859;3.1494132;0;91.4759999833333; ;2.29405081967213
P26;8;1.78;3.3837876;0;91.4759999833333; ;2.29405081967213
P26;8;1.474;6.0569208;0;91.4759999833333; ;2.29405081967213
P26;8;1.146;3.2666004;0;91.4759999833333; ;2.29405081967213
P26;8;1.933;3.398436;0;91.4759999833333; ;2.29405081967213
P26;8;.446;0;1;91.4759999833333; ;2.29405081967213
P26;8;.1;.4248036;0;91.4759999833333; ;2.29405081967213
P27;1;.547;1.3916016;0;99.9406667633333; ;2.5712224137931
P27;1;1.523;1.04004;0;99.9406667633333; ;2.5712224137931
P27;1;.676;.117187200000001;1;99.9406667633333; ;2.5712224137931
P27;1;1.43;1.673586;0;99.9406667633333; ;2.5712224137931
P27;1;1.15;.292968;0;99.9406667633333; ;2.5712224137931
P27;1;1.574;.3515616;0;99.9406667633333; ;2.5712224137931
P27;1;1.687;0;0;99.9406667633333; ;2.5712224137931
P27;1;1.759;.2490228;0;99.9406667633333; ;2.5712224137931
P27;1;1.767;0;0;99.9406667633333; ;2.5712224137931
P27;1;1.317;.1171872;0;99.9406667633333; ;2.5712224137931
P27;1;2.615;0;0;99.9406667633333; ;2.5712224137931
P27;1;2.934;.1171872;0;99.9406667633333; ;2.5712224137931
P27;1;3.05;1.439208;0;99.9406667633333; ;2.5712224137931
P27;1;2;.5419908;0;99.9406667633333; ;2.5712224137931
P27;1;2.684;.9704592;1;99.9406667633333; ;2.5712224137931
P27;1;2.626;2.1826188;0;99.9406667633333; ;2.5712224137931
P27;1;1.313;.1904292;0;99.9406667633333; ;2.5712224137931
P27;1;2.77;1.4978016;0;99.9406667633333; ;2.5712224137931
P27;1;1.621;2.1826188;1;99.9406667633333; ;2.5712224137931
P27;1;2.461;.8349624;0;99.9406667633333; ;2.5712224137931
P27;1;2.707;.0585936;0;99.9406667633333; ;2.5712224137931
P27;1;3.35;.0585936;0;99.9406667633333; ;2.5712224137931
P27;1;2.922;1.439208;1;99.9406667633333; ;2.5712224137931
P27;1;2.828;.1904292;0;99.9406667633333; ;2.5712224137931
P27;1;1.77;.0585936;0;99.9406667633333; ;2.5712224137931
P27;1;.128;0;0;99.9406667633333; ;2.5712224137931
P27;1;1.428;.4248036;0;99.9406667633333; ;2.5712224137931
P27;1;1.919;.3076164;0;99.9406667633333; ;2.5712224137931
P27;1;1.84;.4833972;0;99.9406667633333; ;2.5712224137931
P27;1;1.383;.1171872;0;99.9406667633333; ;2.5712224137931
P27;1;2.309;.7324236;0;99.9406667633333; ;2.5712224137931
P27;1;3.106;.2343744;0;99.9406667633333; ;2.5712224137931
P27;1;1.51;.9558108;0;99.9406667633333; ;2.5712224137931
P27;1;1.47;4.2333984;1;99.9406667633333; ;2.5712224137931
P27;1;1.816;.6005844;1;99.9406667633333; ;2.5712224137931
P27;1;1.821;.9667944;0;99.9406667633333; ;2.5712224137931
P27;1;.61;2.358396;0;99.9406667633333; ;2.5712224137931
P27;1;1.793;.2490228;0;99.9406667633333; ;2.5712224137931
P27;1;1.78;.249026400000001;0;99.9406667633333; ;2.5712224137931
P27;1;1.436;.9667944;0;99.9406667633333; ;2.5712224137931
P27;1;1.18;.1171872;0;99.9406667633333; ;2.5712224137931
P27;1;.393;1.1572236;0;99.9406667633333; ;2.5712224137931
P27;1;1.676;.36621;0;99.9406667633333; ;2.5712224137931
P27;1;1.656;0;0;99.9406667633333; ;2.5712224137931
P27;1;1.294;0;0;99.9406667633333; ;2.5712224137931
P27;1;1.366;0;0;99.9406667633333; ;2.5712224137931
P27;1;1.214;0;0;99.9406667633333; ;2.5712224137931
P27;1;1.967;.2343744;0;99.9406667633333; ;2.5712224137931
P27;1;1.983;.3662136;0;99.9406667633333; ;2.5712224137931
P27;1;.319;1.0869156;0;99.9406667633333; ;2.5712224137931
P27;1;1.216;7.4890152;0;99.9406667633333; ;2.5712224137931
P27;1;.369;1.04004;0;99.9406667633333; ;2.5712224137931
P27;1;.7;.1171872;0;99.9406667633333; ;2.5712224137931
P27;2;1.087;1.8750024;0;99.9406667633333; ;2.5712224137931
P27;2;1.579;.0585971999999998;0;99.9406667633333; ;2.5712224137931
P27;2;1.99;.7177752;0;99.9406667633333; ;2.5712224137931
P27;2;1.926;.5419908;1;99.9406667633333; ;2.5712224137931
P27;2;2.545;1.0839852;0;99.9406667633333; ;2.5712224137931
P27;2;1.95;0;0;99.9406667633333; ;2.5712224137931
P27;2;2.029;.0585936;0;99.9406667633333; ;2.5712224137931
P27;2;3.4;.292968;0;99.9406667633333; ;2.5712224137931
P27;2;2.099;0;0;99.9406667633333; ;2.5712224137931
P27;2;3.766;0;0;99.9406667633333; ;2.5712224137931
P27;2;2.013;.292968;0;99.9406667633333; ;2.5712224137931
P27;2;2.474;.1318356;0;99.9406667633333; ;2.5712224137931
P27;2;1.65;.5566392;0;99.9406667633333; ;2.5712224137931
P27;2;2.19;.7177752;0;99.9406667633333; ;2.5712224137931
P27;2;3.412;.2343744;0;99.9406667633333; ;2.5712224137931
P27;2;4.35;.0585935999999999;0;99.9406667633333; ;2.5712224137931
P27;2;4.285;.1318356;0;99.9406667633333; ;2.5712224137931
P27;2;4.363;.1757808;1;99.9406667633333; ;2.5712224137931
P27;2;2.539;0;0;99.9406667633333; ;2.5712224137931
P27;2;2.005;1.3806144;0;99.9406667633333; ;2.5712224137931
P27;2;2.646;.0585936;0;99.9406667633333; ;2.5712224137931
P27;2;2.609;.1757808;0;99.9406667633333; ;2.5712224137931
P27;2;2.291;.0585936;0;99.9406667633333; ;2.5712224137931
P27;2;.628;.6591816;0;99.9406667633333; ;2.5712224137931
P27;2;.563;.2929716;0;99.9406667633333; ;2.5712224137931
P27;2;2.142;.2343744;0;99.9406667633333; ;2.5712224137931
P27;2;2.396;.7763652;0;99.9406667633333; ;2.5712224137931
P27;2;2.45;.6005844;1;99.9406667633333; ;2.5712224137931
P27;2;2.187;.2490228;0;99.9406667633333; ;2.5712224137931
P27;2;1.329;1.8750024;0;99.9406667633333; ;2.5712224137931
P27;2;2.366;.2343744;1;99.9406667633333; ;2.5712224137931
P27;2;1.564;.0732456000000003;0;99.9406667633333; ;2.5712224137931
P27;2;1.847;.0732456000000003;0;99.9406667633333; ;2.5712224137931
P27;2;1.425;.3076164;0;99.9406667633333; ;2.5712224137931
P27;2;2.267;1.259766;0;99.9406667633333; ;2.5712224137931
P27;2;.648;.0585935999999999;0;99.9406667633333; ;2.5712224137931
P27;2;1.649;.4248036;0;99.9406667633333; ;2.5712224137931
P27;2;1.307;0;0;99.9406667633333; ;2.5712224137931
P27;2;2.553;.9082008;1;99.9406667633333; ;2.5712224137931
P27;6;.352;.73242;0;99.9406667633333; ;2.5712224137931
P27;6;.196;.3662136;0;99.9406667633333; ;2.5712224137931
P27;6;.79;.0585935999999999;0;99.9406667633333; ;2.5712224137931
P27;6;1.412;.1904292;0;99.9406667633333; ;2.5712224137931
P27;6;2.473;.4248036;0;99.9406667633333; ;2.5712224137931
P27;6;1.959;0;0;99.9406667633333; ;2.5712224137931
P27;6;3.205;.5566392;0;99.9406667633333; ;2.5712224137931
P27;6;.8;0;0;99.9406667633333; ;2.5712224137931
P27;6;5.069;.3662136;0;99.9406667633333; ;2.5712224137931
P27;6;.324;.3076164;0;99.9406667633333; ;2.5712224137931
P27;6;.312;.0585936;0;99.9406667633333; ;2.5712224137931
P27;6;4.092;.4248036;0;99.9406667633333; ;2.5712224137931
P27;6;.86;0;0;99.9406667633333; ;2.5712224137931
P27;6;3.235;2.1093768;0;99.9406667633333; ;2.5712224137931
P27;6;1.733;.2490228;0;99.9406667633333; ;2.5712224137931
P27;6;3.495;1.2158208;0;99.9406667633333; ;2.5712224137931
P27;6;1.708;.1904292;0;99.9406667633333; ;2.5712224137931
P27;6;.747;.3076164;0;99.9406667633333; ;2.5712224137931
P27;6;3.055;.5419944;0;99.9406667633333; ;2.5712224137931
P27;6;2.153;.8496108;0;99.9406667633333; ;2.5712224137931
P27;6;.636;0;0;99.9406667633333; ;2.5712224137931
P27;6;2.282;.8496108;0;99.9406667633333; ;2.5712224137931
P27;6;3.429;2.772216;0;99.9406667633333; ;2.5712224137931
P27;6;4.64;.2343744;1;99.9406667633333; ;2.5712224137931
P27;6;2.652;0;0;99.9406667633333; ;2.5712224137931
P27;6;.343;.1171872;0;99.9406667633333; ;2.5712224137931
P27;6;3.936;.2380356;1;99.9406667633333; ;2.5712224137931
P27;6;1.04;1.333008;1;99.9406667633333; ;2.5712224137931
P27;6;.784;.4248072;0;99.9406667633333; ;2.5712224137931
P27;6;.866;0;0;99.9406667633333; ;2.5712224137931
P27;6;3.3;1.333008;0;99.9406667633333; ;2.5712224137931
P27;6;.515;.7763652;0;99.9406667633333; ;2.5712224137931
P27;6;3.536;.1904292;0;99.9406667633333; ;2.5712224137931
P27;6;1.917;2.7831996;0;99.9406667633333; ;2.5712224137931
P27;6;.399;.0585935999999999;0;99.9406667633333; ;2.5712224137931
P27;6;1.598;.67383;0;99.9406667633333; ;2.5712224137931
P27;6;1.619;.600588;0;99.9406667633333; ;2.5712224137931
P27;6;2.083;.600588;0;99.9406667633333; ;2.5712224137931
P27;6;1.359;0;0;99.9406667633333; ;2.5712224137931
P27;6;3.157;.2343744;0;99.9406667633333; ;2.5712224137931
P27;6;3.073;.4248036;1;99.9406667633333; ;2.5712224137931
P27;6;.773;.0585935999999999;0;99.9406667633333; ;2.5712224137931
P27;6;.524;0;0;99.9406667633333; ;2.5712224137931
P27;6;.388;.7324236;0;99.9406667633333; ;2.5712224137931
P27;7;.411;.2490228;0;99.9406667633333; ;2.5712224137931
P27;7;.455;1.8749988;0;99.9406667633333; ;2.5712224137931
P27;7;.832;.3076164;0;99.9406667633333; ;2.5712224137931
P27;7;.784;.7177716;0;99.9406667633333; ;2.5712224137931
P27;7;.732;.2490228;0;99.9406667633333; ;2.5712224137931
P27;7;2.276;.2490264;0;99.9406667633333; ;2.5712224137931
P27;7;2.243;.234378;0;99.9406667633333; ;2.5712224137931
P27;7;.778;.966798;0;99.9406667633333; ;2.5712224137931
P27;7;2.01;.659178;0;99.9406667633333; ;2.5712224137931
P27;7;3.767;0;0;99.9406667633333; ;2.5712224137931
P27;7;.643;0;0;99.9406667633333; ;2.5712224137931
P27;7;2.833;.0585936;0;99.9406667633333; ;2.5712224137931
P27;7;2.36;2.4755868;0;99.9406667633333; ;2.5712224137931
P27;7;2.273;2.5341768;0;99.9406667633333; ;2.5712224137931
P27;7;2.032;.7910136;0;99.9406667633333; ;2.5712224137931
P27;7;1.71;.3076164;0;99.9406667633333; ;2.5712224137931
P27;7;3.115;0;0;99.9406667633333; ;2.5712224137931
P27;7;1.755;.3662136;0;99.9406667633333; ;2.5712224137931
P27;7;1.136;.3515616;0;99.9406667633333; ;2.5712224137931
P27;7;.631;.3662136;0;99.9406667633333; ;2.5712224137931
P27;7;2.591;.8496108;0;99.9406667633333; ;2.5712224137931
P27;7;2.979;2.4645996;0;99.9406667633333; ;2.5712224137931
P27;7;.528;.2490228;0;99.9406667633333; ;2.5712224137931
P27;7;2.021;1.04004;0;99.9406667633333; ;2.5712224137931
P27;7;3.51;2.2302252;0;99.9406667633333; ;2.5712224137931
P27;7;.538;.3076164;0;99.9406667633333; ;2.5712224137931
P27;7;2.553;1.2744144;0;99.9406667633333; ;2.5712224137931
P27;7;3.06;4.471434;1;99.9406667633333; ;2.5712224137931
P27;7;.733;.234378;1;99.9406667633333; ;2.5712224137931
P27;7;.64;.73242;0;99.9406667633333; ;2.5712224137931
P27;7;2.355;2.1716316;0;99.9406667633333; ;2.5712224137931
P27;7;2.373;1.14624;0;99.9406667633333; ;2.5712224137931
P27;7;2.022;0;0;99.9406667633333; ;2.5712224137931
P27;7;1.421;1.0253916;0;99.9406667633333; ;2.5712224137931
P27;7;.555;.7910172;0;99.9406667633333; ;2.5712224137931
P27;7;2.429;.659178;0;99.9406667633333; ;2.5712224137931
P27;7;2.721;3.618162;0;99.9406667633333; ;2.5712224137931
P27;7;3.03;6.2146008;0;99.9406667633333; ;2.5712224137931
P27;7;1.594;.292968;0;99.9406667633333; ;2.5712224137931
P27;7;2.74;1.8164088;0;99.9406667633333; ;2.5712224137931
P27;7;1.981;5.9216328;0;99.9406667633333; ;2.5712224137931
P27;7;.536;.4248036;0;99.9406667633333; ;2.5712224137931
P27;7;3.45;2.6513676;0;99.9406667633333; ;2.5712224137931
P27;7;2.485;3.5742204;0;99.9406667633333; ;2.5712224137931
P27;7;2.14;.5419908;0;99.9406667633333; ;2.5712224137931
P27;7;2.245;.3076164;0;99.9406667633333; ;2.5712224137931
P27;7;3;.36621;0;99.9406667633333; ;2.5712224137931
P27;7;2.195;6.0241716;0;99.9406667633333; ;2.5712224137931
P27;7;3.066;3.3837876;1;99.9406667633333; ;2.5712224137931
P27;7;4.285;4.0429692;0;99.9406667633333; ;2.5712224137931
P27;7;2.616;3.1494132;0;99.9406667633333; ;2.5712224137931
P27;7;3.129;2.2412124;0;99.9406667633333; ;2.5712224137931
P27;7;.35;.9667944;0;99.9406667633333; ;2.5712224137931
P27;7;.571;.1904328;0;99.9406667633333; ;2.5712224137931
P27;7;.595;1.6845696;0;99.9406667633333; ;2.5712224137931
P27;8;.991;.600588;0;99.9406667633333; ;2.5712224137931
P27;8;.466;.073242;0;99.9406667633333; ;2.5712224137931
P27;8;1.234;.6005844;0;99.9406667633333; ;2.5712224137931
P27;8;1.284;.2929716;0;99.9406667633333; ;2.5712224137931
P27;8;2.458;.36621;0;99.9406667633333; ;2.5712224137931
P27;8;2.857;1.2744144;0;99.9406667633333; ;2.5712224137931
P27;8;3.448;1.7578116;0;99.9406667633333; ;2.5712224137931
P27;8;5.435;1.0986336;0;99.9406667633333; ;2.5712224137931
P27;8;1.157;1.5087888;0;99.9406667633333; ;2.5712224137931
P27;8;2.458;1.4648436;0;99.9406667633333; ;2.5712224137931
P27;8;2.483;1.0839852;0;99.9406667633333; ;2.5712224137931
P27;8;3.75;3.0175776;0;99.9406667633333; ;2.5712224137931
P27;8;2.2;.36621;0;99.9406667633333; ;2.5712224137931
P27;8;1.454;1.0253916;0;99.9406667633333; ;2.5712224137931
P27;8;1.554;.3662136;0;99.9406667633333; ;2.5712224137931
P27;8;2.9;1.2158208;0;99.9406667633333; ;2.5712224137931
P27;8;2.9;2.0507796;0;99.9406667633333; ;2.5712224137931
P27;8;2.412;1.7321796;0;99.9406667633333; ;2.5712224137931
P27;8;1.114;.1757808;0;99.9406667633333; ;2.5712224137931
P27;8;2.079;.6005844;0;99.9406667633333; ;2.5712224137931
P27;8;4.086;2.772216;0;99.9406667633333; ;2.5712224137931
P27;8;3.133;2.8308096;1;99.9406667633333; ;2.5712224137931
P27;8;3.458;.6591816;1;99.9406667633333; ;2.5712224137931
P27;8;1.435;2.0507832;1;99.9406667633333; ;2.5712224137931
P27;8;1.162;5.99121;1;99.9406667633333; ;2.5712224137931
P27;8;1.117;2.4755868;0;99.9406667633333; ;2.5712224137931
P27;8;1.87;1.8640152;1;99.9406667633333; ;2.5712224137931
P27;8;2.416;1.0253916;0;99.9406667633333; ;2.5712224137931
P27;8;1.184;.5310036;0;99.9406667633333; ;2.5712224137931
P27;8;2.041;2.299806;0;99.9406667633333; ;2.5712224137931
P27;8;1.334;4.8815928;0;99.9406667633333; ;2.5712224137931
P27;8;1.588;4.0905756;0;99.9406667633333; ;2.5712224137931
P27;8;2.017;2.592774;0;99.9406667633333; ;2.5712224137931
P27;8;2.698;6.2731908;0;99.9406667633333; ;2.5712224137931
P27;8;.896;.1904292;0;99.9406667633333; ;2.5712224137931
P27;8;2.353;3.0322296;0;99.9406667633333; ;2.5712224137931
P27;8;1.296;1.992186;0;99.9406667633333; ;2.5712224137931
P27;8;1.816;.1171872;0;99.9406667633333; ;2.5712224137931
P27;8;1.791;.9667944;0;99.9406667633333; ;2.5712224137931
P27;8;1.637;4.3395984;0;99.9406667633333; ;2.5712224137931
P27;8;.869;5.2001928;1;99.9406667633333; ;2.5712224137931
P27;8;.657;4.9401828;1;99.9406667633333; ;2.5712224137931
P27;8;1.324;.4101552;0;99.9406667633333; ;2.5712224137931
P27;8;.75;.4248036;0;99.9406667633333; ;2.5712224137931
P27;8;1.341;.0585936000000002;0;99.9406667633333; ;2.5712224137931
P27;8;2.814;6.3427752;1;99.9406667633333; ;2.5712224137931
P27;8;2.431;3.4570332;1;99.9406667633333; ;2.5712224137931
P27;8;.7;3.8562012;1;99.9406667633333; ;2.5712224137931
P27;8;1.604;4.7753928;1;99.9406667633333; ;2.5712224137931
P27;8;.817;.5419908;0;99.9406667633333; ;2.5712224137931
P27;8;1.156;.6152364;0;99.9406667633333; ;2.5712224137931
P27;8;1.093;8.8806168;1;99.9406667633333; ;2.5712224137931
P27;8;.816;6.0974136;1;99.9406667633333; ;2.5712224137931
P27;8;.774;2.6019792;1;99.9406667633333; ;2.5712224137931
P27;8;.316;.2929716;0;99.9406667633333; ;2.5712224137931
P28;1;3.437;6.284178;1;93.3316664633333; ;2.79657058823529
P28;1;21.284;14.1067584;1;93.3316664633333; ;2.79657058823529
P28;1;36.489;8.0895996;1;93.3316664633333; ;2.79657058823529
P28;1;40.802;10.5065928;1;93.3316664633333; ;2.79657058823529
P28;1;6.514;7.4890152;1;93.3316664633333; ;2.79657058823529
P28;1;21.783;10.2722148;1;93.3316664633333; ;2.79657058823529
P28;1;5.933;10.023192;1;93.3316664633333; ;2.79657058823529
P28;1;.358;.1171872;0;93.3316664633333; ;2.79657058823529
P28;1;8.466;6.8298336;1;93.3316664633333; ;2.79657058823529
P28;1;4.168;3.5742168;1;93.3316664633333; ;2.79657058823529
P28;1;9.02;5.99121;1;93.3316664633333; ;2.79657058823529
P28;1;2.004;2.7832032;0;93.3316664633333; ;2.79657058823529
P28;1;2.834;10.697022;1;93.3316664633333; ;2.79657058823529
P28;1;.517;1.2158208;1;93.3316664633333; ;2.79657058823529
P28;2;3.55;8.5876488;1;93.3316664633333; ;2.79657058823529
P28;2;10.934;7.3718244;1;93.3316664633333; ;2.79657058823529
P28;2;20.973;8.1628416;1;93.3316664633333; ;2.79657058823529
P28;2;5.167;2.0507796;0;93.3316664633333; ;2.79657058823529
P28;2;5.633;3.0908196;0;93.3316664633333; ;2.79657058823529
P28;2;7.273;3.6804204;0;93.3316664633333; ;2.79657058823529
P28;2;19.239;5.0573736;1;93.3316664633333; ;2.79657058823529
P28;2;7.533;8.5876452;1;93.3316664633333; ;2.79657058823529
P28;2;15.96;10.2722184;1;93.3316664633333; ;2.79657058823529
P28;2;17.173;12.5058924;1;93.3316664633333; ;2.79657058823529
P28;2;10.29;9.8474148;1;93.3316664633333; ;2.79657058823529
P28;2;1.067;.659178;1;93.3316664633333; ;2.79657058823529
P28;2;8.444;5.7568356;1;93.3316664633333; ;2.79657058823529
P28;2;4.82;7.357176;1;93.3316664633333; ;2.79657058823529
P28;2;21.713;10.7146008;1;93.3316664633333; ;2.79657058823529
P28;6;.321;.9082008;0;93.3316664633333; ;2.79657058823529
P28;6;.767;.1171872;0;93.3316664633333; ;2.79657058823529
P28;6;1.983;3.8085948;1;93.3316664633333; ;2.79657058823529
P28;6;2.254;6.6993624;1;93.3316664633333; ;2.79657058823529
P28;6;.688;1.0986336;1;93.3316664633333; ;2.79657058823529
P28;6;2.75;3.266604;1;93.3316664633333; ;2.79657058823529
P28;6;2.388;2.3583996;1;93.3316664633333; ;2.79657058823529
P28;6;2.362;1.1572272;0;93.3316664633333; ;2.79657058823529
P28;6;2.621;3.8085948;0;93.3316664633333; ;2.79657058823529
P28;6;1.321;2.772216;1;93.3316664633333; ;2.79657058823529
P28;6;4.721;6.1706556;1;93.3316664633333; ;2.79657058823529
P28;6;3.395;3.6218268;1;93.3316664633333; ;2.79657058823529
P28;6;1.571;2.4169932;1;93.3316664633333; ;2.79657058823529
P28;6;.521;2.2412124;1;93.3316664633333; ;2.79657058823529
P28;6;4.166;6.5808144;1;93.3316664633333; ;2.79657058823529
P28;6;.3;.659178;1;93.3316664633333; ;2.79657058823529
P28;6;3.433;2.640384;0;93.3316664633333; ;2.79657058823529
P28;6;.567;3.8085948;0;93.3316664633333; ;2.79657058823529
P28;6;3.332;2.5341804;0;93.3316664633333; ;2.79657058823529
P28;6;1.654;2.2412124;0;93.3316664633333; ;2.79657058823529
P28;6;2.087;3.372804;0;93.3316664633333; ;2.79657058823529
P28;6;2.421;2.3583996;1;93.3316664633333; ;2.79657058823529
P28;6;.566;.9082044;1;93.3316664633333; ;2.79657058823529
P28;6;2.388;5.438232;0;93.3316664633333; ;2.79657058823529
P28;6;1.951;5.5554228;0;93.3316664633333; ;2.79657058823529
P28;6;2.354;.7177752;0;93.3316664633333; ;2.79657058823529
P28;6;3.987;6.331788;1;93.3316664633333; ;2.79657058823529
P28;6;.866;1.699218;1;93.3316664633333; ;2.79657058823529
P28;6;.654;3.398436;1;93.3316664633333; ;2.79657058823529
P28;6;2.633;5.4968292;1;93.3316664633333; ;2.79657058823529
P28;6;.888;.966798;0;93.3316664633333; ;2.79657058823529
P28;6;1.705;3.1970232;0;93.3316664633333; ;2.79657058823529
P28;6;7.254;3.4570332;1;93.3316664633333; ;2.79657058823529
P28;6;.529;4.7244348;0;93.3316664633333; ;2.79657058823529
P28;6;2.5;3.325194;1;93.3316664633333; ;2.79657058823529
P28;6;1.672;7.738038;1;93.3316664633333; ;2.79657058823529
P28;6;.671;3.032226;1;93.3316664633333; ;2.79657058823529
P28;6;1.138;2.7246096;1;93.3316664633333; ;2.79657058823529
P28;6;1.351;1.8640152;1;93.3316664633333; ;2.79657058823529
P28;6;1.754;3.5156268;1;93.3316664633333; ;2.79657058823529
P28;6;.521;2.5341768;0;93.3316664633333; ;2.79657058823529
P28;6;.734;.1171872;0;93.3316664633333; ;2.79657058823529
P28;6;.662;.1171908;0;93.3316664633333; ;2.79657058823529
P28;7;1.767;.0585936000000002;0;93.3316664633333; ;2.79657058823529
P28;7;1.766;4.7167956;0;93.3316664633333; ;2.79657058823529
P28;7;1.95;4.8486312;1;93.3316664633333; ;2.79657058823529
P28;7;3.009;8.8673292;1;93.3316664633333; ;2.79657058823529
P28;7;1.5;.8496072;0;93.3316664633333; ;2.79657058823529
P28;7;1.24;3.5046396;0;93.3316664633333; ;2.79657058823529
P28;7;1.005;.5566392;0;93.3316664633333; ;2.79657058823529
P28;7;4.883;8.9392068;0;93.3316664633333; ;2.79657058823529
P28;7;2.217;2.0507796;0;93.3316664633333; ;2.79657058823529
P28;7;2.796;2.7246132;0;93.3316664633333; ;2.79657058823529
P28;7;3.357;2.1679704;0;93.3316664633333; ;2.79657058823529
P28;7;1.557;3.7499976;1;93.3316664633333; ;2.79657058823529
P28;7;1.066;.966798;0;93.3316664633333; ;2.79657058823529
P28;7;2.222;1.9226088;0;93.3316664633333; ;2.79657058823529
P28;7;5.471;2.7246132;1;93.3316664633333; ;2.79657058823529
P28;7;2.173;1.8749988;1;93.3316664633333; ;2.79657058823529
P28;7;1.273;1.4501952;0;93.3316664633333; ;2.79657058823529
P28;7;2.981;4.2810048;1;93.3316664633333; ;2.79657058823529
P28;7;2.073;4.705812;1;93.3316664633333; ;2.79657058823529
P28;7;.772;.1318356;0;93.3316664633333; ;2.79657058823529
P28;7;1.645;3.0212388;0;93.3316664633333; ;2.79657058823529
P28;7;2.046;1.8164052;0;93.3316664633333; ;2.79657058823529
P28;7;2.45;7.2546372;0;93.3316664633333; ;2.79657058823529
P28;7;1.317;3.4423812;1;93.3316664633333; ;2.79657058823529
P28;7;.467;5.4931644;1;93.3316664633333; ;2.79657058823529
P28;7;1.195;4.233402;1;93.3316664633333; ;2.79657058823529
P28;7;1.288;3.1970232;1;93.3316664633333; ;2.79657058823529
P28;7;1.355;5.551758;1;93.3316664633333; ;2.79657058823529
P28;7;2.572;3.0798324;1;93.3316664633333; ;2.79657058823529
P28;7;.533;1.8750024;1;93.3316664633333; ;2.79657058823529
P28;7;.8;5.8007808;1;93.3316664633333; ;2.79657058823529
P28;7;1.473;2.9480004;1;93.3316664633333; ;2.79657058823529
P28;7;2.79;3.2666004;1;93.3316664633333; ;2.79657058823529
P28;7;1.095;3.7976076;1;93.3316664633333; ;2.79657058823529
P28;7;.6;1.7321796;0;93.3316664633333; ;2.79657058823529
P28;7;1.857;7.0642116;0;93.3316664633333; ;2.79657058823529
P28;7;1.911;2.2888152;0;93.3316664633333; ;2.79657058823529
P28;7;2.155;1.5087888;0;93.3316664633333; ;2.79657058823529
P28;7;.483;1.380618;0;93.3316664633333; ;2.79657058823529
P28;7;1.94;1.20483;0;93.3316664633333; ;2.79657058823529
P28;7;1.385;2.1679668;1;93.3316664633333; ;2.79657058823529
P28;7;1.97;2.9040516;0;93.3316664633333; ;2.79657058823529
P28;7;2.479;2.2412124;0;93.3316664633333; ;2.79657058823529
P28;7;.755;2.4755868;0;93.3316664633333; ;2.79657058823529
P28;7;1.624;4.2810048;0;93.3316664633333; ;2.79657058823529
P28;7;2.477;1.2744144;0;93.3316664633333; ;2.79657058823529
P28;7;.812;2.4169896;0;93.3316664633333; ;2.79657058823529
P28;7;.617;.4834008;0;93.3316664633333; ;2.79657058823529
P28;7;2.588;4.6472184;1;93.3316664633333; ;2.79657058823529
P28;7;1.512;4.9896756;1;93.3316664633333; ;2.79657058823529
P28;7;1.795;3.372804;1;93.3316664633333; ;2.79657058823529
P28;7;1.195;9.0263664;1;93.3316664633333; ;2.79657058823529
P28;7;.988;2.2155768;1;93.3316664633333; ;2.79657058823529
P28;7;2.545;2.299806;1;93.3316664633333; ;2.79657058823529
P28;7;1.945;4.658202;0;93.3316664633333; ;2.79657058823529
P28;7;1.35;3.1384296;0;93.3316664633333; ;2.79657058823529
P28;7;2.276;1.5820308;1;93.3316664633333; ;2.79657058823529
P28;7;3.029;7.1337888;1;93.3316664633333; ;2.79657058823529
P28;7;3.173;5.1416028;1;93.3316664633333; ;2.79657058823529
P28;7;1.712;2.9807496;1;93.3316664633333; ;2.79657058823529
P28;7;1.583;1.5087888;1;93.3316664633333; ;2.79657058823529
P28;7;.611;1.4501952;0;93.3316664633333; ;2.79657058823529
P28;8;.63;0;0;93.3316664633333; ;2.79657058823529
P28;8;1.367;5.0830056;0;93.3316664633333; ;2.79657058823529
P28;8;1.87;5.7568356;0;93.3316664633333; ;2.79657058823529
P28;8;2.269;3.8671884;1;93.3316664633333; ;2.79657058823529
P28;8;1.127;1.6845696;1;93.3316664633333; ;2.79657058823529
P28;8;.289;2.3583996;0;93.3316664633333; ;2.79657058823529
P28;8;1.323;.073242;0;93.3316664633333; ;2.79657058823529
P28;8;2.767;1.1572272;0;93.3316664633333; ;2.79657058823529
P28;8;1.167;4.7058084;0;93.3316664633333; ;2.79657058823529
P28;8;1.896;.8496108;0;93.3316664633333; ;2.79657058823529
P28;8;1;1.8749988;1;93.3316664633333; ;2.79657058823529
P28;8;1.963;5.438232;1;93.3316664633333; ;2.79657058823529
P28;8;1.014;.7177716;0;93.3316664633333; ;2.79657058823529
P28;8;1.723;3.5632332;0;93.3316664633333; ;2.79657058823529
P28;8;2.688;2.1826152;0;93.3316664633333; ;2.79657058823529
P28;8;.886;2.5341768;0;93.3316664633333; ;2.79657058823529
P28;8;2.486;3.079836;0;93.3316664633333; ;2.79657058823529
P28;8;4.517;3.5046396;1;93.3316664633333; ;2.79657058823529
P28;8;.6;1.025388;1;93.3316664633333; ;2.79657058823529
P28;8;.719;1.1572272;1;93.3316664633333; ;2.79657058823529
P28;8;1.467;2.772216;1;93.3316664633333; ;2.79657058823529
P28;8;2.323;1.1572272;0;93.3316664633333; ;2.79657058823529
P28;8;2.847;3.9880368;0;93.3316664633333; ;2.79657058823529
P28;8;.609;2.2412124;0;93.3316664633333; ;2.79657058823529
P28;8;2.403;2.8894068;0;93.3316664633333; ;2.79657058823529
P28;8;5.003;5.1892092;1;93.3316664633333; ;2.79657058823529
P28;8;1.33;5.2734348;1;93.3316664633333; ;2.79657058823529
P28;8;1.62;1.8164052;1;93.3316664633333; ;2.79657058823529
P28;8;2.797;2.8308132;0;93.3316664633333; ;2.79657058823529
P28;8;2.133;2.9479968;0;93.3316664633333; ;2.79657058823529
P28;8;1.617;3.618162;0;93.3316664633333; ;2.79657058823529
P28;8;1.6;4.6582056;0;93.3316664633333; ;2.79657058823529
P28;8;.713;.4834008;0;93.3316664633333; ;2.79657058823529
P28;8;2.464;1.5673824;0;93.3316664633333; ;2.79657058823529
P28;8;.547;4.764402;0;93.3316664633333; ;2.79657058823529
P28;8;3.814;4.7644056;1;93.3316664633333; ;2.79657058823529
P28;8;1.167;1.333008;0;93.3316664633333; ;2.79657058823529
P28;8;.547;3.812256;1;93.3316664633333; ;2.79657058823529
P28;8;1.493;1.025388;1;93.3316664633333; ;2.79657058823529
P28;8;5.07;4.2956532;1;93.3316664633333; ;2.79657058823529
P28;8;.9;1.4501952;0;93.3316664633333; ;2.79657058823529
P28;8;.78;3.0798324;1;93.3316664633333; ;2.79657058823529
P28;8;2.013;3.6218268;0;93.3316664633333; ;2.79657058823529
P28;8;1.203;3.4570332;1;93.3316664633333; ;2.79657058823529
P28;8;2.43;4.89258;1;93.3316664633333; ;2.79657058823529
P28;8;3.184;2.772216;1;93.3316664633333; ;2.79657058823529
P28;8;1.53;1.333008;0;93.3316664633333; ;2.79657058823529
P28;8;.337;1.5563988;0;93.3316664633333; ;2.79657058823529
P28;8;1.617;1.3220208;0;93.3316664633333; ;2.79657058823529
P28;8;4.2;5.5664064;1;93.3316664633333; ;2.79657058823529
P28;8;1.65;4.7900412;1;93.3316664633333; ;2.79657058823529
P28;8;.503;3.3251976;1;93.3316664633333; ;2.79657058823529
P28;8;1.536;6.591798;1;93.3316664633333; ;2.79657058823529
P28;8;2.614;1.7468244;1;93.3316664633333; ;2.79657058823529
P28;8;4.936;4.1748012;1;93.3316664633333; ;2.79657058823529
P28;8;.367;1.4501952;0;93.3316664633333; ;2.79657058823529
P28;8;2.089;2.1240252;0;93.3316664633333; ;2.79657058823529
P28;8;1.52;.30762;0;93.3316664633333; ;2.79657058823529
P28;8;3.39;2.3583996;1;93.3316664633333; ;2.79657058823529
P28;8;1.1;3.3837912;1;93.3316664633333; ;2.79657058823529
P28;8;.5;0;1;93.3316664633333; ;2.79657058823529
P28;8;3.383;2.1240252;1;93.3316664633333; ;2.79657058823529
P28;8;.967;1.4501952;0;93.3316664633333; ;2.79657058823529
P28;8;.596;0;0;93.3316664633333; ;2.79657058823529
P28;8;2.72;2.285154;0;93.3316664633333; ;2.79657058823529
P28;8;2.4;1.0253916;0;93.3316664633333; ;2.79657058823529
P28;8;2.269;1.1425788;0;93.3316664633333; ;2.79657058823529
P28;8;.703;1.2744144;0;93.3316664633333; ;2.79657058823529
P28;8;.467;.6738264;0;93.3316664633333; ;2.79657058823529
P29;1;.522;.4833972;0;135.678666573333; ;1.801696
P29;1;.838;6.2731944;0;135.678666573333; ;1.801696
P29;1;.505;.1904328;0;135.678666573333; ;1.801696
P29;1;1.555;4.3505856;0;135.678666573333; ;1.801696
P29;1;3.022;8.104248;0;135.678666573333; ;1.801696
P29;1;2.483;14.9793876;1;135.678666573333; ;1.801696
P29;1;2.083;3.2080068;1;135.678666573333; ;1.801696
P29;1;2.257;5.5078128;1;135.678666573333; ;1.801696
P29;1;.883;3.325194;0;135.678666573333; ;1.801696
P29;1;1.217;7.1228016;0;135.678666573333; ;1.801696
P29;1;.705;6.8884272;0;135.678666573333; ;1.801696
P29;1;.705;9.6716304;0;135.678666573333; ;1.801696
P29;1;.332;4.6472184;0;135.678666573333; ;1.801696
P29;1;2.733;8.631594;0;135.678666573333; ;1.801696
P29;1;1.245;5.4821772;0;135.678666573333; ;1.801696
P29;1;.916;.600587999999999;0;135.678666573333; ;1.801696
P29;1;.371;1.2158208;0;135.678666573333; ;1.801696
P29;1;1.017;3.3728004;0;135.678666573333; ;1.801696
P29;1;1.966;8.9392104;0;135.678666573333; ;1.801696
P29;1;.402;3.0212424;0;135.678666573333; ;1.801696
P29;1;.533;3.079836;0;135.678666573333; ;1.801696
P29;1;3.517;6.8151852;0;135.678666573333; ;1.801696
P29;1;.595;4.0466304;0;135.678666573333; ;1.801696
P29;1;2.455;5.072022;0;135.678666573333; ;1.801696
P29;1;1.633;3.2080068;0;135.678666573333; ;1.801696
P29;1;2.117;1.0986336;0;135.678666573333; ;1.801696
P29;1;4.066;9.5544432;0;135.678666573333; ;1.801696
P29;1;1.519;2.666016;0;135.678666573333; ;1.801696
P29;1;2.622;7.2399888;0;135.678666573333; ;1.801696
P29;1;1.177;5.5407708;0;135.678666573333; ;1.801696
P29;1;3.406;8.031006;0;135.678666573333; ;1.801696
P29;1;2.072;6.8884272;0;135.678666573333; ;1.801696
P29;1;.655;4.9401828;0;135.678666573333; ;1.801696
P29;1;1.438;3.032226;0;135.678666573333; ;1.801696
P29;1;1.055;.6005844;0;135.678666573333; ;1.801696
P29;1;.455;.9667944;0;135.678666573333; ;1.801696
P29;1;.445;3.925782;0;135.678666573333; ;1.801696
P29;1;1.845;4.6472148;0;135.678666573333; ;1.801696
P29;1;1.867;3.9880368;0;135.678666573333; ;1.801696
P29;1;4.033;8.9978004;0;135.678666573333; ;1.801696
P29;1;3.119;9.2321784;0;135.678666573333; ;1.801696
P29;1;1.821;7.1813988;0;135.678666573333; ;1.801696
P29;1;.979;5.2001964;0;135.678666573333; ;1.801696
P29;1;2.085;4.99878;0;135.678666573333; ;1.801696
P29;1;.711;1.933596;0;135.678666573333; ;1.801696
P29;1;1.458;5.3063964;0;135.678666573333; ;1.801696
P29;1;1.466;7.8552252;0;135.678666573333; ;1.801696
P29;1;1.421;3.925782;0;135.678666573333; ;1.801696
P29;1;.262;6.7126464;0;135.678666573333; ;1.801696
P29;1;.905;6.77124;0;135.678666573333; ;1.801696
P29;1;1.308;5.7723228;0;135.678666573333; ;1.801696
P29;1;.553;4.0982112;0;135.678666573333; ;1.801696
P29;1;1.183;1.6882344;0;135.678666573333; ;1.801696
P29;1;.65;3.1494132;0;135.678666573333; ;1.801696
P29;1;.517;2.1093768;0;135.678666573333; ;1.801696
P29;1;1.898;3.925782;0;135.678666573333; ;1.801696
P29;1;1.061;4.4677728;0;135.678666573333; ;1.801696
P29;1;1.239;3.3251976;0;135.678666573333; ;1.801696
P29;1;2.663;5.2001964;0;135.678666573333; ;1.801696
P29;1;1.288;2.1679668;0;135.678666573333; ;1.801696
P29;1;1.168;14.3767116;0;135.678666573333; ;1.801696
P29;1;.644;3.7976076;0;135.678666573333; ;1.801696
P29;1;1.514;7.864956;0;135.678666573333; ;1.801696
P29;1;.95;5.1416028;0;135.678666573333; ;1.801696
P29;1;.492;4.7167992;0;135.678666573333; ;1.801696
P29;1;.588;3.8671848;0;135.678666573333; ;1.801696
P29;1;.424;5.91462;0;135.678666573333; ;1.801696
P29;1;1.555;5.6655972;0;135.678666573333; ;1.801696
P29;1;1.242;3.1347648;0;135.678666573333; ;1.801696
P29;1;3.261;6.7077288;0;135.678666573333; ;1.801696
P29;1;1.7;5.6835936;0;135.678666573333; ;1.801696
P29;1;.278;3.5156268;0;135.678666573333; ;1.801696
P29;2;6.35;10.1621448;0;135.678666573333; ;1.801696
P29;2;1.326;21.4435332;0;135.678666573333; ;1.801696
P29;2;2.764;6.7077288;0;135.678666573333; ;1.801696
P29;2;.904;1.699218;0;135.678666573333; ;1.801696
P29;2;4.125;7.8405768;0;135.678666573333; ;1.801696
P29;2;1.363;5.7421872;0;135.678666573333; ;1.801696
P29;2;.46;1.9921896;0;135.678666573333; ;1.801696
P29;2;3.48;10.5791004;0;135.678666573333; ;1.801696
P29;2;1.537;2.1093768;0;135.678666573333; ;1.801696
P29;2;2.887;5.8044456;0;135.678666573333; ;1.801696
P29;2;.733;1.5673824;0;135.678666573333; ;1.801696
P29;2;2.116;3.691404;0;135.678666573333; ;1.801696
P29;2;1.836;1.2744144;0;135.678666573333; ;1.801696
P29;2;1.429;2.772216;0;135.678666573333; ;1.801696
P29;2;2.221;6.40503;0;135.678666573333; ;1.801696
P29;2;1.949;1.8164088;0;135.678666573333; ;1.801696
P29;2;1.583;4.233402;0;135.678666573333; ;1.801696
P29;2;1.66;7.2399888;0;135.678666573333; ;1.801696
P29;2;2.037;5.7897936;0;135.678666573333; ;1.801696
P29;2;2.035;5.5554228;0;135.678666573333; ;1.801696
P29;2;2.167;1.5673824;0;135.678666573333; ;1.801696
P29;2;2.975;8.7634296;0;135.678666573333; ;1.801696
P29;2;1.476;1.5234372;0;135.678666573333; ;1.801696
P29;2;.456;.1318356;0;135.678666573333; ;1.801696
P29;2;2.73;.6005844;0;135.678666573333; ;1.801696
P29;2;1.074;2.7575676;0;135.678666573333; ;1.801696
P29;2;1.4;.4834008;0;135.678666573333; ;1.801696
P29;2;1.667;.5419944;0;135.678666573333; ;1.801696
P29;2;1.845;.5419908;0;135.678666573333; ;1.801696
P29;2;3.96;3.1347648;0;135.678666573333; ;1.801696
P29;2;2.007;.4138164;0;135.678666573333; ;1.801696
P29;2;2.891;2.1093768;0;135.678666573333; ;1.801696
P29;2;.933;5.8483872;0;135.678666573333; ;1.801696
P29;2;1.516;3.2080104;0;135.678666573333; ;1.801696
P29;2;1.623;2.6074224;0;135.678666573333; ;1.801696
P29;2;.501;.893556;0;135.678666573333; ;1.801696
P29;2;1.522;2.7246096;0;135.678666573333; ;1.801696
P29;2;1.967;6.2292456;0;135.678666573333; ;1.801696
P29;2;1.146;1.625976;0;135.678666573333; ;1.801696
P29;2;1.42;3.3251976;0;135.678666573333; ;1.801696
P29;2;1.12;0;0;135.678666573333; ;1.801696
P29;2;1.44;0;0;135.678666573333; ;1.801696
P29;2;.399;.4248072;0;135.678666573333; ;1.801696
P29;2;3.244;6.4160172;0;135.678666573333; ;1.801696
P29;2;2.146;2.2851576;0;135.678666573333; ;1.801696
P29;2;1.072;3.6181656;0;135.678666573333; ;1.801696
P29;2;1.941;4.6582056;0;135.678666573333; ;1.801696
P29;2;1.387;.9082044;0;135.678666573333; ;1.801696
P29;2;1.674;.6005844;0;135.678666573333; ;1.801696
P29;2;1.762;.1171872;0;135.678666573333; ;1.801696
P29;2;1.316;4.85784;0;135.678666573333; ;1.801696
P29;2;.52;4.7058084;0;135.678666573333; ;1.801696
P29;2;1;2.6396496;0;135.678666573333; ;1.801696
P29;2;1.467;6.225588;0;135.678666573333; ;1.801696
P29;2;1.079;2.6513676;0;135.678666573333; ;1.801696
P29;2;1.463;5.4931644;0;135.678666573333; ;1.801696
P29;2;1;2.2412088;0;135.678666573333; ;1.801696
P29;6;.56;5.1068664;0;135.678666573333; ;1.801696
P29;6;.833;13.4350236;0;135.678666573333; ;1.801696
P29;6;.455;9.6428556;1;135.678666573333; ;1.801696
P29;6;.867;9.7888176;0;135.678666573333; ;1.801696
P29;6;.833;4.6472184;0;135.678666573333; ;1.801696
P29;6;1.095;10.5911352;0;135.678666573333; ;1.801696
P29;6;1.26;3.1494168;0;135.678666573333; ;1.801696
P29;6;.965;3.1494132;0;135.678666573333; ;1.801696
P29;6;1.018;5.4382356;0;135.678666573333; ;1.801696
P29;6;1.902;13.36806;0;135.678666573333; ;1.801696
P29;6;1.105;7.7666004;0;135.678666573333; ;1.801696
P29;6;.628;1.0497708;0;135.678666573333; ;1.801696
P29;6;1.14;10.2136212;1;135.678666573333; ;1.801696
P29;6;.81;6.1432416;0;135.678666573333; ;1.801696
P29;6;.867;11.3722092;0;135.678666573333; ;1.801696
P29;6;1.748;8.690184;0;135.678666573333; ;1.801696
P29;6;.683;4.4677764;0;135.678666573333; ;1.801696
P29;6;1.183;6.6394044;0;135.678666573333; ;1.801696
P29;6;1.85;10.98999;0;135.678666573333; ;1.801696
P29;6;1.694;6.4636236;0;135.678666573333; ;1.801696
P29;6;.862;2.7832032;0;135.678666573333; ;1.801696
P29;6;1.111;7.796628;0;135.678666573333; ;1.801696
P29;6;.593;5.0984964;0;135.678666573333; ;1.801696
P29;6;1.722;9.656982;0;135.678666573333; ;1.801696
P29;6;1.628;4.8815928;0;135.678666573333; ;1.801696
P29;6;1.127;3.9147948;0;135.678666573333; ;1.801696
P29;6;1.129;5.25879;0;135.678666573333; ;1.801696
P29;6;1.883;6.5808108;0;135.678666573333; ;1.801696
P29;6;1.608;3.999024;0;135.678666573333; ;1.801696
P29;6;1.183;4.7058084;0;135.678666573333; ;1.801696
P29;6;.815;6.5808108;0;135.678666573333; ;1.801696
P29;6;1.577;8.031006;0;135.678666573333; ;1.801696
P29;6;2.258;8.2214352;0;135.678666573333; ;1.801696
P29;6;.488;6.5989116;0;135.678666573333; ;1.801696
P29;6;.845;2.5964388;0;135.678666573333; ;1.801696
P29;6;1.031;6.331788;0;135.678666573333; ;1.801696
P29;6;.962;4.5996084;0;135.678666573333; ;1.801696
P29;6;1.262;8.997804;0;135.678666573333; ;1.801696
P29;6;2.096;10.3308084;0;135.678666573333; ;1.801696
P29;6;.524;3.7136916;0;135.678666573333; ;1.801696
P29;6;.972;6.1560072;0;135.678666573333; ;1.801696
P29;6;1.553;12.0266856;0;135.678666573333; ;1.801696
P29;6;1.077;4.0150332;0;135.678666573333; ;1.801696
P29;6;.866;11.3198976;0;135.678666573333; ;1.801696
P29;6;.765;7.1228016;0;135.678666573333; ;1.801696
P29;6;.727;6.4746072;0;135.678666573333; ;1.801696
P29;6;1.18;6.321114;0;135.678666573333; ;1.801696
P29;6;1.494;12.322998;0;135.678666573333; ;1.801696
P29;6;.984;9.7226892;0;135.678666573333; ;1.801696
P29;6;1.411;7.4890116;0;135.678666573333; ;1.801696
P29;6;.798;10.0637928;0;135.678666573333; ;1.801696
P29;6;.681;10.037844;0;135.678666573333; ;1.801696
P29;6;.876;9.3054204;0;135.678666573333; ;1.801696
P29;6;2.621;14.3641548;0;135.678666573333; ;1.801696
P29;6;2.05;12.328542;0;135.678666573333; ;1.801696
P29;6;.586;18.3448656;0;135.678666573333; ;1.801696
P29;6;1.12;10.8746856;0;135.678666573333; ;1.801696
P29;6;2.265;25.9880004;0;135.678666573333; ;1.801696
P29;6;1.971;17.017614;0;135.678666573333; ;1.801696
P29;6;1.734;17.8190964;0;135.678666573333; ;1.801696
P29;6;2.971;11.6458236;0;135.678666573333; ;1.801696
P29;6;2.355;11.311002;0;135.678666573333; ;1.801696
P29;6;2.698;11.8396008;0;135.678666573333; ;1.801696
P29;6;2.509;6.4050264;0;135.678666573333; ;1.801696
P29;6;.771;2.299806;0;135.678666573333; ;1.801696
P29;6;5.97;19.0370052;1;135.678666573333; ;1.801696
P29;6;.564;7.22304;1;135.678666573333; ;1.801696
P29;6;.543;16.561944;0;135.678666573333; ;1.801696
P29;6;1.033;17.2101384;0;135.678666573333; ;1.801696
P29;6;2.222;29.5503984;1;135.678666573333; ;1.801696
P29;6;2.481;24.6410784;1;135.678666573333; ;1.801696
P29;6;.905;14.4797724;1;135.678666573333; ;1.801696
P29;6;.4;.73242;0;135.678666573333; ;1.801696
P29;6;.274;.5895972;0;135.678666573333; ;1.801696
P29;7;.733;3.6218268;0;135.678666573333; ;1.801696
P29;7;.4;3.3142068;0;135.678666573333; ;1.801696
P29;7;.936;5.3063964;0;135.678666573333; ;1.801696
P29;7;.833;1.6845696;0;135.678666573333; ;1.801696
P29;7;1.108;5.7897936;0;135.678666573333; ;1.801696
P29;7;1.459;10.238004;0;135.678666573333; ;1.801696
P29;7;2.504;13.3743384;0;135.678666573333; ;1.801696
P29;7;.674;3.2666004;0;135.678666573333; ;1.801696
P29;7;1.476;13.0813668;0;135.678666573333; ;1.801696
P29;7;.809;4.0576176;0;135.678666573333; ;1.801696
P29;7;1.8;14.7115332;0;135.678666573333; ;1.801696
P29;7;1.742;13.9037724;0;135.678666573333; ;1.801696
P29;7;2.758;8.6183028;0;135.678666573333; ;1.801696
P29;7;1.483;4.2222024;0;135.678666573333; ;1.801696
P29;7;1.181;8.8220232;0;135.678666573333; ;1.801696
P29;7;1.492;20.0728584;0;135.678666573333; ;1.801696
P29;7;.933;7.7819832;0;135.678666573333; ;1.801696
P29;7;1.152;6.2731944;0;135.678666573333; ;1.801696
P29;7;1.209;8.6315904;0;135.678666573333; ;1.801696
P29;7;2.234;9.0124524;0;135.678666573333; ;1.801696
P29;7;.742;11.1859632;1;135.678666573333; ;1.801696
P29;7;1.591;11.8676412;0;135.678666573333; ;1.801696
P29;7;1.625;5.2001964;0;135.678666573333; ;1.801696
P29;7;.975;6.425748;0;135.678666573333; ;1.801696
P29;7;1.1;13.1342112;0;135.678666573333; ;1.801696
P29;7;1.717;10.8142092;0;135.678666573333; ;1.801696
P29;7;1.141;11.2424688;0;135.678666573333; ;1.801696
P29;7;1.23;9.4226076;0;135.678666573333; ;1.801696
P29;7;1.566;8.323974;0;135.678666573333; ;1.801696
P29;7;2.338;16.6715964;0;135.678666573333; ;1.801696
P29;7;1.116;7.743582;0;135.678666573333; ;1.801696
P29;7;1.067;9.1149912;0;135.678666573333; ;1.801696
P29;7;1.483;8.0895996;0;135.678666573333; ;1.801696
P29;7;.533;9.4433256;1;135.678666573333; ;1.801696
P29;7;1.266;6.7474872;0;135.678666573333; ;1.801696
P29;7;2.584;8.7634296;0;135.678666573333; ;1.801696
P29;7;.425;2.4645996;0;135.678666573333; ;1.801696
P29;7;1.35;7.738038;0;135.678666573333; ;1.801696
P29;7;1.258;9.953406;0;135.678666573333; ;1.801696
P29;7;1.641;36.4595436;0;135.678666573333; ;1.801696
P29;7;2.209;20.5890084;1;135.678666573333; ;1.801696
P29;7;.8;13.9273128;1;135.678666573333; ;1.801696
P29;7;.86;6.9086232;1;135.678666573333; ;1.801696
P29;7;.74;8.0859384;1;135.678666573333; ;1.801696
P29;7;.783;10.4137848;0;135.678666573333; ;1.801696
P29;7;.95;14.864814;0;135.678666573333; ;1.801696
P29;7;1;4.7167956;0;135.678666573333; ;1.801696
P29;7;1.208;7.2099612;0;135.678666573333; ;1.801696
P29;7;1.895;11.2976064;0;135.678666573333; ;1.801696
P29;7;1.524;11.2565916;0;135.678666573333; ;1.801696
P29;7;1.908;8.4558096;0;135.678666573333; ;1.801696
P29;7;1.283;10.1989764;0;135.678666573333; ;1.801696
P29;7;1.158;27.5449212;1;135.678666573333; ;1.801696
P29;7;1.042;25.170516;1;135.678666573333; ;1.801696
P29;7;.539;8.7061932;0;135.678666573333; ;1.801696
P29;7;1.983;10.7556156;0;135.678666573333; ;1.801696
P29;7;1.375;21.6046656;0;135.678666573333; ;1.801696
P29;7;2.167;5.0830056;0;135.678666573333; ;1.801696
P29;7;1.316;2.1679668;0;135.678666573333; ;1.801696
P29;7;1.726;5.9216292;0;135.678666573333; ;1.801696
P29;7;4.409;9.7122276;0;135.678666573333; ;1.801696
P29;7;2.016;5.9802264;0;135.678666573333; ;1.801696
P29;7;3.116;7.9138188;0;135.678666573333; ;1.801696
P29;7;1.7;6.6394044;0;135.678666573333; ;1.801696
P29;7;8.638;16.9380936;0;135.678666573333; ;1.801696
P29;7;.918;10.2965976;1;135.678666573333; ;1.801696
P29;7;5.454;25.4857716;1;135.678666573333; ;1.801696
P29;7;2.5;14.2893432;0;135.678666573333; ;1.801696
P29;7;1.065;3.3837876;0;135.678666573333; ;1.801696
P29;7;8.958;19.6417764;1;135.678666573333; ;1.801696
P29;7;.204;5.3738856;0;135.678666573333; ;1.801696
P29;7;.683;3.5046396;0;135.678666573333; ;1.801696
P29;7;.827;9.911556;0;135.678666573333; ;1.801696
P29;7;1.433;6.3903816;0;135.678666573333; ;1.801696
P29;7;2.317;23.4943128;0;135.678666573333; ;1.801696
P29;7;1.683;13.229946;0;135.678666573333; ;1.801696
P29;7;2.105;27.0748116;1;135.678666573333; ;1.801696
P29;7;.25;8.9146188;0;135.678666573333; ;1.801696
P29;7;.933;13.1430996;1;135.678666573333; ;1.801696
P29;7;1.716;6.3903816;0;135.678666573333; ;1.801696
P29;7;.524;2.2412088;0;135.678666573333; ;1.801696
P29;7;.333;8.2562796;1;135.678666573333; ;1.801696
P29;8;.833;2.358396;0;135.678666573333; ;1.801696
P29;8;.491;.9082008;0;135.678666573333; ;1.801696
P29;8;.875;2.3583996;0;135.678666573333; ;1.801696
P29;8;1.35;3.1347684;0;135.678666573333; ;1.801696
P29;8;1.459;3.6767556;0;135.678666573333; ;1.801696
P29;8;1.446;5.8740228;0;135.678666573333; ;1.801696
P29;8;.891;5.1306156;0;135.678666573333; ;1.801696
P29;8;1.55;5.9216328;0;135.678666573333; ;1.801696
P29;8;.581;2.6074224;0;135.678666573333; ;1.801696
P29;8;1.144;3.9257784;0;135.678666573333; ;1.801696
P29;8;1.67;19.497384;0;135.678666573333; ;1.801696
P29;8;1.161;9.6130404;0;135.678666573333; ;1.801696
P29;8;.604;5.6446668;0;135.678666573333; ;1.801696
P29;8;1.372;10.8728028;0;135.678666573333; ;1.801696
P29;8;1.667;10.2136212;0;135.678666573333; ;1.801696
P29;8;2.147;20.8199304;0;135.678666573333; ;1.801696
P29;8;.971;19.9703196;0;135.678666573333; ;1.801696
P29;8;1.525;11.2976064;0;135.678666573333; ;1.801696
P29;8;1.116;11.0485836;0;135.678666573333; ;1.801696
P29;8;1.345;10.8213228;0;135.678666573333; ;1.801696
P29;8;1.327;9.071046;0;135.678666573333; ;1.801696
P29;8;2.145;13.7489184;1;135.678666573333; ;1.801696
P29;8;1.933;7.8552252;0;135.678666573333; ;1.801696
P29;8;1.527;2.6513676;0;135.678666573333; ;1.801696
P29;8;.786;1.9921896;0;135.678666573333; ;1.801696
P29;8;1.459;11.970702;0;135.678666573333; ;1.801696
P29;8;3;12.3376464;0;135.678666573333; ;1.801696
P29;8;2.677;11.29761;0;135.678666573333; ;1.801696
P29;8;.683;6.7565916;0;135.678666573333; ;1.801696
P29;8;1.567;6.7565952;0;135.678666573333; ;1.801696
P29;8;1.613;8.6462388;0;135.678666573333; ;1.801696
P29;8;.541;6.2731944;0;135.678666573333; ;1.801696
P29;8;1.457;10.023192;0;135.678666573333; ;1.801696
P29;8;2.138;4.9511736;0;135.678666573333; ;1.801696
P29;8;1.415;14.287248;0;135.678666573333; ;1.801696
P29;8;1.869;2.3583996;0;135.678666573333; ;1.801696
P29;8;2.012;9.5983884;0;135.678666573333; ;1.801696
P29;8;.978;9.003348;0;135.678666573333; ;1.801696
P29;8;2.446;12.6306144;1;135.678666573333; ;1.801696
P29;8;2.54;11.9567844;1;135.678666573333; ;1.801696
P29;8;.431;10.824462;1;135.678666573333; ;1.801696
P29;8;1.335;1.6296372;0;135.678666573333; ;1.801696
P29;8;.814;5.9765652;0;135.678666573333; ;1.801696
P29;8;.654;4.471434;0;135.678666573333; ;1.801696
P29;8;1.45;2.4169932;0;135.678666573333; ;1.801696
P29;8;1.965;10.6384284;0;135.678666573333; ;1.801696
P29;8;2.4;6.5808108;0;135.678666573333; ;1.801696
P29;8;.416;6.9253632;0;135.678666573333; ;1.801696
P29;8;2.124;8.2214352;1;135.678666573333; ;1.801696
P29;8;1.7;5.1892092;1;135.678666573333; ;1.801696
P29;8;1.905;17.0699292;0;135.678666573333; ;1.801696
P29;8;3.1;10.2722184;0;135.678666573333; ;1.801696
P29;8;.453;2.299806;0;135.678666573333; ;1.801696
P29;8;1.565;9.129636;0;135.678666573333; ;1.801696
P29;8;.724;8.32743;0;135.678666573333; ;1.801696
P29;8;1.194;8.9978004;0;135.678666573333; ;1.801696
P29;8;1.733;15.6992544;0;135.678666573333; ;1.801696
P29;8;1.19;7.723386;0;135.678666573333; ;1.801696
P29;8;1.709;10.2136248;0;135.678666573333; ;1.801696
P29;8;1.647;12.911868;0;135.678666573333; ;1.801696
P29;8;1.788;3.2666004;0;135.678666573333; ;1.801696
P29;8;.592;4.531914;1;135.678666573333; ;1.801696
P29;8;.998;14.0214852;0;135.678666573333; ;1.801696
P29;8;2.322;20.2876704;0;135.678666573333; ;1.801696
P29;8;.825;14.7638484;0;135.678666573333; ;1.801696
P29;8;1.622;14.8789404;0;135.678666573333; ;1.801696
P29;8;1.181;12.1472172;0;135.678666573333; ;1.801696
P29;8;1.748;13.7865888;0;135.678666573333; ;1.801696
P29;8;1.9;12.9835368;0;135.678666573333; ;1.801696
P29;8;.457;13.786272;1;135.678666573333; ;1.801696
P29;8;1.306;6.8151852;0;135.678666573333; ;1.801696
P29;8;2.057;27.227574;1;135.678666573333; ;1.801696
P29;8;2.585;19.2546396;0;135.678666573333; ;1.801696
P29;8;.885;6.1560072;0;135.678666573333; ;1.801696
P29;8;1.105;14.946426;1;135.678666573333; ;1.801696
P29;8;.608;9.7155756;1;135.678666573333; ;1.801696
P29;8;.998;10.8142092;1;135.678666573333; ;1.801696
P29;8;1.067;2.6513676;0;135.678666573333; ;1.801696
P29;8;.767;2.4169896;0;135.678666573333; ;1.801696
P29;8;1.3;1.7578152;0;135.678666573333; ;1.801696
P29;8;2.302;8.912844;0;135.678666573333; ;1.801696
P29;8;1.591;24.902658;0;135.678666573333; ;1.801696
P29;8;2.292;4.1162112;0;135.678666573333; ;1.801696
P29;8;.423;10.5832872;0;135.678666573333; ;1.801696
P29;8;1.821;18.3778236;0;135.678666573333; ;1.801696
P29;8;2.689;24.3306396;1;135.678666573333; ;1.801696
P29;8;.333;3.6399276;0;135.678666573333; ;1.801696
P30;1;.233;.7910172;0;79.1879997233333; ;1.56352564102564
P30;1;.22;.4248072;0;79.1879997233333; ;1.56352564102564
P30;1;.657;.36621;0;79.1879997233333; ;1.56352564102564
P30;1;.654;.4833972;0;79.1879997233333; ;1.56352564102564
P30;1;1.063;.3662136;0;79.1879997233333; ;1.56352564102564
P30;1;1.156;.1318356;0;79.1879997233333; ;1.56352564102564
P30;1;1.589;1.0839816;0;79.1879997233333; ;1.56352564102564
P30;1;1.4;.36621;0;79.1879997233333; ;1.56352564102564
P30;1;.845;.7177752;0;79.1879997233333; ;1.56352564102564
P30;1;1.666;.9667944;0;79.1879997233333; ;1.56352564102564
P30;1;1.67;.966798;0;79.1879997233333; ;1.56352564102564
P30;1;1.183;.3515616;0;79.1879997233333; ;1.56352564102564
P30;1;2.041;1.8164088;0;79.1879997233333; ;1.56352564102564
P30;1;1.837;2.4169932;0;79.1879997233333; ;1.56352564102564
P30;1;1.741;.966798;0;79.1879997233333; ;1.56352564102564
P30;1;2.291;.8349624;0;79.1879997233333; ;1.56352564102564
P30;1;2.066;.5419944;0;79.1879997233333; ;1.56352564102564
P30;1;2.237;.4834008;0;79.1879997233333; ;1.56352564102564
P30;1;2.567;.3515616;0;79.1879997233333; ;1.56352564102564
P30;1;2.08;.4834008;0;79.1879997233333; ;1.56352564102564
P30;1;1.412;.1904292;0;79.1879997233333; ;1.56352564102564
P30;1;1.358;.1171872;0;79.1879997233333; ;1.56352564102564
P30;1;1.6;.1171872;0;79.1879997233333; ;1.56352564102564
P30;1;1.55;1.8164088;0;79.1879997233333; ;1.56352564102564
P30;1;1.233;1.805418;0;79.1879997233333; ;1.56352564102564
P30;1;2.163;.9082044;0;79.1879997233333; ;1.56352564102564
P30;1;1.811;1.4501952;0;79.1879997233333; ;1.56352564102564
P30;1;2.425;.9667944;0;79.1879997233333; ;1.56352564102564
P30;1;.767;.4248036;0;79.1879997233333; ;1.56352564102564
P30;1;2.024;.3662136;0;79.1879997233333; ;1.56352564102564
P30;1;.437;.9082008;0;79.1879997233333; ;1.56352564102564
P30;1;1.562;.4834008;0;79.1879997233333; ;1.56352564102564
P30;1;.991;.8496072;0;79.1879997233333; ;1.56352564102564
P30;1;1.634;.0585936;0;79.1879997233333; ;1.56352564102564
P30;1;1.233;0;0;79.1879997233333; ;1.56352564102564
P30;1;2.42;1.8054216;0;79.1879997233333; ;1.56352564102564
P30;1;.887;.3076164;0;79.1879997233333; ;1.56352564102564
P30;1;1.72;.2343744;0;79.1879997233333; ;1.56352564102564
P30;1;1.491;0;0;79.1879997233333; ;1.56352564102564
P30;1;1.842;1.6882308;0;79.1879997233333; ;1.56352564102564
P30;1;2.078;1.9226088;0;79.1879997233333; ;1.56352564102564
P30;1;.809;.0585936;0;79.1879997233333; ;1.56352564102564
P30;1;1.476;1.3916016;0;79.1879997233333; ;1.56352564102564
P30;1;1.591;.7177752;0;79.1879997233333; ;1.56352564102564
P30;1;.559;.6591816;0;79.1879997233333; ;1.56352564102564
P30;1;1.833;.8496108;0;79.1879997233333; ;1.56352564102564
P30;1;1.395;1.259766;0;79.1879997233333; ;1.56352564102564
P30;1;1.287;2.4169896;0;79.1879997233333; ;1.56352564102564
P30;1;1.546;.36621;0;79.1879997233333; ;1.56352564102564
P30;1;.792;1.025388;0;79.1879997233333; ;1.56352564102564
P30;1;1.75;.3662136;0;79.1879997233333; ;1.56352564102564
P30;1;1.035;.4834008;0;79.1879997233333; ;1.56352564102564
P30;1;1.323;.4248072;0;79.1879997233333; ;1.56352564102564
P30;1;1.676;.4834008;0;79.1879997233333; ;1.56352564102564
P30;1;.484;1.8017568;0;79.1879997233333; ;1.56352564102564
P30;1;1.409;.6591816;0;79.1879997233333; ;1.56352564102564
P30;1;2.035;1.0839816;0;79.1879997233333; ;1.56352564102564
P30;1;.683;.4833972;0;79.1879997233333; ;1.56352564102564
P30;1;.535;.5419944;0;79.1879997233333; ;1.56352564102564
P30;1;1.708;2.2412124;0;79.1879997233333; ;1.56352564102564
P30;1;.625;0;0;79.1879997233333; ;1.56352564102564
P30;2;.995;.5566428;0;79.1879997233333; ;1.56352564102564
P30;2;.894;.1171872;0;79.1879997233333; ;1.56352564102564
P30;2;1.095;.4834008;0;79.1879997233333; ;1.56352564102564
P30;2;1.066;1.640628;0;79.1879997233333; ;1.56352564102564
P30;2;1.725;.4833972;0;79.1879997233333; ;1.56352564102564
P30;2;1.667;.4834008;0;79.1879997233333; ;1.56352564102564
P30;2;1.467;.3662136;0;79.1879997233333; ;1.56352564102564
P30;2;2.489;.7910136;0;79.1879997233333; ;1.56352564102564
P30;2;1.723;1.933596;0;79.1879997233333; ;1.56352564102564
P30;2;.489;1.333008;0;79.1879997233333; ;1.56352564102564
P30;2;1.353;.7177752;0;79.1879997233333; ;1.56352564102564
P30;2;1.439;.6591816;0;79.1879997233333; ;1.56352564102564
P30;2;1.099;.36621;0;79.1879997233333; ;1.56352564102564
P30;2;1.541;.36621;0;79.1879997233333; ;1.56352564102564
P30;2;1.274;.2490228;0;79.1879997233333; ;1.56352564102564
P30;2;.382;2.4169932;0;79.1879997233333; ;1.56352564102564
P30;2;1.029;.6005844;0;79.1879997233333; ;1.56352564102564
P30;2;1.571;.1171872;0;79.1879997233333; ;1.56352564102564
P30;2;1.312;.6152364;0;79.1879997233333; ;1.56352564102564
P30;2;1.721;.4248036;0;79.1879997233333; ;1.56352564102564
P30;2;1.47;.1171872;0;79.1879997233333; ;1.56352564102564
P30;2;2.024;.7763652;0;79.1879997233333; ;1.56352564102564
P30;2;2.027;.0585936;0;79.1879997233333; ;1.56352564102564
P30;2;1.855;.3076164;0;79.1879997233333; ;1.56352564102564
P30;2;1.952;.1904292;0;79.1879997233333; ;1.56352564102564
P30;2;2.333;1.0839852;0;79.1879997233333; ;1.56352564102564
P30;2;.352;.0585936;0;79.1879997233333; ;1.56352564102564
P30;2;1.101;.4248072;0;79.1879997233333; ;1.56352564102564
P30;2;1.258;.0732419999999999;0;79.1879997233333; ;1.56352564102564
P30;2;1.185;0;0;79.1879997233333; ;1.56352564102564
P30;2;.583;0;0;79.1879997233333; ;1.56352564102564
P30;2;.977;1.699218;0;79.1879997233333; ;1.56352564102564
P30;2;.835;.0585936;0;79.1879997233333; ;1.56352564102564
P30;2;.612;.2343744;0;79.1879997233333; ;1.56352564102564
P30;2;.389;.1757808;0;79.1879997233333; ;1.56352564102564
P30;2;1.194;.36621;0;79.1879997233333; ;1.56352564102564
P30;2;.833;0;0;79.1879997233333; ;1.56352564102564
P30;2;.419;.9082044;0;79.1879997233333; ;1.56352564102564
P30;2;2.267;.4248036;0;79.1879997233333; ;1.56352564102564
P30;2;.911;.6591816;0;79.1879997233333; ;1.56352564102564
P30;2;1.501;.2929716;0;79.1879997233333; ;1.56352564102564
P30;2;1.633;0;0;79.1879997233333; ;1.56352564102564
P30;2;1.317;.7177716;0;79.1879997233333; ;1.56352564102564
P30;2;.713;1.4501952;0;79.1879997233333; ;1.56352564102564
P30;2;1.856;.600588;0;79.1879997233333; ;1.56352564102564
P30;2;.865;.7910136;0;79.1879997233333; ;1.56352564102564
P30;2;1.212;.6738264;0;79.1879997233333; ;1.56352564102564
P30;2;1.571;1.025388;0;79.1879997233333; ;1.56352564102564
P30;2;2.104;.7177752;0;79.1879997233333; ;1.56352564102564
P30;2;1.718;.1171908;0;79.1879997233333; ;1.56352564102564
P30;2;1.02;0;0;79.1879997233333; ;1.56352564102564
P30;2;1.842;.4248072;0;79.1879997233333; ;1.56352564102564
P30;2;.384;.36621;0;79.1879997233333; ;1.56352564102564
P30;6;1.017;.2343744;0;79.1879997233333; ;1.56352564102564
P30;6;.935;.4833972;0;79.1879997233333; ;1.56352564102564
P30;6;1.59;2.7832032;0;79.1879997233333; ;1.56352564102564
P30;6;1.054;2.1826152;0;79.1879997233333; ;1.56352564102564
P30;6;1.248;1.333008;0;79.1879997233333; ;1.56352564102564
P30;6;.767;.0585936;0;79.1879997233333; ;1.56352564102564
P30;6;.835;2.8417968;0;79.1879997233333; ;1.56352564102564
P30;6;1.15;1.8750024;0;79.1879997233333; ;1.56352564102564
P30;6;1.235;.2929716;0;79.1879997233333; ;1.56352564102564
P30;6;.418;.1757808;0;79.1879997233333; ;1.56352564102564
P30;6;1.452;.5419944;0;79.1879997233333; ;1.56352564102564
P30;6;1.218;1.1572272;0;79.1879997233333; ;1.56352564102564
P30;6;1.316;.966798;0;79.1879997233333; ;1.56352564102564
P30;6;1.098;.9667944;0;79.1879997233333; ;1.56352564102564
P30;6;.418;.3662136;0;79.1879997233333; ;1.56352564102564
P30;6;1.383;2.3583996;0;79.1879997233333; ;1.56352564102564
P30;6;.85;.234378;0;79.1879997233333; ;1.56352564102564
P30;6;1.4;1.3916052;0;79.1879997233333; ;1.56352564102564
P30;6;.817;.0585936;0;79.1879997233333; ;1.56352564102564
P30;6;.517;.4980456;0;79.1879997233333; ;1.56352564102564
P30;6;1.348;.3662136;0;79.1879997233333; ;1.56352564102564
P30;6;1.4;.3662136;0;79.1879997233333; ;1.56352564102564
P30;6;.784;2.3474124;0;79.1879997233333; ;1.56352564102564
P30;6;.889;2.7136224;0;79.1879997233333; ;1.56352564102564
P30;6;1.983;1.8749988;0;79.1879997233333; ;1.56352564102564
P30;6;.967;.7177752;0;79.1879997233333; ;1.56352564102564
P30;6;2.318;2.6074224;0;79.1879997233333; ;1.56352564102564
P30;6;1.55;1.2011724;0;79.1879997233333; ;1.56352564102564
P30;6;1.05;0;0;79.1879997233333; ;1.56352564102564
P30;6;1.183;.4833972;0;79.1879997233333; ;1.56352564102564
P30;6;2.068;.7763688;0;79.1879997233333; ;1.56352564102564
P30;6;2.533;1.1425788;0;79.1879997233333; ;1.56352564102564
P30;6;.552;.5419908;0;79.1879997233333; ;1.56352564102564
P30;6;3.048;1.992186;0;79.1879997233333; ;1.56352564102564
P30;6;2.365;2.039796;0;79.1879997233333; ;1.56352564102564
P30;6;.781;0;0;79.1879997233333; ;1.56352564102564
P30;6;2.366;1.5820308;0;79.1879997233333; ;1.56352564102564
P30;6;2.292;2.1716316;0;79.1879997233333; ;1.56352564102564
P30;6;.548;.4248072;0;79.1879997233333; ;1.56352564102564
P30;6;2.083;1.2158208;0;79.1879997233333; ;1.56352564102564
P30;6;1.402;.2490228;0;79.1879997233333; ;1.56352564102564
P30;6;1.435;.7910136;0;79.1879997233333; ;1.56352564102564
P30;6;.568;.2929716;0;79.1879997233333; ;1.56352564102564
P30;6;1.283;1.7578116;0;79.1879997233333; ;1.56352564102564
P30;6;1.7;1.2158208;0;79.1879997233333; ;1.56352564102564
P30;6;1.666;.4248036;0;79.1879997233333; ;1.56352564102564
P30;6;.434;.0585936;0;79.1879997233333; ;1.56352564102564
P30;6;1.852;.7910172;0;79.1879997233333; ;1.56352564102564
P30;6;1.332;.5419908;0;79.1879997233333; ;1.56352564102564
P30;6;1.634;.5419944;0;79.1879997233333; ;1.56352564102564
P30;6;.652;.3076164;0;79.1879997233333; ;1.56352564102564
P30;6;1.767;.2343744;0;79.1879997233333; ;1.56352564102564
P30;6;1.368;1.3183596;0;79.1879997233333; ;1.56352564102564
P30;6;1.067;.1171872;0;79.1879997233333; ;1.56352564102564
P30;6;.534;.36621;0;79.1879997233333; ;1.56352564102564
P30;6;1.967;1.1425788;0;79.1879997233333; ;1.56352564102564
P30;6;1.656;.7910172;0;79.1879997233333; ;1.56352564102564
P30;6;.994;.0585935999999999;0;79.1879997233333; ;1.56352564102564
P30;6;.833;.5419944;0;79.1879997233333; ;1.56352564102564
P30;6;1.833;.7910136;0;79.1879997233333; ;1.56352564102564
P30;6;2.011;.1757808;0;79.1879997233333; ;1.56352564102564
P30;6;.423;0;0;79.1879997233333; ;1.56352564102564
P30;6;.961;1.8164052;0;79.1879997233333; ;1.56352564102564
P30;6;.311;0;0;79.1879997233333; ;1.56352564102564
P30;6;.455;.1757808;0;79.1879997233333; ;1.56352564102564
P30;7;.3;0;0;79.1879997233333; ;1.56352564102564
P30;7;1.049;.3662136;0;79.1879997233333; ;1.56352564102564
P30;7;1.14;.1757808;0;79.1879997233333; ;1.56352564102564
P30;7;1.766;2.4316416;0;79.1879997233333; ;1.56352564102564
P30;7;1.607;.4248072;0;79.1879997233333; ;1.56352564102564
P30;7;.407;0;0;79.1879997233333; ;1.56352564102564
P30;7;1.107;.600588;0;79.1879997233333; ;1.56352564102564
P30;7;1.79;.1757808;0;79.1879997233333; ;1.56352564102564
P30;7;2.589;2.7832068;0;79.1879997233333; ;1.56352564102564
P30;7;.533;0;0;79.1879997233333; ;1.56352564102564
P30;7;1.927;.4833972;0;79.1879997233333; ;1.56352564102564
P30;7;1.583;3.2556168;0;79.1879997233333; ;1.56352564102564
P30;7;1.5;1.333008;0;79.1879997233333; ;1.56352564102564
P30;7;1.216;.0585936;0;79.1879997233333; ;1.56352564102564
P30;7;1.334;.6152328;0;79.1879997233333; ;1.56352564102564
P30;7;1.433;0;0;79.1879997233333; ;1.56352564102564
P30;7;1.607;.4248072;0;79.1879997233333; ;1.56352564102564
P30;7;.516;0;0;79.1879997233333; ;1.56352564102564
P30;7;1.715;.0732419999999999;0;79.1879997233333; ;1.56352564102564
P30;7;1.661;.1904292;0;79.1879997233333; ;1.56352564102564
P30;7;1.533;.8496108;0;79.1879997233333; ;1.56352564102564
P30;7;1.651;.2490264;0;79.1879997233333; ;1.56352564102564
P30;7;.594;0;0;79.1879997233333; ;1.56352564102564
P30;7;.483;1.5673824;0;79.1879997233333; ;1.56352564102564
P30;7;2.899;.234378;0;79.1879997233333; ;1.56352564102564
P30;7;2.616;1.6882308;0;79.1879997233333; ;1.56352564102564
P30;7;.583;0;0;79.1879997233333; ;1.56352564102564
P30;7;1.766;.7177716;0;79.1879997233333; ;1.56352564102564
P30;7;1.903;.659178;0;79.1879997233333; ;1.56352564102564
P30;7;2.45;.1171908;0;79.1879997233333; ;1.56352564102564
P30;7;1.027;0;0;79.1879997233333; ;1.56352564102564
P30;7;1.274;1.4978052;0;79.1879997233333; ;1.56352564102564
P30;7;1.124;1.4501952;0;79.1879997233333; ;1.56352564102564
P30;7;2.309;.3662136;0;79.1879997233333; ;1.56352564102564
P30;7;.856;.0585936;0;79.1879997233333; ;1.56352564102564
P30;7;.382;.1904292;0;79.1879997233333; ;1.56352564102564
P30;7;1.517;2.2888152;0;79.1879997233333; ;1.56352564102564
P30;7;1.873;.4833972;0;79.1879997233333; ;1.56352564102564
P30;7;1.793;1.1425788;0;79.1879997233333; ;1.56352564102564
P30;7;.856;.1757808;0;79.1879997233333; ;1.56352564102564
P30;7;1.577;1.2634272;0;79.1879997233333; ;1.56352564102564
P30;7;2.049;.4834008;0;79.1879997233333; ;1.56352564102564
P30;7;1.256;.1904292;0;79.1879997233333; ;1.56352564102564
P30;7;.661;0;0;79.1879997233333; ;1.56352564102564
P30;7;1.733;.3662136;0;79.1879997233333; ;1.56352564102564
P30;7;2.289;0;0;79.1879997233333; ;1.56352564102564
P30;7;1.149;.1171908;0;79.1879997233333; ;1.56352564102564
P30;7;.694;.1904292;0;79.1879997233333; ;1.56352564102564
P30;7;3.44;.9814464;0;79.1879997233333; ;1.56352564102564
P30;7;.646;.0585936;0;79.1879997233333; ;1.56352564102564
P30;7;2.9;.6591816;0;79.1879997233333; ;1.56352564102564
P30;7;1.066;1.5087888;0;79.1879997233333; ;1.56352564102564
P30;7;.56;.4833972;0;79.1879997233333; ;1.56352564102564
P30;7;1.867;.1904328;0;79.1879997233333; ;1.56352564102564
P30;7;1.39;.4833972;0;79.1879997233333; ;1.56352564102564
P30;7;1.873;.3076164;0;79.1879997233333; ;1.56352564102564
P30;7;.573;.8496108;0;79.1879997233333; ;1.56352564102564
P30;7;1.9;.6005844;0;79.1879997233333; ;1.56352564102564
P30;7;1.367;2.6074224;0;79.1879997233333; ;1.56352564102564
P30;7;1.723;.292968;0;79.1879997233333; ;1.56352564102564
P30;7;.583;.5419908;0;79.1879997233333; ;1.56352564102564
P30;7;.673;0;0;79.1879997233333; ;1.56352564102564
P30;7;.407;.6591816;0;79.1879997233333; ;1.56352564102564
P30;7;.267;.0585935999999999;0;79.1879997233333; ;1.56352564102564
P30;8;.234;.0585935999999999;0;79.1879997233333; ;1.56352564102564
P30;8;.6;.541990800000001;0;79.1879997233333; ;1.56352564102564
P30;8;1.367;2.666016;0;79.1879997233333; ;1.56352564102564
P30;8;1.566;1.1425788;0;79.1879997233333; ;1.56352564102564
P30;8;1.797;1.3916016;0;79.1879997233333; ;1.56352564102564
P30;8;1.1;5.1892092;0;79.1879997233333; ;1.56352564102564
P30;8;.838;.6152364;0;79.1879997233333; ;1.56352564102564
P30;8;.8;.3515616;0;79.1879997233333; ;1.56352564102564
P30;8;1.254;.6005844;0;79.1879997233333; ;1.56352564102564
P30;8;1.912;1.4501952;0;79.1879997233333; ;1.56352564102564
P30;8;1.276;5.438232;0;79.1879997233333; ;1.56352564102564
P30;8;1.088;4.2224148;0;79.1879997233333; ;1.56352564102564
P30;8;1.154;0;0;79.1879997233333; ;1.56352564102564
P30;8;.55;.0585935999999999;0;79.1879997233333; ;1.56352564102564
P30;8;1.925;2.1826188;0;79.1879997233333; ;1.56352564102564
P30;8;1.154;0;0;79.1879997233333; ;1.56352564102564
P30;8;2.087;.6152328;0;79.1879997233333; ;1.56352564102564
P30;8;2.067;.36621;0;79.1879997233333; ;1.56352564102564
P30;8;1.364;1.5673824;0;79.1879997233333; ;1.56352564102564
P30;8;2.537;1.0839852;0;79.1879997233333; ;1.56352564102564
P30;8;.648;2.3583996;0;79.1879997233333; ;1.56352564102564
P30;8;.816;0;0;79.1879997233333; ;1.56352564102564
P30;8;1.824;.6005844;0;79.1879997233333; ;1.56352564102564
P30;8;.9;1.7578152;0;79.1879997233333; ;1.56352564102564
P30;8;1.791;1.3220208;0;79.1879997233333; ;1.56352564102564
P30;8;1.991;1.8164088;0;79.1879997233333; ;1.56352564102564
P30;8;1.677;.0585936;0;79.1879997233333; ;1.56352564102564
P30;8;.559;.6152328;0;79.1879997233333; ;1.56352564102564
P30;8;.625;.1904292;0;79.1879997233333; ;1.56352564102564
P30;8;1.538;1.2011724;0;79.1879997233333; ;1.56352564102564
P30;8;2.113;2.0983896;0;79.1879997233333; ;1.56352564102564
P30;8;1.571;.3076164;0;79.1879997233333; ;1.56352564102564
P30;8;.766;.6152364;0;79.1879997233333; ;1.56352564102564
P30;8;.62;.659178;0;79.1879997233333; ;1.56352564102564
P30;8;1.045;.36621;0;79.1879997233333; ;1.56352564102564
P30;8;1.129;.6591816;0;79.1879997233333; ;1.56352564102564
P30;8;1.329;0;0;79.1879997233333; ;1.56352564102564
P30;8;1.783;.73242;0;79.1879997233333; ;1.56352564102564
P30;8;.825;0;0;79.1879997233333; ;1.56352564102564
P30;8;.642;0;0;79.1879997233333; ;1.56352564102564
P30;8;1.7;.1757808;0;79.1879997233333; ;1.56352564102564
P30;8;1.821;.6738264;0;79.1879997233333; ;1.56352564102564
P30;8;1.504;1.025388;0;79.1879997233333; ;1.56352564102564
P30;8;2.283;.1171872;0;79.1879997233333; ;1.56352564102564
P30;8;1.163;.0585936;0;79.1879997233333; ;1.56352564102564
P30;8;1.104;.1171872;0;79.1879997233333; ;1.56352564102564
P30;8;1.254;.7763688;0;79.1879997233333; ;1.56352564102564
P30;8;1.971;.36621;0;79.1879997233333; ;1.56352564102564
P30;8;1.634;.4833972;0;79.1879997233333; ;1.56352564102564
P30;8;.792;0;0;79.1879997233333; ;1.56352564102564
P30;8;.533;.36621;0;79.1879997233333; ;1.56352564102564
P30;8;1.05;0;0;79.1879997233333; ;1.56352564102564
P30;8;1.476;.36621;0;79.1879997233333; ;1.56352564102564
P30;8;1.937;.5419944;0;79.1879997233333; ;1.56352564102564
P30;8;2.12;.9082044;0;79.1879997233333; ;1.56352564102564
P30;8;1.242;0;0;79.1879997233333; ;1.56352564102564
P30;8;.92;.0732456000000003;0;79.1879997233333; ;1.56352564102564
P30;8;1.433;.0585936000000002;0;79.1879997233333; ;1.56352564102564
P30;8;1.366;.659178;0;79.1879997233333; ;1.56352564102564
P30;8;2.05;1.1425788;0;79.1879997233333; ;1.56352564102564
P30;8;.928;.541990800000001;0;79.1879997233333; ;1.56352564102564
P30;8;1.521;0;0;79.1879997233333; ;1.56352564102564
P30;8;.835;.541990800000001;0;79.1879997233333; ;1.56352564102564
P30;8;1.055;.4248036;0;79.1879997233333; ;1.56352564102564
P30;8;1.55;.0585935999999999;0;79.1879997233333; ;1.56352564102564
P30;8;1.362;.673829999999999;0;79.1879997233333; ;1.56352564102564
P30;8;1.829;.600588;0;79.1879997233333; ;1.56352564102564
P30;8;.868;3.1347648;1;79.1879997233333; ;1.56352564102564
P30;8;.829;.292968;0;79.1879997233333; ;1.56352564102564
P30;8;.815;.966798;0;79.1879997233333; ;1.56352564102564
 ; ; ; ; ; ; ; 
 ; ; ; ; ; ; ; 
 ; ; ; ; ; ; ; 
 ; ; ; ; ; ; ; 
 ; ; ; ; ; ; ; 
 ; ; ; ; ; ; ; 
 ; ; ; ; ; ; ; 
 ; ; ; ; ; ; ; 
 ; ; ; ; ; ; ; 
 ; ; ; ; ; ; ; 
 ; ; ; ; ; ; ; 
 ; ; ; ; ; ; ; 
 ; ; ; ; ; ; ; 
 ; ; ; ; ; ; ; 
 ; ; ; ; ; ; ; 
 ; ; ; ; ; ; ; 
 ; ; ; ; ; ; ; 
 ; ; ; ; ; ; ; 
 ; ; ; ; ; ; ; 
 ; ; ; ; ; ; ; 
 ; ; ; ; ; ; ; 
 ; ; ; ; ; ; ; 
 ; ; ; ; ; ; ; 
 ; ; ; ; ; ; ; 
 ; ; ; ; ; ; ; 
 ; ; ; ; ; ; ; 
 ; ; ; ; ; ; ; 
 ; ; ; ; ; ; ; 
 ; ; ; ; ; ; ; 
 ; ; ; ; ; ; ; 
 ; ; ; ; ; ; ; 
 ; ; ; ; ; ; ; 
 ; ; ; ; ; ; ; 
 ; ; ; ; ; ; ; 
 ; ; ; ; ; ; ; 
 ; ; ; ; ; ; ; 
 ; ; ; ; ; ; ; 
 ; ; ; ; ; ; ; 
 ; ; ; ; ; ; ; 
 ; ; ; ; ; ; ; 
 ; ; ; ; ; ; ; 
 ; ; ; ; ; ; ; 
 ; ; ; ; ; ; ; 
 ; ; ; ; ; ; ; 
 ; ; ; ; ; ; ; 
 ; ; ; ; ; ; ; 
 ; ; ; ; ; ; ; 
 ; ; ; ; ; ; ; 
 ; ; ; ; ; ; ; 
 ; ; ; ; ; ; ; 
 ; ; ; ; ; ; ; 
 ; ; ; ; ; ; ; 
 ; ; ; ; ; ; ; 
 ; ; ; ; ; ; ; 
 ; ; ; ; ; ; ; 
 ; ; ; ; ; ; ; 
 ; ; ; ; ; ; ; 
 ; ; ; ; ; ; ; 
 ; ; ; ; ; ; ; 
 ; ; ; ; ; ; ; 
 ; ; ; ; ; ; ; 
 ; ; ; ; ; ; ; 
 ; ; ; ; ; ; ; 
 ; ; ; ; ; ; ; 
 ; ; ; ; ; ; ; 
 ; ; ; ; ; ; ; 
 ; ; ; ; ; ; ; 
 ; ; ; ; ; ; ; 
 ; ; ; ; ; ; ; 
 ; ; ; ; ; ; ; 
 ; ; ; ; ; ; ; 
 ; ; ; ; ; ; ; 
 ; ; ; ; ; ; ; 
 ; ; ; ; ; ; ; 
 ; ; ; ; ; ; ; 
 ; ; ; ; ; ; ; 
 ; ; ; ; ; ; ; 
 ; ; ; ; ; ; ; 
 ; ; ; ; ; ; ; 
 ; ; ; ; ; ; ; 
 ; ; ; ; ; ; ; 
 ; ; ; ; ; ; ; 
 ; ; ; ; ; ; ; 
 ; ; ; ; ; ; ; 
 ; ; ; ; ; ; ; 
 ; ; ; ; ; ; ; 
 ; ; ; ; ; ; ; 
 ; ; ; ; ; ; ; 
 ; ; ; ; ; ; ; 
 ; ; ; ; ; ; ; 
 ; ; ; ; ; ; ; 
 ; ; ; ; ; ; ; 
 ; ; ; ; ; ; ; 
 ; ; ; ; ; ; ; 
 ; ; ; ; ; ; ; 
 ; ; ; ; ; ; ; 
 ; ; ; ; ; ; ; 
 ; ; ; ; ; ; ; 
 ; ; ; ; ; ; ; 
 ; ; ; ; ; ; ; 
 ; ; ; ; ; ; ; 
 ; ; ; ; ; ; ; 
 ; ; ; ; ; ; ; 
 ; ; ; ; ; ; ; 
 ; ; ; ; ; ; ; 
 ; ; ; ; ; ; ; 
 ; ; ; ; ; ; ; 
 ; ; ; ; ; ; ; 
 ; ; ; ; ; ; ; 
 ; ; ; ; ; ; ; 
 ; ; ; ; ; ; ; 
 ; ; ; ; ; ; ; 
 ; ; ; ; ; ; ; 
 ; ; ; ; ; ; ; 
 ; ; ; ; ; ; ; 
 ; ; ; ; ; ; ; 
 ; ; ; ; ; ; ; 
 ; ; ; ; ; ; ; 
 ; ; ; ; ; ; ; 
 ; ; ; ; ; ; ; 
 ; ; ; ; ; ; ; 
 ; ; ; ; ; ; ; 
 ; ; ; ; ; ; ; 
 ; ; ; ; ; ; ; 
 ; ; ; ; ; ; ; 
 ; ; ; ; ; ; ; 
 ; ; ; ; ; ; ; 
 ; ; ; ; ; ; ; 
 ; ; ; ; ; ; ; 
 ; ; ; ; ; ; ; 
 ; ; ; ; ; ; ; 
 ; ; ; ; ; ; ; 
 ; ; ; ; ; ; ; 
 ; ; ; ; ; ; ; 
 ; ; ; ; ; ; ; 
 ; ; ; ; ; ; ; 
 ; ; ; ; ; ; ; 
 ; ; ; ; ; ; ; 
 ; ; ; ; ; ; ; 
 ; ; ; ; ; ; ; 
 ; ; ; ; ; ; ; 
 ; ; ; ; ; ; ; 
 ; ; ; ; ; ; ; 
 ; ; ; ; ; ; ; 
 ; ; ; ; ; ; ; 
 ; ; ; ; ; ; ; 
 ; ; ; ; ; ; ; 
 ; ; ; ; ; ; ; 
 ; ; ; ; ; ; ; 
 ; ; ; ; ; ; ; 
 ; ; ; ; ; ; ; 
 ; ; ; ; ; ; ; 
 ; ; ; ; ; ; ; 
 ; ; ; ; ; ; ; 
 ; ; ; ; ; ; ; 
 ; ; ; ; ; ; ; 
 ; ; ; ; ; ; ; 
 ; ; ; ; ; ; ; 
 ; ; ; ; ; ; ; 
 ; ; ; ; ; ; ; 
 ; ; ; ; ; ; ; 
 ; ; ; ; ; ; ; 
 ; ; ; ; ; ; ; 
 ; ; ; ; ; ; ; 
 ; ; ; ; ; ; ; 
 ; ; ; ; ; ; ; 
 ; ; ; ; ; ; ; 
 ; ; ; ; ; ; ; 
 ; ; ; ; ; ; ; 
 ; ; ; ; ; ; ; 
 ; ; ; ; ; ; ; 
 ; ; ; ; ; ; ; 
 ; ; ; ; ; ; ; 
 ; ; ; ; ; ; ; 
 ; ; ; ; ; ; ; 
 ; ; ; ; ; ; ; 
 ; ; ; ; ; ; ; 
 ; ; ; ; ; ; ; 
 ; ; ; ; ; ; ; 
 ; ; ; ; ; ; ; 
 ; ; ; ; ; ; ; 
 ; ; ; ; ; ; ; 
 ; ; ; ; ; ; ; 
 ; ; ; ; ; ; ; 
 ; ; ; ; ; ; ; 
 ; ; ; ; ; ; ; 
 ; ; ; ; ; ; ; 
 ; ; ; ; ; ; ; 
 ; ; ; ; ; ; ; 
 ; ; ; ; ; ; ; 
 ; ; ; ; ; ; ; 
 ; ; ; ; ; ; ; 
 ; ; ; ; ; ; ; 
 ; ; ; ; ; ; ; 
 ; ; ; ; ; ; ; 
 ; ; ; ; ; ; ; 
 ; ; ; ; ; ; ; 
 ; ; ; ; ; ; ; 
 ; ; ; ; ; ; ; 
 ; ; ; ; ; ; ; 
 ; ; ; ; ; ; ; 
 ; ; ; ; ; ; ; 
 ; ; ; ; ; ; ; 
 ; ; ; ; ; ; ; 
 ; ; ; ; ; ; ; 
 ; ; ; ; ; ; ; 
 ; ; ; ; ; ; ; 
 ; ; ; ; ; ; ; 
 ; ; ; ; ; ; ; 
 ; ; ; ; ; ; ; 
 ; ; ; ; ; ; ; 
 ; ; ; ; ; ; ; 
 ; ; ; ; ; ; ; 
 ; ; ; ; ; ; ; 
 ; ; ; ; ; ; ; 
 ; ; ; ; ; ; ; 
 ; ; ; ; ; ; ; 
 ; ; ; ; ; ; ; 
 ; ; ; ; ; ; ; 
 ; ; ; ; ; ; ; 
 ; ; ; ; ; ; ; 
 ; ; ; ; ; ; ; 
 ; ; ; ; ; ; ; 
 ; ; ; ; ; ; ; 
 ; ; ; ; ; ; ; 
 ; ; ; ; ; ; ; 
 ; ; ; ; ; ; ; 
 ; ; ; ; ; ; ; 
 ; ; ; ; ; ; ; 
 ; ; ; ; ; ; ; 
 ; ; ; ; ; ; ; 
 ; ; ; ; ; ; ; 
 ; ; ; ; ; ; ; 
 ; ; ; ; ; ; ; 
 ; ; ; ; ; ; ; 
 ; ; ; ; ; ; ; 
 ; ; ; ; ; ; ; 
 ; ; ; ; ; ; ; 
 ; ; ; ; ; ; ; 
 ; ; ; ; ; ; ; 
 ; ; ; ; ; ; ; 
 ; ; ; ; ; ; ; 
 ; ; ; ; ; ; ; 
 ; ; ; ; ; ; ; 
 ; ; ; ; ; ; ; 
 ; ; ; ; ; ; ; 
 ; ; ; ; ; ; ; 
 ; ; ; ; ; ; ; 
 ; ; ; ; ; ; ; 
 ; ; ; ; ; ; ; 
 ; ; ; ; ; ; ; 
 ; ; ; ; ; ; ; 
 ; ; ; ; ; ; ; 
 ; ; ; ; ; ; ; 
 ; ; ; ; ; ; ; 
 ; ; ; ; ; ; ; 
 ; ; ; ; ; ; ; 
 ; ; ; ; ; ; ; 
 ; ; ; ; ; ; ; 
 ; ; ; ; ; ; ; 
 ; ; ; ; ; ; ; 
 ; ; ; ; ; ; ; 
 ; ; ; ; ; ; ; 
 ; ; ; ; ; ; ; 
 ; ; ; ; ; ; ; 
 ; ; ; ; ; ; ; 
 ; ; ; ; ; ; ; 
 ; ; ; ; ; ; ; 
 ; ; ; ; ; ; ; 
 ; ; ; ; ; ; ; 
 ; ; ; ; ; ; ; 
 ; ; ; ; ; ; ; 
 ; ; ; ; ; ; ; 
 ; ; ; ; ; ; ; 
 ; ; ; ; ; ; ; 
 ; ; ; ; ; ; ; 
 ; ; ; ; ; ; ; 
 ; ; ; ; ; ; ; 
 ; ; ; ; ; ; ; 
 ; ; ; ; ; ; ; 
 ; ; ; ; ; ; ; 
 ; ; ; ; ; ; ; 
 ; ; ; ; ; ; ; 
 ; ; ; ; ; ; ; 
 ; ; ; ; ; ; ; 
 ; ; ; ; ; ; ; 
 ; ; ; ; ; ; ; 
 ; ; ; ; ; ; ; 
 ; ; ; ; ; ; ; 
 ; ; ; ; ; ; ; 
 ; ; ; ; ; ; ; 
 ; ; ; ; ; ; ; 
 ; ; ; ; ; ; ; 
 ; ; ; ; ; ; ; 
 ; ; ; ; ; ; ; 
 ; ; ; ; ; ; ; 
 ; ; ; ; ; ; ; 
 ; ; ; ; ; ; ; 
 ; ; ; ; ; ; ; 
 ; ; ; ; ; ; ; 
 ; ; ; ; ; ; ; 
 ; ; ; ; ; ; ; 
 ; ; ; ; ; ; ; 
 ; ; ; ; ; ; ; 
 ; ; ; ; ; ; ; 
 ; ; ; ; ; ; ; 
 ; ; ; ; ; ; ; 
 ; ; ; ; ; ; ; 
 ; ; ; ; ; ; ; 
 ; ; ; ; ; ; ; 
 ; ; ; ; ; ; ; 
 ; ; ; ; ; ; ; 
 ; ; ; ; ; ; ; 
 ; ; ; ; ; ; ; 
 ; ; ; ; ; ; ; 
 ; ; ; ; ; ; ; 
 ; ; ; ; ; ; ; 
 ; ; ; ; ; ; ; 
 ; ; ; ; ; ; ; 
 ; ; ; ; ; ; ; 
 ; ; ; ; ; ; ; 
 ; ; ; ; ; ; ; 
 ; ; ; ; ; ; ; 
 ; ; ; ; ; ; ; 
 ; ; ; ; ; ; ; 
 ; ; ; ; ; ; ; 
 ; ; ; ; ; ; ; 
 ; ; ; ; ; ; ; 
 ; ; ; ; ; ; ; 
 ; ; ; ; ; ; ; 
 ; ; ; ; ; ; ; 
 ; ; ; ; ; ; ; 
 ; ; ; ; ; ; ; 
 ; ; ; ; ; ; ; 
 ; ; ; ; ; ; ; 
 ; ; ; ; ; ; ; 
 ; ; ; ; ; ; ; 
 ; ; ; ; ; ; ; 
 ; ; ; ; ; ; ; 
 ; ; ; ; ; ; ; 
 ; ; ; ; ; ; ; 
 ; ; ; ; ; ; ; 
 ; ; ; ; ; ; ; 
 ; ; ; ; ; ; ; 
 ; ; ; ; ; ; ; 
 ; ; ; ; ; ; ; 
 ; ; ; ; ; ; ; 
 ; ; ; ; ; ; ; 
 ; ; ; ; ; ; ; 
 ; ; ; ; ; ; ; 
 ; ; ; ; ; ; ; 
 ; ; ; ; ; ; ; 
 ; ; ; ; ; ; ; 
 ; ; ; ; ; ; ; 
 ; ; ; ; ; ; ; 
 ; ; ; ; ; ; ; 
 ; ; ; ; ; ; ; 
 ; ; ; ; ; ; ; 
 ; ; ; ; ; ; ; 
 ; ; ; ; ; ; ; 
 ; ; ; ; ; ; ; 
 ; ; ; ; ; ; ; 
 ; ; ; ; ; ; ; 
 ; ; ; ; ; ; ; 
 ; ; ; ; ; ; ; 
 ; ; ; ; ; ; ; 
 ; ; ; ; ; ; ; 
 ; ; ; ; ; ; ; 
 ; ; ; ; ; ; ; 
 ; ; ; ; ; ; ; 
 ; ; ; ; ; ; ; 
 ; ; ; ; ; ; ; 
 ; ; ; ; ; ; ; 
 ; ; ; ; ; ; ; 
 ; ; ; ; ; ; ; 
 ; ; ; ; ; ; ; 
 ; ; ; ; ; ; ; 
 ; ; ; ; ; ; ; 
 ; ; ; ; ; ; ; 
 ; ; ; ; ; ; ; 
 ; ; ; ; ; ; ; 
 ; ; ; ; ; ; ; 
 ; ; ; ; ; ; ; 
 ; ; ; ; ; ; ; 
 ; ; ; ; ; ; ; 
 ; ; ; ; ; ; ; 
 ; ; ; ; ; ; ; 
 ; ; ; ; ; ; ; 
 ; ; ; ; ; ; ; 
 ; ; ; ; ; ; ; 
 ; ; ; ; ; ; ; 
 ; ; ; ; ; ; ; 
 ; ; ; ; ; ; ; 
 ; ; ; ; ; ; ; 
 ; ; ; ; ; ; ; 
 ; ; ; ; ; ; ; 
 ; ; ; ; ; ; ; 
 ; ; ; ; ; ; ; 
 ; ; ; ; ; ; ; 
 ; ; ; ; ; ; ; 
 ; ; ; ; ; ; ; 
 ; ; ; ; ; ; ; 
 ; ; ; ; ; ; ; 
 ; ; ; ; ; ; ; 
 ; ; ; ; ; ; ; 
 ; ; ; ; ; ; ; 
 ; ; ; ; ; ; ; 
 ; ; ; ; ; ; ; 
 ; ; ; ; ; ; ; 
 ; ; ; ; ; ; ; 
 ; ; ; ; ; ; ; 
 ; ; ; ; ; ; ; 
 ; ; ; ; ; ; ; 
 ; ; ; ; ; ; ; 
 ; ; ; ; ; ; ; 
 ; ; ; ; ; ; ; 
 ; ; ; ; ; ; ; 
 ; ; ; ; ; ; ; 
 ; ; ; ; ; ; ; 
 ; ; ; ; ; ; ; 
 ; ; ; ; ; ; ; 
 ; ; ; ; ; ; ; 
 ; ; ; ; ; ; ; 
 ; ; ; ; ; ; ; 
 ; ; ; ; ; ; ; 
 ; ; ; ; ; ; ; 
 ; ; ; ; ; ; ; 
 ; ; ; ; ; ; ; 
 ; ; ; ; ; ; ; 
 ; ; ; ; ; ; ; 
 ; ; ; ; ; ; ; 
 ; ; ; ; ; ; ; 
 ; ; ; ; ; ; ; 
 ; ; ; ; ; ; ; 
 ; ; ; ; ; ; ; 
 ; ; ; ; ; ; ; 
 ; ; ; ; ; ; ; 
 ; ; ; ; ; ; ; 
 ; ; ; ; ; ; ; 
 ; ; ; ; ; ; ; 
 ; ; ; ; ; ; ; 
 ; ; ; ; ; ; ; 
 ; ; ; ; ; ; ; 
 ; ; ; ; ; ; ; 
 ; ; ; ; ; ; ; 
 ; ; ; ; ; ; ; 
 ; ; ; ; ; ; ; 
 ; ; ; ; ; ; ; 
 ; ; ; ; ; ; ; 
 ; ; ; ; ; ; ; 
 ; ; ; ; ; ; ; 
 ; ; ; ; ; ; ; 
 ; ; ; ; ; ; ; 
 ; ; ; ; ; ; ; 
 ; ; ; ; ; ; ; 
 ; ; ; ; ; ; ; 
 ; ; ; ; ; ; ; 
 ; ; ; ; ; ; ; 
 ; ; ; ; ; ; ; 
 ; ; ; ; ; ; ; 
 ; ; ; ; ; ; ; 
 ; ; ; ; ; ; ; 
 ; ; ; ; ; ; ; 
 ; ; ; ; ; ; ; 
 ; ; ; ; ; ; ; 
 ; ; ; ; ; ; ; 
 ; ; ; ; ; ; ; 
 ; ; ; ; ; ; ; 
 ; ; ; ; ; ; ; 
 ; ; ; ; ; ; ; 
 ; ; ; ; ; ; ; 
 ; ; ; ; ; ; ; 
 ; ; ; ; ; ; ; 
 ; ; ; ; ; ; ; 
 ; ; ; ; ; ; ; 
 ; ; ; ; ; ; ; 
 ; ; ; ; ; ; ; 
 ; ; ; ; ; ; ; 
 ; ; ; ; ; ; ; 
 ; ; ; ; ; ; ; 
 ; ; ; ; ; ; ; 
 ; ; ; ; ; ; ; 
 ; ; ; ; ; ; ; 
 ; ; ; ; ; ; ; 
 ; ; ; ; ; ; ; 
 ; ; ; ; ; ; ; 
 ; ; ; ; ; ; ; 
 ; ; ; ; ; ; ; 
 ; ; ; ; ; ; ; 
 ; ; ; ; ; ; ; 
 ; ; ; ; ; ; ; 
 ; ; ; ; ; ; ; 
 ; ; ; ; ; ; ; 
 ; ; ; ; ; ; ; 
 ; ; ; ; ; ; ; 
 ; ; ; ; ; ; ; 
 ; ; ; ; ; ; ; 
 ; ; ; ; ; ; ; 
 ; ; ; ; ; ; ; 
 ; ; ; ; ; ; ; 
 ; ; ; ; ; ; ; 
 ; ; ; ; ; ; ; 
 ; ; ; ; ; ; ; 
 ; ; ; ; ; ; ; 
 ; ; ; ; ; ; ; 
 ; ; ; ; ; ; ; 
 ; ; ; ; ; ; ; 
 ; ; ; ; ; ; ; 
 ; ; ; ; ; ; ; 
 ; ; ; ; ; ; ; 
 ; ; ; ; ; ; ; 
 ; ; ; ; ; ; ; 
 ; ; ; ; ; ; ; 
 ; ; ; ; ; ; ; 
 ; ; ; ; ; ; ; 
 ; ; ; ; ; ; ; 
 ; ; ; ; ; ; ; 
 ; ; ; ; ; ; ; 
 ; ; ; ; ; ; ; 
 ; ; ; ; ; ; ; 
 ; ; ; ; ; ; ; 
 ; ; ; ; ; ; ; 
 ; ; ; ; ; ; ; 
 ; ; ; ; ; ; ; 
 ; ; ; ; ; ; ; 
 ; ; ; ; ; ; ; 
 ; ; ; ; ; ; ; 
 ; ; ; ; ; ; ; 
 ; ; ; ; ; ; ; 
 ; ; ; ; ; ; ; 
 ; ; ; ; ; ; ; 
 ; ; ; ; ; ; ; 
 ; ; ; ; ; ; ; 
 ; ; ; ; ; ; ; 
 ; ; ; ; ; ; ; 
 ; ; ; ; ; ; ; 
 ; ; ; ; ; ; ; 
 ; ; ; ; ; ; ; 
 ; ; ; ; ; ; ; 
 ; ; ; ; ; ; ; 
 ; ; ; ; ; ; ; 
 ; ; ; ; ; ; ; 
 ; ; ; ; ; ; ; 
 ; ; ; ; ; ; ; 
 ; ; ; ; ; ; ; 
 ; ; ; ; ; ; ; 
 ; ; ; ; ; ; ; 
 ; ; ; ; ; ; ; 
 ; ; ; ; ; ; ; 
 ; ; ; ; ; ; ; 
 ; ; ; ; ; ; ; 
 ; ; ; ; ; ; ; 
 ; ; ; ; ; ; ; 
 ; ; ; ; ; ; ; 
 ; ; ; ; ; ; ; 
 ; ; ; ; ; ; ; 
 ; ; ; ; ; ; ; 
 ; ; ; ; ; ; ; 
 ; ; ; ; ; ; ; 
 ; ; ; ; ; ; ; 
 ; ; ; ; ; ; ; 
 ; ; ; ; ; ; ; 
 ; ; ; ; ; ; ; 
 ; ; ; ; ; ; ; 
 ; ; ; ; ; ; ; 
 ; ; ; ; ; ; ; 
 ; ; ; ; ; ; ; 
 ; ; ; ; ; ; ; 
 ; ; ; ; ; ; ; 
 ; ; ; ; ; ; ; 
 ; ; ; ; ; ; ; 
 ; ; ; ; ; ; ; 
 ; ; ; ; ; ; ; 
 ; ; ; ; ; ; ; 
 ; ; ; ; ; ; ; 
 ; ; ; ; ; ; ; 
 ; ; ; ; ; ; ; 
 ; ; ; ; ; ; ; 
 ; ; ; ; ; ; ; 
 ; ; ; ; ; ; ; 
 ; ; ; ; ; ; ; 
 ; ; ; ; ; ; ; 
 ; ; ; ; ; ; ; 
 ; ; ; ; ; ; ; 
 ; ; ; ; ; ; ; 
 ; ; ; ; ; ; ; 
 ; ; ; ; ; ; ; 
 ; ; ; ; ; ; ; 
 ; ; ; ; ; ; ; 
 ; ; ; ; ; ; ; 
 ; ; ; ; ; ; ; 
 ; ; ; ; ; ; ; 
 ; ; ; ; ; ; ; 
 ; ; ; ; ; ; ; 
 ; ; ; ; ; ; ; 
 ; ; ; ; ; ; ; 
 ; ; ; ; ; ; ; 
 ; ; ; ; ; ; ; 
 ; ; ; ; ; ; ; 
 ; ; ; ; ; ; ; 
 ; ; ; ; ; ; ; 
 ; ; ; ; ; ; ; 
 ; ; ; ; ; ; ; 
 ; ; ; ; ; ; ; 
 ; ; ; ; ; ; ; 
 ; ; ; ; ; ; ; 
 ; ; ; ; ; ; ; 
 ; ; ; ; ; ; ; 
 ; ; ; ; ; ; ; 
 ; ; ; ; ; ; ; 
 ; ; ; ; ; ; ; 
 ; ; ; ; ; ; ; 
 ; ; ; ; ; ; ; 
 ; ; ; ; ; ; ; 
 ; ; ; ; ; ; ; 
 ; ; ; ; ; ; ; 
 ; ; ; ; ; ; ; 
 ; ; ; ; ; ; ; 
 ; ; ; ; ; ; ; 
 ; ; ; ; ; ; ; 
 ; ; ; ; ; ; ; 
 ; ; ; ; ; ; ; 
 ; ; ; ; ; ; ; 
 ; ; ; ; ; ; ; 
 ; ; ; ; ; ; ; 
 ; ; ; ; ; ; ; 
 ; ; ; ; ; ; ; 
 ; ; ; ; ; ; ; 
 ; ; ; ; ; ; ; 
 ; ; ; ; ; ; ; 
 ; ; ; ; ; ; ; 
 ; ; ; ; ; ; ; 
 ; ; ; ; ; ; ; 
 ; ; ; ; ; ; ; 
 ; ; ; ; ; ; ; 
 ; ; ; ; ; ; ; 
 ; ; ; ; ; ; ; 
 ; ; ; ; ; ; ; 
 ; ; ; ; ; ; ; 
 ; ; ; ; ; ; ; 
 ; ; ; ; ; ; ; 
 ; ; ; ; ; ; ; 
 ; ; ; ; ; ; ; 
 ; ; ; ; ; ; ; 
 ; ; ; ; ; ; ; 
 ; ; ; ; ; ; ; 
 ; ; ; ; ; ; ; 
 ; ; ; ; ; ; ; 
 ; ; ; ; ; ; ; 
 ; ; ; ; ; ; ; 
 ; ; ; ; ; ; ; 
 ; ; ; ; ; ; ; 
 ; ; ; ; ; ; ; 
 ; ; ; ; ; ; ; 
 ; ; ; ; ; ; ; 
 ; ; ; ; ; ; ; 
 ; ; ; ; ; ; ; 
 ; ; ; ; ; ; ; 
 ; ; ; ; ; ; ; 
 ; ; ; ; ; ; ; 
 ; ; ; ; ; ; ; 
 ; ; ; ; ; ; ; 
 ; ; ; ; ; ; ; 
 ; ; ; ; ; ; ; 
 ; ; ; ; ; ; ; 
 ; ; ; ; ; ; ; 
 ; ; ; ; ; ; ; 
 ; ; ; ; ; ; ; 
 ; ; ; ; ; ; ; 
 ; ; ; ; ; ; ; 
 ; ; ; ; ; ; ; 
 ; ; ; ; ; ; ; 
 ; ; ; ; ; ; ; 
 ; ; ; ; ; ; ; 
 ; ; ; ; ; ; ; 
 ; ; ; ; ; ; ; 
 ; ; ; ; ; ; ; 
 ; ; ; ; ; ; ; 
 ; ; ; ; ; ; ; 
 ; ; ; ; ; ; ; 
 ; ; ; ; ; ; ; 
 ; ; ; ; ; ; ; 
 ; ; ; ; ; ; ; 
 ; ; ; ; ; ; ; 
 ; ; ; ; ; ; ; 
 ; ; ; ; ; ; ; 
 ; ; ; ; ; ; ; 
 ; ; ; ; ; ; ; 
 ; ; ; ; ; ; ; 
 ; ; ; ; ; ; ; 
 ; ; ; ; ; ; ; 
 ; ; ; ; ; ; ; 
 ; ; ; ; ; ; ; 
 ; ; ; ; ; ; ; 
 ; ; ; ; ; ; ; 
 ; ; ; ; ; ; ; 
 ; ; ; ; ; ; ; 
 ; ; ; ; ; ; ; 
 ; ; ; ; ; ; ; 
 ; ; ; ; ; ; ; 
 ; ; ; ; ; ; ; 
 ; ; ; ; ; ; ; 
 ; ; ; ; ; ; ; 
 ; ; ; ; ; ; ; 
 ; ; ; ; ; ; ; 
 ; ; ; ; ; ; ; 
 ; ; ; ; ; ; ; 
 ; ; ; ; ; ; ; 
 ; ; ; ; ; ; ; 
 ; ; ; ; ; ; ; 
 ; ; ; ; ; ; ; 
 ; ; ; ; ; ; ; 
 ; ; ; ; ; ; ; 
 ; ; ; ; ; ; ; 
 ; ; ; ; ; ; ; 
 ; ; ; ; ; ; ; 
 ; ; ; ; ; ; ; 
 ; ; ; ; ; ; ; 
 ; ; ; ; ; ; ; 
 ; ; ; ; ; ; ; 
 ; ; ; ; ; ; ; 
 ; ; ; ; ; ; ; 
 ; ; ; ; ; ; ; 
 ; ; ; ; ; ; ; 
 ; ; ; ; ; ; ; 
 ; ; ; ; ; ; ; 
 ; ; ; ; ; ; ; 
 ; ; ; ; ; ; ; 
 ; ; ; ; ; ; ; 
 ; ; ; ; ; ; ; 
 ; ; ; ; ; ; ; 
 ; ; ; ; ; ; ; 
 ; ; ; ; ; ; ; 
 ; ; ; ; ; ; ; 
 ; ; ; ; ; ; ; 
 ; ; ; ; ; ; ; 
 ; ; ; ; ; ; ; 
 ; ; ; ; ; ; ; 
 ; ; ; ; ; ; ; 
 ; ; ; ; ; ; ; 
 ; ; ; ; ; ; ; 
 ; ; ; ; ; ; ; 
 ; ; ; ; ; ; ; 
 ; ; ; ; ; ; ; 
 ; ; ; ; ; ; ; 
 ; ; ; ; ; ; ; 
 ; ; ; ; ; ; ; 
 ; ; ; ; ; ; ; 
 ; ; ; ; ; ; ; 
 ; ; ; ; ; ; ; 
 ; ; ; ; ; ; ; 
 ; ; ; ; ; ; ; 
 ; ; ; ; ; ; ; 
 ; ; ; ; ; ; ; 
 ; ; ; ; ; ; ; 
 ; ; ; ; ; ; ; 
 ; ; ; ; ; ; ; 
 ; ; ; ; ; ; ; 
 ; ; ; ; ; ; ; 
 ; ; ; ; ; ; ; 
 ; ; ; ; ; ; ; 
 ; ; ; ; ; ; ; 
 ; ; ; ; ; ; ; 
 ; ; ; ; ; ; ; 
 ; ; ; ; ; ; ; 
 ; ; ; ; ; ; ; 
 ; ; ; ; ; ; ; 
 ; ; ; ; ; ; ; 
 ; ; ; ; ; ; ; 
 ; ; ; ; ; ; ; 
 ; ; ; ; ; ; ; 
 ; ; ; ; ; ; ; 
 ; ; ; ; ; ; ; 
 ; ; ; ; ; ; ; 
 ; ; ; ; ; ; ; 
 ; ; ; ; ; ; ; 
 ; ; ; ; ; ; ; 
 ; ; ; ; ; ; ; 
 ; ; ; ; ; ; ; 
 ; ; ; ; ; ; ; 
 ; ; ; ; ; ; ; 
 ; ; ; ; ; ; ; 
 ; ; ; ; ; ; ; 
 ; ; ; ; ; ; ; 
 ; ; ; ; ; ; ; 
 ; ; ; ; ; ; ; 
 ; ; ; ; ; ; ; 
 ; ; ; ; ; ; ; 
 ; ; ; ; ; ; ; 
 ; ; ; ; ; ; ; 
 ; ; ; ; ; ; ; 
 ; ; ; ; ; ; ; 
 ; ; ; ; ; ; ; 
 ; ; ; ; ; ; ; 
 ; ; ; ; ; ; ; 
 ; ; ; ; ; ; ; 
 ; ; ; ; ; ; ; 
 ; ; ; ; ; ; ; 
 ; ; ; ; ; ; ; 
 ; ; ; ; ; ; ; 
 ; ; ; ; ; ; ; 
 ; ; ; ; ; ; ; 
 ; ; ; ; ; ; ; 
 ; ; ; ; ; ; ; 
 ; ; ; ; ; ; ; 
 ; ; ; ; ; ; ; 
 ; ; ; ; ; ; ; 
 ; ; ; ; ; ; ; 
 ; ; ; ; ; ; ; 
 ; ; ; ; ; ; ; 
 ; ; ; ; ; ; ; 
 ; ; ; ; ; ; ; 
 ; ; ; ; ; ; ; 
 ; ; ; ; ; ; ; 
 ; ; ; ; ; ; ; 
 ; ; ; ; ; ; ; 
 ; ; ; ; ; ; ; 
 ; ; ; ; ; ; ; 
 ; ; ; ; ; ; ; 
 ; ; ; ; ; ; ; 
 ; ; ; ; ; ; ; 
 ; ; ; ; ; ; ; 
 ; ; ; ; ; ; ; 
 ; ; ; ; ; ; ; 
 ; ; ; ; ; ; ; 
 ; ; ; ; ; ; ; 
 ; ; ; ; ; ; ; 
 ; ; ; ; ; ; ; 
 ; ; ; ; ; ; ; 
 ; ; ; ; ; ; ; 
 ; ; ; ; ; ; ; 
 ; ; ; ; ; ; ; 
 ; ; ; ; ; ; ; 
 ; ; ; ; ; ; ; 
 ; ; ; ; ; ; ; 
 ; ; ; ; ; ; ; 
 ; ; ; ; ; ; ; 
 ; ; ; ; ; ; ; 
 ; ; ; ; ; ; ; 
 ; ; ; ; ; ; ; 
 ; ; ; ; ; ; ; 
 ; ; ; ; ; ; ; 
 ; ; ; ; ; ; ; 
 ; ; ; ; ; ; ; 
 ; ; ; ; ; ; ; 
 ; ; ; ; ; ; ; 
 ; ; ; ; ; ; ; 
 ; ; ; ; ; ; ; 
 ; ; ; ; ; ; ; 
 ; ; ; ; ; ; ; 
 ; ; ; ; ; ; ; 
 ; ; ; ; ; ; ; 
 ; ; ; ; ; ; ; 
 ; ; ; ; ; ; ; 
 ; ; ; ; ; ; ; 
 ; ; ; ; ; ; ; 
 ; ; ; ; ; ; ; 
 ; ; ; ; ; ; ; 
 ; ; ; ; ; ; ; 
 ; ; ; ; ; ; ; 
 ; ; ; ; ; ; ; 
 ; ; ; ; ; ; ; 
 ; ; ; ; ; ; ; 
 ; ; ; ; ; ; ; 
 ; ; ; ; ; ; ; 
 ; ; ; ; ; ; ; 
 ; ; ; ; ; ; ; 
 ; ; ; ; ; ; ; 
 ; ; ; ; ; ; ; 
 ; ; ; ; ; ; ; 
 ; ; ; ; ; ; ; 
 ; ; ; ; ; ; ; 
 ; ; ; ; ; ; ; 
 ; ; ; ; ; ; ; 
 ; ; ; ; ; ; ; 
 ; ; ; ; ; ; ; 
 ; ; ; ; ; ; ; 
 ; ; ; ; ; ; ; 
 ; ; ; ; ; ; ; 
 ; ; ; ; ; ; ; 
 ; ; ; ; ; ; ; 
 ; ; ; ; ; ; ; 
 ; ; ; ; ; ; ; 
 ; ; ; ; ; ; ; 
 ; ; ; ; ; ; ; 
 ; ; ; ; ; ; ; 
 ; ; ; ; ; ; ; 
 ; ; ; ; ; ; ; 
 ; ; ; ; ; ; ; 
 ; ; ; ; ; ; ; 
 ; ; ; ; ; ; ; 
 ; ; ; ; ; ; ; 
 ; ; ; ; ; ; ; 
 ; ; ; ; ; ; ; 
 ; ; ; ; ; ; ; 
 ; ; ; ; ; ; ; 
 ; ; ; ; ; ; ; 
 ; ; ; ; ; ; ; 
 ; ; ; ; ; ; ; 
 ; ; ; ; ; ; ; 
 ; ; ; ; ; ; ; 
 ; ; ; ; ; ; ; 
 ; ; ; ; ; ; ; 
 ; ; ; ; ; ; ; 
 ; ; ; ; ; ; ; 
 ; ; ; ; ; ; ; 
 ; ; ; ; ; ; ; 
 ; ; ; ; ; ; ; 
 ; ; ; ; ; ; ; 
 ; ; ; ; ; ; ; 
 ; ; ; ; ; ; ; 
 ; ; ; ; ; ; ; 
 ; ; ; ; ; ; ; 
 ; ; ; ; ; ; ; 
 ; ; ; ; ; ; ; 
 ; ; ; ; ; ; ; 
 ; ; ; ; ; ; ; 
 ; ; ; ; ; ; ; 
 ; ; ; ; ; ; ; 
 ; ; ; ; ; ; ; 
 ; ; ; ; ; ; ; 
 ; ; ; ; ; ; ; 
 ; ; ; ; ; ; ; 
 ; ; ; ; ; ; ; 
 ; ; ; ; ; ; ; 
 ; ; ; ; ; ; ; 
 ; ; ; ; ; ; ; 
 ; ; ; ; ; ; ; 
 ; ; ; ; ; ; ; 
 ; ; ; ; ; ; ; 
 ; ; ; ; ; ; ; 
 ; ; ; ; ; ; ; 
 ; ; ; ; ; ; ; 
 ; ; ; ; ; ; ; 
 ; ; ; ; ; ; ; 
 ; ; ; ; ; ; ; 
 ; ; ; ; ; ; ; 
 ; ; ; ; ; ; ; 
 ; ; ; ; ; ; ; 
 ; ; ; ; ; ; ; 
 ; ; ; ; ; ; ; 
 ; ; ; ; ; ; ; 
 ; ; ; ; ; ; ; 
 ; ; ; ; ; ; ; 
 ; ; ; ; ; ; ; 
 ; ; ; ; ; ; ; 
 ; ; ; ; ; ; ; 
 ; ; ; ; ; ; ; 
 ; ; ; ; ; ; ; 
 ; ; ; ; ; ; ; 
 ; ; ; ; ; ; ; 
 ; ; ; ; ; ; ; 
 ; ; ; ; ; ; ; 
 ; ; ; ; ; ; ; 
 ; ; ; ; ; ; ; 
 ; ; ; ; ; ; ; 
 ; ; ; ; ; ; ; 
 ; ; ; ; ; ; ; 
 ; ; ; ; ; ; ; 
 ; ; ; ; ; ; ; 
 ; ; ; ; ; ; ; 
 ; ; ; ; ; ; ; 
 ; ; ; ; ; ; ; 
 ; ; ; ; ; ; ; 
 ; ; ; ; ; ; ; 
 ; ; ; ; ; ; ; 
 ; ; ; ; ; ; ; 
 ; ; ; ; ; ; ; 
 ; ; ; ; ; ; ; 
 ; ; ; ; ; ; ; 
 ; ; ; ; ; ; ; 
 ; ; ; ; ; ; ; 
 ; ; ; ; ; ; ; 
 ; ; ; ; ; ; ; 
 ; ; ; ; ; ; ; 
 ; ; ; ; ; ; ; 
 ; ; ; ; ; ; ; 
 ; ; ; ; ; ; ; 
 ; ; ; ; ; ; ; 
 ; ; ; ; ; ; ; 
 ; ; ; ; ; ; ; 
 ; ; ; ; ; ; ; 
 ; ; ; ; ; ; ; 
 ; ; ; ; ; ; ; 
 ; ; ; ; ; ; ; 
 ; ; ; ; ; ; ; 
 ; ; ; ; ; ; ; 
 ; ; ; ; ; ; ; 
 ; ; ; ; ; ; ; 
 ; ; ; ; ; ; ; 
 ; ; ; ; ; ; ; 
 ; ; ; ; ; ; ; 
 ; ; ; ; ; ; ; 
 ; ; ; ; ; ; ; 
 ; ; ; ; ; ; ; 
 ; ; ; ; ; ; ; 
 ; ; ; ; ; ; ; 
 ; ; ; ; ; ; ; 
 ; ; ; ; ; ; ; 
 ; ; ; ; ; ; ; 
 ; ; ; ; ; ; ; 
 ; ; ; ; ; ; ; 
 ; ; ; ; ; ; ; 
 ; ; ; ; ; ; ; 
 ; ; ; ; ; ; ; 
 ; ; ; ; ; ; ; 
 ; ; ; ; ; ; ; 
 ; ; ; ; ; ; ; 
 ; ; ; ; ; ; ; 
 ; ; ; ; ; ; ; 
 ; ; ; ; ; ; ; 
 ; ; ; ; ; ; ; 
 ; ; ; ; ; ; ; 
 ; ; ; ; ; ; ; 
 ; ; ; ; ; ; ; 
 ; ; ; ; ; ; ; 
 ; ; ; ; ; ; ; 
 ; ; ; ; ; ; ; 
 ; ; ; ; ; ; ; 
 ; ; ; ; ; ; ; 
 ; ; ; ; ; ; ; 
 ; ; ; ; ; ; ; 
 ; ; ; ; ; ; ; 
 ; ; ; ; ; ; ; 
 ; ; ; ; ; ; ; 
 ; ; ; ; ; ; ; 
 ; ; ; ; ; ; ; 
 ; ; ; ; ; ; ; 
 ; ; ; ; ; ; ; 
 ; ; ; ; ; ; ; 
 ; ; ; ; ; ; ; 
 ; ; ; ; ; ; ; 
 ; ; ; ; ; ; ; 
 ; ; ; ; ; ; ; 
 ; ; ; ; ; ; ; 
 ; ; ; ; ; ; ; 
 ; ; ; ; ; ; ; 
 ; ; ; ; ; ; ; 
 ; ; ; ; ; ; ; 
 ; ; ; ; ; ; ; 
 ; ; ; ; ; ; ; 
 ; ; ; ; ; ; ; 
 ; ; ; ; ; ; ; 
 ; ; ; ; ; ; ; 
 ; ; ; ; ; ; ; 
 ; ; ; ; ; ; ; 
 ; ; ; ; ; ; ; 
 ; ; ; ; ; ; ; 
 ; ; ; ; ; ; ; 
 ; ; ; ; ; ; ; 
 ; ; ; ; ; ; ; 
 ; ; ; ; ; ; ; 
 ; ; ; ; ; ; ; 
 ; ; ; ; ; ; ; 
 ; ; ; ; ; ; ; 
 ; ; ; ; ; ; ; 
 ; ; ; ; ; ; ; 
 ; ; ; ; ; ; ; 
 ; ; ; ; ; ; ; 
 ; ; ; ; ; ; ; 
 ; ; ; ; ; ; ; 
 ; ; ; ; ; ; ; 
 ; ; ; ; ; ; ; 
 ; ; ; ; ; ; ; 
 ; ; ; ; ; ; ; 
 ; ; ; ; ; ; ; 
 ; ; ; ; ; ; ; 
 ; ; ; ; ; ; ; 
 ; ; ; ; ; ; ; 
 ; ; ; ; ; ; ; 
 ; ; ; ; ; ; ; 
 ; ; ; ; ; ; ; 
 ; ; ; ; ; ; ; 
 ; ; ; ; ; ; ; 
 ; ; ; ; ; ; ; 
 ; ; ; ; ; ; ; 
 ; ; ; ; ; ; ; 
 ; ; ; ; ; ; ; 
 ; ; ; ; ; ; ; 
 ; ; ; ; ; ; ; 
 ; ; ; ; ; ; ; 
 ; ; ; ; ; ; ; 
 ; ; ; ; ; ; ; 
 ; ; ; ; ; ; ; 
 ; ; ; ; ; ; ; 
 ; ; ; ; ; ; ; 
 ; ; ; ; ; ; ; 
 ; ; ; ; ; ; ; 
 ; ; ; ; ; ; ; 
 ; ; ; ; ; ; ; 
 ; ; ; ; ; ; ; 
 ; ; ; ; ; ; ; 
 ; ; ; ; ; ; ; 
 ; ; ; ; ; ; ; 
 ; ; ; ; ; ; ; 
 ; ; ; ; ; ; ; 
 ; ; ; ; ; ; ; 
 ; ; ; ; ; ; ; 
 ; ; ; ; ; ; ; 
 ; ; ; ; ; ; ; 
 ; ; ; ; ; ; ; 
 ; ; ; ; ; ; ; 
 ; ; ; ; ; ; ; 
 ; ; ; ; ; ; ; 
 ; ; ; ; ; ; ; 
 ; ; ; ; ; ; ; 
 ; ; ; ; ; ; ; 
 ; ; ; ; ; ; ; 
 ; ; ; ; ; ; ; 
 ; ; ; ; ; ; ; 
 ; ; ; ; ; ; ; 
 ; ; ; ; ; ; ; 
 ; ; ; ; ; ; ; 
 ; ; ; ; ; ; ; 
 ; ; ; ; ; ; ; 
 ; ; ; ; ; ; ; 
 ; ; ; ; ; ; ; 
 ; ; ; ; ; ; ; 
 ; ; ; ; ; ; ; 
 ; ; ; ; ; ; ; 
 ; ; ; ; ; ; ; 
 ; ; ; ; ; ; ; 
 ; ; ; ; ; ; ; 
 ; ; ; ; ; ; ; 
 ; ; ; ; ; ; ; 
 ; ; ; ; ; ; ; 
 ; ; ; ; ; ; ; 
 ; ; ; ; ; ; ; 
 ; ; ; ; ; ; ; 
 ; ; ; ; ; ; ; 
 ; ; ; ; ; ; ; 
 ; ; ; ; ; ; ; 
 ; ; ; ; ; ; ; 
 ; ; ; ; ; ; ; 
 ; ; ; ; ; ; ; 
 ; ; ; ; ; ; ; 
 ; ; ; ; ; ; ; 
 ; ; ; ; ; ; ; 
 ; ; ; ; ; ; ; 
 ; ; ; ; ; ; ; 
 ; ; ; ; ; ; ; 
 ; ; ; ; ; ; ; 
 ; ; ; ; ; ; ; 
 ; ; ; ; ; ; ; 
 ; ; ; ; ; ; ; 
 ; ; ; ; ; ; ; 
 ; ; ; ; ; ; ; 
 ; ; ; ; ; ; ; 
 ; ; ; ; ; ; ; 
 ; ; ; ; ; ; ; 
 ; ; ; ; ; ; ; 
 ; ; ; ; ; ; ; 
 ; ; ; ; ; ; ; 
 ; ; ; ; ; ; ; 
 ; ; ; ; ; ; ; 
 ; ; ; ; ; ; ; 
 ; ; ; ; ; ; ; 
 ; ; ; ; ; ; ; 
 ; ; ; ; ; ; ; 
 ; ; ; ; ; ; ; 
 ; ; ; ; ; ; ; 
 ; ; ; ; ; ; ; 
 ; ; ; ; ; ; ; 
 ; ; ; ; ; ; ; 
 ; ; ; ; ; ; ; 
 ; ; ; ; ; ; ; 
 ; ; ; ; ; ; ; 
 ; ; ; ; ; ; ; 
 ; ; ; ; ; ; ; 
 ; ; ; ; ; ; ; 
 ; ; ; ; ; ; ; 
 ; ; ; ; ; ; ; 
 ; ; ; ; ; ; ; 
 ; ; ; ; ; ; ; 
 ; ; ; ; ; ; ; 
 ; ; ; ; ; ; ; 
 ; ; ; ; ; ; ; 
 ; ; ; ; ; ; ; 
 ; ; ; ; ; ; ; 
 ; ; ; ; ; ; ; 
 ; ; ; ; ; ; ; 
 ; ; ; ; ; ; ; 
 ; ; ; ; ; ; ; 
 ; ; ; ; ; ; ; 
 ; ; ; ; ; ; ; 
 ; ; ; ; ; ; ; 
 ; ; ; ; ; ; ; 
 ; ; ; ; ; ; ; 
 ; ; ; ; ; ; ; 
 ; ; ; ; ; ; ; 
 ; ; ; ; ; ; ; 
 ; ; ; ; ; ; ; 
 ; ; ; ; ; ; ; 
 ; ; ; ; ; ; ; 
 ; ; ; ; ; ; ; 
 ; ; ; ; ; ; ; 
 ; ; ; ; ; ; ; 
 ; ; ; ; ; ; ; 
 ; ; ; ; ; ; ; 
 ; ; ; ; ; ; ; 
 ; ; ; ; ; ; ; 
 ; ; ; ; ; ; ; 
 ; ; ; ; ; ; ; 
 ; ; ; ; ; ; ; 
 ; ; ; ; ; ; ; 
 ; ; ; ; ; ; ; 
 ; ; ; ; ; ; ; 
 ; ; ; ; ; ; ; 
 ; ; ; ; ; ; ; 
 ; ; ; ; ; ; ; 
 ; ; ; ; ; ; ; 
 ; ; ; ; ; ; ; 
 ; ; ; ; ; ; ; 
 ; ; ; ; ; ; ; 
 ; ; ; ; ; ; ; 
 ; ; ; ; ; ; ; 
 ; ; ; ; ; ; ; 
 ; ; ; ; ; ; ; 
 ; ; ; ; ; ; ; 
 ; ; ; ; ; ; ; 
 ; ; ; ; ; ; ; 
 ; ; ; ; ; ; ; 
 ; ; ; ; ; ; ; 
 ; ; ; ; ; ; ; 
 ; ; ; ; ; ; ; 
 ; ; ; ; ; ; ; 
 ; ; ; ; ; ; ; 
 ; ; ; ; ; ; ; 
 ; ; ; ; ; ; ; 
 ; ; ; ; ; ; ; 
 ; ; ; ; ; ; ; 
 ; ; ; ; ; ; ; 
 ; ; ; ; ; ; ; 
 ; ; ; ; ; ; ; 
 ; ; ; ; ; ; ; 
 ; ; ; ; ; ; ; 
 ; ; ; ; ; ; ; 
 ; ; ; ; ; ; ; 
 ; ; ; ; ; ; ; 
 ; ; ; ; ; ; ; 
 ; ; ; ; ; ; ; 
 ; ; ; ; ; ; ; 
 ; ; ; ; ; ; ; 
 ; ; ; ; ; ; ; 
 ; ; ; ; ; ; ; 
 ; ; ; ; ; ; ; 
 ; ; ; ; ; ; ; 
 ; ; ; ; ; ; ; 
 ; ; ; ; ; ; ; 
 ; ; ; ; ; ; ; 
 ; ; ; ; ; ; ; 
 ; ; ; ; ; ; ; 
 ; ; ; ; ; ; ; 
 ; ; ; ; ; ; ; 
 ; ; ; ; ; ; ; 
 ; ; ; ; ; ; ; 
 ; ; ; ; ; ; ; 
 ; ; ; ; ; ; ; 
 ; ; ; ; ; ; ; 
 ; ; ; ; ; ; ; 
 ; ; ; ; ; ; ; 
 ; ; ; ; ; ; ; 
 ; ; ; ; ; ; ; 
 ; ; ; ; ; ; ; 
 ; ; ; ; ; ; ; 
 ; ; ; ; ; ; ; 
 ; ; ; ; ; ; ; 
 ; ; ; ; ; ; ; 
 ; ; ; ; ; ; ; 
 ; ; ; ; ; ; ; 
 ; ; ; ; ; ; ; 
 ; ; ; ; ; ; ; 
 ; ; ; ; ; ; ; 
 ; ; ; ; ; ; ; 
 ; ; ; ; ; ; ; 
 ; ; ; ; ; ; ; 
 ; ; ; ; ; ; ; 
 ; ; ; ; ; ; ; 
 ; ; ; ; ; ; ; 
 ; ; ; ; ; ; ; 
 ; ; ; ; ; ; ; 
 ; ; ; ; ; ; ; 
 ; ; ; ; ; ; ; 
 ; ; ; ; ; ; ; 
 ; ; ; ; ; ; ; 
 ; ; ; ; ; ; ; 
 ; ; ; ; ; ; ; 
 ; ; ; ; ; ; ; 
 ; ; ; ; ; ; ; 
 ; ; ; ; ; ; ; 
 ; ; ; ; ; ; ; 
 ; ; ; ; ; ; ; 
 ; ; ; ; ; ; ; 
 ; ; ; ; ; ; ; 
 ; ; ; ; ; ; ; 
 ; ; ; ; ; ; ; 
 ; ; ; ; ; ; ; 
 ; ; ; ; ; ; ; 
 ; ; ; ; ; ; ; 
 ; ; ; ; ; ; ; 
 ; ; ; ; ; ; ; 
 ; ; ; ; ; ; ; 
 ; ; ; ; ; ; ; 
 ; ; ; ; ; ; ; 
 ; ; ; ; ; ; ; 
 ; ; ; ; ; ; ; 
 ; ; ; ; ; ; ; 
 ; ; ; ; ; ; ; 
 ; ; ; ; ; ; ; 
 ; ; ; ; ; ; ; 
 ; ; ; ; ; ; ; 
 ; ; ; ; ; ; ; 
 ; ; ; ; ; ; ; 
 ; ; ; ; ; ; ; 
 ; ; ; ; ; ; ; 
 ; ; ; ; ; ; ; 
 ; ; ; ; ; ; ; 
 ; ; ; ; ; ; ; 
 ; ; ; ; ; ; ; 
 ; ; ; ; ; ; ; 
 ; ; ; ; ; ; ; 
 ; ; ; ; ; ; ; 
 ; ; ; ; ; ; ; 
 ; ; ; ; ; ; ; 
 ; ; ; ; ; ; ; 
 ; ; ; ; ; ; ; 
 ; ; ; ; ; ; ; 
 ; ; ; ; ; ; ; 
 ; ; ; ; ; ; ; 
 ; ; ; ; ; ; ; 
 ; ; ; ; ; ; ; 
 ; ; ; ; ; ; ; 
 ; ; ; ; ; ; ; 
 ; ; ; ; ; ; ; 
 ; ; ; ; ; ; ; 
 ; ; ; ; ; ; ; 
 ; ; ; ; ; ; ; 
 ; ; ; ; ; ; ; 
 ; ; ; ; ; ; ; 
 ; ; ; ; ; ; ; 
 ; ; ; ; ; ; ; 
 ; ; ; ; ; ; ; 
 ; ; ; ; ; ; ; 
 ; ; ; ; ; ; ; 
 ; ; ; ; ; ; ; 
 ; ; ; ; ; ; ; 
 ; ; ; ; ; ; ; 
 ; ; ; ; ; ; ; 
 ; ; ; ; ; ; ; 
 ; ; ; ; ; ; ; 
 ; ; ; ; ; ; ; 
 ; ; ; ; ; ; ; 
 ; ; ; ; ; ; ; 
 ; ; ; ; ; ; ; 
 ; ; ; ; ; ; ; 
 ; ; ; ; ; ; ; 
 ; ; ; ; ; ; ; 
 ; ; ; ; ; ; ; 
 ; ; ; ; ; ; ; 
 ; ; ; ; ; ; ; 
 ; ; ; ; ; ; ; 
 ; ; ; ; ; ; ; 
 ; ; ; ; ; ; ; 
 ; ; ; ; ; ; ; 
 ; ; ; ; ; ; ; 
 ; ; ; ; ; ; ; 
 ; ; ; ; ; ; ; 
 ; ; ; ; ; ; ; 
 ; ; ; ; ; ; ; 
 ; ; ; ; ; ; ; 
 ; ; ; ; ; ; ; 
 ; ; ; ; ; ; ; 
 ; ; ; ; ; ; ; 
 ; ; ; ; ; ; ; 
 ; ; ; ; ; ; ; 
 ; ; ; ; ; ; ; 
 ; ; ; ; ; ; ; 
 ; ; ; ; ; ; ; 
 ; ; ; ; ; ; ; 
 ; ; ; ; ; ; ; 
 ; ; ; ; ; ; ; 
 ; ; ; ; ; ; ; 
 ; ; ; ; ; ; ; 
 ; ; ; ; ; ; ; 
 ; ; ; ; ; ; ; 
 ; ; ; ; ; ; ; 
 ; ; ; ; ; ; ; 
 ; ; ; ; ; ; ; 
 ; ; ; ; ; ; ; 
 ; ; ; ; ; ; ; 
 ; ; ; ; ; ; ; 
 ; ; ; ; ; ; ; 
 ; ; ; ; ; ; ; 
 ; ; ; ; ; ; ; 
 ; ; ; ; ; ; ; 
 ; ; ; ; ; ; ; 
 ; ; ; ; ; ; ; 
 ; ; ; ; ; ; ; 
 ; ; ; ; ; ; ; 
 ; ; ; ; ; ; ; 
 ; ; ; ; ; ; ; 
 ; ; ; ; ; ; ; 
 ; ; ; ; ; ; ; 
 ; ; ; ; ; ; ; 
 ; ; ; ; ; ; ; 
 ; ; ; ; ; ; ; 
 ; ; ; ; ; ; ; 
 ; ; ; ; ; ; ; 
 ; ; ; ; ; ; ; 
 ; ; ; ; ; ; ; 
 ; ; ; ; ; ; ; 
 ; ; ; ; ; ; ; 
 ; ; ; ; ; ; ; 
 ; ; ; ; ; ; ; 
 ; ; ; ; ; ; ; 
 ; ; ; ; ; ; ; 
 ; ; ; ; ; ; ; 
 ; ; ; ; ; ; ; 
 ; ; ; ; ; ; ; 
 ; ; ; ; ; ; ; 
 ; ; ; ; ; ; ; 
 ; ; ; ; ; ; ; 
 ; ; ; ; ; ; ; 
 ; ; ; ; ; ; ; 
 ; ; ; ; ; ; ; 
 ; ; ; ; ; ; ; 
 ; ; ; ; ; ; ; 
 ; ; ; ; ; ; ; 
 ; ; ; ; ; ; ; 
 ; ; ; ; ; ; ; 
 ; ; ; ; ; ; ; 
 ; ; ; ; ; ; ; 
 ; ; ; ; ; ; ; 
 ; ; ; ; ; ; ; 
 ; ; ; ; ; ; ; 
 ; ; ; ; ; ; ; 
 ; ; ; ; ; ; ; 
 ; ; ; ; ; ; ; 
 ; ; ; ; ; ; ; 
 ; ; ; ; ; ; ; 
 ; ; ; ; ; ; ; 
 ; ; ; ; ; ; ; 
 ; ; ; ; ; ; ; 
 ; ; ; ; ; ; ; 
 ; ; ; ; ; ; ; 
 ; ; ; ; ; ; ; 
 ; ; ; ; ; ; ; 
 ; ; ; ; ; ; ; 
 ; ; ; ; ; ; ; 
 ; ; ; ; ; ; ; 
 ; ; ; ; ; ; ; 
 ; ; ; ; ; ; ; 
 ; ; ; ; ; ; ; 
 ; ; ; ; ; ; ; 
 ; ; ; ; ; ; ; 
 ; ; ; ; ; ; ; 
 ; ; ; ; ; ; ; 
 ; ; ; ; ; ; ; 
 ; ; ; ; ; ; ; 
 ; ; ; ; ; ; ; 
 ; ; ; ; ; ; ; 
 ; ; ; ; ; ; ; 
 ; ; ; ; ; ; ; 
 ; ; ; ; ; ; ; 
 ; ; ; ; ; ; ; 
 ; ; ; ; ; ; ; 
 ; ; ; ; ; ; ; 
 ; ; ; ; ; ; ; 
 ; ; ; ; ; ; ; 
 ; ; ; ; ; ; ; 
 ; ; ; ; ; ; ; 
 ; ; ; ; ; ; ; 
 ; ; ; ; ; ; ; 
 ; ; ; ; ; ; ; 
 ; ; ; ; ; ; ; 
 ; ; ; ; ; ; ; 
 ; ; ; ; ; ; ; 
 ; ; ; ; ; ; ; 
 ; ; ; ; ; ; ; 
 ; ; ; ; ; ; ; 
 ; ; ; ; ; ; ; 
 ; ; ; ; ; ; ; 
 ; ; ; ; ; ; ; 
 ; ; ; ; ; ; ; 
 ; ; ; ; ; ; ; 
 ; ; ; ; ; ; ; 
 ; ; ; ; ; ; ; 
 ; ; ; ; ; ; ; 
 ; ; ; ; ; ; ; 
 ; ; ; ; ; ; ; 
 ; ; ; ; ; ; ; 
 ; ; ; ; ; ; ; 
 ; ; ; ; ; ; ; 
 ; ; ; ; ; ; ; 
 ; ; ; ; ; ; ; 
 ; ; ; ; ; ; ; 
 ; ; ; ; ; ; ; 
 ; ; ; ; ; ; ; 
 ; ; ; ; ; ; ; 
 ; ; ; ; ; ; ; 
 ; ; ; ; ; ; ; 
 ; ; ; ; ; ; ; 
 ; ; ; ; ; ; ; 
 ; ; ; ; ; ; ; 
 ; ; ; ; ; ; ; 
 ; ; ; ; ; ; ; 
 ; ; ; ; ; ; ; 
 ; ; ; ; ; ; ; 
 ; ; ; ; ; ; ; 
 ; ; ; ; ; ; ; 
 ; ; ; ; ; ; ; 
 ; ; ; ; ; ; ; 
 ; ; ; ; ; ; ; 
 ; ; ; ; ; ; ; 
 ; ; ; ; ; ; ; 
 ; ; ; ; ; ; ; 
 ; ; ; ; ; ; ; 
 ; ; ; ; ; ; ; 
 ; ; ; ; ; ; ; 
 ; ; ; ; ; ; ; 
 ; ; ; ; ; ; ; 
 ; ; ; ; ; ; ; 
 ; ; ; ; ; ; ; 
 ; ; ; ; ; ; ; 
 ; ; ; ; ; ; ; 
 ; ; ; ; ; ; ; 
 ; ; ; ; ; ; ; 
 ; ; ; ; ; ; ; 
 ; ; ; ; ; ; ; 
 ; ; ; ; ; ; ; 
 ; ; ; ; ; ; ; 
 ; ; ; ; ; ; ; 
 ; ; ; ; ; ; ; 
 ; ; ; ; ; ; ; 
 ; ; ; ; ; ; ; 
 ; ; ; ; ; ; ; 
 ; ; ; ; ; ; ; 
 ; ; ; ; ; ; ; 
 ; ; ; ; ; ; ; 
 ; ; ; ; ; ; ; 
 ; ; ; ; ; ; ; 
 ; ; ; ; ; ; ; 
 ; ; ; ; ; ; ; 
 ; ; ; ; ; ; ; 
 ; ; ; ; ; ; ; 
 ; ; ; ; ; ; ; 
 ; ; ; ; ; ; ; 
 ; ; ; ; ; ; ; 
 ; ; ; ; ; ; ; 
 ; ; ; ; ; ; ; 
 ; ; ; ; ; ; ; 
 ; ; ; ; ; ; ; 
 ; ; ; ; ; ; ; 
 ; ; ; ; ; ; ; 
 ; ; ; ; ; ; ; 
 ; ; ; ; ; ; ; 
 ; ; ; ; ; ; ; 
 ; ; ; ; ; ; ; 
 ; ; ; ; ; ; ; 
 ; ; ; ; ; ; ; 
 ; ; ; ; ; ; ; 
 ; ; ; ; ; ; ; 
 ; ; ; ; ; ; ; 
 ; ; ; ; ; ; ; 
 ; ; ; ; ; ; ; 
 ; ; ; ; ; ; ; 
 ; ; ; ; ; ; ; 
 ; ; ; ; ; ; ; 
 ; ; ; ; ; ; ; 
 ; ; ; ; ; ; ; 
 ; ; ; ; ; ; ; 
 ; ; ; ; ; ; ; 
 ; ; ; ; ; ; ; 
 ; ; ; ; ; ; ; 
 ; ; ; ; ; ; ; 
 ; ; ; ; ; ; ; 
 ; ; ; ; ; ; ; 
 ; ; ; ; ; ; ; 
 ; ; ; ; ; ; ; 
 ; ; ; ; ; ; ; 
 ; ; ; ; ; ; ; 
 ; ; ; ; ; ; ; 
 ; ; ; ; ; ; ; 
 ; ; ; ; ; ; ; 
 ; ; ; ; ; ; ; 
 ; ; ; ; ; ; ; 
 ; ; ; ; ; ; ; 
 ; ; ; ; ; ; ; 
 ; ; ; ; ; ; ; 
 ; ; ; ; ; ; ; 
 ; ; ; ; ; ; ; 
 ; ; ; ; ; ; ; 
 ; ; ; ; ; ; ; 
 ; ; ; ; ; ; ; 
 ; ; ; ; ; ; ; 
 ; ; ; ; ; ; ; 
 ; ; ; ; ; ; ; 
 ; ; ; ; ; ; ; 
 ; ; ; ; ; ; ; 
 ; ; ; ; ; ; ; 
 ; ; ; ; ; ; ; 
 ; ; ; ; ; ; ; 
 ; ; ; ; ; ; ; 
 ; ; ; ; ; ; ; 
 ; ; ; ; ; ; ; 
 ; ; ; ; ; ; ; 
 ; ; ; ; ; ; ; 
 ; ; ; ; ; ; ; 
 ; ; ; ; ; ; ; 
 ; ; ; ; ; ; ; 
 ; ; ; ; ; ; ; 
 ; ; ; ; ; ; ; 
 ; ; ; ; ; ; ; 
 ; ; ; ; ; ; ; 
 ; ; ; ; ; ; ; 
 ; ; ; ; ; ; ; 
 ; ; ; ; ; ; ; 
 ; ; ; ; ; ; ; 
 ; ; ; ; ; ; ; 
 ; ; ; ; ; ; ; 
 ; ; ; ; ; ; ; 
 ; ; ; ; ; ; ; 
 ; ; ; ; ; ; ; 
 ; ; ; ; ; ; ; 
 ; ; ; ; ; ; ; 
 ; ; ; ; ; ; ; 
 ; ; ; ; ; ; ; 
 ; ; ; ; ; ; ; 
 ; ; ; ; ; ; ; 
 ; ; ; ; ; ; ; 
 ; ; ; ; ; ; ; 
 ; ; ; ; ; ; ; 
 ; ; ; ; ; ; ; 
 ; ; ; ; ; ; ; 
 ; ; ; ; ; ; ; 
 ; ; ; ; ; ; ; 
 ; ; ; ; ; ; ; 
 ; ; ; ; ; ; ; 
 ; ; ; ; ; ; ; 
 ; ; ; ; ; ; ; 
 ; ; ; ; ; ; ; 
 ; ; ; ; ; ; ; 
 ; ; ; ; ; ; ; 
 ; ; ; ; ; ; ; 
 ; ; ; ; ; ; ; 
 ; ; ; ; ; ; ; 
 ; ; ; ; ; ; ; 
 ; ; ; ; ; ; ; 
 ; ; ; ; ; ; ; 
 ; ; ; ; ; ; ; 
 ; ; ; ; ; ; ; 
 ; ; ; ; ; ; ; 
 ; ; ; ; ; ; ; 
 ; ; ; ; ; ; ; 
 ; ; ; ; ; ; ; 
 ; ; ; ; ; ; ; 
 ; ; ; ; ; ; ; 
 ; ; ; ; ; ; ; 
 ; ; ; ; ; ; ; 
 ; ; ; ; ; ; ; 
 ; ; ; ; ; ; ; 
 ; ; ; ; ; ; ; 
 ; ; ; ; ; ; ; 
 ; ; ; ; ; ; ; 
 ; ; ; ; ; ; ; 
 ; ; ; ; ; ; ; 
 ; ; ; ; ; ; ; 
 ; ; ; ; ; ; ; 
 ; ; ; ; ; ; ; 
 ; ; ; ; ; ; ; 
 ; ; ; ; ; ; ; 
 ; ; ; ; ; ; ; 
 ; ; ; ; ; ; ; 
 ; ; ; ; ; ; ; 
 ; ; ; ; ; ; ; 
 ; ; ; ; ; ; ; 
 ; ; ; ; ; ; ; 
 ; ; ; ; ; ; ; 
 ; ; ; ; ; ; ; 
 ; ; ; ; ; ; ; 
 ; ; ; ; ; ; ; 
 ; ; ; ; ; ; ; 
 ; ; ; ; ; ; ; 
 ; ; ; ; ; ; ; 
 ; ; ; ; ; ; ; 
 ; ; ; ; ; ; ; 
 ; ; ; ; ; ; ; 
 ; ; ; ; ; ; ; 
 ; ; ; ; ; ; ; 
 ; ; ; ; ; ; ; 
 ; ; ; ; ; ; ; 
 ; ; ; ; ; ; ; 
 ; ; ; ; ; ; ; 
 ; ; ; ; ; ; ; 
 ; ; ; ; ; ; ; 
 ; ; ; ; ; ; ; 
 ; ; ; ; ; ; ; 
 ; ; ; ; ; ; ; 
 ; ; ; ; ; ; ; 
 ; ; ; ; ; ; ; 
 ; ; ; ; ; ; ; 
 ; ; ; ; ; ; ; 
 ; ; ; ; ; ; ; 
 ; ; ; ; ; ; ; 
 ; ; ; ; ; ; ; 
 ; ; ; ; ; ; ; 
 ; ; ; ; ; ; ; 
 ; ; ; ; ; ; ; 
 ; ; ; ; ; ; ; 
 ; ; ; ; ; ; ; 
 ; ; ; ; ; ; ; 
 ; ; ; ; ; ; ; 
 ; ; ; ; ; ; ; 
 ; ; ; ; ; ; ; 
 ; ; ; ; ; ; ; 
 ; ; ; ; ; ; ; 
 ; ; ; ; ; ; ; 
 ; ; ; ; ; ; ; 
 ; ; ; ; ; ; ; 
 ; ; ; ; ; ; ; 
 ; ; ; ; ; ; ; 
 ; ; ; ; ; ; ; 
 ; ; ; ; ; ; ; 
 ; ; ; ; ; ; ; 
 ; ; ; ; ; ; ; 
 ; ; ; ; ; ; ; 
 ; ; ; ; ; ; ; 
 ; ; ; ; ; ; ; 
 ; ; ; ; ; ; ; 
 ; ; ; ; ; ; ; 
 ; ; ; ; ; ; ; 
 ; ; ; ; ; ; ; 
 ; ; ; ; ; ; ; 
 ; ; ; ; ; ; ; 
 ; ; ; ; ; ; ; 
 ; ; ; ; ; ; ; 
 ; ; ; ; ; ; ; 
 ; ; ; ; ; ; ; 
 ; ; ; ; ; ; ; 
 ; ; ; ; ; ; ; 
 ; ; ; ; ; ; ; 
 ; ; ; ; ; ; ; 
 ; ; ; ; ; ; ; 
 ; ; ; ; ; ; ; 
 ; ; ; ; ; ; ; 
 ; ; ; ; ; ; ; 
 ; ; ; ; ; ; ; 
 ; ; ; ; ; ; ; 
 ; ; ; ; ; ; ; 
 ; ; ; ; ; ; ; 
 ; ; ; ; ; ; ; 
 ; ; ; ; ; ; ; 
 ; ; ; ; ; ; ; 
 ; ; ; ; ; ; ; 
 ; ; ; ; ; ; ; 
 ; ; ; ; ; ; ; 
 ; ; ; ; ; ; ; 
 ; ; ; ; ; ; ; 
 ; ; ; ; ; ; ; 
 ; ; ; ; ; ; ; 
 ; ; ; ; ; ; ; 
 ; ; ; ; ; ; ; 
 ; ; ; ; ; ; ; 
 ; ; ; ; ; ; ; 
 ; ; ; ; ; ; ; 
 ; ; ; ; ; ; ; 
 ; ; ; ; ; ; ; 
 ; ; ; ; ; ; ; 
 ; ; ; ; ; ; ; 
 ; ; ; ; ; ; ; 
 ; ; ; ; ; ; ; 
 ; ; ; ; ; ; ; 
 ; ; ; ; ; ; ; 
 ; ; ; ; ; ; ; 
 ; ; ; ; ; ; ; 
 ; ; ; ; ; ; ; 
 ; ; ; ; ; ; ; 
 ; ; ; ; ; ; ; 
 ; ; ; ; ; ; ; 
 ; ; ; ; ; ; ; 
 ; ; ; ; ; ; ; 
 ; ; ; ; ; ; ; 
 ; ; ; ; ; ; ; 
 ; ; ; ; ; ; ; 
 ; ; ; ; ; ; ; 
 ; ; ; ; ; ; ; 
 ; ; ; ; ; ; ; 
 ; ; ; ; ; ; ; 
 ; ; ; ; ; ; ; 
 ; ; ; ; ; ; ; 
 ; ; ; ; ; ; ; 
 ; ; ; ; ; ; ; 
 ; ; ; ; ; ; ; 
 ; ; ; ; ; ; ; 
 ; ; ; ; ; ; ; 
 ; ; ; ; ; ; ; 
 ; ; ; ; ; ; ; 
 ; ; ; ; ; ; ; 
 ; ; ; ; ; ; ; 
 ; ; ; ; ; ; ; 
 ; ; ; ; ; ; ; 
 ; ; ; ; ; ; ; 
 ; ; ; ; ; ; ; 
 ; ; ; ; ; ; ; 
 ; ; ; ; ; ; ; 
 ; ; ; ; ; ; ; 
 ; ; ; ; ; ; ; 
 ; ; ; ; ; ; ; 
 ; ; ; ; ; ; ; 
 ; ; ; ; ; ; ; 
 ; ; ; ; ; ; ; 
 ; ; ; ; ; ; ; 
 ; ; ; ; ; ; ; 
 ; ; ; ; ; ; ; 
 ; ; ; ; ; ; ; 
 ; ; ; ; ; ; ; 
 ; ; ; ; ; ; ; 
 ; ; ; ; ; ; ; 
 ; ; ; ; ; ; ; 
 ; ; ; ; ; ; ; 
 ; ; ; ; ; ; ; 
 ; ; ; ; ; ; ; 
 ; ; ; ; ; ; ; 
 ; ; ; ; ; ; ; 
 ; ; ; ; ; ; ; 
 ; ; ; ; ; ; ; 
 ; ; ; ; ; ; ; 
 ; ; ; ; ; ; ; 
 ; ; ; ; ; ; ; 
 ; ; ; ; ; ; ; 
 ; ; ; ; ; ; ; 
 ; ; ; ; ; ; ; 
 ; ; ; ; ; ; ; 
 ; ; ; ; ; ; ; 
 ; ; ; ; ; ; ; 
 ; ; ; ; ; ; ; 
 ; ; ; ; ; ; ; 
 ; ; ; ; ; ; ; 
 ; ; ; ; ; ; ; 
 ; ; ; ; ; ; ; 
 ; ; ; ; ; ; ; 
 ; ; ; ; ; ; ; 
 ; ; ; ; ; ; ; 
 ; ; ; ; ; ; ; 
 ; ; ; ; ; ; ; 
 ; ; ; ; ; ; ; 
 ; ; ; ; ; ; ; 
 ; ; ; ; ; ; ; 
 ; ; ; ; ; ; ; 
 ; ; ; ; ; ; ; 
 ; ; ; ; ; ; ; 
 ; ; ; ; ; ; ; 
 ; ; ; ; ; ; ; 
 ; ; ; ; ; ; ; 
 ; ; ; ; ; ; ; 
 ; ; ; ; ; ; ; 
 ; ; ; ; ; ; ; 
 ; ; ; ; ; ; ; 
 ; ; ; ; ; ; ; 
 ; ; ; ; ; ; ; 
 ; ; ; ; ; ; ; 
 ; ; ; ; ; ; ; 
 ; ; ; ; ; ; ; 
 ; ; ; ; ; ; ; 
 ; ; ; ; ; ; ; 
 ; ; ; ; ; ; ; 
 ; ; ; ; ; ; ; 
 ; ; ; ; ; ; ; 
 ; ; ; ; ; ; ; 
 ; ; ; ; ; ; ; 
 ; ; ; ; ; ; ; 
 ; ; ; ; ; ; ; 
 ; ; ; ; ; ; ; 
 ; ; ; ; ; ; ; 
 ; ; ; ; ; ; ; 
 ; ; ; ; ; ; ; 
 ; ; ; ; ; ; ; 
 ; ; ; ; ; ; ; 
 ; ; ; ; ; ; ; 
 ; ; ; ; ; ; ; 
 ; ; ; ; ; ; ; 
 ; ; ; ; ; ; ; 
 ; ; ; ; ; ; ; 
 ; ; ; ; ; ; ; 
 ; ; ; ; ; ; ; 
 ; ; ; ; ; ; ; 
 ; ; ; ; ; ; ; 
 ; ; ; ; ; ; ; 
 ; ; ; ; ; ; ; 
 ; ; ; ; ; ; ; 
 ; ; ; ; ; ; ; 
 ; ; ; ; ; ; ; 
 ; ; ; ; ; ; ; 
 ; ; ; ; ; ; ; 
 ; ; ; ; ; ; ; 
 ; ; ; ; ; ; ; 
 ; ; ; ; ; ; ; 
 ; ; ; ; ; ; ; 
 ; ; ; ; ; ; ; 
 ; ; ; ; ; ; ; 
 ; ; ; ; ; ; ; 
 ; ; ; ; ; ; ; 
 ; ; ; ; ; ; ; 
 ; ; ; ; ; ; ; 
 ; ; ; ; ; ; ; 
 ; ; ; ; ; ; ; 
 ; ; ; ; ; ; ; 
 ; ; ; ; ; ; ; 
 ; ; ; ; ; ; ; 
 ; ; ; ; ; ; ; 
 ; ; ; ; ; ; ; 
 ; ; ; ; ; ; ; 
 ; ; ; ; ; ; ; 
 ; ; ; ; ; ; ; 
 ; ; ; ; ; ; ; 
 ; ; ; ; ; ; ; 
 ; ; ; ; ; ; ; 
 ; ; ; ; ; ; ; 
 ; ; ; ; ; ; ; 
 ; ; ; ; ; ; ; 
 ; ; ; ; ; ; ; 
 ; ; ; ; ; ; ; 
 ; ; ; ; ; ; ; 
 ; ; ; ; ; ; ; 
 ; ; ; ; ; ; ; 
 ; ; ; ; ; ; ; 
 ; ; ; ; ; ; ; 
 ; ; ; ; ; ; ; 
 ; ; ; ; ; ; ; 
 ; ; ; ; ; ; ; 
 ; ; ; ; ; ; ; 
 ; ; ; ; ; ; ; 
 ; ; ; ; ; ; ; 
 ; ; ; ; ; ; ; 
 ; ; ; ; ; ; ; 
 ; ; ; ; ; ; ; 
 ; ; ; ; ; ; ; 
 ; ; ; ; ; ; ; 
 ; ; ; ; ; ; ; 
 ; ; ; ; ; ; ; 
 ; ; ; ; ; ; ; 
 ; ; ; ; ; ; ; 
 ; ; ; ; ; ; ; 
 ; ; ; ; ; ; ; 
 ; ; ; ; ; ; ; 
 ; ; ; ; ; ; ; 
 ; ; ; ; ; ; ; 
 ; ; ; ; ; ; ; 
 ; ; ; ; ; ; ; 
 ; ; ; ; ; ; ; 
 ; ; ; ; ; ; ; 
 ; ; ; ; ; ; ; 
 ; ; ; ; ; ; ; 
 ; ; ; ; ; ; ; 
 ; ; ; ; ; ; ; 
 ; ; ; ; ; ; ; 
 ; ; ; ; ; ; ; 
 ; ; ; ; ; ; ; 
 ; ; ; ; ; ; ; 
 ; ; ; ; ; ; ; 
 ; ; ; ; ; ; ; 
 ; ; ; ; ; ; ; 
 ; ; ; ; ; ; ; 
 ; ; ; ; ; ; ; 
 ; ; ; ; ; ; ; 
 ; ; ; ; ; ; ; 
 ; ; ; ; ; ; ; 
 ; ; ; ; ; ; ; 
 ; ; ; ; ; ; ; 
 ; ; ; ; ; ; ; 
 ; ; ; ; ; ; ; 
 ; ; ; ; ; ; ; 
 ; ; ; ; ; ; ; 
 ; ; ; ; ; ; ; 
 ; ; ; ; ; ; ; 
 ; ; ; ; ; ; ; 
 ; ; ; ; ; ; ; 
 ; ; ; ; ; ; ; 
 ; ; ; ; ; ; ; 
 ; ; ; ; ; ; ; 
 ; ; ; ; ; ; ; 
 ; ; ; ; ; ; ; 
 ; ; ; ; ; ; ; 
 ; ; ; ; ; ; ; 
 ; ; ; ; ; ; ; 
 ; ; ; ; ; ; ; 
 ; ; ; ; ; ; ; 
 ; ; ; ; ; ; ; 
 ; ; ; ; ; ; ; 
 ; ; ; ; ; ; ; 
 ; ; ; ; ; ; ; 
 ; ; ; ; ; ; ; 
 ; ; ; ; ; ; ; 
 ; ; ; ; ; ; ; 
 ; ; ; ; ; ; ; 
 ; ; ; ; ; ; ; 
 ; ; ; ; ; ; ; 
 ; ; ; ; ; ; ; 
 ; ; ; ; ; ; ; 
 ; ; ; ; ; ; ; 
 ; ; ; ; ; ; ; 
 ; ; ; ; ; ; ; 
 ; ; ; ; ; ; ; 
 ; ; ; ; ; ; ; 
 ; ; ; ; ; ; ; 
 ; ; ; ; ; ; ; 
 ; ; ; ; ; ; ; 
 ; ; ; ; ; ; ; 
 ; ; ; ; ; ; ; 
 ; ; ; ; ; ; ; 
 ; ; ; ; ; ; ; 
 ; ; ; ; ; ; ; 
 ; ; ; ; ; ; ; 
 ; ; ; ; ; ; ; 
 ; ; ; ; ; ; ; 
 ; ; ; ; ; ; ; 
 ; ; ; ; ; ; ; 
 ; ; ; ; ; ; ; 
 ; ; ; ; ; ; ; 
 ; ; ; ; ; ; ; 
 ; ; ; ; ; ; ; 
 ; ; ; ; ; ; ; 
 ; ; ; ; ; ; ; 
 ; ; ; ; ; ; ; 
 ; ; ; ; ; ; ; 
 ; ; ; ; ; ; ; 
 ; ; ; ; ; ; ; 
 ; ; ; ; ; ; ; 
 ; ; ; ; ; ; ; 
 ; ; ; ; ; ; ; 
 ; ; ; ; ; ; ; 
 ; ; ; ; ; ; ; 
 ; ; ; ; ; ; ; 
 ; ; ; ; ; ; ; 
 ; ; ; ; ; ; ; 
 ; ; ; ; ; ; ; 
 ; ; ; ; ; ; ; 
 ; ; ; ; ; ; ; 
 ; ; ; ; ; ; ; 
 ; ; ; ; ; ; ; 
 ; ; ; ; ; ; ; 
 ; ; ; ; ; ; ; 
 ; ; ; ; ; ; ; 
 ; ; ; ; ; ; ; 
 ; ; ; ; ; ; ; 
 ; ; ; ; ; ; ; 
 ; ; ; ; ; ; ; 
 ; ; ; ; ; ; ; 
 ; ; ; ; ; ; ; 
 ; ; ; ; ; ; ; 
 ; ; ; ; ; ; ; 
 ; ; ; ; ; ; ; 
 ; ; ; ; ; ; ; 
 ; ; ; ; ; ; ; 
 ; ; ; ; ; ; ; 
 ; ; ; ; ; ; ; 
 ; ; ; ; ; ; ; 
 ; ; ; ; ; ; ; 
 ; ; ; ; ; ; ; 
 ; ; ; ; ; ; ; 
 ; ; ; ; ; ; ; 
 ; ; ; ; ; ; ; 
 ; ; ; ; ; ; ; 
 ; ; ; ; ; ; ; 
 ; ; ; ; ; ; ; 
 ; ; ; ; ; ; ; 
 ; ; ; ; ; ; ; 
 ; ; ; ; ; ; ; 
 ; ; ; ; ; ; ; 
 ; ; ; ; ; ; ; 
 ; ; ; ; ; ; ; 
 ; ; ; ; ; ; ; 
 ; ; ; ; ; ; ; 
 ; ; ; ; ; ; ; 
 ; ; ; ; ; ; ; 
 ; ; ; ; ; ; ; 
 ; ; ; ; ; ; ; 
 ; ; ; ; ; ; ; 
 ; ; ; ; ; ; ; 
 ; ; ; ; ; ; ; 
 ; ; ; ; ; ; ; 
 ; ; ; ; ; ; ; 
 ; ; ; ; ; ; ; 
 ; ; ; ; ; ; ; 
 ; ; ; ; ; ; ; 
 ; ; ; ; ; ; ; 
 ; ; ; ; ; ; ; 
 ; ; ; ; ; ; ; 
 ; ; ; ; ; ; ; 
 ; ; ; ; ; ; ; 
 ; ; ; ; ; ; ; 
 ; ; ; ; ; ; ; 
 ; ; ; ; ; ; ; 
 ; ; ; ; ; ; ; 
 ; ; ; ; ; ; ; 
 ; ; ; ; ; ; ; 
 ; ; ; ; ; ; ; 
 ; ; ; ; ; ; ; 
 ; ; ; ; ; ; ; 
 ; ; ; ; ; ; ; 
 ; ; ; ; ; ; ; 
 ; ; ; ; ; ; ; 
 ; ; ; ; ; ; ; 
 ; ; ; ; ; ; ; 
 ; ; ; ; ; ; ; 
 ; ; ; ; ; ; ; 
 ; ; ; ; ; ; ; 
 ; ; ; ; ; ; ; 
 ; ; ; ; ; ; ; 
 ; ; ; ; ; ; ; 
 ; ; ; ; ; ; ; 
 ; ; ; ; ; ; ; 
 ; ; ; ; ; ; ; 
 ; ; ; ; ; ; ; 
 ; ; ; ; ; ; ; 
 ; ; ; ; ; ; ; 
 ; ; ; ; ; ; ; 
 ; ; ; ; ; ; ; 
 ; ; ; ; ; ; ; 
 ; ; ; ; ; ; ; 
 ; ; ; ; ; ; ; 
 ; ; ; ; ; ; ; 
 ; ; ; ; ; ; ; 
 ; ; ; ; ; ; ; 
 ; ; ; ; ; ; ; 
 ; ; ; ; ; ; ; 
 ; ; ; ; ; ; ; 
 ; ; ; ; ; ; ; 
 ; ; ; ; ; ; ; 
 ; ; ; ; ; ; ; 
 ; ; ; ; ; ; ; 
 ; ; ; ; ; ; ; 
 ; ; ; ; ; ; ; 
 ; ; ; ; ; ; ; 
 ; ; ; ; ; ; ; 
 ; ; ; ; ; ; ; 
 ; ; ; ; ; ; ; 
 ; ; ; ; ; ; ; 
 ; ; ; ; ; ; ; 
 ; ; ; ; ; ; ; 
 ; ; ; ; ; ; ; 
 ; ; ; ; ; ; ; 
 ; ; ; ; ; ; ; 
 ; ; ; ; ; ; ; 
 ; ; ; ; ; ; ; 
 ; ; ; ; ; ; ; 
 ; ; ; ; ; ; ; 
 ; ; ; ; ; ; ; 
 ; ; ; ; ; ; ; 
 ; ; ; ; ; ; ; 
 ; ; ; ; ; ; ; 
 ; ; ; ; ; ; ; 
 ; ; ; ; ; ; ; 
 ; ; ; ; ; ; ; 
 ; ; ; ; ; ; ; 
 ; ; ; ; ; ; ; 
 ; ; ; ; ; ; ; 
 ; ; ; ; ; ; ; 
 ; ; ; ; ; ; ; 
 ; ; ; ; ; ; ; 
 ; ; ; ; ; ; ; 
 ; ; ; ; ; ; ; 
 ; ; ; ; ; ; ; 
 ; ; ; ; ; ; ; 
 ; ; ; ; ; ; ; 
 ; ; ; ; ; ; ; 
 ; ; ; ; ; ; ; 
 ; ; ; ; ; ; ; 
 ; ; ; ; ; ; ; 
 ; ; ; ; ; ; ; 
 ; ; ; ; ; ; ; 
 ; ; ; ; ; ; ; 
 ; ; ; ; ; ; ; 
 ; ; ; ; ; ; ; 
 ; ; ; ; ; ; ; 
 ; ; ; ; ; ; ; 
 ; ; ; ; ; ; ; 
 ; ; ; ; ; ; ; 
 ; ; ; ; ; ; ; 
 ; ; ; ; ; ; ; 
 ; ; ; ; ; ; ; 
 ; ; ; ; ; ; ; 
 ; ; ; ; ; ; ; 
 ; ; ; ; ; ; ; 
 ; ; ; ; ; ; ; 
 ; ; ; ; ; ; ; 
 ; ; ; ; ; ; ; 
 ; ; ; ; ; ; ; 
 ; ; ; ; ; ; ; 
 ; ; ; ; ; ; ; 
 ; ; ; ; ; ; ; 
 ; ; ; ; ; ; ; 
 ; ; ; ; ; ; ; 
 ; ; ; ; ; ; ; 
 ; ; ; ; ; ; ; 
 ; ; ; ; ; ; ; 
 ; ; ; ; ; ; ; 
 ; ; ; ; ; ; ; 
 ; ; ; ; ; ; ; 
 ; ; ; ; ; ; ; 
 ; ; ; ; ; ; ; 
 ; ; ; ; ; ; ; 
 ; ; ; ; ; ; ; 
 ; ; ; ; ; ; ; 
 ; ; ; ; ; ; ; 
 ; ; ; ; ; ; ; 
 ; ; ; ; ; ; ; 
 ; ; ; ; ; ; ; 
 ; ; ; ; ; ; ; 
 ; ; ; ; ; ; ; 
 ; ; ; ; ; ; ; 
 ; ; ; ; ; ; ; 
 ; ; ; ; ; ; ; 
 ; ; ; ; ; ; ; 
 ; ; ; ; ; ; ; 
 ; ; ; ; ; ; ; 
 ; ; ; ; ; ; ; 
 ; ; ; ; ; ; ; 
 ; ; ; ; ; ; ; 
 ; ; ; ; ; ; ; 
 ; ; ; ; ; ; ; 
 ; ; ; ; ; ; ; 
 ; ; ; ; ; ; ; 
 ; ; ; ; ; ; ; 
 ; ; ; ; ; ; ; 
 ; ; ; ; ; ; ; 
 ; ; ; ; ; ; ; 
 ; ; ; ; ; ; ; 
 ; ; ; ; ; ; ; 
 ; ; ; ; ; ; ; 
 ; ; ; ; ; ; ; 
 ; ; ; ; ; ; ; 
 ; ; ; ; ; ; ; 
 ; ; ; ; ; ; ; 
 ; ; ; ; ; ; ; 
 ; ; ; ; ; ; ; 
 ; ; ; ; ; ; ; 
 ; ; ; ; ; ; ; 
 ; ; ; ; ; ; ; 
 ; ; ; ; ; ; ; 
 ; ; ; ; ; ; ; 
 ; ; ; ; ; ; ; 
 ; ; ; ; ; ; ; 
 ; ; ; ; ; ; ; 
 ; ; ; ; ; ; ; 
 ; ; ; ; ; ; ; 
 ; ; ; ; ; ; ; 
 ; ; ; ; ; ; ; 
 ; ; ; ; ; ; ; 
 ; ; ; ; ; ; ; 
 ; ; ; ; ; ; ; 
 ; ; ; ; ; ; ; 
 ; ; ; ; ; ; ; 
 ; ; ; ; ; ; ; 
 ; ; ; ; ; ; ; 
 ; ; ; ; ; ; ; 
 ; ; ; ; ; ; ; 
 ; ; ; ; ; ; ; 
 ; ; ; ; ; ; ; 
 ; ; ; ; ; ; ; 
 ; ; ; ; ; ; ; 
 ; ; ; ; ; ; ; 
 ; ; ; ; ; ; ; 
 ; ; ; ; ; ; ; 
 ; ; ; ; ; ; ; 
 ; ; ; ; ; ; ; 
 ; ; ; ; ; ; ; 
 ; ; ; ; ; ; ; 
 ; ; ; ; ; ; ; 
 ; ; ; ; ; ; ; 
 ; ; ; ; ; ; ; 
 ; ; ; ; ; ; ; 
 ; ; ; ; ; ; ; 
 ; ; ; ; ; ; ; 
 ; ; ; ; ; ; ; 
 ; ; ; ; ; ; ; 
 ; ; ; ; ; ; ; 
 ; ; ; ; ; ; ; 
 ; ; ; ; ; ; ; 
 ; ; ; ; ; ; ; 
 ; ; ; ; ; ; ; 
 ; ; ; ; ; ; ; 
 ; ; ; ; ; ; ; 
 ; ; ; ; ; ; ; 
 ; ; ; ; ; ; ; 
 ; ; ; ; ; ; ; 
 ; ; ; ; ; ; ; 
 ; ; ; ; ; ; ; 
 ; ; ; ; ; ; ; 
 ; ; ; ; ; ; ; 
 ; ; ; ; ; ; ; 
 ; ; ; ; ; ; ; 
 ; ; ; ; ; ; ; 
 ; ; ; ; ; ; ; 
 ; ; ; ; ; ; ; 
 ; ; ; ; ; ; ; 
 ; ; ; ; ; ; ; 
 ; ; ; ; ; ; ; 
 ; ; ; ; ; ; ; 
 ; ; ; ; ; ; ; 
 ; ; ; ; ; ; ; 
 ; ; ; ; ; ; ; 
 ; ; ; ; ; ; ; 
 ; ; ; ; ; ; ; 
 ; ; ; ; ; ; ; 
 ; ; ; ; ; ; ; 
 ; ; ; ; ; ; ; 
 ; ; ; ; ; ; ; 
 ; ; ; ; ; ; ; 
 ; ; ; ; ; ; ; 
 ; ; ; ; ; ; ; 
 ; ; ; ; ; ; ; 
 ; ; ; ; ; ; ; 
 ; ; ; ; ; ; ; 
 ; ; ; ; ; ; ; 
 ; ; ; ; ; ; ; 
 ; ; ; ; ; ; ; 
 ; ; ; ; ; ; ; 
 ; ; ; ; ; ; ; 
 ; ; ; ; ; ; ; 
 ; ; ; ; ; ; ; 
 ; ; ; ; ; ; ; 
 ; ; ; ; ; ; ; 
 ; ; ; ; ; ; ; 
 ; ; ; ; ; ; ; 
 ; ; ; ; ; ; ; 
 ; ; ; ; ; ; ; 
 ; ; ; ; ; ; ; 
 ; ; ; ; ; ; ; 
 ; ; ; ; ; ; ; 
 ; ; ; ; ; ; ; 
 ; ; ; ; ; ; ; 
 ; ; ; ; ; ; ; 
 ; ; ; ; ; ; ; 
 ; ; ; ; ; ; ; 
 ; ; ; ; ; ; ; 
 ; ; ; ; ; ; ; 
 ; ; ; ; ; ; ; 
 ; ; ; ; ; ; ; 
 ; ; ; ; ; ; ; 
 ; ; ; ; ; ; ; 
 ; ; ; ; ; ; ; 
 ; ; ; ; ; ; ; 
 ; ; ; ; ; ; ; 
 ; ; ; ; ; ; ; 
 ; ; ; ; ; ; ; 
 ; ; ; ; ; ; ; 
 ; ; ; ; ; ; ; 
 ; ; ; ; ; ; ; 
 ; ; ; ; ; ; ; 
 ; ; ; ; ; ; ; 
 ; ; ; ; ; ; ; 
 ; ; ; ; ; ; ; 
 ; ; ; ; ; ; ; 
 ; ; ; ; ; ; ; 
 ; ; ; ; ; ; ; 
 ; ; ; ; ; ; ; 
 ; ; ; ; ; ; ; 
 ; ; ; ; ; ; ; 
 ; ; ; ; ; ; ; 
 ; ; ; ; ; ; ; 
 ; ; ; ; ; ; ; 
 ; ; ; ; ; ; ; 
 ; ; ; ; ; ; ; 
 ; ; ; ; ; ; ; 
 ; ; ; ; ; ; ; 
 ; ; ; ; ; ; ; 
 ; ; ; ; ; ; ; 
 ; ; ; ; ; ; ; 
 ; ; ; ; ; ; ; 
 ; ; ; ; ; ; ; 
 ; ; ; ; ; ; ; 
 ; ; ; ; ; ; ; 
 ; ; ; ; ; ; ; 
 ; ; ; ; ; ; ; 
 ; ; ; ; ; ; ; 
 ; ; ; ; ; ; ; 
 ; ; ; ; ; ; ; 
 ; ; ; ; ; ; ; 
 ; ; ; ; ; ; ; 
 ; ; ; ; ; ; ; 
 ; ; ; ; ; ; ; 
 ; ; ; ; ; ; ; 
 ; ; ; ; ; ; ; 
 ; ; ; ; ; ; ; 
 ; ; ; ; ; ; ; 
 ; ; ; ; ; ; ; 
 ; ; ; ; ; ; ; 
 ; ; ; ; ; ; ; 
 ; ; ; ; ; ; ; 
 ; ; ; ; ; ; ; 
 ; ; ; ; ; ; ; 
 ; ; ; ; ; ; ; 
 ; ; ; ; ; ; ; 
 ; ; ; ; ; ; ; 
 ; ; ; ; ; ; ; 
 ; ; ; ; ; ; ; 
 ; ; ; ; ; ; ; 
 ; ; ; ; ; ; ; 
 ; ; ; ; ; ; ; 
 ; ; ; ; ; ; ; 
 ; ; ; ; ; ; ; 
 ; ; ; ; ; ; ; 
 ; ; ; ; ; ; ; 
 ; ; ; ; ; ; ; 
 ; ; ; ; ; ; ; 
 ; ; ; ; ; ; ; 
 ; ; ; ; ; ; ; 
 ; ; ; ; ; ; ; 
 ; ; ; ; ; ; ; 
 ; ; ; ; ; ; ; 
 ; ; ; ; ; ; ; 
 ; ; ; ; ; ; ; 
 ; ; ; ; ; ; ; 
 ; ; ; ; ; ; ; 
 ; ; ; ; ; ; ; 
 ; ; ; ; ; ; ; 
 ; ; ; ; ; ; ; 
 ; ; ; ; ; ; ; 
 ; ; ; ; ; ; ; 
 ; ; ; ; ; ; ; 
 ; ; ; ; ; ; ; 
 ; ; ; ; ; ; ; 
 ; ; ; ; ; ; ; 
 ; ; ; ; ; ; ; 
 ; ; ; ; ; ; ; 
 ; ; ; ; ; ; ; 
 ; ; ; ; ; ; ; 
 ; ; ; ; ; ; ; 
 ; ; ; ; ; ; ; 
 ; ; ; ; ; ; ; 
 ; ; ; ; ; ; ; 
 ; ; ; ; ; ; ; 
 ; ; ; ; ; ; ; 
 ; ; ; ; ; ; ; 
 ; ; ; ; ; ; ; 
 ; ; ; ; ; ; ; 
 ; ; ; ; ; ; ; 
 ; ; ; ; ; ; ; 
 ; ; ; ; ; ; ; 
 ; ; ; ; ; ; ; 
 ; ; ; ; ; ; ; 
 ; ; ; ; ; ; ; 
 ; ; ; ; ; ; ; 
 ; ; ; ; ; ; ; 
 ; ; ; ; ; ; ; 
 ; ; ; ; ; ; ; 
 ; ; ; ; ; ; ; 
 ; ; ; ; ; ; ; 
 ; ; ; ; ; ; ; 
 ; ; ; ; ; ; ; 
 ; ; ; ; ; ; ; 
 ; ; ; ; ; ; ; 
 ; ; ; ; ; ; ; 
 ; ; ; ; ; ; ; 
 ; ; ; ; ; ; ; 
 ; ; ; ; ; ; ; 
 ; ; ; ; ; ; ; 
 ; ; ; ; ; ; ; 
 ; ; ; ; ; ; ; 
 ; ; ; ; ; ; ; 
 ; ; ; ; ; ; ; 
 ; ; ; ; ; ; ; 
 ; ; ; ; ; ; ; 
 ; ; ; ; ; ; ; 
 ; ; ; ; ; ; ; 
 ; ; ; ; ; ; ; 
 ; ; ; ; ; ; ; 
 ; ; ; ; ; ; ; 
 ; ; ; ; ; ; ; 
 ; ; ; ; ; ; ; 
 ; ; ; ; ; ; ; 
 ; ; ; ; ; ; ; 
 ; ; ; ; ; ; ; 
 ; ; ; ; ; ; ; 
 ; ; ; ; ; ; ; 
 ; ; ; ; ; ; ; 
 ; ; ; ; ; ; ; 
 ; ; ; ; ; ; ; 
 ; ; ; ; ; ; ; 
 ; ; ; ; ; ; ; 
 ; ; ; ; ; ; ; 
 ; ; ; ; ; ; ; 
 ; ; ; ; ; ; ; 
 ; ; ; ; ; ; ; 
 ; ; ; ; ; ; ; 
 ; ; ; ; ; ; ; 
 ; ; ; ; ; ; ; 
 ; ; ; ; ; ; ; 
 ; ; ; ; ; ; ; 
 ; ; ; ; ; ; ; 
 ; ; ; ; ; ; ; 
 ; ; ; ; ; ; ; 
 ; ; ; ; ; ; ; 
 ; ; ; ; ; ; ; 
 ; ; ; ; ; ; ; 
 ; ; ; ; ; ; ; 
 ; ; ; ; ; ; ; 
 ; ; ; ; ; ; ; 
 ; ; ; ; ; ; ; 
 ; ; ; ; ; ; ; 
 ; ; ; ; ; ; ; 
 ; ; ; ; ; ; ; 
 ; ; ; ; ; ; ; 
 ; ; ; ; ; ; ; 
 ; ; ; ; ; ; ; 
 ; ; ; ; ; ; ; 
 ; ; ; ; ; ; ; 
 ; ; ; ; ; ; ; 
 ; ; ; ; ; ; ; 
 ; ; ; ; ; ; ; 
 ; ; ; ; ; ; ; 
 ; ; ; ; ; ; ; 
 ; ; ; ; ; ; ; 
 ; ; ; ; ; ; ; 
 ; ; ; ; ; ; ; 
 ; ; ; ; ; ; ; 
 ; ; ; ; ; ; ; 
 ; ; ; ; ; ; ; 
 ; ; ; ; ; ; ; 
 ; ; ; ; ; ; ; 
 ; ; ; ; ; ; ; 
 ; ; ; ; ; ; ; 
 ; ; ; ; ; ; ; 
 ; ; ; ; ; ; ; 
 ; ; ; ; ; ; ; 
 ; ; ; ; ; ; ; 
 ; ; ; ; ; ; ; 
 ; ; ; ; ; ; ; 
 ; ; ; ; ; ; ; 
 ; ; ; ; ; ; ; 
 ; ; ; ; ; ; ; 
 ; ; ; ; ; ; ; 
 ; ; ; ; ; ; ; 
 ; ; ; ; ; ; ; 
 ; ; ; ; ; ; ; 
 ; ; ; ; ; ; ; 
 ; ; ; ; ; ; ; 
 ; ; ; ; ; ; ; 
 ; ; ; ; ; ; ; 
 ; ; ; ; ; ; ; 
 ; ; ; ; ; ; ; 
 ; ; ; ; ; ; ; 
 ; ; ; ; ; ; ; 
 ; ; ; ; ; ; ; 
 ; ; ; ; ; ; ; 
 ; ; ; ; ; ; ; 
 ; ; ; ; ; ; ; 
 ; ; ; ; ; ; ; 
 ; ; ; ; ; ; ; 
 ; ; ; ; ; ; ; 
 ; ; ; ; ; ; ; 
 ; ; ; ; ; ; ; 
 ; ; ; ; ; ; ; 
 ; ; ; ; ; ; ; 
 ; ; ; ; ; ; ; 
 ; ; ; ; ; ; ; 
 ; ; ; ; ; ; ; 
 ; ; ; ; ; ; ; 
 ; ; ; ; ; ; ; 
 ; ; ; ; ; ; ; 
 ; ; ; ; ; ; ; 
 ; ; ; ; ; ; ; 
 ; ; ; ; ; ; ; 
 ; ; ; ; ; ; ; 
 ; ; ; ; ; ; ; 
 ; ; ; ; ; ; ; 
 ; ; ; ; ; ; ; 
 ; ; ; ; ; ; ; 
 ; ; ; ; ; ; ; 
 ; ; ; ; ; ; ; 
 ; ; ; ; ; ; ; 
 ; ; ; ; ; ; ; 
 ; ; ; ; ; ; ; 
 ; ; ; ; ; ; ; 
 ; ; ; ; ; ; ; 
 ; ; ; ; ; ; ; 
 ; ; ; ; ; ; ; 
 ; ; ; ; ; ; ; 
 ; ; ; ; ; ; ; 
 ; ; ; ; ; ; ; 
 ; ; ; ; ; ; ; 
 ; ; ; ; ; ; ; 
 ; ; ; ; ; ; ; 
 ; ; ; ; ; ; ; 
 ; ; ; ; ; ; ; 
 ; ; ; ; ; ; ; 
 ; ; ; ; ; ; ; 
 ; ; ; ; ; ; ; 
 ; ; ; ; ; ; ; 
 ; ; ; ; ; ; ; 
 ; ; ; ; ; ; ; 
 ; ; ; ; ; ; ; 
 ; ; ; ; ; ; ; 
 ; ; ; ; ; ; ; 
 ; ; ; ; ; ; ; 
 ; ; ; ; ; ; ; 
 ; ; ; ; ; ; ; 
 ; ; ; ; ; ; ; 
 ; ; ; ; ; ; ; 
 ; ; ; ; ; ; ; 
 ; ; ; ; ; ; ; 
 ; ; ; ; ; ; ; 
 ; ; ; ; ; ; ; 
 ; ; ; ; ; ; ; 
 ; ; ; ; ; ; ; 
 ; ; ; ; ; ; ; 
 ; ; ; ; ; ; ; 
 ; ; ; ; ; ; ; 
 ; ; ; ; ; ; ; 
 ; ; ; ; ; ; ; 
 ; ; ; ; ; ; ; 
 ; ; ; ; ; ; ; 
 ; ; ; ; ; ; ; 
 ; ; ; ; ; ; ; 
 ; ; ; ; ; ; ; 
 ; ; ; ; ; ; ; 
 ; ; ; ; ; ; ; 
 ; ; ; ; ; ; ; 
 ; ; ; ; ; ; ; 
 ; ; ; ; ; ; ; 
 ; ; ; ; ; ; ; 
 ; ; ; ; ; ; ; 
 ; ; ; ; ; ; ; 
 ; ; ; ; ; ; ; 
 ; ; ; ; ; ; ; 
 ; ; ; ; ; ; ; 
 ; ; ; ; ; ; ; 
 ; ; ; ; ; ; ; 
 ; ; ; ; ; ; ; 
 ; ; ; ; ; ; ; 
 ; ; ; ; ; ; ; 
 ; ; ; ; ; ; ; 
 ; ; ; ; ; ; ; 
 ; ; ; ; ; ; ; 
 ; ; ; ; ; ; ; 
 ; ; ; ; ; ; ; 
 ; ; ; ; ; ; ; 
 ; ; ; ; ; ; ; 
 ; ; ; ; ; ; ; 
 ; ; ; ; ; ; ; 
 ; ; ; ; ; ; ; 
 ; ; ; ; ; ; ; 
 ; ; ; ; ; ; ; 
 ; ; ; ; ; ; ; 
 ; ; ; ; ; ; ; 
 ; ; ; ; ; ; ; 
 ; ; ; ; ; ; ; 
 ; ; ; ; ; ; ; 
 ; ; ; ; ; ; ; 
 ; ; ; ; ; ; ; 
 ; ; ; ; ; ; ; 
 ; ; ; ; ; ; ; 
 ; ; ; ; ; ; ; 
 ; ; ; ; ; ; ; 
 ; ; ; ; ; ; ; 
 ; ; ; ; ; ; ; 
 ; ; ; ; ; ; ; 
 ; ; ; ; ; ; ; 
 ; ; ; ; ; ; ; 
 ; ; ; ; ; ; ; 
 ; ; ; ; ; ; ; 
 ; ; ; ; ; ; ; 
 ; ; ; ; ; ; ; 
 ; ; ; ; ; ; ; 
 ; ; ; ; ; ; ; 
 ; ; ; ; ; ; ; 
 ; ; ; ; ; ; ; 
 ; ; ; ; ; ; ; 
 ; ; ; ; ; ; ; 
 ; ; ; ; ; ; ; 
 ; ; ; ; ; ; ; 
 ; ; ; ; ; ; ; 
 ; ; ; ; ; ; ; 
 ; ; ; ; ; ; ; 
 ; ; ; ; ; ; ; 
 ; ; ; ; ; ; ; 
 ; ; ; ; ; ; ; 
 ; ; ; ; ; ; ; 
 ; ; ; ; ; ; ; 
 ; ; ; ; ; ; ; 
 ; ; ; ; ; ; ; 
 ; ; ; ; ; ; ; 
 ; ; ; ; ; ; ; 
 ; ; ; ; ; ; ; 
 ; ; ; ; ; ; ; 
 ; ; ; ; ; ; ; 
 ; ; ; ; ; ; ; 
 ; ; ; ; ; ; ; 
 ; ; ; ; ; ; ; 
 ; ; ; ; ; ; ; 
 ; ; ; ; ; ; ; 
 ; ; ; ; ; ; ; 
 ; ; ; ; ; ; ; 
 ; ; ; ; ; ; ; 
 ; ; ; ; ; ; ; 
 ; ; ; ; ; ; ; 
 ; ; ; ; ; ; ; 
 ; ; ; ; ; ; ; 
 ; ; ; ; ; ; ; 
 ; ; ; ; ; ; ; 
 ; ; ; ; ; ; ; 
 ; ; ; ; ; ; ; 
 ; ; ; ; ; ; ; 
 ; ; ; ; ; ; ; 
 ; ; ; ; ; ; ; 
 ; ; ; ; ; ; ; 
 ; ; ; ; ; ; ; 
 ; ; ; ; ; ; ; 
 ; ; ; ; ; ; ; 
 ; ; ; ; ; ; ; 
 ; ; ; ; ; ; ; 
 ; ; ; ; ; ; ; 
 ; ; ; ; ; ; ; 
 ; ; ; ; ; ; ; 
 ; ; ; ; ; ; ; 
 ; ; ; ; ; ; ; 
 ; ; ; ; ; ; ; 
 ; ; ; ; ; ; ; 
 ; ; ; ; ; ; ; 
 ; ; ; ; ; ; ; 
 ; ; ; ; ; ; ; 
 ; ; ; ; ; ; ; 
 ; ; ; ; ; ; ; 
 ; ; ; ; ; ; ; 
 ; ; ; ; ; ; ; 
 ; ; ; ; ; ; ; 
 ; ; ; ; ; ; ; 
 ; ; ; ; ; ; ; 
 ; ; ; ; ; ; ; 
 ; ; ; ; ; ; ; 
 ; ; ; ; ; ; ; 
 ; ; ; ; ; ; ; 
 ; ; ; ; ; ; ; 
 ; ; ; ; ; ; ; 
 ; ; ; ; ; ; ; 
 ; ; ; ; ; ; ; 
 ; ; ; ; ; ; ; 
 ; ; ; ; ; ; ; 
 ; ; ; ; ; ; ; 
 ; ; ; ; ; ; ; 
 ; ; ; ; ; ; ; 
 ; ; ; ; ; ; ; 
 ; ; ; ; ; ; ; 
 ; ; ; ; ; ; ; 
 ; ; ; ; ; ; ; 
 ; ; ; ; ; ; ; 
 ; ; ; ; ; ; ; 
 ; ; ; ; ; ; ; 
 ; ; ; ; ; ; ; 
 ; ; ; ; ; ; ; 
 ; ; ; ; ; ; ; 
 ; ; ; ; ; ; ; 
 ; ; ; ; ; ; ; 
 ; ; ; ; ; ; ; 
 ; ; ; ; ; ; ; 
 ; ; ; ; ; ; ; 
 ; ; ; ; ; ; ; 
 ; ; ; ; ; ; ; 
 ; ; ; ; ; ; ; 
 ; ; ; ; ; ; ; 
 ; ; ; ; ; ; ; 
 ; ; ; ; ; ; ; 
 ; ; ; ; ; ; ; 
 ; ; ; ; ; ; ; 
 ; ; ; ; ; ; ; 
 ; ; ; ; ; ; ; 
 ; ; ; ; ; ; ; 
 ; ; ; ; ; ; ; 
 ; ; ; ; ; ; ; 
 ; ; ; ; ; ; ; 
 ; ; ; ; ; ; ; 
 ; ; ; ; ; ; ; 
 ; ; ; ; ; ; ; 
 ; ; ; ; ; ; ; 
 ; ; ; ; ; ; ; 
 ; ; ; ; ; ; ; 
 ; ; ; ; ; ; ; 
 ; ; ; ; ; ; ; 
 ; ; ; ; ; ; ; 
 ; ; ; ; ; ; ; 
 ; ; ; ; ; ; ; 
 ; ; ; ; ; ; ; 
 ; ; ; ; ; ; ; 
 ; ; ; ; ; ; ; 
 ; ; ; ; ; ; ; 
 ; ; ; ; ; ; ; 
 ; ; ; ; ; ; ; 
 ; ; ; ; ; ; ; 
 ; ; ; ; ; ; ; 
 ; ; ; ; ; ; ; 
 ; ; ; ; ; ; ; 
 ; ; ; ; ; ; ; 
 ; ; ; ; ; ; ; 
 ; ; ; ; ; ; ; 
 ; ; ; ; ; ; ; 
 ; ; ; ; ; ; ; 
 ; ; ; ; ; ; ; 
 ; ; ; ; ; ; ; 
 ; ; ; ; ; ; ; 
 ; ; ; ; ; ; ; 
 ; ; ; ; ; ; ; 
 ; ; ; ; ; ; ; 
 ; ; ; ; ; ; ; 
 ; ; ; ; ; ; ; 
 ; ; ; ; ; ; ; 
 ; ; ; ; ; ; ; 
 ; ; ; ; ; ; ; 
 ; ; ; ; ; ; ; 
 ; ; ; ; ; ; ; 
 ; ; ; ; ; ; ; 
 ; ; ; ; ; ; ; 
 ; ; ; ; ; ; ; 
 ; ; ; ; ; ; ; 
 ; ; ; ; ; ; ; 
 ; ; ; ; ; ; ; 
 ; ; ; ; ; ; ; 
 ; ; ; ; ; ; ; 
 ; ; ; ; ; ; ; 
 ; ; ; ; ; ; ; 
 ; ; ; ; ; ; ; 
 ; ; ; ; ; ; ; 
 ; ; ; ; ; ; ; 
 ; ; ; ; ; ; ; 
 ; ; ; ; ; ; ; 
 ; ; ; ; ; ; ; 
 ; ; ; ; ; ; ; 
 ; ; ; ; ; ; ; 
 ; ; ; ; ; ; ; 
 ; ; ; ; ; ; ; 
 ; ; ; ; ; ; ; 
 ; ; ; ; ; ; ; 
 ; ; ; ; ; ; ; 
 ; ; ; ; ; ; ; 
 ; ; ; ; ; ; ; 
 ; ; ; ; ; ; ; 
 ; ; ; ; ; ; ; 
 ; ; ; ; ; ; ; 
 ; ; ; ; ; ; ; 
 ; ; ; ; ; ; ; 
 ; ; ; ; ; ; ; 
 ; ; ; ; ; ; ; 
 ; ; ; ; ; ; ; 
 ; ; ; ; ; ; ; 
 ; ; ; ; ; ; ; 
 ; ; ; ; ; ; ; 
 ; ; ; ; ; ; ; 
 ; ; ; ; ; ; ; 
 ; ; ; ; ; ; ; 
 ; ; ; ; ; ; ; 
 ; ; ; ; ; ; ; 
 ; ; ; ; ; ; ; 
 ; ; ; ; ; ; ; 
 ; ; ; ; ; ; ; 
 ; ; ; ; ; ; ; 
 ; ; ; ; ; ; ; 
 ; ; ; ; ; ; ; 
 ; ; ; ; ; ; ; 
 ; ; ; ; ; ; ; 
 ; ; ; ; ; ; ; 
 ; ; ; ; ; ; ; 
 ; ; ; ; ; ; ; 
 ; ; ; ; ; ; ; 
 ; ; ; ; ; ; ; 
 ; ; ; ; ; ; ; 
 ; ; ; ; ; ; ; 
 ; ; ; ; ; ; ; 
 ; ; ; ; ; ; ; 
 ; ; ; ; ; ; ; 
 ; ; ; ; ; ; ; 
 ; ; ; ; ; ; ; 
 ; ; ; ; ; ; ; 
 ; ; ; ; ; ; ; 
 ; ; ; ; ; ; ; 
 ; ; ; ; ; ; ; 
 ; ; ; ; ; ; ; 
 ; ; ; ; ; ; ; 
 ; ; ; ; ; ; ; 
 ; ; ; ; ; ; ; 
 ; ; ; ; ; ; ; 
 ; ; ; ; ; ; ; 
 ; ; ; ; ; ; ; 
 ; ; ; ; ; ; ; 
 ; ; ; ; ; ; ; 
 ; ; ; ; ; ; ; 
 ; ; ; ; ; ; ; 
 ; ; ; ; ; ; ; 
 ; ; ; ; ; ; ; 
 ; ; ; ; ; ; ; 
 ; ; ; ; ; ; ; 
 ; ; ; ; ; ; ; 
 ; ; ; ; ; ; ; 
 ; ; ; ; ; ; ; 
 ; ; ; ; ; ; ; 
 ; ; ; ; ; ; ; 
 ; ; ; ; ; ; ; 
 ; ; ; ; ; ; ; 
 ; ; ; ; ; ; ; 
 ; ; ; ; ; ; ; 
 ; ; ; ; ; ; ; 
 ; ; ; ; ; ; ; 
 ; ; ; ; ; ; ; 
 ; ; ; ; ; ; ; 
 ; ; ; ; ; ; ; 
 ; ; ; ; ; ; ; 
 ; ; ; ; ; ; ; 
 ; ; ; ; ; ; ; 
 ; ; ; ; ; ; ; 
 ; ; ; ; ; ; ; 
 ; ; ; ; ; ; ; 
 ; ; ; ; ; ; ; 
 ; ; ; ; ; ; ; 
 ; ; ; ; ; ; ; 
 ; ; ; ; ; ; ; 
 ; ; ; ; ; ; ; 
 ; ; ; ; ; ; ; 
 ; ; ; ; ; ; ; 
 ; ; ; ; ; ; ; 
 ; ; ; ; ; ; ; 
 ; ; ; ; ; ; ; 
 ; ; ; ; ; ; ; 
 ; ; ; ; ; ; ; 
 ; ; ; ; ; ; ; 
 ; ; ; ; ; ; ; 
 ; ; ; ; ; ; ; 
 ; ; ; ; ; ; ; 
 ; ; ; ; ; ; ; 
 ; ; ; ; ; ; ; 
 ; ; ; ; ; ; ; 
 ; ; ; ; ; ; ; 
 ; ; ; ; ; ; ; 
 ; ; ; ; ; ; ; 
 ; ; ; ; ; ; ; 
 ; ; ; ; ; ; ; 
 ; ; ; ; ; ; ; 
 ; ; ; ; ; ; ; 
 ; ; ; ; ; ; ; 
 ; ; ; ; ; ; ; 
 ; ; ; ; ; ; ; 
 ; ; ; ; ; ; ; 
 ; ; ; ; ; ; ; 
 ; ; ; ; ; ; ; 
 ; ; ; ; ; ; ; 
 ; ; ; ; ; ; ; 
 ; ; ; ; ; ; ; 
 ; ; ; ; ; ; ; 
 ; ; ; ; ; ; ; 
 ; ; ; ; ; ; ; 
 ; ; ; ; ; ; ; 
 ; ; ; ; ; ; ; 
 ; ; ; ; ; ; ; 
 ; ; ; ; ; ; ; 
 ; ; ; ; ; ; ; 
 ; ; ; ; ; ; ; 
 ; ; ; ; ; ; ; 
 ; ; ; ; ; ; ; 
 ; ; ; ; ; ; ; 
 ; ; ; ; ; ; ; 
 ; ; ; ; ; ; ; 
 ; ; ; ; ; ; ; 
 ; ; ; ; ; ; ; 
 ; ; ; ; ; ; ; 
 ; ; ; ; ; ; ; 
 ; ; ; ; ; ; ; 
 ; ; ; ; ; ; ; 
 ; ; ; ; ; ; ; 
 ; ; ; ; ; ; ; 
 ; ; ; ; ; ; ; 
 ; ; ; ; ; ; ; 
 ; ; ; ; ; ; ; 
 ; ; ; ; ; ; ; 
 ; ; ; ; ; ; ; 
 ; ; ; ; ; ; ; 
 ; ; ; ; ; ; ; 
 ; ; ; ; ; ; ; 
 ; ; ; ; ; ; ; 
 ; ; ; ; ; ; ; 
 ; ; ; ; ; ; ; 
 ; ; ; ; ; ; ; 
 ; ; ; ; ; ; ; 
 ; ; ; ; ; ; ; 
 ; ; ; ; ; ; ; 
 ; ; ; ; ; ; ; 
 ; ; ; ; ; ; ; 
 ; ; ; ; ; ; ; 
 ; ; ; ; ; ; ; 
 ; ; ; ; ; ; ; 
 ; ; ; ; ; ; ; 
 ; ; ; ; ; ; ; 
 ; ; ; ; ; ; ; 
 ; ; ; ; ; ; ; 
 ; ; ; ; ; ; ; 
 ; ; ; ; ; ; ; 
 ; ; ; ; ; ; ; 
 ; ; ; ; ; ; ; 
 ; ; ; ; ; ; ; 
 ; ; ; ; ; ; ; 
 ; ; ; ; ; ; ; 
 ; ; ; ; ; ; ; 
 ; ; ; ; ; ; ; 
 ; ; ; ; ; ; ; 
 ; ; ; ; ; ; ; 
 ; ; ; ; ; ; ; 
 ; ; ; ; ; ; ; 
 ; ; ; ; ; ; ; 
 ; ; ; ; ; ; ; 
 ; ; ; ; ; ; ; 
 ; ; ; ; ; ; ; 
 ; ; ; ; ; ; ; 
 ; ; ; ; ; ; ; 
 ; ; ; ; ; ; ; 
 ; ; ; ; ; ; ; 
 ; ; ; ; ; ; ; 
 ; ; ; ; ; ; ; 
 ; ; ; ; ; ; ; 
 ; ; ; ; ; ; ; 
 ; ; ; ; ; ; ; 
 ; ; ; ; ; ; ; 
 ; ; ; ; ; ; ; 
 ; ; ; ; ; ; ; 
 ; ; ; ; ; ; ; 
 ; ; ; ; ; ; ; 
 ; ; ; ; ; ; ; 
 ; ; ; ; ; ; ; 
 ; ; ; ; ; ; ; 
 ; ; ; ; ; ; ; 
 ; ; ; ; ; ; ; 
 ; ; ; ; ; ; ; 
 ; ; ; ; ; ; ; 
 ; ; ; ; ; ; ; 
 ; ; ; ; ; ; ; 
 ; ; ; ; ; ; ; 
 ; ; ; ; ; ; ; 
 ; ; ; ; ; ; ; 
 ; ; ; ; ; ; ; 
 ; ; ; ; ; ; ; 
 ; ; ; ; ; ; ; 
 ; ; ; ; ; ; ; 
 ; ; ; ; ; ; ; 
 ; ; ; ; ; ; ; 
 ; ; ; ; ; ; ; 
 ; ; ; ; ; ; ; 
 ; ; ; ; ; ; ; 
 ; ; ; ; ; ; ; 
 ; ; ; ; ; ; ; 
 ; ; ; ; ; ; ; 
 ; ; ; ; ; ; ; 
 ; ; ; ; ; ; ; 
 ; ; ; ; ; ; ; 
 ; ; ; ; ; ; ; 
 ; ; ; ; ; ; ; 
 ; ; ; ; ; ; ; 
 ; ; ; ; ; ; ; 
 ; ; ; ; ; ; ; 
 ; ; ; ; ; ; ; 
 ; ; ; ; ; ; ; 
 ; ; ; ; ; ; ; 
 ; ; ; ; ; ; ; 
 ; ; ; ; ; ; ; 
 ; ; ; ; ; ; ; 
 ; ; ; ; ; ; ; 
 ; ; ; ; ; ; ; 
 ; ; ; ; ; ; ; 
 ; ; ; ; ; ; ; 
 ; ; ; ; ; ; ; 
 ; ; ; ; ; ; ; 
 ; ; ; ; ; ; ; 
 ; ; ; ; ; ; ; 
 ; ; ; ; ; ; ; 
 ; ; ; ; ; ; ; 
 ; ; ; ; ; ; ; 
 ; ; ; ; ; ; ; 
 ; ; ; ; ; ; ; 
 ; ; ; ; ; ; ; 
 ; ; ; ; ; ; ; 
 ; ; ; ; ; ; ; 
 ; ; ; ; ; ; ; 
 ; ; ; ; ; ; ; 
 ; ; ; ; ; ; ; 
 ; ; ; ; ; ; ; 
 ; ; ; ; ; ; ; 
 ; ; ; ; ; ; ; 
 ; ; ; ; ; ; ; 
 ; ; ; ; ; ; ; 
 ; ; ; ; ; ; ; 
 ; ; ; ; ; ; ; 
 ; ; ; ; ; ; ; 
 ; ; ; ; ; ; ; 
 ; ; ; ; ; ; ; 
 ; ; ; ; ; ; ; 
 ; ; ; ; ; ; ; 
 ; ; ; ; ; ; ; 
 ; ; ; ; ; ; ; 
 ; ; ; ; ; ; ; 
 ; ; ; ; ; ; ; 
 ; ; ; ; ; ; ; 
 ; ; ; ; ; ; ; 
 ; ; ; ; ; ; ; 
 ; ; ; ; ; ; ; 
 ; ; ; ; ; ; ; 
 ; ; ; ; ; ; ; 
 ; ; ; ; ; ; ; 
 ; ; ; ; ; ; ; 
 ; ; ; ; ; ; ; 
 ; ; ; ; ; ; ; 
 ; ; ; ; ; ; ; 
 ; ; ; ; ; ; ; 
 ; ; ; ; ; ; ; 
 ; ; ; ; ; ; ; 
 ; ; ; ; ; ; ; 
 ; ; ; ; ; ; ; 
 ; ; ; ; ; ; ; 
 ; ; ; ; ; ; ; 
 ; ; ; ; ; ; ; 
 ; ; ; ; ; ; ; 
 ; ; ; ; ; ; ; 
 ; ; ; ; ; ; ; 
 ; ; ; ; ; ; ; 
 ; ; ; ; ; ; ; 
 ; ; ; ; ; ; ; 
 ; ; ; ; ; ; ; 
 ; ; ; ; ; ; ; 
 ; ; ; ; ; ; ; 
 ; ; ; ; ; ; ; 
 ; ; ; ; ; ; ; 
 ; ; ; ; ; ; ; 
 ; ; ; ; ; ; ; 
 ; ; ; ; ; ; ; 
 ; ; ; ; ; ; ; 
 ; ; ; ; ; ; ; 
 ; ; ; ; ; ; ; 
 ; ; ; ; ; ; ; 
 ; ; ; ; ; ; ; 
 ; ; ; ; ; ; ; 
 ; ; ; ; ; ; ; 
 ; ; ; ; ; ; ; 
 ; ; ; ; ; ; ; 
 ; ; ; ; ; ; ; 
 ; ; ; ; ; ; ; 
 ; ; ; ; ; ; ; 
 ; ; ; ; ; ; ; 
 ; ; ; ; ; ; ; 
 ; ; ; ; ; ; ; 
 ; ; ; ; ; ; ; 
 ; ; ; ; ; ; ; 
 ; ; ; ; ; ; ; 
 ; ; ; ; ; ; ; 
 ; ; ; ; ; ; ; 
 ; ; ; ; ; ; ; 
 ; ; ; ; ; ; ; 
 ; ; ; ; ; ; ; 
 ; ; ; ; ; ; ; 
 ; ; ; ; ; ; ; 
 ; ; ; ; ; ; ; 
 ; ; ; ; ; ; ; 
 ; ; ; ; ; ; ; 
 ; ; ; ; ; ; ; 
 ; ; ; ; ; ; ; 
 ; ; ; ; ; ; ; 
 ; ; ; ; ; ; ; 
 ; ; ; ; ; ; ; 
 ; ; ; ; ; ; ; 
 ; ; ; ; ; ; ; 
 ; ; ; ; ; ; ; 
 ; ; ; ; ; ; ; 
 ; ; ; ; ; ; ; 
 ; ; ; ; ; ; ; 
 ; ; ; ; ; ; ; 
 ; ; ; ; ; ; ; 
 ; ; ; ; ; ; ; 
 ; ; ; ; ; ; ; 
 ; ; ; ; ; ; ; 
 ; ; ; ; ; ; ; 
 ; ; ; ; ; ; ; 
 ; ; ; ; ; ; ; 
 ; ; ; ; ; ; ; 
 ; ; ; ; ; ; ; 
 ; ; ; ; ; ; ; 
 ; ; ; ; ; ; ; 
 ; ; ; ; ; ; ; 
 ; ; ; ; ; ; ; 
 ; ; ; ; ; ; ; 
 ; ; ; ; ; ; ; 
 ; ; ; ; ; ; ; 
 ; ; ; ; ; ; ; 
 ; ; ; ; ; ; ; 
 ; ; ; ; ; ; ; 
 ; ; ; ; ; ; ; 
 ; ; ; ; ; ; ; 
 ; ; ; ; ; ; ; 
 ; ; ; ; ; ; ; 
 ; ; ; ; ; ; ; 
 ; ; ; ; ; ; ; 
 ; ; ; ; ; ; ; 
 ; ; ; ; ; ; ; 
 ; ; ; ; ; ; ; 
 ; ; ; ; ; ; ; 
 ; ; ; ; ; ; ; 
 ; ; ; ; ; ; ; 
 ; ; ; ; ; ; ; 
 ; ; ; ; ; ; ; 
 ; ; ; ; ; ; ; 
 ; ; ; ; ; ; ; 
 ; ; ; ; ; ; ; 
 ; ; ; ; ; ; ; 
 ; ; ; ; ; ; ; 
 ; ; ; ; ; ; ; 
 ; ; ; ; ; ; ; 
 ; ; ; ; ; ; ; 
 ; ; ; ; ; ; ; 
 ; ; ; ; ; ; ; 
 ; ; ; ; ; ; ; 
 ; ; ; ; ; ; ; 
 ; ; ; ; ; ; ; 
 ; ; ; ; ; ; ; 
 ; ; ; ; ; ; ; 
 ; ; ; ; ; ; ; 
 ; ; ; ; ; ; ; 
 ; ; ; ; ; ; ; 
 ; ; ; ; ; ; ; 
 ; ; ; ; ; ; ; 
 ; ; ; ; ; ; ; 
 ; ; ; ; ; ; ; 
 ; ; ; ; ; ; ; 
 ; ; ; ; ; ; ; 
 ; ; ; ; ; ; ; 
 ; ; ; ; ; ; ; 
 ; ; ; ; ; ; ; 
 ; ; ; ; ; ; ; 
 ; ; ; ; ; ; ; 
 ; ; ; ; ; ; ; 
 ; ; ; ; ; ; ; 
 ; ; ; ; ; ; ; 
 ; ; ; ; ; ; ; 
 ; ; ; ; ; ; ; 
 ; ; ; ; ; ; ; 
 ; ; ; ; ; ; ; 
 ; ; ; ; ; ; ; 
 ; ; ; ; ; ; ; 
 ; ; ; ; ; ; ; 
 ; ; ; ; ; ; ; 
 ; ; ; ; ; ; ; 
 ; ; ; ; ; ; ; 
 ; ; ; ; ; ; ; 
 ; ; ; ; ; ; ; 
 ; ; ; ; ; ; ; 
 ; ; ; ; ; ; ; 
 ; ; ; ; ; ; ; 
 ; ; ; ; ; ; ; 
 ; ; ; ; ; ; ; 
 ; ; ; ; ; ; ; 
 ; ; ; ; ; ; ; 
 ; ; ; ; ; ; ; 
 ; ; ; ; ; ; ; 
 ; ; ; ; ; ; ; 
 ; ; ; ; ; ; ; 
 ; ; ; ; ; ; ; 
 ; ; ; ; ; ; ; 
 ; ; ; ; ; ; ; 
 ; ; ; ; ; ; ; 
 ; ; ; ; ; ; ; 
 ; ; ; ; ; ; ; 
 ; ; ; ; ; ; ; 
 ; ; ; ; ; ; ; 
 ; ; ; ; ; ; ; 
 ; ; ; ; ; ; ; 
 ; ; ; ; ; ; ; 
 ; ; ; ; ; ; ; 
 ; ; ; ; ; ; ; 
 ; ; ; ; ; ; ; 
 ; ; ; ; ; ; ; 
 ; ; ; ; ; ; ; 
 ; ; ; ; ; ; ; 
 ; ; ; ; ; ; ; 
 ; ; ; ; ; ; ; 
 ; ; ; ; ; ; ; 
 ; ; ; ; ; ; ; 
 ; ; ; ; ; ; ; 
 ; ; ; ; ; ; ; 
 ; ; ; ; ; ; ; 
 ; ; ; ; ; ; ; 
 ; ; ; ; ; ; ; 
 ; ; ; ; ; ; ; 
 ; ; ; ; ; ; ; 
 ; ; ; ; ; ; ; 
 ; ; ; ; ; ; ; 
 ; ; ; ; ; ; ; 
 ; ; ; ; ; ; ; 
 ; ; ; ; ; ; ; 
 ; ; ; ; ; ; ; 
 ; ; ; ; ; ; ; 
 ; ; ; ; ; ; ; 
 ; ; ; ; ; ; ; 
 ; ; ; ; ; ; ; 
 ; ; ; ; ; ; ; 
 ; ; ; ; ; ; ; 
 ; ; ; ; ; ; ; 
 ; ; ; ; ; ; ; 
 ; ; ; ; ; ; ; 
 ; ; ; ; ; ; ; 
 ; ; ; ; ; ; ; 
 ; ; ; ; ; ; ; 
 ; ; ; ; ; ; ; 
 ; ; ; ; ; ; ; 
 ; ; ; ; ; ; ; 
 ; ; ; ; ; ; ; 
 ; ; ; ; ; ; ; 
 ; ; ; ; ; ; ; 
 ; ; ; ; ; ; ; 
 ; ; ; ; ; ; ; 
 ; ; ; ; ; ; ; 
 ; ; ; ; ; ; ; 
 ; ; ; ; ; ; ; 
 ; ; ; ; ; ; ; 
 ; ; ; ; ; ; ; 
 ; ; ; ; ; ; ; 
 ; ; ; ; ; ; ; 
 ; ; ; ; ; ; ; 
 ; ; ; ; ; ; ; 
 ; ; ; ; ; ; ; 
 ; ; ; ; ; ; ; 
 ; ; ; ; ; ; ; 
 ; ; ; ; ; ; ; 
 ; ; ; ; ; ; ; 
 ; ; ; ; ; ; ; 
 ; ; ; ; ; ; ; 
 ; ; ; ; ; ; ; 
 ; ; ; ; ; ; ; 
 ; ; ; ; ; ; ; 
 ; ; ; ; ; ; ; 
 ; ; ; ; ; ; ; 
 ; ; ; ; ; ; ; 
 ; ; ; ; ; ; ; 
 ; ; ; ; ; ; ; 
 ; ; ; ; ; ; ; 
 ; ; ; ; ; ; ; 
 ; ; ; ; ; ; ; 
 ; ; ; ; ; ; ; 
 ; ; ; ; ; ; ; 
 ; ; ; ; ; ; ; 
 ; ; ; ; ; ; ; 
 ; ; ; ; ; ; ; 
 ; ; ; ; ; ; ; 
 ; ; ; ; ; ; ; 
 ; ; ; ; ; ; ; 
 ; ; ; ; ; ; ; 
 ; ; ; ; ; ; ; 
 ; ; ; ; ; ; ; 
 ; ; ; ; ; ; ; 
 ; ; ; ; ; ; ; 
 ; ; ; ; ; ; ; 
 ; ; ; ; ; ; ; 
 ; ; ; ; ; ; ; 
 ; ; ; ; ; ; ; 
 ; ; ; ; ; ; ; 
 ; ; ; ; ; ; ; 
 ; ; ; ; ; ; ; 
 ; ; ; ; ; ; ; 
 ; ; ; ; ; ; ; 
 ; ; ; ; ; ; ; 
 ; ; ; ; ; ; ; 
 ; ; ; ; ; ; ; 
 ; ; ; ; ; ; ; 
 ; ; ; ; ; ; ; 
 ; ; ; ; ; ; ; 
 ; ; ; ; ; ; ; 
 ; ; ; ; ; ; ; 
 ; ; ; ; ; ; ; 
 ; ; ; ; ; ; ; 
 ; ; ; ; ; ; ; 
 ; ; ; ; ; ; ; 
 ; ; ; ; ; ; ; 
 ; ; ; ; ; ; ; 
 ; ; ; ; ; ; ; 
 ; ; ; ; ; ; ; 
 ; ; ; ; ; ; ; 
 ; ; ; ; ; ; ; 
 ; ; ; ; ; ; ; 
 ; ; ; ; ; ; ; 
 ; ; ; ; ; ; ; 
 ; ; ; ; ; ; ; 
 ; ; ; ; ; ; ; 
 ; ; ; ; ; ; ; 
 ; ; ; ; ; ; ; 
 ; ; ; ; ; ; ; 
 ; ; ; ; ; ; ; 
 ; ; ; ; ; ; ; 
 ; ; ; ; ; ; ; 
 ; ; ; ; ; ; ; 
 ; ; ; ; ; ; ; 
 ; ; ; ; ; ; ; 
 ; ; ; ; ; ; ; 
 ; ; ; ; ; ; ; 
 ; ; ; ; ; ; ; 
 ; ; ; ; ; ; ; 
 ; ; ; ; ; ; ; 
 ; ; ; ; ; ; ; 
 ; ; ; ; ; ; ; 
 ; ; ; ; ; ; ; 
 ; ; ; ; ; ; ; 
 ; ; ; ; ; ; ; 
 ; ; ; ; ; ; ; 
 ; ; ; ; ; ; ; 
 ; ; ; ; ; ; ; 
 ; ; ; ; ; ; ; 
 ; ; ; ; ; ; ; 
 ; ; ; ; ; ; ; 
 ; ; ; ; ; ; ; 
 ; ; ; ; ; ; ; 
 ; ; ; ; ; ; ; 
 ; ; ; ; ; ; ; 
 ; ; ; ; ; ; ; 
 ; ; ; ; ; ; ; 
 ; ; ; ; ; ; ; 
 ; ; ; ; ; ; ; 
 ; ; ; ; ; ; ; 
 ; ; ; ; ; ; ; 
 ; ; ; ; ; ; ; 
 ; ; ; ; ; ; ; 
 ; ; ; ; ; ; ; 
 ; ; ; ; ; ; ; 
 ; ; ; ; ; ; ; 
 ; ; ; ; ; ; ; 
 ; ; ; ; ; ; ; 
 ; ; ; ; ; ; ; 
 ; ; ; ; ; ; ; 
 ; ; ; ; ; ; ; 
 ; ; ; ; ; ; ; 
 ; ; ; ; ; ; ; 
 ; ; ; ; ; ; ; 
 ; ; ; ; ; ; ; 
 ; ; ; ; ; ; ; 
 ; ; ; ; ; ; ; 
 ; ; ; ; ; ; ; 
 ; ; ; ; ; ; ; 
 ; ; ; ; ; ; ; 
 ; ; ; ; ; ; ; 
 ; ; ; ; ; ; ; 
 ; ; ; ; ; ; ; 
 ; ; ; ; ; ; ; 
 ; ; ; ; ; ; ; 
 ; ; ; ; ; ; ; 
 ; ; ; ; ; ; ; 
 ; ; ; ; ; ; ; 
 ; ; ; ; ; ; ; 
 ; ; ; ; ; ; ; 
 ; ; ; ; ; ; ; 
 ; ; ; ; ; ; ; 
 ; ; ; ; ; ; ; 
 ; ; ; ; ; ; ; 
 ; ; ; ; ; ; ; 
 ; ; ; ; ; ; ; 
 ; ; ; ; ; ; ; 
 ; ; ; ; ; ; ; 
 ; ; ; ; ; ; ; 
 ; ; ; ; ; ; ; 
 ; ; ; ; ; ; ; 
 ; ; ; ; ; ; ; 
 ; ; ; ; ; ; ; 
 ; ; ; ; ; ; ; 
 ; ; ; ; ; ; ; 
 ; ; ; ; ; ; ; 
 ; ; ; ; ; ; ; 
 ; ; ; ; ; ; ; 
 ; ; ; ; ; ; ; 
 ; ; ; ; ; ; ; 
 ; ; ; ; ; ; ; 
 ; ; ; ; ; ; ; 
 ; ; ; ; ; ; ; 
 ; ; ; ; ; ; ; 
 ; ; ; ; ; ; ; 
 ; ; ; ; ; ; ; 
 ; ; ; ; ; ; ; 
 ; ; ; ; ; ; ; 
 ; ; ; ; ; ; ; 
 ; ; ; ; ; ; ; 
 ; ; ; ; ; ; ; 
 ; ; ; ; ; ; ; 
 ; ; ; ; ; ; ; 
 ; ; ; ; ; ; ; 
 ; ; ; ; ; ; ; 
 ; ; ; ; ; ; ; 
 ; ; ; ; ; ; ; 
 ; ; ; ; ; ; ; 
 ; ; ; ; ; ; ; 