id,t,drive,speed.kmh,occ_nr,x,y,yaw,steer,off,speed,leftTLC,rightTLC,report,OT,OTTLC,true.TLC,FADE1.leftTLC,FADE1.rightTLC,FADE1.off,FADE1.TLC.min,FADE0.TLC.min,steer.ampl,steer.min,steer.max,steer.avg,steer.sd,offset.min,offset.max,offset.avg,offset.sd,last_OT,last_FADE0.off,FADE1.off.abs,last_FADE0.off.changed75,steer.ampl.360,last_FADE0.off.changed75.abs,filter_$,steer.ampl.450,true.TLC.1.0,z.OT,z.OTTLC,z.steer.ampl.450,z.last_FADE0.off.changed75.abs,z.last_OT,z.FADE1.TLC.min,steer.sd.avg.100.so,off.sd.avg.100.so,steer.sd.100.bl,off.sd.100.bl,off.sd.bl.60.100
P01,31.260986,SO,100,1,5683.638672,8038.797363,-112.775993,-.010905,-.876394,27.7776,4.4,.8,"{""type"":""M"",""msg"":""FADE0"",""time"":31.2458,""dist"":0.521487}",3.943231,4.743231,0,11.2,6.9,.484845,6.9,.8,.003662,-.010905,-.007243,-.009342425,.00112044871706121,-.876394,.484845,-.110959175,.395619836276741, , ,.484845, ,1.31832, , ,1.6479,0,-.59276009943538,-.815215168168116,-.24612805409754, , ,-.775080817489453,.00108883351231003,.331582572862225,.00998535491575545,.21725450276271,.194562733105182
P01,31.303795,SO,100,2,5679.308594,8029.707031,-113.735176,-.014608,-1.538491,27.7774,1.9,-.505299,"{""type"":""M"",""msg"":""FADE0"",""time"":31.2271,""dist"":0.529806}",4.359987,3.854688,3.854688,9.8,5.8,.318762,5.8,-.505299,.006877,-.014608,-.007731,-.0103379772727273,.00210799486439333,-1.538491,.318762,-.438433954545455,.527221155608719,3.943231,-.876394,.318762,-.876394,2.47572,.876394,1,3.09465,1,-.416008672388018,-.92664590985685,.567782259652439,.394008575732993,-.58393598585348,-.89562215768999,.00108883351231003,.331582572862225,.00998535491575545,.21725450276271,.194562733105182
P01,29.378408,SO,100,3,5688.021973,8049.560059,-111.724571,-.009074,-.70614,27.7776,9.1,2.5,"{""type"":""M"",""msg"":""FADE0"",""time"":29.3524,""dist"":0.509516}",3.635191,6.135191,0,21.8,9.5,-.0349,9.5,2.5,.001668,-.009074,-.007406,-.00839754054054054,.00047613394442429,-.70614,-.0349,-.352299972972973,.196413905711112,4.359987,-1.538491,.0349,-1.538491,.60048,1.538491,1,.7506,0,-.723403712455155,-.640651714062855,-.750929660821477,1.67282999188782,-.407011082934289,-.490164922470002,.00108883351231003,.331582572862225,.00998535491575545,.21725450276271,.194562733105182
P01,30.289242,SO,100,4,5686.076172,8044.616211,-111.758354,-.007568,-.723187,27.7776,31.3,4.6,"{""type"":""M"",""msg"":""FADE0"",""time"":30.2099,""dist"":0.513321}",3.85112,8.45112,0,9.8,5.6,.139366,5.6,4.6,.002889,-.009928,-.007039,-.00771020512820513,.000704470281749164,-.723187,.139366,-.322856923076923,.262413808407174,3.635191,-.70614,.139366,-.70614,1.04004,.70614,1,1.30005,0,-.631825525480259,-.3502148008595,-.441820953795435,.0651678448642175,-.714707821400484,-.917538764999178,.00108883351231003,.331582572862225,.00998535491575545,.21725450276271,.194562733105182
P01,29.570751,SO,100,5,5688.567871,8049.33252,-110.663063,-.007406,-.094034,27.7775,7.8,14.2,"{""type"":""M"",""msg"":""FADE0"",""time"":29.5313,""dist"":0.509098}",3.549377,11.349377,0,14.8,18.6,-.276069,14.8,7.8,.003214,-.007568,-.004354,-.00559944444444444,.000937389946132937,-.453128,-.094034,-.346649944444444,.102832438847711,3.85112,-.723187,.276069,-.723187,1.15704,.723187,1,1.4463,0,-.759798502117793,.0132509257452521,-.359543861425686,.0980936377332252,-.62303975336442,.0906251712234946,.00108883351231003,.331582572862225,.00998535491575545,.21725450276271,.194562733105182
P01,32.953648,SO,100,6,5667.502441,7996.305176,-112.639244,-.003377,.435288,27.7778,2.8,6.1,"{""type"":""M"",""msg"":""FADE0"",""time"":32.9067,""dist"":0.566014}",5.665539,8.465539,0,16.4,10.3,.255473,10.3,2.8,.005697,-.009074,-.003377,-.00683875438596491,.00130863414729008,.069081,.435288,.177018561403509,.090586214736889,3.549377,-.094034,.255473,-.094034,2.05092,.094034,1,2.56365,0,.137692243938412,-.348406537371509,.269053124279196,-1.11709738478773,-.751138331385001,-.402498493233247,.00108883351231003,.331582572862225,.00998535491575545,.21725450276271,.194562733105182
P01,33.694939,SO,100,7,5666.384766,7997.349121,-113.596207,-.009237,-1.02245,27.7774,8.8,.9,"{""type"":""M"",""msg"":""FADE0"",""time"":33.6473,""dist"":0.565398}",5.674977,6.574977,0,8.1,5.1,.217609,5.1,.9,.006714,-.012085,-.005371,-.00812156140350877,.00163880376688024,-1.02245,.217609,-.446104964912281,.394130669587691,5.665539,.435288,.217609,.435288,2.41704,.435288,1,3.0213,0,.14169501766806,-.585498862524638,.526517133325457,-.457975045389578,.147233273130062,-.97233028327215,.00108883351231003,.331582572862225,.00998535491575545,.21725450276271,.194562733105182
P01,31.503531,SO,100,8,5671.532227,8005.796387,-112.294426,-.006714,.428818,27.7778,4.1,9.6,"{""type"":""M"",""msg"":""FADE0"",""time"":31.4312,""dist"":0.555033}",5.269505,9.369505,0,21.4,26.4,.289236,21.4,4.1,.003866,-.008057,-.004191,-.00614577358490566,.000976477157980695,-.035353,.428818,.119861,.128819251371238,5.674977,-1.02245,.289236,-1.02245,1.39176,1.02245,1,1.7397,0,-.0302707239835254,-.235041622177311,-.194483356117759,.67611156178777,.151239975454088,.813873212426716,.00108883351231003,.331582572862225,.00998535491575545,.21725450276271,.194562733105182
P01,31.527761,SO,100,9,5678.222656,8022.168457,-111.842598,-.006551,.330739,27.7773,5.4,10.8,"{""type"":""M"",""msg"":""FADE0"",""time"":31.4397,""dist"":0.536875}",4.654283,10.054283,0,20.6,7.8,.328959,7.8,5.4,.004883,-.009074,-.004191,-.0058463829787234,.00160040355716642,-.098471,.330739,.0664685744680851,.138897665314643,5.269505,.428818,.328959,.428818,1.75788,.428818,1,2.19735,0,-.291194061502198,-.149164719841545,.062980652928502,-.470471665314637,-.0208945450721918,-.676456084598104,.00108883351231003,.331582572862225,.00998535491575545,.21725450276271,.194562733105182
P01,34.043201,SO,100,10,5658.418945,7977.489258,-114.11171,-.008219,-.371848,27.7776,38.9,16.4,"{""type"":""M"",""msg"":""FADE0"",""time"":33.9532,""dist"":0.585669}",6.390054,22.790054,0,20,26.9,-.012499,20,16.4,.002198,-.009237,-.007039,-.007991015625,.000654820161721086,-.371848,-.012499,-.174148453125,.116346495488716,4.654283,.330739,.012499,.330739,.79128,.330739,1,.9891,0,.4449681083944,1.44800773946304,-.616754710187732,-.659908448255881,-.28207397050038,.660456961262397,.00108883351231003,.331582572862225,.00998535491575545,.21725450276271,.194562733105182
P01,35.930008,SO,100,11,5652.966309,7965.096191,-114.519119,-.009562,-.260929,27.7775,13.9,7.7,"{""type"":""M"",""msg"":""FADE0"",""time"":35.8472,""dist"":0.599359}",6.881128,14.581128,0,11.5,15.7,-.154684,11.5,7.7,.004354,-.009562,-.005208,-.00782947826086956,.00123706063630802,-.297454,-.154684,-.225811971014493,.042469654634384,6.390054,-.371848,.154684,-.371848,1.56744,.371848,1,1.9593,0,.653238727859642,.418539595942765,-.070941137421028,-.580507590682582,.454810719018058,-.270998849378116,.00108883351231003,.331582572862225,.00998535491575545,.21725450276271,.194562733105182
P01,32.822662,SO,100,12,5658.569824,7982.554688,-114.932045,-.008219,1.446323,27.7779,1.1,-2.734506,"{""type"":""M"",""msg"":""FADE0"",""time"":32.7558,""dist"":0.581518}",6.171964,3.437458,3.437458,9.2,4.9,-.066996,4.9,-2.734506,.00472,-.011271,-.006551,-.00893408064516129,.00118800952552326,-1.865258,1.840874,-.515003822580645,1.03219185860217,6.881128,-.260929,.066996,-.260929,1.6992,.260929,1,2.124,1,.352473414317388,-.978970049886979,.0217155266015202,-.794744466334454,.663285749434269,-.994246890581338,.00108883351231003,.331582572862225,.00998535491575545,.21725450276271,.194562733105182
P01,35.445522,SO,100,13,5660.891113,7982.536133,-113.547485,-.008219,-.146128,27.7774,23.8,32.7,"{""type"":""M"",""msg"":""FADE0"",""time"":35.4196,""dist"":0.581839}",6.279152,30.079152,0,18.7,24.5,.17959,18.7,23.8,.003011,-.008219,-.005208,-.00722277777777778,.000853679520671743,-.267005,.17959,-.122892174603175,.129121865160153,6.171964,1.446323,.17959,1.446323,1.08396,1.446323,1,1.35495,0,.397933184452317,2.3621217400031,-.410935399121253,1.49481013636188,.362225244357474,.517999013752671,.00108883351231003,.331582572862225,.00998535491575545,.21725450276271,.194562733105182
P01,29.801985,SO,100,14,5682.638184,8035.425781,-111.484955,-.004191,-.534966,27.7778,6.6,9.5,"{""type"":""M"",""msg"":""FADE0"",""time"":29.7066,""dist"":0.522706}",4.151768,10.751768,0,38.2,8.4,-.100913,8.4,6.6,.003377,-.007568,-.004191,-.00629933333333333,.000888561750099473,-.590332,-.100913,-.448286071428571,.148547500982895,6.279152,-.146128,.100913,-.146128,1.21572,.146128,1,1.51965,0,-.504316952024963,-.0616942531710895,-.318278735098704,-1.01647931394136,.407729631802651,-.610706262670539,.00108883351231003,.331582572862225,.00998535491575545,.21725450276271,.194562733105182
P01,31.701221,SO,100,15,5671.480469,8004.318359,-112.469971,-.006063,.953305,27.7779,1.4,7.7,"{""type"":""M"",""msg"":""FADE0"",""time"":31.6281,""dist"":0.556343}",5.37733,6.77733,0,22,16.1,.189977,16.1,1.4,.003174,-.009237,-.006063,-.00775146296296296,.000761738570341408,.189977,.953305,.540118537037037,.214715804905146,4.151768,-.534966,.189977,-.534966,1.14264,.534966,1,1.4283,0,.0154592058108431,-.560122099809789,-.369670272794271,-.265449839687874,-.495406034322946,.23308311873322,.00108883351231003,.331582572862225,.00998535491575545,.21725450276271,.194562733105182
P01,29.99081,SO,100,16,5677.908203,8024.551758,-113.147659,-.005697,-.886943,27.7782,19.1,1,"{""type"":""M"",""msg"":""FADE0"",""time"":29.9343,""dist"":0.535665}",4.573036,5.573036,0,10.9,7.6,.56071,7.6,1,.005208,-.010905,-.005697,-.00950021739130435,.00122206275367227,-.886943,.56071,.0136572826086957,.445566808643386,5.37733,.953305,.56071,.953305,1.87488,.953305,1,2.3436,0,-.325651929399282,-.711150664135086,.145257745298251,.542559972186812,.0248802671854883,-.698372691907293,.00108883351231003,.331582572862225,.00998535491575545,.21725450276271,.194562733105182
P01,31.838055,SO,100,17,5684.449219,8037.910645,-111.838524,-.008219,.221679,27.7777,45.8,18.5,"{""type"":""M"",""msg"":""FADE0"",""time"":31.7847,""dist"":0.520936}",4.05502,22.55502,0,20.7,30.3,.300232,20.7,18.5,.00118,-.008911,-.007731,-.0083930243902439,.000443576909216704,.221679,.305309,.289579926829268,.0223261170911897,4.573036,-.886943,.300232,-.886943,.4248,.886943,1,.531,0,-.54534898771006,1.41853250535274,-.874471879518208,.414383667477885,-.316565657692587,.737165086844556,.00108883351231003,.331582572862225,.00998535491575545,.21725450276271,.194562733105182
P01,31.27552,SO,100,18,5676.527344,8021.553711,-112.859764,-.008057,-1.025044,27.778,10.7,.6,"{""type"":""M"",""msg"":""FADE0"",""time"":31.2662,""dist"":0.54025}",4.654861,5.254861,0,25.9,31,-.102611,25.9,.6,.00236,-.009237,-.006877,-.00821785106382979,.000830708523640418,-1.025044,-.102611,-.526105255319149,.259985951125329,4.05502,.221679,.102611,.221679,.8496,.221679,1,1.062,0,-.290948924479976,-.751052476694313,-.575742744144965,-.870554718584618,-.536478341638559,1.30699687688346,.00108883351231003,.331582572862225,.00998535491575545,.21725450276271,.194562733105182
P01,31.309,SO,100,19,5671.230957,8007.848145,-112.943306,-.007731,-.658724,27.7778,27.4,32.6,"{""type"":""M"",""msg"":""FADE0"",""time"":31.2867,""dist"":0.554543}",5.269018,32.669018,0,44.5,13,-.136166,13,27.4,.001018,-.008057,-.007039,-.00770432075471698,.000308583162558821,-.658724,-.136166,-.432792886792453,.154606816306429,4.654861,-1.025044,.136166,-1.025044,.36648,1.025044,1,.4581,0,-.0304772667686851,2.68691264967707,-.915483845560975,.681121798586163,-.281828592884012,-.106624294559202,.00108883351231003,.331582572862225,.00998535491575545,.21725450276271,.194562733105182
P01,30.42168,SO,100,20,5664.007813,7990.31543,-113.267921,-.007243,-.406938,27.7778,12.4,18,"{""type"":""M"",""msg"":""FADE0"",""time"":30.3506,""dist"":0.572196}",5.878282,18.278282,0,21.9,27,.008592,21.9,12.4,.002319,-.008219,-.0059,-.0070338813559322,.000708597061824078,-.496473,.008592,-.340976610169492,.146079802749425,5.269018,-.658724,.008592,-.658724,.83484,.658724,1,1.04355,0,.227919208503618,.882193704249815,-.586122315797764,-.0264148027967706,-.0211012905724884,.868664730699687,.00108883351231003,.331582572862225,.00998535491575545,.21725450276271,.194562733105182
P01,32.633598,SO,100,21,5643.471191,7945.53125,-114.748589,-.00354,-.64705,27.7779,5.7,8.2,"{""type"":""M"",""msg"":""FADE0"",""time"":32.5487,""dist"":0.621047}",7.694713,13.394713,0,11.1,5.9,.127898,5.9,5.7,.005534,-.009074,-.00354,-.00678784415584416,.00132721727155705,-.995186,.127898,-.636189467532468,.328091353608243,5.878282,-.406938,.127898,-.406938,1.99224,.406938,1,2.4903,0,.998290292262621,.269753208113881,.227787997952215,-.512732259435238,.237548792574863,-.884663854035395,.00108883351231003,.331582572862225,.00998535491575545,.21725450276271,.194562733105182
P01,31.77161,SO,100,22,5664.340332,7991.641602,-113.919907,-.008057,-.643591,27.7776,17.8,3.6,"{""type"":""M"",""msg"":""FADE0"",""time"":31.729,""dist"":0.571607}",5.879028,9.479028,0,9.5,13.2,.185133,9.5,3.6,.005533,-.010579,-.005046,-.0080676779661017,.00156661807330619,-.643591,.185133,-.222762033898305,.237669761438949,7.694713,-.64705,.185133,-.64705,1.99188,.64705,1,2.48985,0,.228235596425033,-.221306519743354,.227534837668,-.048962799860934,1.00867597091041,-.490164922470002,.00108883351231003,.331582572862225,.00998535491575545,.21725450276271,.194562733105182
P01,32.918621,SO,100,23,5646.108887,7954.615723,-115.708214,-.010579,1.617878,27.7774,2,-3.242231,"{""type"":""M"",""msg"":""FADE0"",""time"":32.8868,""dist"":0.613075}",7.393707,4.151476,4.151476,9.5,5.4,.027437,5.4,-3.242231,.004353,-.010579,-.006226,-.00853125675675676,.00147906735757415,-1.852329,1.87087,-.544895945945946,1.02100849683522,5.879028,-.643591,.027437,-.643591,1.56708,.643591,1,1.95885,1,.870629886534046,-.889426206404888,-.0711942977052426,-.055643759415923,.237865491020903,-.939455372308367,.00108883351231003,.331582572862225,.00998535491575545,.21725450276271,.194562733105182
P01,30.501829,SO,100,24,5669.863281,8004.307129,-112.996582,-.005046,-.541899,27.7782,9,12.2,"{""type"":""M"",""msg"":""FADE0"",""time"":30.4447,""dist"":0.557357}",5.375604,14.375604,0,12.4,6.8,.038837,6.8,9,.004353,-.009399,-.005046,-.00748781481481482,.00122793113435558,-.541899,.038837,-.311181666666667,.162169240446807,7.393707,1.617878,.038837,1.617878,1.56708,1.617878,1,1.95885,0,.0147271876441372,.39276516324245,-.0711942977052426,1.82616371151543,.880890270577133,-.786039121144047,.00108883351231003,.331582572862225,.00998535491575545,.21725450276271,.194562733105182
P01,32.108822,SO,100,25,5652.019043,7964.829102,-114.569588,-.002197,-1.013429,27.7782,7.2,9.3,"{""type"":""M"",""msg"":""FADE0"",""time"":32.0874,""dist"":0.601717}",6.887617,14.087617,0,14.1,18.4,-.094347,14.1,7.2,.008708,-.010905,-.002197,-.00754126086956522,.00209071515102153,-1.013429,-.094347,-.60264752173913,.273705726419904,5.375604,-.541899,.094347,-.541899,3.13488,.541899,1,3.9186,0,.65599079384096,.356649178977521,1.03131874004939,-.252058948506973,.0241475305663671,.0139170456413346,.00108883351231003,.331582572862225,.00998535491575545,.21725450276271,.194562733105182
P01,33.200115,SO,100,26,5660.510742,7978.644531,-112.995689,-.005534,1.092227,27.7778,.1,4.9,"{""type"":""M"",""msg"":""FADE0"",""time"":33.1428,""dist"":0.584641}",6.377903,6.477903,0,16.7,21.4,-.271455,16.7,.1,.004882,-.008748,-.003866,-.00634953125,.00139905370477663,-.355942,1.092227,.061994921875,.457245235724902,6.887617,-1.013429,.271455,-1.013429,1.75752,1.013429,1,2.1969,0,.439814717465289,-.59767275598696,.0627274926442873,.658687758334299,.666040516480316,.298832940660786,.00108883351231003,.331582572862225,.00998535491575545,.21725450276271,.194562733105182
P01,30.495405,SO,100,27,5674.496094,8011.856934,-111.974983,-.006877,.821656,27.7775,1.9,8.1,"{""type"":""M"",""msg"":""FADE0"",""time"":30.4578,""dist"":0.549227}",5.052093,6.952093,0,10,14.1,.118858,10,1.9,.003866,-.008423,-.004557,-.00634690196078431,.00116765113377073,.03742,.821656,.24523337254902,.244905713358505,6.377903,1.092227,.118858,1.092227,1.39176,1.092227,1,1.7397,0,-.122477869788795,-.538205354407767,-.194483356117759,.81088384131031,.449652270200593,-.43537340419703,.00108883351231003,.331582572862225,.00998535491575545,.21725450276271,.194562733105182
P01,30.705534,SO,100,28,5667.124512,7997.524902,-113.578598,-.007894,-.411601,27.7778,37,7.7,"{""type"":""M"",""msg"":""FADE0"",""time"":30.6386,""dist"":0.564491}",5.667582,13.367582,0,20.1,12.1,.404178,12.1,7.7,.00236,-.009399,-.007039,-.00817649122807017,.000860993365720396,-.411601,.404178,.049040649122807,.233946986843364,5.052093,.821656,.404178,.821656,.8496,.821656,1,1.062,0,.138558705766095,.266350753249281,-.575742744144965,.288283694518484,-.113192189241603,-.205249027450551,.00108883351231003,.331582572862225,.00998535491575545,.21725450276271,.194562733105182
P01,31.022835,SO,100,29,5669.365723,8002.198242,-112.802391,-.008219,-.172166,27.7776,26.5,35,"{""type"":""M"",""msg"":""FADE0"",""time"":30.9992,""dist"":0.560513}",5.476485,31.976485,0,18.4,22.9,.097779,18.4,26.5,.00354,-.008748,-.005208,-.00676343636363636,.00119799789407526,-.337519,.097779,-.216580909090909,.112252353329001,5.667582,-.411601,.097779,-.411601,1.2744,.411601,1,1.593,0,.0575120802718738,2.60006320532387,-.277013608771723,-.503725808320779,.148100585362313,.485124102788888,.00108883351231003,.331582572862225,.00998535491575545,.21725450276271,.194562733105182
P01,30.911013,SO,100,30,5667.142578,7992.740234,-113.190926,-.007039,1.504905,27.7781,-2.52962,10.1,"{""type"":""M"",""msg"":""FADE0"",""time"":30.8839,""dist"":0.569939}",5.76309,3.23347,3.23347,5.6,11.7,-.205256,5.6,-2.52962,.004558,-.011597,-.007039,-.00940434482758621,.00107210361426012,-.205256,1.504905,.892930655172414,.527701833198015,5.476485,-.172166,.205256,-.172166,1.64088,.172166,1,2.0511,1,.179064841957151,-1.00455185530957,-.0192964394412469,-.966187661760729,.0669744151976403,-.917538764999178,.00108883351231003,.331582572862225,.00998535491575545,.21725450276271,.194562733105182
P01,29.950979,SO,100,31,5664.459473,7995.585938,-114.502373,-.008748,1.63865,27.7779,1.6,-1.624201,"{""type"":""M"",""msg"":""FADE0"",""time"":29.8647,""dist"":0.566709}",5.675014,4.050813,4.050813,11.1,7.1,.311762,7.1,-1.624201,.00472,-.011759,-.007039,-.00944354385964912,.00143315188446125,-1.821763,1.87023,-.30978547368421,.901796174459599,5.76309,1.504905,.311762,1.504905,1.6992,1.504905,1,2.124,1,.141710709830382,-.902050190557161,.0217155266015202,1.60795959361842,.188646477030354,-.753164210180264,.00108883351231003,.331582572862225,.00998535491575545,.21725450276271,.194562733105182
P01,31.377121,SO,100,32,5673.194336,8010.597656,-112.820862,-.007568,.089905,27.7778,20.4,26.9,"{""type"":""M"",""msg"":""FADE0"",""time"":31.3388,""dist"":0.550806}",5.064453,25.464453,0,29.9,19.3,.126716,19.3,20.4,.001872,-.008911,-.007039,-.00834780392156863,.000613305112308966,.089905,.152448,.126649058823529,.016432915112556,5.675014,1.63865,.126716,1.63865,.67392,1.63865,1,.8424,0,-.117235839348189,1.78339979605637,-.699284962841696,1.86628423533047,.151255683017765,.583748835680237,.00108883351231003,.331582572862225,.00998535491575545,.21725450276271,.194562733105182
P01,29.880636,SO,100,33,5668.003418,7997.625488,-112.61393,-.004557,.374705,27.7777,3.4,7,"{""type"":""M"",""msg"":""FADE0"",""time"":29.856,""dist"":0.56516}",5.570921,8.970921,0,49.7,54.2,.097064,49.7,3.4,.00468,-.009237,-.004557,-.00709032142857143,.00141281924607429,-.029978,.374705,.0837934285714286,.10254317927512,5.064453,.089905,.097064,.089905,1.6848,.089905,1,2.106,0,.0975635678680804,-.285027397480546,.0115891152329356,-1.12507243017731,-.107945013915797,3.91507314667689,.00108883351231003,.331582572862225,.00998535491575545,.21725450276271,.194562733105182
P01,31.448767,SO,100,34,5658.209961,7977.336914,-114.239189,-.006063,-.502911,27.7782,12.6,16.3,"{""type"":""M"",""msg"":""FADE0"",""time"":31.402,""dist"":0.587033}",6.282248,18.882248,0,9.2,12.2,-.199083,9.2,12.6,.007243,-.011597,-.004354,-.00774926984126984,.00218512671225078,-.502911,-.163159,-.277393285714286,.0869040643864531,5.570921,.374705,.199083,.374705,2.60748,.374705,1,3.25935,0,.39924623673744,.957936104262845,.660438923674987,-.574989376907328,.10706521204778,-.523039833433785,.00108883351231003,.331582572862225,.00998535491575545,.21725450276271,.194562733105182
P01,30.777576,SO,100,35,5666.1875,7996.547852,-113.59024,-.005697,-.88694,27.778,13.3,16.5,"{""type"":""M"",""msg"":""FADE0"",""time"":30.7652,""dist"":0.567164}",5.770393,19.070393,0,10.5,6.6,-.032452,6.6,13.3,.005411,-.011108,-.005697,-.00857575862068966,.00139894379093212,-.88694,-.029477,-.370943810344828,.269006077289105,6.282248,-.502911,.032452,-.502911,1.94796,.502911,1,2.43495,0,.182162135509558,.981531064658714,.196649282993817,-.327363155251671,.40904397280659,-.807955728453235,.00108883351231003,.331582572862225,.00998535491575545,.21725450276271,.194562733105182
P01,31.518005,SO,100,36,5655.841309,7971.185547,-114.217834,-.004557,-.149078,27.7779,7,10.2,"{""type"":""M"",""msg"":""FADE0"",""time"":31.4972,""dist"":0.594323}",6.681276,13.681276,0,17.5,10.7,-.022553,10.7,7,.00468,-.009237,-.004557,-.00792607462686567,.00101203643055509,-.168827,-.022553,-.114755805970149,.044971932599506,5.770393,-.88694,.022553,-.88694,1.6848,.88694,1,2.106,0,.568478997469991,.305690610840085,.0115891152329356,.4143778730637,.191746810477309,-.358665278614871,.00108883351231003,.331582572862225,.00998535491575545,.21725450276271,.194562733105182
P01,31.911062,SO,100,37,5657.979492,7975.134277,-114.265129,-.005046,.184145,27.7783,7.7,11.5,"{""type"":""M"",""msg"":""FADE0"",""time"":31.8801,""dist"":0.589644}",6.600351,14.300351,0,7.9,11.1,.022269,7.9,7.7,.008911,-.013102,-.004191,-.00780016666666667,.00258804276854052,-.033348,.281518,.097290303030303,.110264038934099,6.681276,-.149078,.022269,-.149078,3.20796,.149078,1,4.00995,0,.53415769379636,.383327806126022,1.08271027774496,-1.01078147332638,.578442830080484,-.66549778094351,.00108883351231003,.331582572862225,.00998535491575545,.21725450276271,.194562733105182
P01,31.8517,SO,100,38,5651.251465,7964.767578,-115.043167,-.008219,-1.695297,27.7777,6.2,-2.031536,"{""type"":""M"",""msg"":""FADE0"",""time"":31.8039,""dist"":0.601321}",6.995907,4.964371,4.964371,47.2,10,-.097003,10,-2.031536,.004029,-.010417,-.006388,-.0081647,.00100084354783671,-1.695297,-.097003,-.829871728571429,.471176924653264,6.600351,.184145,.097003,.184145,1.45044,.184145,1,1.81305,1,.701917935945594,-.787482358144237,-.153218229790777,-.943050565921119,.544087841145146,-.43537340419703,.00108883351231003,.331582572862225,.00998535491575545,.21725450276271,.194562733105182
P01,30.896372,SO,100,39,5656.095215,7972.878418,-114.692406,-.009074,-.621284,27.778,9.6,3,"{""type"":""M"",""msg"":""FADE0"",""time"":30.8806,""dist"":0.592925}",6.680914,9.680914,0,23.8,31.1,.108866,23.8,3,.004029,-.011597,-.007568,-.00847071641791045,.00111395534437958,-.621284,.108866,-.147946686567164,.196648166675781,6.995907,-1.695297,.108866,-1.695297,1.45044,1.695297,1,1.81305,0,.56832546874673,-.195988322743803,-.153218229790777,1.97569629543786,.712012734605836,1.07687250013698,.00108883351231003,.331582572862225,.00998535491575545,.21725450276271,.194562733105182
P01,31.445093,SO,100,40,5644.728516,7951.642578,-115.855255,-.006551,1.620464,27.7779,2.8,-2.738338,"{""type"":""M"",""msg"":""FADE0"",""time"":31.3928,""dist"":0.615896}",7.495437,4.757099,4.757099,11.8,6.8,.168783,6.8,-2.738338,.00354,-.010091,-.006551,-.00846078666666667,.00102984457359631,-1.837688,1.869217,-.500221093333333,.921212605963292,6.680914,-.621284,.168783,-.621284,1.2744,.621284,1,1.593,1,.913774850670202,-.813476004699674,-.277013608771723,-.0987290918221502,.578289150673692,-.786039121144047,.00108883351231003,.331582572862225,.00998535491575545,.21725450276271,.194562733105182
P01,31.067753,SO,100,41,5649.798828,7964.947754,-115.41494,-.006388,.651467,27.7778,-.918009,-3.55131,"{""type"":""M"",""msg"":""FADE0"",""time"":31.0178,""dist"":0.601651}",6.992062,3.440752,3.440752,9.4,5.5,.30134,5.5,-3.55131,.006225,-.011108,-.004883,-.00829035714285714,.00174098079167383,-1.859305,1.830886,-.0796189,1.04422969579285,7.495437,1.620464,.30134,1.620464,2.241,1.620464,1,2.80125,1,.70028722340157,-.978556954670289,.402721754344512,1.83115849654267,.924077580115495,-.928497068653772,.00108883351231003,.331582572862225,.00998535491575545,.21725450276271,.194562733105182
P01,31.187265,SO,100,42,5686.364746,8046.104004,-111.888908,-.008423,-.999469,27.7778,9.4,.8,"{""type"":""M"",""msg"":""FADE0"",""time"":31.0959,""dist"":0.511462}",3.749273,4.549273,0,10.1,5.4,.085677,5.4,.8,.002522,-.009399,-.006877,-.00790878947368421,.000546729992053231,-.999469,.085677,-.473711078947368,.32995889378948,6.992062,.651467,.085677,.651467,.90792,.651467,1,1.1349,0,-.675020110778353,-.839539127499812,-.534730778102198,-.0404314907096226,.710380421569613,-.939455372308367,.00108883351231003,.331582572862225,.00998535491575545,.21725450276271,.194562733105182
P01,31.716162,SO,100,43,5652.317871,7967.429688,-115.40966,-.009237,-1.834525,27.7778,2.8,-1.61488,"{""type"":""M"",""msg"":""FADE0"",""time"":31.7014,""dist"":0.599431}",6.775482,5.160602,5.160602,12,7.5,.184691,7.5,-1.61488,.002197,-.009928,-.007731,-.00903672058823529,.000667284893968874,-1.834525,.184691,-.600908676470588,.610194832645253,3.749273,-.999469,.184691,-.999469,.79092,.999469,1,.98865,1,.608432939192303,-.762873345555852,-.617007870471947,.631724417661375,-.666276732766302,-.709330995561887,.00108883351231003,.331582572862225,.00998535491575545,.21725450276271,.194562733105182
P01,28.747852,SO,100,44,5675.072266,8020.793945,-113.653358,-.008586,1.652524,27.7777,1.5,-1.515827,"{""type"":""M"",""msg"":""FADE0"",""time"":28.6544,""dist"":0.539102}",4.75468,3.238853,3.238853,8.4,5.2,.231835,5.2,-1.515827,.003866,-.011597,-.007731,-.0096715,.00129653474323889,-1.848106,1.840302,-.453079979166667,.909834358652038,6.775482,-1.834525,.231835,-1.834525,1.39176,1.834525,1,1.7397,1,-.248614439322137,-1.00387678197883,-.194483356117759,2.24461119480821,.618435985318573,-.961371979617555,.00108883351231003,.331582572862225,.00998535491575545,.21725450276271,.194562733105182
P01,28.858107,SO,100,45,5681.834961,8034.714844,-112.37513,-.007568,-1.035279,27.778,37.2,.6,"{""type"":""M"",""msg"":""FADE0"",""time"":28.7956,""dist"":0.524492}",4.259407,4.859407,0,25.3,9.2,-.032165,9.2,.6,.001831,-.009399,-.007568,-.00834609302325581,.000717430627605454,-1.035279,-.032165,-.489724744186047,.295161753111271,4.75468,1.652524,.032165,1.652524,.65916,1.652524,1,.82395,0,-.458665907154701,-.800645723755824,-.709664534494495,1.89308146946344,-.23945255778316,-.523039833433785,.00108883351231003,.331582572862225,.00998535491575545,.21725450276271,.194562733105182
P01,27.479633,SO,100,46,5691.414063,8056.750488,-110.794579,-.0059,-.107466,27.7777,8.1,12.3,"{""type"":""M"",""msg"":""FADE0"",""time"":27.4344,""dist"":0.501045}",3.347786,11.447786,0,13.5,18.3,.096355,13.5,8.1,.002522,-.008219,-.005697,-.0068095294117647,.00083041881493596,-.124492,.096355,-.0525098235294118,.0667652841062337,4.259407,-1.035279,.096355,-1.035279,.90792,1.035279,1,1.1349,0,-.845295764136588,.0255922394001305,-.534730778102198,.700890408313053,-.449710184412401,-.051832776286231,.00108883351231003,.331582572862225,.00998535491575545,.21725450276271,.194562733105182
P01,28.136137,SO,100,47,5679.721191,8028.654785,-112.715874,-.006226,-.742019,27.7779,19.3,2.6,"{""type"":""M"",""msg"":""FADE0"",""time"":28.0857,""dist"":0.531288}",4.446606,7.046606,0,9.3,6.2,.381458,6.2,2.6,.005371,-.011597,-.006226,-.00895544444444444,.00121300977204255,-.742019,.381458,-.115459466666667,.340436018355112,3.347786,-.107466,.381458,-.107466,1.93356,.107466,1,2.41695,0,-.379272472166748,-.526352631816708,.186522871625233,-1.09115386101132,-.836719506231632,-.851788943071613,.00108883351231003,.331582572862225,.00998535491575545,.21725450276271,.194562733105182
P01,29.58559,SO,100,48,5664.34082,7997.991211,-115.307808,-.006063,.562846,27.7783,-.507974,-2.53969,"{""type"":""M"",""msg"":""FADE0"",""time"":29.5138,""dist"":0.564916}",5.6844,3.14471,3.14471,8,4.7,.015209,4.7,-2.53969,.008056,-.014119,-.006063,-.0104951228070175,.00168852882997274,-1.860491,1.805624,-.272289210526316,.993190776339063,4.446606,-.742019,.015209,-.742019,2.90016,.742019,1,3.6252,1,.14569142971028,-1.01568310346783,.866258234741467,.134467107042145,-.370238827307598,-1.01616349789053,.00108883351231003,.331582572862225,.00998535491575545,.21725450276271,.194562733105182
P01,29.509094,SO,100,49,5678.349121,8011.974609,-108.388634,.000326,.652849,27.779,-2.2318,-1.01123,"{""type"":""M"",""msg"":""FADE0"",""time"":29.4776,""dist"":0.548025}",4.967548,2.735748,2.735748,4.2,6.3,.104594,4.2,-2.2318,.004516,-.002848,.001668,-.00062076,.00113074657584072,-1.872789,1.751629,.15238224,.856810019808205,5.6844,.562846,.104594,.562846,1.62576,.562846,1,2.0322,1,-.158334460695031,-1.06697036697957,-.0299291713782608,-.211600417197821,.155240309846892,-1.0709550161635,.00108883351231003,.331582572862225,.00998535491575545,.21725450276271,.194562733105182
P01,28.397539,SO,100,50,5698.342773,8074.547852,-110.328766,-.007243,.129151,27.7778,15.4,22.1,"{""type"":""M"",""msg"":""FADE0"",""time"":28.3171,""dist"":0.480909}",2.642031,18.042031,0,14.6,21.7,.196021,14.6,15.4,.001505,-.008748,-.007243,-.00808218518518519,.00057415141644243,.129151,.196021,.17165062962963,.0194408976054014,4.967548,.652849,.196021,.652849,.5418,.652849,1,.67725,0,-1.14461527818272,.852565848136261,-.792194787148459,-.0377621972418588,-.149083972244854,.0687085639143059,.00108883351231003,.331582572862225,.00998535491575545,.21725450276271,.194562733105182
P01,29.468119,SO,100,51,5686.128418,8042.178711,-111.228935,-.007406,.226686,27.7775,9.5,17.2,"{""type"":""M"",""msg"":""FADE0"",""time"":29.4537,""dist"":0.517369}",3.94253,13.44253,0,12.5,18.2,.030132,12.5,9.5,.001342,-.008219,-.006877,-.007394325,.00048681015030081,.0273,.226686,.0894348,.0579545888137804,2.642031,.129151,.030132,.129151,.48312,.129151,1,.6039,0,-.593057402294511,.275749860808608,-.833459913475441,-1.04926990381272,-1.13633279280635,-.161415812832174,.00108883351231003,.331582572862225,.00998535491575545,.21725450276271,.194562733105182
P01,27.990505,SO,100,52,5684.174316,8039.46582,-112.258286,-.006551,-.614566,27.7778,21.2,3.9,"{""type"":""M"",""msg"":""FADE0"",""time"":27.9428,""dist"":0.519742}",4.052719,7.952719,0,15.6,9.7,.338936,9.7,3.9,.002686,-.009237,-.006551,-.00886863414634146,.000651037431953707,-.614566,.338936,-.0590395609756098,.290425610305208,3.94253,.226686,.338936,.226686,.96696,.226686,1,1.2087,0,-.546324870561503,-.412718464822197,-.493212491491001,-.86088384131031,-.584233580505857,-.468248315160813,.00108883351231003,.331582572862225,.00998535491575545,.21725450276271,.194562733105182
P01,29.553751,SO,100,53,5686.927246,8044.973145,-111.363731,-.007039,-.053251,27.7778,12.9,18.7,"{""type"":""M"",""msg"":""FADE0"",""time"":29.5481,""dist"":0.514752}",3.841803,16.741803,0,25.8,33.8,.051852,25.8,12.9,.001709,-.008748,-.007039,-.00780605128205128,.000569483974577815,-.054014,.051852,-.00496561538461538,.0335936843426945,4.052719,-.614566,.051852,-.614566,.61524,.614566,1,.76905,0,-.635776981597988,.68950635590633,-.740550089168678,-.111704716653146,-.537455182287805,1.29603857322886,.00108883351231003,.331582572862225,.00998535491575545,.21725450276271,.194562733105182
P01,28.599569,SO,100,54,5677.831543,8025.867676,-113.052734,-.007039,-1.452431,27.7782,6.2,-.708063,"{""type"":""M"",""msg"":""FADE0"",""time"":28.5335,""dist"":0.534161}",4.554197,3.846134,3.846134,10.6,5.5,-.013421,5.5,-.708063,.002889,-.009928,-.007039,-.00878721739130435,.000773433123246778,-1.452431,-.013421,-.653369043478261,.417825018203445,3.841803,-.053251,.013421,-.053251,1.04004,.053251,1,1.30005,1,-.333641784696255,-.927718653173049,-.441820953795435,-1.19586858268629,-.626995087709932,-.928497068653772,.00108883351231003,.331582572862225,.00998535491575545,.21725450276271,.194562733105182
P01,27.663889,SO,100,55,5690.044434,8055.887695,-112.432808,-.010905,-1.110391,27.778,3.3,0,"{""type"":""M"",""msg"":""FADE0"",""time"":27.5938,""dist"":0.501621}",3.339813,3.339813,3.339813,8.3,5.5,.355487,5.5,0,.002197,-.012451,-.010254,-.0111312647058824,.000669813556547462,-1.110391,.355487,-.220094088235294,.456295995029766,4.554197,-1.452431,.355487,-1.452431,.79092,1.452431,1,.98865,1,-.848677213060775,-.991215551536529,-.617007870471947,1.50660756364198,-.32456335477696,-.928497068653772,.00108883351231003,.331582572862225,.00998535491575545,.21725450276271,.194562733105182
P01,30.911177,SO,100,56,5677.999023,8022.093262,-112.533966,-.010417,.138879,27.7775,10.3,6.3,"{""type"":""M"",""msg"":""FADE0"",""time"":30.8886,""dist"":0.538879}",4.755122,11.055122,0,23.4,16.5,.377013,16.5,6.3,.003174,-.010417,-.007243,-.00873908333333333,.000761189462067835,.138879,.406941,.319969875,.0869521206004788,3.339813,-1.110391,.377013,-1.110391,1.14264,1.110391,1,1.4283,0,-.24842698159926,-.0236511182701962,-.369670272794271,.845967087727431,-.840104273939775,.276916333351597,.00108883351231003,.331582572862225,.00998535491575545,.21725450276271,.194562733105182
P01,28.899078,SO,100,57,5681.098145,8030.179688,-111.994858,-.009237,-.022333,27.7778,16.1,9.7,"{""type"":""M"",""msg"":""FADE0"",""time"":28.8195,""dist"":0.528595}",4.361072,14.061072,0,48.1,53,.004252,48.1,9.7,.002889,-.009766,-.006877,-.00820831818181818,.000726732309653487,-.022333,.041591,.015251,.0200425136171345,4.755122,.138879,.004252,.138879,1.04004,.138879,1,1.30005,0,-.415548510330732,.353320213425907,-.441820953795435,-1.03048055008305,-.239264916076525,3.73974028820339,.00108883351231003,.331582572862225,.00998535491575545,.21725450276271,.194562733105182
P01,29.203121,SO,100,58,5673.883301,8023.84668,-115.835381,-.011271,-.648205,27.778,-1.118788,-2.333309,"{""type"":""M"",""msg"":""FADE0"",""time"":29.1154,""dist"":0.536991}",4.663824,2.330515,2.330515,6.1,3.9,.466801,3.9,-2.333309,.003703,-.014974,-.011271,-.0133204042553191,.000856535962329724,-1.757736,1.870688,-.0169060638297872,.913120923472409,4.361072,-.022333,.466801,-.022333,1.33308,.022333,1,1.66635,1,-.287147604185546,-1.1177899826276,-.235748482444741,-1.25558581527408,-.406550469242663,-1.10382992712728,.00108883351231003,.331582572862225,.00998535491575545,.21725450276271,.194562733105182
P01,27.868322,SO,100,59,5688.445313,8049.939453,-111.98188,-.006226,-.453493,27.7778,19.8,4.8,"{""type"":""M"",""msg"":""FADE0"",""time"":27.8451,""dist"":0.509171}",3.548008,8.348008,0,12.5,8.2,.393649,8.2,4.8,.004353,-.010579,-.006226,-.00935863888888889,.000836579810991593,-.453493,.393649,.0404555833333333,.258549452324571,4.663824,-.648205,.393649,-.648205,1.56708,.648205,1,1.95885,0,-.760379112123715,-.363145910144035,-.0711942977052426,-.0467319503998145,-.278023541715307,-.632622869979727,.00108883351231003,.331582572862225,.00998535491575545,.21725450276271,.194562733105182
P01,29.784334,SO,100,60,5673.083984,8012.411133,-113.117058,-.008057,-.717083,27.778,16.1,3.1,"{""type"":""M"",""msg"":""FADE0"",""time"":29.703,""dist"":0.548072}",5.06607,8.16607,0,15.6,9.9,.276914,9.9,3.1,.002522,-.009399,-.006877,-.00855688235294118,.000815776946157682,-.717083,.276914,-.14620768627451,.315668941808312,3.548008,-.453493,.276914,-.453493,.90792,.453493,1,1.1349,0,-.116550049443459,-.385962460700806,-.534730778102198,-.422812608645266,-.751719511241071,-.446331707851625,.00108883351231003,.331582572862225,.00998535491575545,.21725450276271,.194562733105182
P01,29.883577,SO,100,61,5664.743164,7991.931641,-113.24556,-.005371,-.376304,27.7777,7.8,11.3,"{""type"":""M"",""msg"":""FADE0"",""time"":29.7848,""dist"":0.569645}",5.870577,13.670577,0,12.8,8.3,.275426,8.3,7.8,.005737,-.009928,-.004191,-.00754635593220339,.00172006199530125,-.418868,.275426,-.102587338983051,.241539163770214,5.06607,-.717083,.275426,-.717083,2.06532,.717083,1,2.58165,0,.224651421728143,.30434886654034,.279179535647781,.0863039363387029,-.107258550930213,-.621664566325133,.00108883351231003,.331582572862225,.00998535491575545,.21725450276271,.194562733105182
P02,30.104856,SO,100,1,5650.641602,7962.228516,-116.181915,-.008219,-1.216334,27.7784,3.5,-.101911,"{""type"":""M"",""msg"":""FADE0"",""time"":30.0112,""dist"":0.602759}",6.979558,6.877647,6.877647,20.6,14.1,.22802,14.1,-.101911,.011271,-.015137,-.003866,-.0100208142857143,.00288945551409066,-1.216334,.240346,-.0678569428571428,.389185104918473, , ,.22802, ,4.05756, , ,5.07195,1,.694984120761656,-.547541506958358,1.68016854849145, , ,.0139170456413346,.00161624003928225,.342910286194202,.00471111857724859,.266884223904472,.272040064059642
P02,28.061901,SO,100,2,5673.732422,8009.597168,-111.880959,-.007243,.990694,27.7779,.7,7,"{""type"":""M"",""msg"":""FADE0"",""time"":28.0238,""dist"":0.551721}",5.159826,5.859826,0,35.8,42.5,.158395,35.8,.7,.003703,-.007894,-.004191,-.00643848076923077,.00104473427506964,.121679,.990694,.386288807692308,.261636923911448,6.979558,-1.216334,.158395,-1.216334,1.33308,1.216334,1,1.66635,0,-.0767869583439847,-.675184793705729,-.235748482444741,1.05059296171824,.70507211410409,2.39186893868829,.00161624003928225,.342910286194202,.00471111857724859,.266884223904472,.272040064059642
P02,29.442295,SO,100,3,5662.171875,7988.894043,-115.39463,-.01359,-1.563548,27.7778,1.9,-.505587,"{""type"":""M"",""msg"":""FADE0"",""time"":29.4065,""dist"":0.575267}",5.970692,5.465105,5.465105,23.7,15.7,.284098,15.7,-.505587,.007731,-.015137,-.007406,-.0106845166666667,.0020904826990367,-1.563548,.285573,-.226036933333333,.537559242218604,5.159826,.990694,.284098,.990694,2.78316,.990694,1,3.47895,1,.26711144418456,-.724686116421815,.783981142371718,.614775756171051,-.0674564336287426,.189249904114843,.00161624003928225,.342910286194202,.00471111857724859,.266884223904472,.272040064059642
P02,26.95443,SO,100,4,5681.460449,8034.06543,-113.031418,-.010905,-1.154696,27.7776,3.7,0,"{""type"":""M"",""msg"":""FADE0"",""time"":26.9506,""dist"":0.527043}",4.255423,4.255423,4.255423,9.3,6.1,.286694,6.1,0,.002685,-.011759,-.009074,-.0102179069767442,.000754322806166264,-1.154696,.286694,-.265731651162791,.444741294247399,5.970692,-1.563548,.286694,-1.563548,.9666,1.563548,1,1.20825,1,-.460355571335556,-.876390381119766,-.493465651775216,1.72122687063005,.276779494181468,-.862747246726207,.00161624003928225,.342910286194202,.00471111857724859,.266884223904472,.272040064059642
P02,26.941608,SO,100,5,5681.048828,8032.041992,-113.060455,-.010579,-.783605,27.7776,4.6,1,"{""type"":""M"",""msg"":""FADE0"",""time"":26.929,""dist"":0.528853}",4.262643,5.262643,0,11.6,8.1,.2177,8.1,1,.006551,-.013794,-.007243,-.0107411627906977,.00150302813283927,-.783605,.247028,-.0616216511627907,.327004430598125,4.255423,-1.154696,.2177,-1.154696,2.35836,1.154696,1,2.94795,0,-.457293479120251,-.750076548650513,.485252006998475,.931540927878858,-.451401506944602,-.643581173634321,.00161624003928225,.342910286194202,.00471111857724859,.266884223904472,.272040064059642
P02,26.334417,SO,100,6,5693.73877,8061.993652,-110.811188,-.009237,.200334,27.7779,16.2,10.3,"{""type"":""M"",""msg"":""FADE0"",""time"":26.2385,""dist"":0.494032}",3.14789,13.44789,0,6,9.6,.418622,6,10.3,.005697,-.009237,-.00354,-.00774890625,.00164777802215051,.200334,.418622,.307951125,.068259779940077,4.262643,-.783605,.418622,-.783605,2.05092,.783605,1,2.56365,0,-.930074155476027,.276422049746511,.269053124279196,.214789276470815,-.448336409383736,-.873705550380801,.00161624003928225,.342910286194202,.00471111857724859,.266884223904472,.272040064059642
P02,29.903879,SO,100,7,5658.822266,7979.619141,-117.995178,-.020313,-.943246,27.7784,1.4,.2,"{""type"":""M"",""msg"":""FADE0"",""time"":29.8426,""dist"":0.584552}",6.377825,6.577825,0,16,9,.209203,9,.2,.0263,-.030654,-.004354,-.012521890625,.00946071982414773,-.943246,.721494,.22560565625,.338064993281499,3.14789,.200334,.209203,.200334,9.468,.200334,1,11.835,0,.439781636690664,-.585141699447185,5.48491445995286,-.911781975508943,-.921581104850331,-.544956440742973,.00161624003928225,.342910286194202,.00471111857724859,.266884223904472,.272040064059642
P02,26.719913,SO,100,8,5686.336914,8042.801758,-111.207878,-.005046,.193086,27.778,5.4,9.3,"{""type"":""M"",""msg"":""FADE0"",""time"":26.7181,""dist"":0.517171}",3.851776,9.251776,0,12.2,8.3,.338783,8.3,5.4,.006876,-.011759,-.004883,-.00745458974358974,.00191275916328589,.135337,.338783,.216140717948718,.0739753693930582,6.377825,-.943246,.338783,-.943246,2.47536,.943246,1,3.0942,0,-.631547307683411,-.249805825809857,.567529099368225,.523131301425426,.449619156958246,-.621664566325133,.00161624003928225,.342910286194202,.00471111857724859,.266884223904472,.272040064059642
P02,29.608337,SO,100,9,5650.744141,7964.241211,-115.684319,-.009562,1.799553,27.7779,2.1,-1.619371,"{""type"":""M"",""msg"":""FADE0"",""time"":29.576,""dist"":0.602681}",7.092571,5.4732,5.4732,37.5,14.2,.279231,14.2,-1.619371,.005371,-.012085,-.006714,-.00868932394366197,.00166603725541133,-1.840796,1.854636,-.512547028169014,.696413868151792,3.851776,.193086,.279231,.193086,1.93356,.193086,1,2.41695,1,.742914346181095,-.723670935553843,.186522871625233,-.925781280179241,-.622761262505704,.0248753492959288,.00161624003928225,.342910286194202,.00471111857724859,.266884223904472,.272040064059642
P02,30.772354,SO,100,10,5651.884277,7962.058105,-114.629341,-.007894,.014236,27.7779,23.2,29.8,"{""type"":""M"",""msg"":""FADE0"",""time"":30.7542,""dist"":0.60453}",6.96941,30.16941,0,16.4,20.9,.11675,16.4,23.2,.004883,-.009766,-.004883,-.00736431428571429,.00153266791682713,-.139417,.11675,-.0230726285714286,.0688152478025104,7.092571,1.799553,.11675,1.799553,1.75788,1.799553,1,2.19735,0,.69068022716042,2.37344084992051,.062980652928502,2.17706377718546,.753049381506614,.265958029697003,.00161624003928225,.342910286194202,.00471111857724859,.266884223904472,.272040064059642
P02,31.697231,SO,100,11,5632.260254,7923.358398,-118.562378,-.016805,-1.199099,27.7776,1.9,0,"{""type"":""M"",""msg"":""FADE0"",""time"":31.6953,""dist"":0.648439}",8.60807,8.60807,8.60807,7.1,9.5,-.082741,7.1,0,.015137,-.016805,-.001668,-.00971552325581395,.00474751712874088,-1.199099,.282349,-.165489279069767,.309347724533133,6.96941,.014236,.082741,.014236,5.44932,.014236,1,6.81165,1,1.38565640853617,-.330531955000552,2.65888620726514,-1.27122493915865,.700763996368955,-.753164210180264,.00161624003928225,.342910286194202,.00471111857724859,.266884223904472,.272040064059642
P02,27.979269,SO,100,12,5664.895508,7995.541504,-114.553123,-.009237,-1.694546,27.7777,2.7,-1.0124,"{""type"":""M"",""msg"":""FADE0"",""time"":27.897,""dist"":0.566845}",5.783335,4.770935,4.770935,12.7,8.6,.404102,8.6,-1.0124,.002848,-.012085,-.009237,-.00977951724137931,.000900039574985247,-1.694546,.404102,-.398232362068965,.648662863767734,7.193457,-.597394,.404102,-.597394,1.02528,.597394,1,1.2816,1,.187650999422367,-.811740854299519,-.452200525448234,-.144871943446518,.795878388781628,-.58878965536135,.00161624003928225,.342910286194202,.00471111857724859,.266884223904472,.272040064059642
P02,28.590176,SO,100,13,5664.511719,7988.783203,-112.783157,-.004028,.675219,27.7777,1.9,5.6,"{""type"":""M"",""msg"":""FADE0"",""time"":28.5192,""dist"":0.573484}",5.877972,7.777972,0,18.8,2.9,-.394418,2.9,1.9,.01592,-.009399,.006521,-.00514847457627119,.00468604663301127,-.854291,.675219,-.249350169491525,.474257676313246,5.783335,-1.694546,.394418,-1.694546,5.7312,1.694546,1,7.164,0,.227787733630108,-.434633203690075,2.85711070980518,1.97424576042029,.197241061534474,-1.21341296367322,.00161624003928225,.342910286194202,.00471111857724859,.266884223904472,.272040064059642
P02,27.969604,SO,100,14,5668.002441,7995.799805,-112.212173,-.005534,1.102035,27.7777,.1,4.6,"{""type"":""M"",""msg"":""FADE0"",""time"":27.9518,""dist"":0.567194}",5.671081,5.771081,0,18.7,13.3,.331347,13.3,.1,.009888,-.012085,-.002197,-.00669815789473684,.00264629119030952,.175636,1.102035,.416567245614035,.251515703614909,5.877972,.675219,.331347,.675219,3.55968,.675219,1,4.4496,0,.140042675386781,-.686314160738238,1.33004787542264,.00544481786224749,.23741718866297,-.0737493835954194,.00161624003928225,.342910286194202,.00471111857724859,.266884223904472,.272040064059642
P02,28.627956,SO,100,15,5660.589355,7987.119141,-115.043861,-.009237,1.454625,27.7779,.9,-2.025892,"{""type"":""M"",""msg"":""FADE0"",""time"":28.5596,""dist"":0.576666}",6.029291,4.003399,4.003399,21.3,12.8,.326405,12.8,-2.025892,.004516,-.013102,-.008586,-.0096917,.00100948460251351,-1.843505,1.8445,-.308975266666667,.95486844810359,5.671081,1.102035,.326405,1.102035,1.62576,1.102035,1,2.0322,1,.291964012290475,-.907996303673161,-.0299291713782608,.829827712751574,.149586011451714,-.128540901868391,.00161624003928225,.342910286194202,.00471111857724859,.266884223904472,.272040064059642
P02,28.89126,SO,100,16,5661.785645,7985.939453,-114.114357,-.008911,-.708252,27.7777,10.3,2.8,"{""type"":""M"",""msg"":""FADE0"",""time"":28.791,""dist"":0.57636}",6.07053,8.87053,0,56,17.1,.15081,17.1,2.8,.003336,-.009562,-.006226,-.00839281967213115,.000765670087966454,-.708252,.15081,-.225780737704918,.25645713572375,6.029291,1.454625,.15081,1.454625,1.20096,1.454625,1,1.5012,0,.309453987479809,-.297617270552388,-.328658306751503,1.51084521188241,.301656454288009,.342666155279163,.00161624003928225,.342910286194202,.00471111857724859,.266884223904472,.272040064059642
P02,27.15321,SO,100,17,5678.474121,8021.864746,-111.627037,-.008911,.682793,27.7776,4.2,1000000,"{""type"":""M"",""msg"":""FADE0"",""time"":27.0645,""dist"":0.537112}",4.758622,8.958622,0,27.7,15.5,.093303,15.5,4.2,.004354,-.009074,-.00472,-.0067716875,.0009168568452785,.0788,.682793,.238072958333333,.187269019807603,6.07053,-.708252,.093303,-.708252,1.56744,.708252,1,1.9593,0,-.246942587866079,-.28656979519459,-.070941137421028,.0692471124502646,.319163595328533,.167333296805654,.00161624003928225,.342910286194202,.00471111857724859,.266884223904472,.272040064059642
P02,28.114639,SO,100,18,5672.832031,8010.9375,-112.920204,-.009562,-.377629,27.7775,11.4,5.5,"{""type"":""M"",""msg"":""FADE0"",""time"":28.1105,""dist"":0.551684}",5.05924,10.55924,0,21.5,13.9,.379423,13.9,5.5,.004557,-.011108,-.006551,-.00827682352941177,.0016459475776085,-.377629,.379423,-.0155243137254902,.262797120729622,4.758622,.682793,.379423,.682793,1.64052,.682793,1,2.05065,0,-.119446737785639,-.0858388785137556,-.0195495997254616,.0200737822072855,-.237779065458376,-.00799956166785386,.00161624003928225,.342910286194202,.00471111857724859,.266884223904472,.272040064059642
P02,29.687971,SO,100,19,5658.963867,7978.578613,-114.061394,-.009237,-.315234,27.7778,14.5,7.5,"{""type"":""M"",""msg"":""FADE0"",""time"":29.6177,""dist"":0.585024}",6.372923,13.872923,0,27.7,34.3,.251013,27.7,7.5,.004028,-.009399,-.005371,-.007773765625,.000796359190359127,-.315234,.251013,-.12501640625,.177738457419948,5.05924,-.377629,.251013,-.377629,1.45008,.377629,1,1.8126,0,.43770263723922,.329724751396502,-.153471390074992,-.569341754548615,-.110158082279343,1.50424634266615,.00161624003928225,.342910286194202,.00471111857724859,.266884223904472,.272040064059642
P02,29.000664,SO,100,20,5663.069824,7977.103027,-110.820679,-.005208,.348501,27.7786,-2.531609,-1.013298,"{""type"":""M"",""msg"":""FADE0"",""time"":28.9713,""dist"":0.586115}",6.402695,3.871086,3.871086,14.7,18.4,.183997,14.7,-2.531609,.005209,-.005697,-.000488,-.003184765625,.00112610787413837,-1.872262,1.773297,.075989328125,.822236863211106,6.372923,-.315234,.183997,-.315234,1.87524,.315234,1,2.34405,1,.450329314446156,-.924589463177047,.145510905582466,-.68985591223394,.447538117035342,.0796668675689002,.00161624003928225,.342910286194202,.00471111857724859,.266884223904472,.272040064059642
P02,26.557642,SO,100,21,5680.974121,8028.643555,-111.457466,-.009766,.447962,27.7776,21.6,16.9,"{""type"":""M"",""msg"":""FADE0"",""time"":26.5118,""dist"":0.531142}",4.34622,21.24622,0,6.9,9.5,.105917,6.9,16.9,.007731,-.009766,-.002035,-.00565604545454545,.00180830112941125,-.12831,.447962,.04772875,.171870914761987,6.402695,.348501,.105917,.348501,2.78316,.348501,1,3.47895,0,-.421847429109363,1.2543980124557,.783981142371718,-.625601653339514,.460177186922062,-.775080817489453,.00161624003928225,.342910286194202,.00471111857724859,.266884223904472,.272040064059642
P02,29.47179,SO,100,22,5659.585938,7977.58252,-112.726173,-.005534,.683441,27.7778,1.4,5,"{""type"":""M"",""msg"":""FADE0"",""time"":29.4579,""dist"":0.587387}",6.401859,7.801859,0,13.4,17.8,.019885,13.4,1.4,.006551,-.007894,-.001343,-.005841046875,.00168353686114894,-.334067,.683441,-.08219746875,.261108754457381,4.34622,.447962,.019885,.447962,2.35836,.447962,1,2.94795,0,.449974756400173,-.431637573622967,.485252006998475,-.433495576930506,-.41285557020859,-.0627910799408252,.00161624003928225,.342910286194202,.00471111857724859,.266884223904472,.272040064059642
P02,27.36507,SO,100,23,5674.446289,8014.881836,-112.606255,-.006877,-.398917,27.7779,14.4,19.2,"{""type"":""M"",""msg"":""FADE0"",""time"":27.3371,""dist"":0.546847}",4.96373,19.36373,0,10.5,14.1,.077799,10.5,14.4,.005209,-.009237,-.004028,-.00727066,.00128891806566593,-.398917,.077799,-.20996122,.133290516547891,6.401859,.683441,.077799,.683441,1.87524,.683441,1,2.34405,0,-.159953722201684,1.01831798377771,.145510905582466,.0213253756711862,.459822280888699,-.380581885924059,.00161624003928225,.342910286194202,.00471111857724859,.266884223904472,.272040064059642
P02,26.49848,SO,100,24,5684.656738,8040.118652,-112.213608,-.010905,-.405592,27.7776,6.8,2.9,"{""type"":""M"",""msg"":""FADE0"",""time"":26.4079,""dist"":0.517824}",4.075323,6.975323,0,9.7,6.3,.255554,6.3,2.9,.004557,-.011108,-.006551,-.00899665853658537,.00105711171618131,-.405592,.255554,-.00669256097560974,.192868269027729,4.96373,-.398917,.255554,-.398917,1.64052,.398917,1,2.05065,0,-.536738231720122,-.535292117648906,-.0195495997254616,-.5282245914938,-.15070482300488,-.840830639417018,.00161624003928225,.342910286194202,.00471111857724859,.266884223904472,.272040064059642
P02,26.560719,SO,100,25,5680.925781,8030.530762,-112.812775,-.012777,-.3291,27.7774,5.3,2.4,"{""type"":""M"",""msg"":""FADE0"",""time"":26.5164,""dist"":0.529416}",4.36031,6.76031,0,6.4,10.3,.230508,6.4,2.4,.007894,-.012777,-.004883,-.00968045454545455,.00160348602004835,-.3291,.230508,.0815052954545454,.159843143478526,3.372355,1.261599,.230508,1.261599,2.84184,1.261599,1,3.5523,0,-.41587168405207,-.5622565505044,.8252462686987,1.13802101440878,-.826289259420976,-.829872335762424,.00161624003928225,.342910286194202,.00471111857724859,.266884223904472,.272040064059642
P02,29.792847,SO,100,26,5654.077148,7963.282715,-113.663612,-.007039,1.518175,27.7779,-1.010756,4.8,"{""type"":""M"",""msg"":""FADE0"",""time"":29.7304,""dist"":0.601353}",6.979065,5.968309,5.968309,10.2,14.9,.284394,10.2,-1.010756,.005371,-.009562,-.004191,-.00670968571428571,.00120159652905355,.184485,1.518175,.541167671428571,.420088777562647,4.36031,-.3291,.284394,-.3291,1.93356,.3291,1,2.41695,1,.694775033301525,-.661580115991067,.186522871625233,-.663074129872137,-.406873960148671,-.413456796887842,.00161624003928225,.342910286194202,.00471111857724859,.266884223904472,.272040064059642
P02,25.669786,SO,100,27,5688.945801,8052.958984,-112.14328,-.011922,-1.078911,27.7776,3.9,.2,"{""type"":""M"",""msg"":""FADE0"",""time"":25.6417,""dist"":0.50605}",3.472549,3.672549,0,7.2,4.4,.290933,4.4,.2,.003825,-.012248,-.008423,-.00923302857142857,.00112213264618326,-1.078911,.290933,-.354624714285714,.412514553864008,6.979065,1.518175,.290933,1.518175,1.377,1.518175,1,1.72125,0,-.792382216898612,-.949487667498792,-.204862927770558,1.63359021902886,.704862821431305,-1.04903840885431,.00161624003928225,.342910286194202,.00471111857724859,.266884223904472,.272040064059642
P02,26.11965,SO,100,28,5686.336426,8041.907715,-110.292236,-.006226,.537706,27.7775,1.9,5.8,"{""type"":""M"",""msg"":""FADE0"",""time"":26.081,""dist"":0.517032}",3.858271,5.758271,0,15.6,18.5,.202833,15.6,1.9,.008556,-.006226,.00233,-.00257974358974359,.00259442845057542,-.292629,.537706,-.0392223076923077,.241253315003475,3.472549,-1.078911,.202833,-1.078911,3.08016,1.078911,1,3.8502,0,-.628792697027122,-.687920642136474,.992838376848773,.785164368215707,-.783754026039609,.178291600460249,.00161624003928225,.342910286194202,.00471111857724859,.266884223904472,.272040064059642
P02,27.292591,SO,100,29,5677.787109,8024.305664,-113.10099,-.010742,-.905223,27.7778,5,.8,"{""type"":""M"",""msg"":""FADE0"",""time"":27.2626,""dist"":0.536717}",4.588854,5.388854,0,11.1,7,.212204,7,.8,.004028,-.010742,-.006714,-.00934113043478261,.00106306279962288,-.905223,.212204,-.258226173913043,.325842087778476,3.858271,.537706,.212204,.537706,1.45008,.537706,1,1.8126,0,-.318943317950292,-.734248631105412,-.153471390074992,-.260157608065824,-.620003948287168,-.764122513834858,.00161624003928225,.342910286194202,.00471111857724859,.266884223904472,.272040064059642
P02,27.191067,SO,100,30,5675.88623,8023.368164,-114.794014,-.014282,1.406613,27.778,.4,-1.115017,"{""type"":""M"",""msg"":""FADE0"",""time"":27.1507,""dist"":0.537998}",4.692206,3.577189,3.577189,7.7,11.3,.30338,7.7,-1.115017,.009725,-.014282,-.004557,-.0120284893617021,.00231451361096001,-1.871644,1.765562,-.267633191489362,.844481958470647,4.588854,-.905223,.30338,-.905223,3.501,.905223,1,4.37625,1,-.27511044334693,-.961446610991046,1.28878274909566,.449690964576815,-.309850461956051,-.687414388252699,.00161624003928225,.342910286194202,.00471111857724859,.266884223904472,.272040064059642
P02,25.944881,SO,100,31,5690.4375,8051.609863,-109.682381,-.003215,.846159,27.7777,.7,3.7,"{""type"":""M"",""msg"":""FADE0"",""time"":25.9196,""dist"":0.506979}",3.547924,4.247924,0,9.5,13,.113514,9.5,.7,.002197,-.00472,-.002523,-.00340344444444444,.000611170840948255,-.022223,.846159,.204888583333333,.256519661242272,4.692206,1.406613,.113514,1.406613,.79092,1.406613,1,.98865,0,-.760414737573311,-.877330818590911,-.617007870471947,1.41811140727006,-.265974566788366,-.490164922470002,.00161624003928225,.342910286194202,.00471111857724859,.266884223904472,.272040064059642
P02,26.361761,SO,100,32,5688.140625,8051.224609,-112.267731,-.010091,-1.207326,27.7776,4,-.101343,"{""type"":""M"",""msg"":""FADE0"",""time"":26.3545,""dist"":0.508581}",3.541349,3.440006,3.440006,12.1,6.6,.28029,6.6,-.101343,.001668,-.010091,-.008423,-.00924469444444444,.000448018227910073,-1.207326,.28029,-.398186805555556,.451985925327695,3.547924,.846159,.28029,.846159,.60048,.846159,1,.7506,1,-.763203277229216,-.978650509324706,-.750929660821477,.335610538107931,-.751755171655907,-.807955728453235,.00161624003928225,.342910286194202,.00471111857724859,.266884223904472,.272040064059642
P02,26.479511,SO,100,33,5683.832031,8039.078125,-112.280022,-.008219,-.790984,27.7777,9.8,1.8,"{""type"":""M"",""msg"":""FADE0"",""time"":26.4063,""dist"":0.519602}",3.986002,5.786002,0,13,16.7,.148422,13,1.8,.005574,-.011108,-.005534,-.008076825,.00154862418488981,-.790984,.148422,-.336211625,.264421246846933,3.541349,-1.207326,.148422,-1.207326,2.00664,1.207326,1,2.5083,0,-.574620383903408,-.684442942241511,.237914409320799,1.0331942673929,-.754546448174286,-.106624294559202,.00161624003928225,.342910286194202,.00471111857724859,.266884223904472,.272040064059642
P02,28.079889,SO,100,34,5678.353516,8020.653809,-111.480385,-.007039,1.033094,27.7776,.5,6.7,"{""type"":""M"",""msg"":""FADE0"",""time"":28.0448,""dist"":0.539783}",4.672432,5.172432,0,7.2,10.6,.297886,7.2,.5,.003215,-.007243,-.004028,-.00583236170212766,.000795915071543493,.190585,1.033094,.431109127659574,.260296499882648,3.986002,-.790984,.297886,-.790984,1.1574,.790984,1,1.44675,0,-.28349684382691,-.761389764373874,-.359290701141472,.229041603893846,-.565778466770955,-.74220590652567,.00161624003928225,.342910286194202,.00471111857724859,.266884223904472,.272040064059642
P02,27.606781,SO,100,35,5674.887695,8022.130859,-113.891182,-.008219,.96934,27.778,-.204773,-2.132559,"{""type"":""M"",""msg"":""FADE0"",""time"":27.5709,""dist"":0.539619}",4.788605,2.656046,2.656046,5.8,3.6,.285756,3.6,-2.132559,.007202,-.014445,-.007243,-.00954108333333333,.00138519209564738,-1.853634,1.820072,-.146788833333333,1.06974648958187,4.672432,1.033094,.285756,1.033094,2.59272,1.033094,1,3.2409,1,-.234226422922656,-1.07696566599613,.650059352022188,.696670143315177,-.274369198252157,-1.13670483809106,.00161624003928225,.342910286194202,.00471111857724859,.266884223904472,.272040064059642
P02,27.858892,SO,100,36,5689.228027,8048.427246,-110.363518,-.009766,.854784,27.7776,1.6,23.3,"{""type"":""M"",""msg"":""FADE0"",""time"":27.8495,""dist"":0.510659}",3.649631,5.249631,0,4,5.8,.06957,4,1.6,.014456,-.009766,.00469,-.00487356756756757,.00269756292832109,.003733,.854784,.275445864864865,.272952706325673,4.788605,.96934,.06957,.96934,5.20416,.96934,1,6.5052,0,-.717279528024544,-.751708362542304,2.48648405371499,.573531116004172,-.225050420005819,-1.09287162347269,.00161624003928225,.342910286194202,.00471111857724859,.266884223904472,.272040064059642
P02,27.390804,SO,100,37,5678.018066,8024.170898,-112.209129,-.006063,-.623546,27.7779,11.3,15.1,"{""type"":""M"",""msg"":""FADE0"",""time"":27.3153,""dist"":0.535491}",4.593818,15.893818,0,16.5,9.2,.116564,9.2,11.3,.003865,-.008748,-.004883,-.00751523913043478,.00139467760009708,-.623546,.116564,-.294816130434783,.249939857076023,3.649631,.854784,.116564,.854784,1.3914,.854784,1,1.73925,0,-.316838023524146,.583161927453322,-.194736516401974,.352269478889018,-.708577626278751,-.523039833433785,.00161624003928225,.342910286194202,.00471111857724859,.266884223904472,.272040064059642
P02,27.687519,SO,100,38,5681.568848,8031.08252,-112.36937,-.010905,.069716,27.7774,8.6,4.9,"{""type"":""M"",""msg"":""FADE0"",""time"":27.6772,""dist"":0.529593}",4.246757,9.146757,0,6.9,10.4,.299892,6.9,4.9,.006917,-.011108,-.004191,-.0083423023255814,.00195035336889649,.069716,.299892,.202476162790698,.0447011827056331,4.593818,-.623546,.299892,-.623546,2.49012,.623546,1,3.11265,0,-.464030930218914,-.26297608888256,.577908671021024,-.0943601035268667,-.307743101250769,-.775080817489453,.00161624003928225,.342910286194202,.00471111857724859,.266884223904472,.272040064059642
P02,27.278667,SO,100,39,5676.102539,8020.020508,-112.602119,-.008586,-.83076,27.5571,13.6,3.1,"{""type"":""M"",""msg"":""FADE0"",""time"":27.1878,""dist"":0.53964}",4.781129,7.881129,0,12.4,15.9,.000257,12.4,3.1,.003377,-.008748,-.005371,-.00738364583333333,.000720732709022291,-.83076,.000257,-.502207833333333,.244478201639723,4.246757,.069716,.000257,.069716,1.21572,.069716,1,1.51965,0,-.237397087936732,-.421696451028263,-.318278735098704,-1.16406690616912,-.455080473075139,-.172374116486768,.00161624003928225,.342910286194202,.00471111857724859,.266884223904472,.272040064059642
P02,28.575298,SO,100,40,5666.021973,7996.632324,-113.909744,-.008423,-1.078931,27.1731,7.7,.3,"{""type"":""M"",""msg"":""FADE0"",""time"":28.5524,""dist"":0.567039}",5.676584,5.976584,0,8.4,5.7,.202241,5.7,.3,.008382,-.013265,-.004883,-.00913015789473684,.00138671973929066,-1.078931,.206907,-.309570087719298,.414558585626166,4.781129,-.83076,.202241,-.83076,3.01752,.83076,1,3.7719,0,.142376566447838,-.660542361613986,.948788487395431,.305867810097733,-.228224196926184,-.906580461344584,.00161624003928225,.342910286194202,.00471111857724859,.266884223904472,.272040064059642
P02,26.660519,SO,100,41,5680.320801,8029.649414,-112.52169,-.008423,-.554899,27.7776,11.7,3.5,"{""type"":""M"",""msg"":""FADE0"",""time"":26.5914,""dist"":0.529781}",4.361174,7.861174,0,14.6,9.3,.27966,9.3,3.5,.000975999999999999,-.009399,-.008423,-.00879645454545454,.00037724746393929,-.554899,.27966,-.0734937727272727,.258275445669736,5.676584,-1.078931,.27966,-1.078931,.35136,1.078931,1,.4392,0,-.415505250856222,-.42419897532973,-.926116577497989,.785202997643605,.151922193152192,-.51208152977919,.00161624003928225,.342910286194202,.00471111857724859,.266884223904472,.272040064059642
P02,28.968689,SO,100,42,5654.037598,7969.063965,-114.845291,-.008219,-.932665,27.7778,11.7,1.3,"{""type"":""M"",""msg"":""FADE0"",""time"":28.9047,""dist"":0.595976}",6.710382,8.010382,0,26.3,13.6,.435264,13.6,1.3,0,-.008219,-.008219,-.008219,0,-.932665,.435264,-.213534820895522,.404430801021668,4.361174,-.554899,.435264,-.554899,0,.554899,1,0,0,.580823215755128,-.405487041179225,-1.17320101489145,-.22694982037316,-.406507167310363,-.0408744726316367,.00161624003928225,.342910286194202,.00471111857724859,.266884223904472,.272040064059642
P02,29.490484,SO,100,43,5655.354492,7972.230469,-115.153091,-.009237,-1.040212,27.7779,5.4,.3,"{""type"":""M"",""msg"":""FADE0"",""time"":29.4195,""dist"":0.592312}",6.590923,6.890923,0,25.8,35.7,.199805,25.8,.3,.002685,-.010579,-.007894,-.00925465151515152,.000624603270821364,-1.040212,.208332,-.142788560606061,.381504383896543,6.710382,-.932665,.199805,-.932665,.9666,.932665,1,1.20825,0,.530159161191664,-.545876585253207,-.493465651775216,.502694402595897,.590799163821008,1.29603857322886,.00161624003928225,.342910286194202,.00471111857724859,.266884223904472,.272040064059642
P02,28.346321,SO,100,44,5664.791992,7989.619141,-113.187943,-.006388,.59104,27.7778,4.4,10.3,"{""type"":""M"",""msg"":""FADE0"",""time"":28.266,""dist"":0.572362}",5.966432,10.366432,0,6.9,12.3,.327099,6.9,4.4,.002522,-.008748,-.006226,-.00778443333333333,.00114169055985555,.327099,.59104,.458227233333333,.0524875343930013,6.590923,-1.040212,.327099,-1.040212,.90792,1.040212,1,1.1349,0,.265304724955031,-.110018618203924,-.534730778102198,.710418356704137,.540085384108602,-.775080817489453,.00161624003928225,.342910286194202,.00471111857724859,.266884223904472,.272040064059642
P02,28.506804,SO,100,45,5658.883789,7979.212402,-114.322517,-.008219,-.650968,27.7777,17.9,4.1,"{""type"":""M"",""msg"":""FADE0"",""time"":28.4699,""dist"":0.585497}",6.405053,10.505053,0,17.7,26.4,.266886,17.7,4.1,.001994,-.009237,-.007243,-.00848396875,.000750607668508528,-.650968,.266886,-.109244265625,.302778965603007,5.966432,.59104,.266886,.59104,.71784,.59104,1,.8973,0,.451329371709825,-.0926343826141621,-.668399408167513,-.157144512689767,.274971001714808,.408415977206728,.00161624003928225,.342910286194202,.00471111857724859,.266884223904472,.272040064059642
P02,29.675207,SO,100,46,5651.898438,7960.413574,-115.067749,-.012085,.70455,27.7776,8.7,6,"{""type"":""M"",""msg"":""FADE0"",""time"":29.6185,""dist"":0.604944}",7.083973,13.083973,0,7.3,11.7,-.003623,7.3,6,.006022,-.012085,-.006063,-.00883329577464789,.00145085676554398,-.003623,.782057,.481501169014085,.254725491446043,6.405053,-.650968,.003623,-.650968,2.16792,.650968,1,2.7099,0,.739267826947411,.230783806889228,.351330216648945,-.041395294935682,.461178225709947,-.731247602871076,.00161624003928225,.342910286194202,.00471111857724859,.266884223904472,.272040064059642
P02,29.085278,SO,100,47,5655.427734,7967.866211,-114.101028,-.008423,.8424,27.7777,14.5,34.7,"{""type"":""M"",""msg"":""FADE0"",""time"":28.9865,""dist"":0.595552}",6.78122,21.28122,0,13.1,19.6,-.176407,13.1,14.5,.00118,-.008423,-.007243,-.00786655882352941,.000508310176264569,-.176407,.8424,.295999411764706,.324534366461189,7.083973,.70455,.176407,.70455,.4248,.70455,1,.531,0,.61086649668973,1.2587873058935,-.874471879518208,.0620968053463128,.749399283330945,-.0956659909046081,.00161624003928225,.342910286194202,.00471111857724859,.266884223904472,.272040064059642
P02,29.469675,SO,100,48,5649.539551,7955.079102,-114.191864,-.006877,.814145,27.7776,1.9,8.1,"{""type"":""M"",""msg"":""FADE0"",""time"":29.4159,""dist"":0.610828}",7.293795,9.193795,0,56.6,16,.11749,16,1.9,.001342,-.008219,-.006877,-.00702790410958904,.000307845071260761,-.015888,.814145,.19415302739726,.23738683393549,6.78122,.8424,.11749,.8424,.48312,.8424,1,.6039,0,.828255958914153,-.257077129318921,-.833459913475441,.328350137134469,.620871931274841,.222124815078626,.00161624003928225,.342910286194202,.00471111857724859,.266884223904472,.272040064059642
P03,25.464109,SO,100,1,5710.621094,8110.864746,-109.756325,-.010417,-.442625,27.7779,6.2,2.4,"{""type"":""M"",""msg"":""FADE0"",""time"":25.4106,""dist"":0.443368}",1.31604,3.71604,0,8.2,4.6,-.003329,4.6,2.4,.000488000000000001,-.010905,-.010417,-.0105795714285714,.000211571669721094,-.442625,-.003329,-.203757142857143,.142000149545889,2.23313,.324842,.003329,.324842,.17568,.324842,1,.2196,0,-1.70698462979844,-.944033531472978,-1.04965879619472,-.671298335071658,-1.30992302240967,-1.02712180154512,.00191691429598454,.185070350916283,.0442555389802162,.242280176798022,.20036603134667
P03,24.542942,SO,100,2,5712.097168,8113.984375,-108.847778,-.006551,-.032698,27.7779,11.8,16.8,"{""type"":""M"",""msg"":""FADE0"",""time"":24.4467,""dist"":0.438779}",1.136696,12.936696,0,17.4,10.7,.016178,10.7,11.8,.002523,-.009074,-.006551,-.0084195,.000945810523019566,-.032698,.016178,-.0047865,.0167701543306175,1.31604,-.442625,.016178,-.442625,.90828,.442625,1,1.13535,0,-1.78304666113664,.212314036328105,-.534477617817983,-.443803839765133,-1.69925409195194,-.358665278614871,.00191691429598454,.185070350916283,.0442555389802162,.242280176798022,.20036603134667
P03,26.057814,SO,100,3,5708.765625,8104.780273,-109.425659,-.008911,-.21192,27.7776,13.5,6.5,"{""type"":""M"",""msg"":""FADE0"",""time"":26.0446,""dist"":0.450835}",1.518736,8.018736,0,14.6,8.5,-.038136,8.5,6.5,.000326,-.009237,-.008911,-.0090841875,.000151379531311205,-.21192,-.038136,-.11369525,.055671414933818,1.136696,-.032698,.038136,-.032698,.11736,.032698,1,.1467,0,-1.62101872347245,-.404439379539813,-1.09067076223749,-1.23556611426585,-1.77539077574087,-.599747959015944,.00191691429598454,.185070350916283,.0442555389802162,.242280176798022,.20036603134667
P03,24.698551,SO,100,4,5709.290527,8104.817871,-109.346649,-.014119,.273339,27.7771,7,4.6,"{""type"":""M"",""msg"":""FADE0"",""time"":24.6758,""dist"":0.450408}",1.515695,6.115695,0,32.5,26.9,.043143,26.9,4.6,.006225,-.015462,-.009237,-.013814,.00156654932893925,.043143,.291844,.2213243125,.081905250776507,1.518736,-.21192,.043143,-.21192,2.241,.21192,1,2.80125,0,-1.62230844957034,-.643096675916095,.402721754344512,-.889403947927531,-1.61320381283872,1.4165799134294,.00191691429598454,.185070350916283,.0442555389802162,.242280176798022,.20036603134667
P03,25.360992,SO,100,5,5704.408691,8092.601074,-110.214798,-.010905,-.30945,27.7779,7,3.2,"{""type"":""M"",""msg"":""FADE0"",""time"":25.2824,""dist"":0.462008}",1.948961,5.148961,0,14.6,8.1,.108138,8.1,3.2,.001994,-.010905,-.008911,-.00950315,.000786209378500476,-.30945,.108138,-.07992515,.128229969041347,1.515695,.273339,.108138,.273339,.71784,.273339,1,.8973,0,-1.43855492522731,-.764333224553265,-.668399408167513,-.770774906323637,-1.61449480476152,-.643581173634321,.00191691429598454,.185070350916283,.0442555389802162,.242280176798022,.20036603134667
P03,26.429884,SO,100,6,5699.728516,8080.341309,-111.202385,-.014445,-.580529,27.7774,4,1.4,"{""type"":""M"",""msg"":""FADE0"",""time"":26.383,""dist"":0.475979}",2.322512,3.722512,0,12.4,7.5,-.037899,7.5,1.4,.004517,-.014445,-.009928,-.0121035416666667,.00168276656210427,-.580529,-.037899,-.212104833333333,.168128083232803,1.948961,-.30945,.037899,-.30945,1.62612,.30945,1,2.03265,0,-1.28012727853484,-.943221888412136,-.029676011094046,-.701027542782091,-1.43056093221215,-.709330995561887,.00191691429598454,.185070350916283,.0442555389802162,.242280176798022,.20036603134667
P03,25.718252,SO,100,7,5700.604004,8082.309082,-110.7453,-.008586,-.42244,27.7779,9,3.1,"{""type"":""M"",""msg"":""FADE0"",""time"":25.6956,""dist"":0.474539}",2.425913,5.525913,0,8.9,5.8,.303808,5.8,3.1,.003336,-.011922,-.008586,-.00998052,.00158089887722144,-.42244,.303808,-.0076324,.233095594880977,2.322512,-.580529,.303808,-.580529,1.20096,.580529,1,1.5012,0,-1.23627362241921,-.71706028341136,-.328658306751503,-.177446208521652,-1.27197779385213,-.89562215768999,.00191691429598454,.185070350916283,.0442555389802162,.242280176798022,.20036603134667
P03,25.972385,SO,100,8,5697.533691,8074.730469,-111.006882,-.005697,-.706099,27.778,16.8,2.8,"{""type"":""M"",""msg"":""FADE0"",""time"":25.9573,""dist"":0.482871}",2.642648,5.442648,0,8.1,5,.047593,5,2.8,.006551,-.012085,-.005534,-.00962696296296296,.00149504508502848,-.706099,.047593,-.270401333333333,.23758076634937,2.425913,-.42244,.047593,-.42244,2.35836,.42244,1,2.94795,0,-1.14435360077319,-.727502412499893,.485252006998475,-.482790589871364,-1.22808109677579,-.983288586926744,.00191691429598454,.185070350916283,.0442555389802162,.242280176798022,.20036603134667
P03,26.162567,SO,100,9,5702.771484,8089.625,-110.421494,-.004883,-.856314,27.7785,13.8,1.8,"{""type"":""M"",""msg"":""FADE0"",""time"":26.113,""dist"":0.466087}",2.027197,3.827197,0,6.5,3.6,.054248,3.6,1.8,.007365,-.012248,-.004883,-.00807019047619048,.00313788984221957,-.856314,.054248,-.40060619047619,.294822621152723,2.642648,-.706099,.054248,-.706099,2.6514,.706099,1,3.31425,0,-1.40537406005326,-.930093511739668,.69132447834917,.0650886545370264,-1.13607085856881,-1.13670483809106,.00191691429598454,.185070350916283,.0442555389802162,.242280176798022,.20036603134667
P03,25.351023,SO,100,10,5701.919434,8085.991699,-110.435211,-.009399,-.431442,27.778,8.6,3.3,"{""type"":""M"",""msg"":""FADE0"",""time"":25.3069,""dist"":0.469995}",2.22715,5.52715,0,10.4,6.4,-.022851,6.4,3.3,.001506,-.010905,-.009399,-.0101281304347826,.000582571829699045,-.431442,-.022851,-.17849147826087,.131538713498716,2.027197,-.856314,.022851,-.856314,.54216,.856314,1,.6777,0,-1.32057149430159,-.71690515324043,-.791941626864244,.355224630123228,-1.3973475010803,-.829872335762424,.00191691429598454,.185070350916283,.0442555389802162,.242280176798022,.20036603134667
P03,25.11525,SO,100,11,5701.787598,8084.844727,-109.545601,-.0059,-.149433,27.7775,7.1,11.2,"{""type"":""M"",""msg"":""FADE0"",""time"":25.054,""dist"":0.470631}",2.227757,9.327757,0,9.7,13.1,-.165895,9.7,7.1,.000854,-.0059,-.005046,-.00567891304347826,.000321021935393756,-.237594,-.149433,-.209166782608696,.0270349895656394,2.22715,-.431442,.165895,-.431442,.30744,.431442,1,.3843,0,-1.32031405801701,-.240277171389922,-.957002132172171,-.465403484374396,-1.31246170432296,-.468248315160813,.00191691429598454,.185070350916283,.0442555389802162,.242280176798022,.20036603134667
P03,24.932442,SO,100,12,5702.286621,8084.824707,-109.925316,-.015788,.319642,27.7765,6.7,4.5,"{""type"":""M"",""msg"":""FADE0"",""time"":24.9061,""dist"":0.471458}",2.239918,6.739918,0,6.4,10.2,-.201707,6.4,4.5,.010091,-.015788,-.005697,-.010116,.00428294130030032,-.201707,.319642,.0919413043478261,.180591538366265,2.227757,-.149433,.201707,-.149433,3.63276,.149433,1,4.54095,0,-1.31515642596295,-.564813878269648,1.3814394131182,-1.01009580098119,-1.3122040153729,-.829872335762424,.00191691429598454,.185070350916283,.0442555389802162,.242280176798022,.20036603134667
P03,26.633514,SO,100,13,5698.477051,8074.508789,-110.162384,-.010742,.271456,27.7776,12,8.3,"{""type"":""M"",""msg"":""FADE0"",""time"":26.604,""dist"":0.48229}",2.626821,10.926821,0,6.1,9.5,-.252456,6.1,8.3,.005696,-.010742,-.005046,-.0091297037037037,.00214121597040299,-.252456,.271456,.0561416296296296,.171992620242209,2.239918,.319642,.252456,.319642,2.05056,.319642,1,2.5632,0,-1.15106602923463,-.0397411393377263,.268799963994982,-.681341986325183,-1.30704132126795,-.862747246726207,.00191691429598454,.185070350916283,.0442555389802162,.242280176798022,.20036603134667
P03,26.57449,SO,100,14,5689.680664,8055.951172,-112.210007,-.010742,-1.4683,27.7776,3,-.607775,"{""type"":""M"",""msg"":""FADE0"",""time"":26.4746,""dist"":0.500829}",3.370272,2.762497,2.762497,9,4.6,-.092425,4.6,-.607775,.001505,-.010742,-.009237,-.00975367647058823,.000635367358333469,-1.4683,-.092425,-.706224705882353,.411023030261819,2.626821,.271456,.092425,.271456,.5418,.271456,1,.67725,1,-.83575917056964,-1.06361581811763,-.792194787148459,-.77441186696025,-1.14278987506408,-1.02712180154512,.00191691429598454,.185070350916283,.0442555389802162,.242280176798022,.20036603134667
P03,25.626957,SO,100,15,5703.054199,8089.824707,-110.020584,-.001668,-.650215,27.7781,7.1,9.2,"{""type"":""M"",""msg"":""FADE0"",""time"":25.6112,""dist"":0.466789}",2.024355,9.124355,0,8,4.3,-.034695,4.3,7.1,.009074,-.010742,-.001668,-.0069677619047619,.00272455197977139,-.650215,-.034695,-.353928523809524,.198594469642943,3.370272,-1.4683,.034695,-1.4683,3.26664,1.4683,1,4.0833,0,-1.4065793877646,-.265785487499522,1.12397540407194,1.53725808320779,-.827173552803149,-1.0599967125089,.00191691429598454,.185070350916283,.0442555389802162,.242280176798022,.20036603134667
P03,27.201696,SO,100,16,5698.495117,8076.640137,-110.459854,-.008057,-.453,27.7778,46.9,7.8,"{""type"":""M"",""msg"":""FADE0"",""time"":27.1179,""dist"":0.478787}",2.538951,10.338951,0,16.6,8.3,-.038103,8.3,7.8,.00118,-.008586,-.007406,-.00791446153846154,.000530158635185298,-.453,-.038103,-.252369653846154,.129938042056033,2.024355,-.650215,.038103,-.650215,.4248,.650215,1,.531,0,-1.18833279418739,-.113464966002903,-.874471879518208,-.0428496928960482,-1.39855401178224,-.621664566325133,.00191691429598454,.185070350916283,.0442555389802162,.242280176798022,.20036603134667
P03,25.153603,SO,100,17,5699.712402,8078.76709,-110.452644,-.010091,-.041949,27.7777,9.9,5.5,"{""type"":""M"",""msg"":""FADE0"",""time"":25.0969,""dist"":0.477212}",2.436608,7.936608,0,18.6,12,.130873,12,5.5,.001017,-.010091,-.009074,-.0093636,.000417036669051215,-.041949,.131003,.07764156,.0541032644024986,2.538951,-.453,.130873,-.453,.36612,.453,1,.45765,0,-1.2317377392831,-.41473891929581,-.91573700584519,-.423764824042956,-1.18009321615457,-.216207331105145,.00191691429598454,.185070350916283,.0442555389802162,.242280176798022,.20036603134667
P03,26.159704,SO,100,18,5697.974609,8073.874023,-110.386719,-.010579,.016523,27.7776,10.6,6.5,"{""type"":""M"",""msg"":""FADE0"",""time"":26.1185,""dist"":0.482772}",2.735126,9.235126,0,9.2,13.9,-.138431,9.2,6.5,.004191,-.010579,-.006388,-.00885889285714286,.00113622455850703,-.138431,.024621,-.0342859642857143,.0550170109885096,2.436608,-.041949,.138431,-.041949,1.50876,.041949,1,1.88595,0,-1.10513252544257,-.251893875402411,-.11220626374801,-1.21769807239155,-1.22354076181548,-.523039833433785,.00191691429598454,.185070350916283,.0442555389802162,.242280176798022,.20036603134667
P03,29.096952,SO,100,19,5686.319824,8046.355957,-112.131821,-.007731,-1.137641,27.7778,7.9,0,"{""type"":""M"",""msg"":""FADE0"",""time"":29.0321,""dist"":0.511985}",3.744051,3.744051,3.744051,9.8,5.5,.014698,5.5,0,.00236,-.010091,-.007731,-.00887889473684211,.000454785889003183,-1.137641,.014698,-.505635947368421,.349395656825986,2.735126,.016523,.014698,.016523,.8496,.016523,1,1.062,1,-.67723482622826,-.940520717230513,-.575742744144965,-1.2668076640785,-1.09681128900734,-.928497068653772,.00191691429598454,.185070350916283,.0442555389802162,.242280176798022,.20036603134667
P03,26.697796,SO,100,20,5689.476074,8051.728027,-110.528893,-.000488,-.10972,27.7779,3.6,5.8,"{""type"":""M"",""msg"":""FADE0"",""time"":26.6933,""dist"":0.507554}",3.56617,7.16617,0,13.9,8.4,.257286,8.4,3.6,.008749,-.009237,-.000488,-.00585733333333333,.00322915450234268,-.212129,.257286,-.0334701388888889,.159289475293998,3.744051,-1.137641,.257286,-1.137641,3.14964,1.137641,1,3.93705,0,-.752676380985989,-.511358303799638,1.04169831170219,.898599683238691,-.66849362188858,-.610706262670539,.00191691429598454,.185070350916283,.0442555389802162,.242280176798022,.20036603134667
P03,26.627935,SO,100,21,5685.057617,8041.602051,-112.238068,-.006714,-.577615,27.7784,23.7,3.5,"{""type"":""M"",""msg"":""FADE0"",""time"":26.5599,""dist"":0.516807}",3.950121,7.450121,0,23,32.9,-.151767,23,3.5,.006876,-.01359,-.006714,-.0098114,.00225311420721836,-.577615,-.062129,-.1819726,.148986025337398,3.56617,-.10972,.151767,-.10972,2.47536,.10972,1,3.0942,0,-.589837964343488,-.475748467772279,.567529099368225,-1.08680032448719,-.744009220119124,.989206070900224,.00191691429598454,.185070350916283,.0442555389802162,.242280176798022,.20036603134667
P03,26.944847,SO,100,22,5688.041016,8044.998535,-110.560219,-.008219,.990398,27.7778,.8,9.8,"{""type"":""M"",""msg"":""FADE0"",""time"":26.8885,""dist"":0.512942}",3.745655,4.545655,0,7.4,11.9,-.261606,7.4,.8,.005737,-.011108,-.005371,-.00731331578947368,.00156471905958214,-.261606,.990398,.333156631578947,.382918905239345,3.950121,-.577615,.261606,-.577615,2.06532,.577615,1,2.58165,0,-.676554549785968,-.839992855032897,.279179535647781,-.183074516166416,-.581010982779467,-.720289299216481,.00191691429598454,.185070350916283,.0442555389802162,.242280176798022,.20036603134667
P03,26.571363,SO,100,23,5696.165039,8069.177246,-110.247803,-.005046,-.043742,27.7781,6.4,10,"{""type"":""M"",""msg"":""FADE0"",""time"":26.516,""dist"":0.487453}",2.835479,9.235479,0,11.4,16.7,-.097049,11.4,6.4,.004842,-.009399,-.004557,-.00742234482758621,.00181646490029126,-.097049,-.043742,-.0674731724137931,.0148038801430787,3.745655,.990398,.097049,.990398,1.74312,.990398,1,2.1789,0,-1.0625715642123,-.251849606242881,.0526010812757029,.614204040638158,-.66781267777672,-.281957153032711,.00191691429598454,.185070350916283,.0442555389802162,.242280176798022,.20036603134667
P03,26.766277,SO,100,24,5690.196777,8053.597168,-111.488365,-.006063,-.127955,27.7784,13.8,17.8,"{""type"":""M"",""msg"":""FADE0"",""time"":26.6994,""dist"":0.503885}",3.44384,17.24384,0,28.4,39.4,.064344,28.4,13.8,.008219,-.014282,-.006063,-.00938905714285714,.00267589479199297,-.127955,.175174,.0886784571428571,.0843018368634372,2.835479,-.043742,.064344,-.043742,2.95884,.043742,1,3.69855,0,-.804558062523156,.752466004753023,.907523361068449,-1.21423494418048,-1.05420855555503,1.58095446824831,.00191691429598454,.185070350916283,.0442555389802162,.242280176798022,.20036603134667
P03,26.776134,SO,100,25,5689.358398,8052.25,-110.660202,-.006226,-.410004,27.7777,7.7,11.7,"{""type"":""M"",""msg"":""FADE0"",""time"":26.7121,""dist"":0.505472}",3.449531,11.149531,0,7,3.9,.054401,3.9,7.7,.008586,-.011597,-.003011,-.00527585714285714,.00215343317058321,-.549876,.054401,-.370963657142857,.186171337593807,3.44384,-.127955,.054401,-.127955,3.09096,.127955,1,3.8637,0,-.802144438313003,-.0118114381510668,1.00043318537521,-1.05157994360104,-.79594182186716,-1.10382992712728,.00191691429598454,.185070350916283,.0442555389802162,.242280176798022,.20036603134667
P03,27.861477,SO,100,26,5672.812012,8010.65918,-112.297699,-.006063,-.276697,27.7777,7.2,11.2,"{""type"":""M"",""msg"":""FADE0"",""time"":27.8345,""dist"":0.551225}",5.073376,12.273376,0,12.4,7.4,.150932,7.4,7.2,.007527,-.009562,-.002035,-.00686778431372549,.00233899040026867,-.493923,.150932,-.248527843137255,.208487734836309,3.449531,-.410004,.150932,-.410004,2.70972,.410004,1,3.38715,0,-.113451483553567,.129128147094865,.732336444391937,-.506810368138448,-.79352582876205,-.720289299216481,.00191691429598454,.185070350916283,.0442555389802162,.242280176798022,.20036603134667
P03,27.609938,SO,100,27,5676.581055,8020.542969,-111.379196,.002655,-.562692,27.7778,3.3,5,"{""type"":""M"",""msg"":""FADE0"",""time"":27.547,""dist"":0.539665}",4.677063,7.977063,0,14.2,9.5,.175796,9.5,3.3,.018118,-.012777,.005341,-.00628959574468085,.00653283463895892,-.712889,.181897,-.21509114893617,.346438506070481,5.073376,-.276697,.175796,-.276697,6.52248,.276697,1,8.1531,0,-.281532778861663,-.409665523123629,3.4135570145089,-.764289025379534,-.104156943897015,-.490164922470002,.00191691429598454,.185070350916283,.0442555389802162,.242280176798022,.20036603134667
P03,27.251009,SO,100,28,5676.921875,8023.681641,-112.478668,-.006388,-1.458301,27.7776,17.2,-1.319872,"{""type"":""M"",""msg"":""FADE0"",""time"":27.2331,""dist"":0.537862}",4.662024,3.342152,3.342152,10,6,.072417,6,-1.319872,.011067,-.010579,.000488,-.00798887234042553,.00389023584071612,-1.458301,.072417,-.660855468085106,.532803741223965,4.677063,-.562692,.072417,-.562692,3.98412,.562692,1,4.98015,1,-.287911006676897,-.9909222213265,1.62852385051167,-.211897863792637,-.272403205619972,-.873705550380801,.00191691429598454,.185070350916283,.0442555389802162,.242280176798022,.20036603134667
P03,27.063379,SO,100,29,5682.734375,8035.612793,-111.642097,-.005534,-.517909,27.7775,8.9,12.4,"{""type"":""M"",""msg"":""FADE0"",""time"":27.0211,""dist"":0.523907}",4.150436,13.050436,0,7.2,4.4,.064851,4.4,8.9,.009929,-.012777,-.002848,-.0070897380952381,.00247069435347018,-.550794,.064851,-.361997428571429,.210442153002202,4.662024,-1.458301,.064851,-1.458301,3.57444,1.458301,1,4.46805,0,-.504881869868562,.226577985917125,1.34042744707544,1.5179453007301,-.278787693461784,-1.04903840885431,.00191691429598454,.185070350916283,.0442555389802162,.242280176798022,.20036603134667
P03,27.988497,SO,100,30,5679.264648,8019.372559,-109.864883,0,-1.356578,27.7782,-1.216698,.2,"{""type"":""M"",""msg"":""FADE0"",""time"":27.9005,""dist"":0.539159}",4.769959,3.553261,3.553261,54.5,19.8,.132761,19.8,-1.216698,.01238,-.009237,.003143,-.00346154166666667,.00458254240944884,-1.804829,1.844603,.281956041666667,.840829510479041,4.150436,-.517909,.132761,-.517909,4.4568,.517909,1,5.571,1,-.242134424508057,-.964447382801896,1.96092330368545,-.298394947270831,-.495971506615338,.638540353953208,.00191691429598454,.185070350916283,.0442555389802162,.242280176798022,.20036603134667
P03,24.337275,SO,100,31,5704.658203,8093.167969,-110.083275,-.011434,-.261532,27.7782,7,3.5,"{""type"":""M"",""msg"":""FADE0"",""time"":24.2441,""dist"":0.460847}",1.928246,5.428246,0,7.1,4.6,-.091554,4.6,3.5,.005208,-.015625,-.010417,-.01195685,.0019347542010346,-.261532,-.055745,-.1182633,.064710078678998,4.769959,-1.356578,.091554,-1.356578,1.87488,1.356578,1,2.3436,0,-1.44734041556527,-.729308544045357,.145257745298251,1.3214702360258,-.232966183041819,-1.02712180154512,.00191691429598454,.185070350916283,.0442555389802162,.242280176798022,.20036603134667
P03,25.15976,SO,100,32,5696.510254,8070.562012,-110.612083,-.009074,-.210424,27.7778,14.1,7.3,"{""type"":""M"",""msg"":""FADE0"",""time"":25.0949,""dist"":0.485721}",2.843659,10.143659,0,13.8,8.5,.048881,8.5,7.3,.002685,-.009562,-.006877,-.00841713793103448,.00110224037189645,-.210424,.048881,-.0778013793103448,.0861768005802249,1.928246,-.261532,.048881,-.261532,.9666,.261532,1,1.20825,0,-1.05910232400161,-.137956220118772,-.493465651775216,-.793579789083324,-1.43935504522785,-.599747959015944,.00191691429598454,.185070350916283,.0442555389802162,.242280176798022,.20036603134667
P03,26.782944,SO,100,33,5687.728027,8048.111328,-111.431686,-.009928,-.449495,27.7775,10.6,5,"{""type"":""M"",""msg"":""FADE0"",""time"":26.7703,""dist"":0.511256}",3.661118,8.661118,0,9.8,6,-.164216,6,5,.005574,-.011271,-.005697,-.00854821621621622,.00194791728000183,-.449495,-.162199,-.315660891891892,.106372376821497,2.843659,-.210424,.164216,-.210424,2.00664,.210424,1,2.5083,0,-.712407747792242,-.32387929104945,.237914409320799,-.892293429134315,-1.05073591039604,-.873705550380801,.00191691429598454,.185070350916283,.0442555389802162,.242280176798022,.20036603134667
P03,28.417143,SO,100,34,5683.530273,8037.26123,-111.494568,-.007039,-.385659,27.7774,12,17.4,"{""type"":""M"",""msg"":""FADE0"",""time"":28.3465,""dist"":0.521368}",4.15021,16.15021,0,6.6,4.2,.225582,4.2,12,.013428,-.014282,-.000854,-.00691338095238095,.00324470714941765,-.499888,.225582,-.256173523809524,.240321101002463,3.661118,-.449495,.225582,-.449495,4.83408,.449495,1,6.0426,0,-.504977719292476,.615315633827755,2.22623528154236,-.430534631282111,-.703701064549987,-1.0709550161635,.00191691429598454,.185070350916283,.0442555389802162,.242280176798022,.20036603134667
P03,28.054688,SO,100,35,5679.48291,8027.39502,-111.994141,-.004191,-.476356,27.7781,7.3,10.2,"{""type"":""M"",""msg"":""FADE0"",""time"":27.9535,""dist"":0.531157}",4.453356,11.753356,0,10.8,5.9,.084548,5.9,7.3,.006063,-.010254,-.004191,-.00694084444444444,.00217569823646608,-.47866,.084548,-.289406977777778,.162210750557232,4.15021,-.385659,.084548,-.385659,2.18268,.385659,1,2.72835,0,-.376409712824184,.0639132792798285,.361709788301744,-.553832039247499,-.496067450112396,-.884663854035395,.00191691429598454,.185070350916283,.0442555389802162,.242280176798022,.20036603134667
P03,26.418341,SO,100,36,5691.948242,8060.354492,-111.574265,-.009237,-.907578,27.7776,6.5,1,"{""type"":""M"",""msg"":""FADE0"",""time"":26.331,""dist"":0.496313}",3.234547,4.234547,0,7.7,4.8,.139216,4.8,1,.006388,-.012939,-.006551,-.00954351515151515,.00233414964603295,-.907578,.139216,-.338186575757576,.339240670866204,4.453356,-.476356,.139216,-.476356,2.29968,.476356,1,2.8746,0,-.89332183897994,-.879008406542839,.443986880671493,-.37865337814347,-.367373258258311,-1.00520519423593,.00191691429598454,.185070350916283,.0442555389802162,.242280176798022,.20036603134667
P03,24.955366,SO,100,37,5703.876953,8090.90918,-109.348083,-.004883,-.226577,27.778,6.4,9.8,"{""type"":""M"",""msg"":""FADE0"",""time"":24.8721,""dist"":0.463625}",2.025205,8.425205,0,12.7,6.1,.01312,6.1,6.4,.007243,-.008586,-.001343,-.00445285714285714,.00240731485862806,-.272056,.01312,-.188368571428571,.0920764824293214,3.234547,-.907578,.01312,-.907578,2.60748,.907578,1,3.25935,0,-1.40621889214369,-.353464759129233,.660438923674987,.454239579711824,-.884792717131214,-.862747246726207,.00191691429598454,.185070350916283,.0442555389802162,.242280176798022,.20036603134667
P03,23.892908,SO,100,38,5709.446289,8106.180664,-108.685265,-.004354,-.011274,27.7783,5.2,8.4,"{""type"":""M"",""msg"":""FADE0"",""time"":23.8741,""dist"":0.449151}",1.519842,6.719842,0,6.8,4.2,.03611,4.2,5.2,.012085,-.014282,-.002197,-.00529475,.00368936499504544,-.054772,.03611,-.0220260625,.0298650594183655,2.025205,-.226577,.03611,-.226577,4.3506,.226577,1,5.43825,0,-1.62054965505277,-.567331576985572,1.88624101984214,-.861094371692355,-1.3981931623464,-1.0709550161635,.00191691429598454,.185070350916283,.0442555389802162,.242280176798022,.20036603134667
P03,25.363008,SO,100,39,5696.232422,8070.852539,-110.963631,-.008911,-.578875,27.7777,9.5,3,"{""type"":""M"",""msg"":""FADE0"",""time"":25.3573,""dist"":0.487192}",2.844541,5.844541,0,9.9,5.7,.024631,5.7,3,.002686,-.010254,-.007568,-.00873141379310345,.000822961616759918,-.578875,.024631,-.263761827586207,.182523231987459,1.519842,-.011274,.024631,-.011274,.96696,.011274,1,1.2087,0,-1.05872825678084,-.677101660854209,-.493212491491001,-1.27694595743037,-1.61273428404339,-.906580461344584,.00191691429598454,.185070350916283,.0442555389802162,.242280176798022,.20036603134667
P03,25.516361,SO,100,40,5695.713867,8069.927734,-111.031731,-.009562,-.743519,27.7776,7.5,2,"{""type"":""M"",""msg"":""FADE0"",""time"":25.4868,""dist"":0.487615}",2.8325,4.8325,0,5.5,3.5,.128447,3.5,2,.010579,-.016805,-.006226,-.0087218275862069,.00321272461214738,-.743519,.128447,-.327169827586207,.274539780071521,2.844541,-.578875,.128447,-.578875,3.80844,.578875,1,4.76055,0,-1.06383499533548,-.804020087142423,1.50498163181493,-.180640862208831,-1.05036147604027,-1.14766314174566,.00191691429598454,.185070350916283,.0442555389802162,.242280176798022,.20036603134667
P03,25.953241,SO,100,41,5699.071289,8077.390625,-110.293282,-.008911,-.167569,27.7777,16.2,8.7,"{""type"":""M"",""msg"":""FADE0"",""time"":25.9469,""dist"":0.480107}",2.536218,11.236218,0,13,7.3,.062484,7.3,8.7,.002849,-.009237,-.006388,-.007559,.00102897288594015,-.167569,.062484,-.077637,.0685169379053092,2.8325,-.743519,.062484,-.743519,1.02564,.743519,1,1.28205,0,-1.18949189363676,-.000940161572700617,-.45194736516402,.137364314134508,-1.05547322669545,-.731247602871076,.00191691429598454,.185070350916283,.0442555389802162,.242280176798022,.20036603134667
P03,25.643198,SO,100,42,5700.649902,8082.175293,-110.277382,-.009928,-.324224,27.7774,9.8,4.8,"{""type"":""M"",""msg"":""FADE0"",""time"":25.5402,""dist"":0.472375}",2.324615,7.124615,0,18.5,23.3,.028479,18.5,4.8,.004028,-.010579,-.006551,-.00743941666666667,.00150946635881884,-.324224,.028479,-.173171333333333,.105654672588566,2.536218,-.167569,.028479,-.167569,1.45008,.167569,1,1.8126,0,-1.27923536995744,-.516569649194149,-.153471390074992,-.975066635763124,-1.18125345322297,.496082406443482,.00191691429598454,.185070350916283,.0442555389802162,.242280176798022,.20036603134667
P03,26.027945,SO,100,43,5697.015137,8070.65918,-109.755348,-.004028,.245482,27.7778,3.5,6.8,"{""type"":""M"",""msg"":""FADE0"",""time"":25.9339,""dist"":0.484681}",2.84096,6.34096,0,9.6,13.9,.003492,9.6,3.5,.004679,-.008219,-.00354,-.00575262068965517,.00169272129622673,-.008842,.245482,.059179,.0730808139395794,2.324615,-.324224,.003492,-.324224,1.68444,.324224,1,2.10555,0,-1.06024700362614,-.614846556308476,.011335954948721,-.672491984393711,-1.271085009895,-.479206618815407,.00191691429598454,.185070350916283,.0442555389802162,.242280176798022,.20036603134667
P03,24.818598,SO,100,44,5703.084961,8089.187988,-109.793098,-.008219,-.402061,27.7778,49.5,13.6,"{""type"":""M"",""msg"":""FADE0"",""time"":24.7525,""dist"":0.465922}",2.136976,15.736976,0,22.8,28.4,-.144792,22.8,13.6,.002848,-.008748,-.0059,-.00720395454545455,.00108747700478251,-.402061,-.144792,-.294549181818182,.084307238179703,2.84096,.245482,.144792,.245482,1.02528,.245482,1,1.2816,0,-1.35881541444328,.563492625699839,-.452200525448234,-.824579904971607,-1.05188171348701,.967289463591036,.00191691429598454,.185070350916283,.0442555389802162,.242280176798022,.20036603134667
P03,26.176813,SO,100,45,5698.20166,8075.760254,-110.729797,-.008748,-.429961,27.7778,11,4.1,"{""type"":""M"",""msg"":""FADE0"",""time"":26.1142,""dist"":0.480356}",2.531954,6.631954,0,8.7,5.1,.26516,5.1,4.1,.004354,-.010417,-.006063,-.00770765384615385,.00131931036355537,-.429961,.26516,-.108771384615385,.21048656381272,2.136976,-.402061,.26516,-.402061,1.56744,.402061,1,1.9593,0,-1.19130030931627,-.578353469033047,-.070941137421028,-.522152045428207,-1.35074315964894,-.97233028327215,.00191691429598454,.185070350916283,.0442555389802162,.242280176798022,.20036603134667
P03,25.083616,SO,100,46,5699.063477,8078.207031,-110.92981,-.011922,-.467762,27.7776,5.6,2.2,"{""type"":""M"",""msg"":""FADE0"",""time"":25.0129,""dist"":0.477549}",2.455265,4.655265,0,7.9,4.9,.11934,4.9,2.2,.003866,-.012085,-.008219,-.00983056,.00144379710832236,-.467762,.11934,-.1397266,.17627974382616,2.531954,-.429961,.11934,-.429961,1.39176,.429961,1,1.7397,0,-1.22382507246026,-.826246842069537,-.194483356117759,-.468263993510256,-1.18306364380462,-.994246890581338,.00191691429598454,.185070350916283,.0442555389802162,.242280176798022,.20036603134667
P03,25.949211,SO,100,47,5701.489258,8084.198242,-109.888138,-.007568,-.216902,27.7777,20,27.1,"{""type"":""M"",""msg"":""FADE0"",""time"":25.9361,""dist"":0.472686}",2.330732,22.330732,0,11.9,15.4,.048681,11.9,20,.003011,-.007568,-.004557,-.005805,.00123374393086917,-.216902,.048681,-.142972041666667,.0820551262524319,2.455265,-.467762,.048681,-.467762,1.08396,.467762,1,1.35495,0,-1.27664107382434,1.39040490973622,-.410935399121253,-.395252443311315,-1.21562032896325,-.227165634759739,.00191691429598454,.185070350916283,.0442555389802162,.242280176798022,.20036603134667
P03,28.401575,SO,100,48,5677.348145,8023.5625,-112.406456,-.007731,-1.017543,27.7776,31.2,1.8,"{""type"":""M"",""msg"":""FADE0"",""time"":28.3196,""dist"":0.535996}",4.557823,6.357823,0,12.9,6.8,-.04586,6.8,1.8,.004191,-.009074,-.004883,-.00771873913043478,.00153248909272584,-1.017543,-.04586,-.564298152173913,.322052968886104,2.330732,-.216902,.04586,-.216902,1.50876,.216902,1,1.88595,0,-.332103952788679,-.612731794730142,-.11220626374801,-.879781357438096,-1.26848816754323,-.786039121144047,.00191691429598454,.185070350916283,.0442555389802162,.242280176798022,.20036603134667
P04,29.572197,SO,100,1,5681.60498,8029.237305,-111.515892,-.007243,.809309,27.7777,2.8,11,"{""type"":""M"",""msg"":""FADE0"",""time"":29.494,""dist"":0.529337}",4.35449,7.15449,0,9.6,15.2,.114075,9.6,2.8,.00118,-.007894,-.006714,-.00730763636363636,.000372136202304397,.114075,.809309,.397195454545455,.216136518847378, , ,.114075, ,.4248, , ,.531,0,-.418340018774103,-.512823073724025,-.874471879518208, , ,-.479206618815407,.000923312149852035,.102774699023234,.00465619305590206,.186862160353817,.16336968449626
P04,26.381771,SO,100,2,5690.621094,8053.355957,-111.078819,-.009074,.362017,27.7777,19,12.7,"{""type"":""M"",""msg"":""FADE0"",""time"":26.3726,""dist"":0.505521}",3.468637,16.168637,0,16.4,11.2,.2034,11.2,12.7,.002319,-.009562,-.007243,-.0083554,.000744896605537424,.2034,.362831,.294395257142857,.0556217809856909,4.35449,.809309,.2034,.809309,.83484,.809309,1,1.04355,0,-.794041344979813,.617626534118566,-.586122315797764,.264435817205547,-.409344717462278,-.303873760341899,.000923312149852035,.102774699023234,.00465619305590206,.186862160353817,.16336968449626
P04,27.289104,SO,100,3,5680.895508,8028.695313,-112.004654,-.009237,.345196,27.7779,18,12.1,"{""type"":""M"",""msg"":""FADE0"",""time"":27.2453,""dist"":0.531081}",4.381275,16.481275,0,17.5,26,.138201,17.5,12.1,.00236,-.009237,-.006877,-.00807520454545455,.000754442211313376,.138201,.345196,.240638977272727,.0761580909056603,3.468637,.362017,.138201,.362017,.8496,.362017,1,1.062,0,-.406980165590313,.656833960455932,-.575742744144965,-.599495885965929,-.785414782501951,.38649936989754,.000923312149852035,.102774699023234,.00465619305590206,.186862160353817,.16336968449626
P04,27.798246,SO,100,4,5678.169922,8021.682129,-112.162857,-.007406,.459714,27.778,10.4,18.7,"{""type"":""M"",""msg"":""FADE0"",""time"":27.7207,""dist"":0.537664}",4.683025,15.083025,0,8.3,13,.154012,8.3,10.4,.002685,-.008748,-.006063,-.0078531914893617,.000700656420120753,.154012,.459714,.311285319148936,.102222771078257,4.381275,.345196,.154012,.345196,.9666,.345196,1,1.20825,0,-.279004220165313,.481481687615707,-.493465651775216,-.631985166299687,-.397973714945961,-.621664566325133,.000923312149852035,.102774699023234,.00465619305590206,.186862160353817,.16336968449626
P04,26.125319,SO,100,5,5692.429199,8058.676758,-111.164536,-.009399,.146329,27.7776,12.7,7.4,"{""type"":""M"",""msg"":""FADE0"",""time"":26.1234,""dist"":0.500146}",3.241103,10.641103,0,26,17.7,.266785,17.7,7.4,.002035,-.010254,-.008219,-.00909227272727273,.000574485545549628,.146329,.284597,.250107181818182,.0392339626993108,4.683025,.459714,.266785,.459714,.7326,.459714,1,.91575,0,-.890541357461444,-.0755725719795026,-.658019836514714,-.410796925097539,-.269872165224144,.408415977206728,.000923312149852035,.102774699023234,.00465619305590206,.186862160353817,.16336968449626
P04,27.273308,SO,100,6,5680.972168,8028.010254,-111.731689,-.008057,.67803,27.7779,8.2,24.3,"{""type"":""M"",""msg"":""FADE0"",""time"":27.2147,""dist"":0.531328}",4.462458,12.662458,0,11.1,7.7,.22473,7.7,8.2,.00472,-.011271,-.006551,-.00776824444444444,.00116869745201375,.22473,.67803,.407632311111111,.147233855525182,3.241103,.146329,.22473,.146329,1.6992,.146329,1,2.124,0,-.372549440892922,.177922291933928,.0217155266015202,-1.01609108819098,-.882009506659048,-.687414388252699,.000923312149852035,.102774699023234,.00465619305590206,.186862160353817,.16336968449626
P04,26.868717,SO,100,7,5682.376953,8032.941406,-112.143105,-.010091,.131835,27.7776,10.8,6.5,"{""type"":""M"",""msg"":""FADE0"",""time"":26.8401,""dist"":0.527036}",4.289526,10.789526,0,7.4,11,.090096,7.4,6.5,.005696,-.010579,-.004883,-.00843795348837209,.00164997591545897,.081674,.212171,.156963860465116,.0470115827842972,4.462458,.67803,.090096,.67803,2.05056,.67803,1,2.5632,0,-.445892062911931,-.0569590834103877,.268799963994982,.0108741839533357,-.363509197593628,-.720289299216481,.000923312149852035,.102774699023234,.00465619305590206,.186862160353817,.16336968449626
P04,27.868092,SO,100,8,5681.6875,8031.284668,-112.070396,-.008586,.110097,27.7777,22.2,12.2,"{""type"":""M"",""msg"":""FADE0"",""time"":27.8483,""dist"":0.529052}",4.37909,16.57909,0,8.5,14.1,.117373,8.5,12.2,.003865,-.010579,-.006714,-.00868725,.000742397690860733,.110097,.230402,.182601636363636,.0365682014279982,4.289526,.131835,.117373,.131835,1.3914,.131835,1,1.73925,0,-.407906851392314,.669100781530752,-.194736516401974,-1.04408583458879,-.43692380305011,-.599747959015944,.000923312149852035,.102774699023234,.00465619305590206,.186862160353817,.16336968449626
P04,27.892124,SO,100,9,5674.121094,8011.213867,-112.357979,-.008219,.716347,27.7778,8.1,28,"{""type"":""M"",""msg"":""FADE0"",""time"":27.8461,""dist"":0.549798}",5.067837,13.167837,0,24.9,37.5,.128728,24.9,8.1,.000651,-.008219,-.007568,-.00779805882352941,.000163419633063437,.128728,.716347,.387281235294118,.174043675105944,4.37909,.110097,.128728,.110097,.23436,.110097,1,.29295,0,-.11580064266445,.241301055599739,-1.00839366986774,-1.08607215977131,-.398901310260434,1.19741384033752,.000923312149852035,.102774699023234,.00465619305590206,.186862160353817,.16336968449626
P04,26.981796,SO,100,10,5685.313477,8040.364746,-111.678818,-.008586,.125389,27.7781,23.5,13.2,"{""type"":""M"",""msg"":""FADE0"",""time"":26.9462,""dist"":0.518837}",3.95021,17.15021,0,14.8,21.7,.132177,14.8,13.2,.001831,-.009074,-.007243,-.008195075,.000709149594991722,.125389,.169988,.146984025,.015865811295874,5.067837,.716347,.132177,.716347,.65916,.716347,1,.82395,0,-.589800218331416,.740724017764981,-.709664534494495,.08488237339205,-.106508408632422,.0906251712234946,.000923312149852035,.102774699023234,.00465619305590206,.186862160353817,.16336968449626
P04,27.295021,SO,100,11,5673.219238,8009.555664,-112.714607,-.009399,.517513,27.7777,17.8,12.4,"{""type"":""M"",""msg"":""FADE0"",""time"":27.2041,""dist"":0.550435}",5.200077,17.600077,0,9.3,14.2,.010087,9.3,12.4,.003174,-.009562,-.006388,-.00809951923076923,.000963579651466844,.010087,.517513,.257134346153846,.176958402905037,3.95021,.125389,.010087,.125389,1.14264,.125389,1,1.4283,0,-.0597160062999027,.797141111221668,-.369670272794271,-1.05653609920037,-.580973199720891,-.51208152977919,.000923312149852035,.102774699023234,.00465619305590206,.186862160353817,.16336968449626
P04,27.553528,SO,100,12,5677.564941,8018.411133,-111.875938,-.008423,1.148823,27.7777,-.10191,21.6,"{""type"":""M"",""msg"":""FADE0"",""time"":27.5018,""dist"":0.541677}",4.758326,4.656416,4.656416,11.4,17.7,.078667,11.4,-.10191,.00354,-.009237,-.005697,-.00724470833333333,.00126761041666583,.078667,1.148823,.518696729166667,.352669750344049,5.200077,.517513,.078667,.517513,1.2744,.517513,1,1.593,1,-.247068125164656,-.826102497019626,-.277013608771723,-.299159809943215,-.0503687269912846,-.281957153032711,.000923312149852035,.102774699023234,.00465619305590206,.186862160353817,.16336968449626
P04,28.058727,SO,100,13,5682.423828,8031.728027,-111.631561,-.006063,.637564,27.7778,4.4,10,"{""type"":""M"",""msg"":""FADE0"",""time"":28.0426,""dist"":0.528482}",4.250179,8.650179,0,12.2,26.9,.201352,12.2,4.4,.003866,-.009766,-.0059,-.00821851162790698,.00113419382680666,.201352,.637564,.454021534883721,.119092272743479,4.758326,1.148823,.201352,1.148823,1.39176,1.148823,1,1.7397,0,-.462579617260357,-.32525113336134,-.194483356117759,.92019739637656,-.237904725967797,-.194290723795957,.000923312149852035,.102774699023234,.00465619305590206,.186862160353817,.16336968449626
P04,26.366688,SO,100,14,5687.096191,8044.135254,-111.228592,-.009399,.412139,27.7776,19.4,13.9,"{""type"":""M"",""msg"":""FADE0"",""time"":26.3021,""dist"":0.513924}",3.793041,17.693041,0,13,18.4,.138721,13,13.9,.004069,-.009766,-.005697,-.00728360526315789,.00138052850317538,.096384,.412139,.203710631578947,.10612844760654,4.250179,.637564,.138721,.637564,1.46484,.637564,1,1.83105,0,-.656457555088672,.808799576226009,-.143091818422193,-.0672847375130374,-.453627735699337,-.106624294559202,.000923312149852035,.102774699023234,.00465619305590206,.186862160353817,.16336968449626
P04,25.525417,SO,100,15,5695.29834,8065.583008,-110.399055,-.013265,.401781,27.7775,9,6.4,"{""type"":""M"",""msg"":""FADE0"",""time"":25.4734,""dist"":0.491309}",2.938236,9.338236,0,9.3,15.1,.050236,9.3,6.4,.006388,-.013265,-.006877,-.00816643333333333,.00127047945560975,.050236,.401781,.217131833333333,.109830070414155,3.793041,.412139,.050236,.412139,2.29968,.412139,1,2.8746,0,-1.01899103654358,-.238963016934644,.443986880671493,-.502686676710318,-.647695958521979,-.51208152977919,.000923312149852035,.102774699023234,.00465619305590206,.186862160353817,.16336968449626
P04,26.32667,SO,100,16,5691.725098,8053.950684,-109.83046,-.007731,1.203452,27.7776,-.100613,5,"{""type"":""M"",""msg"":""FADE0"",""time"":26.2501,""dist"":0.502774}",3.455231,3.354618,3.354618,6.4,10,-.096862,6.4,-.100613,.002685,-.007731,-.005046,-.00570717142857143,.00073809374845788,-.096862,1.203452,.419574542857143,.402686664484226,2.938236,.401781,.096862,.401781,.9666,.401781,1,1.20825,1,-.799726997090393,-.989358880412338,-.493465651775216,-.522692857418782,-1.01058525499243,-.829872335762424,.000923312149852035,.102774699023234,.00465619305590206,.186862160353817,.16336968449626
P04,25.744232,SO,100,17,5692.514648,8059.224121,-111.122246,-.008748,.032818,27.7775,16.2,8.7,"{""type"":""M"",""msg"":""FADE0"",""time"":25.7168,""dist"":0.498892}",3.345781,12.045781,0,19.7,28.2,.33524,19.7,8.7,.001343,-.008911,-.007568,-.0085090294117647,.000358108539944891,.032818,.33524,.210589147058824,.0940015251926982,3.455231,1.203452,.33524,1.203452,.48348,1.203452,1,.60435,0,-.846146109689453,.100585825952672,-.833206753191226,1.02571174720902,-.791106014898208,.627582050298614,.000923312149852035,.102774699023234,.00465619305590206,.186862160353817,.16336968449626
P04,25.542662,SO,100,18,5699.911133,8078.858398,-110.358925,-.011108,.115183,27.7773,9.2,5.6,"{""type"":""M"",""msg"":""FADE0"",""time"":25.5221,""dist"":0.47807}",2.431141,8.031141,0,11.8,18.1,.110484,11.8,5.6,.004069,-.011108,-.007039,-.00916332,.00158712462018583,.110484,.168032,.14248876,.0199896559151644,3.345781,.032818,.110484,.032818,1.46484,.032818,1,1.83105,0,-1.23405636229433,-.402883688537072,-.143091818422193,-1.23533433769846,-.837570686371457,-.238123938414333,.000923312149852035,.102774699023234,.00465619305590206,.186862160353817,.16336968449626
P04,26.148203,SO,100,19,5687.67334,8046.882813,-111.81707,-.008748,-.062065,27.7781,12.6,6.1,"{""type"":""M"",""msg"":""FADE0"",""time"":26.1262,""dist"":0.512335}",3.758505,9.858505,0,12.7,19.9,.228461,12.7,6.1,.003011,-.010254,-.007243,-.00921847368421053,.00100234144090406,-.062065,.254809,.179989763157895,.0935144124077643,2.431141,.115183,.228461,.115183,1.08396,.115183,1,1.35495,0,-.671104704222716,-.173716922432008,-.410935399121253,-1.07624869625681,-1.22586166048103,-.139499205522985,.000923312149852035,.102774699023234,.00465619305590206,.186862160353817,.16336968449626
P04,25.551231,SO,100,20,5690.477051,8052.61084,-110.995193,-.009237,.49682,27.7776,19.7,13.9,"{""type"":""M"",""msg"":""FADE0"",""time"":25.486,""dist"":0.504767}",3.543001,17.443001,0,8.2,13.2,.078942,8.2,13.9,.003703,-.010091,-.006388,-.00820683333333333,.00132667307847218,.078942,.49682,.305730055555556,.135942521733677,3.758505,-.062065,.078942,-.062065,1.33308,.062065,1,1.66635,0,-.762502643387155,.777442463906345,-.235748482444741,-1.17884459381157,-.662357483364374,-.632622869979727,.000923312149852035,.102774699023234,.00465619305590206,.186862160353817,.16336968449626
P04,24.856335,SO,100,21,5699.491699,8077.222656,-109.984062,-.008748,.291147,27.7777,29.4,19.9,"{""type"":""M"",""msg"":""FADE0"",""time"":24.7947,""dist"":0.478645}",2.544894,22.444894,0,10,16,.113902,10,19.9,.001871,-.008748,-.006877,-.00790811538461538,.000331107031266094,.113902,.291147,.198424346153846,.0543341238780509,3.543001,.49682,.113902,.49682,.67356,.49682,1,.84195,0,-1.18581229362845,1.40472178166327,-.699538123125911,-.339127747518059,-.75384512668252,-.43537340419703,.000923312149852035,.102774699023234,.00465619305590206,.186862160353817,.16336968449626
P04,25.622458,SO,100,22,5690.588379,8054.537109,-111.42823,-.009399,-.099087,27.7777,11.1,5.7,"{""type"":""M"",""msg"":""FADE0"",""time"":25.5749,""dist"":0.503409}",3.433342,9.133342,0,8.6,13.5,-.029668,8.6,5.7,.004191,-.010579,-.006388,-.0094296,.000999402003553066,-.099087,.061128,.0164327142857143,.0433339074496767,2.544894,.291147,.029668,.291147,1.50876,.291147,1,1.88595,0,-.80901039549771,-.264658442353078,-.11220626374801,-.736379263723104,-1.17757024180495,-.58878965536135,.000923312149852035,.102774699023234,.00465619305590206,.186862160353817,.16336968449626
P04,26.614286,SO,100,23,5683.375977,8035.845215,-112.205673,-.012451,-.019794,27.7776,7,4,"{""type"":""M"",""msg"":""FADE0"",""time"":26.5464,""dist"":0.522887}",4.153993,8.153993,0,16.4,11,.300731,11,4,.004394,-.012451,-.008057,-.00905164285714286,.00101620153132379,-.019794,.30083,.207381166666667,.0919026417821192,3.433342,-.099087,.300731,-.099087,1.58184,.099087,1,1.9773,0,-.503373301723155,-.387477017753616,-.0608147260524435,-1.10733765982926,-.80039852466411,-.325790367651088,.000923312149852035,.102774699023234,.00465619305590206,.186862160353817,.16336968449626
P04,25.975298,SO,100,24,5686.260254,8042.28125,-111.544777,-.010091,.305748,27.7776,12.9,8.6,"{""type"":""M"",""msg"":""FADE0"",""time"":25.9461,""dist"":0.516931}",3.77829,12.37829,0,59.9,24.4,.131245,24.4,8.6,.003377,-.011108,-.007731,-.00840244736842105,.000962614477498746,.131245,.307369,.220322,.0590566169366313,4.153993,-.019794,.131245,-.019794,1.21572,.019794,1,1.51965,0,-.662713638505289,.142285242287255,-.318278735098704,-1.26048982114575,-.494461457858551,1.14262232206454,.000923312149852035,.102774699023234,.00465619305590206,.186862160353817,.16336968449626
P04,27.203428,SO,100,25,5674.138184,8011.721191,-112.302567,-.008748,.53771,27.778,51.1,57.3,"{""type"":""M"",""msg"":""FADE0"",""time"":27.1034,""dist"":0.547865}",5.182014,56.282014,0,7.5,11.4,.005409,7.5,51.1,.005534,-.010417,-.004883,-.00749328846153846,.00158391946636901,.005409,.53771,.238781173076923,.158637742103557,3.77829,.305748,.005409,.305748,1.99224,.305748,1,2.4903,0,-.0673767503006048,5.64818031795324,.227787997952215,-.708177849886043,-.653958182084354,-.709330995561887,.000923312149852035,.102774699023234,.00465619305590206,.186862160353817,.16336968449626
P04,26.007172,SO,100,26,5689.766602,8051.520996,-111.357124,-.009928,.220016,27.7777,11.9,7.4,"{""type"":""M"",""msg"":""FADE0"",""time"":25.9516,""dist"":0.506277}",3.649142,11.049142,0,8.7,13.4,.022807,8.7,7.4,.004679,-.010905,-.006226,-.00875267567567567,.00164158631028469,.022807,.265301,.172710162162162,.0842008207057896,5.182014,.53771,.022807,.53771,1.68444,.53771,1,2.10555,0,-.717486919034694,-.024401060406141,.011335954948721,-.260149882180245,-.0580369897671761,-.577831351706756,.000923312149852035,.102774699023234,.00465619305590206,.186862160353817,.16336968449626
P04,26.255175,SO,100,27,5685.895508,8042.113281,-111.760551,-.010091,.023483,27.7778,10.7,6.2,"{""type"":""M"",""msg"":""FADE0"",""time"":26.1849,""dist"":0.516051}",3.846308,10.046308,0,18.4,12,.216913,12,6.2,.002197,-.010091,-.007894,-.00862217948717949,.000587501035689787,.023483,.216913,.157268717948718,.0581044437751396,3.649142,.220016,.216913,.220016,.79092,.220016,1,.98865,0,-.633866354807136,-.150164851703445,-.617007870471947,-.873766755514351,-.708785220836543,-.216207331105145,.000923312149852035,.102774699023234,.00465619305590206,.186862160353817,.16336968449626
P04,28.036798,SO,100,28,5680.018555,8028.712402,-112.795998,-.011597,-.489572,27.7778,5.8,2.3,"{""type"":""M"",""msg"":""FADE0"",""time"":28.0205,""dist"":0.532148}",4.449527,6.749527,0,9.8,15.4,.125158,9.8,2.3,.004883,-.011597,-.006714,-.00966617777777778,.000752745740270212,-.489572,.139913,-.0315082222222222,.189170729938219,3.846308,.023483,.125158,.023483,1.75788,.023483,1,2.19735,0,-.378033639568285,-.563608829108395,.062980652928502,-1.25336462316993,-.6250825857,-.457290011506219,.000923312149852035,.102774699023234,.00465619305590206,.186862160353817,.16336968449626
P04,26.53978,SO,100,29,5691.193359,8054.90332,-110.937233,-.009766,.343806,27.7779,15.3,10.5,"{""type"":""M"",""msg"":""FADE0"",""time"":26.5266,""dist"":0.503816}",3.437453,13.937453,0,9.1,14.5,.296608,9.1,10.5,.003378,-.009766,-.006388,-.00782071428571429,.000797237678466332,.274601,.343806,.298168685714286,.0207540984057032,4.449527,-.489572,.296608,-.489572,1.21608,.489572,1,1.5201,0,-.807266869029965,.337817354411971,-.31802557481449,-.353127052188357,-.368998778834566,-.533998137088379,.000923312149852035,.102774699023234,.00465619305590206,.186862160353817,.16336968449626
P04,25.020832,SO,100,30,5693.155762,8060.878906,-111.19545,-.011597,.043097,27.7776,7.9,4.6,"{""type"":""M"",""msg"":""FADE0"",""time"":24.9767,""dist"":0.49674}",3.14196,7.74196,0,9.1,13.7,.161324,9.1,4.6,.005534,-.011597,-.006063,-.00901046875,.00165630764994007,.043097,.173517,.14629128125,.034357928089391,3.437453,.343806,.161324,.343806,1.99224,.343806,1,2.4903,0,-.932589142572532,-.439149410412423,.227787997952215,-.63466991153861,-.798653286980907,-.533998137088379,.000923312149852035,.102774699023234,.00465619305590206,.186862160353817,.16336968449626
P04,26.153538,SO,100,31,5690.130859,8052.996582,-111.321945,-.009237,.029256,27.7777,13.6,7.7,"{""type"":""M"",""msg"":""FADE0"",""time"":26.057,""dist"":0.503649}",3.475836,11.175836,0,24.7,35,.191963,24.7,7.7,.002034,-.009928,-.007894,-.00873211428571429,.000521448986362186,.029256,.205422,.153098885714286,.0552205967183236,3.14196,.043097,.191963,.043097,.73224,.043097,1,.9153,0,-.790988159126906,-.00851257061159803,-.658272996798929,-1.21548074323019,-.924098560326223,1.17549723302833,.000923312149852035,.102774699023234,.00465619305590206,.186862160353817,.16336968449626
P04,25.84506,SO,100,32,5688.706055,8048.501953,-111.258278,-.008748,.323296,27.7778,24,15.3,"{""type"":""M"",""msg"":""FADE0"",""time"":25.7396,""dist"":0.508098}",3.645422,18.945422,0,13.8,22.5,.13065,13.8,15.3,.002522,-.009928,-.007406,-.00839416216216216,.000726364329823292,.13065,.324133,.256890108108108,.0644570827578681,3.475836,.029256,.13065,.029256,.90792,.029256,1,1.1349,0,-.719064617516818,.965858653509695,-.534730778102198,-1.24221423880712,-.782358600044793,-.0189578653224481,.000923312149852035,.102774699023234,.00465619305590206,.186862160353817,.16336968449626
P04,26.139839,SO,100,33,5687.824219,8047.286133,-111.540825,-.014119,-.062568,27.7773,6.6,3.9,"{""type"":""M"",""msg"":""FADE0"",""time"":26.1078,""dist"":0.511607}",3.749523,7.649523,0,44.8,49.8,.031079,44.8,3.9,.006876,-.014119,-.007243,-.00844644736842105,.00149464674841932,-.062568,.031079,-.0141158684210526,.0185245793491593,3.645422,.323296,.031079,.323296,2.47536,.323296,1,3.0942,0,-.674914082654555,-.450741785198428,.567529099368225,-.674284389848186,-.710364467779261,3.37811626760177,.000923312149852035,.102774699023234,.00465619305590206,.186862160353817,.16336968449626
P04,26.129297,SO,100,34,5687.140137,8043.94873,-111.294525,-.009237,.519372,27.7777,20.4,14.6,"{""type"":""M"",""msg"":""FADE0"",""time"":26.1174,""dist"":0.515522}",3.847797,18.447797,0,9.5,16.1,.253177,9.5,14.6,.00354,-.009928,-.006388,-.00809933333333333,.000934875486596261,.253177,.519372,.374559282051282,.0786931666617913,3.749523,-.062568,.253177,-.062568,1.2744,.062568,1,1.593,0,-.633234851301791,.903452306452934,-.277013608771723,-1.17787306369993,-.666170600579292,-.490164922470002,.000923312149852035,.102774699023234,.00465619305590206,.186862160353817,.16336968449626
P04,27.15535,SO,100,35,5677.635254,8021.777832,-112.679314,-.011108,-.081013,27.7778,8.2,4.6,"{""type"":""M"",""msg"":""FADE0"",""time"":27.0891,""dist"":0.538108}",4.75964,9.35964,0,48.8,53.6,.095685,48.8,4.6,.003865,-.011108,-.007243,-.00882716666666667,.000942578341082593,-.081013,.136752,.0869800625,.0572363077750427,3.847797,.519372,.095685,.519372,1.3914,.519372,1,1.73925,0,-.246510841345971,-.236278775884851,-.194736516401974,-.29556920462008,-.624450462394165,3.81644841378555,.000923312149852035,.102774699023234,.00465619305590206,.186862160353817,.16336968449626
P04,25.347116,SO,100,36,5693.966797,8061.873047,-110.436569,-.009074,.463644,27.7778,25.8,19.2,"{""type"":""M"",""msg"":""FADE0"",""time"":25.2679,""dist"":0.494446}",3.136673,22.336673,0,9.4,14.8,.138899,9.4,19.2,.002686,-.009074,-.006388,-.00741434375,.000798457812300809,.138899,.463644,.2622586875,.103133231692089,4.75964,-.081013,.138899,-.081013,.96696,.081013,1,1.2087,0,-.934831425334626,1.3911499609452,-.493212491491001,-1.14224707382084,-.237346895192869,-.501123226124596,.000923312149852035,.102774699023234,.00465619305590206,.186862160353817,.16336968449626
P04,25.749161,SO,100,37,5688.739258,8048.483887,-111.185394,-.008586,.362333,27.7776,59.4,20.9,"{""type"":""M"",""msg"":""FADE0"",""time"":25.7327,""dist"":0.510615}",3.649468,24.549468,0,16.2,24.1,.278254,16.2,20.9,.00118,-.008586,-.007406,-.00776445945945946,.00052954669265297,.263569,.362333,.295034135135135,.0335253164159085,3.136673,.463644,.278254,.463644,.4248,.463644,1,.531,0,-.71734865836126,1.66865300587957,-.874471879518208,-.403206242515548,-.926343043817123,.244041422387814,.000923312149852035,.102774699023234,.00465619305590206,.186862160353817,.16336968449626
P04,25.841814,SO,100,38,5693.518555,8061.941895,-111.281616,-.010742,.003728,27.7778,8.2,4.5,"{""type"":""M"",""msg"":""FADE0"",""time"":25.769,""dist"":0.494735}",3.136147,7.636147,0,15.6,10.6,.35398,10.6,4.5,.002319,-.010742,-.008423,-.0095379375,.000757749509104682,.003728,.35398,.2455714375,.106235061712964,3.649468,.362333,.35398,.362333,.83484,.362333,1,1.04355,0,-.935054508507099,-.452419247741972,-.586122315797764,-.598885541005138,-.708646824464682,-.369623582269465,.000923312149852035,.102774699023234,.00465619305590206,.186862160353817,.16336968449626
P04,26.546801,SO,100,39,5682.618652,8031.30127,-111.489983,-.007568,.979348,27.7778,1.7,12.5,"{""type"":""M"",""msg"":""FADE0"",""time"":26.5372,""dist"":0.529025}",4.261179,5.961179,0,45.8,53.2,.249149,45.8,1.7,.002848,-.009562,-.006714,-.0079203488372093,.000684255691686784,.249149,.979348,.600220441860465,.217716928510318,3.136147,.003728,.249149,.003728,1.02528,.003728,1,1.2816,0,-.457914379813216,-.662474277768539,-.452200525448234,-1.29152084057635,-.926566345938594,3.48769930414772,.000923312149852035,.102774699023234,.00465619305590206,.186862160353817,.16336968449626
P04,25.149187,SO,100,40,5695.585449,8066.449219,-110.498268,-.009766,.364265,27.7777,15.3,10.6,"{""type"":""M"",""msg"":""FADE0"",""time"":25.0835,""dist"":0.489988}",2.941154,13.541154,0,7.9,12.9,.131571,7.9,10.6,.00354,-.009928,-.006388,-.00835626666666667,.00132872116203392,.131571,.364265,.246302766666667,.0760225913218466,4.261179,.979348,.131571,.979348,1.2744,.979348,1,1.593,0,-1.0177534762826,.288118137266033,-.277013608771723,.592861281724418,-.44895791947087,-.66549778094351,.000923312149852035,.102774699023234,.00465619305590206,.186862160353817,.16336968449626
P04,25.451948,SO,100,41,5693.320801,8059.499023,-110.371216,-.009399,.702814,27.7775,24.5,19.4,"{""type"":""M"",""msg"":""FADE0"",""time"":25.4473,""dist"":0.498994}",3.345287,22.745287,0,7.1,11.5,.117671,7.1,19.4,.003499,-.009399,-.0059,-.00736867647058824,.00073779818709735,.117671,.702814,.374962205882353,.17970242550458,2.941154,.364265,.117671,.364265,1.25964,.364265,1,1.57455,0,-.846355621262079,1.44239358233932,-.287393180424522,-.595153938270174,-1.00934648010564,-.753164210180264,.000923312149852035,.102774699023234,.00465619305590206,.186862160353817,.16336968449626
P04,26.018702,SO,100,42,5691.101563,8054.240234,-110.714455,-.011434,.500364,27.7775,12.2,9.1,"{""type"":""M"",""msg"":""FADE0"",""time"":26.0069,""dist"":0.504478}",3.441096,12.541096,0,24.7,15.9,-.016195,15.9,9.1,.005208,-.011434,-.006226,-.0076532,.00153175062860614,-.016195,.500364,.190011457142857,.170060213828089,3.345287,.702814,.016195,.702814,1.87488,.702814,1,2.3436,0,-.80572182720997,.162702479642539,.145257745298251,.0587437710047515,-.83778040357299,.211166511424032,.000923312149852035,.102774699023234,.00465619305590206,.186862160353817,.16336968449626
P04,26.026222,SO,100,43,5684.178711,8037.072266,-111.857635,-.009766,.279468,27.7778,13,8.3,"{""type"":""M"",""msg"":""FADE0"",""time"":25.9563,""dist"":0.52136}",4.061762,12.361762,0,7.9,12.5,.184766,7.9,8.3,.003866,-.009766,-.0059,-.00842585365853659,.00100974349616563,.184766,.318994,.26719043902439,.0455563041483003,3.441096,.500364,.184766,.500364,1.39176,.500364,1,1.7397,0,-.542489621267457,.14021249251754,-.194483356117759,-.332282612894503,-.797106728751789,-.66549778094351,.000923312149852035,.102774699023234,.00465619305590206,.186862160353817,.16336968449626
P04,26.1087,SO,100,44,5683.95166,8037.430176,-111.959648,-.008911,-.065354,27.7778,14.6,7.7,"{""type"":""M"",""msg"":""FADE0"",""time"":26.0987,""dist"":0.522826}",4.048178,11.748178,0,9.1,13.3,.107656,9.1,7.7,.004557,-.010254,-.005697,-.00827987804878049,.00122605450929235,-.065354,.107656,.0578481219512195,.0444266961731317,4.061762,.279468,.107656,.279468,1.64052,.279468,1,2.05065,0,-.548250765402182,.0632639146678015,-.0195495997254616,-.758936918144242,-.533616168819257,-.533998137088379,.000923312149852035,.102774699023234,.00465619305590206,.186862160353817,.16336968449626
P04,26.271742,SO,100,45,5687.264648,8044.608398,-111.365776,-.008586,.393332,27.7779,34.4,19.9,"{""type"":""M"",""msg"":""FADE0"",""time"":26.2336,""dist"":0.514146}",3.762802,23.662802,0,56,36.8,.155166,36.8,19.9,.001506,-.009074,-.007568,-.0083715,.000532255920460134,.155166,.393332,.294680552631579,.078095674034498,4.048178,-.065354,.155166,-.065354,.54216,.065354,1,.6777,0,-.669282292830864,1.55745765572748,-.791941626864244,-1.17249198439371,-.539382967332666,2.50145197523423,.000923312149852035,.102774699023234,.00465619305590206,.186862160353817,.16336968449626
P04,26.427515,SO,100,46,5687.227051,8044.230957,-110.944748,-.009766,.504375,27.7776,20.4,15.8,"{""type"":""M"",""msg"":""FADE0"",""time"":26.4064,""dist"":0.514957}",3.840471,19.640471,0,10.1,14.5,.12643,10.1,15.8,.003866,-.009766,-.0059,-.00659082051282051,.000892623480232785,.078153,.504375,.203919256410256,.134259449920023,3.762802,.393332,.12643,.393332,1.39176,.393332,1,1.7397,0,-.636341899441587,1.05302362535688,-.194483356117759,-.539011859234365,-.660533283334035,-.424415100542436,.000923312149852035,.102774699023234,.00465619305590206,.186862160353817,.16336968449626
P04,25.93125,SO,100,47,5692.185059,8057.521484,-111.073441,-.008219,.331558,27.7779,47.2,20.4,"{""type"":""M"",""msg"":""FADE0"",""time"":25.8445,""dist"":0.498947}",3.235371,23.635371,0,13.2,9.5,.199789,9.5,20.4,.003214,-.011271,-.008057,-.00935990909090909,.000841132954845589,.199789,.360445,.320012151515151,.0464770235675121,3.840471,.504375,.199789,.504375,1.15704,.504375,1,1.4463,0,-.8929723702839,1.5540175783477,-.359543861425686,-.324535481129524,-.627560560002324,-.490164922470002,.000923312149852035,.102774699023234,.00465619305590206,.186862160353817,.16336968449626
P04,26.036299,SO,100,48,5687.786133,8044.091797,-110.794708,-.010254,1.078992,27.7776,.4,16.4,"{""type"":""M"",""msg"":""FADE0"",""time"":26.0106,""dist"":0.514806}",3.851588,4.251588,0,11.2,20.1,.237087,11.2,.4,.003866,-.010254,-.006388,-.00725420512820513,.000678002491048334,.237087,1.078992,.593629794871795,.26028192033823,3.235371,.331558,.237087,.331558,1.39176,.331558,1,1.7397,0,-.631627040832508,-.876871322272165,-.194483356117759,-.658326573183451,-.884442905442827,-.303873760341899,.000923312149852035,.102774699023234,.00465619305590206,.186862160353817,.16336968449626
P04,25.019798,SO,100,49,5694.539551,8064.64209,-110.788742,-.008911,.014915,27.7776,16.8,9.6,"{""type"":""M"",""msg"":""FADE0"",""time"":24.9272,""dist"":0.491272}",3.055338,12.655338,0,12.6,19.3,-.030789,12.6,9.6,.003011,-.010254,-.007243,-.00877593548387097,.000614436540552067,-.030789,.044758,.0233410322580645,.0224992662613456,3.851588,1.078992,.030789,1.078992,1.08396,1.078992,1,1.35495,0,-.969326615131287,.177029384240295,-.410935399121253,.785320817398694,-.622841073910336,-.150457509177579,.000923312149852035,.102774699023234,.00465619305590206,.186862160353817,.16336968449626
P04,26.341646,SO,100,50,5684.137695,8037.397461,-111.888206,-.009766,.120953,27.7775,12.2,7.4,"{""type"":""M"",""msg"":""FADE0"",""time"":26.3172,""dist"":0.522359}",4.150047,11.550047,0,33.4,42.6,.204917,33.4,7.4,.001709,-.009766,-.008057,-.00861085714285714,.00044555104667326,.120953,.236729,.206081523809524,.0318480870040336,3.055338,.014915,.204917,.014915,.61524,.014915,1,.76905,0,-.505046849629193,.038416626149935,-.740550089168678,-1.26991347008151,-.960872089539158,2.12886965097803,.000923312149852035,.102774699023234,.00465619305590206,.186862160353817,.16336968449626
P05,29.182476,SO,100,1,5686.780762,8042.949707,-111.066681,-.009074,.554824,27.7774,29.3,22.3,"{""type"":""M"",""msg"":""FADE0"",""time"":29.1175,""dist"":0.515069}",3.846516,26.146516,0,14.2,9.6,.430804,9.6,22.3,.005412,-.009766,-.004354,-.00706348717948718,.00200939604531724,.281612,.554824,.372769282051282,.0753419695179215, , ,.430804, ,1.94832, , ,2.4354,0,-.633778139408135,1.86893621462975,.196902443278032, , ,-.479206618815407,.000701560957894207,.466103540788638,.00201362879855108,.175582555695661,.146474306256175
P05,33.231956,SO,100,2,5651.152344,7960.09082,-114.328072,-.008057,.175724,27.7775,12.1,22.6,"{""type"":""M"",""msg"":""FADE0"",""time"":33.1926,""dist"":0.60596}",7.101074,19.201074,0,44.3,49.5,.238328,44.3,12.1,.003865,-.008911,-.005046,-.00745677464788732,.00120774415688545,.027554,.238328,.0985254647887324,.0595494296061998,3.846516,.554824,.238328,.554824,1.3914,.554824,1,1.73925,0,.746520574727735,.997919557680015,-.194736516401974,-.227094680727778,-.624994283720408,3.3233247493288,.000701560957894207,.466103540788638,.00201362879855108,.175582555695661,.146474306256175
P05,37.153908,SO,100,3,5593.379883,7850.986328,-119.733757,-.006063,1.675241,27.7782,18,-4.459736,"{""type"":""M"",""msg"":""FADE0"",""time"":37.1118,""dist"":0.729245}",11.544157,7.084421,7.084421,46.6,51.2,.224154,46.6,-4.459736,.005859,-.010579,-.00472,-.00834959130434783,.00179094650020328,-1.855016,1.86264,-.643374826086957,.861183962415455,7.101074,.175724,.224154,.175724,2.10924,.175724,1,2.63655,1,2.63088759221489,-.521610313778122,.310065090321963,-.959315486537644,.756659149451219,3.57536573338447,.000701560957894207,.466103540788638,.00201362879855108,.175582555695661,.146474306256175
P05,35.574703,SO,100,4,5620.219238,7896.65918,-116.985489,-.008423,.068488,27.7778,23,31.2,"{""type"":""M"",""msg"":""FADE0"",""time"":35.5098,""dist"":0.675789}",9.720501,32.720501,0,12.2,18.5,.089604,12.2,23,.004354,-.009562,-.005208,-.00784767010309278,.00127998297288194,-.212049,.152294,.00676275257731959,.129529571443168,11.544157,1.675241,.089604,1.675241,1.56744,1.675241,1,1.9593,0,1.8574522956781,2.69336904950731,-.070941137421028,1.93695870514158,2.64287561289003,-.194290723795957,.000701560957894207,.466103540788638,.00201362879855108,.175582555695661,.146474306256175
P05,43.350079,SO,100,5,5535.810059,7750.158691,-121.913628,-.004191,1.085086,27.7776,.1,3.2,"{""type"":""M"",""msg"":""FADE0"",""time"":43.3279,""dist"":0.846155}",15.801312,15.901312,0,9.3,15,.496331,9.3,.1,.005371,-.009562,-.004191,-.00720789808917198,.00154435209294497,-.437492,1.085086,.109364707006369,.34472473998834,9.720501,.068488,.496331,.068488,1.93356,.068488,1,2.41695,0,4.43640022169548,.584101737882547,.186522871625233,-1.16643875304207,1.86868121434988,-.51208152977919,.000701560957894207,.466103540788638,.00201362879855108,.175582555695661,.146474306256175
P05,39.06398,SO,100,6,5544.70166,7778.906738,-124.654625,-.009074,-1.135602,27.778,-5.27103,-8.217689,"{""type"":""M"",""msg"":""FADE0"",""time"":38.9623,""dist"":0.814398}",14.700672,6.482983,6.482983,28.8,16.6,.212234,16.6,-8.217689,.002686,-.010905,-.008219,-.00941545890410959,.000801538753998551,-1.843899,1.855621,-.0993788493150684,.83979521033513,15.801312,1.085086,.212234,1.085086,.96696,1.085086,1,1.2087,1,3.96960504498438,-.597035681396559,-.493212491491001,.797091204079268,4.4501602952628,.287874637006191,.000701560957894207,.466103540788638,.00201362879855108,.175582555695661,.146474306256175
P05,33.268993,SO,100,7,5637.965332,7934.275879,-115.62986,-.006877,-.78877,27.7777,13.4,17.7,"{""type"":""M"",""msg"":""FADE0"",""time"":33.1937,""dist"":0.633878}",8.211612,21.611612,0,18.9,10.7,.232564,10.7,13.4,.001709,-.008586,-.006877,-.00764943902439024,.000721496200850019,-.81539,.232564,-.432812341463415,.35925556400077,14.700672,-1.135602,.232564,-1.135602,.61524,1.135602,1,.76905,0,1.21751361691627,1.30022123267929,-.740550089168678,.894661413064473,3.98290697401733,-.358665278614871,.000701560957894207,.466103540788638,.00201362879855108,.175582555695661,.146474306256175
P05,37.931946,SO,100,8,5591.858398,7827.29541,-115.987473,-.004557,2.356599,27.7537,-6.789442,-4.353901,"{""type"":""M"",""msg"":""FADE0"",""time"":37.91,""dist"":0.75196}",12.354136,5.564694,5.564694,11.4,17.5,.175571,11.4,-6.789442,.002849,-.006877,-.004028,-.00586016260162602,.00102342540690953,-1.831167,2.372935,.533843300813008,.92879170486311,8.211612,-.78877,.175571,-.78877,1.02564,.78877,1,1.28205,1,2.97440980696019,-.71219682087389,-.45194736516402,.224765326225519,1.22811445624482,-.281957153032711,.000701560957894207,.466103540788638,.00201362879855108,.175582555695661,.146474306256175
P05,34.686966,SO,100,9,5624.904785,7899.627441,-115.644005,-.004883,-.839763,27.7785,-4.051533,-.402542,"{""type"":""M"",""msg"":""FADE0"",""time"":34.63,""dist"":0.671519}",9.427502,5.375969,5.375969,10,17.8,.221438,10,-4.051533,.003865,-.008748,-.004883,-.00721254255319149,.000852463320749649,-1.871544,1.836591,.336087872340426,1.01277618700547,12.354136,2.356599,.221438,2.356599,1.3914,2.356599,1,1.73925,1,1.73318775869855,-.735864518132443,-.194736516401974,3.25298219183374,2.98673498370073,-.43537340419703,.000701560957894207,.466103540788638,.00201362879855108,.175582555695661,.146474306256175
P05,29.949135,SO,100,10,5662.046387,7980.900391,-112.19735,-.006226,1.597544,27.7775,-.607981,2.5,"{""type"":""M"",""msg"":""FADE0"",""time"":29.8798,""dist"":0.581747}",6.36903,5.761049,5.761049,7.1,10.6,-.115502,7.1,-.607981,.009928,-.011108,-.00118,-.005939546875,.00323133496384412,-.115502,1.597544,.4467223125,.435591982823954,9.427502,-.839763,.115502,-.839763,3.57408,.839763,1,4.4676,1,.436051567295427,-.687572257645896,1.34017428679122,.323256847066095,1.74429471570218,-.753164210180264,.000701560957894207,.466103540788638,.00201362879855108,.175582555695661,.146474306256175
P05,33.15723,SO,100,11,5624.435547,7898.132324,-115.864868,-.007894,-.581444,27.7783,-4.460468,-.912254,"{""type"":""M"",""msg"":""FADE0"",""time"":33.1112,""dist"":0.673315}",9.54228,5.081812,5.081812,10,18.5,.174748,10,-4.460468,.005534,-.010905,-.005371,-.0075431052631579,.00158863679333642,-1.873935,1.828497,.200702052631579,1.04886497844128,6.36903,1.597544,.174748,1.597544,1.99224,1.597544,1,2.4903,1,1.78186654267201,-.772754272126266,.227787997952215,1.78688917217136,.445885426619213,-.43537340419703,.000701560957894207,.466103540788638,.00201362879855108,.175582555695661,.146474306256175
P05,35.891331,SO,100,12,5621.753906,7903.890137,-117.824409,-.007731,1.875102,27.778,3.4,-1.620407,"{""type"":""M"",""msg"":""FADE0"",""time"":35.8072,""dist"":0.668024}",9.435072,7.814665,7.814665,35.9,43.9,.05566,35.9,-1.620407,.003378,-.010417,-.007039,-.00885015957446809,.00102564345712528,-1.832869,1.875102,-.407950010638298,.636380048479173,9.54228,-.581444,.05566,-.581444,1.21608,.581444,1,1.5201,1,1.73639829028717,-.430031593858267,-.31802557481449,-.17567891219531,1.793021276345,2.40282724234289,.000701560957894207,.466103540788638,.00201362879855108,.175582555695661,.146474306256175
P05,30.79476,SO,100,13,5654.929199,7970.143555,-114.56768,-.006226,-.559048,27.7778,13.8,17.5,"{""type"":""M"",""msg"":""FADE0"",""time"":30.7037,""dist"":0.593776}",6.677605,20.477605,0,25.1,14.7,.381181,14.7,13.8,.002685,-.008911,-.006226,-.00809129850746269,.000594106153531846,-.559048,.381181,-.101386104477612,.294365131275878,9.435072,1.875102,.381181,1.875102,.9666,1.875102,1,1.20825,0,.566922080500131,1.15800724743579,-.493465651775216,2.32298450959941,1.74750839832486,.0796668675689002,.000701560957894207,.466103540788638,.00201362879855108,.175582555695661,.146474306256175
P05,31.743793,SO,100,14,5644.298828,7947.470215,-115.826408,-.009074,-.746715,27.7778,8.1,2,"{""type"":""M"",""msg"":""FADE0"",""time"":31.7235,""dist"":0.620823}",7.604621,9.604621,0,19.5,13.5,.504798,13.5,2,.00118,-.009237,-.008057,-.0087266052631579,.000442148936564664,-.746715,.504798,.0212508552631579,.383264021756689,6.677605,-.559048,.504798,-.559048,.4248,.559048,1,.531,0,.96008114934554,-.205556104579526,-.874471879518208,-.218936145555684,.57688438504642,-.051832776286231,.000701560957894207,.466103540788638,.00201362879855108,.175582555695661,.146474306256175
P05,36.606964,SO,100,15,5587.271484,7822.979004,-117.085335,-.005046,.526529,27.7774,-6.80417,-3.652359,"{""type"":""M"",""msg"":""FADE0"",""time"":36.5806,""dist"":0.757695}",12.587948,5.783778,5.783778,15.6,24.5,.24713,15.6,-6.80417,.002522,-.007568,-.005046,-.006530344,.000828718463653369,-1.859304,2.34889,.40817356,.951494528108539,7.604621,-.746715,.24713,-.746715,.90792,.746715,1,1.1349,1,3.07357239768666,-.684721850487387,-.534730778102198,.143537296712636,.970429326941764,.178291600460249,.000701560957894207,.466103540788638,.00201362879855108,.175582555695661,.146474306256175
P05,32.334484,SO,100,16,5645.598633,7953.556641,-116.084778,-.008423,1.594928,27.7777,1.6,-2.643766,"{""type"":""M"",""msg"":""FADE0"",""time"":32.3229,""dist"":0.614905}",7.399879,4.756113,4.756113,15.7,7.8,-.004168,7.8,-2.643766,.002848,-.010579,-.007731,-.00885562162162162,.000787845609357338,-1.845323,1.85597,-.609790418918919,.862073077864577,12.587948,.526529,.004168,.526529,1.02528,.526529,1,1.2816,1,.873247508854387,-.813599657366236,-.452200525448234,-.281745663846718,3.08599489933804,-.676456084598104,.000701560957894207,.466103540788638,.00201362879855108,.175582555695661,.146474306256175
P05,28.770912,SO,100,17,5681.347168,8030.413086,-111.720154,-.008219,.126793,27.7776,26.7,36.6,"{""type"":""M"",""msg"":""FADE0"",""time"":28.7359,""dist"":0.5295}",4.35914,31.05914,0,11.1,15.7,-.273364,11.1,26.7,.001831,-.008219,-.006388,-.00759784090909091,.000575234186614737,-.273364,.126793,-.110037454545455,.130971462309402,7.399879,1.594928,.273364,1.594928,.65916,1.594928,1,.82395,0,-.416367895671448,2.48502045136098,-.709664534494495,1.78183644300228,.883510462010052,-.314832063996493,.000701560957894207,.466103540788638,.00201362879855108,.175582555695661,.146474306256175
P05,33.86657,SO,100,18,5607.088379,7867.756836,-117.250641,-.004883,-1.82625,27.7779,-1.92116,2.2,"{""type"":""M"",""msg"":""FADE0"",""time"":33.8071,""dist"":0.707775}",10.757702,8.836542,8.836542,37.7,45,.143451,37.7,-1.92116,.003174,-.008057,-.004883,-.00720542056074766,.000660466559469168,-1.82625,1.868789,.543534252336449,.553365534947777,4.35914,.126793,.143451,.126793,1.14264,.126793,1,1.4283,1,2.29734219980654,-.301879650705646,-.369670272794271,-1.05382431336192,-.407370658783881,2.60007670812558,.000701560957894207,.466103540788638,.00201362879855108,.175582555695661,.146474306256175
P05,34.38789,SO,100,19,5609.824219,7881.95166,-118.707939,-.009074,1.369256,27.7777,1,-3.952625,"{""type"":""M"",""msg"":""FADE0"",""time"":34.2914,""dist"":0.692603}",10.335467,6.382842,6.382842,24.9,13.4,.040212,13.4,-3.952625,.001017,-.009074,-.008057,-.00861912621359223,.000266404921037825,-1.863456,1.853164,-.41981232038835,.97313595648306,10.757702,-1.82625,.040212,-1.82625,.36612,1.82625,1,.45765,1,2.118267060398,-.609594202372417,-.91573700584519,2.22862826901534,2.30900285634829,-.0627910799408252,.000701560957894207,.466103540788638,.00201362879855108,.175582555695661,.146474306256175
P05,31.045071,SO,100,20,5662.07666,7987.654785,-114.255196,-.008586,-1.132733,27.7778,7.4,0,"{""type"":""M"",""msg"":""FADE0"",""time"":31.0004,""dist"":0.576138}",6.089619,6.089619,6.089619,13.3,8,.315737,8,0,.00118,-.009237,-.008057,-.00840811475409836,.000354028864094472,-1.132733,.315737,-.369556475409836,.428012514125215,10.335467,1.369256,.315737,1.369256,.4248,1.369256,1,.531,1,.31754987090058,-.646366824935642,-.874471879518208,1.34595743037046,2.12975196041857,-.654539477288916,.000701560957894207,.466103540788638,.00201362879855108,.175582555695661,.146474306256175
P05,30.342028,SO,100,21,5654.089844,7972.686035,-115.134819,-.006226,1.370091,27.778,1.1,-2.739107,"{""type"":""M"",""msg"":""FADE0"",""time"":30.2437,""dist"":0.591529}",6.687617,3.94851,3.94851,13.3,7.1,.063541,7.1,-2.739107,.002848,-.009074,-.006226,-.00863234328358209,.000726135632047105,-1.854599,1.846575,-.374820164179105,1.02778807546926,6.089619,-1.132733,.063541,-1.132733,1.02528,1.132733,1,1.2816,1,.57116829480202,-.914879844459091,-.452200525448234,.88912002163248,.327267424599916,-.753164210180264,.000701560957894207,.466103540788638,.00201362879855108,.175582555695661,.146474306256175
P05,28.184559,SO,100,22,5675.442383,8017.725098,-112.8144,-.007731,-.569927,27.7778,34.4,5.9,"{""type"":""M"",""msg"":""FADE0"",""time"":28.1189,""dist"":0.542629}",4.867045,10.767045,0,22.9,12.7,.213999,12.7,5.9,.000692,-.008423,-.007731,-.00827179591836735,.000265488620251402,-.569927,.213999,-.144580102040816,.237726190303506,6.687617,1.370091,.213999,1.370091,.24912,1.370091,1,.3114,0,-.200959038799584,-.0597783892896805,-.998014098214939,1.3475702089852,.581134766871821,-.139499205522985,.000701560957894207,.466103540788638,.00201362879855108,.175582555695661,.146474306256175
P05,31.358463,SO,100,23,5643.731445,7943.522461,-114.505806,-.006388,.451506,27.7777,3,7.6,"{""type"":""M"",""msg"":""FADE0"",""time"":31.3232,""dist"":0.624221}",7.707262,10.707262,0,26.4,32.1,-.084274,26.4,3,.001018,-.007406,-.006388,-.00674336363636364,.000430381407012887,-.413448,.451506,-.195119415584416,.227001579786141,4.867045,-.569927,.084274,-.569927,.36648,.569927,1,.4581,0,1.00361247996482,-.0672756787065996,-.915483845560975,-.197923668250473,-.191750385009367,1.36178839515643,.000701560957894207,.466103540788638,.00201362879855108,.175582555695661,.146474306256175
P05,29.6509,SO,100,24,5645.699219,7948.365234,-115.01342,-.007568,.155597,27.7778,12.8,20.1,"{""type"":""M"",""msg"":""FADE0"",""time"":29.5529,""dist"":0.617284}",7.50823,20.30823,0,25.3,16.1,.358473,16.1,12.8,.001343,-.008586,-.007243,-.00781046666666667,.000422105607809401,.087425,.358473,.189244453333333,.0891909435657179,7.707262,.451506,.358473,.451506,.48348,.451506,1,.60435,0,.919200521821228,1.13676620240642,-.833206753191226,-.426650442306949,1.01400338216959,.23308311873322,.000701560957894207,.466103540788638,.00201362879855108,.175582555695661,.146474306256175
P05,36.163383,SO,100,25,5561.215332,7795.917969,-122.003319,-.007568,1.675622,27.778,5.6,-3.863517,"{""type"":""M"",""msg"":""FADE0"",""time"":36.0944,""dist"":0.792388}",13.892103,10.028586,10.028586,31.7,18.5,.222935,18.5,-3.863517,.000855,-.008423,-.007568,-.0083689347826087,.000116303918915322,-1.853143,1.872819,-.39459634057971,.83995269378454,7.50823,.155597,.222935,.155597,.3078,.155597,1,.38475,1,3.6266808288573,-.15238733908358,-.956748971887957,-.998190211302971,.929508576389202,.496082406443482,.000701560957894207,.466103540788638,.00201362879855108,.175582555695661,.146474306256175
P05,28.763187,SO,100,26,5668.580566,8000.282715,-113.56736,-.007406,-.158067,27.7779,26.9,31.3,"{""type"":""M"",""msg"":""FADE0"",""time"":28.7364,""dist"":0.562545}",5.465131,32.365131,0,24.9,17.4,.568285,17.4,26.9,.001668,-.009074,-.007406,-.00874543636363636,.000505947873308161,-.158067,.570149,.326607781818182,.231552094497248,13.892103,1.675622,.568285,1.675622,.60048,1.675622,1,.7506,0,.0526967070014332,2.64880267210754,-.750929660821477,1.93769459574304,3.63964618874137,.375541066242945,.000701560957894207,.466103540788638,.00201362879855108,.175582555695661,.146474306256175
P05,35.343227,SO,100,27,5577.928223,7826.658691,-120.767929,-.007568,.279277,27.7778,-2.948825,-8.628139,"{""type"":""M"",""msg"":""FADE0"",""time"":35.2873,""dist"":0.757505}",12.576423,3.948284,3.948284,17.6,6.5,-.276698,6.5,-8.628139,.000855,-.008423,-.007568,-.008172992,.000159400717204037,-1.871835,1.84979,-.118033304,1.14445291190569,5.465131,-.158067,.276698,-.158067,.3078,.158067,1,.38475,1,3.06868450117954,-.914908186753861,-.956748971887957,-.993419476957546,.062154315792366,-.81891403210783,.000701560957894207,.466103540788638,.00201362879855108,.175582555695661,.146474306256175
P05,27.889404,SO,100,28,5667.750488,7999.131836,-113.357361,-.0059,-.464916,27.778,11.8,15.5,"{""type"":""M"",""msg"":""FADE0"",""time"":27.8828,""dist"":0.564467}",5.589773,17.389773,0,39,44.8,.300572,39,11.8,.002523,-.008423,-.0059,-.0079425,.000561952019951235,-.464916,.300572,-.0736961071428571,.237842496167196,12.576423,.279277,.300572,.279277,.90828,.279277,1,1.13535,0,.105558936627491,.770767226446134,-.534477617817983,-.75930582918067,3.08110220551685,2.74253465563531,.000701560957894207,.466103540788638,.00201362879855108,.175582555695661,.146474306256175
P05,29.621534,SO,100,29,5650.06543,7958.629883,-114.803032,-.008748,-.210571,27.7777,22.5,11.2,"{""type"":""M"",""msg"":""FADE0"",""time"":29.54,""dist"":0.606521}",7.185659,18.385659,0,29.7,36.7,-.060123,29.7,11.2,.001017,-.008748,-.007731,-.00792034722222222,.00034155993265869,-.227489,-.060123,-.187911125,.045829145746845,5.589773,-.464916,.060123,-.464916,.36612,.464916,1,.45765,0,.782394130133779,.895659680291842,-.91573700584519,-.400749410901225,.115068428005876,1.72341241575804,.000701560957894207,.466103540788638,.00201362879855108,.175582555695661,.146474306256175
P05,32.547901,SO,100,30,5607.68457,7870.825684,-117.706978,-.007406,.984185,27.7777,1.1,9.1,"{""type"":""M"",""msg"":""FADE0"",""time"":32.4728,""dist"":0.704322}",10.647751,11.747751,0,40.9,47.1,.129724,40.9,1.1,.001018,-.008057,-.007039,-.00756120754716981,.000302670612004319,.071225,.984185,.272363301886792,.262142928590789,7.185659,-.210571,.129724,-.210571,.36648,.210571,1,.4581,0,2.25071060684739,.0632103652878602,-.915483845560975,-.892009502839263,.792567913604392,2.9507424250726,.000701560957894207,.466103540788638,.00201362879855108,.175582555695661,.146474306256175
P05,32.653244,SO,100,31,5609.925293,7874.862793,-117.399857,-.007894,1.05977,27.7778,.4,8.8,"{""type"":""M"",""msg"":""FADE0"",""time"":32.633,""dist"":0.701175}",10.539682,10.939682,0,24.7,33,.075402,24.7,.4,.001343,-.007894,-.006551,-.00744085714285714,.00039590581214212,.022051,1.05977,.259419619047619,.290266077804929,10.647751,.984185,.075402,.984185,.48348,.984185,1,.60435,0,2.20487719360419,-.0381282621119097,-.833206753191226,.602203808861591,2.26232549597227,1.17549723302833,.000701560957894207,.466103540788638,.00201362879855108,.175582555695661,.146474306256175
P05,33.477856,SO,100,32,5592.223145,7852.243164,-120.0177,-.008423,.047506,27.7777,-2.635569,-6.990792,"{""type"":""M"",""msg"":""FADE0"",""time"":33.4169,""dist"":0.728018}",11.462706,4.471914,4.471914,16.1,7.9,-.226378,7.9,-6.990792,.000488000000000001,-.008911,-.008423,-.00856417543859649,.000182912631865117,-1.846577,1.867963,-.122673043859649,1.06672359964752,10.539682,1.05977,.226378,1.05977,.17568,1.05977,1,.2196,1,2.59634320536878,-.849240594672812,-1.04965879619472,.748194074245761,2.21644709870006,-.66549778094351,.000701560957894207,.466103540788638,.00201362879855108,.175582555695661,.146474306256175
P05,31.115934,SO,100,33,5649.891113,7953.880859,-114.145638,-.007243,1.638107,27.7778,-1.516956,5,"{""type"":""M"",""msg"":""FADE0"",""time"":31.0572,""dist"":0.611645}",7.294019,5.777063,5.777063,12.2,19.7,.058138,12.2,-1.516956,.000163,-.007406,-.007243,-.00739930136986301,3.25813873807265E-05,.058138,1.638107,.683882643835616,.469108889136046,11.462706,.047506,.058138,.047506,.05868,.047506,1,.07335,1,.828350960113076,-.685563967785526,-1.13193588856447,-1.20696488585004,2.60829732183322,-.194290723795957,.000701560957894207,.466103540788638,.00201362879855108,.175582555695661,.146474306256175
P05,29.50948,SO,100,34,5650.043945,7956.183594,-114.252762,-.009237,.806771,27.7776,3.8,29.6,"{""type"":""M"",""msg"":""FADE0"",""time"":29.4338,""dist"":0.608943}",7.193608,10.993608,0,18.2,10.8,-.230476,10.8,3.8,.003702,-.009399,-.005697,-.00745880555555556,.00115225128860044,-.263023,.806771,.0242490138888888,.337711260141321,7.294019,1.638107,.230476,1.638107,1.33272,1.638107,1,1.6659,0,.785765400358082,-.0313654895997108,-.236001642728955,1.86523544636304,.838569848742275,-.347706974960276,.000701560957894207,.466103540788638,.00201362879855108,.175582555695661,.146474306256175
P05,32.145523,SO,100,35,5619.3125,7898.896973,-118.10215,-.009562,-1.78288,27.7777,3,-1.519079,"{""type"":""M"",""msg"":""FADE0"",""time"":32.0906,""dist"":0.674411}",9.531025,8.011946,8.011946,21.4,14.2,.203996,14.2,-1.519079,.00118,-.009766,-.008586,-.00892521052631579,.000299869010223253,-1.78288,.209922,-.420943389473684,.598433017469193,7.193608,.806771,.203996,.806771,.4248,.806771,1,.531,1,1.77709315653859,-.405290902466747,-.874471879518208,.259533742805269,.795942492622582,.0248753492959288,.000701560957894207,.466103540788638,.00201362879855108,.175582555695661,.146474306256175
P05,29.390472,SO,100,36,5657.242188,7977.247559,-114.92778,-.009074,-1.363737,27.7778,4.6,-.602874,"{""type"":""M"",""msg"":""FADE0"",""time"":29.3036,""dist"":0.586419}",6.397611,5.794737,5.794737,17.8,10.9,.197328,10.9,-.602874,.000651,-.009237,-.008586,-.009038421875,.000182259261065241,-1.363737,.197328,-.405671109375,.467685623578255,9.531025,-1.78288,.197328,-1.78288,.23436,1.78288,1,.29295,1,.448173126520586,-.683347500007819,-1.00839366986774,2.14486035461815,1.78824320528578,-.336748671305682,.000701560957894207,.466103540788638,.00201362879855108,.175582555695661,.146474306256175
P05,32.920307,SO,100,37,5650.34668,7961.173828,-114.891762,-.009237,-1.019151,27.7778,10.1,1.2,"{""type"":""M"",""msg"":""FADE0"",""time"":32.884,""dist"":0.60531}",7.081865,8.281865,0,17.2,9.5,.035552,9.5,1.2,.001994,-.009237,-.007243,-.00806228169014084,.000551813741430375,-1.019151,.035552,-.513562788732394,.32825538644045,6.397611,-1.363737,.035552,-1.363737,.71784,1.363737,1,.8973,0,.73837379780754,-.371440796882795,-.668399408167513,1.33529763974196,.458018882767015,-.490164922470002,.000701560957894207,.466103540788638,.00201362879855108,.175582555695661,.146474306256175
P05,32.567039,SO,100,38,5641.298828,7935.42334,-114.565956,-.007406,1.738673,27.7779,-1.317005,3.4,"{""type"":""M"",""msg"":""FADE0"",""time"":32.5301,""dist"":0.632605}",8.012329,6.695324,6.695324,23.4,34,.193505,23.4,-1.317005,.001831,-.007894,-.006063,-.0070186375,.000778180354672832,.193505,1.738673,.6116015875,.440758447101883,7.081865,-1.019151,.193505,-1.019151,.65916,1.019151,1,.82395,1,1.13299520653638,-.570406339742945,-.709664534494495,.669739637655966,.748504376730071,1.0330392855186,.000701560957894207,.466103540788638,.00201362879855108,.175582555695661,.146474306256175
P05,27.422997,SO,100,39,5666.687988,7992.677246,-113.007469,-.006877,1.116642,27.7777,.1,9.3,"{""type"":""M"",""msg"":""FADE0"",""time"":27.3519,""dist"":0.569106}",5.765814,5.865814,0,18.8,31.2,.354752,18.8,.1,.002197,-.008423,-.006226,-.00761339655172414,.000757315108340798,.354752,1.116642,.636317482758621,.238080294255195,8.012329,1.738673,.354752,1.738673,.79092,1.738673,1,.98865,0,.180220124394061,-.674433848302713,-.617007870471947,2.05947579866342,1.14351309374867,.528957317407265,.000701560957894207,.466103540788638,.00201362879855108,.175582555695661,.146474306256175
P05,26.743727,SO,100,40,5685.248047,8038.171387,-110.963562,-.005534,.884935,27.778,1.4,6.4,"{""type"":""M"",""msg"":""FADE0"",""time"":26.6789,""dist"":0.520061}",4.044983,5.444983,0,10.1,17.6,.073903,10.1,1.4,.002197,-.007731,-.005534,-.0071970487804878,.000554482594461698,.073903,.884935,.42224656097561,.237263805993039,5.765814,1.116642,.073903,1.116642,.79092,1.116642,1,.98865,0,-.549605804824329,-.7272095839234,-.617007870471947,.858040715417005,.189802893340022,-.424415100542436,.000701560957894207,.466103540788638,.00201362879855108,.175582555695661,.146474306256175
P05,26.331232,SO,100,41,5684.35791,8038.612793,-112.024033,-.006551,-.12531,27.778,16,20.4,"{""type"":""M"",""msg"":""FADE0"",""time"":26.2552,""dist"":0.519698}",4.048929,20.048929,0,23.3,14.7,.416013,14.7,16,.002197,-.008748,-.006551,-.008525,.000379930585765347,-.12531,.416013,.187887853658537,.164830905629309,4.044983,.884935,.416013,.884935,.79092,.884935,1,.98865,0,-.547932256918291,1.10424768304311,-.617007870471947,.410505272916908,-.540739336682661,.0796668675689002,.000701560957894207,.466103540788638,.00201362879855108,.175582555695661,.146474306256175
P05,28.299599,SO,100,42,5667.562988,8001.289063,-113.983742,-.008911,-1.497612,27.7778,4.3,-.911497,"{""type"":""M"",""msg"":""FADE0"",""time"":28.2541,""dist"":0.561357}",5.581869,4.670372,4.670372,13.1,7.5,.110722,7.5,-.911497,.001018,-.009237,-.008219,-.00890323214285714,.000406451472718853,-1.497612,.110722,-.588055892857143,.478535064342935,4.048929,-.12531,.110722,-.12531,.36648,.12531,1,.4581,1,.102206751465472,-.824352297613398,-.915483845560975,-1.05668868544057,-.539064146242886,-.709330995561887,.000701560957894207,.466103540788638,.00201362879855108,.175582555695661,.146474306256175
P05,26.999149,SO,100,43,5687.38916,8043.75293,-110.852119,-.007406,.832043,27.7777,2.3,10.3,"{""type"":""M"",""msg"":""FADE0"",""time"":26.981,""dist"":0.515384}",3.876213,6.176213,0,7.7,12.6,-.002478,7.7,2.3,.001343,-.007731,-.006388,-.00737017948717949,.000303877561198141,-.002478,.832043,.374697282051282,.253008976079688,5.581869,-1.497612,.002478,-1.497612,.48348,1.497612,1,.60435,0,-.621183270638338,-.635507211336982,-.833206753191226,1.59387337273535,.111712952781349,-.687414388252699,.000701560957894207,.466103540788638,.00201362879855108,.175582555695661,.146474306256175
P05,27.263689,SO,100,44,5675.995605,8016.722168,-112.636665,-.007406,.327248,27.7778,18,24.7,"{""type"":""M"",""msg"":""FADE0"",""time"":27.1768,""dist"":0.542829}",4.888763,22.888763,0,1000000,25.9,.487401,25.9,18,.001017,-.008423,-.007406,-.00837897959183673,.000163966522217687,.327248,.497916,.449282469387755,.0520196877113616,3.876213,.832043,.487401,.832043,.36612,.832043,1,.45765,0,-.191748163628945,1.4603866756331,-.91573700584519,.3083458878974,-.61238705348979,1.30699687688346,.000701560957894207,.466103540788638,.00201362879855108,.175582555695661,.146474306256175
P05,27.165371,SO,100,45,5675.155762,8014.294434,-112.120262,-.006226,.491427,27.7779,4.2,9.5,"{""type"":""M"",""msg"":""FADE0"",""time"":27.1113,""dist"":0.546263}",4.976231,9.176231,0,8.6,12.7,-.184295,8.6,4.2,.001668,-.007568,-.0059,-.00744364,.000329124054522464,-.184295,.491427,.09611308,.203313904553851,4.888763,.327248,.184295,.327248,.60048,.327248,1,.7506,0,-.154651891899255,-.259279802174394,-.750929660821477,-.666651214895507,-.18253046965938,-.58878965536135,.000701560957894207,.466103540788638,.00201362879855108,.175582555695661,.146474306256175
P05,29.868509,SO,100,46,5652.382813,7966.476563,-114.887619,-.008911,-1.371212,27.7777,7.4,-1.210119,"{""type"":""M"",""msg"":""FADE0"",""time"":29.8576,""dist"":0.600354}",6.881662,5.671543,5.671543,17.6,8.6,.01935,8.6,-1.210119,.00118,-.008911,-.007731,-.00811168115942029,.000210227572263518,-1.371212,.01935,-.674724057971015,.414656713743177,4.976231,.491427,.01935,.491427,.4248,.491427,1,.531,1,.653465203932076,-.698797060458582,-.874471879518208,-.349544172750802,-.145397789125601,-.58878965536135,.000701560957894207,.466103540788638,.00201362879855108,.175582555695661,.146474306256175
P05,30.570135,SO,100,47,5666.364258,7994.310059,-113.477371,-.008748,.162621,27.7778,20.8,11.9,"{""type"":""M"",""msg"":""FADE0"",""time"":30.5132,""dist"":0.567928}",5.762346,17.662346,0,39.8,25.9,.15719,25.9,11.9,.000855,-.009074,-.008219,-.00856508620689655,.000328068418435596,.15719,.268044,.230107775862069,.0334671887276904,6.881662,-1.371212,.15719,-1.371212,.3078,1.371212,1,.38475,0,.178749302260726,.804950165881055,-.956748971887957,1.3497353884189,.663512447785724,1.30699687688346,.000701560957894207,.466103540788638,.00201362879855108,.175582555695661,.146474306256175
P05,32.337334,SO,100,48,5637.235352,7934.664551,-116.368958,-.007568,-1.628998,27.7779,6.9,-1.621209,"{""type"":""M"",""msg"":""FADE0"",""time"":32.2499,""dist"":0.633462}",8.10965,6.488441,6.488441,23.4,12.2,.01461,12.2,-1.621209,.001018,-.008586,-.007568,-.00851308641975309,.000160396009733009,-1.628998,.01461,-.646291061728395,.48926371056283,5.762346,.162621,.01461,.162621,.36648,.162621,1,.4581,1,1.17427025868122,-.59635120243703,-.915483845560975,-.984623556225132,.188330627641811,-.194290723795957,.000701560957894207,.466103540788638,.00201362879855108,.175582555695661,.146474306256175
P05,27.180855,SO,100,49,5696.16748,8068.211426,-110.771332,-.007731,.286512,27.7783,30.9,36.7,"{""type"":""M"",""msg"":""FADE0"",""time"":27.1517,""dist"":0.489073}",2.838476,33.738476,0,10.9,8.3,.09967,8.3,30.9,.007894,-.015625,-.007731,-.0116162413793103,.00233481122906531,.09967,.397935,.326522137931034,.0787141675974009,8.10965,-1.628998,.09967,-1.628998,2.84184,1.628998,1,3.5523,0,-1.0613004990642,2.82103164914581,.8252462686987,1.84764167342682,1.18482865603691,-.621664566325133,.000701560957894207,.466103540788638,.00201362879855108,.175582555695661,.146474306256175
P05,31.309866,SO,100,50,5636.376953,7933.878418,-116.181229,-.008057,1.692748,27.7779,4.8,-4.248894,"{""type"":""M"",""msg"":""FADE0"",""time"":31.2399,""dist"":0.63497}",8.207418,3.958524,3.958524,15.8,6.6,-.094697,6.6,-4.248894,.000488000000000001,-.008219,-.007731,-.00792365853658537,.000155762578075404,-1.871426,1.857404,-.71830587804878,1.01113368330777,2.838476,.286512,.094697,.286512,.17568,.286512,1,.2196,1,1.21573488911142,-.913624004902344,-1.04965879619472,-.745331633638506,-1.05293624289715,-.807955728453235,.000701560957894207,.466103540788638,.00201362879855108,.175582555695661,.146474306256175
P06,28.191063,SO,100,1,5677.237793,8019.828125,-111.881866,-.007243,.30644,27.7777,6.1,12.8,"{""type"":""M"",""msg"":""FADE0"",""time"":28.1646,""dist"":0.541108}",4.756636,10.856636,0,17.6,24,-.120975,17.6,6.1,.000692,-.007243,-.006551,-.00700008333333333,.00014310104053227,-.143528,.30644,-.0151312708333333,.138545493448325, , ,.120975, ,.24912, , ,.3114,0,-.247784875281535,-.0485429267643605,-.998014098214939, , ,.397457673552134,.000372727163617195,.444779851807682,.00143831847823626,.169932261784191,.148083601952283
P06,27.979076,SO,100,2,5667.381836,7997.165039,-113.534805,-.009237,-.032239,27.7778,13,7,"{""type"":""M"",""msg"":""FADE0"",""time"":27.9022,""dist"":0.56442}",5.68149,12.68149,0,10,15.5,-.291479,10,7,.003378,-.010417,-.007039,-.0089839649122807,.000779244780103336,-.291479,.137275,.0123264035087719,.123097560313363,4.756636,.30644,.291479,.30644,1.21608,.30644,1,1.5201,0,.144457262349263,.180309064297022,-.31802557481449,-.706841271680766,-.238622179551989,-.43537340419703,.000372727163617195,.444779851807682,.00143831847823626,.169932261784191,.148083601952283
P06,30.017794,SO,100,3,5650.623047,7960.632324,-116.034508,-.011108,-.564155,27.7779,4.5,1.4,"{""type"":""M"",""msg"":""FADE0"",""time"":29.9917,""dist"":0.606085}",7.019364,8.419364,0,6.5,13.2,-.141537,6.5,1.4,.00354,-.011434,-.007894,-.0106897285714286,.000754871558734554,-.564155,.648721,.2962624,.327841397762296,5.68149,-.032239,.141537,-.032239,1.2744,.032239,1,1.593,0,.711866342745376,-.35419726949981,-.277013608771723,-1.23645265963611,.154004931190088,-.81891403210783,.000372727163617195,.444779851807682,.00143831847823626,.169932261784191,.148083601952283
P06,32.059166,SO,100,4,5625.057129,7905.505371,-116.944351,-.008219,.356246,27.778,28.5,34.1,"{""type"":""M"",""msg"":""FADE0"",""time"":32.0224,""dist"":0.66653}",9.330942,37.830942,0,16.9,24.4,.107177,16.9,28.5,.001342,-.008748,-.007406,-.00806130107526882,.000415550676681119,.097177,.378692,.240435967741935,.107174406811013,7.019364,-.564155,.107177,-.564155,.48312,.564155,1,.6039,0,1.69223545616255,3.33426119652385,-.833459913475441,-.209072121141886,.721970905448669,.320749547969974,.000372727163617195,.444779851807682,.00143831847823626,.169932261784191,.148083601952283
P06,33.802277,SO,100,5,5603.008789,7850.208008,-116.152946,-.006551,.788021,27.7727,-6.890276,-4.158369,"{""type"":""M"",""msg"":""FADE0"",""time"":33.7402,""dist"":0.725409}",11.478291,4.588015,4.588015,8.4,13.1,.038094,8.4,-6.890276,.00118,-.007406,-.006226,-.00673428947368421,.000241286438806521,-1.864851,2.360779,.383848903508772,.975309695677315,9.330942,.356246,.038094,.356246,.4248,.356246,1,.531,1,2.60295299860639,-.834680555889316,-.874471879518208,-.610642407385947,1.7033022197912,-.610706262670539,.000372727163617195,.444779851807682,.00143831847823626,.169932261784191,.148083601952283
P06,29.613916,SO,100,6,5664.30127,7987.433105,-113.392334,-.008423,1.011547,27.7778,26.6,38.7,"{""type"":""M"",""msg"":""FADE0"",""time"":29.5901,""dist"":0.57613}",6.008384,32.608384,0,11.5,20.3,.173292,11.5,26.6,.000855,-.008423,-.007568,-.00806746666666667,.000361306502433273,.173292,1.011547,.6006103,.259812437334066,11.478291,.788021,.173292,.788021,.3078,.788021,1,.38475,0,.283097092353439,2.67930863772542,-.956748971887957,.223318654150732,2.61491360237147,-.270998849378116,.000372727163617195,.444779851807682,.00143831847823626,.169932261784191,.148083601952283
P06,29.899628,SO,100,7,5650.858398,7960.089355,-115.118088,-.009074,-.106625,27.7779,12.2,6,"{""type"":""M"",""msg"":""FADE0"",""time"":29.8291,""dist"":0.605195}",7.095749,13.095749,0,18.3,27.9,.087874,18.3,6,.001343,-.009074,-.007731,-.00864583098591549,.000514211434720763,-.106625,.246986,.151969056338028,.0884056726457055,6.008384,1.011547,.087874,1.011547,.48348,1.011547,1,.60435,0,.744262175690823,.232260616018473,-.833206753191226,.655052729169081,.292780831752686,.474165799134294,.000372727163617195,.444779851807682,.00143831847823626,.169932261784191,.148083601952283
P06,34.56683,SO,100,8,5621.021973,7893.915527,-116.184105,-.006551,-1.696633,27.778,-2.625838,2.1,"{""type"":""M"",""msg"":""FADE0"",""time"":34.4751,""dist"":0.677234}",9.738549,7.112711,7.112711,6.1,9.9,-.081863,6.1,-2.625838,.004191,-.009399,-.005208,-.00745379381443299,.00113391167478395,-1.857446,1.842638,.636651587628866,.702049376053374,7.095749,-.106625,.081863,-.106625,1.50876,.106625,1,1.88595,1,1.86510667799138,-.518062510596538,-.11220626374801,-1.09277822845444,.754398533867893,-.862747246726207,.000372727163617195,.444779851807682,.00143831847823626,.169932261784191,.148083601952283
P06,30.02039,SO,100,9,5643.760742,7947.085938,-116.484192,-.011597,-1.081739,27.7776,3.6,.1,"{""type"":""M"",""msg"":""FADE0"",""time"":29.9785,""dist"":0.620773}",7.610722,7.710722,0,18.8,12.8,.224625,12.8,.1,.004028,-.012085,-.008057,-.00957397368421053,.00113896619761003,-1.081739,.269519,-.00115660526315786,.383839047421011,9.738549,-1.696633,.224625,-1.696633,1.45008,1.696633,1,1.8126,0,.962668659678723,-.443066917509854,-.153471390074992,1.97827674122146,1.87634310919455,-.128540901868391,.000372727163617195,.444779851807682,.00143831847823626,.169932261784191,.148083601952283
P06,31.772436,SO,100,10,5627.649902,7915.066406,-117.468872,-.008911,-1.63043,27.7778,3.6,-1.218605,"{""type"":""M"",""msg"":""FADE0"",""time"":31.677,""dist"":0.655099}",8.821895,7.60329,7.60329,19.6,12.9,.080467,12.9,-1.218605,.001547,-.009766,-.008219,-.00903829545454546,.000328021276261542,-1.63043,.105053,-.402246511363636,.52948953628138,7.610722,-1.081739,.080467,-1.081739,.55692,1.081739,1,.69615,1,1.47634226282117,-.456539791012998,-.781562055211445,.790626569320508,.973019376833572,-.117582598213797,.000372727163617195,.444779851807682,.00143831847823626,.169932261784191,.148083601952283
P06,30.888916,SO,100,11,5639.624023,7931.20459,-114.634109,-.006877,-1.691137,27.7776,-1.821609,2,"{""type"":""M"",""msg"":""FADE0"",""time"":30.8801,""dist"":0.637856}",8.193941,6.372332,6.372332,16.2,22,-.12137,16.2,-1.821609,.00236,-.007568,-.005208,-.00674574390243902,.000723315869578833,-1.862398,1.831936,.340072743902439,.769235733281599,8.821895,-1.63043,.12137,-1.63043,.8496,1.63043,1,1.062,1,1.21001912501368,-.610912244487597,-.575742744144965,1.85040754046433,1.48719713418642,.244041422387814,.000372727163617195,.444779851807682,.00143831847823626,.169932261784191,.148083601952283
P06,29.685608,SO,100,12,5648.217285,7952.180664,-114.827538,-.008057,.824009,27.7777,10.6,24.9,"{""type"":""M"",""msg"":""FADE0"",""time"":29.6158,""dist"":0.613526}",7.420269,18.020269,0,54.3,58.9,.190979,54.3,10.6,.000366,-.008423,-.008057,-.00810313513513513,.000116623422108203,.190979,.824009,.516804324324324,.184690196663917,8.193941,-1.691137,.190979,-1.691137,.13176,1.691137,1,.1647,0,.881895162631407,.849836710885019,-1.0805443508689,1.96766137443504,1.22061260873816,4.41915511478823,.000372727163617195,.444779851807682,.00143831847823626,.169932261784191,.148083601952283
P06,30.096802,SO,100,13,5655.150391,7969.993652,-114.723854,-.008911,-.298909,27.7777,12.2,5.3,"{""type"":""M"",""msg"":""FADE0"",""time"":30.0753,""dist"":0.595718}",6.687083,11.987083,0,25.3,17.4,-.101307,17.4,5.3,.000488000000000001,-.009074,-.008586,-.00891107462686567,.00015525563605959,-.298909,.083871,-.0157548805970149,.103048468699681,7.420269,.824009,.101307,.824009,.17568,.824009,1,.2196,0,.570941818729586,.0932246046323244,-1.04965879619472,.292828446710704,.892166603182638,.375541066242945,.000372727163617195,.444779851807682,.00143831847823626,.169932261784191,.148083601952283
P06,32.273968,SO,100,14,5615.651367,7884.221191,-117.114746,-.009074,1.747308,27.7776,-2.333218,33.6,"{""type"":""M"",""msg"":""FADE0"",""time"":32.176,""dist"":0.688129}",10.171341,7.838123,7.838123,10.8,16.6,.017549,10.8,-2.333218,.00236,-.009237,-.006877,-.00769564356435644,.000394762551014111,.017549,1.747308,.693333920792079,.503786725361232,6.687083,-.298909,.017549,-.298909,.8496,.298909,1,1.062,1,2.04865917301168,-.427089763987867,-.575742744144965,-.721387182755823,.580908068520367,-.347706974960276,.000372727163617195,.444779851807682,.00143831847823626,.169932261784191,.148083601952283
P06,33.251205,SO,100,15,5609.759277,7882.614258,-118.960098,-.008911,.998018,27.7777,-.20346,-3.545389,"{""type"":""M"",""msg"":""FADE0"",""time"":33.1752,""dist"":0.692634}",10.355295,6.809906,6.809906,19,12,.197611,12,-3.545389,0,-.008911,-.008911,-.008911,0,-1.853578,1.851197,-.18944018446602,.94371177558599,10.171341,1.747308,.197611,1.747308,0,1.747308,1,0,1,2.12667636295272,-.55603679629465,-1.17320101489145,2.07615405415846,2.06007575511735,-.216207331105145,.000372727163617195,.444779851807682,.00143831847823626,.169932261784191,.148083601952283
P06,30.505564,SO,100,16,5645.451172,7947.553223,-115.133965,-.008057,.274156,27.7779,22.7,30.3,"{""type"":""M"",""msg"":""FADE0"",""time"":30.4098,""dist"":0.618167}",7.596567,30.296567,0,24.2,15.6,.059763,15.6,22.7,.000691000000000001,-.008748,-.008057,-.00806822368421053,8.11707005734148E-05,.059763,.274156,.171639263157895,.0634966909704474,10.355295,.998018,.059763,.998018,.24876,.998018,1,.31095,0,.956665347309242,2.38938740379681,-.998267258499153,.628921852667362,2.13816951643476,.178291600460249,.000372727163617195,.444779851807682,.00143831847823626,.169932261784191,.148083601952283
P06,31.131937,SO,100,17,5638.525391,7928.200195,-114.890167,-.007406,-1.373919,27.7776,-3.146061,1.1,"{""type"":""M"",""msg"":""FADE0"",""time"":31.1189,""dist"":0.640967}",8.402973,5.256912,5.256912,10.5,17.3,.018565,10.5,-3.146061,.000163,-.007406,-.007243,-.00739047619047619,4.81349699271848E-05,-1.85607,1.850642,.449416380952381,.954114526194117,7.596567,.274156,.018565,.274156,.05868,.274156,1,.07335,1,1.29867220810922,-.750795264098858,-1.13193588856447,-.769196894193997,.96701017240503,-.380581885924059,.000372727163617195,.444779851807682,.00143831847823626,.169932261784191,.148083601952283
P06,29.883938,SO,100,18,5645.768066,7951.808105,-115.706696,-.008748,-1.255179,27.7778,6.4,-.405426,"{""type"":""M"",""msg"":""FADE0"",""time"":29.8319,""dist"":0.615278}",7.4144,7.008974,7.008974,18.8,11.4,.024838,11.4,-.405426,.000163,-.008911,-.008748,-.00875240540540541,2.66128606869495E-05,-1.255179,.024838,-.434742,.386170739063854,8.402973,-1.373919,.024838,-1.373919,.05868,1.373919,1,.07335,1,.879406046397109,-.531072000121034,-1.13193588856447,1.35496388148491,1.30935270199897,-.281957153032711,.000372727163617195,.444779851807682,.00143831847823626,.169932261784191,.148083601952283
P06,32.14978,SO,100,19,5635.553223,7931.246094,-116.596802,-.008586,-1.660718,27.7778,4.5,-1.624658,"{""type"":""M"",""msg"":""FADE0"",""time"":32.1051,""dist"":0.638464}",8.309429,6.684771,6.684771,25.9,18.1,-.082525,18.1,-1.624658,.002686,-.010417,-.007731,-.009071,.000957883349993683,-1.660718,.037507,-.545961048192771,.54872743857728,7.4144,-1.255179,.082525,-1.255179,.96696,1.255179,1,1.2087,1,1.25899902885873,-.571729774418634,-.493212491491001,1.12562096805346,.889675043960376,.452249191825106,.000372727163617195,.444779851807682,.00143831847823626,.169932261784191,.148083601952283
P06,30.9307,SO,100,20,5647.707031,7950.106445,-114.457428,-.007568,1.246348,27.7775,-.403896,8.4,"{""type"":""M"",""msg"":""FADE0"",""time"":30.8315,""dist"":0.614803}",7.493999,7.090103,7.090103,14.8,22.7,-.17,14.8,-.403896,0,-.007568,-.007568,-.007568,0,-.17,1.246348,.414154146666667,.421812195614406,8.309429,-1.660718,.17,-1.660718,0,1.660718,1,0,1,.913164976902112,-.520897743340591,-1.17320101489145,1.90890794607332,1.26964058479209,.0906251712234946,.000372727163617195,.444779851807682,.00143831847823626,.169932261784191,.148083601952283
P06,30.606005,SO,100,21,5638.192383,7937.204102,-116.61071,-.008911,-1.871595,27.7778,2.7,-1.72579,"{""type"":""M"",""msg"":""FADE0"",""time"":30.518,""dist"":0.630744}",8.008969,6.283179,6.283179,17.4,11.3,.090874,11.3,-1.72579,.000326,-.009237,-.008911,-.0091167875,.000155056191835677,-1.871595,.094162,-.5600579625,.6064403436278,7.493999,1.246348,.090874,1.246348,.11736,1.246348,1,.1467,1,1.13157018855253,-.622092778140753,-1.09067076223749,1.10856414416502,.923467107775809,-.292915456687305,.000372727163617195,.444779851807682,.00143831847823626,.169932261784191,.148083601952283
P06,32.269726,SO,100,22,5621.846191,7904.270508,-117.480812,-.008219,1.791244,27.7776,4.4,-3.444164,"{""type"":""M"",""msg"":""FADE0"",""time"":32.1732,""dist"":0.667264}",9.338057,5.893893,5.893893,15.6,8.2,-.004113,8.2,-3.444164,.000529,-.008748,-.008219,-.00824789247311828,.000115063069885285,-1.857317,1.868055,-.74890740860215,.766302638958049,8.008969,-1.871595,.004113,-1.871595,.19044,1.871595,1,.23805,1,1.69525301656586,-.67091250629014,-1.03927922454192,2.31621083941747,1.14208667715524,-.632622869979727,.000372727163617195,.444779851807682,.00143831847823626,.169932261784191,.148083601952283
P06,32.016495,SO,100,23,5636.106934,7921.694824,-114.234039,-.0059,-.67936,27.7784,-2.734041,-.506563,"{""type"":""M"",""msg"":""FADE0"",""time"":31.9623,""dist"":0.646739}",8.600785,5.866744,5.866744,11.4,16.1,-.287932,11.4,-2.734041,.001343,-.007243,-.0059,-.0063551976744186,.000515758101524974,-1.847304,1.833161,.122694790697674,.878802398188582,9.338057,1.791244,.287932,1.791244,.48348,1.791244,1,.60435,1,1.38256674900867,-.674317218505651,-.833206753191226,2.16101518136516,1.70632274183352,-.281957153032711,.000372727163617195,.444779851807682,.00143831847823626,.169932261784191,.148083601952283
P06,29.992844,SO,100,24,5653.811035,7962.587891,-113.960854,-.007731,1.558901,27.7778,-1.617546,7.2,"{""type"":""M"",""msg"":""FADE0"",""time"":29.9653,""dist"":0.602972}",6.9875,5.369954,5.369954,11.6,20.2,.148334,11.6,-1.617546,.000163,-.007731,-.007568,-.00763785714285714,8.12465001635139E-05,.148334,1.558901,.753965257142857,.420029325075158,8.600785,-.67936,.148334,-.67936,.05868,.67936,1,.07335,1,.698352422198492,-.736618849561826,-1.13193588856447,.0134430409085641,1.39332958270675,-.260040545723522,.000372727163617195,.444779851807682,.00143831847823626,.169932261784191,.148083601952283
P06,31.415472,SO,100,25,5627.82373,7905.749023,-115.818535,-.007731,-1.013398,27.7779,-4.452732,-.204086,"{""type"":""M"",""msg"":""FADE0"",""time"":31.3541,""dist"":0.664549}",9.227295,4.774563,4.774563,9.3,16.6,.083273,9.3,-4.452732,.000325,-.007731,-.007406,-.00770096739130435,9.30903438161082E-05,-1.846388,1.86777,.372062543478261,1.07708112302336,6.9875,1.558901,.083273,1.558901,.117,1.558901,1,.14625,1,1.6482774683731,-.811285872682594,-1.0909239225217,1.71225132305791,.708443721421043,-.51208152977919,.000372727163617195,.444779851807682,.00143831847823626,.169932261784191,.148083601952283
P06,29.377424,SO,100,26,5658.96875,7975.395996,-113.231598,-.008057,1.000699,27.7775,.7,8.7,"{""type"":""M"",""msg"":""FADE0"",""time"":29.3132,""dist"":0.588013}",6.48382,7.18382,0,14.4,21.3,-.270959,14.4,.7,.004354,-.009074,-.00472,-.00715901538461538,.00138884205919342,-.270959,1.000699,.136383984615385,.362733032552028,9.227295,-1.013398,.270959,-1.013398,1.56744,1.013398,1,1.9593,0,.484735440618826,-.509144845823146,-.070941137421028,.658627882721057,1.65930108864284,.0467919566051175,.000372727163617195,.444779851807682,.00143831847823626,.169932261784191,.148083601952283
P06,28.775509,SO,100,27,5655.004395,7967.761719,-114.11087,-.007731,.499723,27.7779,8.7,18.4,"{""type"":""M"",""msg"":""FADE0"",""time"":28.7103,""dist"":0.59664}",6.788683,15.488683,0,20.2,29.7,.153493,20.2,8.7,.001709,-.008586,-.006877,-.00772936764705882,.000529614500872738,.153493,.499723,.281147735294118,.0931951491956557,6.48382,1.000699,.153493,1.000699,.61524,1.000699,1,.76905,0,.614031648241368,.532354601826914,-.740550089168678,.634100127477112,.494617081607008,.682373568571585,.000372727163617195,.444779851807682,.00143831847823626,.169932261784191,.148083601952283
P06,30.130939,SO,100,28,5644.245117,7944.153809,-114.965683,-.007731,.636859,27.7779,6,15.8,"{""type"":""M"",""msg"":""FADE0"",""time"":30.1151,""dist"":0.623947}",7.712436,13.712436,0,13.1,18.6,-.104589,13.1,6,.000854,-.007731,-.006877,-.00761058441558442,.000267038059117213,-.108266,.636859,.16470338961039,.229307914514991,6.788683,.499723,.104589,.499723,.30744,.499723,1,.3843,0,1.00580683801496,.309598336083569,-.957002132172171,-.33352068605864,.624040189321482,-.0956659909046081,.000372727163617195,.444779851807682,.00143831847823626,.169932261784191,.148083601952283
P06,29.822535,SO,100,29,5653.638184,7960.475098,-113.20002,-.006388,-1.453592,27.7779,-2.025658,.9,"{""type"":""M"",""msg"":""FADE0"",""time"":29.7999,""dist"":0.605089}",6.996436,4.970778,4.970778,9.6,14.8,-.172873,9.6,-2.025658,.001017,-.007243,-.006226,-.0066504,.00036772529917341,-1.860583,1.823732,.345317957142857,.874479069773616,7.712436,.636859,.172873,.636859,.36612,.636859,1,.45765,1,.702142291455552,-.786678866628352,-.91573700584519,-.0686464248464481,1.01619989391196,-.479206618815407,.000372727163617195,.444779851807682,.00143831847823626,.169932261784191,.148083601952283
P06,27.858194,SO,100,30,5672.879395,8010.541504,-112.979004,-.008748,-.182123,27.7776,15.9,7.7,"{""type"":""M"",""msg"":""FADE0"",""time"":27.8236,""dist"":0.551109}",5.16312,12.86312,0,13.7,20.4,-.048508,13.7,7.7,.001505,-.008748,-.007243,-.00856025,.000394977282791769,-.182123,.01024,-.0387181538461539,.0522067148698832,6.996436,-1.453592,.048508,-1.453592,.5418,1.453592,1,.67725,0,-.0753899317848133,.20308698907154,-.792194787148459,1.50885000193147,.712237310313551,-.0299161689770425,.000372727163617195,.444779851807682,.00143831847823626,.169932261784191,.148083601952283
P06,31.427336,SO,100,31,5627.943359,7910.062012,-116.209496,-.007731,.896047,27.7776,2.3,12.2,"{""type"":""M"",""msg"":""FADE0"",""time"":31.3984,""dist"":0.661371}",9.126528,11.426528,0,46,50.8,.171532,46,2.3,.001018,-.008057,-.007039,-.00746527472527473,.00022861646999744,.088221,.896047,.319457296703297,.239232711372351,5.16312,-.182123,.171532,-.182123,.36648,.182123,1,.4581,0,1.60554092456982,.0229263079743928,-.915483845560975,-.946956001081624,-.0660580359326905,3.50961591145691,.000372727163617195,.444779851807682,.00143831847823626,.169932261784191,.148083601952283
P06,31.204357,SO,100,32,5633.181641,7920.920898,-116.17527,-.008219,.750417,27.7777,21.1,30.5,"{""type"":""M"",""msg"":""FADE0"",""time"":31.1336,""dist"":0.648233}",8.605497,29.705497,0,12.1,20.7,.141532,12.1,21.1,.000855,-.008423,-.007568,-.00818412790697674,.000168048928205038,.141532,.750417,.497323709302326,.183308384856511,9.126528,.896047,.141532,.896047,.3078,.896047,1,.38475,0,1.38456516708603,2.31526227030304,-.956748971887957,.431967783057133,1.61652260028885,-.205249027450551,.000372727163617195,.444779851807682,.00143831847823626,.169932261784191,.148083601952283
P06,28.503468,SO,100,33,5656.454102,7971.233887,-114.068802,-.007894,.392214,27.7778,13.8,23.8,"{""type"":""M"",""msg"":""FADE0"",""time"":28.4273,""dist"":0.592552}",6.67652,20.47652,0,20.8,29.9,.00951,20.8,13.8,.000163,-.007894,-.007731,-.00785750746268657,6.84582095779315E-05,.00951,.392214,.165095985074627,.116207074816896,8.605497,.750417,.00951,.750417,.05868,.750417,1,.07335,0,.566461918442845,1.15787117933921,-1.13193588856447,.150687603816587,1.39532996216753,.748123390499151,.000372727163617195,.444779851807682,.00143831847823626,.169932261784191,.148083601952283
P06,30.468582,SO,100,34,5637.382813,7927.094727,-115.171432,-.007406,1.826836,27.7776,-2.122623,4.1,"{""type"":""M"",""msg"":""FADE0"",""time"":30.3672,""dist"":0.640005}",8.400194,6.277571,6.277571,32.4,21.2,.119518,21.2,-2.122623,.00118,-.008586,-.007406,-.00745007142857143,.000212884989919145,.119518,1.826836,.74968525,.505388537475201,6.67652,.392214,.119518,.392214,.4248,.392214,1,.531,1,1.29749359948507,-.622796068357873,-.874471879518208,-.541171244253873,.576423771354794,.791956605117528,.000372727163617195,.444779851807682,.00143831847823626,.169932261784191,.148083601952283
P06,31.502846,SO,100,35,5635.811523,7926.776367,-115.751274,-.008423,.542552,27.7776,20.3,32,"{""type"":""M"",""msg"":""FADE0"",""time"":31.4431,""dist"":0.642079}",8.422341,28.722341,0,8.5,14.1,.279603,8.5,20.3,.004354,-.009562,-.005208,-.00785217857142857,.00130407130007522,.279603,.552982,.440648071428571,.0866773489497613,8.400194,1.826836,.279603,1.826836,1.56744,1.826836,1,1.9593,0,1.30688641891615,2.19196626518485,-.070941137421028,2.22976011125275,1.30817293660816,-.599747959015944,.000372727163617195,.444779851807682,.00143831847823626,.169932261784191,.148083601952283
P06,34.576862,SO,100,36,5593.115234,7862.058594,-121.540985,-.009766,-1.703827,27.7777,-4.451532,-6.382602,"{""type"":""M"",""msg"":""FADE0"",""time"":34.5108,""dist"":0.718853}",11.18395,4.801348,4.801348,16,10.9,.485664,10.9,-6.382602,.001506,-.010905,-.009399,-.0101431261261261,.000450357839886888,-1.826555,1.844718,-.0799611081081081,.857926324637615,8.422341,.542552,.485664,.542552,.54216,.542552,1,.6777,1,2.47811930265829,-.807926809118836,-.791941626864244,-.250797697686097,1.31757497479106,-.336748671305682,.000372727163617195,.444779851807682,.00143831847823626,.169932261784191,.148083601952283
P06,30.81246,SO,100,37,5659.027344,7973.916504,-113.109985,-.006877,1.659566,27.7778,-1.218422,3.7,"{""type"":""M"",""msg"":""FADE0"",""time"":30.7933,""dist"":0.590685}",6.494391,5.275969,5.275969,12.6,19.5,.092726,12.6,-1.218422,.000529,-.007243,-.006714,-.00685552307692308,.000189227715637495,.092726,1.659566,.626638753846154,.470890352860974,11.18395,-1.703827,.092726,-1.703827,.19044,1.703827,1,.23805,1,.489218733805529,-.748405356526166,-1.03927922454192,1.99217174643644,2.48995738614389,-.150457509177579,.000372727163617195,.444779851807682,.00143831847823626,.169932261784191,.148083601952283
P06,29.826563,SO,100,38,5649.788574,7962.08252,-115.612625,-.008911,1.830442,27.7778,2.6,-1.917158,"{""type"":""M"",""msg"":""FADE0"",""time"":29.776,""dist"":0.604387}",6.994061,5.076903,5.076903,15.8,9.1,.141728,9.1,-1.917158,0,-.008911,-.008911,-.008911,0,-1.872523,1.830442,-.639655842857143,.667675047114067,6.494391,1.659566,.141728,1.659566,0,1.659566,1,0,1,.701135024279465,-.773369901883014,-1.17320101489145,1.90668289102638,.499104775002566,-.533998137088379,.000372727163617195,.444779851807682,.00143831847823626,.169932261784191,.148083601952283
P06,28.499985,SO,100,39,5660.538086,7981.231445,-113.692184,-.009237,.055836,27.7776,20.3,13.3,"{""type"":""M"",""msg"":""FADE0"",""time"":28.4547,""dist"":0.582658}",6.184229,19.484229,0,35.6,41.2,.070115,35.6,13.3,.003337,-.009237,-.0059,-.00739838709677419,.00108763038193112,-.113961,.070115,-.0519946935483871,.0502043383023814,6.994061,1.830442,.070115,1.830442,1.20132,1.830442,1,1.50165,0,.357675154070951,1.03342956863376,-.328405146467289,2.23672499710279,.71122905453695,2.3699523313791,.000372727163617195,.444779851807682,.00143831847823626,.169932261784191,.148083601952283
P06,32.440983,SO,100,40,5611.285645,7876.296875,-117.365929,-.009237,1.586251,27.7777,-1.312027,42,"{""type"":""M"",""msg"":""FADE0"",""time"":32.354,""dist"":0.697441}",10.427881,9.115854,9.115854,24.8,31.8,-.012439,24.8,-1.312027,.003866,-.009237,-.005371,-.00740875961538462,.00108178157168565,-.09962,1.586251,.362332144230769,.49999422598195,6.184229,.055836,.012439,.055836,1.39176,.055836,1,1.7397,1,2.15746099252893,-.266851584171372,-.194483356117759,-1.19087572913045,.367432089452215,1.18645553668292,.000372727163617195,.444779851807682,.00143831847823626,.169932261784191,.148083601952283
P06,29.503674,SO,100,41,5644.511719,7950.751465,-115.876328,-.008586,1.801141,27.7778,3,-2.423659,"{""type"":""M"",""msg"":""FADE0"",""time"":29.5018,""dist"":0.618155}",7.499148,5.075489,5.075489,17.3,9,.021713,9,-2.423659,0,-.008586,-.008586,-.008586,0,-1.871849,1.839504,-.72242248,.697681607230485,10.427881,1.586251,.021713,1.586251,0,1.586251,1,0,1,.91534873213987,-.773547229337901,-1.17320101489145,1.76507706570866,2.16898436014017,-.544956440742973,.000372727163617195,.444779851807682,.00143831847823626,.169932261784191,.148083601952283
P06,28.407906,SO,100,42,5657.815918,7974.582031,-114.032242,-.007894,.264843,27.7778,18.4,27,"{""type"":""M"",""msg"":""FADE0"",""time"":28.404,""dist"":0.591039}",6.498526,24.898526,0,34.3,42.9,.065561,34.3,18.4,.000163,-.008057,-.007894,-.00801186153846154,7.35065636786685E-05,.065561,.264843,.161376769230769,.0564848648903429,7.499148,1.801141,.065561,1.801141,.05868,1.801141,1,.07335,0,.490972438973159,1.71242780555993,-1.13193588856447,2.18013095376058,.92565300629948,2.22749438386938,.000372727163617195,.444779851807682,.00143831847823626,.169932261784191,.148083601952283
P06,31.406347,SO,100,43,5623.936523,7898.32666,-115.914558,-.007243,-1.115309,27.7778,-3.341013,0,"{""type"":""M"",""msg"":""FADE0"",""time"":31.4021,""dist"":0.674532}",9.522289,6.181276,6.181276,12.9,19.5,-.064313,12.9,-3.341013,0,-.007243,-.007243,-.007243,0,-1.870593,1.832387,.294893789473684,.945155749243555,6.498526,.264843,.064313,.264843,0,.264843,1,0,1,1.77338810978057,-.634872268689108,-1.17320101489145,-.787184687294781,.500860201375721,-.117582598213797,.000372727163617195,.444779851807682,.00143831847823626,.169932261784191,.148083601952283
P06,28.909637,SO,100,44,5658.010254,7974.006836,-113.814476,-.007894,.681329,27.7777,6.6,18.7,"{""type"":""M"",""msg"":""FADE0"",""time"":28.8945,""dist"":0.591176}",6.490673,13.090673,0,19.4,30,-.15128,19.4,6.6,0,-.007894,-.007894,-.007894,0,-.15128,.681329,.235165430769231,.246141101582188,9.522289,-1.115309,.15128,-1.115309,0,1.115309,1,0,0,.487641883548395,.231624043061607,-1.17320101489145,.855466064047592,1.78453452214288,.594707139334831,.000372727163617195,.444779851807682,.00143831847823626,.169932261784191,.148083601952283
P06,27.671926,SO,100,45,5665.177734,7992.487793,-113.931297,-.009074,-.21199,27.7779,10.9,5,"{""type"":""M"",""msg"":""FADE0"",""time"":27.6516,""dist"":0.571151}",5.876533,10.876533,0,22.4,15.9,.206528,15.9,5,0,-.009074,-.009074,-.009074,0,-.21199,.294007,.163236711864407,.147071957319052,6.490673,.681329,.206528,.681329,0,.681329,1,0,0,.227177435749523,-.0460476761491615,-1.17320101489145,.0172461080851392,.497526377117344,.211166511424032,.000372727163617195,.444779851807682,.00143831847823626,.169932261784191,.148083601952283
P06,30.549524,SO,100,46,5635.121094,7924.95752,-115.844086,-.007894,.717784,27.7778,7.8,19.3,"{""type"":""M"",""msg"":""FADE0"",""time"":30.5267,""dist"":0.645053}",8.531507,16.331507,0,23.5,33.9,.063183,23.5,7.8,0,-.007894,-.007894,-.007894,0,.063183,.717784,.340603282352941,.194364365940476,5.876533,-.21199,.063183,-.21199,0,.21199,1,0,0,1.35318508356657,.638051797610422,-1.17320101489145,-.889268744929888,.236806291794537,1.0439975891732,.000372727163617195,.444779851807682,.00143831847823626,.169932261784191,.148083601952283
P06,32.108959,SO,100,47,5615.813477,7890.335938,-117.964531,-.008748,-.958064,27.778,10,1.2,"{""type"":""M"",""msg"":""FADE0"",""time"":32.0249,""dist"":0.682814}",9.940754,11.140754,0,37.7,20.1,-.004866,20.1,1.2,.000325000000000001,-.008748,-.008423,-.00847073737373737,7.80751320332662E-05,-.958064,.001648,-.291627282828283,.287913153140255,8.531507,.717784,.004866,.717784,.117,.717784,1,.14625,0,1.95086434508222,-.0129121475368839,-1.0909239225217,.0876578977865337,1.36391908009986,.671415264916991,.000372727163617195,.444779851807682,.00143831847823626,.169932261784191,.148083601952283
P06,33.031246,SO,100,48,5607.03418,7862.373047,-116.123047,-.006063,.712249,27.7782,-5.167288,-2.031231,"{""type"":""M"",""msg"":""FADE0"",""time"":32.9722,""dist"":0.712729}",11.044296,5.877008,5.877008,10.7,15.8,-.197899,10.7,-5.167288,.006551,-.009766,-.003215,-.00666144545454545,.00147105672924848,-1.848595,1.849419,.185657363636364,.92055676468814,9.940754,-.958064,.197899,-.958064,2.35836,.958064,1,2.94795,1,2.41889029625437,-.67303002685292,.485252006998475,.551751844555182,1.96218494469248,-.358665278614871,.000372727163617195,.444779851807682,.00143831847823626,.169932261784191,.148083601952283
P06,28.994299,SO,100,49,5648.356934,7956.04834,-115.406105,-.008748,-.689992,27.7777,9.8,2.6,"{""type"":""M"",""msg"":""FADE0"",""time"":28.9664,""dist"":0.61111}",7.281843,9.881843,0,24.4,16,.14667,16,2.6,0,-.008748,-.008748,-.008748,0,-.689992,.160486,-.0960335616438356,.259708195916215,11.044296,.712249,.14667,.712249,0,.712249,1,0,0,.823186966371586,-.170790141567681,-1.17320101489145,.0769672036157145,2.43067024836477,.222124815078626,.000372727163617195,.444779851807682,.00143831847823626,.169932261784191,.148083601952283
P06,31.418484,SO,100,50,5623.271973,7908.040527,-117.793663,-.008911,1.352486,27.7779,.8,-3.136095,"{""type"":""M"",""msg"":""FADE0"",""time"":31.3428,""dist"":0.663815}",9.213244,6.077149,6.077149,18.3,10.6,-.102409,10.6,-3.136095,0,-.008911,-.008911,-.008911,0,-1.857159,1.850735,-.416575369565217,.931473660526178,7.281843,-.689992,.102409,-.689992,0,.689992,1,0,1,1.64231826370312,-.647930667483339,-1.17320101489145,.0339784447792329,.83340078670611,-.369623582269465,.000372727163617195,.444779851807682,.00143831847823626,.169932261784191,.148083601952283
P07,27.626621,SO,100,1,5694.359375,8064.921387,-110.935898,-.009562,-.255117,27.7778,10.9,5.4,"{""type"":""M"",""msg"":""FADE0"",""time"":27.5541,""dist"":0.491585}",2.939789,8.339789,0,25.7,33.6,-.047535,25.7,5.4,.001831,-.009562,-.007731,-.00877703333333333,.000497446686336462,-.255117,-.047535,-.122490833333333,.061587096638424, , ,.047535, ,.65916, , ,.82395,0,-1.01833238983854,-.364176641651615,-.709664534494495, , ,1.28508026957427,.000720805622057024,.137101760337924,.00197274771651078,.24925114046507,.228315289582986
P07,26.360098,SO,100,2,5686.798828,8044.165039,-111.598412,-.008748,.117447,27.7779,18.6,10.6,"{""type"":""M"",""msg"":""FADE0"",""time"":26.3312,""dist"":0.514907}",3.850508,14.450508,0,17.5,12,.290874,12,10.6,.002727,-.009766,-.007039,-.008643,.000707496698895033,.117447,.300908,.229271153846154,.0598025987859613,2.939789,-.255117,.290874,-.255117,.98172,.255117,1,1.22715,0,-.632085082327318,.402158752832884,-.482832919838202,-.805970178081663,-1.00992596184672,-.216207331105145,.000720805622057024,.137101760337924,.00197274771651078,.24925114046507,.228315289582986
P07,28.27594,SO,100,3,5671.307617,8004.955078,-112.852859,-.009074,.538467,27.7777,22,15.3,"{""type"":""M"",""msg"":""FADE0"",""time"":28.2148,""dist"":0.556168}",5.263613,20.563613,0,11.3,17.8,.184042,11.3,15.3,.00236,-.009399,-.007039,-.007989,.000820229611380018,.184042,.538467,.335317056603774,.113364701761007,3.850508,.117447,.184042,.117447,.8496,.117447,1,1.062,0,-.0327695948052123,1.16879337172146,-.575742744144965,-1.07187584501874,-.623299564958222,-.292915456687305,.000720805622057024,.137101760337924,.00197274771651078,.24925114046507,.228315289582986
P07,28.187344,SO,100,4,5672.466797,8010.816406,-113.460068,-.010742,-.678148,27.7778,6,1.8,"{""type"":""M"",""msg"":""FADE0"",""time"":28.1746,""dist"":0.551612}",5.094309,6.894309,0,16,9.4,.004117,9.4,1.8,.004191,-.011922,-.007731,-.0091224705882353,.00120553545535486,-.678148,.004117,-.246830352941176,.18425046804096,5.263613,.538467,.004117,.538467,1.50876,.538467,1,1.88595,0,-.104573536691656,-.545451952465196,-.11220626374801,-.258687758334299,-.0233958684556578,-.501123226124596,.000720805622057024,.137101760337924,.00197274771651078,.24925114046507,.228315289582986
P07,26.529318,SO,100,5,5688.159668,8049.004883,-111.753891,-.008586,-.377523,27.7777,11.9,4.5,"{""type"":""M"",""msg"":""FADE0"",""time"":26.5049,""dist"":0.510029}",3.587517,8.087517,0,13.5,8.6,.260953,8.6,4.5,.000975999999999999,-.009562,-.008586,-.00884769444444444,.000191724924893444,-.377523,.260953,-.0127909444444444,.195538819083642,5.094309,-.678148,.260953,-.678148,.35136,.678148,1,.4392,0,-.743622851551067,-.395813665484227,-.926116577497989,.0111020975779348,-.0952702836142414,-.58878965536135,.000720805622057024,.137101760337924,.00197274771651078,.24925114046507,.228315289582986
P07,27.218897,SO,100,6,5677.425293,8020.310547,-112.151772,-.007894,.290868,27.7778,15.5,25.9,"{""type"":""M"",""msg"":""FADE0"",""time"":27.1821,""dist"":0.540233}",4.75395,20.25395,0,11.7,17.8,-.022437,11.7,15.5,.001709,-.008423,-.006714,-.007872875,.000475260538849202,-.022437,.290868,.114512020833333,.0941861659014333,3.587517,-.377523,.022437,-.377523,.61524,.377523,1,.76905,0,-.248924041443629,1.12995903532631,-.740550089168678,-.569546490516475,-.734946804934661,-.249082242068928,.000720805622057024,.137101760337924,.00197274771651078,.24925114046507,.228315289582986
P07,27.789627,SO,100,7,5673.856445,8011.293457,-112.144127,-.006714,.445274,27.7777,4.3,10,"{""type"":""M"",""msg"":""FADE0"",""time"":27.7332,""dist"":0.549374}",5.091963,9.391963,0,23.5,33.3,-.183202,23.5,4.3,.002034,-.008748,-.006714,-.0073456862745098,.000571194835067548,-.183202,.445274,.0463317843137255,.183684473983003,4.75395,.290868,.183202,.290868,.73224,.290868,1,.9153,0,-.105568504605383,-.232225200690849,-.658272996798929,-.736918144242284,-.239762463769231,1.0439975891732,.000720805622057024,.137101760337924,.00197274771651078,.24925114046507,.228315289582986
P07,25.860193,SO,100,8,5687.013184,8046.518066,-112.056839,-.009562,-.549091,27.7777,7.4,2.5,"{""type"":""M"",""msg"":""FADE0"",""time"":25.8324,""dist"":0.51259}",3.696926,6.196926,0,10.3,6.9,.156392,6.9,2.5,.002523,-.011434,-.008911,-.00984354054054054,.000686888782627653,-.549091,.158945,-.0946796756756756,.224515880763855,5.091963,.445274,.156392,.445274,.90828,.445274,1,1.13535,0,-.69722112756431,-.63290962748049,-.534477617817983,-.43868737204002,-.0962662280571492,-.775080817489453,.000720805622057024,.137101760337924,.00197274771651078,.24925114046507,.228315289582986
P07,28.455343,SO,100,9,5669.138184,8001.208984,-112.69709,-.006714,.007889,27.7778,7.4,12.5,"{""type"":""M"",""msg"":""FADE0"",""time"":28.4531,""dist"":0.562062}",5.564508,12.964508,0,14.9,8.4,.149907,8.4,7.4,.003865,-.008911,-.005046,-.00698355357142857,.000898846612855363,-.237437,.149907,-.110418089285714,.110650837881932,3.696926,-.549091,.149907,-.549091,1.3914,.549091,1,1.73925,0,.0948437344363967,.215801894302167,-.194736516401974,-.23816780623479,-.688499539140082,-.610706262670539,.000720805622057024,.137101760337924,.00197274771651078,.24925114046507,.228315289582986
P07,28.997856,SO,100,10,5672.247559,8008.625977,-112.808517,-.008423,-.020472,27.7777,47.3,19.2,"{""type"":""M"",""msg"":""FADE0"",""time"":28.9634,""dist"":0.5531}",5.259508,24.459508,0,23.2,31.7,.012135,23.2,19.2,.001505,-.008748,-.007243,-.00804358490566038,.000394171889192162,-.041106,.012135,-.0212742264150943,.0168186021927204,5.564508,.007889,.012135,.007889,.5418,.007889,1,.67725,0,-.0345105765979865,1.65737126766058,-.792194787148459,-1.28348398810214,.104342709186583,1.01112267820941,.000720805622057024,.137101760337924,.00197274771651078,.24925114046507,.228315289582986
P07,27.675011,SO,100,11,5671.571777,8007.95459,-112.975899,-.007039,-.386362,27.7779,17,21.9,"{""type"":""M"",""msg"":""FADE0"",""time"":27.5793,""dist"":0.552291}",5.162937,22.162937,0,13.8,8.9,.15187,8.9,17,.002727,-.009766,-.007039,-.00822723076923077,.000858453479854271,-.386362,.15187,-.0946545384615385,.17476129373783,5.259508,-.020472,.15187,-.020472,.98172,.020472,1,1.22715,0,-.0754675443714338,1.36936200995348,-.482832919838202,-1.25918028354,-.0251385589663722,-.555914744397567,.000720805622057024,.137101760337924,.00197274771651078,.24925114046507,.228315289582986
P07,29.252523,SO,100,12,5655.059082,7967.730957,-114.048958,-.007894,.563422,27.7775,7.7,18.9,"{""type"":""M"",""msg"":""FADE0"",""time"":29.2189,""dist"":0.5975}",6.783176,14.483176,0,49.1,53.8,.049322,49.1,7.7,.001872,-.008423,-.006551,-.0076484705882353,.000631580048236953,.038871,.563422,.171704514705882,.166060275984399,5.162937,-.386362,.049322,-.386362,.67392,.386362,1,.8424,0,.611696060730331,.406255593919346,-.699284962841696,-.552474214856878,-.0661357246935822,3.84932332474933,.000720805622057024,.137101760337924,.00197274771651078,.24925114046507,.228315289582986
P07,27.967484,SO,100,13,5663.383789,7988.631836,-113.57724,-.007406,-.313172,27.7779,17.3,23.1,"{""type"":""M"",""msg"":""FADE0"",""time"":27.9605,""dist"":0.575713}",5.978701,23.278701,0,33.2,18.1,-.045796,18.1,17.3,.001505,-.008911,-.007406,-.00803153333333333,.000527268158278559,-.313172,-.045796,-.189263333333333,.0981143504272001,6.783176,.563422,.045796,.563422,.5418,.563422,1,.67725,0,.270508161158575,1.50928817004881,-.792194787148459,-.210487889674354,.621702309506012,.452249191825106,.000720805622057024,.137101760337924,.00197274771651078,.24925114046507,.228315289582986
P07,28.269804,SO,100,14,5670.367676,8006.378418,-113.020386,-.0059,-.884464,27.7781,12.5,15.9,"{""type"":""M"",""msg"":""FADE0"",""time"":28.1798,""dist"":0.554295}",5.272488,17.772488,0,16.3,9.1,-.195922,9.1,12.5,.00354,-.009074,-.005534,-.00813722641509434,.00117448312103517,-.884464,-.195922,-.495674452830189,.229889693931473,5.978701,-.313172,.195922,-.313172,1.2744,.313172,1,1.593,0,-.0290055964103594,.818762896104669,-.277013608771723,-.693838606250241,.280179544924541,-.533998137088379,.000720805622057024,.137101760337924,.00197274771651078,.24925114046507,.228315289582986
P07,27.182211,SO,100,15,5682.925293,8035.647461,-111.961151,-.009928,-.359956,27.7773,10.4,5.2,"{""type"":""M"",""msg"":""FADE0"",""time"":27.1531,""dist"":0.524261}",4.159975,9.359975,0,10.1,6,.297693,6,5.2,.009929,-.011597,-.001668,-.00745009523809524,.00347653852805487,-.385673,.297693,-.18876619047619,.224798741197569,5.272488,-.884464,.297693,-.884464,3.57444,.884464,1,4.46805,0,-.5008362607769,-.236236764076233,1.34042744707544,.409595549889906,-.0196281758167809,-.873705550380801,.000720805622057024,.137101760337924,.00197274771651078,.24925114046507,.228315289582986
P07,26.641865,SO,100,16,5689.203125,8050.038574,-110.540207,-.005534,.245476,27.7778,4,8,"{""type"":""M"",""msg"":""FADE0"",""time"":26.6066,""dist"":0.508385}",3.548823,7.548823,0,32.2,39.8,-.048947,32.2,4,.003011,-.007894,-.004883,-.00635772222222222,.00105338899641955,-.064998,.245476,.00193075,.0890552828882551,4.159975,-.359956,.048947,-.359956,1.08396,.359956,1,1.35495,0,-.760033460440131,-.463370409460907,-.410935399121253,-.603476648510836,-.491921926887761,1.9973700071229,.000720805622057024,.137101760337924,.00197274771651078,.24925114046507,.228315289582986
P07,26.497101,SO,100,17,5686.130859,8042.321777,-111.309563,-.007568,.17513,27.7776,12.6,20.9,"{""type"":""M"",""msg"":""FADE0"",""time"":26.4571,""dist"":0.5165}",3.841074,16.441074,0,26.4,35.8,.006854,26.4,12.6,.000326,-.007894,-.007568,-.00774771794871795,.000157745956444623,.006854,.17513,.0714401282051282,.0489033175277503,3.548823,.245476,.006854,.245476,.11736,.245476,1,.1467,0,-.636086159606985,.651792418013272,-1.09067076223749,-.824591493799977,-.751373520311417,1.36178839515643,.000720805622057024,.137101760337924,.00197274771651078,.24925114046507,.228315289582986
P07,27.488556,SO,100,18,5667.719727,7998.422852,-113.315865,-.008219,-.213399,27.7779,41.3,16.5,"{""type"":""M"",""msg"":""FADE0"",""time"":27.4021,""dist"":0.562796}",5.591044,22.091044,0,28.5,37.3,-9.3E-05,28.5,16.5,.001017,-.008748,-.007731,-.00823316071428571,.000340883919287155,-.213399,.003422,-.0731981071428572,.0740231173779647,3.841074,.17513,9.3E-05,.17513,.36612,.17513,1,.45765,0,.106097983608883,1.36034602500708,-.91573700584519,-.96046278054622,-.627304569167255,1.59191277190291,.000720805622057024,.137101760337924,.00197274771651078,.24925114046507,.228315289582986
P07,27.75355,SO,100,19,5670.631348,8003.825684,-112.57885,-.007568,.361274,27.7775,7.3,15.6,"{""type"":""M"",""msg"":""FADE0"",""time"":27.7435,""dist"":0.558842}",5.382822,12.682822,0,18.7,26.5,-.133191,18.7,7.3,.000691,-.007568,-.006877,-.00746261111111111,.000242940509579956,-.133191,.361274,.0387133518518518,.146687288672087,5.591044,-.213399,.133191,-.213399,.24876,.213399,1,.31095,0,.0177884316344525,.180476108264426,-.998267258499153,-.886547301734461,.115608004044638,.517999013752671,.000720805622057024,.137101760337924,.00197274771651078,.24925114046507,.228315289582986
P07,25.778408,SO,100,20,5688.974121,8052.049805,-112.034714,-.007406,-.722673,27.778,10.2,1.7,"{""type"":""M"",""msg"":""FADE0"",""time"":25.7297,""dist"":0.506192}",3.447969,5.147969,0,10.9,7.4,.516286,7.4,1.7,.00472,-.011597,-.006877,-.00963662857142857,.00180220045378705,-.722673,.516286,.00471677142857143,.397925542292043,5.382822,.361274,.516286,.361274,1.6992,.361274,1,2.124,0,-.802806902030497,-.764457629670131,.0217155266015202,-.600930969212346,.0272117790697377,-.720289299216481,.000720805622057024,.137101760337924,.00197274771651078,.24925114046507,.228315289582986
P07,28.055147,SO,100,21,5677.519531,8022.506348,-112.54245,-.008586,-.461528,27.7776,15.5,5.9,"{""type"":""M"",""msg"":""FADE0"",""time"":27.9563,""dist"":0.536484}",4.6639,10.5639,0,15,9.5,.177434,9.5,5.9,.003214,-.010091,-.006877,-.00839253191489362,.00127824658863249,-.461528,.177434,-.140333553191489,.213019132755907,3.447969,-.722673,.177434,-.722673,1.15704,.722673,1,1.4463,0,-.287115371635911,-.0852544754446082,-.359543861425686,.0971008614362422,-.794188942666493,-.490164922470002,.000720805622057024,.137101760337924,.00197274771651078,.24925114046507,.228315289582986
P07,26.312134,SO,100,22,5687.077148,8044.429199,-110.8311,-.006226,.294988,27.7777,4.5,9.2,"{""type"":""M"",""msg"":""FADE0"",""time"":26.2397,""dist"":0.513343}",3.79444,8.29444,0,15.7,8.8,.048273,8.8,4.5,.003377,-.008911,-.005534,-.00625565789473684,.00074302432670211,-.053535,.294988,.0412828421052632,.0987207677098271,4.6639,-.461528,.048273,-.461528,1.21572,.461528,1,1.51965,0,-.655864221707895,-.369863786454784,-.318278735098704,-.407293235987175,-.277991277530456,-.566873048052162,.000720805622057024,.137101760337924,.00197274771651078,.24925114046507,.228315289582986
P07,27.093203,SO,100,23,5685.134766,8038.883301,-111.010895,-.005534,.517088,27.7775,3.2,7.6,"{""type"":""M"",""msg"":""FADE0"",""time"":27.0054,""dist"":0.518812}",4.068266,7.268266,0,19.5,26.1,.298369,19.5,3.2,.001709,-.007243,-.005534,-.00620392682926829,.000596288998315578,.178525,.517088,.267949195121951,.0920262034523916,3.79444,.294988,.298369,.294988,.61524,.294988,1,.76905,0,-.539731193598711,-.498554609433183,-.740550089168678,-.72896048209526,-.647102042803468,.605665442989425,.000720805622057024,.137101760337924,.00197274771651078,.24925114046507,.228315289582986
P07,29.401794,SO,100,24,5679.700684,8026.710938,-112.22168,-.007243,-.022026,27.7778,17.1,23,"{""type"":""M"",""msg"":""FADE0"",""time"":29.3927,""dist"":0.534322}",4.463327,21.563327,0,19.6,12.9,.379673,12.9,17.1,.001668,-.008911,-.007243,-.0081334,.000664682029244059,-.022026,.379673,.185120822222222,.130127244569287,4.068266,.517088,.379673,.517088,.60048,.517088,1,.7506,0,-.372180887134598,1.29416588886088,-.750929660821477,-.299980685286051,-.530855033841988,-.117582598213797,.000720805622057024,.137101760337924,.00197274771651078,.24925114046507,.228315289582986
P07,26.455193,SO,100,25,5689.473145,8050.807617,-110.339256,-.006226,.223511,27.7778,3.8,8.1,"{""type"":""M"",""msg"":""FADE0"",""time"":26.3694,""dist"":0.506124}",3.549773,7.349773,0,46.2,50.8,-.24341,46.2,3.8,.003866,-.008057,-.004191,-.00579505555555556,.00120803039092434,-.29137,.223511,-.158916055555556,.153670268159913,4.463327,-.022026,.24341,-.022026,1.39176,.022026,1,1.7397,0,-.759630553569696,-.488332948283612,-.194483356117759,-1.25617877699231,-.36314028211158,3.5315325187661,.000720805622057024,.137101760337924,.00197274771651078,.24925114046507,.228315289582986
P07,27.451128,SO,100,26,5678.556641,8024.522949,-112.082062,-.007731,-.254936,27.7777,19.7,26.9,"{""type"":""M"",""msg"":""FADE0"",""time"":27.3851,""dist"":0.535106}",4.56603,24.26603,0,18.2,9.2,-.096086,9.2,19.7,.001872,-.008586,-.006714,-.00743571739130435,.000587678054835524,-.304902,-.096086,-.253443326086957,.06017328395007,3.549773,.223511,.096086,.223511,.67392,.223511,1,.8424,0,-.328623261540617,1.63310750435317,-.699284962841696,-.867016262989145,-.750970218000776,-.523039833433785,.000720805622057024,.137101760337924,.00197274771651078,.24925114046507,.228315289582986
P07,28.150633,SO,100,27,5675.875977,8014.635254,-111.416931,-.006877,1.039222,27.7776,.3,5.2,"{""type"":""M"",""msg"":""FADE0"",""time"":28.1418,""dist"":0.546915}",4.962795,5.262795,0,31.9,38.3,-.079776,31.9,.3,.003174,-.007731,-.004557,-.00578858,.000929707526755658,-.150484,1.039222,.17475136,.370074288892454,4.56603,-.254936,.079776,-.254936,1.14264,.254936,1,1.4283,0,-.160350267384692,-.750057486576155,-.369670272794271,-.806319774404141,-.319539906101373,1.96449509615911,.000720805622057024,.137101760337924,.00197274771651078,.24925114046507,.228315289582986
P07,25.453127,SO,100,28,5700.73584,8082.118164,-110.062233,-.009237,-.219569,27.7776,14.5,7.9,"{""type"":""M"",""msg"":""FADE0"",""time"":25.398,""dist"":0.473679}",2.343561,10.243561,0,23.5,31.6,-.198189,23.5,7.9,.001506,-.009237,-.007731,-.00845166666666667,.000381264106415198,-.219569,-.191155,-.198245625,.00811454288038511,4.962795,1.039222,.198189,1.039222,.54216,1.039222,1,.6777,0,-1.27120013462348,-.125427671746675,-.791941626864244,.708506200023178,-.1511017573843,1.0439975891732,.000720805622057024,.137101760337924,.00197274771651078,.24925114046507,.228315289582986
P07,25.427698,SO,100,29,5691.67334,8058.255371,-111.072105,-.007568,-.408179,27.7778,26.2,31.7,"{""type"":""M"",""msg"":""FADE0"",""time"":25.4048,""dist"":0.500119}",3.349638,29.549638,0,13.4,7.6,.038291,7.6,26.2,.001669,-.009237,-.007568,-.00786252941176471,.000526514970594616,-.408179,.038291,-.200743705882353,.138944194357549,2.343561,-.219569,.038291,-.219569,.60084,.219569,1,.75105,0,-.844510307795487,2.29571624499097,-.750676500537262,-.874630123227875,-1.26304188823459,-.698372691907293,.000720805622057024,.137101760337924,.00197274771651078,.24925114046507,.228315289582986
P07,25.212112,SO,100,30,5693.272461,8060.709473,-110.247055,-.006877,.230714,27.7778,5.6,11.2,"{""type"":""M"",""msg"":""FADE0"",""time"":25.1482,""dist"":0.496091}",3.241952,8.841952,0,18.5,26.3,-.179235,18.5,5.6,.001342,-.007568,-.006226,-.00677933333333333,.000376109746838163,-.179235,.230714,-.0408182727272727,.12553087337665,3.349638,-.408179,.179235,-.408179,.48312,.408179,1,.6039,0,-.890181285953024,-.301201191348546,-.833459913475441,-.510335303434156,-.835933278990257,.496082406443482,.000720805622057024,.137101760337924,.00197274771651078,.24925114046507,.228315289582986
P07,24.738647,SO,100,31,5701.403809,8082.008789,-110.336441,-.009399,.440186,27.778,12.9,8.1,"{""type"":""M"",""msg"":""FADE0"",""time"":24.7343,""dist"":0.475005}",2.344104,10.444104,0,17.8,13.3,.514186,13.3,8.1,.00118,-.010579,-.009399,-.0103247916666667,.000373257805668889,.440186,.578742,.538385666666667,.0402480974140303,3.241952,.230714,.514186,.230714,.4248,.230714,1,.531,0,-1.27096984153859,-.100277898206752,-.874471879518208,-.853103874531618,-.88164908175196,-.0737493835954194,.000720805622057024,.137101760337924,.00197274771651078,.24925114046507,.228315289582986
P07,26.948862,SO,100,32,5682.089355,8033.244629,-112.004395,-.009074,-.244738,27.7777,14.6,7.5,"{""type"":""M"",""msg"":""FADE0"",""time"":26.913,""dist"":0.52655}",4.148251,11.648251,0,12,7.1,.075181,7.1,7.5,.002523,-.009766,-.007243,-.00794921428571429,.000796053636375127,-.244738,.075181,-.118896476190476,.0926671966037705,2.344104,.440186,.075181,.440186,.90828,.440186,1,1.13535,0,-.505808555670563,.0507322310861064,-.534477617817983,-.448514698497315,-1.2628113691244,-.753164210180264,.000720805622057024,.137101760337924,.00197274771651078,.24925114046507,.228315289582986
P07,25.862869,SO,100,33,5691.316406,8056.296387,-110.742279,-.008219,-.035601,27.7776,31.4,39.9,"{""type"":""M"",""msg"":""FADE0"",""time"":25.7902,""dist"":0.500688}",3.352197,34.752197,0,11.5,15.8,-.273851,11.5,31.4,.001993,-.008219,-.006226,-.00726670588235294,.000917702715758107,-.287139,-.035601,-.196268264705882,.0848219134894911,4.148251,-.244738,.273851,-.244738,.71748,.244738,1,.89685,0,-.843425003920284,2.94816076151904,-.668652568451728,-.826016919689419,-.496899101929811,-.270998849378116,.000720805622057024,.137101760337924,.00197274771651078,.24925114046507,.228315289582986
P07,26.035524,SO,100,34,5684.80957,8038.984863,-111.204384,-.008057,.173027,27.7776,11.3,23.6,"{""type"":""M"",""msg"":""FADE0"",""time"":25.9637,""dist"":0.519206}",4.045658,15.345658,0,31.8,12.3,-.147392,12.3,11.3,.002848,-.008219,-.005371,-.00678936585365854,.00118395590619114,-.239751,.173027,-.115405804878049,.128525465439581,3.352197,-.035601,.147392,-.035601,1.02528,.035601,1,1.2816,0,-.549319528890072,.514418067714292,-.452200525448234,-1.22995905280643,-.834846909924017,-.183332420141362,.000720805622057024,.137101760337924,.00197274771651078,.24925114046507,.228315289582986
P07,25.056433,SO,100,35,5701.948242,8084.69043,-110.022491,-.009074,.044605,27.7777,15.7,9.2,"{""type"":""M"",""msg"":""FADE0"",""time"":25.0229,""dist"":0.471506}",2.223446,11.423446,0,14.5,23,.047497,14.5,9.2,.001831,-.009399,-.007568,-.00913560869565217,.000447287962882001,.044605,.093231,.0753413043478261,.0157502704866666,4.045658,.173027,.047497,.173027,.65916,.173027,1,.82395,0,-1.3221424069838,.0225397993350984,-.709664534494495,-.964524664889713,-.540452779777733,.0577502602597117,.000720805622057024,.137101760337924,.00197274771651078,.24925114046507,.228315289582986
P07,25.184311,SO,100,36,5692.481934,8059.845215,-110.940826,-.008748,-.215449,27.7775,18.2,9.4,"{""type"":""M"",""msg"":""FADE0"",""time"":25.1296,""dist"":0.4975}",3.17421,12.57421,0,24.3,32.4,-.12829,24.3,9.4,.001017,-.008748,-.007731,-.008310625,.000226233215381684,-.215449,-.12829,-.16160071875,.026498406556152,2.223446,.044605,.12829,.044605,.36612,.044605,1,.45765,0,-.918911514602503,.166855252868236,-.91573700584519,-1.21256808436667,-1.31403415880571,1.13166401840995,.000720805622057024,.137101760337924,.00197274771651078,.24925114046507,.228315289582986
P07,25.69908,SO,100,37,5690.400879,8052.430176,-110.312508,-.005534,.50463,27.7778,2.7,6.9,"{""type"":""M"",""msg"":""FADE0"",""time"":25.6036,""dist"":0.503996}",3.559411,6.259411,0,17.7,25.6,-.171893,17.7,2.7,.002034,-.007568,-.005534,-.00633086111111111,.000662755682317734,-.171893,.50463,.0543421388888889,.209322373311892,3.17421,-.215449,.171893,-.215449,.73224,.215449,1,.9153,0,-.75554295734101,-.625073484610173,-.658272996798929,-.882587785374899,-.910407508201853,.408415977206728,.000720805622057024,.137101760337924,.00197274771651078,.24925114046507,.228315289582986
P07,27.59651,SO,100,38,5680.19043,8027.378906,-111.863144,-.006388,.187719,27.7778,7.4,12.5,"{""type"":""M"",""msg"":""FADE0"",""time"":27.5841,""dist"":0.53339}",4.365213,11.765213,0,17.5,29.8,.259258,17.5,7.4,.005046,-.010254,-.005208,-.00793277272727273,.00175044614729724,.149925,.312225,.236274272727273,.0620119672585278,3.559411,.50463,.259258,.50463,1.81656,.50463,1,2.2707,0,-.41379226048813,.0654002464881721,.104245779255484,-.324042955923823,-.746878609927143,.38649936989754,.000720805622057024,.137101760337924,.00197274771651078,.24925114046507,.228315289582986
P07,27.288588,SO,100,39,5677.431152,8019.487305,-111.932945,-.007894,.613954,27.7777,5.6,17.1,"{""type"":""M"",""msg"":""FADE0"",""time"":27.2007,""dist"":0.539602}",4.775841,10.375841,0,16.9,26.3,-.039668,16.9,5.6,.000814,-.008057,-.007243,-.0075650625,.000306776819996612,-.039668,.613954,.224314104166667,.196017756310357,4.365213,.187719,.039668,.187719,.29304,.187719,1,.3663,0,-.239639794811321,-.108838650719459,-.967128543540756,-.936147487155715,-.404792495697019,.320749547969974,.000720805622057024,.137101760337924,.00197274771651078,.24925114046507,.228315289582986
P07,26.380379,SO,100,40,5692.241699,8059.935059,-111.156105,-.008748,-.476102,27.7777,13.1,5,"{""type"":""M"",""msg"":""FADE0"",""time"":26.2797,""dist"":0.496193}",3.240727,8.240727,0,19.1,10,-.058087,10,5,.000529,-.008748,-.008219,-.00839921212121212,.00022303051326777,-.476102,-.058087,-.254443303030303,.126410546473951,4.775841,.613954,.058087,.613954,.19044,.613954,1,.23805,0,-.890700823759637,-.376599846981205,-1.03927922454192,-.11288677714683,-.230469104945833,-.43537340419703,.000720805622057024,.137101760337924,.00197274771651078,.24925114046507,.228315289582986
P07,25.837788,SO,100,41,5693.375488,8061.881836,-110.607147,-.007406,-.095546,27.7778,13.9,20.9,"{""type"":""M"",""msg"":""FADE0"",""time"":25.7928,""dist"":0.495537}",3.135441,17.035441,0,19.7,26.5,-.11061,19.7,13.9,0,-.007406,-.007406,-.007406,0,-.147878,-.095546,-.13185846875,.0149987709453128,3.240727,-.476102,.11061,-.476102,0,.476102,1,0,0,-.935353931928706,.726331022948889,-1.17320101489145,-.379143971877776,-.882169129468311,.627582050298614,.000720805622057024,.137101760337924,.00197274771651078,.24925114046507,.228315289582986
P07,26.82851,SO,100,42,5688.979492,8047.587891,-110.518463,-.006877,.924361,27.7779,1.1,7.3,"{""type"":""M"",""msg"":""FADE0"",""time"":26.7707,""dist"":0.510053}",3.647716,4.747716,0,10.4,21.1,-.151978,10.4,1.1,.00118,-.008057,-.006877,-.00762251351351351,.000514400871652407,-.151978,.924361,.365007297297297,.317584045897641,3.135441,-.095546,.151978,-.095546,.4248,.095546,1,.531,0,-.718091703452842,-.814652711566157,-.874471879518208,-1.11417700003863,-.926866063234712,-.391540189578653,.000720805622057024,.137101760337924,.00197274771651078,.24925114046507,.228315289582986
P07,24.630003,SO,100,43,5693.739746,8063.307129,-111.027084,-.007894,-.26738,27.7779,40.7,9.9,"{""type"":""M"",""msg"":""FADE0"",""time"":24.5518,""dist"":0.493176}",3.057085,12.957085,0,12.5,7.8,.244513,7.8,9.9,.002198,-.009766,-.007568,-.00841232258064516,.000709989454714964,-.26738,.244513,.00211638709677419,.162283854826387,3.647716,.924361,.244513,.924361,.79128,.924361,1,.9891,0,-.968585690602182,.214870987868201,-.616754710187732,.486655464132576,-.709390598831252,-.676456084598104,.000720805622057024,.137101760337924,.00197274771651078,.24925114046507,.228315289582986
P07,25.917299,SO,100,44,5686.310059,8043.385742,-111.514618,-.008586,-.051316,27.7777,24.2,13.1,"{""type"":""M"",""msg"":""FADE0"",""time"":25.8413,""dist"":0.514483}",3.843445,16.943445,0,25,32.1,.163074,25,13.1,.001018,-.008586,-.007568,-.00772358974358974,.000335512155082088,-.051316,.163074,.0266469487179487,.0648506058215215,3.057085,-.26738,.163074,-.26738,.36648,.26738,1,.4581,0,-.635080588880878,.7147939532602,-.915483845560975,-.782284544365898,-.960130437816328,1.20837214399211,.000720805622057024,.137101760337924,.00197274771651078,.24925114046507,.228315289582986
P07,24.95787,SO,100,45,5693.437012,8061.032715,-110.088493,-.006226,.272912,27.7777,4.2,8.7,"{""type"":""M"",""msg"":""FADE0"",""time"":24.9543,""dist"":0.497429}",3.166612,7.366612,0,7.5,10.8,-.340822,7.5,4.2,.002156,-.007039,-.004883,-.006477375,.000551019568178961,-.340822,.272912,-.0967136875,.188481716191636,3.843445,-.051316,.340822,-.051316,.77616,.051316,1,.9702,0,-.922133921340992,-.486221196506493,-.627387442124746,-1.19960597983544,-.626298011505646,-.709330995561887,.000720805622057024,.137101760337924,.00197274771651078,.24925114046507,.228315289582986
P07,26.065998,SO,100,46,5689.720215,8051.576172,-111.076813,-.006877,.161813,27.7779,10.5,16.5,"{""type"":""M"",""msg"":""FADE0"",""time"":26.0484,""dist"":0.507249}",3.543472,14.043472,0,17.2,11.4,.271544,11.4,10.5,.00236,-.009237,-.006877,-.00786783333333333,.000710046014605492,.157127,.271544,.205149916666667,.0414234124622952,3.166612,.272912,.271544,.272912,.8496,.272912,1,1.062,0,-.762302886401918,.351113025868612,-.575742744144965,-.771599644609263,-.91363307762948,-.281957153032711,.000720805622057024,.137101760337924,.00197274771651078,.24925114046507,.228315289582986
P07,26.120676,SO,100,47,5693.067383,8058.078613,-110.191284,-.007568,.974861,27.7779,1,9.1,"{""type"":""M"",""msg"":""FADE0"",""time"":26.0517,""dist"":0.49856}",3.345257,4.345257,0,5.1,9,-.204707,5.1,1,.003011,-.009237,-.006226,-.00842282352941177,.000788742131328498,-.204707,.974861,.419984941176471,.350360288498286,3.543472,.161813,.204707,.161813,1.08396,.161813,1,1.35495,0,-.846368344636935,-.865124444357149,-.410935399121253,-.986184185112219,-.753645173642192,-.97233028327215,.000720805622057024,.137101760337924,.00197274771651078,.24925114046507,.228315289582986
P07,25.488045,SO,100,48,5690.382324,8054.663086,-111.151711,-.007039,-.331811,27.778,16.7,21.9,"{""type"":""M"",""msg"":""FADE0"",""time"":25.4818,""dist"":0.504412}",3.354237,20.054237,0,19.7,10.7,.028592,10.7,16.7,.001547,-.008586,-.007039,-.00786732352941177,.000516154177141971,-.331811,.028592,-.157243470588235,.114049758737735,3.345257,.974861,.028592,.974861,.55692,.974861,1,.69615,0,-.842559814430087,1.10491335074505,-.781562055211445,.584194769575463,-.837793139435431,-.358665278614871,.000720805622057024,.137101760337924,.00197274771651078,.24925114046507,.228315289582986
P07,27.265331,SO,100,49,5671.487793,8008.154297,-113.181976,-.008911,-.54531,27.7777,11.7,4.2,"{""type"":""M"",""msg"":""FADE0"",""time"":27.2399,""dist"":0.554055}",5.259182,9.459182,0,17.3,10.9,-.035315,10.9,4.2,.00118,-.009237,-.008057,-.00873228301886792,.000412289077886569,-.54531,-.028578,-.209662301886792,.166579558294757,3.354237,-.331811,.035315,-.331811,.4248,.331811,1,.531,0,-.0346488372714201,-.223795374530972,-.874471879518208,-.657837910920539,-.83398087127801,-.336748671305682,.000720805622057024,.137101760337924,.00197274771651078,.24925114046507,.228315289582986
P07,25.213629,SO,100,50,5696.161621,8069.539551,-110.971466,-.008586,-.186992,27.7777,12.7,5.5,"{""type"":""M"",""msg"":""FADE0"",""time"":25.133,""dist"":0.48643}",2.835268,8.335268,0,15.2,21.2,.359087,15.2,5.5,.002197,-.009074,-.006877,-.00866710344827586,.000608801301436308,-.186992,.359087,.117828,.16718266270225,5.259182,-.54531,.359087,-.54531,.79092,.54531,1,.98865,0,-1.06266105194878,-.364743612955395,-.617007870471947,-.245470699578939,-.0252769553382342,.134458385841872,.000720805622057024,.137101760337924,.00197274771651078,.24925114046507,.228315289582986
P08,32.306961,SO,100,1,5627.944336,7915.256836,-117.444702,-.008748,-1.451162,27.7781,4.3,-.80624,"{""type"":""M"",""msg"":""FADE0"",""time"":32.2522,""dist"":0.65593}",8.919151,8.112911,8.112911,14.9,19.6,-.124749,14.9,-.80624,.00944,-.013794,-.004354,-.00864822471910112,.0028148246665597,-1.451162,-.124749,-.588222146067416,.366234352542242, , ,.124749, ,3.3984, , ,4.248,1,1.51758974765383,-.392629044982525,1.21663206809449, , ,.101583474878089,.00166336572969647,.505669432126653,.00188009383189968,.209796974455121,.184538492844304
P08,32.491913,SO,100,2,5613.316406,7900.299805,-120.016182,-.011271,-1.794155,27.7776,-4.85483,-6.57831,"{""type"":""M"",""msg"":""FADE0"",""time"":32.4805,""dist"":0.676834}",9.619244,3.040934,3.040934,11,5.8,-.088851,5.8,-6.57831,.009236,-.015462,-.006226,-.0102755416666667,.00235561936839803,-1.865381,1.789886,-.264983375,.867218786477192,8.919151,-1.451162,.088851,-1.451162,3.32496,1.451162,1,4.1562,1,1.81450793675217,-1.0286974839193,1.16498737011471,1.50415652644184,1.52848510210604,-.89562215768999,.00166336572969647,.505669432126653,.00188009383189968,.209796974455121,.184538492844304
P08,32.545082,SO,100,3,5622.959473,7900.530762,-113.331314,.009532,.811948,27.7772,.3,1.6,"{""type"":""M"",""msg"":""FADE0"",""time"":32.4559,""dist"":0.670469}",9.431656,9.731656,0,14.9,34.4,.085088,14.9,.3,.025157,-.015625,.009532,-.00496818085106383,.00804822804375973,-.906088,.811948,-.260169755319149,.396317756051631,9.619244,-1.794155,.085088,-1.794155,9.05652,1.794155,1,11.32065,0,1.73494952200359,-.189624850526061,5.19555225509555,2.16663769459574,1.82569470690934,.101583474878089,.00166336572969647,.505669432126653,.00188009383189968,.209796974455121,.184538492844304
P08,32.373707,SO,100,4,5605.436035,7880.008301,-120.318985,-.007406,.621868,27.7781,-2.437443,-4.970658,"{""type"":""M"",""msg"":""FADE0"",""time"":32.3054,""dist"":0.6971}",10.47069,5.500032,5.500032,16.2,22,-.036681,16.2,-4.970658,.008422,-.015299,-.006877,-.00976681730769231,.00259451826070552,-1.87093,1.818108,-.210716048076923,.853999487163978,9.431656,.811948,.036681,.811948,3.03192,.811948,1,3.7899,1,2.17561682433572,-.720305977796039,.958914898764015,.269532970216711,1.74605820812155,.244041422387814,.00166336572969647,.505669432126653,.00188009383189968,.209796974455121,.184538492844304
P08,32.034695,SO,100,5,5612.217285,7890.121094,-119.577545,-.008586,-.329068,27.7783,-1.620999,-5.166399,"{""type"":""M"",""msg"":""FADE0"",""time"":32.0096,""dist"":0.686239}",9.924235,4.757836,4.757836,47.9,21,.057073,21,-5.166399,.009074,-.015625,-.006551,-.00958569696969697,.00268836468559342,-1.870314,1.851128,-.191746747474748,1.01455249297601,10.47069,.621868,.057073,.621868,3.26664,.621868,1,4.0833,1,1.9438584307741,-.813383578720712,1.12397540407194,-.0976011125275235,2.18715801131512,.770039997808339,.00166336572969647,.505669432126653,.00188009383189968,.209796974455121,.184538492844304
P08,32.494846,SO,100,6,5608.95752,7875.178223,-117.511757,-.007731,.055089,27.7776,7,13.5,"{""type"":""M"",""msg"":""FADE0"",""time"":32.4615,""dist"":0.700894}",10.511938,17.511938,0,12.1,17,-.123737,12.1,7,.011922,-.014608,-.002686,-.00749672380952381,.00297538005489421,-.603934,.175634,-.172261533333333,.241754998259167,9.924235,-.329068,.123737,-.329068,4.29192,.329068,1,5.3649,0,2.19311061653751,.786087741669825,1.84497589351516,-.663135936956774,1.95517215430357,-.205249027450551,.00166336572969647,.505669432126653,.00188009383189968,.209796974455121,.184538492844304
P08,40.879982,SO,100,7,5631.023438,7926.98584,-117.638046,-.005046,-.138287,27.7781,-1.417625,-3.04105,"{""type"":""M"",""msg"":""FADE0"",""time"":40.7991,""dist"":0.643484}",8.403858,5.362808,5.362808,7.9,12,-.227388,7.9,-3.04105,.010579,-.015625,-.005046,-.00980634523809524,.00326108152099937,-1.851751,1.804708,-.0577297380952382,.768729096841485,10.511938,.055089,.227388,.055089,3.80844,.055089,1,4.76055,1,1.29904754766747,-.737515017873441,1.50498163181493,-1.19231853826245,2.20466897311437,-.66549778094351,.00166336572969647,.505669432126653,.00188009383189968,.209796974455121,.184538492844304
P08,32.037231,SO,100,8,5613.679199,7876.075684,-116.04921,-.007894,.078377,27.7782,-3.135786,-1.214344,"{""type"":""M"",""msg"":""FADE0"",""time"":32.0116,""dist"":0.698345}",10.438549,7.302763,7.302763,16,21.4,-.007304,16,-3.135786,.006551,-.009562,-.003011,-.00650970192307692,.00176053949630632,-1.85773,1.810753,.0753639711538461,.744590635165736,8.403858,-.138287,.007304,-.138287,2.35836,.138287,1,2.94795,1,2.16198542462766,-.4942283964125,.485252006998475,-1.03162398114884,1.30972840994099,.222124815078626,.00166336572969647,.505669432126653,.00188009383189968,.209796974455121,.184538492844304
P08,33.069244,SO,100,9,5602.589355,7862.21582,-117.180939,-.012085,.613971,27.7769,1.9,16,"{""type"":""M"",""msg"":""FADE0"",""time"":33.0026,""dist"":0.714432}",11.052026,7.303836,7.303836,8.4,11.3,.07019,8.4,1.9,.014933,-.015625,-.000692,-.00644164545454545,.00406815235790023,-1.172677,.613971,-.418389436363636,.451114379208439,10.438549,.078377,.07019,.078377,5.37588,.078377,1,6.71985,1,2.42216868584222,-.494093833216536,2.60724150928536,-1.14733843241782,2.17351323282428,-.610706262670539,.00166336572969647,.505669432126653,.00188009383189968,.209796974455121,.184538492844304
P08,33.063774,SO,100,10,5607.424316,7866.804688,-117.007858,-.009562,-1.073742,27.7776,-2.131496,-.100948,"{""type"":""M"",""msg"":""FADE0"",""time"":32.9808,""dist"":0.707738}",10.862932,8.731436,8.731436,12.2,16.2,-.118697,12.2,-2.131496,.006388,-.011108,-.00472,-.0068072962962963,.00222077651343015,-1.813093,1.859615,.0769473611111112,.727743006962147,11.052026,.613971,.118697,.613971,2.29968,.613971,1,2.8746,1,2.34197155767588,-.315060824307752,.443986880671493,-.112853942133117,2.43395185558714,-.194290723795957,.00166336572969647,.505669432126653,.00188009383189968,.209796974455121,.184538492844304
P08,35.666218,SO,100,11,5568.51123,7809.04248,-121.632355,-.009399,1.118207,27.7779,0,-6.580792,"{""type"":""M"",""msg"":""FADE0"",""time"":35.5711,""dist"":0.776494}",13.257689,6.676897,6.676897,34.1,39.9,-.223061,34.1,-6.580792,.006713,-.012939,-.006226,-.0083852803030303,.00183209295205035,-1.868814,1.870562,-.25108228030303,1.15026693535124,10.862932,-1.073742,.223061,-1.073742,2.41668,1.073742,1,3.02085,1,3.35761792433085,-.572717240033756,.526263973041243,.775180592575424,2.35367601650479,2.20557777656019,.00166336572969647,.505669432126653,.00188009383189968,.209796974455121,.184538492844304
P08,30.829535,SO,100,12,5627.946777,7915.805664,-117.339951,-.008219,-1.692161,27.7775,4,-1.222348,"{""type"":""M"",""msg"":""FADE0"",""time"":30.807,""dist"":0.656337}",8.913714,7.691366,7.691366,12.7,20.7,.221803,12.7,-1.222348,.006226,-.012777,-.006551,-.00893080898876404,.00137140893772198,-1.692161,.281305,-.237816640449438,.62491612189914,13.257689,1.118207,.221803,1.118207,2.24136,1.118207,1,2.8017,1,1.51528384801746,-.445494322189343,.402974914628726,.861063468150037,3.37031920758075,-.139499205522985,.00166336572969647,.505669432126653,.00188009383189968,.209796974455121,.184538492844304
P08,34.19751,SO,100,13,5593.929688,7843.144043,-117.593231,-.005534,-1.469029,27.7779,-1.524704,.8,"{""type"":""M"",""msg"":""FADE0"",""time"":34.1316,""dist"":0.735385}",11.870857,10.346153,10.346153,17,24.3,-.02376,17,-1.524704,.007568,-.010579,-.003011,-.00679523728813559,.00195746745801712,-1.817578,1.848882,.0127796610169491,.654838139957628,8.913714,-1.692161,.02376,-1.692161,2.72448,1.692161,1,3.4056,1,2.76944514439499,-.112561774821787,.742716016044736,1.96963920114343,1.52617693930293,.331707851624568,.00166336572969647,.505669432126653,.00188009383189968,.209796974455121,.184538492844304
P08,34.107327,SO,100,14,5607.478027,7872.984375,-117.147034,-.002848,-.207728,27.778,3.4,5.8,"{""type"":""M"",""msg"":""FADE0"",""time"":34.0338,""dist"":0.702382}",10.433167,13.833167,0,8.9,12.4,.077856,8.9,3.4,.008057,-.010905,-.002848,-.00684375,.00229019499636149,-.847544,.077856,-.473966211538462,.297484576332034,11.870857,-1.469029,.077856,-1.469029,2.90052,1.469029,1,3.62565,0,2.15970285117853,.324739015684694,.866511395025682,1.53866612585468,2.78156915487551,-.555914744397567,.00166336572969647,.505669432126653,.00188009383189968,.209796974455121,.184538492844304
P08,33.499298,SO,100,15,5608.20459,7865.640625,-116.432999,-.009074,.177828,27.778,-3.146261,-1.318725,"{""type"":""M"",""msg"":""FADE0"",""time"":33.4839,""dist"":0.710396}",10.787315,7.641054,7.641054,12,16.3,.027811,12,-3.146261,.007202,-.009562,-.00236,-.00648726168224299,.00212250267167176,-1.799501,1.867559,.0820769813084112,.714172766371827,10.433167,-.207728,.027811,-.207728,2.59272,.207728,1,3.2409,1,2.30990144312674,-.451803868801993,.650059352022188,-.897500676014988,2.17122841910232,-.216207331105145,.00166336572969647,.505669432126653,.00188009383189968,.209796974455121,.184538492844304
P08,34.245842,SO,100,16,5594.192383,7843.924316,-118.100739,-.004883,-1.632609,27.7777,-2.93775,1.5,"{""type"":""M"",""msg"":""FADE0"",""time"":34.214,""dist"":0.735624}",11.8461,8.90835,8.90835,14.3,21,.011946,14.3,-2.93775,.005371,-.010254,-.004883,-.00722948305084746,.00154959244563644,-1.868264,1.827788,.507782711864407,.692942606081122,10.787315,.177828,.011946,.177828,1.93356,.177828,1,2.41695,1,2.75894539135146,-.292874325471882,.186522871625233,-.955251670722757,2.32157442616407,.0358336529505233,.00166336572969647,.505669432126653,.00188009383189968,.209796974455121,.184538492844304
P08,29.966375,SO,100,17,5655.43457,7964.930664,-113.464272,-.010905,-1.675898,27.7773,-1.623962,19.3,"{""type"":""M"",""msg"":""FADE0"",""time"":29.9343,""dist"":0.599976}",6.890506,5.266544,5.266544,8.6,12,-.159717,8.6,-1.623962,.006022,-.010905,-.004883,-.00668086956521739,.00176120711372696,-1.834172,1.860183,.323777753623188,.810907643664101,11.8461,-1.632609,.159717,-1.632609,2.16792,1.632609,1,2.7099,1,.657216054839578,-.749587330544774,.351330216648945,1.85461621663383,2.77105909666022,-.58878965536135,.00166336572969647,.505669432126653,.00188009383189968,.209796974455121,.184538492844304
P08,26.272039,SO,100,18,5688.15332,8043.620605,-110.284286,-.009074,1.602869,27.7776,-.811632,4.7,"{""type"":""M"",""msg"":""FADE0"",""time"":26.1737,""dist"":0.513006}",3.874969,3.063337,3.063337,5.1,8,-.184306,5.1,-.811632,.005208,-.009074,-.003866,-.00659915384615385,.00144679421550692,-.184306,1.602869,.605756897435897,.55432231754899,6.890506,-1.675898,.184306,-1.675898,1.87488,1.675898,1,2.3436,1,-.621710866582361,-1.02588795989396,.145257745298251,1.93822768184803,.667266980033411,-.97233028327215,.00166336572969647,.505669432126653,.00188009383189968,.209796974455121,.184538492844304
P08,28.170189,SO,100,19,5666.973633,7995.742188,-113.165512,-.007731,.161391,27.7779,15.6,23.9,"{""type"":""M"",""msg"":""FADE0"",""time"":28.1072,""dist"":0.566243}",5.67724,21.27724,0,12.6,17.2,-.129477,12.6,15.6,.005046,-.011434,-.006388,-.00756615789473684,.00152994232838872,-.178164,.161391,-.0209533684210526,.127824640203125,3.874969,1.602869,.129477,1.602869,1.81656,1.602869,1,2.2707,0,.142654784244686,1.25828818052543,.104245779255484,1.79717425734925,-.612915167252355,-.150457509177579,.00166336572969647,.505669432126653,.00188009383189968,.209796974455121,.184538492844304
P08,29.386572,SO,100,20,5657.311035,7972.285156,-113.56076,-.006063,.752888,27.7779,2.2,7.4,"{""type"":""M"",""msg"":""FADE0"",""time"":29.295,""dist"":0.590848}",6.57658,8.77658,0,9.9,14.6,-.136017,9.9,2.2,.005859,-.010905,-.005046,-.00728854545454545,.00158243030403644,-.136017,.752888,.265525984848485,.25329833131993,5.67724,.161391,.136017,.161391,2.10924,.161391,1,2.63655,0,.524076115673086,-.30939938822329,.310065090321963,-.98699926604087,.152200684010908,-.446331707851625,.00166336572969647,.505669432126653,.00188009383189968,.209796974455121,.184538492844304
P08,28.915421,SO,100,21,5660.811523,7984.678711,-114.628838,-.007406,-1.103052,27.7781,7.9,.1,"{""type"":""M"",""msg"":""FADE0"",""time"":28.8295,""dist"":0.578187}",6.184279,6.284279,0,20.1,28.1,.105809,20.1,.1,.003011,-.010417,-.007406,-.00913753225806452,.000844906119874495,-1.103052,.105809,-.265111967741935,.354191338546474,6.57658,.752888,.105809,.752888,1.08396,.752888,1,1.35495,0,.357696359695711,-.621954828918422,-.410935399121253,.155460269633407,.533996368275429,.671415264916991,.00166336572969647,.505669432126653,.00188009383189968,.209796974455121,.184538492844304
P08,28.28171,SO,100,22,5664.888672,7992.222656,-113.838493,-.007243,-.369736,27.7779,23.7,28.1,"{""type"":""M"",""msg"":""FADE0"",""time"":28.2583,""dist"":0.571407}",5.876831,29.576831,0,9.5,15.4,-.073827,9.5,23.7,.007243,-.014282,-.007039,-.00898962711864407,.0020435978153678,-.369736,.260888,.0364089661016949,.184183114726937,6.184279,-1.103052,.073827,-1.103052,2.60748,1.103052,1,3.25935,0,.227303821273091,2.29912647517537,.660438923674987,.831792019160196,.367453315889617,-.490164922470002,.00166336572969647,.505669432126653,.00188009383189968,.209796974455121,.184538492844304
P08,28.488647,SO,100,23,5660.39209,7978.42041,-113.517677,-.007243,1.063943,27.7778,.7,10.1,"{""type"":""M"",""msg"":""FADE0"",""time"":28.4667,""dist"":0.585942}",6.379426,7.079426,0,10,15,-.08202,10,.7,.005371,-.011922,-.006551,-.00756965625,.00159686535416277,-.08202,1.063943,.46033275,.374034448533694,5.876831,-.369736,.08202,-.369736,1.93356,.369736,1,2.41695,0,.440460640795471,-.522236728655889,.186522871625233,-.584586858268629,.236932801361454,-.43537340419703,.00166336572969647,.505669432126653,.00188009383189968,.209796974455121,.184538492844304
P08,27.46891,SO,100,24,5675.973633,8016.763672,-111.933022,-.006063,.304922,27.7779,4.5,9.1,"{""type"":""M"",""msg"":""FADE0"",""time"":27.3886,""dist"":0.542936}",4.865774,9.365774,0,1000000,23.4,.078816,23.4,4.5,.00472,-.010091,-.005371,-.00722710204081633,.00170708869185838,.030832,.304922,.102049816326531,.063607145731197,6.379426,1.063943,.078816,1.063943,1.6992,1.063943,1,2.124,0,-.201498085780976,-.235509520857781,.0217155266015202,.756254104376714,.450298827483862,1.0330392855186,.00166336572969647,.505669432126653,.00188009383189968,.209796974455121,.184538492844304
P08,28.997158,SO,100,25,5662.504883,7985.149414,-114.046463,-.009399,.268801,27.778,12.8,7.7,"{""type"":""M"",""msg"":""FADE0"",""time"":28.9293,""dist"":0.577629}",6.105511,13.805511,0,8.9,12.4,-.316206,8.9,7.7,.008749,-.013957,-.005208,-.00843150819672131,.00257624260389008,-.320225,.412429,.0679001967213115,.279201190081264,4.865774,.304922,.316206,.304922,3.14964,.304922,1,3.93705,0,.324289866674215,.321270721418526,1.04169831170219,-.709773245258238,-.192289961048129,-.555914744397567,.00166336572969647,.505669432126653,.00188009383189968,.209796974455121,.184538492844304
P08,30.043814,SO,100,26,5639.094238,7939.564941,-116.353958,-.007039,1.677096,27.778,2.8,-2.233698,"{""type"":""M"",""msg"":""FADE0"",""time"":29.9976,""dist"":0.629302}",7.934841,5.701143,5.701143,17.4,10.2,.018547,10.2,-2.233698,.002727,-.009766,-.007039,-.00877303797468354,.000695994168908634,-1.866593,1.841158,-.516416164556962,.807403034107493,6.105511,.268801,.018547,.268801,.98172,.268801,1,1.22715,1,1.10013157750873,-.69508497229404,-.482832919838202,-.779539923513733,.334014035463807,-.413456796887842,.00166336572969647,.505669432126653,.00188009383189968,.209796974455121,.184538492844304
P08,28.297953,SO,100,27,5664.794434,7992.125977,-113.632088,-.008748,-.414243,27.7778,16.3,6.9,"{""type"":""M"",""msg"":""FADE0"",""time"":28.2226,""dist"":0.570079}",5.85632,12.75632,0,30.7,37.5,-.001938,30.7,6.9,.001994,-.009237,-.007243,-.0080531186440678,.000563842546031577,-.414243,-.001938,-.220288406779661,.119637543402781,7.934841,1.677096,.001938,1.677096,.71784,1.677096,1,.8973,0,.218604849884152,.189693373667044,-.668399408167513,1.94054158457913,1.11061721012035,1.83299545230398,.00166336572969647,.505669432126653,.00188009383189968,.209796974455121,.184538492844304
P08,31.20812,SO,100,28,5628.543945,7915.439453,-116.703079,-.008423,-.981924,27.7778,21.7,1.8,"{""type"":""M"",""msg"":""FADE0"",""time"":31.178,""dist"":0.656118}",8.914571,10.714571,0,42.9,19.2,-.087064,19.2,1.8,.002685,-.009562,-.006877,-.00798268539325843,.000877558021851568,-.981924,-.087064,-.624559134831461,.272483930767244,5.85632,-.414243,.087064,-.414243,.9666,.414243,1,1.20825,0,1.51564731242584,-.0663590688284025,-.493465651775216,-.49862286089543,.228225292210354,.572790532025642,.00166336572969647,.505669432126653,.00188009383189968,.209796974455121,.184538492844304
P08,29.199018,SO,100,29,5648.401367,7959.834961,-115.725975,-.007568,1.506144,27.778,1.5,-2.23019,"{""type"":""M"",""msg"":""FADE0"",""time"":29.1664,""dist"":0.607414}",7.099946,4.869756,4.869756,30.2,36,-.204936,30.2,-2.23019,.005697,-.013265,-.007568,-.00883760563380282,.00150913561332187,-1.847235,1.853091,-.517046408450704,.900050814828023,8.914571,-.981924,.204936,-.981924,2.05092,.981924,1,2.56365,1,.746042175833156,-.799347872390458,.269053124279196,.597836752037702,1.52654076044001,1.77820393403101,.00166336572969647,.505669432126653,.00188009383189968,.209796974455121,.184538492844304
P08,30.360558,SO,100,30,5641.333008,7937.662109,-115.559219,-.009766,.783956,27.7774,16.5,11.9,"{""type"":""M"",""msg"":""FADE0"",""time"":30.3416,""dist"":0.630957}",7.997519,19.897519,0,59.9,39.4,-.154865,39.4,11.9,.002727,-.009766,-.007039,-.008482325,.000647319668940677,-.154865,.783956,.3998949375,.273692486514962,7.099946,1.506144,.154865,1.506144,.98172,1.506144,1,1.22715,0,1.12671410048255,1.08525959963118,-.482832919838202,1.61035268667671,.756180281023427,2.78636787025368,.00166336572969647,.505669432126653,.00188009383189968,.209796974455121,.184538492844304
P08,28.355616,SO,100,31,5661.264648,7986.904785,-114.552368,-.007039,-1.581532,27.778,5.5,-1.016661,"{""type"":""M"",""msg"":""FADE0"",""time"":28.2556,""dist"":0.575543}",6.07672,5.060059,5.060059,16.8,21,-.210309,16.8,-1.016661,.005209,-.011597,-.006388,-.00855091803278689,.00173370418752337,-1.581532,-.210309,-.752194114754098,.358894352842546,7.997519,.783956,.210309,.783956,1.87524,.783956,1,2.34405,1,.312079243825064,-.775482280702052,.145510905582466,.215467222930428,1.13722582299016,.30979124431538,.00166336572969647,.505669432126653,.00188009383189968,.209796974455121,.184538492844304
P08,30.241493,SO,100,32,5641.864746,7940.187988,-115.114311,-.008057,.183852,27.7779,11.7,21.8,"{""type"":""M"",""msg"":""FADE0"",""time"":30.1786,""dist"":0.627155}",7.821634,19.521634,0,28,16.8,-.148814,16.8,11.7,.002686,-.009074,-.006388,-.00773889743589744,.0008473690005601,-.148814,.183852,-.0611884358974359,.0787897694947022,6.07672,-1.581532,.148814,-1.581532,.96696,1.581532,1,1.2087,0,1.05211907426523,1.03812046923493,-.493212491491001,1.75596245219608,.321791428278916,.30979124431538,.00166336572969647,.505669432126653,.00188009383189968,.209796974455121,.184538492844304
P08,30.388929,SO,100,33,5640.438477,7934.614258,-114.880241,-.005371,1.307604,27.778,-.504619,4.7,"{""type"":""M"",""msg"":""FADE0"",""time"":30.3366,""dist"":0.633234}",8.109771,7.605152,7.605152,13.2,18.7,.187868,13.2,-.504619,.00472,-.010091,-.005371,-.00698274074074074,.00113453095790483,.120917,1.307604,.508915395061728,.368781472373433,7.821634,.183852,.187868,.183852,1.6992,.183852,1,2.124,1,1.17432157629314,-.456306280602107,.0217155266015202,-.943616487039827,1.06255758414071,-.0847076872500138,.00166336572969647,.505669432126653,.00188009383189968,.209796974455121,.184538492844304
P08,27.482801,SO,100,34,5667.067871,7997.70752,-113.629646,-.007731,-.536983,27.778,34.2,5.7,"{""type"":""M"",""msg"":""FADE0"",""time"":27.4197,""dist"":0.564369}",5.68345,11.38345,0,16.9,24.9,-.102713,16.9,5.7,.005534,-.013102,-.007568,-.00874480701754386,.00143461671634169,-.536983,-.010577,-.152279912280702,.158304405593564,8.109771,1.307604,.102713,1.307604,1.99224,1.307604,1,2.4903,0,.145288522839844,.0175239656111451,.227787997952215,1.22687835593155,1.18488002401542,.320749547969974,.00166336572969647,.505669432126653,.00188009383189968,.209796974455121,.184538492844304
P08,29.468969,SO,100,35,5662.99707,7985.481445,-114.420784,-.011597,.578959,27.7778,7.8,5,"{""type"":""M"",""msg"":""FADE0"",""time"":29.4173,""dist"":0.577551}",6.07789,11.07789,0,6.2,11.1,-.037597,6.2,5,.005045,-.011759,-.006714,-.00987660655737705,.00156473875645626,-.037597,.88131,.576768721311475,.278606819763332,5.68345,-.536983,.037597,-.536983,1.8162,.536983,1,2.27025,0,.312575455444442,-.0207958201847136,.103992618971269,-.261554061884344,.154837007536251,-.851788943071613,.00166336572969647,.505669432126653,.00188009383189968,.209796974455121,.184538492844304
P08,29.714279,SO,100,36,5648.471191,7958.100098,-115.534363,-.006714,-1.449807,27.7782,24.8,-.808277,"{""type"":""M"",""msg"":""FADE0"",""time"":29.7084,""dist"":0.609678}",7.294325,6.486048,6.486048,13.7,8.8,.343407,8.8,-.808277,.004394,-.011108,-.006714,-.00866680821917808,.00116945833446199,-1.449807,.343407,-.394448575342466,.516278727493227,6.07789,.578959,.343407,.578959,1.58184,.578959,1,1.9773,1,.828480738536606,-.596651304699792,-.0608147260524435,-.180478618611658,.322288126914126,-.566873048052162,.00166336572969647,.505669432126653,.00188009383189968,.209796974455121,.184538492844304
P08,29.428242,SO,100,37,5650.716797,7950.429199,-113.036415,-.007568,.114067,27.7781,-3.449126,-1.322321,"{""type"":""M"",""msg"":""FADE0"",""time"":29.4092,""dist"":0.615583}",7.398318,3.949192,3.949192,6.1,11.9,.162527,6.1,-3.449126,.005208,-.009399,-.004191,-.00674683783783784,.00191753893373363,-1.801249,1.872772,.308467391891892,.922131116467641,7.294325,-1.449807,.162527,-1.449807,1.87488,1.449807,1,2.3436,1,.872585469249388,-.914794315941246,.145257745298251,1.50153938270174,.838699754539176,-.862747246726207,.00166336572969647,.505669432126653,.00188009383189968,.209796974455121,.184538492844304
P08,29.883814,SO,100,38,5653.98291,7956.262207,-112.823395,-.006714,.626826,27.7783,-3.954285,-2.029589,"{""type"":""M"",""msg"":""FADE0"",""time"":29.7978,""dist"":0.607164}",7.212217,3.257932,3.257932,6.2,9.9,-.268558,6.2,-3.954285,.004557,-.010091,-.005534,-.00679295833333333,.0015096289110055,-1.798214,1.871286,.124050472222222,.906220294829846,7.398318,.114067,.268558,.114067,1.64052,.114067,1,2.05065,1,.79365770978116,-1.00148411542169,-.0195495997254616,-1.07840421833353,.882847772634357,-.851788943071613,.00166336572969647,.505669432126653,.00188009383189968,.209796974455121,.184538492844304
P08,28.881826,SO,100,39,5664.232422,7990.30957,-113.424835,-.006714,-.201813,27.7778,11,16,"{""type"":""M"",""msg"":""FADE0"",""time"":28.7983,""dist"":0.571751}",5.880886,16.880886,0,34.1,40.1,.069814,34.1,11,.002685,-.009399,-.006714,-.00750915254237288,.000651971858223834,-.219234,.069814,-.151020694915254,.0860692262069948,7.212217,.626826,.069814,.626826,.9666,.626826,1,1.20825,0,.229023597441105,.706948530169471,-.493465651775216,-.0880248773515664,.803842548094904,2.20557777656019,.00166336572969647,.505669432126653,.00188009383189968,.209796974455121,.184538492844304
P08,29.313385,SO,100,40,5655.21582,7976.10498,-115.352837,-.009562,.993521,27.7779,-.205275,-3.661566,"{""type"":""M"",""msg"":""FADE0"",""time"":29.2542,""dist"":0.58891}",6.422132,2.760566,2.760566,12.3,4.9,-.138418,4.9,-3.661566,.00236,-.010579,-.008219,-.008754421875,.000838101308508352,-1.83662,1.873028,-.287561375,1.19285041596703,5.880886,-.201813,.138418,-.201813,.8496,.201813,1,1.062,1,.458572789015256,-1.06385798170701,-.575742744144965,-.908925329315873,.238654265434766,-.994246890581338,.00166336572969647,.505669432126653,.00188009383189968,.209796974455121,.184538492844304
P08,26.69853,SO,100,41,5689.088867,8050.698242,-111.455177,-.008911,-.117675,27.7778,14.3,7.3,"{""type"":""M"",""msg"":""FADE0"",""time"":26.6104,""dist"":0.506312}",3.587837,10.887837,0,14,9.2,.061159,9.2,7.3,.001017,-.009928,-.008911,-.00895733333333333,.000198624268406456,-.117675,.078627,.0233245277777778,.060323770757702,6.422132,.993521,.061159,.993521,.36612,.993521,1,.45765,0,-.743487135552605,-.0446300597771352,-.91573700584519,.620236025804458,.468428752197764,-.523039833433785,.00166336572969647,.505669432126653,.00188009383189968,.209796974455121,.184538492844304
P08,28.543453,SO,100,42,5669.204102,8001.882324,-113.186775,-.009562,-.204504,27.7775,12.8,7,"{""type"":""M"",""msg"":""FADE0"",""time"":28.4849,""dist"":0.55981}",5.475195,12.475195,0,34.8,41.6,-.025245,34.8,7,.001668,-.009562,-.007894,-.00808558181818182,.000526246094061658,-.204504,-.025245,-.129027636363636,.0511632944289975,3.587837,-.117675,.025245,-.117675,.60048,.117675,1,.7506,0,.0569649751530726,.154437941732691,-.750929660821477,-1.0714354695407,-.734810955735287,2.28228590214235,.00166336572969647,.505669432126653,.00188009383189968,.209796974455121,.184538492844304
P08,29.687965,SO,100,43,5659.638184,7980.310547,-114.371109,-.011271,-.407989,27.7774,7.1,3.2,"{""type"":""M"",""msg"":""FADE0"",""time"":29.6778,""dist"":0.584704}",6.176597,9.376597,0,15.7,20.3,-.164283,15.7,3.2,.005371,-.011922,-.006551,-.00821748387096774,.00185164831966969,-.407989,-.164283,-.320592016129032,.0486623571203444,5.475195,-.204504,.164283,-.204504,1.93356,.204504,1,2.41695,0,.354438327507625,-.234152225918428,.186522871625233,-.903727739792174,.0664267731126655,.189249904114843,.00166336572969647,.505669432126653,.00188009383189968,.209796974455121,.184538492844304
P08,31.611193,SO,100,44,5639.408203,7936.213867,-115.722816,-.006714,-.330357,27.7781,13.1,17.5,"{""type"":""M"",""msg"":""FADE0"",""time"":31.595,""dist"":0.633096}",8.091791,21.191791,0,28.1,19.1,-.018154,19.1,13.1,.002685,-.009399,-.006714,-.00832723456790124,.000799487230536,-.330357,.109244,-.028842962962963,.141766963077919,6.176597,-.407989,.018154,-.407989,.9666,.407989,1,1.20825,0,1.16669603362954,1.24757215952638,-.493465651775216,-.510702282999189,.364192086047155,.561832228371048,.00166336572969647,.505669432126653,.00188009383189968,.209796974455121,.184538492844304
P08,30.767885,SO,100,45,5645.287598,7942.318359,-114.50071,-.008057,-1.376988,27.7778,-3.346556,1.3,"{""type"":""M"",""msg"":""FADE0"",""time"":30.7058,""dist"":0.623951}",7.797867,4.451311,4.451311,7.4,11.8,-.047589,7.4,-3.346556,.003011,-.009074,-.006063,-.00757883333333333,.000762973241120989,-1.856675,1.857852,.378066282051282,1.05084342395791,8.091791,-.330357,.047589,-.330357,1.08396,.330357,1,1.35495,1,1.04203919259194,-.85182438360707,-.410935399121253,-.660646270328736,1.17724699712562,-.720289299216481,.00166336572969647,.505669432126653,.00188009383189968,.209796974455121,.184538492844304
P08,30.168772,SO,100,46,5645.36377,7953.803223,-115.461494,-.008057,1.290052,27.7777,1.2,-3.540093,"{""type"":""M"",""msg"":""FADE0"",""time"":30.0857,""dist"":0.612677}",7.383274,3.843181,3.843181,17.8,7.1,-.157983,7.1,-3.540093,.005208,-.011271,-.006063,-.00809501351351351,.00143954237870542,-1.866719,1.841087,-.292368445945946,1.1344836288173,7.797867,-1.376988,.157983,-1.376988,1.87488,1.376988,1,2.3436,1,.866205120871679,-.928088984130816,.145257745298251,1.36089156719589,1.05246780938598,-.753164210180264,.00166336572969647,.505669432126653,.00188009383189968,.209796974455121,.184538492844304
P08,31.004595,SO,100,47,5649.420898,7964.550781,-115.870308,-.008911,.463361,27.7776,-1.120831,-4.05768,"{""type"":""M"",""msg"":""FADE0"",""time"":30.9642,""dist"":0.602349}",7.018999,2.961319,2.961319,11.1,5.2,-.082194,5.2,-4.05768,0,-.008911,-.008911,-.008911,0,-1.849015,1.850193,-.149970457142857,1.11264219508242,7.383274,1.290052,.082194,1.290052,0,1.290052,1,0,1,.71171154168463,-1.03868187240647,-1.17320101489145,1.19297717000811,.876461162148806,-.961371979617555,.00166336572969647,.505669432126653,.00188009383189968,.209796974455121,.184538492844304
P08,28.573982,SO,100,48,5675.154297,8017.01123,-112.618683,-.009766,-.560259,27.7777,10.8,4.7,"{""type"":""M"",""msg"":""FADE0"",""time"":28.5579,""dist"":0.544762}",4.864134,9.564134,0,30.9,36.6,-.063079,30.9,4.7,.002198,-.009766,-.007568,-.00772334693877551,.000541385281439368,-.560259,-.063079,-.361671653061225,.14859601716785,7.018999,.463361,.063079,.463361,.79128,.463361,1,.9891,0,-.202193630273096,-.210633513819993,-.616754710187732,-.403752848920307,.721815952455633,1.85491205961317,.00166336572969647,.505669432126653,.00188009383189968,.209796974455121,.184538492844304
P08,30.106741,SO,100,49,5649.788574,7953.088379,-113.603104,-.007894,-1.860401,27.7777,-1.221607,2.4,"{""type"":""M"",""msg"":""FADE0"",""time"":30.1028,""dist"":0.613855}",7.407579,6.185972,6.185972,12.2,16.3,-.272698,12.2,-1.221607,.003174,-.007894,-.00472,-.00629662162162162,.000760795036619771,-1.860401,1.823123,.272193337837838,.698957923631292,4.864134,-.560259,.272698,-.560259,1.14264,.560259,1,1.4283,1,.876513175067387,-.634283350918139,-.369670272794271,-.21659713369645,-.192986188194919,-.194290723795957,.00166336572969647,.505669432126653,.00188009383189968,.209796974455121,.184538492844304
P08,29.917274,SO,100,50,5652.411621,7963.230957,-114.420975,-.007243,.010084,27.7777,11.5,17.7,"{""type"":""M"",""msg"":""FADE0"",""time"":29.8771,""dist"":0.602466}",7.002574,18.502574,0,16.6,23.1,-.054214,16.6,11.5,.000651,-.007894,-.007243,-.00774745714285714,.000192256673672017,-.098249,.010084,-.0719026857142857,.0273913136413945,7.407579,-1.860401,.054214,-1.860401,.23436,1.860401,1,.29295,0,.704745493951057,.910321801499863,-1.00839366986774,2.29458994862286,.886779333369979,.287874637006191,.00166336572969647,.505669432126653,.00188009383189968,.209796974455121,.184538492844304
P09,30.802317,SO,100,1,5653.940918,7965.442871,-114.412788,-.005371,.484119,27.7783,5.6,10.2,"{""type"":""M"",""msg"":""FADE0"",""time"":30.7982,""dist"":0.601003}",6.892054,12.492054,0,19.5,13.2,.352689,13.2,5.6,.011759,-.014282,-.002523,-.00796582608695652,.00325893916318017,.031376,.490828,.277407637681159,.15355526564716, , ,.352689, ,4.23324, , ,5.29155,0,.657872580982139,.156552201677489,1.80371076718818, , ,-.0847076872500138,.000660562896496513,.355928400310337,.00225398578228453,.181643093109685,.173301633315712
P09,31.195333,SO,100,2,5645.432617,7954.282715,-116.986534,-.015137,1.120779,27.7771,0,-2.432937,"{""type"":""M"",""msg"":""FADE0"",""time"":31.1128,""dist"":0.612439}",7.285411,4.852474,4.852474,10.3,16.3,.551792,10.3,-2.432937,.011108,-.015299,-.004191,-.0101741506849315,.00329545511808491,-1.847409,1.841259,-.140443246575342,.970302139306658,6.892054,.484119,.551792,.484119,3.99888,.484119,1,4.9986,1,.82470019975444,-.801515180081661,1.63890342216446,-.363659365704794,.667924150535381,-.402498493233247,.000660562896496513,.355928400310337,.00225398578228453,.181643093109685,.173301633315712
P09,31.409378,SO,100,3,5645.094727,7936.588379,-112.586342,-.002848,.947437,27.7786,-3.642183,-1.61956,"{""type"":""M"",""msg"":""FADE0"",""time"":31.3132,""dist"":0.628533}",8.095247,4.453064,4.453064,13.8,10,.542517,10,-3.642183,.012776,-.010579,.002197,-.00541885185185185,.00291942206228866,-1.795923,1.867437,.451241469135802,.83330473137219,7.285411,1.120779,.542517,1.120779,4.59936,1.120779,1,5.7492,1,1.16816176641294,-.851604542710028,2.06117477623444,.866031212577742,.834915505279125,-.43537340419703,.000660562896496513,.355928400310337,.00225398578228453,.181643093109685,.173301633315712
P09,33.06934,SO,100,4,5625.659668,7904.887207,-116.652214,-.009928,1.179215,27.7774,-.404827,15.2,"{""type"":""M"",""msg"":""FADE0"",""time"":33.0424,""dist"":0.667214}",9.328963,8.924136,8.924136,16.1,24.9,.245638,16.1,-.404827,.004394,-.009928,-.005534,-.00788904301075269,.00125571243345014,.245638,1.179215,.562054602150538,.306791884185076,8.095247,.947437,.245638,.947437,1.58184,.947437,1,1.9773,1,1.69139613753456,-.290894628723049,-.0608147260524435,.531226098041488,1.17871416847885,.23308311873322,.000660562896496513,.355928400310337,.00225398578228453,.181643093109685,.173301633315712
P09,33.735325,SO,100,5,5623.668457,7905.273926,-117.461319,-.008219,-.787982,27.7779,12.2,2.1,"{""type"":""M"",""msg"":""FADE0"",""time"":33.7157,""dist"":0.667863}",9.307694,11.407694,0,52.5,28.2,.403651,28.2,2.1,.005371,-.010742,-.005371,-.00847622580645161,.0014097991387076,-.787982,.403651,-.0238479569892473,.312307740433455,9.328963,1.179215,.403651,1.179215,1.93356,1.179215,1,2.41695,0,1.68237568887426,.0205643664713191,.186522871625233,.978898675010623,1.70246207739882,1.55903786093913,.000660562896496513,.355928400310337,.00225398578228453,.181643093109685,.173301633315712
P09,33.259808,SO,100,6,5632.434082,7919.922363,-116.245857,-.007568,.520079,27.778,12,19.9,"{""type"":""M"",""msg"":""FADE0"",""time"":33.2579,""dist"":0.651362}",8.725329,20.725329,0,46.1,51.7,.160644,46.1,12,.003703,-.009766,-.006063,-.008073,.000922170165399797,.160644,.520079,.305131885057471,.120662326065628,9.307694,-.787982,.160644,-.787982,1.33308,.787982,1,1.66635,0,1.4353874156102,1.18907391393825,-.235748482444741,.223243326766331,1.69343277545671,3.5205742151115,.000660562896496513,.355928400310337,.00225398578228453,.181643093109685,.173301633315712
P09,38.471733,SO,100,7,5552.441895,7792.933105,-124.190857,-.009399,-2.01932,27.7699,-5.254711,-7.777138,"{""type"":""M"",""msg"":""FADE0"",""time"":38.467,""dist"":0.801067}",14.053287,6.276149,6.276149,20.5,12.5,.433861,12.5,-7.777138,.003702,-.011108,-.007406,-.00957079285714286,.000938069604391074,-2.01932,1.831388,-.188335085714286,.869277095357558,8.725329,.520079,.433861,.520079,1.33272,.520079,1,1.6659,1,3.69504097728276,-.622974399079831,-.236001642728955,-.294203654343879,1.44620209110295,-.161415812832174,.000660562896496513,.355928400310337,.00225398578228453,.181643093109685,.173301633315712
P09,33.377369,SO,100,8,5612.677734,7884.671387,-118.328148,-.007894,-1.11723,27.7777,12.7,0,"{""type"":""M"",""msg"":""FADE0"",""time"":33.2948,""dist"":0.689441}",10.162565,10.162565,10.162565,24.7,14.2,.32097,14.2,0,.002522,-.009399,-.006877,-.00837809900990099,.000704877542626384,-1.11723,.32097,-.241919633663366,.390203414316295,14.053287,-2.01932,.32097,-2.01932,.90792,2.01932,1,1.1349,1,2.04493716175385,-.135585249212055,-.534730778102198,2.60153745123035,3.70807343046585,.0248753492959288,.000660562896496513,.355928400310337,.00225398578228453,.181643093109685,.173301633315712
P09,33.027802,SO,100,9,5616.100586,7893.726563,-118.016304,-.008423,1.483386,27.7778,2,-3.544968,"{""type"":""M"",""msg"":""FADE0"",""time"":33.023,""dist"":0.681934}",9.822136,6.277168,6.277168,13.3,8.8,.58136,8.8,-3.544968,.004069,-.009766,-.005697,-.00833775510204082,.00113165680985137,-1.859474,1.857575,-.285220397959184,1.0260667580177,10.162565,-1.11723,.58136,-1.11723,1.46484,1.11723,1,1.83105,1,1.90055696912721,-.622846607936599,-.143091818422193,.859176420597211,2.05635009082453,-.566873048052162,.000660562896496513,.355928400310337,.00225398578228453,.181643093109685,.173301633315712
P09,32.340176,SO,100,10,5633.395996,7920.233887,-115.869606,-.008423,1.252349,27.7778,-.708874,21.4,"{""type"":""M"",""msg"":""FADE0"",""time"":32.3246,""dist"":0.650384}",8.709147,8.000273,8.000273,11.3,17.9,.442248,11.3,-.708874,.002685,-.008748,-.006063,-.00758201149425287,.000769421097610237,.414494,1.252349,.643434942528736,.267624180288171,9.822136,1.483386,.442248,1.483386,.9666,1.483386,1,1.20825,1,1.42852442721296,-.406754794532446,-.493465651775216,1.56639626067138,1.91182819365718,-.292915456687305,.000660562896496513,.355928400310337,.00225398578228453,.181643093109685,.173301633315712
P09,31.213707,SO,100,11,5639.228027,7937.730957,-116.070145,-.007894,-1.154992,27.7779,37.2,-.101755,"{""type"":""M"",""msg"":""FADE0"",""time"":31.1723,""dist"":0.631222}",8.017172,7.915417,7.915417,18.5,12.1,.511653,12.1,-.101755,.003011,-.009562,-.006551,-.0083597375,.000815817982674095,-1.154992,.511653,-.2427387,.521957898958066,8.709147,1.252349,.511653,1.252349,1.08396,1.252349,1,1.35495,1,1.13504918335061,-.417396448359823,-.410935399121253,1.12015490400587,1.43933236690213,-.205249027450551,.000660562896496513,.355928400310337,.00225398578228453,.181643093109685,.173301633315712
P09,33.531128,SO,100,12,5603.052734,7865.516113,-118.985985,-.008586,-.59135,27.7782,13.5,3.7,"{""type"":""M"",""msg"":""FADE0"",""time"":33.4955,""dist"":0.71222}",10.926994,14.626994,0,35.9,42.6,.237536,35.9,3.7,.003051,-.009928,-.006877,-.00829435779816514,.000763440670800386,-.59135,.237536,-.0798250642201835,.19471450934035,8.017172,-1.154992,.237536,-1.154992,1.09836,1.154992,1,1.37295,0,2.36914105234304,.42429157688043,-.400808987752668,.932112643411751,1.14556908647544,2.40282724234289,.000660562896496513,.355928400310337,.00225398578228453,.181643093109685,.173301633315712
P09,31.712774,SO,100,13,5627.473145,7907.990234,-115.974556,-.006551,1.411855,27.7778,-.812656,5.2,"{""type"":""M"",""msg"":""FADE0"",""time"":31.7042,""dist"":0.664161}",9.108556,8.2959,8.2959,16.6,26.1,.491979,16.6,-.812656,.002685,-.008748,-.006063,-.00729065934065934,.000699828776198232,.412079,1.411855,.632275945054945,.281050772019907,10.926994,-.59135,.491979,-.59135,.9666,.59135,1,1.20825,1,1.59791877480618,-.369680690214236,-.493465651775216,-.156545756557345,2.38087217716189,.287874637006191,.000660562896496513,.355928400310337,.00225398578228453,.181643093109685,.173301633315712
P09,28.998692,SO,100,14,5655.603516,7971.546387,-114.848351,-.009074,-.526458,27.7777,9.1,3.1,"{""type"":""M"",""msg"":""FADE0"",""time"":28.9762,""dist"":0.59415}",6.599755,9.699755,0,27.5,17.8,.30255,17.8,3.1,.000488000000000001,-.009074,-.008586,-.0088200303030303,.00021183374974054,-.526458,.303353,.0509041212121212,.249111709197517,9.108556,1.411855,.30255,1.411855,.17568,1.411855,1,.2196,0,.533904922749224,-.193625503382042,-1.04965879619472,1.42823618032217,1.60889296962903,.419374280861323,.000660562896496513,.355928400310337,.00225398578228453,.181643093109685,.173301633315712
P09,29.500248,SO,100,15,5652.284668,7960.707031,-114.354378,-.007568,.947033,27.7778,2.8,14.1,"{""type"":""M"",""msg"":""FADE0"",""time"":29.4535,""dist"":0.604767}",7.005396,9.805396,0,12.6,19.8,.220102,12.6,2.8,.001343,-.008586,-.007243,-.00771552857142857,.000399653317932131,.220102,.947033,.5178116,.230448525252318,6.599755,-.526458,.220102,-.526458,.48348,.526458,1,.60435,0,.705942339412497,-.18037723629453,-.833206753191226,-.281882798315757,.543834822011313,-.150457509177579,.000660562896496513,.355928400310337,.00225398578228453,.181643093109685,.173301633315712
P09,32.623497,SO,100,16,5634.109375,7923.205566,-116.084366,-.007894,.576179,27.7777,14.6,23.9,"{""type"":""M"",""msg"":""FADE0"",""time"":32.5953,""dist"":0.646949}",8.503969,23.103969,0,15.2,23,.167062,15.2,14.6,.001872,-.008911,-.007039,-.00797530588235294,.000471259331688064,.167062,.576179,.368720752941176,.147528698736317,7.005396,.947033,.167062,.947033,.67392,.947033,1,.8424,0,1.3415058736739,1.48737531230669,-.699284962841696,.530445783597945,.716041087896011,.134458385841872,.000660562896496513,.355928400310337,.00225398578228453,.181643093109685,.173301633315712
P09,34.169086,SO,100,17,5608.671875,7878.515137,-118.672966,-.008911,-1.78777,27.7777,4,-2.337455,"{""type"":""M"",""msg"":""FADE0"",""time"":34.087,""dist"":0.696663}",10.44412,8.106665,8.106665,22.7,12.3,.153395,12.3,-2.337455,.001668,-.009074,-.007406,-.00842353846153846,.000444835824914886,-1.78777,.153395,-.643978884615385,.54919787106582,8.503969,.576179,.153395,.576179,.60048,.576179,1,.7506,1,2.16434815533839,-.393412345748597,-.750929660821477,-.185848109089504,1.35222840743627,-.183332420141362,.000660562896496513,.355928400310337,.00225398578228453,.181643093109685,.173301633315712
P09,31.219893,SO,100,18,5640.300781,7931.5625,-114.406021,-.006388,-1.233336,27.7778,-2.735964,.3,"{""type"":""M"",""msg"":""FADE0"",""time"":31.2053,""dist"":0.637165}",8.293669,5.557705,5.557705,13.3,21.5,-.066884,13.3,-2.735964,.002523,-.008423,-.0059,-.00699956626506024,.000703508285054809,-1.851249,1.845451,.351698927710843,.91623084779557,10.44412,-1.78777,.066884,-1.78777,.90828,1.78777,1,1.13535,1,1.25231501593446,-.713073300069228,-.534477617817983,2.15430524973925,2.17587828247963,-.0737493835954194,.000660562896496513,.355928400310337,.00225398578228453,.181643093109685,.173301633315712
P09,29.394953,SO,100,19,5652.375,7966.448242,-115.199501,-.008423,-1.372495,27.7778,5.8,-.707531,"{""type"":""M"",""msg"":""FADE0"",""time"":29.3653,""dist"":0.5999}",6.893929,6.186398,6.186398,15.8,9.6,.389026,9.6,-.707531,.00118,-.008911,-.007731,-.00855976811594203,.000216591452286906,-1.372495,.389026,-.384536275362319,.51987721220009,8.293669,-1.233336,.389026,-1.233336,.4248,1.233336,1,.531,1,.658667791910629,-.634229926946581,-.874471879518208,1.08343183837447,1.26295001172294,-.479206618815407,.000660562896496513,.355928400310337,.00225398578228453,.181643093109685,.173301633315712
P09,30.239454,SO,100,20,5661.820313,7983.200195,-113.639015,-.007894,.434772,27.7779,15.1,25.2,"{""type"":""M"",""msg"":""FADE0"",""time"":30.2147,""dist"":0.580931}",6.190481,21.290481,0,25.5,35.5,.177568,25.5,15.1,0,-.007894,-.007894,-.007894,0,.177568,.434772,.278852612903226,.0768847908047723,6.893929,-1.372495,.177568,-1.372495,0,1.372495,1,0,0,.360326705390908,1.25994871293714,-1.17320101489145,1.35221346621857,.66872014193796,1.26316366226508,.000660562896496513,.355928400310337,.00225398578228453,.181643093109685,.173301633315712
P09,30.729452,SO,100,21,5644.016602,7945.844238,-115.563866,-.008423,-.303608,27.7777,21,7.4,"{""type"":""M"",""msg"":""FADE0"",""time"":30.6371,""dist"":0.620401}",7.69783,15.09783,0,50.6,55,.234791,50.6,7.4,.000203999999999999,-.008423,-.008219,-.00833822077922078,.000101195046604463,-.303608,.234791,.0497125454545455,.15763016952419,6.190481,.434772,.234791,.434772,.0734399999999996,.434772,1,.0917999999999995,0,.999612250910143,.483338358739897,-1.12155631691167,-.458971684629351,.370086243184976,4.01369787956824,.000660562896496513,.355928400310337,.00225398578228453,.181643093109685,.173301633315712
P09,32.130508,SO,100,22,5629.566406,7918.716309,-116.914108,-.008748,-1.528939,27.7778,6,-1.719965,"{""type"":""M"",""msg"":""FADE0"",""time"":32.0586,""dist"":0.651556}",8.73526,7.015295,7.015295,25,10.6,-.072132,10.6,-1.719965,.001017,-.008748,-.007731,-.00830196551724138,.000388890055852935,-1.528939,-.072132,-.741373057471264,.404289661586762,7.69783,-.303608,.072132,-.303608,.36612,.303608,1,.45765,1,1.43959927679998,-.530279293726167,-.91573700584519,-.712311198671148,1.00999922701806,-.369623582269465,.000660562896496513,.355928400310337,.00225398578228453,.181643093109685,.173301633315712
P09,33.232792,SO,100,23,5615.30957,7884.952148,-117.575226,-.007568,1.096734,27.778,2,15.3,"{""type"":""M"",""msg"":""FADE0"",""time"":33.1475,""dist"":0.688072}",10.125631,12.125631,0,21.2,33.4,.476896,21.2,2,.001505,-.008748,-.007243,-.00799057425742574,.000393235231039505,.476896,1.096734,.753860712871287,.202124423444785,8.73526,-1.528939,.476896,-1.528939,.5418,1.528939,1,.67725,0,2.02927299085633,.110599685410059,-.792194787148459,1.65438057712365,1.45041808609976,.791956605117528,.000660562896496513,.355928400310337,.00225398578228453,.181643093109685,.173301633315712
P09,29.761375,SO,100,24,5649.33252,7959.324219,-115.352715,-.008586,-1.17736,27.7776,7.4,-.203546,"{""type"":""M"",""msg"":""FADE0"",""time"":29.7435,""dist"":0.60796}",7.0902,6.886654,6.886654,20.8,12.5,.34623,12.5,-.203546,.000692,-.008911,-.008219,-.0085105352112676,.000228964365972768,-1.17736,.34623,-.296727915492958,.460200893189136,10.125631,1.096734,.34623,1.096734,.24912,1.096734,1,.3114,1,.741908775454988,-.546411953644235,-.998014098214939,.819588982887164,2.04067054604433,-.161415812832174,.000660562896496513,.355928400310337,.00225398578228453,.181643093109685,.173301633315712
P09,28.475191,SO,100,25,5663.838379,7991.547363,-114.25972,-.009399,-1.073016,27.7779,5.7,.2,"{""type"":""M"",""msg"":""FADE0"",""time"":28.4681,""dist"":0.572942}",5.881287,6.081287,0,18.6,11.3,.285393,11.3,.2,.000650999999999999,-.009399,-.008748,-.0088861186440678,.000178542768443998,-1.073016,.285393,-.257392898305085,.405357563426657,7.0902,-1.17736,.285393,-1.17736,.23436,1.17736,1,.29295,0,.229193666551679,-.647411727590607,-1.00839366986774,.975315795573068,.752042823845006,-.292915456687305,.000660562896496513,.355928400310337,.00225398578228453,.181643093109685,.173301633315712
P09,27.224047,SO,100,26,5685.448242,8040.263184,-111.359932,-.006226,.294401,27.7778,6.6,11.7,"{""type"":""M"",""msg"":""FADE0"",""time"":27.2027,""dist"":0.519288}",3.95484,10.55484,0,20.3,13.1,.165161,13.1,6.6,.002685,-.008911,-.006226,-.007597925,.000605028941350573,.164953,.294401,.207064,.0386199693383139,5.881287,-1.073016,.165161,-1.073016,.9666,1.073016,1,1.20825,0,-.587836577478665,-.0863906754030794,-.493465651775216,.77377834434272,.238824501462731,-.0956659909046081,.000660562896496513,.355928400310337,.00225398578228453,.181643093109685,.173301633315712
P09,28.327356,SO,100,27,5669.369629,8000.461914,-112.759003,-.007406,.512933,27.7779,6.3,14.5,"{""type"":""M"",""msg"":""FADE0"",""time"":28.3027,""dist"":0.562063}",5.509075,11.809075,0,23.4,33.4,-.061171,23.4,6.3,.00118,-.008057,-.006877,-.00768236363636364,.000320934305244591,-.061171,.512933,.170037909090909,.170683785738995,3.95484,.294401,.061171,.294401,.4248,.294401,1,.531,0,.071333906490269,.0709009090244268,-.874471879518208,-.730094255804072,-.579007631617454,1.0330392855186,.000660562896496513,.355928400310337,.00225398578228453,.181643093109685,.173301633315712
P09,30.894869,SO,100,28,5653.51416,7962.852539,-114.058525,-.008057,1.177286,27.7779,-.202362,12.7,"{""type"":""M"",""msg"":""FADE0"",""time"":30.8883,""dist"":0.603409}",6.880688,6.678326,6.678326,11.1,17,-.124733,11.1,-.202362,.00118,-.008219,-.007039,-.0076328115942029,.000358522961581604,-.124733,1.177286,.433337391304348,.395087072622837,5.509075,.512933,.124733,.512933,.4248,.512933,1,.531,1,.653052118361756,-.57253803145311,-.874471879518208,-.308005948931896,.0808098070963445,-.314832063996493,.000660562896496513,.355928400310337,.00225398578228453,.181643093109685,.173301633315712
P09,30.314859,SO,100,29,5644.574707,7950.203125,-116.246162,-.009237,-1.666202,27.778,2.9,-1.013849,"{""type"":""M"",""msg"":""FADE0"",""time"":30.2337,""dist"":0.616553}",7.504854,6.491005,6.491005,17.7,11.9,.517823,11.9,-1.013849,.000975999999999999,-.009562,-.008586,-.00917814666666667,.000286342768200806,-1.666202,.517823,-.268540893333333,.649656131566967,6.880688,1.177286,.517823,1.177286,.35136,1.177286,1,.4392,1,.917768718037451,-.596029655340615,-.926116577497989,.975172866689844,.66309895678513,-.227165634759739,.000660562896496513,.355928400310337,.00225398578228453,.181643093109685,.173301633315712
P09,29.173998,SO,100,30,5659.854492,7981.901855,-114.278229,-.008219,-.851912,27.7778,13.7,2.1,"{""type"":""M"",""msg"":""FADE0"",""time"":29.112,""dist"":0.581833}",6.283136,8.383136,0,23.2,12.6,.143817,12.6,2.1,.000203999999999999,-.008423,-.008219,-.00833557142857143,.00010176470556897,-.851912,.143817,-.301002936507936,.296179184211609,7.504854,-1.666202,.143817,-1.666202,.0734399999999996,1.666202,1,.0917999999999995,0,.399622848633173,-.358740564433088,-1.12155631691167,1.919500135203,.928075367335811,-.150457509177579,.000660562896496513,.355928400310337,.00225398578228453,.181643093109685,.173301633315712
P09,28.423264,SO,100,31,5666.314453,7996.626953,-113.891487,-.009074,-.807466,27.7776,7.9,1.7,"{""type"":""M"",""msg"":""FADE0"",""time"":28.3353,""dist"":0.565046}",5.670927,7.370927,0,22.5,29,.037843,22.5,1.7,.00236,-.009766,-.007406,-.00862852631578947,.000696173959819546,-.807466,.037843,-.285127438596491,.237301150587182,6.283136,-.851912,.037843,-.851912,.8496,.851912,1,1.062,0,.139977362062521,-.485680059329803,-.575742744144965,.34672229304284,.409420954334852,.934414552627253,.000660562896496513,.355928400310337,.00225398578228453,.181643093109685,.173301633315712
P09,28.364702,SO,100,32,5666.440918,7997.944824,-113.958008,-.009074,-1.213013,27.7778,5.8,-.201372,"{""type"":""M"",""msg"":""FADE0"",""time"":28.3386,""dist"":0.565448}",5.66143,5.460058,5.460058,50.9,14.9,.083472,14.9,-.201372,.001017,-.009074,-.008057,-.00871542105263158,.000261881308131894,-1.213013,.083472,-.463176824561404,.385404294625421,5.670927,-.807466,.083472,-.807466,.36612,.807466,1,.45765,1,.135949565695657,-.725319052535546,-.91573700584519,.260876115424731,.149520634024515,.101583474878089,.000660562896496513,.355928400310337,.00225398578228453,.181643093109685,.173301633315712
P09,26.631395,SO,100,33,5680.106934,8028.578613,-112.078346,-.007243,-.343892,27.7778,17.2,22.7,"{""type"":""M"",""msg"":""FADE0"",""time"":26.6234,""dist"":0.532497}",4.452974,21.652974,0,35.3,41.1,.141686,35.3,17.2,.00118,-.008057,-.006877,-.00754315555555556,.000417791811767294,-.343892,.141686,-.153253244444444,.152440011262427,5.66143,-1.213013,.141686,-1.213013,.4248,1.213013,1,.531,0,-.376571723797348,1.3054083742557,-.874471879518208,1.04417854521575,.145488884504356,2.33707742041532,.000660562896496513,.355928400310337,.00225398578228453,.181643093109685,.173301633315712
P09,27.412338,SO,100,34,5673.339355,8012.654297,-113.332542,-.008219,-.57921,27.778,10.5,2.8,"{""type"":""M"",""msg"":""FADE0"",""time"":27.3828,""dist"":0.549208}",5.003868,7.803868,0,16.3,11,.589723,11,2.8,.001018,-.009237,-.008219,-.00891614,.000362891393771566,-.57921,.589723,.11328726,.36001313125268,4.452974,-.343892,.589723,-.343892,.36648,.343892,1,.4581,0,-.14293069486956,-.431385628179637,-.915483845560975,-.634503804998648,-.367535428240063,-.325790367651088,.000660562896496513,.355928400310337,.00225398578228453,.181643093109685,.173301633315712
P09,28.9771,SO,100,35,5663.077148,7989.385742,-114.117218,-.008911,-.906029,27.7778,8.3,1.3,"{""type"":""M"",""msg"":""FADE0"",""time"":28.9548,""dist"":0.574783}",5.977537,7.277537,0,21.7,12.8,.206189,12.8,1.3,.00118,-.008911,-.007731,-.00862006666666667,.00035928832039901,-.906029,.206189,-.26053915,.338104036583658,5.003868,-.57921,.206189,-.57921,.4248,.57921,1,.531,0,.270014494214168,-.497391948305701,-.874471879518208,-.179993819291536,-.133665088115951,-.128540901868391,.000660562896496513,.355928400310337,.00225398578228453,.181643093109685,.173301633315712
P09,28.296951,SO,100,36,5673.565918,8012.768066,-113.224922,-.007894,-.41192,27.7778,17.8,4.5,"{""type"":""M"",""msg"":""FADE0"",""time"":28.1964,""dist"":0.54699}",4.982004,9.482004,0,21.3,13.7,.357755,13.7,4.5,.001343,-.009237,-.007894,-.0088698,.000395561290691945,-.41192,.357755,.08303534,.230842752381542,5.977537,-.906029,.357755,-.906029,.48348,.906029,1,.60435,0,-.152203490464497,-.220933304392757,-.833206753191226,.451247730521111,.279685393461819,-.0299161689770425,.000660562896496513,.355928400310337,.00225398578228453,.181643093109685,.173301633315712
P09,29.593845,SO,100,37,5660.385742,7980.376953,-113.435715,-.006877,.267051,27.7778,5.9,11.6,"{""type"":""M"",""msg"":""FADE0"",""time"":29.5219,""dist"":0.582768}",6.27108,12.17108,0,19.4,25.5,-.129403,19.4,5.9,.000854,-.007731,-.006877,-.00716680952380952,.000308394168449471,-.20161,.267051,-.0748948571428572,.1344680150754,4.982004,-.41192,.129403,-.41192,.30744,.41192,1,.3843,0,.394509748391106,.116299371051622,-.957002132172171,-.503109668945803,-.142946984663152,.594707139334831,.000660562896496513,.355928400310337,.00225398578228453,.181643093109685,.173301633315712
P09,28.789673,SO,100,38,5662.59082,7984.983887,-113.763573,-.008911,.419937,27.7777,21.5,13.8,"{""type"":""M"",""msg"":""FADE0"",""time"":28.7834,""dist"":0.579572}",6.090283,19.890283,0,59.3,28,.430914,28,13.8,.002522,-.009399,-.006877,-.00822809836065574,.000722515921506648,.393754,.4627,.43045306557377,.0236976703818954,6.27108,.267051,.430914,.267051,.90792,.267051,1,1.1349,0,.31783148159739,1.08435214456501,-.534730778102198,-.782919998454823,.404302835748452,1.53712125362994,.000660562896496513,.355928400310337,.00225398578228453,.181643093109685,.173301633315712
P09,30.187777,SO,100,39,5650.934082,7964.762695,-115.556686,-.009074,1.757931,27.7779,2.2,-1.922961,"{""type"":""M"",""msg"":""FADE0"",""time"":30.1698,""dist"":0.602381}",6.993748,5.070787,5.070787,14.3,8.8,.446449,8.8,-1.922961,.000488000000000001,-.009074,-.008586,-.00882514285714286,.000165420262827857,-1.845164,1.856594,-.437889757142857,.824581491397864,6.090283,.419937,.446449,.419937,.17568,.419937,1,.2196,1,.701002277068469,-.774136899559174,-1.04965879619472,-.48762506277282,.327549311688616,-.566873048052162,.000660562896496513,.355928400310337,.00225398578228453,.181643093109685,.173301633315712
P09,27.246725,SO,100,40,5674.001953,8012.879883,-112.637253,-.008057,-.040817,27.7779,31.4,37.5,"{""type"":""M"",""msg"":""FADE0"",""time"":27.1652,""dist"":0.547271}",4.972387,36.372387,0,34.4,19.3,.102011,19.3,31.4,.001709,-.008586,-.006877,-.00805272,.000489345462045465,-.040817,.102011,.02946546,.0502360121334267,6.993748,1.757931,.102011,1.757931,.61524,1.757931,1,.76905,0,-.156282180330784,3.15134617109029,-.740550089168678,2.09667207478657,.711096177038813,.583748835680237,.000660562896496513,.355928400310337,.00225398578228453,.181643093109685,.173301633315712
P09,28.078564,SO,100,41,5663.817383,7988.846191,-113.675011,-.007568,-.002782,27.7778,20.6,26.7,"{""type"":""M"",""msg"":""FADE0"",""time"":28.0521,""dist"":0.574928}",5.989636,26.589636,0,47.6,52.8,.25104,47.6,20.6,.001505,-.008911,-.007406,-.00822825,.00046818059766921,-.002782,.255832,.1545803,.0816170288903702,4.972387,-.040817,.25104,-.040817,.5418,.040817,1,.67725,0,.275145831293529,1.92450717772001,-.792194787148459,-1.21988449801058,-.147029677633076,3.68494876993041,.000660562896496513,.355928400310337,.00225398578228453,.181643093109685,.173301633315712
P09,31.534813,SO,100,42,5636.284668,7932.98877,-116.46431,-.009237,-1.759085,27.7776,3.9,-2.328796,"{""type"":""M"",""msg"":""FADE0"",""time"":31.4917,""dist"":0.636613}",8.208281,5.879485,5.879485,51.3,12.2,-.116289,12.2,-2.328796,.001831,-.009399,-.007568,-.00844173170731707,.000509158008625678,-1.759085,-.116289,-.813583024390244,.477791284725872,5.989636,-.002782,.116289,-.002782,.65916,.002782,1,.82395,1,1.21610089819477,-.672719390285907,-.709664534494495,-1.29334801251593,.284821766784385,-.194290723795957,.000660562896496513,.355928400310337,.00225398578228453,.181643093109685,.173301633315712
P09,28.244263,SO,100,43,5663.537598,7992.532227,-114.494995,-.009074,-1.745349,27.7776,2.9,-1.313372,"{""type"":""M"",""msg"":""FADE0"",""time"":28.2083,""dist"":0.571325}",5.804512,4.49114,4.49114,13.7,8.3,.273394,8.3,-1.313372,.001872,-.009766,-.007894,-.00912025862068966,.000486784276596855,-1.745349,.273394,-.562499,.615550527582495,8.208281,-1.759085,.273394,-1.759085,.67392,1.759085,1,.8424,1,.196632429733105,-.846829493083235,-.699284962841696,2.0989009927763,1.22670035098509,-.621664566325133,.000660562896496513,.355928400310337,.00225398578228453,.181643093109685,.173301633315712
P09,28.746065,SO,100,44,5668.026855,7999.666992,-113.375015,-.007406,-.421518,27.7779,22.8,27.8,"{""type"":""M"",""msg"":""FADE0"",""time"":28.6457,""dist"":0.561257}",5.574266,28.374266,0,49.7,18.5,.220802,18.5,22.8,.00118,-.008586,-.007406,-.00799046428571429,.000348039128640639,-.421518,.220802,-.10660875,.186894550869176,5.804512,-1.745349,.220802,-1.745349,.4248,1.745349,1,.531,0,.0989822241645064,2.1483147419459,-.874471879518208,2.07237030169583,.20623130683177,.496082406443482,.000660562896496513,.355928400310337,.00225398578228453,.181643093109685,.173301633315712
P09,28.45575,SO,100,45,5667.478027,7996.715332,-113.09304,-.008219,.24175,27.7778,27.3,35.8,"{""type"":""M"",""msg"":""FADE0"",""time"":28.4196,""dist"":0.565925}",5.674405,32.974405,0,15.1,21.9,.060549,15.1,27.3,.00118,-.008423,-.007243,-.00773685964912281,.000351446116505813,.046829,.24175,.100530263157895,.0588657630972265,5.574266,-.421518,.060549,-.421518,.4248,.421518,1,.531,0,.141452425320809,2.72521073982251,-.874471879518208,-.48457140649747,.108485260709981,.123500082187277,.000660562896496513,.355928400310337,.00225398578228453,.181643093109685,.173301633315712
P09,26.821035,SO,100,46,5682.086914,8030.717285,-111.279388,-.006388,.708483,27.7779,2.4,7.9,"{""type"":""M"",""msg"":""FADE0"",""time"":26.7651,""dist"":0.528424}",4.294784,6.694784,0,13.3,19.1,.081586,13.3,2.4,.001546,-.007243,-.005697,-.00656448837209302,.000539325830136151,.064241,.708483,.276734674418605,.203794264485245,5.674405,.24175,.081586,.24175,.55656,.24175,1,.6957,0,-.443662079412198,-.570474060270271,-.78181521549566,-.831788156217406,.150997145010207,-.0737493835954194,.000660562896496513,.355928400310337,.00225398578228453,.181643093109685,.173301633315712
P09,29.225117,SO,100,47,5650.967773,7959.583008,-114.617889,-.007568,.214105,27.7778,13.7,21,"{""type"":""M"",""msg"":""FADE0"",""time"":29.2126,""dist"":0.607263}",7.099703,20.799703,0,14.3,21.4,.168009,14.3,13.7,.001547,-.008586,-.007039,-.00788129577464789,.000466617597928086,.131788,.214105,.158004507042254,.0198548961200817,4.294784,.708483,.168009,.708483,.55692,.708483,1,.69615,0,.745939116496823,1.1984010370852,-.781562055211445,.0696932823424885,-.434691630892903,.0358336529505233,.000660562896496513,.355928400310337,.00225398578228453,.181643093109685,.173301633315712
P09,30.38835,SO,100,48,5634.388672,7930.156738,-116.931122,-.007894,1.510868,27.7777,1.4,-2.628603,"{""type"":""M"",""msg"":""FADE0"",""time"":30.3121,""dist"":0.639075}",8.308861,5.680258,5.680258,49.5,18.2,.170802,18.2,-2.628603,.001994,-.009562,-.007568,-.00880080722891566,.000538236652499109,-1.859624,1.846063,-.40278256626506,.896342009349385,7.099703,.214105,.170802,.214105,.71784,.214105,1,.8973,1,1.25875813296146,-.697704126392569,-.668399408167513,-.885183682929656,.756077120537653,.4632074954797,.000660562896496513,.355928400310337,.00225398578228453,.181643093109685,.173301633315712
P09,28.141973,SO,100,49,5662.774902,7988.679688,-114.095612,-.008748,-.900453,27.7778,9.1,1.4,"{""type"":""M"",""msg"":""FADE0"",""time"":28.1228,""dist"":0.575648}",5.966108,7.366108,0,18.5,10.6,.290012,10.6,1.4,.001831,-.009237,-.007406,-.00833406666666667,.000530682223744936,-.900453,.290012,-.267296583333333,.352872968851893,8.308861,1.510868,.290012,1.510868,.65916,1.510868,1,.82395,0,.265167312506588,-.486284402331997,-.709664534494495,1.61947695754626,1.2693994524632,-.369623582269465,.000660562896496513,.355928400310337,.00225398578228453,.181643093109685,.173301633315712
P09,27.881636,SO,100,50,5665.85791,7993.338379,-113.384979,-.007243,.085272,27.7781,13.8,20,"{""type"":""M"",""msg"":""FADE0"",""time"":27.7958,""dist"":0.568313}",5.773585,19.573585,0,31.1,39.3,.246409,31.1,13.8,.00118,-.008423,-.007243,-.00792681034482759,.000314696816327869,.085007,.246409,.154631068965517,.0488209308527449,5.966108,-.900453,.246409,-.900453,.4248,.900453,1,.531,0,.183515902594219,1.04463556018885,-.874471879518208,.4404778460231,.274833454400442,1.87682866692236,.000660562896496513,.355928400310337,.00225398578228453,.181643093109685,.173301633315712
P10,26.962479,SO,100,1,5684.030273,8033.128906,-110.657837,-.006551,1.625566,27.7777,-1.01396,3.3,"{""type"":""M"",""msg"":""FADE0"",""time"":26.8779,""dist"":0.524727}",4.250689,3.236729,3.236729,6,11.2,.281581,6,-1.01396,.002034,-.007568,-.005534,-.00644327906976744,.000765410295374828,.281581,1.625566,.814962139534884,.391921468731731, , ,.281581, ,.73224, , ,.9153,1,-.462363319887808,-1.00414314938631,-.658272996798929, , ,-.873705550380801,.00145119259427671,.644271298379488,.00249813193826217,.159215964884305,.138342770019866
P10,28.199057,SO,100,2,5671.846191,8006.34375,-112.569695,-.006551,.499561,27.7779,5.3,11.3,"{""type"":""M"",""msg"":""FADE0"",""time"":28.1438,""dist"":0.554902}",5.167403,10.467403,0,10.1,14.9,.171613,10.1,5.3,.004191,-.009399,-.005208,-.00730942307692308,.00130620951906358,.152887,.499561,.293346596153846,.109244034005947,4.250689,1.625566,.171613,1.625566,1.50876,1.625566,1,1.88595,0,-.0735734579678943,-.0973560082693988,-.11220626374801,1.84101286359949,-.453411226037835,-.424415100542436,.00145119259427671,.644271298379488,.00249813193826217,.159215964884305,.138342770019866
P10,27.296032,SO,100,3,5679.023926,8022.225098,-111.715698,-.008911,1.053111,27.7776,.7,1000000,"{""type"":""M"",""msg"":""FADE0"",""time"":27.2449,""dist"":0.537636}",4.677166,5.377166,0,4.5,7.7,.296087,4.5,.7,.006755,-.009766,-.003011,-.00723585106382979,.00154232409297481,.296087,1.053111,.598270085106383,.218686310652539,5.167403,.499561,.296087,.499561,2.4318,.499561,1,3.03975,0,-.281489095274658,-.73571440429687,.536896704978256,-.333833584424615,-.0642397793048246,-1.03808010519972,.00145119259427671,.644271298379488,.00249813193826217,.159215964884305,.138342770019866
P10,28.17234,SO,100,4,5661.191895,7978.061035,-112.828682,-.009766,-1.795455,27.7773,-1.525776,3.3,"{""type"":""M"",""msg"":""FADE0"",""time"":28.1658,""dist"":0.586454}",6.384454,4.858678,4.858678,20.8,15.2,.115681,15.2,-1.525776,.006551,-.009766,-.003215,-.007105515625,.0017896312202557,-1.852581,1.838142,.624448234375,.653052309647544,4.677166,1.053111,.115681,1.053111,2.35836,1.053111,1,2.94795,1,.44259307842131,-.800737146467715,.485252006998475,.735332406227064,-.272359479158924,.134458385841872,.00145119259427671,.644271298379488,.00249813193826217,.159215964884305,.138342770019866
P10,29.195263,SO,100,5,5646.895508,7955.973633,-116.734428,-.011108,1.739528,27.7776,1.2,-1.311255,"{""type"":""M"",""msg"":""FADE0"",""time"":29.1786,""dist"":0.612091}",7.173452,5.862197,5.862197,18.9,12.2,.07888,12.2,-1.311255,.008057,-.014445,-.006388,-.0102628611111111,.00249474420098043,-1.836338,1.827637,-.383110125,.667031448879433,6.384454,-1.795455,.07888,-1.795455,2.90052,1.795455,1,3.62565,1,.777216988904937,-.674887450427414,.866511395025682,2.16914860740912,.45243335802902,-.194290723795957,.00145119259427671,.644271298379488,.00249813193826217,.159215964884305,.138342770019866
P10,27.763044,SO,100,6,5664.565918,7986.364258,-112.293594,-.006063,1.702776,27.778,-1.111381,2.6,"{""type"":""M"",""msg"":""FADE0"",""time"":27.7046,""dist"":0.576081}",6.076635,4.965254,4.965254,6.1,10.3,.08251,6.1,-1.111381,.006918,-.009766,-.002848,-.00663583606557377,.00196114771821951,.08251,1.702776,.648799032786885,.455053700031288,7.173452,1.739528,.08251,1.739528,2.49048,1.739528,1,3.1131,1,.312043194262972,-.787371622541221,.578161831305238,2.06112720670607,.787385691177038,-.862747246726207,.00145119259427671,.644271298379488,.00249813193826217,.159215964884305,.138342770019866
P10,27.999146,SO,100,7,5667.626953,7993.621094,-111.509224,-.00354,1.633057,27.7781,-.60693,2,"{""type"":""M"",""msg"":""FADE0"",""time"":27.9429,""dist"":0.568257}",5.785695,5.178765,5.178765,11.2,7.8,.130945,7.8,-.60693,.011068,-.012085,-.001017,-.00578293103448276,.00326742137108346,.123467,1.633057,.464177396551724,.43240584864936,6.076635,1.702776,.130945,1.702776,3.98448,1.702776,1,4.9806,1,.188651904911026,-.7605955530784,1.62877701079588,1.99014177000039,.321755343335332,-.676456084598104,.00145119259427671,.644271298379488,.00249813193826217,.159215964884305,.138342770019866
P10,28.675421,SO,100,8,5655.020508,7966.460938,-114.172974,-.011108,1.050867,27.7775,13.8,10.7,"{""type"":""M"",""msg"":""FADE0"",""time"":28.6119,""dist"":0.597989}",6.929329,17.629329,0,17.2,11.8,.320376,11.8,10.7,.0059,-.011108,-.005208,-.00783313043478261,.00141795057070826,.320376,1.050867,.593545898550725,.247915989780643,5.785695,1.633057,.320376,1.633057,2.124,1.633057,1,2.655,0,.673681374240522,.8008095572686,.320444661974763,1.85548151581875,.198242949379854,-.238123938414333,.00145119259427671,.644271298379488,.00249813193826217,.159215964884305,.138342770019866
P10,27.897797,SO,100,9,5658.546387,7972.254883,-113.315208,-.006551,-1.852988,27.778,-2.125538,3.2,"{""type"":""M"",""msg"":""FADE0"",""time"":27.8884,""dist"":0.592781}",6.582863,4.457325,4.457325,19.6,39.2,.170905,19.6,-2.125538,.002685,-.008911,-.006226,-.00743890909090909,.00090496258702561,-1.852988,1.852642,.82935543939394,.59493543041787,6.929329,1.050867,.170905,1.050867,.9666,1.050867,1,1.20825,1,.526740814480395,-.851070177586072,-.493465651775216,.730998184416889,.683748459618664,.61662374664402,.00145119259427671,.644271298379488,.00249813193826217,.159215964884305,.138342770019866
P10,27.46014,SO,100,10,5667.640625,7992.702148,-112.11451,-.008748,-1.751534,27.7777,-1.623607,2.3,"{""type"":""M"",""msg"":""FADE0"",""time"":27.3821,""dist"":0.568529}",5.780678,4.157071,4.157071,10.2,18,.20036,10.2,-1.623607,.005045,-.008911,-.003866,-.0066226724137931,.00133562823627739,-1.814464,1.873126,.722664448275862,.673399203526985,6.582863,-1.852988,.20036,-1.852988,1.8162,1.852988,1,2.27025,1,.186524132522635,-.88872454649676,.103992618971269,2.2802719511724,.536663682399379,-.413456796887842,.00145119259427671,.644271298379488,.00249813193826217,.159215964884305,.138342770019866
P10,27.557144,SO,100,11,5663.251953,7984.216797,-113.043793,-.0059,1.347417,27.7778,-.711923,5.4,"{""type"":""M"",""msg"":""FADE0"",""time"":27.5524,""dist"":0.580043}",6.083494,5.371571,5.371571,19.5,40.6,.388386,19.5,-.711923,.004679,-.009399,-.00472,-.00749568852459016,.00121085299879856,.388386,1.347417,.765586803278688,.259206449799371,5.780678,-1.751534,.388386,-1.751534,1.68444,1.751534,1,2.10555,1,.314952181867513,-.736416064204999,.011335954948721,2.08431645227334,.196113088650925,.605665442989425,.00145119259427671,.644271298379488,.00249813193826217,.159215964884305,.138342770019866
P10,29.406288,SO,100,12,5643.882813,7947.631836,-116.324829,-.011597,-1.201573,27.7773,3.6,-.10066,"{""type"":""M"",""msg"":""FADE0"",""time"":29.3289,""dist"":0.619299}",7.59948,7.49882,7.49882,26.7,18.6,.381127,18.6,-.10066,.0059,-.011597,-.005697,-.00942719736842105,.00133533786006625,-1.201573,.404416,-.0720607368421052,.490643570299646,6.083494,1.347417,.381127,1.347417,2.124,1.347417,1,2.655,1,.957900787007744,-.46964120488292,.320444661974763,1.30377602657705,.324667186018156,.507040710098077,.00145119259427671,.644271298379488,.00249813193826217,.159215964884305,.138342770019866
P10,28.707321,SO,100,13,5649.376953,7958.288086,-115.379196,-.009399,-.703673,27.7777,7.8,2.2,"{""type"":""M"",""msg"":""FADE0"",""time"":28.7008,""dist"":0.609224}",7.199337,9.399337,0,14.4,20.2,.149035,14.4,2.2,.007365,-.011922,-.004557,-.00852123611111111,.00177996963491314,-.703673,.149035,-.26557275,.230096084758896,7.59948,-1.201573,.149035,-1.201573,2.6514,1.201573,1,3.31425,0,.788195140843052,-.231300439267696,.69132447834917,1.02208251245799,.968246824648078,.0467919566051175,.00145119259427671,.644271298379488,.00249813193826217,.159215964884305,.138342770019866
P10,29.697815,SO,100,14,5643.228027,7943.268066,-115.639519,-.014608,.082971,27.7772,6.5,4,"{""type"":""M"",""msg"":""FADE0"",""time"":29.6774,""dist"":0.625119}",7.804426,11.804426,0,7.3,11.6,.133808,7.3,4,.009888,-.014608,-.00472,-.0084770641025641,.00222880012760779,.082971,.257929,.16829567948718,.0516166538572137,7.199337,-.703673,.133808,-.703673,3.55968,.703673,1,4.4496,0,1.04482094644792,.0703178854475025,1.33004787542264,.0604029049329779,.798374617820117,-.731247602871076,.00145119259427671,.644271298379488,.00249813193826217,.159215964884305,.138342770019866
P10,30.848745,SO,100,15,5621.936035,7901.318359,-118.659462,-.015462,-.56125,27.7775,3.3,1.1,"{""type"":""M"",""msg"":""FADE0"",""time"":30.8122,""dist"":0.671711}",9.498571,10.598571,0,33,44.3,-.078873,33,1.1,.011108,-.015462,-.004354,-.00974682105263158,.00304278152766248,-.56125,.290191,.0910248,.167454192249867,7.804426,.082971,.078873,.082971,3.99888,.082971,1,4.9986,0,1.76332900961954,-.0809064413651207,1.63890342216446,-1.13846525282961,1.05525229344439,2.08503643635965,.00145119259427671,.644271298379488,.00249813193826217,.159215964884305,.138342770019866
P10,28.894192,SO,100,16,5651.524414,7955.45459,-114.036613,-.009074,-1.289757,27.7778,-2.940497,1,"{""type"":""M"",""msg"":""FADE0"",""time"":28.8117,""dist"":0.608946}",7.30115,4.360653,4.360653,16.9,24.2,.018971,16.9,-2.940497,.005534,-.010091,-.004557,-.00730134246575342,.00178863584905724,-1.845333,1.857783,.256431753424657,1.04252328200088,9.498571,-.56125,.018971,-.56125,1.99224,.56125,1,2.4903,1,.83137530631631,-.863193656878051,.227787997952215,-.214683045544095,1.77446554929681,.320749547969974,.00145119259427671,.644271298379488,.00249813193826217,.159215964884305,.138342770019866
P10,30.351578,SO,100,17,5632.129883,7914.241699,-116.372383,-.017131,-.981445,27.7768,-4.559935,-.605654,"{""type"":""M"",""msg"":""FADE0"",""time"":30.3154,""dist"":0.655802}",8.82831,4.268375,4.268375,11.8,17.7,.136528,11.8,-4.559935,.013428,-.017131,-.003703,-.00830913636363636,.00344178230085498,-1.85017,1.866686,.227758011363636,1.11040617160003,7.30115,-1.289757,.136528,-1.289757,4.83408,1.289757,1,6.0426,1,1.47906294447785,-.874766091731011,2.22623528154236,1.19240738594661,.841597163244566,-.238123938414333,.00145119259427671,.644271298379488,.00249813193826217,.159215964884305,.138342770019866
P10,29.825508,SO,100,18,5633.212402,7928.804199,-118.468781,-.016317,1.014921,27.7775,-.100582,-2.225704,"{""type"":""M"",""msg"":""FADE0"",""time"":29.8084,""dist"":0.642483}",8.420725,6.195021,6.195021,19.3,13.8,.224857,13.8,-2.225704,.011434,-.016317,-.004883,-.010829369047619,.00307294978093343,-1.829948,1.837866,-.207268547619048,.839138158454319,8.82831,-.981445,.224857,-.981445,4.11624,.981445,1,5.1453,1,1.30620105312391,-.633148530451891,1.72143367481843,.596911577239541,1.48992048610511,-.0189578653224481,.00145119259427671,.644271298379488,.00249813193826217,.159215964884305,.138342770019866
P10,28.88702,SO,100,19,5650.693359,7946.062012,-113.094658,-.005371,1.942716,27.7782,-4.748484,-3.03384,"{""type"":""M"",""msg"":""FADE0"",""time"":28.8226,""dist"":0.618524}",7.587431,2.838947,2.838947,6.1,9.6,-.114605,6.1,-4.748484,.011108,-.012614,-.001506,-.00661265789473684,.00317068939528985,-1.800624,1.942716,.380305934210526,.936413764209438,8.420725,1.014921,.114605,1.014921,3.99888,1.014921,1,4.9986,1,.952790655553143,-1.05402834716563,1.63890342216446,.661569513655503,1.31688893633422,-.862747246726207,.00145119259427671,.644271298379488,.00249813193826217,.159215964884305,.138342770019866
P10,29.854103,SO,100,20,5631.787109,7923.760742,-117.757477,-.012451,-1.785381,27.7776,1.7,-1.115425,"{""type"":""M"",""msg"":""FADE0"",""time"":29.8089,""dist"":0.646893}",8.646458,7.531033,7.531033,15.8,9.2,.2083,9.2,-1.115425,.008748,-.013794,-.005046,-.0093445,.00276353980058398,-1.785381,.2083,-.432597779069768,.551186894303864,7.587431,1.942716,.2083,1.942716,3.14928,1.942716,1,3.9366,1,1.4019372390017,-.46560142461115,1.04144515141798,2.45357901649477,.963131677762914,-.523039833433785,.00145119259427671,.644271298379488,.00249813193826217,.159215964884305,.138342770019866
P10,27.461983,SO,100,21,5662.767578,7985.244629,-113.522903,-.007731,.481487,27.7778,11.3,21.1,"{""type"":""M"",""msg"":""FADE0"",""time"":27.4492,""dist"":0.57908}",6.179875,17.479875,0,34.3,43.1,.235295,34.3,11.3,.000326,-.008057,-.007731,-.00786245161290323,.000150028268092597,.235295,.481487,.323622580645161,.0692114804940764,8.646458,-1.785381,.235295,-1.785381,.11736,1.785381,1,.1467,0,.355828568266873,.782066772655646,-1.09067076223749,2.14969096457681,1.41271908421609,2.22749438386938,.00145119259427671,.644271298379488,.00249813193826217,.159215964884305,.138342770019866
P10,31.358206,SO,100,22,5631.113281,7908.111816,-114.301849,-.006388,.89079,27.7781,-4.459171,-2.028525,"{""type"":""M"",""msg"":""FADE0"",""time"":31.3071,""dist"":0.661417}",9.146227,4.687056,4.687056,9.6,15.3,.185327,9.6,-4.459171,.001505,-.007039,-.005534,-.00629686813186813,.000507204828420568,-1.870483,1.815102,.267960043956044,.894242570876119,6.179875,.481487,.185327,.481487,.5418,.481487,1,.67725,1,1.61389551661266,-.822259984135789,-.792194787148459,-.368742998416193,.365583691283238,-.479206618815407,.00145119259427671,.644271298379488,.00249813193826217,.159215964884305,.138342770019866
P10,30.991714,SO,100,23,5620.929199,7904.666016,-118.332573,-.009766,.778049,27.7777,-.504974,-3.845449,"{""type"":""M"",""msg"":""FADE0"",""time"":30.9379,""dist"":0.668568}",9.324789,5.47934,5.47934,11,7.1,.455486,7.1,-3.845449,.00354,-.010579,-.007039,-.00900649462365591,.000785078071770654,-1.846714,1.859256,-.112317924731183,1.01415245797726,9.146227,.89079,.455486,.89079,1.2744,.89079,1,1.593,1,1.68962589197962,-.722900928076468,-.277013608771723,.421814037934098,1.62488539209653,-.753164210180264,.00145119259427671,.644271298379488,.00249813193826217,.159215964884305,.138342770019866
P10,30.98595,SO,100,24,5628.530762,7906.803223,-114.986755,-.004883,-.840331,27.7785,-2.841573,-.30182,"{""type"":""M"",""msg"":""FADE0"",""time"":30.9118,""dist"":0.662988}",9.173578,6.332005,6.332005,11.7,17,.216167,11.7,-2.841573,.004883,-.008586,-.003703,-.00639379120879121,.00120076464079707,-1.838098,1.850119,.318258098901099,.858313762545687,9.324789,.778049,.216167,.778049,1.75788,.778049,1,2.19735,1,1.62549541746873,-.615969588386634,.062980652928502,.204058021400703,1.7006900944045,-.249082242068928,.00145119259427671,.644271298379488,.00249813193826217,.159215964884305,.138342770019866
P10,28.812143,SO,100,25,5648.409668,7949.620605,-113.884193,-.006714,-1.650819,27.778,-2.033857,1.8,"{""type"":""M"",""msg"":""FADE0"",""time"":28.7495,""dist"":0.616065}",7.516052,5.482195,5.482195,9,14.4,.008418,9,-2.033857,.002686,-.007894,-.005208,-.0069938,.000808538387662778,-1.823521,1.871362,.581399586666667,.757711299092351,9.173578,-.840331,.008418,-.840331,.96696,.840331,1,1.2087,1,.922517929758641,-.722542887140327,-.493212491491001,.324353922818403,1.63649667788424,-.544956440742973,.00145119259427671,.644271298379488,.00249813193826217,.159215964884305,.138342770019866
P10,29.644749,SO,100,26,5638.731934,7930.610352,-115.023743,-.006388,1.507411,27.7778,-1.114676,4.6,"{""type"":""M"",""msg"":""FADE0"",""time"":29.6006,""dist"":0.637943}",8.22597,7.111294,7.111294,13,21.5,.394707,13,-1.114676,.00236,-.008586,-.006226,-.0072399756097561,.000782041092911818,.394707,1.507411,.710307780487805,.312882187247952,7.516052,-1.650819,.394707,-1.650819,.8496,1.650819,1,1.062,1,1.22360302412227,-.518240214276577,-.575742744144965,1.88978831073512,.93282924025639,-.106624294559202,.00145119259427671,.644271298379488,.00249813193826217,.159215964884305,.138342770019866
P10,32.101803,SO,100,27,5605.302734,7872.626465,-119.862572,-.010254,1.742162,27.7781,1.4,-1.212664,"{""type"":""M"",""msg"":""FADE0"",""time"":32.0816,""dist"":0.705331}",10.722609,9.509945,9.509945,30.7,13.5,.078747,13.5,-1.212664,.005046,-.011434,-.006388,-.00914147663551402,.00176818124949133,-1.851077,1.821494,-.214319093457944,.580942807321914,8.22597,1.507411,.078747,1.507411,1.81656,1.507411,1,2.2707,1,2.28245882001267,-.217429268737167,.104245779255484,1.61279986093406,1.23420984000921,-.051832776286231,.00145119259427671,.644271298379488,.00249813193826217,.159215964884305,.138342770019866
P10,30.727869,SO,100,28,5624.525879,7901.539063,-116.013405,-.008748,1.696365,27.7777,-1.214796,4.7,"{""type"":""M"",""msg"":""FADE0"",""time"":30.6585,""dist"":0.669492}",9.431709,8.216913,8.216913,53.2,22.7,.134553,22.7,-1.214796,.003865,-.008748,-.004883,-.00711478723404255,.000823455071827935,.028154,1.696365,.426312159574468,.488207524463502,12.366752,2.579561,.134553,2.579561,1.3914,2.579561,1,1.73925,1,1.73497199996583,-.379586322236286,-.194736516401974,3.68362691698536,2.99209083838603,.956331159936442,.00145119259427671,.644271298379488,.00249813193826217,.159215964884305,.138342770019866
P10,32.914448,SO,100,29,5598.594238,7853.621094,-119.161842,-.010579,1.214543,27.7777,-2.837668,10,"{""type"":""M"",""msg"":""FADE0"",""time"":32.8956,""dist"":0.725462}",11.339596,8.501928,8.501928,8.6,17.7,.382075,8.6,-2.837668,.00354,-.010579,-.007039,-.00848045132743363,.00102494198434377,.382075,1.252144,.899159327433628,.266628398149246,9.431709,1.696365,.382075,1.696365,1.2744,1.696365,1,1.593,1,2.54413071608536,-.343843051688417,-.277013608771723,1.97775910688763,1.7460807081452,-.58878965536135,.00145119259427671,.644271298379488,.00249813193826217,.159215964884305,.138342770019866
P10,31.199198,SO,100,30,5611.997559,7885.928711,-119.261307,-.011597,1.427576,27.7777,.7,-2.229008,"{""type"":""M"",""msg"":""FADE0"",""time"":31.1309,""dist"":0.68897}",10.118363,7.889355,7.889355,54.8,18,.016654,18,-2.229008,.003378,-.011597,-.008219,-.00925339603960396,.00122064845946085,-1.843321,1.844654,-.41184003960396,.744401166631608,11.339596,1.214543,.016654,1.214543,1.21608,1.214543,1,1.5201,1,2.02619054124125,-.420664841661995,-.31802557481449,1.04713369644996,2.55603358766171,.441290888170511,.00145119259427671,.644271298379488,.00249813193826217,.159215964884305,.138342770019866
P10,33.840591,SO,100,31,5588.532227,7836.753906,-119.621681,-.008423,.6977,27.7778,19,27.7,"{""type"":""M"",""msg"":""FADE0"",""time"":33.7618,""dist"":0.74329}",12.061071,31.061071,0,20.3,28.7,.344789,20.3,19,.00236,-.009237,-.006877,-.00793631666666667,.000769862532565145,.085499,.6977,.31756175,.194182223554472,10.118363,1.427576,.344789,1.427576,.8496,1.427576,1,1.062,0,2.85011727855596,2.48526261495036,-.575742744144965,1.45860084212153,2.03758507110356,.693331872226179,.00145119259427671,.644271298379488,.00249813193826217,.159215964884305,.138342770019866
P10,33.627842,SO,100,32,5597.197754,7832.900879,-116.61602,-.006388,4.192376,27.7625,-8.210581,-6.075314,"{""type"":""M"",""msg"":""FADE0"",""time"":33.5968,""dist"":0.744535}",12.05962,3.849039,3.849039,6.9,10.2,-.042949,6.9,-8.210581,.003011,-.007568,-.004557,-.006018025,.000774021653688159,-1.871585,4.192376,.764038725,1.32194048654804,12.061071,.6977,.042949,.6977,1.08396,.6977,1,1.35495,1,2.84950189132543,-.927354341817711,-.410935399121253,.0488662262911886,2.86232046615566,-.775080817489453,.00145119259427671,.644271298379488,.00249813193826217,.159215964884305,.138342770019866
P10,29.58827,SO,100,33,5637.010254,7932.257324,-116.371475,-.006714,-.785041,27.7778,20.4,2.7,"{""type"":""M"",""msg"":""FADE0"",""time"":29.5516,""dist"":0.637278}",8.199096,10.899096,0,31.9,21.3,.322436,21.3,2.7,.004557,-.011271,-.006714,-.00870782926829268,.00110812753650358,-.785041,.358893,.0760333292682927,.352115697018419,12.05962,4.192376,.322436,4.192376,1.64052,4.192376,1,2.05065,0,1.21220542492641,-.0432180867823859,-.0195495997254616,6.79873295476494,2.86170447494225,.802914908772122,.00145119259427671,.644271298379488,.00249813193826217,.159215964884305,.138342770019866
P10,30.122629,SO,100,34,5635.446289,7910.452637,-113.400085,-.008586,1.484388,27.7776,-5.077984,-3.653217,"{""type"":""M"",""msg"":""FADE0"",""time"":30.0781,""dist"":0.657804}",9.028181,3.950197,3.950197,9.8,13.6,.122644,9.8,-5.077984,.006918,-.008586,-.001668,-.00544168888888889,.00227900966883901,-1.812784,2.287716,.394927555555556,.887245841317662,8.199096,-.785041,.122644,-.785041,2.49048,.785041,1,3.1131,1,1.56383073300491,-.914668280515389,.578161831305238,.217562869393904,1.22280105443432,-.457290011506219,.00145119259427671,.644271298379488,.00249813193826217,.159215964884305,.138342770019866
P10,31.930109,SO,100,35,5615.771973,7874.991211,-116.199814,-.009928,2.432527,27.7635,-7.299637,-4.365292,"{""type"":""M"",""msg"":""FADE0"",""time"":31.8973,""dist"":0.698461}",10.437868,3.138231,3.138231,6.1,11.4,.154438,6.1,-7.299637,.00704,-.010417,-.003377,-.00767948076923077,.00185936097688024,-1.850093,2.432527,.406435884615385,1.10144622158883,9.028181,1.484388,.154438,1.484388,2.5344,1.484388,1,3.168,1,2.16169660401844,-1.01649562438736,.609047385979421,1.56833159500908,1.57477147150511,-.862747246726207,.00145119259427671,.644271298379488,.00249813193826217,.159215964884305,.138342770019866
P10,29.582771,SO,100,36,5643.048828,7937.377441,-114.044838,-.006388,-1.266941,27.7779,-2.233862,.4,"{""type"":""M"",""msg"":""FADE0"",""time"":29.567,""dist"":0.630782}",7.916601,5.682739,5.682739,10.9,15.5,.035588,10.9,-2.233862,.000162,-.006388,-.006226,-.00637569620253165,4.3190797461894E-05,-1.82542,1.862334,.319196556962025,.861942865418685,10.437868,2.432527,.035588,2.432527,.05832,2.432527,1,.0729,1,1.09239576559638,-.697392988192021,-1.13218904884868,3.39963495190636,2.17322412874687,-.336748671305682,.00145119259427671,.644271298379488,.00249813193826217,.159215964884305,.138342770019866
P10,33.39909,SO,100,37,5592.721191,7859.298828,-122.196663,-.011108,-.730843,27.7775,-3.03756,-4.559256,"{""type"":""M"",""msg"":""FADE0"",""time"":33.2987,""dist"":0.720723}",11.26953,6.710274,6.710274,17.1,38.2,.241698,17.1,-4.559256,.003866,-.012085,-.008219,-.0108236428571429,.000991282033277145,-1.813788,1.839499,.113595705357143,.735995359498672,7.916601,-1.266941,.241698,-1.266941,1.39176,1.266941,1,1.7397,1,2.51441484999705,-.568531484403083,-.194483356117759,1.14833893460038,1.10287380575606,.342666155279163,.00145119259427671,.644271298379488,.00249813193826217,.159215964884305,.138342770019866
P10,30.267014,SO,100,38,5635.226074,7919.194336,-114.479027,-.007568,-.369517,27.7781,-3.74597,-.914259,"{""type"":""M"",""msg"":""FADE0"",""time"":30.2101,""dist"":0.649408}",8.721642,4.975672,4.975672,4.8,8.3,.173013,4.8,-3.74597,.004883,-.009237,-.004354,-.00689132183908046,.0012197854604945,-1.832532,1.859101,.354920264367816,.946517389293159,11.26953,-.730843,.173013,-.730843,1.75788,.730843,1,2.19735,1,1.43382371284042,-.786065117997363,.062980652928502,.112880982732646,2.52628855640137,-1.00520519423593,.00145119259427671,.644271298379488,.00249813193826217,.159215964884305,.138342770019866
P10,30.020432,SO,100,39,5640.181641,7933.008789,-114.613762,-.006226,1.778142,27.7777,-1.422631,2.9,"{""type"":""M"",""msg"":""FADE0"",""time"":29.9442,""dist"":0.634211}",8.214013,6.791382,6.791382,15.1,23.2,.295779,15.1,-1.422631,.001831,-.008057,-.006226,-.00688475609756098,.000589348239315757,.290413,1.778142,.65418487804878,.436028563296975,8.721642,-.369517,.295779,-.369517,.65916,.369517,1,.82395,1,1.21853191101723,-.558359861198703,-.709664534494495,-.585009850504114,1.44463685360892,.123500082187277,.00145119259427671,.644271298379488,.00249813193826217,.159215964884305,.138342770019866
P10,32.578751,SO,100,40,5605.656738,7866.490234,-117.865868,-.007243,1.254908,27.7776,-.506276,7.5,"{""type"":""M"",""msg"":""FADE0"",""time"":32.5321,""dist"":0.709957}",10.759234,10.252958,10.252958,5.5,12.4,.488962,5.5,-.506276,.00354,-.010579,-.007039,-.00789708411214953,.00111637877457882,.488962,1.254908,.712283710280374,.171588233538405,8.214013,1.778142,.488962,1.778142,1.2744,1.778142,1,1.593,1,2.29799194014918,-.124249209162817,-.277013608771723,2.13570904314907,1.22913374976887,-.928497068653772,.00145119259427671,.644271298379488,.00249813193826217,.159215964884305,.138342770019866
P10,33.731915,SO,100,41,5594.893066,7839.898438,-117.401299,-.006551,.968859,27.778,-5.768818,-2.532965,"{""type"":""M"",""msg"":""FADE0"",""time"":33.7223,""dist"":0.739637}",11.847817,6.078999,6.078999,36.4,43,.287823,36.4,-5.768818,.002197,-.007894,-.005697,-.00686090677966102,.000652492931320891,-1.869522,1.833614,.2249825,.890895790499458,10.759234,1.254908,.287823,1.254908,.79092,1.254908,1,.98865,1,2.75967359250571,-.647698661973055,-.617007870471947,1.12509753930544,2.30965323439029,2.45761876061586,.00145119259427671,.644271298379488,.00249813193826217,.159215964884305,.138342770019866
P10,30.534813,SO,100,42,5633.709473,7913.525391,-114.519165,-.007039,.787312,27.7778,-5.773913,-2.334805,"{""type"":""M"",""msg"":""FADE0"",""time"":30.4738,""dist"":0.655217}",8.910196,3.136283,3.136283,6.9,13.7,.525789,6.9,-5.773913,.000162,-.007039,-.006877,-.0068824606741573,2.94027890528399E-05,-1.871921,1.830304,.292794202247191,1.04482400872998,11.847817,.968859,.525789,.968859,.05832,.968859,1,.0729,1,1.51379182025936,-1.01673991991927,-1.13218904884868,.572602078263221,2.77178801252061,-.775080817489453,.00145119259427671,.644271298379488,.00249813193826217,.159215964884305,.138342770019866
P10,32.737122,SO,100,43,5604.665039,7859.878418,-117.491425,-.007731,-.199633,27.7778,-7.195406,-1.82428,"{""type"":""M"",""msg"":""FADE0"",""time"":32.6382,""dist"":0.715009}",11.047921,3.852515,3.852515,8.8,19.7,.473899,8.8,-7.195406,.000163,-.007894,-.007731,-.00783917272727273,7.73642473776502E-05,-1.871104,1.849209,.281771181818182,1.15870686442552,8.910196,.787312,.473899,.787312,.05868,.787312,1,.07335,1,2.42042770404945,-.926918422275145,-1.13193588856447,.221949240931742,1.52468344716732,-.566873048052162,.00145119259427671,.644271298379488,.00249813193826217,.159215964884305,.138342770019866
P10,33.488979,SO,100,44,5596.39502,7840.589355,-118.073479,-.009766,1.923333,27.7778,-7.197666,-4.361822,"{""type"":""M"",""msg"":""FADE0"",""time"":33.4387,""dist"":0.737302}",11.763685,4.566019,4.566019,9.1,13.5,.079125,9.1,-7.197666,.003866,-.009766,-.0059,-.00762296581196581,.00141601569450941,-1.866514,1.923333,.321963837606838,.958005711454908,11.047921,-.199633,.079125,-.199633,1.39176,.199633,1,1.7397,1,2.72399216005999,-.837439038702399,-.194483356117759,-.913135936956774,2.43220916507642,-.533998137088379,.00145119259427671,.644271298379488,.00249813193826217,.159215964884305,.138342770019866
P10,32.312649,SO,100,45,5603.954102,7862.300293,-118.731102,-.014771,1.741861,27.7774,-3.952626,7,"{""type"":""M"",""msg"":""FADE0"",""time"":32.2212,""dist"":0.713221}",11.035113,7.082487,7.082487,7.5,10.7,-.020621,7.5,-3.952626,.01058,-.014771,-.004191,-.00815846363636364,.00175344113928606,-.053148,1.748814,.773668781818182,.655179244442766,11.763685,1.923333,.020621,1.923333,3.8088,1.923333,1,4.761,1,2.414995671211,-.521852853592657,1.50523479209915,2.41614130644725,2.7360715598903,-.709330995561887,.00145119259427671,.644271298379488,.00249813193826217,.159215964884305,.138342770019866
P10,33.661114,SO,100,46,5580.662598,7833.052246,-123.757172,-.016805,-.617984,27.7776,-1.114598,-2.331129,"{""type"":""M"",""msg"":""FADE0"",""time"":33.5854,""dist"":0.750461}",12.390871,10.059742,10.059742,8.4,12.9,.141236,8.4,-2.331129,.010905,-.016805,-.0059,-.0106889024390244,.00286777032374423,-1.815599,1.816362,.21915412195122,.632302156344311,11.035113,1.741861,.141236,1.741861,3.9258,1.741861,1,4.90725,1,2.98998957947117,-.148480115473632,1.5875118844689,2.06563332947039,2.4267718008715,-.610706262670539,.00145119259427671,.644271298379488,.00249813193826217,.159215964884305,.138342770019866
P10,29.879322,SO,100,47,5639.706055,7924.842773,-114.531227,-.009766,1.164074,27.7777,-5.97356,-3.24616,"{""type"":""M"",""msg"":""FADE0"",""time"":29.8152,""dist"":0.642404}",8.500463,2.526903,2.526903,3.9,7.1,.216055,3.9,-5.97356,.006389,-.009766,-.003377,-.00763581176470588,.00129733680957529,-1.840645,1.854241,.217035682352941,1.00363159080608,12.390871,-.617984,.216055,-.617984,2.30004,.617984,1,2.87505,1,1.34001893526575,-1.09316128092294,.444240040955708,-.105102947425349,3.00233004726007,-1.10382992712728,.00145119259427671,.644271298379488,.00249813193826217,.159215964884305,.138342770019866
P10,32.911297,SO,100,48,5585.453125,7852.262207,-123.267349,-.010417,-3.684886,27.7868,-4.764553,-6.178143,"{""type"":""M"",""msg"":""FADE0"",""time"":32.8894,""dist"":0.732518}",11.544569,5.366426,5.366426,4.8,9.4,.324367,4.8,-6.178143,.007365,-.013265,-.0059,-.0110981652173913,.00140639576628029,-3.684886,1.810622,-.239808208695652,1.15254254830339,8.500463,1.164074,.324367,1.164074,2.6514,1.164074,1,3.31425,1,2.63106232656291,-.737061290340356,.69132447834917,.949654266620311,1.35074000964563,-1.00520519423593,.00145119259427671,.644271298379488,.00249813193826217,.159215964884305,.138342770019866
P10,31.360334,SO,100,49,5619.237305,7881.839355,-114.970444,-.008057,2.321744,27.7777,-5.577306,-3.147876,"{""type"":""M"",""msg"":""FADE0"",""time"":31.3238,""dist"":0.690662}",10.14121,4.563904,4.563904,24.3,15.3,.343085,15.3,-5.577306,.004232,-.008586,-.004354,-.006185,.00116619860229722,-1.868686,2.321744,.431085257425743,.955178203858617,11.544569,-3.684886,.343085,-3.684886,1.52352,3.684886,1,1.9044,1,2.03588023941897,-.837704277434426,-.101826692095211,5.81853053656275,2.64305051873422,.145416689496466,.00145119259427671,.644271298379488,.00249813193826217,.159215964884305,.138342770019866
P11,31.216108,SO,100,1,5639.033691,7942.888184,-117.212257,-.00354,.176301,27.7785,-.913099,-2.634744,"{""type"":""M"",""msg"":""FADE0"",""time"":31.1257,""dist"":0.625257}",7.80994,5.175196,5.175196,2.4,5,.365641,2.4,-2.634744,.014445,-.015625,-.00118,-.0107592948717949,.00354536816218399,-1.805645,1.855263,.159731102564103,.846019292766794, , ,.365641, ,5.2002, , ,6.50025,1,1.04715950274642,-.761043135600672,2.48369929058863, , ,-1.26820448194619,.00101597990451643,.206824215039977,.013834417736865,.266100063985301,.232081501814413
P11,30.696775,SO,100,2,5661.990723,7970.730957,-108.901154,.000326,1.99838,27.7781,-2.532323,-1.520877,"{""type"":""M"",""msg"":""FADE0"",""time"":30.6646,""dist"":0.592243}",6.583364,4.051041,4.051041,57.2,1000000,-.358521,57.2,-2.532323,.015757,-.012614,.003143,-.00214751515151515,.00491317988285645,-1.76841,1.99838,.125053909090909,.832789763330268,7.80994,.176301,.358521,.176301,5.67252,.176301,1,7.09065,1,.526953294840487,-.902021597445624,2.8158455834782,-.958201027542782,1.0575931449611,4.73694592077146,.00101597990451643,.206824215039977,.013834417736865,.266100063985301,.232081501814413
P11,24.003601,SO,100,3,5706.866211,8098.029297,-109.793541,-.010091,.208367,27.778,10.1,6,"{""type"":""M"",""msg"":""FADE0"",""time"":23.9132,""dist"":0.455681}",1.730904,7.730904,0,7.8,5.7,.125546,5.7,6,.00822,-.018311,-.010091,-.0142844444444444,.00252292794940888,.125546,.305806,.254080944444444,.0516194854140226,6.583364,1.99838,.125546,1.99838,2.9592,1.99838,1,3.699,0,-1.53103562359198,-.440535925505233,.907776521352663,2.56109244022096,.536876371302149,-.906580461344584,.00101597990451643,.206824215039977,.013834417736865,.266100063985301,.232081501814413
P11,28.649529,SO,100,4,5654.224609,7984.465332,-118.393379,-.010742,-1.117572,27.7778,-2.424996,-3.738366,"{""type"":""M"",""msg"":""FADE0"",""time"":28.5483,""dist"":0.580581}",6.171855,2.433489,2.433489,5.8,3.7,-.318475,3.7,-3.738366,.00985,-.020592,-.010742,-.0150743064516129,.00184890216064286,-1.848121,1.783801,-.235424967741935,.855488065106179,1.730904,.208367,.318475,.208367,3.546,.208367,1,4.4325,1,.352427186055412,-1.10487617970005,1.32042778462248,-.896266465793642,-1.52313239742405,-1.12574653443647,.00101597990451643,.206824215039977,.013834417736865,.266100063985301,.232081501814413
P11,24.822714,SO,100,5,5710.011719,8107.071777,-108.613052,-.006388,.234016,27.7776,5.8,10.9,"{""type"":""M"",""msg"":""FADE0"",""time"":24.7218,""dist"":0.44582}",1.415407,7.215407,0,9.2,16.2,-.030419,9.2,5.8,.002198,-.008586,-.006388,-.0079266,.000740178144580266,-.030419,.234016,.103883933333333,.0844843789411194,6.171855,-1.117572,.030419,-1.117572,.79128,1.117572,1,.9891,0,-1.66484184348843,-.505183571199721,-.616754710187732,.85983698381427,.362178970723937,-.523039833433785,.00101597990451643,.206824215039977,.013834417736865,.266100063985301,.232081501814413
P11,26.339781,SO,100,6,5699.495117,8077.858887,-110.328026,-.007039,.06867,27.7784,16.2,22,"{""type"":""M"",""msg"":""FADE0"",""time"":26.3257,""dist"":0.47931}",2.528696,18.728696,0,8.3,5.9,.094381,5.9,16.2,.008057,-.014771,-.006714,-.0103713461538462,.00239942014565699,.06867,.193952,.147125461538462,.0389270024494368,1.415407,.234016,.094381,.234016,2.90052,.234016,1,3.62565,0,-1.19268206782561,.938679396092516,.866511395025682,-.84672615598563,-1.65706994384521,-.884663854035395,.00101597990451643,.206824215039977,.013834417736865,.266100063985301,.232081501814413
P11,24.626972,SO,100,7,5716.529785,8126.726074,-107.999336,-.009766,.14398,27.777,16.9,12,"{""type"":""M"",""msg"":""FADE0"",""time"":24.5409,""dist"":0.425522}",.607360999999997,12.607361,0,7.1,12,.048854,7.1,12,.003378,-.009766,-.006388,-.00867871428571429,.00155499739702737,.048854,.14398,.0970844285714286,.0347649308348569,2.528696,.06867,.048854,.06867,1.21608,.06867,1,1.5201,0,-2.00754424878052,.171012666204139,-.31802557481449,-1.16608722524819,-1.18444675846574,-.753164210180264,.00101597990451643,.206824215039977,.013834417736865,.266100063985301,.232081501814413
P11,26.850492,SO,100,8,5692.212891,8056.739258,-110.182915,-.005046,.653765,27.7779,2.2,6.3,"{""type"":""M"",""msg"":""FADE0"",""time"":26.8241,""dist"":0.501249}",3.242641,5.442641,0,40.6,48.2,.105093,40.6,2.2,.003173,-.008219,-.005046,-.00651781818181818,.00096346556939472,.105093,.653765,.302195121212121,.162070926291886,.607360999999997,.14398,.105093,.14398,1.14228,.14398,1,1.42785,0,-.889889072443835,-.727503290358581,-.369923433078485,-1.02062811449762,-2.00010870058594,2.91786751410882,.00101597990451643,.206824215039977,.013834417736865,.266100063985301,.232081501814413
P11,26.686646,SO,100,9,5689.748047,8052.200684,-111.255592,-.007243,-.03974,27.7779,17.8,23.7,"{""type"":""M"",""msg"":""FADE0"",""time"":26.598,""dist"":0.504627}",3.54415,21.34415,0,12.7,8.6,-.189016,8.6,17.8,.003662,-.010905,-.007243,-.00934852777777778,.00092890579212045,-.189016,-.000139,-.0482173055555556,.051268952486621,3.242641,.653765,.189016,.653765,1.31832,.653765,1,1.6479,0,-.762015338130176,1.26667925549467,-.24612805409754,-.0359929694441225,-.881356581444558,-.58878965536135,.00101597990451643,.206824215039977,.013834417736865,.266100063985301,.232081501814413
P11,26.742165,SO,100,10,5685.141602,8039.444824,-111.127846,-.006877,.314494,27.7775,5.6,11.5,"{""type"":""M"",""msg"":""FADE0"",""time"":26.724,""dist"":0.520153}",4.047099,9.647099,0,10.7,15.8,-.215173,10.7,5.6,.002685,-.008219,-.005534,-.00734209756097561,.000763309531084149,-.215173,.314494,.0105979268292683,.151478801086553,3.54415,-.03974,.215173,-.03974,.9666,.03974,1,1.20825,0,-.548708382784497,-.200229007246641,-.493465651775216,-1.2219646927029,-.753357343151019,-.358665278614871,.00101597990451643,.206824215039977,.013834417736865,.266100063985301,.232081501814413
P11,26.982246,SO,100,11,5692.480469,8057.300781,-110.313828,-.0059,.701393,27.7779,2.5,7.6,"{""type"":""M"",""msg"":""FADE0"",""time"":26.9691,""dist"":0.501057}",3.373361,5.873361,0,31,20.5,.2616,20.5,2.5,.003215,-.008586,-.005371,-.00675588235294118,.000863077606844668,.2616,.701393,.413019205882353,.131369943153094,4.047099,.314494,.2616,.314494,1.1574,.314494,1,1.44675,0,-.834449087071983,-.673487391229139,-.359290701141472,-.691285201066172,-.539841033851803,.715248479535368,.00101597990451643,.206824215039977,.013834417736865,.266100063985301,.232081501814413
P11,26.864702,SO,100,12,5694.350098,8063.426758,-110.425949,-.007039,.272919,27.7778,8.1,14.6,"{""type"":""M"",""msg"":""FADE0"",""time"":26.7961,""dist"":0.493094}",3.036213,11.136213,0,11.3,17.2,.142924,11.3,8.1,.001872,-.008586,-.006714,-.00732683870967742,.000649524087147618,.142924,.272919,.181284774193548,.0371244770510505,3.373361,.701393,.142924,.701393,.67392,.701393,1,.8424,0,-.977437766601886,-.0134816270083428,-.699284962841696,.0559991501525863,-.825862183500446,-.292915456687305,.00101597990451643,.206824215039977,.013834417736865,.266100063985301,.232081501814413
P11,25.670729,SO,100,13,5690.658203,8052.093262,-109.952995,-.004354,.872349,27.7777,.9,4.5,"{""type"":""M"",""msg"":""FADE0"",""time"":25.5923,""dist"":0.504713}",3.495829,4.395829,0,21.3,14.5,.01589,14.5,.9,.00472,-.009074,-.004354,-.00565714285714286,.00147457138623711,.01589,.872349,.296313142857143,.259090701099185,3.036213,.272919,.01589,.272919,1.6992,.272919,1,2.124,0,-.782508878010479,-.858782291564676,.0217155266015202,-.771586124309499,-.968991201845471,.0577502602597117,.00101597990451643,.206824215039977,.013834417736865,.266100063985301,.232081501814413
P11,25.528957,SO,100,14,5697.03418,8072.331055,-110.124977,-.006226,-.325146,27.7777,9,13.2,"{""type"":""M"",""msg"":""FADE0"",""time"":25.5129,""dist"":0.485203}",2.733358,11.733358,0,14.7,7.9,-.293267,7.9,9,.003011,-.009237,-.006226,-.00717775,.00119909297897295,-.375168,-.293267,-.344463964285714,.0266555625095848,3.495829,.872349,.293267,.872349,1.08396,.872349,1,1.35495,0,-1.10588235633408,.061405362417852,-.410935399121253,.386195773940588,-.77387099678518,-.66549778094351,.00101597990451643,.206824215039977,.013834417736865,.266100063985301,.232081501814413
P11,26.452394,SO,100,15,5690.114746,8053.861328,-111.340721,-.008911,-.297314,27.7778,13.5,6.3,"{""type"":""M"",""msg"":""FADE0"",""time"":26.3602,""dist"":0.502838}",3.448942,9.748942,0,55.5,35.7,-.261848,35.7,6.3,.000975999999999999,-.009399,-.008423,-.00928285714285714,.000272074075429851,-.297314,-.166379,-.207295342857143,.037683168615946,2.733358,-.325146,.261848,-.325146,.35136,.325146,1,.4392,0,-.802394240572673,-.187457041201322,-.926116577497989,-.670711167767605,-1.09756185583387,2.3809106350337,.00101597990451643,.206824215039977,.013834417736865,.266100063985301,.232081501814413
P11,25.755529,SO,100,16,5693.081543,8062.186035,-112.343826,-.013265,-.512337,27.7781,3.7,1.3,"{""type"":""M"",""msg"":""FADE0"",""time"":25.6663,""dist"":0.494087}",3.170278,4.470278,0,23.9,19.7,-.014471,19.7,1.3,.005697,-.015625,-.009928,-.014870875,.00128845891318573,-.512337,.29707,.07422134375,.23006424080995,3.448942,-.297314,.014471,-.297314,2.05092,.297314,1,2.56365,0,-.920579124933608,-.849445762788933,.269053124279196,-.724467879630703,-.793775876194647,.627582050298614,.00101597990451643,.206824215039977,.013834417736865,.266100063985301,.232081501814413
P11,25.825932,SO,100,17,5692.588379,8061.230469,-112.830101,-.014974,-.643944,27.7782,2.9,.8,"{""type"":""M"",""msg"":""FADE0"",""time"":25.7689,""dist"":0.496084}",3.135945,3.935945,0,11.4,9.1,.23729,9.1,.8,.008513,-.022632,-.014119,-.0166385,.00222498169619148,-.643944,.542466,.2035088125,.353458005842683,3.170278,-.512337,.23729,-.512337,3.06468,.512337,1,3.83085,0,-.935140179231128,-.916455600803263,.981952484627545,-.309157105883262,-.912076755239156,-.533998137088379,.00101597990451643,.206824215039977,.013834417736865,.266100063985301,.232081501814413
P11,25.575048,SO,100,18,5696.638672,8068.598145,-109.518738,-.003011,.616871,27.7778,1.7,4.9,"{""type"":""M"",""msg"":""FADE0"",""time"":25.5067,""dist"":0.487481}",2.738225,4.438225,0,11.6,7.5,.317525,7.5,1.7,.007243,-.010254,-.003011,-.004524,.00197863892613079,.246773,.616871,.335188821428571,.106290530793549,3.135945,-.643944,.317525,-.643944,2.60748,.643944,1,3.25935,0,-1.10381820081996,-.853465477719273,.660438923674987,-.0549619500135204,-.926652100745698,-.709330995561887,.00101597990451643,.206824215039977,.013834417736865,.266100063985301,.232081501814413
P11,26.16157,SO,100,19,5695.108398,8066.796387,-110.427696,-.005371,-.203106,27.778,7.7,11.4,"{""type"":""M"",""msg"":""FADE0"",""time"":26.069,""dist"":0.488905}",3.035592,10.735592,0,12.2,17.6,-.178656,12.2,7.7,.004395,-.009766,-.005371,-.00777441935483871,.00138775501618486,-.220919,-.163134,-.191910967741935,.022254500113436,2.738225,.616871,.178656,.616871,1.5822,.616871,1,1.97775,0,-.977701140461402,-.063722859189658,-.060561565768229,-.107252675087882,-1.09549567441715,-.194290723795957,.00101597990451643,.206824215039977,.013834417736865,.266100063985301,.232081501814413
P11,27.349417,SO,100,20,5682.181152,8029.75293,-111.171501,-.005534,1.157906,27.7777,-.101229,5.3,"{""type"":""M"",""msg"":""FADE0"",""time"":27.3178,""dist"":0.529911}",4.356098,4.254869,4.254869,15.6,11.9,.12054,11.9,-.101229,.005371,-.010905,-.005534,-.00771545454545455,.0015743253476367,.12054,1.157906,.610619454545455,.283867187284006,3.035592,-.203106,.12054,-.203106,1.93356,.203106,1,2.41695,1,-.41765804588183,-.876459857364467,.186522871625233,-.906427936802256,-.969254834198005,-.227165634759739,.00101597990451643,.206824215039977,.013834417736865,.266100063985301,.232081501814413
P11,27.127665,SO,100,21,5685.914551,8042.052734,-111.712273,-.007243,.06468,27.7779,18.7,24.5,"{""type"":""M"",""msg"":""FADE0"",""time"":27.0494,""dist"":0.515809}",3.945406,22.645406,0,21.5,16.6,.297501,16.6,18.7,.006022,-.013265,-.007243,-.009479675,.00208493800421266,.06468,.411201,.277332525,.113327371784756,4.356098,1.157906,.297501,1.157906,2.16792,1.157906,1,2.7099,0,-.591837654758331,1.42986766754329,.351330216648945,.937740951056515,-.408662075235426,.287874637006191,.00101597990451643,.206824215039977,.013834417736865,.266100063985301,.232081501814413
P11,26.663258,SO,100,22,5685.61377,8040.557617,-111.561623,-.007039,.335936,27.7781,11.3,17.9,"{""type"":""M"",""msg"":""FADE0"",""time"":26.6532,""dist"":0.519186}",3.969084,15.269084,0,12.9,9.3,.186944,9.3,11.3,.004069,-.011108,-.007039,-.008895875,.000999846198108386,.186944,.379242,.33485645,.0504722286583526,3.945406,.06468,.186944,.06468,1.46484,.06468,1,1.83105,0,-.581795519097111,.504815046122683,-.143091818422193,-1.17379379611388,-.583012635826487,-.51208152977919,.00101597990451643,.206824215039977,.013834417736865,.266100063985301,.232081501814413
P11,26.356413,SO,100,23,5695.101563,8067.035645,-110.898048,-.008748,-.302269,27.7779,13.6,5.9,"{""type"":""M"",""msg"":""FADE0"",""time"":26.3355,""dist"":0.490737}",2.935011,8.835011,0,48.5,53.3,-.10022,48.5,5.9,.001505,-.009562,-.008057,-.00921076666666667,.000451672576200896,-.302269,-.087006,-.148262066666667,.0680704517226053,3.969084,.335936,.10022,.335936,.5418,.335936,1,.67725,0,-1.02035879934058,-.302071650941454,-.792194787148459,-.649870591416541,-.572960644130337,3.78357350282176,.00101597990451643,.206824215039977,.013834417736865,.266100063985301,.232081501814413
P11,26.431801,SO,100,24,5691.548828,8057.600586,-111.195122,-.008586,-.292879,27.778,16.1,7,"{""type"":""M"",""msg"":""FADE0"",""time"":26.4295,""dist"":0.50131}",3.347164,10.347164,0,16.6,11.2,-.227517,11.2,7,.002319,-.010905,-.008586,-.00961964705882353,.000736061504444038,-.292879,-.128442,-.180446382352941,.0479999538528911,2.935011,-.302269,.227517,-.302269,.83484,.302269,1,1.04355,0,-.845559562108599,-.112434986945627,-.586122315797764,-.71489743886893,-1.01195436020487,-.303873760341899,.00101597990451643,.206824215039977,.013834417736865,.266100063985301,.232081501814413
P11,27.152094,SO,100,25,5684.391602,8036.868164,-110.816277,-.00472,.572984,27.7778,2.2,5.9,"{""type"":""M"",""msg"":""FADE0"",""time"":27.1058,""dist"":0.52204}",4.051405,6.251405,0,12.2,17.8,-.064543,12.2,2.2,.002848,-.007568,-.00472,-.00620485365853659,.000875163657865648,-.064543,.572984,.119604902439024,.18939606299575,3.347164,-.292879,.064543,-.292879,1.02528,.292879,1,1.2816,0,-.546882154380189,-.626077504131974,-.452200525448234,-.733033955267123,-.836983563112915,-.194290723795957,.00101597990451643,.206824215039977,.013834417736865,.266100063985301,.232081501814413
P11,27.153854,SO,100,26,5681.525879,8031.426758,-111.537041,-.005208,-.082119,27.7777,5.9,9.6,"{""type"":""M"",""msg"":""FADE0"",""time"":27.0924,""dist"":0.52771}",4.275665,10.175665,0,21.1,27.6,-.157387,21.1,5.9,.002198,-.007406,-.005208,-.00698197674418605,.000657489905349707,-.230407,-.082119,-.19409376744186,.0378961052703166,4.051405,.572984,.157387,.572984,.79128,.572984,1,.9891,0,-.451770686207825,-.133942399382477,-.616754710187732,-.192019160196237,-.538013013062733,.780998301462934,.00101597990451643,.206824215039977,.013834417736865,.266100063985301,.232081501814413
P11,28.693544,SO,100,27,5679.128418,8024.356934,-111.834869,-.007568,.342071,27.7776,8.2,16.7,"{""type"":""M"",""msg"":""FADE0"",""time"":28.6109,""dist"":0.534584}",4.548338,12.748338,0,17.9,25.8,-.12286,17.9,8.2,.000529,-.007568,-.007039,-.00750697826086957,.000166943834750951,-.12286,.342071,.0612416956521739,.14166583346451,4.275665,-.082119,.12286,-.082119,.19044,.082119,1,.23805,0,-.336126659805601,.188692363946457,-1.03927922454192,-1.14011086645807,-.442808196026727,.430332584515917,.00101597990451643,.206824215039977,.013834417736865,.266100063985301,.232081501814413
P11,29.095583,SO,100,28,5665.620117,7992.637695,-113.151505,-.007568,.150015,27.7779,10.9,18.7,"{""type"":""M"",""msg"":""FADE0"",""time"":29.0005,""dist"":0.568686}",5.776537,16.676537,0,21.5,28.9,-.129437,21.5,10.9,0,-.007568,-.007568,-.007568,0,-.145715,.150015,-.0647183448275862,.0897052751136316,4.548338,.342071,.129437,.342071,0,.342071,1,0,0,.184767882680034,.681321452320283,-1.17320101489145,-.638021014408777,-.32705066871174,.82483151608131,.00101597990451643,.206824215039977,.013834417736865,.266100063985301,.232081501814413
P11,27.629053,SO,100,29,5672.010254,8008.26416,-111.517067,-.001831,-.074396,27.7777,2.7,5,"{""type"":""M"",""msg"":""FADE0"",""time"":27.5563,""dist"":0.552491}",5.195173,7.895173,0,10.5,5.2,.057999,5.2,2.7,.00708,-.008911,-.001831,-.00473340384615385,.00196186787006484,-.651217,.057999,-.415309326923077,.213068907881724,5.776537,.150015,.057999,.150015,2.5488,.150015,1,3.186,0,-.0617958539763378,-.419935215684249,.619173797348005,-1.00897168462935,.194355115105282,-.961371979617555,.00101597990451643,.206824215039977,.013834417736865,.266100063985301,.232081501814413
P11,27.647331,SO,100,30,5677.216797,8020.028809,-111.801239,-.005697,.212018,27.7777,4.6,8.8,"{""type"":""M"",""msg"":""FADE0"",""time"":27.6026,""dist"":0.540405}",4.765058,9.365058,0,11.7,6.9,.17288,6.9,4.6,.003865,-.009562,-.005697,-.0064305625,.000716040796004357,-.081349,.212018,.0144162291666667,.0862581364690693,5.195173,-.074396,.17288,-.074396,1.3914,.074396,1,1.73925,0,-.244212999847006,-.23559931326068,-.194736516401974,-1.15502762004095,-.0524506159716852,-.775080817489453,.00101597990451643,.206824215039977,.013834417736865,.266100063985301,.232081501814413
P11,27.556536,SO,100,31,5670.139648,8006.748047,-113.956619,-.008911,-1.256864,27.7776,4.4,-.202969,"{""type"":""M"",""msg"":""FADE0"",""time"":27.472,""dist"":0.554238}",5.266672,5.063703,5.063703,11.6,8.2,.135759,8.2,-.202969,.003174,-.012085,-.008911,-.0103444905660377,.00114313022716375,-1.256864,.208319,-.268277490566038,.465711360505155,4.765058,.212018,.135759,.212018,1.14264,.212018,1,1.4283,1,-.0314722346824119,-.775025292550985,-.369670272794271,-.88921466373083,-.235046798435975,-.632622869979727,.00101597990451643,.206824215039977,.013834417736865,.266100063985301,.232081501814413
P11,27.71279,SO,100,32,5683.693359,8037.925293,-112.272499,-.009074,-.49437,27.7777,9,3.2,"{""type"":""M"",""msg"":""FADE0"",""time"":27.6704,""dist"":0.521432}",3.984776,7.184776,0,17.1,11.1,.118469,11.1,3.2,.000487999999999999,-.009562,-.009074,-.009362725,.0002224918307345,-.49437,.118469,-.08904935,.193228297374196,5.266672,-1.256864,.118469,-1.256864,.17568,1.256864,1,.2196,0,-.575140345822516,-.509024955408102,-1.04965879619472,1.12887549735388,-.0220972350153961,-.314832063996493,.00101597990451643,.206824215039977,.013834417736865,.266100063985301,.232081501814413
P11,26.733486,SO,100,33,5683.262207,8036.185059,-111.79277,-.007894,-.242628,27.778,29.8,35.9,"{""type"":""M"",""msg"":""FADE0"",""time"":26.6918,""dist"":0.52323}",4.143747,33.943747,0,16.5,9.6,-.094353,9.6,29.8,.00118,-.009074,-.007894,-.0080472380952381,.00019932542450681,-.242628,-.094353,-.168947119047619,.0449432074431517,3.984776,-.49437,.094353,-.49437,.4248,.49437,1,.531,0,-.50771875834892,2.84677435352499,-.874471879518208,-.343859852435585,-.566298939016055,-.479206618815407,.00101597990451643,.206824215039977,.013834417736865,.266100063985301,.232081501814413
P11,26.777021,SO,100,34,5683.544922,8035.578125,-111.755928,-.008423,.24515,27.7777,49.9,22.2,"{""type"":""M"",""msg"":""FADE0"",""time"":26.7606,""dist"":0.52437}",4.150955,26.350955,0,11.1,18,.080822,11.1,22.2,.00118,-.008423,-.007243,-.00839004761904762,.000184020803752469,.080822,.245973,.192855642857143,.0511916632498298,4.143747,-.242628,.080822,-.242628,.4248,.242628,1,.531,0,-.504661755483556,1.89457457923349,-.874471879518208,-.830092324332677,-.498811179410994,-.314832063996493,.00101597990451643,.206824215039977,.013834417736865,.266100063985301,.232081501814413
P11,28.570921,SO,100,35,5669.947266,8000.919434,-112.037575,-.005046,.878827,27.7778,.9,5,"{""type"":""M"",""msg"":""FADE0"",""time"":28.5408,""dist"":0.561239}",5.467342,6.367342,0,10.6,15.4,-.032183,10.6,.9,.002685,-.007731,-.005046,-.00634036363636364,.000928815022919713,-.034038,.878827,.203886254545455,.265098421800437,4.150955,.24515,.032183,.24515,.9666,.24515,1,1.20825,0,.0536344197283087,-.611538032323444,-.493465651775216,-.825221153474717,-.495751176195104,-.369623582269465,.00101597990451643,.206824215039977,.013834417736865,.266100063985301,.232081501814413
P11,29.224852,SO,100,36,5668.193848,7998.956055,-113.071655,-.008423,.017735,27.7776,42.1,46.8,"{""type"":""M"",""msg"":""FADE0"",""time"":29.1851,""dist"":0.563405}",5.514882,47.614882,0,8.3,11.7,-.319043,8.3,42.1,.003377,-.008423,-.005046,-.00788185454545455,.000567661689094828,-.319064,.017735,-.162823254545455,.110103890776817,5.467342,.878827,.319043,.878827,1.21572,.878827,1,1.51965,0,.0737967277498646,4.56124930046263,-.318278735098704,.398707845636806,.0630929488542879,-.621664566325133,.00101597990451643,.206824215039977,.013834417736865,.266100063985301,.232081501814413
P11,29.083817,SO,100,37,5664.464355,7987.84375,-113.496407,-.008748,.994299,27.7777,59.2,24.5,"{""type"":""M"",""msg"":""FADE0"",""time"":28.9851,""dist"":0.573528}",5.97111,30.47111,0,9.4,19,.03126,9.4,24.5,.000854000000000001,-.008748,-.007894,-.00861445,.000245101876086286,.03126,.994299,.6184568,.293810870815247,5.514882,.017735,.03126,.017735,.30744,.017735,1,.3843,0,.267288723207552,2.41127655935437,-.957002132172171,-1.26446672074787,.0832750455362272,-.501123226124596,.00101597990451643,.206824215039977,.013834417736865,.266100063985301,.232081501814413
P11,27.22229,SO,100,38,5677.630859,8021.800781,-112.752167,-.009766,-.095316,27.778,9.8,5.1,"{""type"":""M"",""msg"":""FADE0"",""time"":27.2156,""dist"":0.539627}",4.651945,9.751945,0,41.8,51.1,-.104616,41.8,5.1,.001343,-.009766,-.008423,-.00967593617021277,.000332033353762993,-.104616,.162935,.0721155957446808,.0830302442630184,5.97111,.994299,.104616,.994299,.48348,.994299,1,.60435,0,-.292185636515964,-.187080439824358,-.833206753191226,.621738710549697,.27695694719815,3.04936715796395,.00101597990451643,.206824215039977,.013834417736865,.266100063985301,.232081501814413
P11,28.4956,SO,100,39,5672.494141,8008.911133,-112.563377,-.006877,.101097,27.7781,8.8,14.6,"{""type"":""M"",""msg"":""FADE0"",""time"":28.4102,""dist"":0.55127}",5.192631,13.992631,0,35.5,22.4,-.181669,22.4,8.8,.001709,-.008586,-.006877,-.00802626923076923,.000672520489239142,-.181669,.101097,-.0271679423076923,.0689302377322183,4.651945,-.095316,.181669,-.095316,.61524,.095316,1,.76905,0,-.0628739479391224,.344737138220859,-.740550089168678,-1.11462123845946,-.283066518713303,.923456248972659,.00101597990451643,.206824215039977,.013834417736865,.266100063985301,.232081501814413
P11,30.29941,SO,100,40,5652.82666,7966.100098,-114.506386,-.007568,-.803844,27.7777,21.8,26.9,"{""type"":""M"",""msg"":""FADE0"",""time"":30.23,""dist"":0.598817}",6.816446,28.616446,0,32.7,38.7,-.393342,32.7,21.8,.000326,-.007894,-.007568,-.00784845588235294,.000100935095714875,-.803844,-.393342,-.635305882352941,.123084807641703,5.192631,.101097,.393342,.101097,.11736,.101097,1,.1467,0,.625806283445458,2.17868614436782,-1.09067076223749,-1.10345540232549,-.0535297680492088,2.05216152539587,.00101597990451643,.206824215039977,.013834417736865,.266100063985301,.232081501814413
P11,29.391199,SO,100,41,5656.708008,7967.393066,-113.025536,-.007894,-1.52583,27.7778,-2.025154,1.3,"{""type"":""M"",""msg"":""FADE0"",""time"":29.3069,""dist"":0.595778}",6.778709,4.753555,4.753555,7.8,12.6,-.126502,7.8,-2.025154,.002197,-.007894,-.005697,-.00693170588235294,.000604365414293979,-1.848067,1.84154,.461479544117647,.862883324442205,6.816446,-.803844,.126502,-.803844,.79092,.803844,1,.98865,1,.609801550214296,-.813920452012348,-.617007870471947,.253880326032371,.635826380953385,-.676456084598104,.00101597990451643,.206824215039977,.013834417736865,.266100063985301,.232081501814413
P11,27.256413,SO,100,42,5675.633301,8017.202148,-112.33297,-.007568,-.184726,27.7777,15.9,22.9,"{""type"":""M"",""msg"":""FADE0"",""time"":27.1617,""dist"":0.542175}",4.754344,20.654344,0,33.2,40.3,-.239595,33.2,15.9,.000326,-.007894,-.007568,-.00771741666666667,9.99346240199771E-05,-.267181,-.184726,-.245752375,.0222919067544703,6.778709,-1.52583,.239595,-1.52583,.11736,1.52583,1,.1467,0,-.248756941120522,1.18017179980447,-1.09067076223749,1.64837563255688,.619805939588506,2.10695304366884,.00101597990451643,.206824215039977,.013834417736865,.266100063985301,.232081501814413
P11,29.076725,SO,100,43,5661.974609,7984.750977,-113.49926,-.007568,-.045617,27.7779,12.8,20,"{""type"":""M"",""msg"":""FADE0"",""time"":29.0342,""dist"":0.578817}",6.080708,18.880708,0,23.8,30.7,-.20732,23.8,12.8,0,-.007568,-.007568,-.007568,0,-.267162,-.045617,-.209600163934426,.061888126421035,4.754344,-.184726,.20732,-.184726,0,.184726,1,0,0,.3137706044559,.957742975351581,-1.17320101489145,-.941928381040677,-.239595199442502,1.07687250013698,.00101597990451643,.206824215039977,.013834417736865,.266100063985301,.232081501814413
P11,31.510139,SO,100,44,5647.297363,7949.863281,-114.638191,-.007406,.974686,27.7775,1.6,10.9,"{""type"":""M"",""msg"":""FADE0"",""time"":31.4192,""dist"":0.615402}",7.586771,9.186771,0,8.6,16.5,-.064292,8.6,1.6,.00236,-.009399,-.007039,-.00813477631578947,.000960402535033224,-.064292,.974686,.493362276315789,.252706490544668,2.837677,-.2905,.064292,-.2905,.8496,.2905,1,1.062,0,.952510741306315,-.257957997807696,-.575742744144965,-.73762892571561,-1.05327544136683,-.58878965536135,.00101597990451643,.206824215039977,.013834417736865,.266100063985301,.232081501814413
P11,29.978428,SO,100,45,5659.29541,7973.681152,-112.894516,-.006388,-1.745225,27.7779,-1.721817,2,"{""type"":""M"",""msg"":""FADE0"",""time"":29.9264,""dist"":0.5899}",6.485708,4.763891,4.763891,9.6,15.5,.111184,9.6,-1.721817,.000651,-.007039,-.006388,-.00669106153846154,.000309756753201357,-1.866543,1.825019,.6094524,.727707111061406,7.586771,.974686,.111184,.974686,.23436,.974686,1,.29295,1,.485536165009754,-.812624230955972,-1.00839366986774,.583856762081354,.962851488789206,-.479206618815407,.00101597990451643,.206824215039977,.013834417736865,.266100063985301,.232081501814413
P11,27.241314,SO,100,46,5678.574219,8019.870605,-111.334702,-.006551,1.537167,27.778,-1.0086,4,"{""type"":""M"",""msg"":""FADE0"",""time"":27.187,""dist"":0.53981}",4.653181,3.644581,3.644581,8.9,17.1,.325588,8.9,-1.0086,.001709,-.007406,-.005697,-.00673917021276596,.000492020250517719,.325588,1.537167,.800289872340426,.357227476772253,6.485708,-1.745225,.325588,-1.745225,.61524,1.745225,1,.76905,1,-.291661433471903,-.952995089180748,-.740550089168678,2.07213079924286,.495418591883313,-.555914744397567,.00101597990451643,.206824215039977,.013834417736865,.266100063985301,.232081501814413
P11,26.840452,SO,100,47,5682.928711,8034.149414,-111.88604,-.008219,.200294,27.7777,42.3,46.7,"{""type"":""M"",""msg"":""FADE0"",""time"":26.7433,""dist"":0.523716}",4.148199,46.448199,0,11.8,19.1,.234892,11.8,42.3,.001343,-.008586,-.007243,-.00834728571428572,.000293134805059519,.200294,.269191,.247146404761905,.0198690041854134,4.653181,1.537167,.234892,1.537167,.48348,1.537167,1,.60435,0,-.505830609520313,4.41493747086559,-.833206753191226,1.67027272376096,-.282541801180723,-.238123938414333,.00101597990451643,.206824215039977,.013834417736865,.266100063985301,.232081501814413
P11,28.581337,SO,100,48,5665.956055,7993.90625,-113.778992,-.008586,-.057415,27.7777,15.3,7.2,"{""type"":""M"",""msg"":""FADE0"",""time"":28.5253,""dist"":0.568532}",5.769547,12.969547,0,25.9,18.8,.339194,18.8,7.2,.000651,-.009237,-.008586,-.00895912068965517,.000287603594003494,-.057415,.428361,.291545931034483,.146677028754474,4.148199,.200294,.339194,.200294,.23436,.200294,1,.29295,0,.181803336338623,.216433827148827,-1.00839366986774,-.911859234364739,-.496921177424709,.528957317407265,.00101597990451643,.206824215039977,.013834417736865,.266100063985301,.232081501814413
P11,28.948864,SO,100,49,5660.585938,7979.133301,-113.224541,-.007039,.957914,27.7776,1,7.8,"{""type"":""M"",""msg"":""FADE0"",""time"":28.8967,""dist"":0.584303}",6.30628,7.30628,0,8.6,12.7,-.256099,8.6,1,.001831,-.007894,-.006063,-.007357,.000396582416280936,-.256099,.957914,.230599476190476,.349372823227328,5.769547,-.057415,.256099,-.057415,.65916,.057415,1,.82395,0,.409438508221959,-.493787335126193,-.709664534494495,-1.18782593579789,.191387659156465,-.58878965536135,.00101597990451643,.206824215039977,.013834417736865,.266100063985301,.232081501814413
P12,26.696293,SO,100,1,5684.391602,8037.463379,-111.510735,-.007243,.339915,27.7777,9.6,17,"{""type"":""M"",""msg"":""FADE0"",""time"":26.6466,""dist"":0.521461}",4.07387,13.67387,0,12.4,19.8,.294196,12.4,9.6,.001709,-.008748,-.007039,-.00772907317073171,.00065109390222317,.274798,.339915,.29541443902439,.015501685653581, , ,.294196, ,.61524, , ,.76905,0,-.53735446717564,.304761836348646,-.740550089168678, , ,-.172374116486768,.00135288566878364,.205341438302374,.00268926110596527,.191183405908071,.179265413674446
P12,29.196909,SO,100,2,5663.272949,7984.595215,-113.021248,-.006551,1.215264,27.7777,-.30518,6.3,"{""type"":""M"",""msg"":""FADE0"",""time"":29.1434,""dist"":0.578296}",6.072195,5.767015,5.767015,12.7,20,.239114,12.7,-.30518,.000692,-.007243,-.006551,-.00710122950819672,.000120820582330802,.239114,1.215264,.562673196721311,.296185615863365,4.07387,.339915,.239114,.339915,.24912,.339915,1,.3114,1,.310160134784308,-.686824071227327,-.998014098214939,-.6421852667362,-.528475974737958,-.139499205522985,.00135288566878364,.205341438302374,.00268926110596527,.191183405908071,.179265413674446
P12,26.658653,SO,100,3,5687.20166,8045.599609,-112.058228,-.009766,-.039556,27.7778,8.6,4.3,"{""type"":""M"",""msg"":""FADE0"",""time"":26.6215,""dist"":0.513186}",3.755573,8.055573,0,10,16.8,.322286,10,4.3,.004558,-.011597,-.007039,-.00975918421052632,.00113790924578186,-.039556,.349286,.264596052631579,.112806838517776,6.072195,1.215264,.322286,1.215264,1.64088,1.215264,1,2.0511,0,-.672348202058627,-.399819710900717,-.0192964394412469,1.04852628732568,.319870435694024,-.43537340419703,.00135288566878364,.205341438302374,.00268926110596527,.191183405908071,.179265413674446
P12,28.194761,SO,100,4,5662.521484,7991.261719,-115.74865,-.011922,1.554706,27.7779,.7,-1.114423,"{""type"":""M"",""msg"":""FADE0"",""time"":28.1355,""dist"":0.57221}",5.982696,4.868273,4.868273,10.1,16.4,.271214,10.1,-1.114423,.008422,-.015299,-.006877,-.0112555666666667,.00163678820851936,-1.774316,1.874995,-.147750083333333,.775401700537983,3.755573,-.039556,.271214,-.039556,3.03192,.039556,1,3.7899,1,.272202490576878,-.799533853023837,.958914898764015,-1.22232008343956,-.663602201653634,-.424415100542436,.00135288566878364,.205341438302374,.00268926110596527,.191183405908071,.179265413674446
P12,27.106373,SO,100,5,5678.625488,8022.887207,-111.897087,-.005697,.430342,27.7779,4.7,9.4,"{""type"":""M"",""msg"":""FADE0"",""time"":27.0555,""dist"":0.537069}",4.575815,9.275815,0,31.7,39.7,.301769,31.7,4.7,.003214,-.008911,-.005697,-.00723145652173913,.00090647906653581,.272368,.430342,.313627,.0400435748626141,5.982696,1.554706,.301769,1.554706,1.15704,1.554706,1,1.4463,0,-.324473320775136,-.24679113366839,-.359543861425686,1.70414880055626,.28187553727297,1.94257848884993,.00135288566878364,.205341438302374,.00268926110596527,.191183405908071,.179265413674446
P12,26.12261,SO,100,6,5687.026855,8045.611816,-112.033638,-.012085,-.205983,27.7778,6.3,3.2,"{""type"":""M"",""msg"":""FADE0"",""time"":26.0564,""dist"":0.512436}",3.744913,6.944913,0,7.5,11.9,.288435,7.5,3.2,.006551,-.012085,-.005534,-.00939842105263158,.00132783037079247,-.205983,.288435,.132978710526316,.150834840455149,4.575815,.430342,.288435,.430342,2.35836,.430342,1,2.94795,0,-.676869241257402,-.539105786604437,.485252006998475,-.467528102908796,-.315385892301777,-.709330995561887,.00135288566878364,.205341438302374,.00268926110596527,.191183405908071,.179265413674446
P12,27.142191,SO,100,7,5681.052734,8027.209961,-111.219032,-.005697,1.063712,27.7778,.3,5.5,"{""type"":""M"",""msg"":""FADE0"",""time"":27.1293,""dist"":0.533213}",4.45001,4.75001,0,7.8,12.9,.121162,7.8,.3,.003011,-.008057,-.005046,-.00675635555555556,.00101378346611178,.121162,1.063712,.495584733333333,.269881820990175,3.744913,-.205983,.121162,-.205983,1.08396,.205983,1,1.35495,0,-.377828793233105,-.814365024733405,-.410935399121253,-.900871093599104,-.668127678107767,-.676456084598104,.00135288566878364,.205341438302374,.00268926110596527,.191183405908071,.179265413674446
P12,25.76506,SO,100,8,5686.633301,8043.200195,-111.932556,-.008748,.308991,27.7778,14.3,8,"{""type"":""M"",""msg"":""FADE0"",""time"":25.6956,""dist"":0.51475}",3.843601,11.843601,0,7.1,13.1,.337936,7.1,8,.004191,-.010905,-.006714,-.00956538461538461,.00111193060213649,.308991,.516169,.444702256410256,.0619834251396112,4.45001,1.063712,.337936,1.063712,1.50876,1.063712,1,1.88595,0,-.635014427331628,.0752307588882434,-.11220626374801,.75580793448449,-.368793731449261,-.753164210180264,.00135288566878364,.205341438302374,.00268926110596527,.191183405908071,.179265413674446
P12,26.605791,SO,100,9,5681.42627,8030.847656,-112.531967,-.008586,.022535,27.778,12.6,6,"{""type"":""M"",""msg"":""FADE0"",""time"":26.5662,""dist"":0.528933}",4.359318,10.359318,0,9.3,19.2,.279642,9.3,6,.00354,-.011271,-.007731,-.00986190909090909,.000901736201774029,.022535,.441271,.327073613636364,.114047853083841,3.843601,.308991,.279642,.308991,1.2744,.308991,1,1.593,0,-.416292403647303,-.110910773447254,-.277013608771723,-.701914088152354,-.626231785020951,-.51208152977919,.00135288566878364,.205341438302374,.00268926110596527,.191183405908071,.179265413674446
P12,27.264893,SO,100,10,5674.901367,8016.269531,-113.60524,-.013102,-.5293,27.7776,4.5,1.6,"{""type"":""M"",""msg"":""FADE0"",""time"":27.2188,""dist"":0.544742}",4.865431,6.465431,0,9.4,14.7,.142852,9.4,1.6,.006714,-.013265,-.006551,-.010080306122449,.00179257488458272,-.5293,.218338,.0522248979591837,.211666958753727,4.359318,.022535,.142852,.022535,2.41704,.022535,1,3.0213,0,-.201643556366828,-.599236849351426,.526517133325457,-1.2551956580523,-.407295092666729,-.501123226124596,.00135288566878364,.205341438302374,.00268926110596527,.191183405908071,.179265413674446
P12,26.955585,SO,100,11,5681.06543,8028.978516,-112.084511,-.006226,.39524,27.778,8.7,13.9,"{""type"":""M"",""msg"":""FADE0"",""time"":26.8707,""dist"":0.529565}",4.446676,13.146676,0,22.3,31.5,.259897,22.3,8.7,.005208,-.011434,-.006226,-.00808195555555555,.0013135852042745,.251701,.417879,.325047844444444,.0655451599943108,4.865431,-.5293,.259897,-.5293,1.87488,.5293,1,2.3436,0,-.379242784292085,.238647288787244,.145257745298251,-.276393556611427,-.192435574408707,.912497945318065,.00135288566878364,.205341438302374,.00268926110596527,.191183405908071,.179265413674446
P12,27.896885,SO,100,12,5680.703613,8030.394531,-112.946747,-.010742,-.487072,27.7777,5.6,2,"{""type"":""M"",""msg"":""FADE0"",""time"":27.8698,""dist"":0.529997}",4.260582,6.260582,0,24.9,35.1,.254708,24.9,2,.004883,-.012777,-.007894,-.0100759534883721,.00110738451947625,-.487072,.264536,.0729863720930233,.22922537005491,4.446676,.39524,.254708,.39524,1.75788,.39524,1,2.19735,0,-.458167574972847,-.624926631392582,.062980652928502,-.535326611812879,-.370209110295235,1.19741384033752,.00135288566878364,.205341438302374,.00268926110596527,.191183405908071,.179265413674446
P12,26.450411,SO,100,13,5679.205078,8026.079102,-112.82058,-.0059,-.25509,27.7783,16.1,19.6,"{""type"":""M"",""msg"":""FADE0"",""time"":26.4482,""dist"":0.535225}",4.566048,20.666048,0,6.5,11.3,.210161,6.5,16.1,.007894,-.013794,-.0059,-.00973026086956522,.00198206449536036,-.25509,.338914,.182776173913043,.166267206819131,4.260582,-.487072,.210161,-.487072,2.84184,.487072,1,3.5523,0,-.328615627515703,1.18163957953007,.8252462686987,-.357955730675629,-.449211363133451,-.81891403210783,.00135288566878364,.205341438302374,.00268926110596527,.191183405908071,.179265413674446
P12,27.190657,SO,100,14,5673.607422,8008.785645,-112.397705,-.008057,1.17958,27.7775,-.302554,17.3,"{""type"":""M"",""msg"":""FADE0"",""time"":27.1465,""dist"":0.552245}",5.17231,4.869756,4.869756,7.5,12,.050143,7.5,-.302554,.003499,-.009562,-.006063,-.00775071153846154,.00117882965119262,.050143,1.17958,.589172519230769,.369358349188209,4.566048,-.25509,.050143,-.25509,1.25964,.25509,1,1.57455,1,-.0714923379539739,-.799347872390458,-.287393180424522,-.806022327809325,-.319532264583908,-.709330995561887,.00135288566878364,.205341438302374,.00268926110596527,.191183405908071,.179265413674446
P12,27.50112,SO,100,15,5679.560059,8027.210449,-113.06134,-.010254,-.356155,27.7778,6.2,2.5,"{""type"":""M"",""msg"":""FADE0"",""time"":27.4746,""dist"":0.533427}",4.468213,6.968213,0,33.5,42.8,.427673,33.5,2.5,.005533,-.01359,-.008057,-.00992646666666667,.0012487042848125,-.356155,.429497,.195836533333333,.231639815938707,5.17231,1.17958,.427673,1.17958,1.99188,1.17958,1,2.48985,0,-.370108673483076,-.536183771258699,.227534837668,.979603662069765,-.06215661673818,2.13982795463262,.00135288566878364,.205341438302374,.00268926110596527,.191183405908071,.179265413674446
P12,25.760609,SO,100,16,5690.30957,8052.095703,-110.986099,-.006551,.526478,27.7781,6.7,12.9,"{""type"":""M"",""msg"":""FADE0"",""time"":25.7031,""dist"":0.50549}",3.452326,10.152326,0,26.4,19.3,.349361,19.3,6.7,.00472,-.011271,-.006551,-.00829154285714286,.00110745421742728,.349361,.526478,.469510714285714,.050598784827638,4.468213,-.356155,.349361,-.356155,1.6992,.356155,1,2.124,0,-.800959043888934,-.136869305655188,.0217155266015202,-.610818171282883,-.361066034648644,.583748835680237,.00135288566878364,.205341438302374,.00268926110596527,.191183405908071,.179265413674446
P12,25.986835,SO,100,17,5686.699707,8045.512207,-112.206825,-.007243,-.478326,27.7781,34.1,3.2,"{""type"":""M"",""msg"":""FADE0"",""time"":25.9489,""dist"":0.51342}",3.857971,7.057971,0,11.1,18.7,.347549,11.1,3.2,.005371,-.012248,-.006877,-.00996376923076923,.00145773599626881,-.478326,.358966,.104567128205128,.266295883334702,3.452326,.526478,.347549,.526478,1.93356,.526478,1,2.41695,0,-.62891993077568,-.524927365533262,.186522871625233,-.281844168887859,-.792339270911272,-.314832063996493,.00135288566878364,.205341438302374,.00268926110596527,.191183405908071,.179265413674446
P12,26.847977,SO,100,18,5680.463867,8029.425293,-112.667213,-.011271,-.341049,27.7775,6.5,2.9,"{""type"":""M"",""msg"":""FADE0"",""time"":26.7997,""dist"":0.530381}",4.353846,7.253846,0,5,8.1,.173609,5,2.9,.007894,-.011271,-.003377,-.00951388636363636,.00176884546784394,-.341049,.242978,.067929,.181728684722263,3.857971,-.478326,.173609,-.478326,2.84184,.478326,1,3.5523,0,-.418613147221009,-.500362998329558,.8252462686987,-.3748483794955,-.620131306911581,-.983288586926744,.00135288566878364,.205341438302374,.00268926110596527,.191183405908071,.179265413674446
P12,27.090025,SO,100,19,5675.348633,8016.00293,-112.117088,-.005697,.014796,27.7779,6,10,"{""type"":""M"",""msg"":""FADE0"",""time"":27.018,""dist"":0.544114}",4.875557,10.875557,0,12.9,8.2,.394784,8.2,6,.004679,-.009562,-.004883,-.00685422448979592,.00135784822521558,-.100692,.394784,.0590344489795918,.161416878687229,4.353846,-.341049,.394784,-.341049,1.68444,.341049,1,2.10555,0,-.197348993240487,-.0461700747318842,.011335954948721,-.639994978174373,-.409618113976018,-.632622869979727,.00135288566878364,.205341438302374,.00268926110596527,.191183405908071,.179265413674446
P12,27.508259,SO,100,20,5667.668457,7998.591797,-113.795654,-.007731,-.336626,27.7778,38.5,5.1,"{""type"":""M"",""msg"":""FADE0"",""time"":27.478,""dist"":0.564299}",5.574633,10.674633,0,41.7,49.1,.416966,41.7,5.1,.00354,-.011271,-.007731,-.00912032142857143,.00106591618478519,-.336626,.446233,.216568303571429,.242868397053288,4.875557,.014796,.416966,.014796,1.2744,.014796,1,1.593,0,.0991378734502432,-.0713676288660874,-.277013608771723,-1.2701433151775,-.188136796306029,3.03840885430935,.00135288566878364,.205341438302374,.00268926110596527,.191183405908071,.179265413674446
P12,28.115231,SO,100,21,5657.825195,7975.123047,-113.444977,-.0059,.063656,27.7776,4.8,8.8,"{""type"":""M"",""msg"":""FADE0"",""time"":28.0513,""dist"":0.588827}",6.506865,11.306865,0,7.4,12.8,.311734,7.4,4.8,.018443,-.012777,.005666,-.00731949230769231,.00445469634951095,-.178509,.378884,.191332507692308,.202173372578009,5.574633,-.336626,.311734,-.336626,6.63948,.336626,1,8.29935,0,.494509113070588,.00791956452731269,3.49583410687865,-.648537876154054,.108641062760513,-.720289299216481,.00135288566878364,.205341438302374,.00268926110596527,.191183405908071,.179265413674446
P12,28.362896,SO,100,22,5660.103027,7985.356445,-115.883629,-.010417,1.700812,27.7778,1,-1.016691,"{""type"":""M"",""msg"":""FADE0"",""time"":28.3219,""dist"":0.579111}",6.190683,5.173992,5.173992,13.8,21.8,.231003,13.8,-1.016691,.007039,-.014445,-.007406,-.0110053387096774,.00208645332407868,-1.841788,1.804392,-.262333725806452,.712235709957843,6.506865,.063656,.231003,.063656,2.53404,.063656,1,3.16755,1,.360412376114938,-.761194127294932,.608794225695206,-1.17577162282227,.504400346605647,-.0189578653224481,.00135288566878364,.205341438302374,.00268926110596527,.191183405908071,.179265413674446
P12,26.749039,SO,100,23,5679.39209,8026.691406,-112.541962,-.003377,-.306609,27.7781,8.2,10.9,"{""type"":""M"",""msg"":""FADE0"",""time"":26.6888,""dist"":0.532959}",4.560793,12.760793,0,7.7,12,.124173,7.7,8.2,.007365,-.010742,-.003377,-.00880228260869565,.00159409919756922,-.306609,.161622,.045472,.145346122490037,6.190683,1.700812,.124173,1.700812,2.6514,1.700812,1,3.31425,0,-.330844338677951,.190254325368395,.69132447834917,1.98634836018079,.370171997992081,-.687414388252699,.00135288566878364,.205341438302374,.00268926110596527,.191183405908071,.179265413674446
P12,26.451017,SO,100,24,5682.008301,8030.993164,-111.799149,-.005697,.522314,27.7781,5.4,10.4,"{""type"":""M"",""msg"":""FADE0"",""time"":26.374,""dist"":0.527595}",4.249227,9.649227,0,13.7,9.9,.512169,9.9,5.4,.00472,-.010417,-.005697,-.00805941860465116,.00102428179792008,.499369,.53427,.513665488372093,.0121637861085235,4.560793,-.306609,.512169,-.306609,1.6992,.306609,1,2.124,0,-.462983372355783,-.199962138205622,.0217155266015202,-.706514853015027,-.321763163154871,-.446331707851625,.00135288566878364,.205341438302374,.00268926110596527,.191183405908071,.179265413674446
P12,27.682058,SO,100,25,5674.521484,8014.282715,-112.682808,-.007894,-.10124,27.778,29.7,35.4,"{""type"":""M"",""msg"":""FADE0"",""time"":27.601,""dist"":0.545728}",4.961385,34.661385,0,16.1,24.9,.227008,16.1,29.7,.004679,-.010579,-.0059,-.00826974,.00140892319296457,-.10124,.243496,.13285988,.122983380836042,4.249227,.522314,.227008,.522314,1.68444,.522314,1,2.10555,0,-.160948266002916,2.93677217535693,.011335954948721,-.289886815776258,-.454031887067474,.23308311873322,.00135288566878364,.205341438302374,.00268926110596527,.191183405908071,.179265413674446
P12,27.710329,SO,100,26,5665.145508,7989.583496,-113.441879,-.0059,.924746,27.7781,3.4,10,"{""type"":""M"",""msg"":""FADE0"",""time"":27.7,""dist"":0.57416}",5.975969,9.375969,0,6,11,.336436,6,3.4,.004679,-.010579,-.0059,-.00822626666666667,.00122706988552193,.336436,.936484,.725424216666667,.202472637680983,4.961385,-.10124,.336436,-.10124,1.68444,.10124,1,2.10555,0,.269349485821703,-.234230982383541,.011335954948721,-1.10317920191602,-.15170034291904,-.873705550380801,.00135288566878364,.205341438302374,.00268926110596527,.191183405908071,.179265413674446
P12,28.089184,SO,100,27,5676.158691,8020.23584,-113.365005,-.008911,-.875137,27.778,5.8,.9,"{""type"":""M"",""msg"":""FADE0"",""time"":28.0125,""dist"":0.539747}",4.763828,5.663828,0,11.9,19.4,.33031,11.9,.9,.004354,-.011597,-.007243,-.00987664583333333,.000938521392303903,-.875137,.33506,-.0468596458333333,.38524847927514,5.975969,.924746,.33031,.924746,1.56744,.924746,1,1.9593,0,-.244734658216095,-.699764586140657,-.070941137421028,.487399080619616,.279019732384889,-.227165634759739,.00135288566878364,.205341438302374,.00268926110596527,.191183405908071,.179265413674446
P12,26.250763,SO,100,28,5682.692871,8034.748047,-112.429924,-.008219,-.251795,27.778,12.8,4.8,"{""type"":""M"",""msg"":""FADE0"",""time"":26.1767,""dist"":0.523899}",4.15988,8.95988,0,34,43,.32021,34,4.8,.003051,-.011108,-.008057,-.00940592857142857,.000915834962043025,-.251795,.329532,.170668547619048,.179943561466448,4.763828,-.875137,.32021,-.875137,1.09836,.875137,1,1.37295,0,-.500876551463943,-.286412031447597,-.400808987752668,.391580716189593,-.235568968796067,2.19461947290559,.00135288566878364,.205341438302374,.00268926110596527,.191183405908071,.179265413674446
P12,25.836504,SO,100,29,5689.221191,8047.37793,-110.227051,-.008423,1.231034,27.7775,-.201775,6.4,"{""type"":""M"",""msg"":""FADE0"",""time"":25.7644,""dist"":0.509863}",3.650064,3.448289,3.448289,8.7,13.9,.183163,8.7,-.201775,.00472,-.008423,-.003703,-.00577691891891892,.00135114793536579,.183163,1.231034,.537373918918919,.32624142908532,4.15988,-.251795,.183163,-.251795,1.6992,.251795,1,2.124,1,-.717095887314124,-.977611751680554,.0217155266015202,-.812386526055549,-.491962257118825,-.577831351706756,.00135288566878364,.205341438302374,.00268926110596527,.191183405908071,.179265413674446
P12,25.521637,SO,100,30,5694.191895,8062.787109,-110.61293,-.0059,.347757,27.7781,6.7,11.6,"{""type"":""M"",""msg"":""FADE0"",""time"":25.4774,""dist"":0.494447}",3.036703,9.736703,0,1000000,29.4,.24312,29.4,6.7,.004354,-.010254,-.0059,-.00846332258064516,.00123580047977271,.24312,.347757,.325086032258065,.0290043467437599,3.650064,1.231034,.24312,1.231034,1.56744,1.231034,1,1.9593,0,-.97722995147924,-.188991914412329,-.070941137421028,1.07898559122339,-.708393805330848,1.69053750479426,.00135288566878364,.205341438302374,.00268926110596527,.191183405908071,.179265413674446
P12,26.025908,SO,100,31,5682.848145,8033.42627,-111.717537,-.005697,.396789,27.7781,6.1,10.8,"{""type"":""M"",""msg"":""FADE0"",""time"":25.9368,""dist"":0.524658}",4.159668,10.259668,0,12.3,22.7,.271242,12.3,6.1,.004394,-.010091,-.005697,-.00824157142857143,.00120624952203417,.271242,.396789,.364081880952381,.0308871991491324,3.036703,.347757,.271242,.347757,1.58184,.347757,1,1.9773,0,-.500966463312925,-.123407718906598,-.0608147260524435,-.627038668057326,-.96878318275893,-.183332420141362,.00135288566878364,.205341438302374,.00268926110596527,.191183405908071,.179265413674446
P12,26.49194,SO,100,32,5677.154785,8020.163574,-112.43222,-.011108,.091955,27.7776,10,6.3,"{""type"":""M"",""msg"":""FADE0"",""time"":26.4232,""dist"":0.539641}",4.761116,11.061116,0,53.9,10.9,.05283,10.9,6.3,.005737,-.011108,-.005371,-.00757604166666667,.00215239243394793,-.160519,.096811,-.0435029791666667,.0912661793030366,4.159668,.396789,.05283,.396789,2.06532,.396789,1,2.58165,0,-.245884851303063,-.0228994204168766,.279179535647781,-.532334762622166,-.49205225721341,-.336748671305682,.00135288566878364,.205341438302374,.00268926110596527,.191183405908071,.179265413674446
P12,26.160536,SO,100,33,5675.30127,8016.513672,-113.079781,-.009074,-.243157,27.7779,10,4.4,"{""type"":""M"",""msg"":""FADE0"",""time"":26.128,""dist"":0.544747}",4.867813,9.267813,0,19.4,26.7,.179078,19.4,4.4,.003702,-.011108,-.007406,-.00878836734693878,.00147153887271508,-.243157,.179078,.055325612244898,.103307286649429,4.761116,.091955,.179078,.091955,1.33272,.091955,1,1.6659,0,-.200633320403274,-.247794651556655,-.236001642728955,-1.12111291381775,-.236720290760758,.594707139334831,.00135288566878364,.205341438302374,.00268926110596527,.191183405908071,.179265413674446
P12,26.887505,SO,100,34,5675.328125,8015.318848,-112.179047,-.004354,.25626,27.778,4.4,8,"{""type"":""M"",""msg"":""FADE0"",""time"":26.853,""dist"":0.545797}",4.975695,9.375695,0,15.7,28.6,.326691,15.7,4.4,.011922,-.010905,.001017,-.00770824,.00299050841053313,.208541,.440217,.35491532,.0805762389932893,4.867813,-.243157,.326691,-.243157,4.29192,.243157,1,5.3649,0,-.15487921619668,-.234265344280739,1.84497589351516,-.82907057596477,-.19142434693087,.189249904114843,.00135288566878364,.205341438302374,.00268926110596527,.191183405908071,.179265413674446
P12,27.773237,SO,100,35,5661.324707,7988.34668,-114.964256,-.006877,1.63758,27.7781,1.5,-1.315243,"{""type"":""M"",""msg"":""FADE0"",""time"":27.6824,""dist"":0.574496}",5.990242,4.674999,4.674999,20,14.4,.477242,14.4,-1.315243,.007731,-.013102,-.005371,-.0100998,.00239347856065998,-1.838648,1.84187,-.0926326166666666,.876811146437216,4.975695,.25626,.477242,.25626,2.78316,.25626,1,3.47895,1,.275402843465617,-.82377203302092,.783981142371718,-.803762506277282,-.145625336534552,.0467919566051175,.00135288566878364,.205341438302374,.00268926110596527,.191183405908071,.179265413674446
P12,26.872171,SO,100,36,5680.341797,8027.882813,-112.23793,-.008911,.131768,27.7777,16.9,9.8,"{""type"":""M"",""msg"":""FADE0"",""time"":26.8211,""dist"":0.531825}",4.455471,14.255471,0,31.1,18.8,.413473,18.8,9.8,.002523,-.009237,-.006714,-.00826464444444444,.000734739259736391,.131768,.413473,.275677777777778,.0866620439853701,5.990242,1.63758,.413473,1.63758,.90828,1.63758,1,1.13535,0,-.375512714896847,.37769947785492,-.534477617817983,1.86421756093792,.285079031205699,.528957317407265,.00135288566878364,.205341438302374,.00268926110596527,.191183405908071,.179265413674446
P12,26.339317,SO,100,37,5676.428711,8017.073242,-112.273331,-.006714,.600437,27.7778,6,12.6,"{""type"":""M"",""msg"":""FADE0"",""time"":26.3012,""dist"":0.543687}",4.859604,10.859604,0,16,28.4,.248166,16,6,.00236,-.009074,-.006714,-.00805251020408163,.000681349124973417,.248166,.600437,.451579734693878,.101548572854278,4.455471,.131768,.248166,.131768,.8496,.131768,1,1.062,0,-.204114859876328,-.0481707146808349,-.575742744144965,-1.04421524317225,-.366475379956201,.222124815078626,.00135288566878364,.205341438302374,.00268926110596527,.191183405908071,.179265413674446
P12,27.003792,SO,100,38,5671.955078,8008.692383,-112.999115,-.009074,-.319735,27.7775,13.8,6.6,"{""type"":""M"",""msg"":""FADE0"",""time"":26.9895,""dist"":0.553758}",5.176315,11.776315,0,16.3,9.4,.262222,9.4,6.6,.002523,-.009074,-.006551,-.00785555769230769,.000884987546460767,-.319735,.262222,-.0934351923076923,.175781261858454,4.859604,.600437,.262222,.600437,.90828,.600437,1,1.13535,0,-.0697937674107194,.0667925303666433,-.534477617817983,-.138994475991811,-.194909303423551,-.501123226124596,.00135288566878364,.205341438302374,.00268926110596527,.191183405908071,.179265413674446
P12,27.984064,SO,100,39,5667.818848,7996.204102,-112.569412,-.004883,.766914,27.7778,1.8,6.1,"{""type"":""M"",""msg"":""FADE0"",""time"":27.9193,""dist"":0.565477}",5.668816,7.468816,0,6.5,12.3,.319664,6.5,1.8,.0059,-.010091,-.004191,-.00743201754385965,.00205155939375766,.319664,.766914,.492622614035088,.0897765118828325,5.176315,-.319735,.319664,-.319735,2.124,.319735,1,2.655,0,.139082060585165,-.473403958034572,.320444661974763,-.681162359485456,-.0604563791022702,-.81891403210783,.00135288566878364,.205341438302374,.00268926110596527,.191183405908071,.179265413674446
P12,27.854399,SO,100,40,5669.160645,8001.618164,-113.004341,-.005046,-.136979,27.778,7.4,10.9,"{""type"":""M"",""msg"":""FADE0"",""time"":27.8448,""dist"":0.561499}",5.574765,12.974765,0,43.4,48.9,.253326,43.4,7.4,.003702,-.008748,-.005046,-.00775232142857143,.00102975047475577,-.139586,.253326,.0646786785714286,.13008870382587,5.668816,.766914,.253326,.766914,1.33272,.766914,1,1.6659,0,.0991938562996088,.217088208096211,-.236001642728955,.182551087418395,.148624453837398,3.22470001643746,.00135288566878364,.205341438302374,.00268926110596527,.191183405908071,.179265413674446
P12,27.744884,SO,100,41,5664.572754,7991.467285,-114.164589,-.008423,-.365613,27.7778,10.6,3.7,"{""type"":""M"",""msg"":""FADE0"",""time"":27.7104,""dist"":0.57194}",5.865865,9.565865,0,24.8,17.3,.607935,17.3,3.7,.002482,-.010905,-.008423,-.0090668813559322,.000638380820426009,-.365613,.609289,.316309237288136,.302860771711526,5.574765,-.136979,.607935,-.136979,.89352,.136979,1,1.1169,0,.222653003650786,-.210416431907397,-.544857189470782,-1.03415034573338,.108697100555255,.364582762588351,.00135288566878364,.205341438302374,.00268926110596527,.191183405908071,.179265413674446
P12,27.676577,SO,100,42,5668.74707,7998.434082,-112.750946,-.006226,.737415,27.7779,3,8.9,"{""type"":""M"",""msg"":""FADE0"",""time"":27.6674,""dist"":0.564635}",5.576826,8.576826,0,6.2,10.6,.191566,6.2,3,.004394,-.010091,-.005697,-.00770580357142857,.00125520427051309,.191566,.737415,.472172267857143,.139024708549431,5.865865,-.365613,.191566,-.365613,1.58184,.365613,1,1.9773,0,.100067952152205,-.334450214548287,-.0608147260524435,-.592550314829837,.23227741911042,-.851788943071613,.00135288566878364,.205341438302374,.00268926110596527,.191183405908071,.179265413674446
P12,28.392944,SO,100,43,5659.741211,7979.563477,-114.222008,-.008423,-.00804,27.7781,22.1,9.8,"{""type"":""M"",""msg"":""FADE0"",""time"":28.3655,""dist"":0.58498}",6.291053,16.091053,0,15.1,10,.420847,10,9.8,.004191,-.010091,-.0059,-.00824777777777778,.00133844221493646,-.00804,.420847,.185662333333333,.106790127038218,5.576826,.737415,.420847,.737415,1.50876,.737415,1,1.88595,0,.402980547257629,.60789685005918,-.11220626374801,.125574612739985,.10957205430497,-.43537340419703,.00135288566878364,.205341438302374,.00268926110596527,.191183405908071,.179265413674446
P12,27.152597,SO,100,44,5670.666992,8004.625488,-112.939568,-.006063,.075479,27.7779,8.8,13.3,"{""type"":""M"",""msg"":""FADE0"",""time"":27.1067,""dist"":0.557142}",5.355745,14.155745,0,24.6,17.8,.454033,17.8,8.8,.004557,-.010254,-.005697,-.00824433333333333,.00151401846901823,.075397,.494219,.331661481481481,.154245890073101,6.291053,-.00804,.454033,-.00804,1.64052,.00804,1,2.05065,0,.00630473760206555,.365193001358396,-.0195495997254616,-1.2831923359215,.412781948433104,.419374280861323,.00135288566878364,.205341438302374,.00268926110596527,.191183405908071,.179265413674446
P12,28.376852,SO,100,45,5660.572754,7983.858887,-114.278664,-.006714,-.984515,27.7778,21,1.1,"{""type"":""M"",""msg"":""FADE0"",""time"":28.3361,""dist"":0.580292}",6.171644,7.271644,0,36.2,41.8,.20801,36.2,1.1,.003703,-.010417,-.006714,-.00823056451612903,.000627394968571717,-.984515,.20801,-.318972677419355,.346395903471204,5.355745,.075479,.20801,.075479,1.33308,.075479,1,1.66635,0,.352337698318926,-.498130979912243,-.235748482444741,-1.15293583652026,.0157168141589914,2.43570215330667,.00135288566878364,.205341438302374,.00268926110596527,.191183405908071,.179265413674446
P12,26.137016,SO,100,46,5676.939941,8018.703125,-112.112328,-.007243,.455117,27.7777,7.1,14.7,"{""type"":""M"",""msg"":""FADE0"",""time"":26.0434,""dist"":0.540377}",4.750906,11.850906,0,29.5,20.9,.242066,20.9,7.1,.005208,-.011108,-.0059,-.00788704166666667,.00132406572373887,.242066,.455117,.3491195,.0458213373761196,6.171644,-.984515,.242066,-.984515,1.87488,.984515,1,2.3436,0,-.250215039879001,.0761468671329049,.145257745298251,.602841194421911,.3620893951581,.759081694153745,.00135288566878364,.205341438302374,.00268926110596527,.191183405908071,.179265413674446
P12,27.438612,SO,100,47,5664.365234,7994.141602,-114.535301,-.008423,-1.626031,27.7779,3.2,-.907255,"{""type"":""M"",""msg"":""FADE0"",""time"":27.4065,""dist"":0.569627}",5.778523,4.871268,4.871268,13.3,9.4,.554698,9.4,-.907255,.004842,-.012248,-.007406,-.00972363793103448,.00142030950047252,-1.626031,.554698,-.218786034482758,.702128828297924,4.750906,.455117,.554698,.455117,1.74312,.455117,1,2.1789,1,.18561017009549,-.799158254913945,.0526010812757029,-.419675899099934,-.241054729278272,-.501123226124596,.00135288566878364,.205341438302374,.00268926110596527,.191183405908071,.179265413674446
P12,26.043612,SO,100,48,5685.334473,8038.92627,-111.487442,-.007731,.677289,27.778,10.9,22.5,"{""type"":""M"",""msg"":""FADE0"",""time"":25.9823,""dist"":0.519398}",4.0465,14.9465,0,6.9,12.1,.207704,6.9,10.9,.003703,-.010091,-.006388,-.00829880487804878,.000776498043124134,.207704,.677289,.472192365853659,.150218159236784,5.778523,-1.626031,.207704,-1.626031,1.33308,1.626031,1,1.66635,0,-.548962426169119,.464360307998677,-.235748482444741,1.84191099779812,.195198229198894,-.775080817489453,.00135288566878364,.205341438302374,.00268926110596527,.191183405908071,.179265413674446
P12,25.646854,SO,100,49,5685.477539,8040.509277,-111.383804,-.006551,.230295,27.7779,7.8,13.3,"{""type"":""M"",""msg"":""FADE0"",""time"":25.6331,""dist"":0.519194}",3.961528,11.761528,0,25.8,17.7,.308726,17.7,7.8,.005574,-.011271,-.005697,-.007860275,.00155240820344657,.196654,.330738,.267374575,.0520571754101828,4.0465,.677289,.308726,.677289,2.00664,.677289,1,2.5083,0,-.585000113110803,.0649381165933635,.237914409320799,.00944296364970841,-.540095326571881,.408415977206728,.00135288566878364,.205341438302374,.00268926110596527,.191183405908071,.179265413674446
P12,26.814922,SO,100,50,5670.884766,8005.507813,-112.688446,-.006388,-.062546,27.7778,8.2,13,"{""type"":""M"",""msg"":""FADE0"",""time"":26.7449,""dist"":0.555589}",5.305599,13.505599,0,21.6,13.2,.362728,13.2,8.2,.002686,-.008586,-.0059,-.00735964150943396,.00117486433086384,-.124504,.362728,.0586484716981132,.169712198314994,3.961528,.230295,.362728,.230295,.96696,.230295,1,1.2087,0,-.0149628075819678,.283659242175145,-.493212491491001,-.853913161046085,-.576168383350546,-.0847076872500138,.00135288566878364,.205341438302374,.00268926110596527,.191183405908071,.179265413674446
P13,26.563046,SO,100,1,5687.651367,8044.131348,-110.687691,-.006714,.94107,27.7777,1.1,7.3,"{""type"":""M"",""msg"":""FADE0"",""time"":26.4693,""dist"":0.512913}",3.755072,4.855072,0,8.3,13.4,.267028,8.3,1.1,.000488000000000001,-.006714,-.006226,-.00644378947368421,.000108969412493484,.267028,.94107,.498296684210526,.209223047612016, , ,.267028, ,.17568, , ,.2196,0,-.672560682418719,-.801189369100192,-1.04965879619472, , ,-.621664566325133,.000885184402931537,.104981288361038,.00147784939785063,.149305274910044,.135817188299599
P13,24.415104,SO,100,2,5699.497559,8077.531738,-110.383469,-.013102,.182581,27.7776,7.5,4.8,"{""type"":""M"",""msg"":""FADE0"",""time"":24.3695,""dist"":0.478813}",2.429463,7.229463,0,6.4,10.1,.166247,6.4,4.8,.008382,-.013102,-.00472,-.00898096,.00203797355396646,.166247,.226866,.20164492,.0209119420426065,3.755072,.94107,.166247,.94107,3.01752,.94107,1,3.7719,0,-1.23476802306127,-.503420830955099,.948788487395431,.518928419670105,-.663814890556404,-.829872335762424,.000885184402931537,.104981288361038,.00147784939785063,.149305274910044,.135817188299599
P13,23.799801,SO,100,3,5704.660156,8089.882813,-109.458961,-.013428,.853498,27.7773,9.5,7.2,"{""type"":""M"",""msg"":""FADE0"",""time"":23.7876,""dist"":0.466356}",1.925877,9.125877,0,4,8.5,.36152,4,7.2,.007528,-.013428,-.0059,-.00976965,.00231147611244872,.36152,.853498,.6330736,.159453026768453,2.429463,.182581,.36152,.182581,2.71008,.182581,1,3.3876,0,-1.44834513806639,-.265594615939169,.732589604676152,-.946071387182756,-1.22657401972024,-1.09287162347269,.000885184402931537,.104981288361038,.00147784939785063,.149305274910044,.135817188299599
P13,24.64196,SO,100,4,5701.59668,8082.740723,-109.938675,-.012085,.379433,27.7775,9.5,6.6,"{""type"":""M"",""msg"":""FADE0"",""time"":24.5459,""dist"":0.471839}",2.329834,8.929834,0,7.4,12.2,.239707,7.4,6.6,.006022,-.012085,-.006063,-.00851783333333333,.00140566644155985,.239707,.379433,.317915875,.0461242676438266,1.925877,.853498,.239707,.853498,2.16792,.853498,1,2.7099,0,-1.27702192684502,-.290180051751375,.351330216648945,.349785606675165,-1.44036075383196,-.720289299216481,.000885184402931537,.104981288361038,.00147784939785063,.149305274910044,.135817188299599
P13,24.565914,SO,100,5,5694.666016,8063.988281,-110.58062,-.007568,.368078,27.7776,13.8,22.7,"{""type"":""M"",""msg"":""FADE0"",""time"":24.5082,""dist"":0.492887}",3.072855,16.872855,0,53.1,25,.307121,25,13.8,.001872,-.008586,-.006714,-.00757764516129032,.000713200044325438,.281998,.368078,.312081129032258,.0281408789885722,2.329834,.379433,.307121,.379433,.67392,.379433,1,.8424,0,-.961897436552962,.705941375438071,-.699284962841696,-.5658573801522,-1.26886939435897,1.20837214399211,.000885184402931537,.104981288361038,.00147784939785063,.149305274910044,.135817188299599
P13,24.922651,SO,100,6,5695.636719,8066.928223,-110.901505,-.01359,.236426,27.7774,7,4.4,"{""type"":""M"",""msg"":""FADE0"",""time"":24.8717,""dist"":0.489927}",3.045458,7.445458,0,10.3,15.8,.210082,10.3,4.4,.007527,-.01359,-.006063,-.00898067741935484,.00235709803765982,.206828,.302414,.255871870967742,.035316383196039,3.072855,.368078,.210082,.368078,2.70972,.368078,1,3.38715,0,-.973516846583811,-.476333247066578,.732336444391937,-.587789237841388,-.953435619459698,-.402498493233247,.000885184402931537,.104981288361038,.00147784939785063,.149305274910044,.135817188299599
P13,25.059792,SO,100,7,5698.240234,8074.430176,-110.875137,-.013428,.063226,27.7778,6.2,3.6,"{""type"":""M"",""msg"":""FADE0"",""time"":24.9979,""dist"":0.481697}",2.568774,6.168774,0,23.4,32.3,.276171,23.4,3.6,.007364,-.01359,-.006226,-.0100316538461538,.00256761568685514,.063226,.276171,.219795423076923,.0576801351435123,3.045458,.236426,.276171,.236426,2.65104,.236426,1,3.3138,0,-1.1756844872432,-.636440124305091,.691071318064955,-.8420713099239,-.965066433569818,1.0330392855186,.000885184402931537,.104981288361038,.00147784939785063,.149305274910044,.135817188299599
P13,24.609558,SO,100,8,5697.607422,8071.962891,-110.362564,-.013265,.335418,27.7776,8.3,5.7,"{""type"":""M"",""msg"":""FADE0"",""time"":24.5614,""dist"":0.484598}",2.738909,8.438909,0,13.2,9,.212643,9,5.7,.006551,-.013265,-.006714,-.00851289285714286,.00156383697974129,.212643,.335418,.274967928571429,.0439583148228954,2.568774,.063226,.212643,.063226,2.35836,.063226,1,2.94795,0,-1.10352810787325,-.351746162635757,.485252006998475,-1.17660215552208,-1.1674324953017,-.544956440742973,.000885184402931537,.104981288361038,.00147784939785063,.149305274910044,.135817188299599
P13,26.334997,SO,100,9,5682.159668,8034.264648,-113.125633,-.011271,-.58048,27.7781,4.5,1.4,"{""type"":""M"",""msg"":""FADE0"",""time"":26.2746,""dist"":0.525035}",4.258806,5.658806,0,7.6,12.4,.211148,7.6,1.4,.007039,-.013102,-.006063,-.0108083720930233,.00213913381472452,-.58048,.300567,.0967653255813953,.255550279033465,2.738909,.335418,.211148,.335418,2.53404,.335418,1,3.16755,0,-.458920798764313,-.70039438704479,.608794225695206,-.650871093599104,-1.09520529675349,-.698372691907293,.000885184402931537,.104981288361038,.00147784939785063,.149305274910044,.135817188299599
P13,25.539518,SO,100,10,5692.799805,8058.413086,-110.44236,-.0059,.600813,27.7777,3.6,8.8,"{""type"":""M"",""msg"":""FADE0"",""time"":25.4509,""dist"":0.497862}",3.148887,6.748887,0,33.7,42.7,.323024,33.7,3.6,.002157,-.008057,-.0059,-.00700009375,.000566646351529429,.323024,.600813,.41056896875,.0841213019738353,4.258806,-.58048,.323024,-.58048,.77652,.58048,1,.97065,0,-.929651315318318,-.563689090474115,-.627134281840531,-.177540850620002,-.449965326189975,2.16174456194181,.000885184402931537,.104981288361038,.00147784939785063,.149305274910044,.135817188299599
P13,24.138853,SO,100,11,5700.798828,8080.176758,-109.665131,-.006714,.510651,27.7776,5,11.2,"{""type"":""M"",""msg"":""FADE0"",""time"":24.0758,""dist"":0.475405}",2.460419,7.460419,0,20.8,29.1,.368742,20.8,5,.001668,-.007568,-.0059,-.00629884,.00044574045886218,.340908,.510651,.38766444,.0520446285165274,3.148887,.600813,.368742,.600813,.60048,.600813,1,.7506,0,-1.22163919666002,-.474457012234493,-.750929660821477,-.138268242747325,-.921157849688533,.748123390499151,.000885184402931537,.104981288361038,.00147784939785063,.149305274910044,.135817188299599
P13,24.998259,SO,100,12,5694.217285,8059.756348,-110.028259,-.007731,1.45621,27.7778,-.914572,6.4,"{""type"":""M"",""msg"":""FADE0"",""time"":24.9553,""dist"":0.497422}",3.243813,2.329241,2.329241,4.3,8.5,.333135,4.3,-.914572,.003052,-.008423,-.005371,-.00727248484848485,.00115393980348879,.333135,1.45621,.86558203030303,.349163032169473,2.460419,.510651,.333135,.510651,1.09872,.510651,1,1.3734,1,-.889392012599466,-1.11794975290874,-.400555827468453,-.312413566655078,-1.21343230779584,-1.0599967125089,.000885184402931537,.104981288361038,.00147784939785063,.149305274910044,.135817188299599
P13,23.386448,SO,100,13,5707.412109,8097.919922,-108.865265,-.009074,.778224,27.7776,31.6,25.3,"{""type"":""M"",""msg"":""FADE0"",""time"":23.2861,""dist"":0.455441}",1.722639,27.022639,0,4.2,8.4,.403305,4.2,25.3,.003866,-.009074,-.005208,-.00754566666666667,.000755307650602603,.403305,.778224,.586478833333333,.11825926940824,3.243813,1.45621,.403305,1.45621,1.39176,1.45621,1,1.7397,0,-1.53454091336477,1.97880938418998,-.194483356117759,1.51390659404334,-.880859033751852,-1.0709550161635,.000885184402931537,.104981288361038,.00147784939785063,.149305274910044,.135817188299599
P13,24.267429,SO,100,14,5699.118652,8075.23291,-109.71479,-.007894,.632461,27.7776,4.6,15.5,"{""type"":""M"",""msg"":""FADE0"",""time"":24.208,""dist"":0.48066}",2.572965,7.172965,0,10.5,17.9,.264737,10.5,4.6,.001994,-.007894,-.0059,-.00686092307692308,.00057489330648926,.264737,.632461,.408163076923077,.112341062780774,1.722639,.778224,.264737,.778224,.71784,.778224,1,.8973,0,-1.17390703177584,-.510506153830785,-.668399408167513,.204396028894812,-1.52664112752662,-.380581885924059,.000885184402931537,.104981288361038,.00147784939785063,.149305274910044,.135817188299599
P13,24.435007,SO,100,15,5698.441406,8073.615234,-110.158028,-.008219,.547681,27.7776,34,42.6,"{""type"":""M"",""msg"":""FADE0"",""time"":24.3571,""dist"":0.481959}",2.632238,36.632238,0,12.2,20,.456379,12.2,34,.000976,-.008219,-.007243,-.00756237037037037,.000376109144157767,.45342,.547681,.484867962962963,.0310839492027161,2.572965,.632461,.456379,.632461,.35136,.632461,1,.4392,0,-1.14876861184816,3.18393366506476,-.926116577497989,-.0771410360412561,-1.16565329531865,-.194290723795957,.000885184402931537,.104981288361038,.00147784939785063,.149305274910044,.135817188299599
P13,24.440769,SO,100,16,5698.25,8071.246094,-109.505295,-.0059,1.204208,27.7777,-.20352,5.1,"{""type"":""M"",""msg"":""FADE0"",""time"":24.3683,""dist"":0.484426}",2.661585,2.458065,2.458065,5.6,11.9,.513783,5.6,-.20352,.001017,-.006714,-.005697,-.00622718518518519,.000337232291208328,.513783,1.204208,.798540592592593,.210652758862004,2.632238,.547681,.513783,.547681,.36612,.547681,1,.45765,1,-1.13632218245169,-1.10179414325641,-.91573700584519,-.240891180901611,-1.14049020283593,-.917538764999178,.000885184402931537,.104981288361038,.00147784939785063,.149305274910044,.135817188299599
P13,23.92238,SO,100,17,5702.111328,8083.963379,-109.532379,-.008748,.455047,27.7776,1000000,29.2,"{""type"":""M"",""msg"":""FADE0"",""time"":23.8452,""dist"":0.470998}",2.227733,31.427733,0,8.2,13.3,.240641,8.2,29.2,.002522,-.008748,-.006226,-.00687852173913044,.000562190186968886,.240641,.455047,.319332739130435,.0678143402742956,2.661585,1.204208,.240641,1.204208,.90792,1.204208,1,1.1349,0,-1.3203242367169,2.53124510382155,-.534730778102198,1.02717193958357,-1.12803155766713,-.632622869979727,.000885184402931537,.104981288361038,.00147784939785063,.149305274910044,.135817188299599
P13,23.989862,SO,100,18,5703.31543,8087.061523,-109.477699,-.009237,.538826,27.7779,23.1,17.4,"{""type"":""M"",""msg"":""FADE0"",""time"":23.9284,""dist"":0.468106}",2.125568,19.525568,0,8.9,15.2,.29022,8.9,17.4,.00236,-.009237,-.006877,-.007452,.000688263169489833,.29022,.538826,.399592318181818,.0791869631059404,2.227733,.455047,.29022,.455047,.8496,.455047,1,1.062,0,-1.36365368978846,1.03861382581734,-.575742744144965,-.419811102097578,-1.31221420406285,-.555914744397567,.000885184402931537,.104981288361038,.00147784939785063,.149305274910044,.135817188299599
P13,23.901934,SO,100,19,5702.522949,8085.500488,-109.493179,-.006388,.3208,27.7779,5.8,11.1,"{""type"":""M"",""msg"":""FADE0"",""time"":23.8004,""dist"":0.468706}",2.229374,8.029374,0,8.9,13.5,.201481,8.9,5.8,.000488,-.006388,-.0059,-.00633147826086956,.00013520350639792,.187268,.3208,.224206869565217,.0415632474235508,2.125568,.538826,.201481,.538826,.17568,.538826,1,.2196,0,-1.31962826811228,-.403105285151489,-1.04965879619472,-.257994360103527,-1.35558618360661,-.555914744397567,.000885184402931537,.104981288361038,.00147784939785063,.149305274910044,.135817188299599
P13,23.816847,SO,100,20,5706.463379,8095.52832,-109.34433,-.009928,.667498,27.7777,15.7,11.5,"{""type"":""M"",""msg"":""FADE0"",""time"":23.7283,""dist"":0.458346}",1.83206,13.33206,0,5.2,10.6,.476963,5.2,11.5,.004882,-.011108,-.006226,-.0089111052631579,.0013749579749027,.476963,.667498,.590790105263158,.0606243094640121,2.229374,.3208,.476963,.3208,1.75752,.3208,1,2.1969,0,-1.48813410002807,.261895996635062,.0627274926442873,-.679105342449878,-1.31151755238731,-.961371979617555,.000885184402931537,.104981288361038,.00147784939785063,.149305274910044,.135817188299599
P13,24.026733,SO,100,21,5702.258789,8083.33252,-109.042793,-.006714,.817312,27.7779,1.5,6.9,"{""type"":""M"",""msg"":""FADE0"",""time"":23.9975,""dist"":0.472832}",2.326389,3.826389,0,5.8,10,.089184,5.8,1.5,.001546,-.007243,-.005697,-.006224125,.00065665988234927,.089184,.817312,.407475625,.228014770284508,1.83206,.667498,.089184,.667498,.55656,.667498,1,.6957,0,-1.27848299439097,-.930194841713889,-.78181521549566,-.00946807277784209,-1.48018876738706,-.89562215768999,.000885184402931537,.104981288361038,.00147784939785063,.149305274910044,.135817188299599
P13,25.346506,SO,100,22,5702.046387,8083.729004,-109.72506,-.009766,.470089,27.7775,16.7,12.1,"{""type"":""M"",""msg"":""FADE0"",""time"":25.2829,""dist"":0.471611}",2.329452,14.429452,0,9.7,16,.27296,9.7,12.1,.002889,-.009766,-.006877,-.00772091666666667,.000932288298228875,.27296,.470089,.358349916666667,.0639964606989539,2.326389,.817312,.27296,.817312,1.04004,.817312,1,1.30005,0,-1.27718393781819,.399518153900702,-.441820953795435,.279893382779001,-1.27033189589597,-.468248315160813,.000885184402931537,.104981288361038,.00147784939785063,.149305274910044,.135817188299599
P13,23.80328,SO,100,23,5704.026367,8088.736328,-109.290405,-.008423,.646158,27.7779,8.2,42.8,"{""type"":""M"",""msg"":""FADE0"",""time"":23.7868,""dist"":0.467559}",2.122988,10.322988,0,6.3,11.3,.332351,6.3,8.2,.003052,-.008423,-.005371,-.00715031818181818,.000936720692546159,.332351,.646158,.469927772727273,.0963222999517428,2.329452,.470089,.332351,.470089,1.09872,.470089,1,1.3734,0,-1.36474790002607,-.115466860035693,-.400555827468453,-.390757909375362,-1.26903156434072,-.840830639417018,.000885184402931537,.104981288361038,.00147784939785063,.149305274910044,.135817188299599
P13,23.517769,SO,100,24,5707.104492,8098.66748,-108.975998,-.006063,.238183,27.7779,5.7,10.4,"{""type"":""M"",""msg"":""FADE0"",""time"":23.4935,""dist"":0.457032}",1.711868,7.411868,0,11.1,16.7,.132685,11.1,5.7,.001017,-.006714,-.005697,-.00611044444444444,.000437506197901944,.130524,.238183,.160570111111111,.0348526695017569,2.122988,.646158,.132685,.646158,.36612,.646158,1,.45765,0,-1.53910902905051,-.480545714683029,-.91573700584519,-.0506856723451925,-1.35668146777656,-.314832063996493,.000885184402931537,.104981288361038,.00147784939785063,.149305274910044,.135817188299599
P13,24.970133,SO,100,25,5701.553223,8081.89209,-109.631531,-.009562,.634017,27.7776,20.5,15.8,"{""type"":""M"",""msg"":""FADE0"",""time"":24.891,""dist"":0.473087}",2.370947,18.170947,0,27.3,20.1,.311016,20.1,15.8,.002156,-.009562,-.007406,-.00794141666666667,.000577541033111532,.311016,.634017,.466688291666667,.0980440276532765,1.711868,.238183,.311016,.238183,.77616,.238183,1,.9702,0,-1.25958538983008,.868732995359913,-.627387442124746,-.838677714683046,-1.53121372667178,.671415264916991,.000885184402931537,.104981288361038,.00147784939785063,.149305274910044,.135817188299599
P13,23.835548,SO,100,26,5701.073242,8081.479004,-109.648941,-.007731,.323211,27.7778,9.2,19.2,"{""type"":""M"",""msg"":""FADE0"",""time"":23.7773,""dist"":0.474193}",2.436199,11.636199,0,11,16.4,.207916,11,9.2,.001668,-.007731,-.006063,-.0065136,.000335839371327028,.187571,.323211,.2228506,.0410336063458965,2.370947,.634017,.207916,.634017,.60048,.634017,1,.7506,0,-1.23191120129364,.0492208092428949,-.750929660821477,-.0741356665507783,-1.2514157439407,-.325790367651088,.000885184402931537,.104981288361038,.00147784939785063,.149305274910044,.135817188299599
P13,24.029049,SO,100,27,5699.883789,8078.245605,-109.617081,-.006714,.314862,27.7777,5.2,10.8,"{""type"":""M"",""msg"":""FADE0"",""time"":23.9725,""dist"":0.477699}",2.45199,7.65199,0,8.9,13.1,.09033,8.9,5.2,.001017,-.006714,-.005697,-.00597992,.000201239890015209,.077397,.314862,.1450276,.0748273430371545,2.436199,.323211,.09033,.323211,.36612,.323211,1,.45765,0,-1.22521404088202,-.450432402715255,-.91573700584519,-.674448564916754,-1.22371439407343,-.555914744397567,.000885184402931537,.104981288361038,.00147784939785063,.149305274910044,.135817188299599
P13,24.001989,SO,100,28,5701.626465,8081.883301,-109.301117,-.006388,.712138,27.7778,2.4,7.8,"{""type"":""M"",""msg"":""FADE0"",""time"":23.9812,""dist"":0.474726}",2.327491,4.727491,0,7.1,12.2,.255431,7.1,2.4,.000162,-.006388,-.006226,-.00623275,3.30681115275729E-05,.255431,.712138,.439619125,.142348996437663,2.45199,.314862,.255431,.314862,.05832,.314862,1,.0729,0,-1.27801562242126,-.817189096131287,-1.13218904884868,-.690574419592846,-1.21701066061309,-.753164210180264,.000885184402931537,.104981288361038,.00147784939785063,.149305274910044,.135817188299599
P13,23.906981,SO,100,29,5704.414551,8089.414551,-109.454956,-.010742,.780263,27.7776,13.9,10.5,"{""type"":""M"",""msg"":""FADE0"",""time"":23.8265,""dist"":0.464978}",2.044495,12.544495,0,6.4,13.1,.475983,6.4,10.5,.003865,-.010742,-.006877,-.00825247619047619,.0011891553565051,.475983,.780263,.628353380952381,.098094998627084,2.327491,.712138,.475983,.712138,1.3914,.712138,1,1.73925,0,-1.39803776211138,.163128742739541,-.194736516401974,.0767528102908797,-1.26986406521563,-.829872335762424,.000885184402931537,.104981288361038,.00147784939785063,.149305274910044,.135817188299599
P13,23.857639,SO,100,30,5704.196777,8088.587402,-109.118317,-.007568,.859834,27.7776,2,10.6,"{""type"":""M"",""msg"":""FADE0"",""time"":23.8183,""dist"":0.467003}",2.128011,4.128011,0,6,11.6,.425389,6,2,.00118,-.007568,-.006388,-.00665809090909091,.000371819196857176,.425389,.859834,.613507954545455,.136431485284382,2.044495,.780263,.425389,.780263,.4248,.780263,1,.531,0,-1.3626175829627,-.892368914133975,-.874471879518208,.208334299069031,-1.39000400279666,-.873705550380801,.000885184402931537,.104981288361038,.00147784939785063,.149305274910044,.135817188299599
P13,23.796911,SO,100,31,5699.860352,8077.219727,-109.94677,-.008748,.638714,27.7777,33,23.4,"{""type"":""M"",""msg"":""FADE0"",""time"":23.7069,""dist"":0.477736}",2.429569,25.829569,0,10.6,18.6,.457971,10.6,23.4,.001505,-.008748,-.007243,-.007557,.000611209524903967,.457971,.638714,.53107096,.0575766798130111,2.128011,.859834,.457971,.859834,.5418,.859834,1,.67725,0,-1.23472306713678,1.829188403566,-.792194787148459,.362023409433306,-1.35454905987514,-.369623582269465,.000885184402931537,.104981288361038,.00147784939785063,.149305274910044,.135817188299599
P13,25.067175,SO,100,32,5699.625977,8076.633301,-109.748207,-.006877,.624437,27.7777,4.2,10.9,"{""type"":""M"",""msg"":""FADE0"",""time"":25.058,""dist"":0.48063}",2.562349,6.762349,0,9.4,15.8,.334152,9.4,4.2,0,-.006877,-.006877,-.006877,0,.334152,.624437,.445316461538462,.090734773753498,2.429569,.638714,.334152,.638714,0,.638714,1,0,0,-1.17840941002483,-.562000842809552,-1.17320101489145,-.0650635454088925,-1.22652901967295,-.501123226124596,.000885184402931537,.104981288361038,.00147784939785063,.149305274910044,.135817188299599
P13,24.735126,SO,100,33,5698.061035,8072.604004,-110.090591,-.008911,.543453,27.7778,27.9,20.4,"{""type"":""M"",""msg"":""FADE0"",""time"":24.7026,""dist"":0.484307}",2.629102,23.029102,0,11.9,18.9,.423937,11.9,20.4,.002197,-.008911,-.006714,-.00710274074074074,.000584855379401451,.410703,.543453,.447635444444444,.041938146620335,2.562349,.624437,.423937,.624437,.79092,.624437,1,.98865,0,-1.1500986286331,1.47798636282647,-.617007870471947,-.0926391625140031,-1.17016009250787,-.227165634759739,.000885184402931537,.104981288361038,.00147784939785063,.149305274910044,.135817188299599
P13,24.232283,SO,100,34,5702.868164,8085.085938,-109.01384,-.005371,.795525,27.7778,1.5,6,"{""type"":""M"",""msg"":""FADE0"",""time"":24.1432,""dist"":0.469388}",2.233778,3.733778,0,5.9,10.1,.339474,5.9,1.5,.000325,-.005371,-.005046,-.00506013043478261,6.77671845685492E-05,.339474,.795525,.500771695652174,.144782536993631,2.629102,.543453,.339474,.543453,.117,.543453,1,.14625,0,-1.31776047668344,-.9418090375587,-1.0909239225217,-.249057441959285,-1.14182152498979,-.884663854035395,.000885184402931537,.104981288361038,.00147784939785063,.149305274910044,.135817188299599
P13,24.527933,SO,100,35,5701.161133,8080.337402,-109.217331,-.005697,.804911,27.7774,1.5,6.2,"{""type"":""M"",""msg"":""FADE0"",""time"":24.4409,""dist"":0.474422}",2.447719,3.947719,0,6.9,11.9,.254,6.9,1.5,.001017,-.006714,-.005697,-.00590852,.000396650572502633,.254,.804911,.46860912,.170491627338246,2.233778,.795525,.254,.795525,.36612,.795525,1,.45765,0,-1.227025425349,-.914979042490786,-.91573700584519,.237812415498127,-1.30964792778094,-.775080817489453,.000885184402931537,.104981288361038,.00147784939785063,.149305274910044,.135817188299599
P13,23.825636,SO,100,36,5702.785156,8085.864746,-109.311539,-.008423,.447829,27.7777,8.5,37.7,"{""type"":""M"",""msg"":""FADE0"",""time"":23.7585,""dist"":0.469293}",2.226194,10.726194,0,7.2,11.3,.134489,7.2,8.5,.003052,-.008423,-.005371,-.00630530434782609,.000691435557687615,.134489,.447829,.249721695652174,.10044877235615,2.447719,.804911,.134489,.804911,1.09872,.804911,1,1.3734,0,-1.320976945847,-.0649014471819001,-.400555827468453,.255941206010739,-1.21882382289598,-.74220590652567,.000885184402931537,.104981288361038,.00147784939785063,.149305274910044,.135817188299599
P13,23.205437,SO,100,37,5705.042969,8090.878906,-108.819824,-.008057,.892138,27.7776,1.4,9.8,"{""type"":""M"",""msg"":""FADE0"",""time"":23.1957,""dist"":0.465354}",2.028675,3.428675,0,5.4,10.2,.320772,5.4,1.4,.001994,-.008057,-.006063,-.00625871428571429,.00048656892038612,.320772,.892138,.571036047619048,.178659307685739,2.226194,.447829,.320772,.447829,.71784,.447829,1,.8973,0,-1.40474722178536,-.980071511723099,-.668399408167513,-.433752462626029,-1.31286755380609,-.939455372308367,.000885184402931537,.104981288361038,.00147784939785063,.149305274910044,.135817188299599
P13,24.400166,SO,100,38,5696.873047,8068.179199,-109.902267,-.011271,.975934,27.7775,15.1,12.2,"{""type"":""M"",""msg"":""FADE0"",""time"":24.3775,""dist"":0.489132}",2.928994,15.128994,0,5.8,10,.295238,5.8,12.2,.006063,-.011271,-.005208,-.00683993333333333,.00156093000424776,.295238,.975934,.5770766,.218280271650542,2.028675,.892138,.295238,.892138,2.18268,.892138,1,2.72835,0,-1.02291068422417,.487246585616917,.361709788301744,.424417661374435,-1.39672004759069,-.89562215768999,.000885184402931537,.104981288361038,.00147784939785063,.149305274910044,.135817188299599
P13,23.924013,SO,100,39,5702.253906,8083.088867,-109.345642,-.007731,.890598,27.7778,1.9,11.5,"{""type"":""M"",""msg"":""FADE0"",""time"":23.9054,""dist"":0.473399}",2.33481,4.23481,0,6.7,13.2,.43119,6.7,1.9,.000854,-.007731,-.006877,-.00691933333333333,.000176012516024007,.43119,.890598,.633140041666667,.141955116721564,2.928994,.975934,.43119,.975934,.30744,.975934,1,.3843,0,-1.27491154306893,-.878975424137864,-.957002132172171,.5862672383822,-1.01450874968184,-.796997424798641,.000885184402931537,.104981288361038,.00147784939785063,.149305274910044,.135817188299599
P13,24.586706,SO,100,40,5696.775391,8068.020508,-109.731277,-.007731,.942471,27.7778,1.1,8.9,"{""type"":""M"",""msg"":""FADE0"",""time"":24.5432,""dist"":0.488699}",2.875761,3.975761,0,6.8,11.7,.197139,6.8,1.1,.001505,-.007731,-.006226,-.00655975862068965,.000537613021683575,.197139,.942471,.507067137931035,.232149224073612,2.33481,.890598,.197139,.890598,.5418,.890598,1,.67725,0,-1.04548746468087,-.911462340588418,-.792194787148459,.421443195426276,-1.26675693930871,-.786039121144047,.000885184402931537,.104981288361038,.00147784939785063,.149305274910044,.135817188299599
P13,23.709156,SO,100,41,5702.296387,8084.244141,-109.501778,-.011597,.534066,27.7774,12.3,9.2,"{""type"":""M"",""msg"":""FADE0"",""time"":23.6833,""dist"":0.472068}",2.224653,11.424653,0,9.1,15.5,.186585,9.1,9.2,.004558,-.011597,-.007039,-.00755586956521739,.00104773427861127,.186585,.534066,.343224086956522,.108988203289044,2.875761,.942471,.186585,.942471,1.64088,.942471,1,2.0511,0,-1.3216305032021,.0226911672545105,-.0192964394412469,.521634411094372,-1.03710768852638,-.533998137088379,.000885184402931537,.104981288361038,.00147784939785063,.149305274910044,.135817188299599
P13,24.134157,SO,100,42,5701.133789,8081.962891,-110.321472,-.014119,.202234,27.7777,6.7,4.2,"{""type"":""M"",""msg"":""FADE0"",""time"":24.0358,""dist"":0.472683}",2.335974,6.535974,0,18.6,12.5,.383862,12.5,4.2,.005208,-.014119,-.008911,-.00937895833333333,.0012136957386489,.202234,.383862,.318021041666667,.0562011378412427,2.224653,.534066,.383862,.534066,1.87488,.534066,1,2.3436,0,-1.27441787612453,-.590390165723342,.145257745298251,-.267188163943292,-1.31352175260682,-.161415812832174,.000885184402931537,.104981288361038,.00147784939785063,.149305274910044,.135817188299599
P13,24.211655,SO,100,43,5702.354004,8083.780273,-109.493752,-.013957,.746542,27.7774,9.5,7.3,"{""type"":""M"",""msg"":""FADE0"",""time"":24.1814,""dist"":0.472387}",2.228909,9.528909,0,5.6,10,.249828,5.6,7.3,.00826,-.013957,-.005697,-.00787273913043478,.00206225993021317,.249828,.746542,.486157608695652,.159814966336852,2.335974,.202234,.249828,.202234,2.9736,.202234,1,3.717,0,-1.31982548042255,-.215051024144181,.917902932721248,-.908112179858616,-1.26626278784599,-.917538764999178,.000885184402931537,.104981288361038,.00147784939785063,.149305274910044,.135817188299599
P13,24.115204,SO,100,44,5703.393555,8087.218262,-109.283966,-.009074,.563013,27.7777,30.7,24.2,"{""type"":""M"",""msg"":""FADE0"",""time"":24.0178,""dist"":0.466933}",2.126539,26.326539,0,8.4,13.8,.290313,8.4,24.2,.003174,-.009074,-.0059,-.00639013636363636,.000913563524804277,.290313,.563013,.386812272727273,.0866514315657755,2.228909,.746542,.290313,.746542,1.14264,.746542,1,1.4283,0,-1.36324187655563,1.89151260813128,-.369670272794271,.143203152161317,-1.31171495825515,-.610706262670539,.000885184402931537,.104981288361038,.00147784939785063,.149305274910044,.135817188299599
P13,23.334187,SO,100,45,5705.918457,8094.70166,-109.553993,-.011271,.425358,27.7777,10.4,7.1,"{""type"":""M"",""msg"":""FADE0"",""time"":23.3085,""dist"":0.461072}",1.919869,9.019869,0,9.7,15.6,.465156,9.7,7.1,.00472,-.011271,-.006551,-.0080811,.00111852670485496,.425358,.465156,.4432411,.0103115135082867,2.126539,.563013,.465156,.563013,1.6992,.563013,1,2.124,0,-1.45089320593752,-.278888907903587,.0217155266015202,-.211277861474872,-1.35517396619226,-.468248315160813,.000885184402931537,.104981288361038,.00147784939785063,.149305274910044,.135817188299599
P13,24.223888,SO,100,46,5704.169434,8089.483398,-109.434654,-.007894,.526293,27.7777,10.8,24.2,"{""type"":""M"",""msg"":""FADE0"",""time"":24.1783,""dist"":0.465978}",2.132164,12.932164,0,30.3,21.8,.314236,21.8,10.8,.001017,-.008748,-.007731,-.007977,.000418026770616884,.314236,.526293,.417667636363636,.0643781575880586,1.919869,.425358,.314236,.425358,.36612,.425358,1,.45765,0,-1.36085624377016,.211745685532102,-.91573700584519,-.477154556341021,-1.4429113225502,.857706427045093,.000885184402931537,.104981288361038,.00147784939785063,.149305274910044,.135817188299599
P13,23.814997,SO,100,47,5701.710449,8082.72998,-109.861473,-.010579,.4913,27.7776,12.8,9.1,"{""type"":""M"",""msg"":""FADE0"",""time"":23.8036,""dist"":0.474117}",2.329987,11.429987,0,12.1,20.5,.349699,12.1,9.1,.003173,-.010579,-.007406,-.00810770833333333,.000955915926772836,.349699,.4913,.416663625,.0467539488830367,2.132164,.526293,.349699,.526293,1.14228,.526293,1,1.42785,0,-1.27695703763326,.0233600955744318,-.369923433078485,-.282201491095917,-1.35278599198452,-.205249027450551,.000885184402931537,.104981288361038,.00147784939785063,.149305274910044,.135817188299599
P13,23.697386,SO,100,48,5708.648926,8102.199219,-109.345726,-.01359,.524983,27.7774,7.9,5.5,"{""type"":""M"",""msg"":""FADE0"",""time"":23.6646,""dist"":0.452886}",1.515219,7.015219,0,7.6,14,.493867,7.6,5.5,.006876,-.01359,-.006714,-.0095850625,.00181936547432523,.493867,.540323,.5240753125,.0155333938928093,2.329987,.4913,.493867,.4913,2.47536,.4913,1,3.0942,0,-1.62251032711805,-.530288824763346,.567529099368225,-.349789469617955,-1.26880444146052,-.698372691907293,.000885184402931537,.104981288361038,.00147784939785063,.149305274910044,.135817188299599
P13,23.930399,SO,100,49,5699.182617,8075.656738,-109.985931,-.008748,.541103,27.7776,33.7,23.6,"{""type"":""M"",""msg"":""FADE0"",""time"":23.8873,""dist"":0.480777}",2.549282,26.149282,0,13.7,23.1,.364384,13.7,23.6,.00118,-.008748,-.007568,-.00761338461538462,.000231417039463057,.364384,.541103,.438176230769231,.0537583101730757,1.515219,.524983,.364384,.524983,.4248,.524983,1,.531,0,-1.18395128799954,1.86928309421972,-.874471879518208,-.284731718623247,-1.61469688044559,-.0299161689770425,.000885184402931537,.104981288361038,.00147784939785063,.149305274910044,.135817188299599
P13,24.20322,SO,100,50,5700.535156,8077.794434,-109.838203,-.010742,1.076988,27.7776,14.9,11.7,"{""type"":""M"",""msg"":""FADE0"",""time"":24.1601,""dist"":0.478333}",2.530033,14.230033,0,4.4,10,.472291,4.4,11.7,.004191,-.010742,-.006551,-.00872623076923077,.00151838011861832,.472291,1.076988,.794182230769231,.192477101712242,2.549282,.541103,.472291,.541103,1.50876,.541103,1,1.88595,0,-1.19211502941954,.374509339384325,-.11220626374801,-.25359639973732,-1.17570740965854,-1.04903840885431,.000885184402931537,.104981288361038,.00147784939785063,.149305274910044,.135817188299599
P14,27.04999,SO,100,1,5666.99707,7999.940918,-114.74028,-.011271,-1.502329,27.7779,2.4,-.50754,"{""type"":""M"",""msg"":""FADE0"",""time"":26.9604,""dist"":0.561675}",5.569948,5.062408,5.062408,18.6,27.1,.228188,18.6,-.50754,.003866,-.011434,-.007568,-.0103847142857143,.000989942068356174,-1.502329,.228188,-.288128392857143,.51304415569067, , ,.228188, ,1.39176, , ,1.7397,1,.0971509064102559,-.775187696408184,-.194483356117759, , ,.507040710098077,.000417444620449106,.244666784644148,.00227590914835396,.250085019871671,.234273388413938
P14,26.495687,SO,100,2,5677.55127,8021.645996,-112.764412,-.008748,-.110793,27.778,12.8,6,"{""type"":""M"",""msg"":""FADE0"",""time"":26.4292,""dist"":0.538346}",4.664377,10.664377,0,31,19.1,.526387,19.1,6,.000325000000000001,-.008748,-.008423,-.00871689361702128,9.3630456314579E-05,-.110793,.526387,.279496,.192335625172114,5.569948,-1.502329,.526387,-1.502329,.117,1.502329,1,.14625,0,-.286913069975703,-.0726538172517476,-1.0909239225217,1.60298412330513,.106652145575934,.561832228371048,.000417444620449106,.244666784644148,.00227590914835396,.250085019871671,.234273388413938
P14,26.848297,SO,100,3,5674.851074,8017.639648,-113.156059,-.008057,-1.090785,27.7777,8.2,.2,"{""type"":""M"",""msg"":""FADE0"",""time"":26.7517,""dist"":0.542247}",4.865953,5.065953,0,14.3,8.4,.348491,8.4,.2,.000854000000000001,-.008911,-.008057,-.00852751020408163,.000327454330304814,-1.090785,.348491,-.315617244897959,.436453261406292,4.664377,-.110793,.348491,-.110793,.30744,.110793,1,.3843,0,-.201422169644336,-.774743123687126,-.957002132172171,-1.08472785568046,-.27778877731764,-.610706262670539,.000417444620449106,.244666784644148,.00227590914835396,.250085019871671,.234273388413938
P14,27.144289,SO,100,4,5675.92627,8019.07666,-113.20462,-.009074,-.645665,27.7778,7.3,2,"{""type"":""M"",""msg"":""FADE0"",""time"":27.1316,""dist"":0.54286}",4.864201,6.864201,0,16.6,10.9,.560738,10.9,2,0,-.009074,-.009074,-.009074,0,-.645665,.560738,.071367387755102,.363214621113893,4.865953,-1.090785,.560738,-1.090785,0,1.090785,1,0,0,-.202165214735917,-.549227748088778,-1.17320101489145,.808098659558852,-.192213970402229,-.336748671305682,.000417444620449106,.244666784644148,.00227590914835396,.250085019871671,.234273388413938
P14,27.070957,SO,100,5,5676.155762,8017.342773,-112.211288,-.007243,.246053,27.7776,9,16,"{""type"":""M"",""msg"":""FADE0"",""time"":27.0099,""dist"":0.542993}",4.77615,13.77615,0,18.1,24.8,.220494,18.1,9,0,-.007243,-.007243,-.007243,0,.10141,.246053,.1485400625,.0418482655861683,4.864201,-.645665,.220494,-.645665,0,.645665,1,0,0,-.239508744050306,.317588605857745,-1.17320101489145,-.0516378877428824,-.192957744768799,.452249191825106,.000417444620449106,.244666784644148,.00227590914835396,.250085019871671,.234273388413938
P14,28.338543,SO,100,6,5668.757813,7995.432617,-112.773064,-.008748,-1.819343,27.7777,-3.029242,41.1,"{""type"":""M"",""msg"":""FADE0"",""time"":28.2633,""dist"":0.565732}",5.658625,2.629383,2.629383,4.6,9.7,.297438,4.6,-3.029242,.002197,-.008748,-.006551,-.00837361403508772,.000610628913334031,-1.872047,1.85165,.957824,.804153727776021,4.77615,.246053,.297438,.246053,.79092,.246053,1,.98865,1,.134759930146636,-1.08030942973705,-.617007870471947,-.823477034805115,-.230337925562688,-1.02712180154512,.000417444620449106,.244666784644148,.00227590914835396,.250085019871671,.234273388413938
P14,27.415506,SO,100,7,5666.347656,7992.755371,-113.118126,-.007731,.771158,27.7778,5.6,17.3,"{""type"":""M"",""msg"":""FADE0"",""time"":27.3433,""dist"":0.56916}",5.797815,11.397815,0,16.6,25.8,.401586,16.6,5.6,.000163,-.007731,-.007568,-.0075876724137931,5.3563665326359E-05,.398268,.771158,.51249825862069,.11522575740549,5.658625,-1.819343,.401586,-1.819343,.05868,1.819343,1,.07335,0,.193792148352786,.0193254570464033,-1.13193588856447,2.2152875960907,.144298081366097,.287874637006191,.000417444620449106,.244666784644148,.00227590914835396,.250085019871671,.234273388413938
P14,26.799339,SO,100,8,5675.069824,8015.762695,-113.040527,-.009074,-.16896,27.7779,10.8,5.1,"{""type"":""M"",""msg"":""FADE0"",""time"":26.7887,""dist"":0.546159}",4.892088,9.992088,0,24.3,16.5,.389349,16.5,5.1,.000326,-.009074,-.008748,-.00899083673469388,9.48255738489481E-05,-.16896,.390732,.215538653061224,.172413882228147,5.797815,.771158,.389349,.771158,.11736,.771158,1,.1467,0,-.190337989582423,-.156964494280521,-1.09067076223749,.190748252018388,.203388237806129,.276916333351597,.000417444620449106,.244666784644148,.00227590914835396,.250085019871671,.234273388413938
P14,26.918028,SO,100,9,5675.791016,8014.463867,-112.213951,-.007731,1.010885,27.7777,1.7,14.9,"{""type"":""M"",""msg"":""FADE0"",""time"":26.8761,""dist"":0.546333}",4.966524,6.666524,0,11.9,21.6,.442473,11.9,1.7,.000163,-.007731,-.007568,-.00765928,8.17325254368523E-05,.442473,1.010885,.68384168,.172326675043561,4.892088,-.16896,.442473,-.16896,.05868,.16896,1,.07335,0,-.158768751890111,-.574018101200337,-1.13193588856447,-.972379959052806,-.181118911572139,-.227165634759739,.000417444620449106,.244666784644148,.00227590914835396,.250085019871671,.234273388413938
P14,27.445602,SO,100,10,5680.683105,8026.57373,-111.710526,-.008057,.949674,27.7777,2.5,19.4,"{""type"":""M"",""msg"":""FADE0"",""time"":27.393,""dist"":0.532956}",4.558326,7.058326,0,11.7,21.8,.208131,11.7,2.5,.000326,-.008057,-.007731,-.00784084782608696,.000153886533580399,.208131,.949674,.556921,.224024106781589,4.966524,1.010885,.208131,1.010885,.11736,1.010885,1,.1467,0,-.331890624203596,-.524882845556964,-1.09067076223749,.653774095105652,-.149518689682849,-.249082242068928,.000417444620449106,.244666784644148,.00227590914835396,.250085019871671,.234273388413938
P14,27.330612,SO,100,11,5675.375,8014.32666,-112.511566,-.008586,.673714,27.7778,53.3,24.5,"{""type"":""M"",""msg"":""FADE0"",""time"":27.2806,""dist"":0.546439}",5.00758,29.50758,0,13.2,22.9,.407475,13.2,24.5,.001018,-.008586,-.007568,-.00808914,.000311652475867409,.407475,.673714,.54754394,.084912500241133,4.558326,.949674,.407475,.949674,.36648,.949674,1,.4581,0,-.141356389287397,2.29044181917933,-.915483845560975,.535546799551899,-.322810475576292,-.0847076872500138,.000417444620449106,.244666784644148,.00227590914835396,.250085019871671,.234273388413938
P14,27.471277,SO,100,12,5674.29541,8014.346191,-113.1222,-.009074,-.342066,27.7779,10.1,4.2,"{""type"":""M"",""msg"":""FADE0"",""time"":27.4346,""dist"":0.547183}",4.974313,9.174313,0,27.5,35.5,.396657,27.5,4.2,.001506,-.009237,-.007731,-.00867366,.00048403974410946,-.342066,.396657,.0932362,.211576975505274,5.00758,.673714,.396657,.673714,.54216,.673714,1,.6777,0,-.155465339665039,-.259520335454786,-.791941626864244,.00253795341291003,-.132089237403217,1.48232973535697,.000417444620449106,.244666784644148,.00227590914835396,.250085019871671,.234273388413938
P14,29.572742,SO,100,13,5668.467773,8000.585449,-114.206642,-.010091,-.392857,27.7776,5.9,2.2,"{""type"":""M"",""msg"":""FADE0"",""time"":29.4875,""dist"":0.560721}",5.474685,7.674685,0,16.7,32,.197727,16.7,2.2,.003865,-.011922,-.008057,-.0101634363636364,.00103599600963833,-.392857,.398028,.210864181818182,.212652806171633,4.974313,-.342066,.197727,-.342066,1.3914,.342066,1,1.73925,0,.0567486777805232,-.4475862594418,-.194736516401974,-.638030671765751,-.146212035264346,.298832940660786,.000417444620449106,.244666784644148,.00227590914835396,.250085019871671,.234273388413938
P14,27.553226,SO,100,14,5674.996582,8013.546875,-112.879143,-.009237,.616398,27.7777,15.1,9.9,"{""type"":""M"",""msg"":""FADE0"",""time"":27.4527,""dist"":0.545899}",4.965007,14.865007,0,28.2,21.4,.602957,21.4,9.9,.000326,-.009237,-.008911,-.00898272,.000136415338176453,.602957,.767237,.71412022,.049307407237672,5.474685,-.392857,.602957,-.392857,.11736,.392857,1,.1467,0,-.159412130545321,.454140402566481,-1.09067076223749,-.539929308146946,.0662102634511637,.813873212426716,.000417444620449106,.244666784644148,.00227590914835396,.250085019871671,.234273388413938
P14,29.411243,SO,100,15,5652.318848,7957.987793,-114.139572,-.008586,-1.632289,27.7775,-3.342912,4.8,"{""type"":""M"",""msg"":""FADE0"",""time"":29.3993,""dist"":0.608331}",7.093137,3.750225,3.750225,6.4,11.6,.07836,6.4,-3.342912,.001872,-.008586,-.006714,-.00807911267605634,.000459144189904148,-1.845553,1.872661,.646765450704225,.995302473673532,4.965007,.616398,.07836,.616398,.67392,.616398,1,.8424,1,.743154393853375,-.939746445868084,-.699284962841696,-.108166261057674,-.15016269979363,-.829872335762424,.000417444620449106,.244666784644148,.00227590914835396,.250085019871671,.234273388413938
P14,27.586697,SO,100,16,5670.557129,8001.86377,-112.681847,-.008423,1.05783,27.7776,1.1,33.3,"{""type"":""M"",""msg"":""FADE0"",""time"":27.5246,""dist"":0.559395}",5.481739,6.581739,0,10.4,19.1,.195031,10.4,1.1,.000855,-.008423,-.007568,-.00790803636363636,.000137077291475955,.195031,1.05783,.605347145454545,.256392144632254,7.093137,-1.632289,.195031,-1.632289,.3078,1.632289,1,.38475,0,.0597403673216267,-.584650851032455,-.956748971887957,1.85399814578746,.753289664778006,-.391540189578653,.000417444620449106,.244666784644148,.00227590914835396,.250085019871671,.234273388413938
P14,29.68885,SO,100,17,5651.083008,7960.575684,-115.777885,-.010905,-.117924,27.778,6,2.8,"{""type"":""M"",""msg"":""FADE0"",""time"":29.6772,""dist"":0.606518}",6.987255,9.787255,0,28.8,22.7,.554971,22.7,2.8,.001831,-.010905,-.009074,-.0099213,.000569546357747276,-.117924,.883121,.645593657142857,.263498901998036,5.481739,1.05783,.554971,1.05783,.65916,1.05783,1,.82395,0,.69824851463717,-.182652269787535,-.709664534494495,.744447019739638,.0692048892398554,.956331159936442,.000417444620449106,.244666784644148,.00227590914835396,.250085019871671,.234273388413938
P14,27.541162,SO,100,18,5671.310059,8005.394531,-112.605278,-.007243,.374607,27.7779,7.3,14.6,"{""type"":""M"",""msg"":""FADE0"",""time"":27.5302,""dist"":0.557304}",5.371988,12.671988,0,13.7,19.6,.229404,13.7,7.3,.000529,-.007406,-.006877,-.00726564814814815,9.11283890913953E-05,.133157,.374607,.197351888888889,.0653519037310348,6.987255,-.117924,.229404,-.117924,.19044,.117924,1,.23805,0,.0131935968615131,.17911743383285,-1.03927922454192,-1.07095453316336,.708339711877773,-.0299161689770425,.000417444620449106,.244666784644148,.00227590914835396,.250085019871671,.234273388413938
P14,28.285532,SO,100,19,5664.898438,7986.48584,-112.508232,-.007406,-1.795514,27.7778,-1.615086,2.5,"{""type"":""M"",""msg"":""FADE0"",""time"":28.2429,""dist"":0.576388}",6.078188,4.463102,4.463102,8.3,12.9,-.050991,8.3,-1.615086,.00118,-.007406,-.006226,-.00679731147540984,.000382810028647091,-1.85063,1.845156,.591510409836066,.722990953312197,5.371988,.374607,.050991,.374607,.4248,.374607,1,.531,1,.31270184096801,-.850345693352067,-.874471879518208,-.575178661104029,.0226124346134455,-.621664566325133,.000417444620449106,.244666784644148,.00227590914835396,.250085019871671,.234273388413938
P14,27.848183,SO,100,20,5667.027832,7994.347656,-112.960762,-.007894,.767026,27.7777,4.7,17.2,"{""type"":""M"",""msg"":""FADE0"",""time"":27.8036,""dist"":0.568164}",5.772782,10.472782,0,14.2,21.9,.110171,14.2,4.7,.000813,-.008219,-.007406,-.00757141379310345,.000274997801234129,.110171,.767026,.368750034482759,.199576838021514,6.078188,-1.795514,.110171,-1.795514,.29268,1.795514,1,.36585,0,.183175340260578,-.0966814365722003,-.967381703824971,2.16926256422142,.322414636481043,.0248753492959288,.000417444620449106,.244666784644148,.00227590914835396,.250085019871671,.234273388413938
P14,28.877121,SO,100,21,5655.509277,7974.225098,-115.733543,-.011108,-1.727421,27.778,2,-.806786,"{""type"":""M"",""msg"":""FADE0"",""time"":28.8696,""dist"":0.592209}",6.584971,5.778185,5.778185,18.6,13.2,.051144,13.2,-.806786,.001709,-.011271,-.009562,-.010473303030303,.000483200482988073,-1.727421,.171075,-.321663424242424,.568372420303965,5.772782,.767026,.051144,.767026,.61524,.767026,1,.76905,1,.527634843620265,-.685423259578748,-.740550089168678,.182767412214625,.192761009656382,-.0847076872500138,.000417444620449106,.244666784644148,.00227590914835396,.250085019871671,.234273388413938
P14,28.997524,SO,100,22,5663.331543,7985.672852,-113.268234,-.007894,.83094,27.7775,3.6,16,"{""type"":""M"",""msg"":""FADE0"",""time"":28.8997,""dist"":0.576147}",6.1012,9.7012,0,21.4,32.2,.041182,21.4,3.6,.001018,-.008057,-.007039,-.00765429508196721,.00028043129546363,.041182,.83094,.358505770491803,.235033592759375,6.584971,-1.727421,.041182,-1.727421,.36648,1.727421,1,.4581,0,.32246151770743,-.193444288267253,-.915483845560975,2.03774288252791,.537558589000253,.813873212426716,.000417444620449106,.244666784644148,.00227590914835396,.250085019871671,.234273388413938
P14,26.647074,SO,100,23,5682.791016,8037.061523,-112.420074,-.009237,-1.016433,27.7775,6.4,.5,"{""type"":""M"",""msg"":""FADE0"",""time"":26.5617,""dist"":0.521449}",4.061575,4.561575,0,23.6,29.1,-.08204,23.6,.5,.001994,-.009237,-.007243,-.00877034146341463,.000609040335682133,-1.016433,-.08204,-.491461170731707,.273975921433518,6.1012,.83094,.08204,.83094,.71784,.83094,1,.8973,0,-.542568930304058,-.837996353560616,-.668399408167513,.306215474948816,.332183892030996,1.05495589282779,.000417444620449106,.244666784644148,.00227590914835396,.250085019871671,.234273388413938
P14,27.877195,SO,100,24,5666.558105,7993.709473,-113.430824,-.009074,.580291,27.7777,19.6,13.2,"{""type"":""M"",""msg"":""FADE0"",""time"":27.846,""dist"":0.569314}",5.777774,18.977774,0,13,22.3,.331852,13,13.2,.001669,-.009237,-.007568,-.00830658620689655,.000381183707356153,.331852,.58705,.489350379310345,.0836511189597726,4.061575,-1.016433,.331852,-1.016433,.60084,1.016433,1,.75105,0,.185292509836589,.969915865546832,-.750676500537262,.664489898404604,-.53369555569514,-.106624294559202,.000417444620449106,.244666784644148,.00227590914835396,.250085019871671,.234273388413938
P14,26.868753,SO,100,25,5676.433105,8016.758789,-112.105064,-.008057,.728532,27.7777,5.9,21.3,"{""type"":""M"",""msg"":""FADE0"",""time"":26.7728,""dist"":0.542474}",4.871202,10.771202,0,10.8,16.3,.104557,10.8,5.9,.001343,-.008057,-.006714,-.00741085714285714,.000554802517417985,.104557,.728532,.34632593877551,.201764292813773,5.777774,.580291,.104557,.580291,.48348,.580291,1,.60435,0,-.199196003157059,-.0592570666376534,-.833206753191226,-.17790589871364,.19488025716661,-.347706974960276,.000417444620449106,.244666784644148,.00227590914835396,.250085019871671,.234273388413938
P14,27.006397,SO,100,26,5677.959961,8022.124512,-112.224091,-.007894,.097212,27.7779,23,31,"{""type"":""M"",""msg"":""FADE0"",""time"":26.9644,""dist"":0.538347}",4.661941,27.661941,0,19.9,27.9,.096887,19.9,23,.000326,-.007894,-.007568,-.00785931914893617,.000101601332236853,.071473,.097212,.0810857021276596,.00788114057049815,4.871202,.728532,.096887,.728532,.11736,.728532,1,.1467,0,-.287946208013998,2.05898321485782,-1.09067076223749,.108417352339012,-.189985619003754,.649498657607802,.000417444620449106,.244666784644148,.00227590914835396,.250085019871671,.234273388413938
P14,26.563282,SO,100,27,5680.486328,8031.433594,-112.873573,-.009766,-1.074919,27.7779,4.9,.2,"{""type"":""M"",""msg"":""FADE0"",""time"":26.481,""dist"":0.527618}",4.357182,4.557182,0,13.9,8.1,.244496,8.1,.2,.000692,-.009766,-.009074,-.00921272727272727,.000248769937953922,-1.074919,.244496,-.319005272727273,.39512525893657,4.661941,.097212,.244496,.097212,.24912,.097212,1,.3114,0,-.417198307937039,-.838547272591252,-.998014098214939,-1.11095916869471,-.278822929347871,-.643581173634321,.000417444620449106,.244666784644148,.00227590914835396,.250085019871671,.234273388413938
P14,27.645849,SO,100,28,5669.671875,8002.498047,-113.406242,-.009074,-.019065,27.7778,12.8,6.8,"{""type"":""M"",""msg"":""FADE0"",""time"":27.5855,""dist"":0.55916}",5.46673,12.26673,0,1000000,24.3,.284123,24.3,6.8,.000651,-.009074,-.008423,-.00870412727272727,.000275614199934233,-.019065,.298481,.220859145454545,.0923861763259342,4.357182,-1.074919,.284123,-1.074919,.23436,1.074919,1,.29295,0,.0533748628812494,.128294682975218,-1.00839366986774,.777453934407231,-.408201886072548,1.13166401840995,.000417444620449106,.244666784644148,.00227590914835396,.250085019871671,.234273388413938
P14,27.074783,SO,100,29,5673.384277,8009.697266,-112.578445,-.008423,.618039,27.7778,38,44.4,"{""type"":""M"",""msg"":""FADE0"",""time"":27.0233,""dist"":0.55133}",5.162723,43.162723,0,18.1,29.8,.129912,18.1,38,.000692,-.008423,-.007731,-.00805721153846154,.000249916953778294,.129912,.618039,.370146923076923,.150353999352488,5.46673,-.019065,.129912,-.019065,.24912,.019065,1,.3114,0,-.0755583044454057,4.00291123524105,-.998014098214939,-1.26189786379264,.0628331372604858,.452249191825106,.000417444620449106,.244666784644148,.00227590914835396,.250085019871671,.234273388413938
P14,27.610657,SO,100,30,5666.760742,7990.981445,-112.752823,-.007568,1.862354,27.7779,-2.635453,4.6,"{""type"":""M"",""msg"":""FADE0"",""time"":27.5788,""dist"":0.571796}",5.812855,3.177402,3.177402,6.4,14,.366124,6.4,-2.635453,.000976,-.008219,-.007243,-.00779560344827586,.000352632005376669,.366124,1.862354,1.07408605172414,.436108355993615,5.162723,.618039,.366124,.618039,.35136,.618039,1,.4392,1,.200170800280515,-1.01158325258016,-.926116577497989,-.104996716498629,-.0662265738456635,-.829872335762424,.000417444620449106,.244666784644148,.00227590914835396,.250085019871671,.234273388413938
P14,27.491859,SO,100,31,5668.804688,8000.677734,-113.731598,-.010905,-.110183,27.7777,7.5,3.8,"{""type"":""M"",""msg"":""FADE0"",""time"":27.4025,""dist"":0.560388}",5.470001,9.270001,0,11.7,18.1,.149977,11.7,3.8,.003866,-.010905,-.007039,-.0090798,.00113704876927232,-.110183,.225327,.155500090909091,.0818465653975808,5.812855,1.862354,.149977,1.862354,1.39176,1.862354,1,1.7397,0,.0547621348530312,-.2475202580126,-.194483356117759,2.29836211225712,.209773150176688,-.249082242068928,.000417444620449106,.244666784644148,.00227590914835396,.250085019871671,.234273388413938
P14,28.077217,SO,100,32,5667.176758,7993.986816,-112.592072,-.006551,1.053911,27.7777,.4,6.5,"{""type"":""M"",""msg"":""FADE0"",""time"":28.0626,""dist"":0.569284}",5.702541,6.102541,0,17.6,26.2,.207152,17.6,.4,.001017,-.007568,-.006551,-.00689994736842105,.000361803785667464,.2064,1.053911,.45233949122807,.255341400255347,5.470001,-.110183,.207152,-.110183,.36612,.110183,1,.45765,0,.153385254485607,-.644746297798405,-.91573700584519,-1.08590605323135,.0642217707953327,.397457673552134,.000417444620449106,.244666784644148,.00227590914835396,.250085019871671,.234273388413938
P14,26.047171,SO,100,33,5683.012695,8032.818359,-111.72261,-.008911,.77588,27.7777,26.7,19.2,"{""type"":""M"",""msg"":""FADE0"",""time"":25.9763,""dist"":0.525853}",4.254031,23.454031,0,7.2,13.4,.294897,7.2,19.2,.002034,-.008911,-.006877,-.00833853488372093,.000435513290423042,.294897,.77588,.56047576744186,.145392004441987,5.702541,1.053911,.294897,1.053911,.73224,1.053911,1,.9153,0,-.460945935928867,1.53127602200453,-.658272996798929,.736877583342991,.16294168586513,-.74220590652567,.000417444620449106,.244666784644148,.00227590914835396,.250085019871671,.234273388413938
P14,28.277332,SO,100,34,5661.106934,7981.024902,-113.784203,-.010417,.65806,27.7774,13.8,10,"{""type"":""M"",""msg"":""FADE0"",""time"":28.19,""dist"":0.581547}",6.287666,16.287666,0,12.8,18.4,-.041348,12.8,10,.00354,-.010417,-.006877,-.00790244444444444,.00111348558774771,-.045177,.65806,.245727492063492,.244002361137563,4.254031,.77588,.041348,.77588,1.2744,.77588,1,1.593,0,.401544078236405,.63255376865023,-.277013608771723,.199868659945146,-.451992450961878,-.128540901868391,.000417444620449106,.244666784644148,.00227590914835396,.250085019871671,.234273388413938
P14,29.009232,SO,100,35,5657.40625,7975.793945,-115.428078,-.012248,-.631425,27.7778,4.1,1.2,"{""type"":""M"",""msg"":""FADE0"",""time"":28.9402,""dist"":0.588259}",6.481034,7.681034,0,12.6,22.5,.136611,12.6,1.2,.004517,-.012248,-.007731,-.0101512923076923,.00139467372666375,-.631425,.350454,.146810461538462,.253693733373658,6.287666,.65806,.136611,.65806,1.62612,.65806,1,2.03265,0,.483553863207214,-.446790041612182,-.029676011094046,-.02769729980299,.411344069563484,-.150457509177579,.000417444620449106,.244666784644148,.00227590914835396,.250085019871671,.234273388413938
P14,27.652342,SO,100,36,5670.6875,8006.048828,-114.262352,-.010417,-.486021,27.778,4.8,1.6,"{""type"":""M"",""msg"":""FADE0"",""time"":27.5921,""dist"":0.555532}",5.263352,6.863352,0,23.4,17.8,.360404,17.8,1.6,.004557,-.013794,-.009237,-.0107811509433962,.00122076426874924,-.486021,.506017,.285810245283019,.273311597108847,6.481034,-.631425,.360404,-.631425,1.64052,.631425,1,2.05065,0,-.0328802881664581,-.549334219806741,-.0195495997254616,-.0791420404063816,.493434344514962,.419374280861323,.000417444620449106,.244666784644148,.00227590914835396,.250085019871671,.234273388413938
P14,27.0394,SO,100,37,5673.432129,8009.151367,-112.600845,-.007568,.872122,27.7777,6,17.7,"{""type"":""M"",""msg"":""FADE0"",""time"":26.9442,""dist"":0.55059}",5.159655,11.159655,0,15.4,30.8,.204009,15.4,6,.00118,-.008748,-.007568,-.00824382692307692,.000288101134282149,.204009,.872122,.5590945,.204725747277123,5.263352,-.486021,.204009,-.486021,.4248,.486021,1,.531,0,-.076859481580663,-.0105418036720862,-.874471879518208,-.359985707111678,-.0235066704588969,.15637499315106,.000417444620449106,.244666784644148,.00227590914835396,.250085019871671,.234273388413938
P14,27.680223,SO,100,38,5668.562012,7999.269531,-113.025177,-.008423,.233568,27.7778,40.2,45.4,"{""type"":""M"",""msg"":""FADE0"",""time"":27.5915,""dist"":0.561768}",5.565963,45.765963,0,19.7,27.5,-.06939,19.7,40.2,.000855,-.008423,-.007568,-.00783708928571429,.000333670838172522,-.070047,.233568,.0419979642857143,.100436069696818,5.159655,.872122,.06939,.872122,.3078,.872122,1,.38475,0,.095460818116905,4.3293793566418,-.956748971887957,.385757329933944,-.0675290280446578,.627582050298614,.000417444620449106,.244666784644148,.00227590914835396,.250085019871671,.234273388413938
P14,27.979649,SO,100,39,5662.374023,7985.227539,-114.268585,-.009766,.113401,27.7778,9.7,5.4,"{""type"":""M"",""msg"":""FADE0"",""time"":27.9775,""dist"":0.579526}",6.078417,11.478417,0,44,27.7,.297461,27.7,5.4,.00118,-.009766,-.008586,-.00916144262295082,.000513664693634222,.113401,.495151,.395748049180328,.0974089751272825,5.565963,.233568,.297461,.233568,.4248,.233568,1,.531,0,.312798962729409,.0294336236085116,-.874471879518208,-.847591455170549,.104960398514985,1.50424634266615,.000417444620449106,.244666784644148,.00227590914835396,.250085019871671,.234273388413938
P14,26.754927,SO,100,40,5672.552246,8009.116699,-113.306374,-.009562,.060777,27.7777,10.2,5.5,"{""type"":""M"",""msg"":""FADE0"",""time"":26.6926,""dist"":0.551897}",5.1859,10.6859,0,1000000,31.3,.3148,31.3,5.5,.000975999999999999,-.009562,-.008586,-.00938344230769231,.000199267621157148,.060777,.463259,.358520173076923,.110498116076341,6.078417,.113401,.3148,.113401,.35136,.113401,1,.4392,0,-.065728649144278,-.0699546526042666,-.926116577497989,-1.07969057828254,.322511853564344,1.89874527423155,.000417444620449106,.244666784644148,.00227590914835396,.250085019871671,.234273388413938
P14,27.436993,SO,100,41,5665.625488,7992.61084,-113.505417,-.008219,.158628,27.7778,38.5,43.1,"{""type"":""M"",""msg"":""FADE0"",""time"":27.4041,""dist"":0.570622}",5.766529,44.266529,0,32.9,42.2,.225638,32.9,38.5,.000366,-.008423,-.008057,-.00826544827586207,9.21227579962455E-05,.158628,.25229,.22533074137931,.0273142400008984,5.1859,.060777,.225638,.060777,.13176,.060777,1,.1647,0,.180523364828125,4.14133776188127,-1.0805443508689,-1.18133232896821,-.0563872710522829,2.07407813270506,.000417444620449106,.244666784644148,.00227590914835396,.250085019871671,.234273388413938
P14,29.386799,SO,100,42,5650.337402,7958.374023,-115.025841,-.009766,.139962,27.7777,12,7.1,"{""type"":""M"",""msg"":""FADE0"",""time"":29.2957,""dist"":0.606478}",7.187798,14.287798,0,18.2,26.2,-.036674,18.2,7.1,.002198,-.009766,-.007568,-.00840023611111111,.000743595424094285,-.036674,.243887,.122253597222222,.098363940924874,5.766529,.158628,.036674,.158628,.79128,.158628,1,.9891,0,.783301306761,.381753554682459,-.616754710187732,-.992335921505003,.190106431394872,.4632074954797,.000417444620449106,.244666784644148,.00227590914835396,.250085019871671,.234273388413938
P14,28.081167,SO,100,43,5664.07959,7989.217285,-113.413383,-.007894,.093823,27.7779,18.5,27,"{""type"":""M"",""msg"":""FADE0"",""time"":28.0738,""dist"":0.574986}",5.991627,24.491627,0,25.7,33.6,-.017615,25.7,18.5,.000163,-.007894,-.007731,-.00775545,5.86938119338149E-05,-.052203,.093823,-.0135684166666667,.0416923738233605,7.187798,.139962,.017615,.139962,.05868,.139962,1,.07335,0,.275990239271462,1.66139925954426,-1.13193588856447,-1.02838876656237,.793475980596455,1.28508026957427,.000417444620449106,.244666784644148,.00227590914835396,.250085019871671,.234273388413938
P14,27.979414,SO,100,44,5661.46875,7982.826172,-113.668999,-.007894,.263088,27.7779,17.2,26.3,"{""type"":""M"",""msg"":""FADE0"",""time"":27.9704,""dist"":0.581907}",6.178249,23.378249,0,20.6,28.5,.115596,20.6,17.2,.000326,-.007894,-.007568,-.00775466129032258,.000141075022890495,.085568,.263088,.138961758064516,.0543128306444494,5.991627,.093823,.115596,.093823,.11736,.093823,1,.1467,0,.355138961349687,1.521772323853,-1.09067076223749,-1.11750492525206,.285667003521738,.726206783189962,.000417444620449106,.244666784644148,.00227590914835396,.250085019871671,.234273388413938
P14,28.371168,SO,100,45,5656.233887,7973.150879,-114.957405,-.009399,-.612032,27.7778,7.2,2.2,"{""type"":""M"",""msg"":""FADE0"",""time"":28.3009,""dist"":0.591207}",6.581215,8.781215,0,20.5,14.5,.493682,14.5,2.2,.000324999999999999,-.009399,-.009074,-.00910360606060606,7.5033506113116E-05,-.612032,.500173,.152085,.34009197285472,6.178249,.263088,.493682,.263088,.117,.263088,1,.14625,0,.526041877088314,-.308818120363741,-1.0909239225217,-.790574419592846,.364893407538921,.0577502602597117,.000417444620449106,.244666784644148,.00227590914835396,.250085019871671,.234273388413938
P14,28.172712,SO,100,46,5664.075195,7990.571289,-113.681992,-.008586,-.455373,27.7774,18.6,7.3,"{""type"":""M"",""msg"":""FADE0"",""time"":28.1355,""dist"":0.572914}",5.874593,13.174593,0,26.3,32.9,-.1239,26.3,7.3,.001018,-.008586,-.007568,-.00801523728813559,.000397295613860157,-.455373,-.1239,-.298238661016949,.0858091155491734,6.581215,-.612032,.1239,-.612032,.36648,.612032,1,.4581,0,.226354657508845,.242148314641619,-.915483845560975,-.116599065167845,.535964059022606,1.35083009150184,.000417444620449106,.244666784644148,.00227590914835396,.250085019871671,.234273388413938
P14,28.551682,SO,100,47,5657.585449,7970.692383,-113.394234,-.007894,1.659163,27.7778,-1.412266,5,"{""type"":""M"",""msg"":""FADE0"",""time"":28.5015,""dist"":0.593457}",6.670788,5.258522,5.258522,10.6,16.4,.008173,10.6,-1.412266,.001017,-.007894,-.006877,-.00713935820895522,.000278629530374552,.008173,1.659163,.636604417910448,.505394448826409,5.874593,-.455373,.008173,-.455373,.36612,.455373,1,.45765,1,.564030905620389,-.750593356600719,-.91573700584519,-.419181442422838,.235982706023334,-.369623582269465,.000417444620449106,.244666784644148,.00227590914835396,.250085019871671,.234273388413938
P14,28.674347,SO,100,48,5657.795898,7974.179688,-114.310905,-.008748,.405636,27.7778,21.3,12.7,"{""type"":""M"",""msg"":""FADE0"",""time"":28.6204,""dist"":0.590107}",6.592472,19.292472,0,16.6,29,.237724,16.6,12.7,.000854000000000001,-.008748,-.007894,-.00850028787878788,.00024502318666743,.237724,.49492,.416894696969697,.0756342494327841,6.670788,1.659163,.237724,1.659163,.30744,1.659163,1,.3843,0,.530816111446721,1.00938163315511,-.957002132172171,1.90590450805424,.573990372571014,.287874637006191,.000417444620449106,.244666784644148,.00227590914835396,.250085019871671,.234273388413938
P14,28.686705,SO,100,49,5656,7968.580566,-114.013138,-.009237,1.071046,27.7776,1.3,21.9,"{""type"":""M"",""msg"":""FADE0"",""time"":28.6737,""dist"":0.597065}",6.685933,7.985933,0,10.9,16.8,.098206,10.9,1.3,.002685,-.009562,-.006877,-.00768325373134328,.000593369406716233,.098206,1.071046,.499796014925373,.307434649383015,6.592472,.405636,.098206,.405636,.9666,.405636,1,1.20825,0,.570454089360113,-.408553150758106,-.493465651775216,-.515247035191409,.54074297913932,-.336748671305682,.000417444620449106,.244666784644148,.00227590914835396,.250085019871671,.234273388413938
P14,30.067728,SO,100,50,5636.620605,7932.537598,-117.326714,-.011597,-1.276518,27.7778,2.8,-.201204,"{""type"":""M"",""msg"":""FADE0"",""time"":30.0224,""dist"":0.636944}",8.207756,8.006552,8.006552,16.4,24.9,.122739,16.4,-.201204,.004354,-.011922,-.007568,-.00966768292682927,.00142373458545768,-1.276518,.167879,-.107080780487805,.389379580697453,6.685933,1.071046,.122739,1.071046,1.56744,1.071046,1,1.9593,1,1.2158782391348,-.405967355289704,-.070941137421028,.76997334569475,.580419860460118,.265958029697003,.000417444620449106,.244666784644148,.00227590914835396,.250085019871671,.234273388413938
P15,26.472952,SO,100,1,5678.391113,8024.977051,-113.282143,-.011597,-.602504,27.7777,4.7,1.5,"{""type"":""M"",""msg"":""FADE0"",""time"":26.4484,""dist"":0.536045}",4.555021,6.055021,0,13.9,21.4,.367698,13.9,1.5,.004354,-.011597,-.007243,-.00996732608695652,.00107318297195974,-.602504,.367698,.0700925434782608,.287227368255704, , ,.367698, ,1.56744, , ,1.9593,0,-.333292316000215,-.650705704203102,-.070941137421028, , ,-.00799956166785386,.00193325552863473,.500104069200005,.00262019447513575,.223382595064725,.224962911509003
P15,26.97294,SO,100,2,5661.408691,7988.257813,-115.360817,-.011597,1.742499,27.7775,1.3,-1.320829,"{""type"":""M"",""msg"":""FADE0"",""time"":26.9545,""dist"":0.576614}",5.992944,4.672115,4.672115,22.8,30.5,.295236,22.8,-1.320829,.006225,-.013102,-.006877,-.0102673833333333,.00162619081887045,-1.839659,1.828282,-.373257166666667,.754295921760225,4.555021,-.602504,.295236,-.602504,2.241,.602504,1,2.80125,1,.276548795427633,-.824133710800195,.402721754344512,-.135002124618534,-.324213543088573,.967289463591036,.00193325552863473,.500104069200005,.00262019447513575,.223382595064725,.224962911509003
P15,25.775692,SO,100,3,5677.848633,8021.776367,-112.910217,-.010905,.112323,27.7777,7.9,4.5,"{""type"":""M"",""msg"":""FADE0"",""time"":25.6884,""dist"":0.537463}",4.671331,9.171331,0,7,12.6,.505019,7,4.5,.004882,-.011108,-.006226,-.00925040425531915,.00133600453428634,.112323,.54117,.423578638297872,.122974461556477,5.992944,1.742499,.505019,1.742499,1.75752,1.742499,1,2.1969,0,-.283963791684119,-.259894303255687,.0627274926442873,2.06686560822034,.286226107882909,-.764122513834858,.00193325552863473,.500104069200005,.00262019447513575,.223382595064725,.224962911509003
P15,27.281467,SO,100,4,5660.830078,7985.232422,-115.101852,-.009237,-1.318177,27.7775,3.4,-.302162,"{""type"":""M"",""msg"":""FADE0"",""time"":27.2749,""dist"":0.579912}",6.111826,5.809664,5.809664,9.2,15.6,.35067,9.2,-.302162,.006062,-.012939,-.006877,-.0100110655737705,.00175475377065514,-1.318177,.389248,-.12484768852459,.531962167174902,4.671331,.112323,.35067,.112323,2.18232,.112323,1,2.7279,1,.326968137081369,-.681475529060788,.36145662801753,-1.08177270444625,-.274836604403752,-.523039833433785,.00193325552863473,.500104069200005,.00262019447513575,.223382595064725,.224962911509003
P15,28.175472,SO,100,5,5654.942383,7967.955566,-114.84671,-.014445,.348767,27.7772,6.5,4.2,"{""type"":""M"",""msg"":""FADE0"",""time"":28.0908,""dist"":0.596042}",6.689131,10.889131,0,20.8,15.2,.539094,15.2,4.2,.009237,-.014445,-.005208,-.00890497014925373,.00198001147815887,.348767,.656458,.558813402985075,.0722173743602373,6.111826,-1.318177,.539094,-1.318177,3.32532,1.318177,1,4.15665,0,.571810401119745,-.0444677813283203,1.16524053039892,1.24729980298992,.336694934507695,.134458385841872,.00193325552863473,.500104069200005,.00262019447513575,.223382595064725,.224962911509003
P15,28.365454,SO,100,6,5649.377441,7957.605469,-115.185463,-.009766,-.413095,27.7777,9.5,4.1,"{""type"":""M"",""msg"":""FADE0"",""time"":28.2649,""dist"":0.607308}",7.187107,11.287107,0,7.7,11.9,.140117,7.7,4.1,.006062,-.011108,-.005046,-.00847144444444444,.00199948052330281,-.413095,.206121,.0066601111111111,.185044154957413,6.689131,.348767,.140117,.348767,2.18232,.348767,1,2.7279,0,.783008245026821,.00544174567748105,.36145662801753,-.625087881948468,.581777503396357,-.687414388252699,.00193325552863473,.500104069200005,.00262019447513575,.223382595064725,.224962911509003
P15,30.88652,SO,100,7,5623.47998,7905.673828,-117.886627,-.011434,-1.144895,27.7774,4,0,"{""type"":""M"",""msg"":""FADE0"",""time"":30.7938,""dist"":0.665552}",9.232442,9.232442,9.232442,10.6,15.2,.397499,10.6,0,.006388,-.011434,-.005046,-.00862807608695652,.00209772384879314,-1.144895,.397499,-.121241086956522,.414164931200058,7.187107,-.413095,.397499,-.413095,2.29968,.413095,1,2.8746,1,1.65046037538587,-.252230471504899,.443986880671493,-.500840190056785,.793182631231558,-.369623582269465,.00193325552863473,.500104069200005,.00262019447513575,.223382595064725,.224962911509003
P15,27.841433,SO,100,8,5655.042969,7974.51709,-116.036835,-.009928,1.472201,27.7778,.7,-1.515599,"{""type"":""M"",""msg"":""FADE0"",""time"":27.7775,""dist"":0.590536}",6.578427,5.062828,5.062828,7.2,12.1,.146069,7.2,-1.515599,.008219,-.014282,-.006063,-.010703196969697,.00244283030815737,-1.846878,1.821582,-.200886303030303,.834680914328177,9.232442,-1.144895,.146069,-1.144895,2.95884,1.144895,1,3.69855,1,.524859451451711,-.77513502488693,.907523361068449,.912610576737359,1.66148613810902,-.74220590652567,.00193325552863473,.500104069200005,.00262019447513575,.223382595064725,.224962911509003
P15,28.794497,SO,100,9,5643.256836,7942.956543,-115.238747,-.006063,.250457,27.778,7,11.7,"{""type"":""M"",""msg"":""FADE0"",""time"":28.7629,""dist"":0.62509}",7.69298,14.69298,0,9.2,13.9,.359984,9.2,7,.006714,-.011434,-.00472,-.00764237662337662,.00250270251317378,.098147,.359984,.247287649350649,.0812446637069923,6.578427,1.472201,.359984,1.472201,2.41704,1.472201,1,3.0213,0,.997555305308449,.432566774502912,.526517133325457,1.54479275311933,.534780472873063,-.523039833433785,.00193325552863473,.500104069200005,.00262019447513575,.223382595064725,.224962911509003
P15,32.017025,SO,100,10,5608.458008,7864.759277,-116.887192,-.007894,.811101,27.7775,-6.276976,-2.83629,"{""type"":""M"",""msg"":""FADE0"",""time"":31.9771,""dist"":0.710516}",10.832378,4.555402,4.555402,4.6,7.7,.140594,4.6,-6.276976,.009887,-.011922,-.002035,-.00747453703703704,.00370290316622357,-1.866557,1.822992,.275500138888889,.931720583284971,7.69298,.250457,.140594,.250457,3.55932,.250457,1,4.44915,1,2.3290132244977,-.838770499514661,1.32979471513842,-.814970834781937,1.00794026259005,-1.02712180154512,.00193325552863473,.500104069200005,.00262019447513575,.223382595064725,.224962911509003
P15,27.197826,SO,100,11,5664.21582,7989.182129,-113.93573,-.010254,.22279,27.7772,10.1,6.1,"{""type"":""M"",""msg"":""FADE0"",""time"":27.109,""dist"":0.572757}",5.897102,11.997102,0,9,14.9,.296445,9,6.1,.006226,-.011434,-.005208,-.00870281355932203,.00188400894531312,.22279,.398571,.337720830508475,.0386259886917999,10.832378,.811101,.296445,.811101,2.24136,.811101,1,2.8017,0,.235901005663183,.0944810712309915,.402974914628726,.267897013945223,2.34070496513711,-.544956440742973,.00193325552863473,.500104069200005,.00262019447513575,.223382595064725,.224962911509003
P15,27.481733,SO,100,12,5657.8125,7977.60791,-114.745033,-.009766,-.985798,27.7776,5.9,.6,"{""type"":""M"",""msg"":""FADE0"",""time"":27.4646,""dist"":0.587859}",6.382572,6.982572,0,1000000,29,.346317,29,.6,.006348,-.010905,-.004557,-.009323734375,.00207183438574955,-.985798,.409837,-.073654640625,.448731568811586,5.897102,.22279,.346317,.22279,2.28528,.22279,1,2.8566,0,.441794898705353,-.534383032273745,.433860469302909,-.868408853864874,.245538423613023,1.64670429017588,.00193325552863473,.500104069200005,.00262019447513575,.223382595064725,.224962911509003
P15,28.073357,SO,100,13,5655.326172,7968.649902,-114.816513,-.008911,.412972,27.7777,14.3,8.3,"{""type"":""M"",""msg"":""FADE0"",""time"":27.9893,""dist"":0.595269}",6.69697,14.99697,0,31.2,24,.435785,24,8.3,.006714,-.011597,-.004883,-.00911210447761194,.00188258326013573,.412972,.817396,.64715752238806,.114986857410586,6.382572,-.985798,.435785,-.985798,2.41704,.985798,1,3.0213,0,.575135018969577,.470689669135989,.526517133325457,.605319272221578,.451634394925204,1.09878910744617,.00193325552863473,.500104069200005,.00262019447513575,.223382595064725,.224962911509003
P15,31.741865,SO,100,14,5604.790527,7872.400391,-119.09584,-.006551,1.412825,27.7782,1.4,-2.428846,"{""type"":""M"",""msg"":""FADE0"",""time"":31.6592,""dist"":0.703909}",10.642969,8.214123,8.214123,8.4,13.9,.264151,8.4,-2.428846,.007365,-.012248,-.004883,-.00876644339622642,.00272479332927136,-1.851647,1.841385,-.172897235849057,.846533033152906,6.69697,.412972,.264151,.412972,2.6514,.412972,1,3.31425,1,2.24868250089537,-.37993621162747,.69132447834917,-.501077761038359,.585105384252262,-.610706262670539,.00193325552863473,.500104069200005,.00262019447513575,.223382595064725,.224962911509003
P15,29.993668,SO,100,15,5628.443848,7916.567383,-117.286522,-.006388,-1.585443,27.7783,22.5,-.911581,"{""type"":""M"",""msg"":""FADE0"",""time"":29.8975,""dist"":0.653433}",8.750288,7.838707,7.838707,14.4,10.5,.336454,10.5,-.911581,.008382,-.013102,-.00472,-.00912211494252874,.00313190395478269,-1.585443,.390818,-.274074344827586,.545956501944615,10.642969,1.412825,.336454,1.412825,3.01752,1.412825,1,3.7719,1,1.44597283937777,-.427016525491648,.948788487395431,1.43010970757523,2.26029539949913,-.380581885924059,.00193325552863473,.500104069200005,.00262019447513575,.223382595064725,.224962911509003
P15,28.099489,SO,100,16,5650.66748,7957.223145,-115.389534,-.010254,.914067,27.7781,10.5,7.1,"{""type"":""M"",""msg"":""FADE0"",""time"":28.0877,""dist"":0.609622}",7.104124,3.54929,3.54929,4,7.6,.133774,4,7.1,.005371,-.010579,-.005208,-.00968015492957747,.000930737827868488,.133774,1.228018,.921727309859155,.319337864629638,8.750288,-1.585443,.133774,-1.585443,1.93356,1.585443,1,2.41695,1,.747814117838079,-.964945379494511,.186522871625233,1.76351643682157,1.45679790412534,-1.09287162347269,.00193325552863473,.500104069200005,.00262019447513575,.223382595064725,.224962911509003
P15,28.38859,SO,100,17,5651.325195,7958.662109,-114.992081,-.008911,.916623,27.7777,19.8,13.1,"{""type"":""M"",""msg"":""FADE0"",""time"":28.3815,""dist"":0.608181}",6.988602,20.088602,0,1000000,34.1,.561452,34.1,13.1,.000163,-.008911,-.008748,-.00890168571428572,3.81079864797442E-05,.561452,1.068404,.938559114285714,.140708856175504,7.104124,.914067,.561452,.914067,.05868,.914067,1,.07335,0,.698819794168197,1.10922300985905,-1.13193588856447,.466772897593387,.757953962132749,2.20557777656019,.00193325552863473,.500104069200005,.00262019447513575,.223382595064725,.224962911509003
P15,30.739347,SO,100,18,5620.512207,7898.34082,-118.15863,-.009562,-.462539,27.7778,6.5,2.3,"{""type"":""M"",""msg"":""FADE0"",""time"":30.644,""dist"":0.673443}",9.529155,11.829155,0,4.6,8.6,.341156,4.6,2.3,.00472,-.009766,-.005046,-.00921015789473684,.000796202092861085,-.462539,.83726,.511078968421053,.342865259508109,6.988602,.916623,.341156,.916623,1.6992,.916623,1,2.124,0,1.77630006617258,.0734191093738863,.0217155266015202,.471709738478773,.708911552101386,-1.02712180154512,.00193325552863473,.500104069200005,.00262019447513575,.223382595064725,.224962911509003
P15,29.350451,SO,100,19,5636.465332,7929.824707,-116.416298,-.008911,-.216254,27.7778,11.6,5.1,"{""type"":""M"",""msg"":""FADE0"",""time"":29.2908,""dist"":0.639096}",8.220284,13.320284,0,10.2,17.6,.305297,10.2,5.1,.005045,-.009928,-.004883,-.00870907317073171,.00112884608165216,-.216254,.46359,.276782134146342,.193613306373001,9.529155,-.462539,.305297,-.462539,1.8162,.462539,1,2.27025,0,1.22119152047459,.260419187505817,.103992618971269,-.405340518406922,1.78744933652694,-.413456796887842,.00193325552863473,.500104069200005,.00262019447513575,.223382595064725,.224962911509003
P15,29.460527,SO,100,20,5628.45166,7922.183594,-118.161774,-.009766,-.33919,27.7777,-1.726554,-3.652763,"{""type"":""M"",""msg"":""FADE0"",""time"":29.365,""dist"":0.648325}",8.617227,4.964464,4.964464,13.7,9.5,.28086,9.5,-3.652763,.005371,-.012614,-.007243,-.0100286395348837,.00126667948416128,-1.870332,1.801301,.00284720930232566,.835968345308616,8.220284,-.216254,.28086,-.216254,1.93356,.216254,1,2.41695,1,1.38954000665466,-.787470695164531,.186522871625233,-.881032950901997,1.23179596954784,-.490164922470002,.00193325552863473,.500104069200005,.00262019447513575,.223382595064725,.224962911509003
P15,29.23769,SO,100,21,5637.753418,7933.237305,-116.410507,-.008911,-.543324,27.7776,9.1,2.9,"{""type"":""M"",""msg"":""FADE0"",""time"":29.2312,""dist"":0.636918}",8.148697,11.048697,0,4.1,7.1,.175242,4.1,2.9,.008423,-.011271,-.002848,-.00896483950617284,.00215495017028695,-.543324,.434279,.168321962962963,.286164531128093,8.617227,-.33919,.175242,-.33919,3.03228,.33919,1,3.79035,0,1.19083057928109,-.0244568671369929,.95916805904823,-.643585583497508,1.40030968438206,-1.08191331981809,.00193325552863473,.500104069200005,.00262019447513575,.223382595064725,.224962911509003
P15,30.386883,SO,100,22,5626.793945,7913.453125,-116.89595,-.008219,-1.664495,27.7777,10.1,-2.025786,"{""type"":""M"",""msg"":""FADE0"",""time"":30.3822,""dist"":0.659483}",8.903099,6.877313,6.877313,13,21.7,.46331,13,-2.025786,.00769,-.010905,-.003215,-.00833420224719101,.00241522767221462,-1.664495,.46331,-.447924370786517,.70670387759937,8.148697,-.543324,.46331,-.543324,2.7684,.543324,1,3.4605,1,1.51078189388096,-.547583393358593,.773601570718919,-.249306601769228,1.20140523006172,-.106624294559202,.00193325552863473,.500104069200005,.00262019447513575,.223382595064725,.224962911509003
P15,29.831675,SO,100,23,5637.457031,7933.460449,-116.459274,-.008219,-.908221,27.7776,9,1.1,"{""type"":""M"",""msg"":""FADE0"",""time"":29.796,""dist"":0.636011}",8.109608,9.209608,0,11.6,19.8,.303049,11.6,1.1,.004882,-.011108,-.006226,-.00888056790123457,.00124102896761389,-.908221,.411898,.0712911111111112,.407163236196614,8.903099,-1.664495,.303049,-1.664495,1.75752,1.664495,1,2.1969,0,1.17425244595643,-.255094046543721,.0627274926442873,1.91620311353189,1.52167056664246,-.260040545723522,.00193325552863473,.500104069200005,.00262019447513575,.223382595064725,.224962911509003
P15,30.647444,SO,100,24,5621.782715,7903.54834,-118.445381,-.011271,-1.706776,27.7777,2.1,-1.010552,"{""type"":""M"",""msg"":""FADE0"",""time"":30.6149,""dist"":0.669838}",9.344389,8.333837,8.333837,19.1,14.6,.382035,14.6,-1.010552,.010254,-.014282,-.004028,-.00973710752688172,.00323123460542079,-1.706776,.52096,-.163726279569893,.692535168609184,8.109608,-.908221,.382035,-.908221,3.69144,.908221,1,4.6143,1,1.69793849688543,-.364923072352809,1.42270453944519,.455481515818751,1.18481082582949,.0687085639143059,.00193325552863473,.500104069200005,.00262019447513575,.223382595064725,.224962911509003
P15,30.170053,SO,100,25,5627.104492,7908.14209,-115.947556,0,1.014622,27.7784,.3,1.9,"{""type"":""M"",""msg"":""FADE0"",""time"":30.1265,""dist"":0.663152}",9.050569,9.350569,0,4.7,7.8,.34526,4.7,.3,.01123,-.010742,.000488,-.00719845555555556,.00342005889679594,.216269,1.014622,.446862144444444,.214082925100813,9.344389,-1.706776,.34526,-1.706776,4.0428,1.706776,1,5.0535,0,1.57332576354733,-.237416355335546,1.66978897683865,1.99786765558002,1.70901085786613,-1.01616349789053,.00193325552863473,.500104069200005,.00262019447513575,.223382595064725,.224962911509003
P15,28.140804,SO,100,26,5650.137695,7960.476074,-115.420906,-.009399,-.928482,27.7775,6.5,.9,"{""type"":""M"",""msg"":""FADE0"",""time"":28.0431,""dist"":0.604415}",7.092706,7.992706,0,12,18.5,.475794,12,.9,.006348,-.010905,-.004557,-.00872316901408451,.00199131509299698,-.928482,.475794,-.0816090704225352,.4409878643284,9.050569,1.014622,.475794,1.014622,2.28528,1.014622,1,2.8566,0,.742971601367946,-.407703759773699,.433860469302909,.660992003708425,1.58427582111629,-.216207331105145,.00193325552863473,.500104069200005,.00262019447513575,.223382595064725,.224962911509003
P15,28.135433,SO,100,27,5651.189453,7963.965332,-115.686058,-.008057,-1.431214,27.7785,4.1,-.508032,"{""type"":""M"",""msg"":""FADE0"",""time"":28.0426,""dist"":0.600953}",6.93671,6.428678,6.428678,6.9,11.3,.373297,6.9,-.508032,.0094,-.013957,-.004557,-.00931272463768116,.00270838482301373,-1.431214,.373297,-.18536447826087,.526666789554269,7.092706,-.928482,.373297,-.928482,3.384,.928482,1,4.23,1,.676811748567553,-.60384598368627,1.20650565672591,.494615057750995,.7531066928876,-.775080817489453,.00193325552863473,.500104069200005,.00262019447513575,.223382595064725,.224962911509003
P15,27.721563,SO,100,28,5654.78125,7967.944336,-114.615364,-.010091,.211573,27.7781,11.5,7.1,"{""type"":""M"",""msg"":""FADE0"",""time"":27.6823,""dist"":0.597329}",6.726379,13.826379,0,17.1,11.7,.276949,11.7,7.1,.006022,-.010905,-.004883,-.00844598507462687,.00226944733956234,.211573,.461479,.365529417910448,.0658192850403029,6.93671,-1.431214,.276949,-1.431214,2.16792,1.431214,1,2.7099,0,.587607743340757,.323887743574528,.351330216648945,1.46562753505621,.686881906307966,-.249082242068928,.00193325552863473,.500104069200005,.00262019447513575,.223382595064725,.224962911509003
P15,28.992172,SO,100,29,5642.089844,7940.75293,-115.689468,-.008911,.13283,27.7775,17.2,9.6,"{""type"":""M"",""msg"":""FADE0"",""time"":28.9168,""dist"":0.626392}",7.791609,17.391609,0,22.3,15.6,.516645,15.6,9.6,.009725,-.012085,-.00236,-.00834564102564102,.00271285202383582,.125666,.52135,.326786576923077,.138200092413422,6.726379,.211573,.516645,.211573,3.501,.211573,1,4.37625,0,1.03938509659701,.770997476239043,1.28878274909566,-.890074168501565,.597590350203443,.178291600460249,.00193325552863473,.500104069200005,.00262019447513575,.223382595064725,.224962911509003
P15,32.5056,SO,100,30,5598.724609,7859.09375,-119.389793,-.011759,-1.318337,27.7772,4.5,-1.11372,"{""type"":""M"",""msg"":""FADE0"",""time"":32.4502,""dist"":0.719326}",11.172312,10.058592,10.058592,5.8,9.6,.290876,5.8,-1.11372,.010091,-.012939,-.002848,-.00855188288288288,.00309565163572958,-1.318337,.411139,-.274228333333333,.54668038708239,7.791609,.13283,.290876,.13283,3.63276,.13283,1,4.54095,1,2.47318348143921,-.14862433511516,1.3814394131182,-1.04216402055086,1.04981110848073,-.89562215768999,.00193325552863473,.500104069200005,.00262019447513575,.223382595064725,.224962911509003
P15,31.40753,SO,100,31,5601.491699,7881.116211,-122.51815,-.013102,-3.423369,27.7635,-4.161625,-5.68006,"{""type"":""M"",""msg"":""FADE0"",""time"":31.3566,""dist"":0.698528}",10.434876,4.754816,4.754816,3.5,7.2,.310249,3.5,-5.68006,.009928,-.014974,-.005046,-.0119253076923077,.00176095739668794,-3.423369,1.827538,-.270593298076923,1.09640874978149,11.172312,-1.318337,.310249,-1.318337,3.57408,1.318337,1,4.4676,1,2.16042765943281,-.813762312040203,1.34017428679122,1.2476088384131,2.48501672057418,-1.14766314174566,.00193325552863473,.500104069200005,.00262019447513575,.223382595064725,.224962911509003
P15,30.098186,SO,100,32,5629.999023,7905.389648,-114.108597,.000326,1.123829,27.7786,-5.391834,-3.139772,"{""type"":""M"",""msg"":""FADE0"",""time"":30.0641,""dist"":0.664875}",9.129646,3.737812,3.737812,3.8,9.1,.42758,3.8,-5.391834,.01477,-.014282,.000488,-.00668213186813187,.00486533149540659,-1.838419,1.835855,.301357373626373,.927503313525613,10.434876,-3.423369,.42758,-3.423369,5.3172,3.423369,1,6.6465,1,1.60686330732984,-.941303140137897,2.56597638295837,5.31341793178043,2.17195393873272,-1.11478823078188,.00193325552863473,.500104069200005,.00262019447513575,.223382595064725,.224962911509003
P15,27.968435,SO,100,33,5653.305176,7965.261719,-114.964661,-.006877,-.029867,27.7778,19,23.3,"{""type"":""M"",""msg"":""FADE0"",""time"":27.9461,""dist"":0.600893}",6.784866,25.784866,0,7.5,12.8,.362966,7.5,19,.004883,-.010417,-.005534,-.00865264705882353,.00167600215299888,-.029867,.433158,.291668823529412,.117474295001323,9.129646,1.123829,.362966,1.123829,1.75788,1.123829,1,2.19735,0,.61241281084721,1.82358227257885,.062980652928502,.871922200332213,1.61784628092524,-.709330995561887,.00193325552863473,.500104069200005,.00262019447513575,.223382595064725,.224962911509003
P15,28.678507,SO,100,34,5647.580078,7951.177246,-115.268082,-.007039,.661984,27.7782,12.8,19.2,"{""type"":""M"",""msg"":""FADE0"",""time"":28.5932,""dist"":0.614368}",7.405373,20.205373,0,12.2,16.4,.39297,12.2,12.8,.008056,-.011271,-.003215,-.00759205405405405,.00255250091109636,.212474,.848316,.553791243243243,.232705129950331,6.784866,-.029867,.39297,-.029867,2.90016,.029867,1,3.6252,0,.875577582902987,1.12386707225979,.866258234741467,-1.24103410978483,.622419763090204,-.194290723795957,.00193325552863473,.500104069200005,.00262019447513575,.223382595064725,.224962911509003
P15,28.592598,SO,100,35,5641.046387,7943.026855,-116.869324,-.011597,-1.808679,27.7778,1.9,-1.113609,"{""type"":""M"",""msg"":""FADE0"",""time"":28.5821,""dist"":0.626462}",7.706602,6.592993,6.592993,16,10.7,.362973,10.7,-1.113609,.006714,-.011597,-.004883,-.00961885714285714,.00152225301958613,-1.808679,.362973,-.369642428571429,.629135775268855,7.405373,.661984,.362973,.661984,2.41704,.661984,1,3.0213,1,1.00333256571799,-.583239505079625,.526517133325457,-.0201182060493684,.885842822951797,-.358665278614871,.00193325552863473,.500104069200005,.00262019447513575,.223382595064725,.224962911509003
P15,29.936768,SO,100,36,5633.531738,7920.071289,-115.7686,-.00472,1.447698,27.778,-1.520604,5,"{""type"":""M"",""msg"":""FADE0"",""time"":29.8915,""dist"":0.649562}",8.619578,7.098974,7.098974,35.7,26.3,.256418,26.3,-1.520604,.006388,-.010579,-.004191,-.00792277906976744,.00219507464378596,.256418,1.447698,.789961476744186,.32244167971248,7.706602,-1.808679,.256418,-1.808679,2.29968,1.808679,1,2.8746,1,1.39053709513087,-.519785245566684,.443986880671493,2.1946903851354,1.01372319319588,1.35083009150184,.00193325552863473,.500104069200005,.00262019447513575,.223382595064725,.224962911509003
P15,29.819506,SO,100,37,5636.504883,7921.916016,-114.333298,-.003866,-.421135,27.7787,-3.963883,-.917622,"{""type"":""M"",""msg"":""FADE0"",""time"":29.7254,""dist"":0.645391}",8.532172,4.568289,4.568289,5.6,9,.213526,5.6,-3.963883,.007894,-.010417,-.002523,-.0065195294117647,.00288275467048378,-1.846787,1.840846,.28340474117647,.98522701172262,8.619578,1.447698,.213526,1.447698,2.84184,1.447698,1,3.5523,1,1.35346711837588,-.837154361670862,.8252462686987,1.49746590952988,1.40130775146871,-.917538764999178,.00193325552863473,.500104069200005,.00262019447513575,.223382595064725,.224962911509003
P15,29.792997,SO,100,38,5629.852051,7916.862793,-118.336227,-.011597,-.476694,27.7778,3.6,1.2,"{""type"":""M"",""msg"":""FADE0"",""time"":29.6959,""dist"":0.652789}",8.838241,1.423282,1.423282,2.7,10.8,.257961,2.7,1.2,.001831,-.011597,-.009766,-.0115405568181818,.000253842509684829,-.476694,1.687881,1.074076875,.582522465927238,8.532172,-.421135,.257961,-.421135,.65916,.421135,1,.82395,1,1.48327480566763,-1.23156460701212,-.709664534494495,-.48531116004172,1.36420139171731,-1.23532957098241,.00193325552863473,.500104069200005,.00262019447513575,.223382595064725,.224962911509003
P15,28.327148,SO,100,39,5644.587891,7955.842285,-118.55954,-.01359,-.33344,27.7777,-.912916,-2.023784,"{""type"":""M"",""msg"":""FADE0"",""time"":28.2801,""dist"":0.612469}",7.215868,5.192084,5.192084,2.4,5.1,.362004,2.4,-2.023784,.012084,-.01359,-.001506,-.0131249305555556,.00175980628196377,-1.784468,1.836249,.252396597222222,.782187550830122,8.838241,-.476694,.362004,-.476694,4.35024,.476694,1,5.4378,1,.795206144501116,-.75892523881274,1.88598785955793,-.378000540811991,1.49413648110192,-1.26820448194619,.00193325552863473,.500104069200005,.00262019447513575,.223382595064725,.224962911509003
P15,29.014725,SO,100,40,5640.288086,7935.48291,-116.418762,-.010417,.766379,27.7778,9.3,6,"{""type"":""M"",""msg"":""FADE0"",""time"":29.0015,""dist"":0.633536}",8.032717,3.25938,3.25938,7.4,34.9,.107175,7.4,6,.001343,-.010417,-.009074,-.0098823375,.000469523592207293,.107175,1.282219,.9626035375,.32471269923847,7.215868,-.33344,.107175,-.33344,.48348,.33344,1,.60435,1,1.14164201208841,-1.00130252408175,-.833206753191226,-.654691544018233,.805392502554008,-.720289299216481,.00193325552863473,.500104069200005,.00262019447513575,.223382595064725,.224962911509003
P15,29.082933,SO,100,41,5642.420898,7936.186035,-115.139366,-.009399,-1.339667,27.7777,-4.967256,29.4,"{""type"":""M"",""msg"":""FADE0"",""time"":29.0299,""dist"":0.630963}",8.019054,3.051798,3.051798,5.2,11.4,.189986,5.2,-4.967256,.002522,-.009399,-.006877,-.0086230125,.000724190853468086,-1.862188,1.857572,.41464205,1.24012003002825,8.032717,.766379,.189986,.766379,.90792,.766379,1,1.1349,1,1.13584736306657,-1.02733504723621,-.534730778102198,.181517750222119,1.15216838586376,-.961371979617555,.00193325552863473,.500104069200005,.00262019447513575,.223382595064725,.224962911509003
P15,28.916603,SO,100,42,5643.513672,7937.968262,-114.728516,-.008057,-1.115377,27.778,-4.997764,0,"{""type"":""M"",""msg"":""FADE0"",""time"":28.8814,""dist"":0.629639}",7.828524,2.83076,2.83076,5.5,12.5,.340921,5.5,-4.997764,.00118,-.008586,-.007406,-.00811288461538462,.000341469854947932,-1.852062,1.867589,.407539602564103,1.23153081603188,8.019054,-1.339667,.340921,-1.339667,.4248,1.339667,1,.531,1,1.05504120935712,-1.05505506560493,-.874471879518208,1.2888071232665,1.14636804957925,-.928497068653772,.00193325552863473,.500104069200005,.00262019447513575,.223382595064725,.224962911509003
P15,29.640209,SO,100,43,5634.157227,7927.144043,-117.589737,-.010417,-1.141343,27.7779,3.2,0,"{""type"":""M"",""msg"":""FADE0"",""time"":29.6188,""dist"":0.643579}",8.344547,8.344547,8.344547,22.1,18.3,.415422,18.3,0,.000814,-.010905,-.010091,-.0104933614457831,.000171010025259771,-1.141343,.973965,.430300072289157,.591957197499641,7.828524,-1.115377,.415422,-1.115377,.29304,1.115377,1,.3663,1,1.27389301146497,-.363579948560842,-.967128543540756,.855597404102445,1.06548258721472,.474165799134294,.00193325552863473,.500104069200005,.00262019447513575,.223382595064725,.224962911509003
P15,29.89546,SO,100,44,5626.87793,7914.605469,-118.652412,-.010905,1.611214,27.778,.9,-1.019701,"{""type"":""M"",""msg"":""FADE0"",""time"":29.8504,""dist"":0.657446}",8.910604,7.890903,7.890903,18.5,15.2,.461335,15.2,-1.019701,.000163,-.010905,-.010742,-.0109031685393258,1.72779654441037E-05,-1.835203,1.815703,.359916078651685,.843565635152589,8.344547,-1.141343,.461335,-1.141343,.05868,1.141343,1,.07335,1,1.5139648581574,-.420470709483661,-1.13193588856447,.905749990342643,1.28454918536584,.134458385841872,.00193325552863473,.500104069200005,.00262019447513575,.223382595064725,.224962911509003
P15,29.30699,SO,100,45,5635.827637,7928.220703,-116.800995,-.009237,-.096143,27.7781,8.6,3.9,"{""type"":""M"",""msg"":""FADE0"",""time"":29.222,""dist"":0.640093}",8.329941,12.229941,0,11.9,19.5,.339315,11.9,3.9,.003336,-.010579,-.007243,-.00892519277108434,.00129144777386855,-.096143,.594866,.42028665060241,.156069422972867,8.910604,1.611214,.339315,1.611214,1.20096,1.611214,1,1.5012,0,1.26769842436016,.123681033938551,-.328658306751503,1.81329238613976,1.52485665489652,-.227165634759739,.00193325552863473,.500104069200005,.00262019447513575,.223382595064725,.224962911509003
P15,29.465864,SO,100,46,5633.163086,7923.587402,-116.936981,-.011108,-.457559,27.7775,6.1,2.4,"{""type"":""M"",""msg"":""FADE0"",""time"":29.3683,""dist"":0.645084}",8.516441,10.916441,0,15.3,29.6,.589368,15.3,2.4,.006551,-.011597,-.005046,-.00895334117647059,.002340810968309,-.457559,.635636,.337926164705882,.329749331462438,8.329941,-.096143,.589368,-.096143,2.35836,.096143,1,2.94795,0,1.34679540471397,-.0410428783629946,.485252006998475,-1.11302391161587,1.27834851847193,.145416689496466,.00193325552863473,.500104069200005,.00262019447513575,.223382595064725,.224962911509003
P15,29.112606,SO,100,47,5638.005371,7935.566406,-116.965324,-.009928,-1.337517,27.7781,3.4,-.303278,"{""type"":""M"",""msg"":""FADE0"",""time"":29.0331,""dist"":0.632649}",8.0263,7.723022,7.723022,18.7,30.6,.223049,18.7,-.303278,.006388,-.011759,-.005371,-.009521375,.00187999857510719,-1.337517,.252066,-.20284225,.426514809189329,8.516441,-.457559,.223049,-.457559,2.29968,.457559,1,2.8746,1,1.13892048220675,-.441524394387426,.443986880671493,-.414959245953567,1.35752312998186,.517999013752671,.00193325552863473,.500104069200005,.00262019447513575,.223382595064725,.224962911509003
P15,29.414827,SO,100,48,5632.510742,7923.85498,-117.040123,-.009074,-1.163236,27.7778,5.3,-.101965,"{""type"":""M"",""msg"":""FADE0"",""time"":29.3709,""dist"":0.646571}",8.515609,8.413644,8.413644,7.2,11.5,.184014,7.2,-.101965,.00822,-.012777,-.004557,-.00893123529411765,.00261590185052816,-1.163236,.252825,-.0958159529411765,.393333373596353,8.0263,-1.337517,.184014,-1.337517,2.9592,1.337517,1,3.699,1,1.34644254311797,-.354914605455931,.907776521352663,1.28465445976745,1.14944418488757,-.74220590652567,.00193325552863473,.500104069200005,.00262019447513575,.223382595064725,.224962911509003
P15,28.685865,SO,100,49,5641.216309,7946.442871,-117.674126,-.010254,.617697,27.7784,-.404367,-2.225502,"{""type"":""M"",""msg"":""FADE0"",""time"":28.6836,""dist"":0.623526}",7.700018,5.474516,5.474516,21.3,16.3,.211206,16.3,-2.225502,.010905,-.014445,-.00354,-.0111703506493506,.00247910394872525,-1.844482,1.812084,-.0753892467532467,.849202754651062,8.515609,-1.163236,.211206,-1.163236,3.9258,1.163236,1,4.90725,1,1.00054020904963,-.723505898120581,1.5875118844689,.948035693591378,1.35716992206348,.254999726042409,.00193325552863473,.500104069200005,.00262019447513575,.223382595064725,.224962911509003
P15,31.919453,SO,100,50,5610.724609,7862.467285,-115.376442,-.008423,1.67501,27.772,-6.267557,-4.240761,"{""type"":""M"",""msg"":""FADE0"",""time"":31.8974,""dist"":0.712149}",10.84142,4.573863,4.573863,15.7,11,.119434,11,-6.267557,.010743,-.011597,-.000854,-.00645997222222222,.0032518854328497,-1.788042,2.323238,.51665962037037,.874977138812922,7.700018,.617697,.119434,.617697,3.86748,.617697,1,4.83435,1,2.33284804967925,-.836455335338795,1.54649991842613,-.105657279715687,1.01092809591877,-.325790367651088,.00193325552863473,.500104069200005,.00262019447513575,.223382595064725,.224962911509003
P16,25.947462,SO,100,1,5690.557617,8052.671875,-110.673973,-.006551,.556761,27.7779,4.3,10.3,"{""type"":""M"",""msg"":""FADE0"",""time"":25.8928,""dist"":0.504956}",3.447428,7.747428,0,43.7,50.2,.262927,43.7,4.3,.001668,-.008219,-.006551,-.00728105714285714,.000686760808726999,.262927,.556761,.366933257142857,.0833065999822847, , ,.262927, ,.60048, , ,.7506,0,-.803036346890398,-.438463677369054,-.750929660821477, , ,3.25757492740124,.00152361419906796,.209569040378846,.00216838164226079,.200302739338222,.201533433328224
P16,26.245754,SO,100,2,5681.77832,8031.210938,-112.077415,-.008423,.221978,27.7777,30.3,14.7,"{""type"":""M"",""msg"":""FADE0"",""time"":26.2389,""dist"":0.529472}",4.361252,19.061252,0,30.6,20.5,.341432,20.5,14.7,.000163,-.008586,-.008423,-.00850079545454546,8.235701620623E-05,.221978,.36184,.322151386363636,.0419806401261985,3.447428,.556761,.341432,.556761,.05868,.556761,1,.07335,0,-.415472170081596,.980384706621144,-1.13193588856447,-.22335342063584,-.794418612719184,.715248479535368,.00152361419906796,.209569040378846,.00216838164226079,.200302739338222,.201533433328224
P16,26.942066,SO,100,3,5679.024902,8024.681152,-112.249527,-.008219,.115905,27.7779,41.5,45.9,"{""type"":""M"",""msg"":""FADE0"",""time"":26.9025,""dist"":0.535666}",4.553226,46.053226,0,45.9,51.5,.071229,45.9,41.5,.000366999999999999,-.008586,-.008219,-.00833513043478261,.000170417345060837,.071229,.141312,.119699195652174,.0200011983803411,4.361252,.221978,.071229,.221978,.13212,.221978,1,.16515,0,-.334053597929089,4.36540454523676,-1.08029119058469,-.86997720863754,-.406474054068015,3.49865760780231,.00152361419906796,.209569040378846,.00216838164226079,.200302739338222,.201533433328224
P16,28.073671,SO,100,4,5671.036621,8001.898438,-112.582382,-.007731,1.48723,27.7778,-1.921989,9.7,"{""type"":""M"",""msg"":""FADE0"",""time"":28.0076,""dist"":0.559126}",5.495292,3.573303,3.573303,5.1,11.4,.281056,5.1,-1.921989,.001994,-.009237,-.007243,-.00836365454545455,.000564003618920023,.281056,1.48723,.940893763636364,.341570888696511,4.553226,.115905,.281056,.115905,.71784,.115905,1,.8973,1,.0654883639690004,-.961933947971026,-.668399408167513,-1.07485417390968,-.324975572191309,-.97233028327215,.00152361419906796,.209569040378846,.00216838164226079,.200302739338222,.201533433328224
P16,25.460239,SO,100,5,5694.532227,8062.494629,-110.057938,-.006226,.78019,27.7781,2.1,7.5,"{""type"":""M"",""msg"":""FADE0"",""time"":25.4063,""dist"":0.494511}",3.057121,5.157121,0,9.9,7.3,-.019097,7.3,2.1,.007731,-.013957,-.006226,-.00857270967741936,.00223896462966775,-.019097,.78019,.396484451612903,.227223798234375,5.495292,1.48723,.019097,1.48723,2.78316,1.48723,1,3.47895,0,-.968570422552355,-.763309892140337,.783981142371718,1.57382083671341,.074958527362075,-.731247602871076,.00152361419906796,.209569040378846,.00216838164226079,.200302739338222,.201533433328224
P16,25.320871,SO,100,6,5695.855469,8067.447754,-110.423065,-.007894,.268307,27.7778,20.1,30.3,"{""type"":""M"",""msg"":""FADE0"",""time"":25.2675,""dist"":0.489395}",2.935953,23.035953,0,15,10.8,.046176,10.8,20.1,.002686,-.010417,-.007731,-.00896533333333333,.00106627994426428,.046176,.268307,.1941754,.0617979265496382,3.057121,.78019,.046176,.78019,.96696,.78019,1,1.2087,0,-1.01995928537011,1.47884553566482,-.493212491491001,.208193301657203,-.960115154781399,-.347706974960276,.00152361419906796,.209569040378846,.00216838164226079,.200302739338222,.201533433328224
P16,26.251808,SO,100,7,5687.273926,8046.429688,-111.846085,-.008911,-.269908,27.7778,11.1,4.8,"{""type"":""M"",""msg"":""FADE0"",""time"":26.2236,""dist"":0.512819}",3.759907,8.559907,0,16.5,11.1,.046357,11.1,4.8,.000650999999999999,-.009562,-.008911,-.00954486842105263,.000105606145156126,-.269908,.083514,-.0132385263157895,.107298321020777,2.935953,.268307,.046357,.268307,.23436,.268307,1,.29295,0,-.670510098504453,-.336571998996121,-1.00839366986774,-.780494070382818,-1.01155445412421,-.314832063996493,.00152361419906796,.209569040378846,.00216838164226079,.200302739338222,.201533433328224
P16,26.347122,SO,100,8,5688.142578,8050.254883,-112.514145,-.011759,-.860572,27.7779,3.8,.7,"{""type"":""M"",""msg"":""FADE0"",""time"":26.3262,""dist"":0.509158}",3.562406,4.262406,0,15,10.3,.202966,10.3,.7,.002523,-.012451,-.009928,-.0115456944444444,.000970551619866454,-.860572,.222721,-.122096944444444,.345552064017313,3.759907,-.269908,.202966,-.269908,.90828,.269908,1,1.13535,0,-.754272740417901,-.875514654374732,-.534477617817983,-.777401784679569,-.661762294059618,-.402498493233247,.00152361419906796,.209569040378846,.00216838164226079,.200302739338222,.201533433328224
P16,25.325653,SO,100,9,5697.518555,8069.45459,-109.157928,-.005371,1.149382,27.7779,0,3.9,"{""type"":""M"",""msg"":""FADE0"",""time"":25.2254,""dist"":0.485686}",2.834427,2.834427,2.834427,3.2,5.1,-.248546,3.2,0,.010579,-.009562,.001017,-.0066648275862069,.00205371167591345,-.248546,1.149382,.421789310344828,.417058636091335,3.562406,-.860572,.248546,-.860572,3.80844,.860572,1,4.76055,1,-1.06301773055724,-1.05459519306103,1.50498163181493,.363448835322749,-.745607146326756,-1.18053805270944,.00152361419906796,.209569040378846,.00216838164226079,.200302739338222,.201533433328224
P16,26.201748,SO,100,10,5684.083496,8039.70459,-112.320602,-.009562,-.788392,27.7777,6.7,1.5,"{""type"":""M"",""msg"":""FADE0"",""time"":26.1729,""dist"":0.520127}",3.948677,5.448677,0,16.4,9.6,-.073063,9.6,1.5,.000487999999999999,-.009562,-.009074,-.0094278,.000214431173585204,-.788392,-.073063,-.3282288,.218239380544674,2.834427,1.149382,.073063,1.149382,.17568,1.149382,1,.2196,0,-.59045038278655,-.726746325353135,-1.04965879619472,.921277088886313,-1.05465515979797,-.479206618815407,.00152361419906796,.209569040378846,.00216838164226079,.200302739338222,.201533433328224
P16,25.570841,SO,100,11,5691.757324,8055.62207,-110.068306,-.006877,.630477,27.7777,2.3,7.4,"{""type"":""M"",""msg"":""FADE0"",""time"":25.4765,""dist"":0.500731}",3.354572,5.654572,0,11.1,16.7,-.063035,11.1,2.3,.001669,-.006877,-.005208,-.00601629411764706,.000632575329298477,-.063035,.630477,.173622676470588,.209796988020486,3.948677,-.788392,.063035,-.788392,.60084,.788392,1,.75105,0,-.842417736744197,-.70092536614238,-.750676500537262,.224035230038243,-.58162400229164,-.314832063996493,.00152361419906796,.209569040378846,.00216838164226079,.200302739338222,.201533433328224
P16,26.188234,SO,100,12,5686.758789,8045.850586,-112.119148,-.008219,-.544354,27.7782,9.8,2.8,"{""type"":""M"",""msg"":""FADE0"",""time"":26.1614,""dist"":0.513581}",3.760954,6.560954,0,13.1,8.8,.311846,8.8,2.8,.002889,-.011108,-.008219,-.00965,.000849561158576686,-.544354,.311846,.00103102631578949,.272779862370937,3.354572,.630477,.311846,.630477,1.04004,.630477,1,1.30005,0,-.670066052721984,-.58725746429259,-.441820953795435,-.0809730752887551,-.833838654147416,-.566873048052162,.00152361419906796,.209569040378846,.00216838164226079,.200302739338222,.201533433328224
P16,25.36038,SO,100,13,5692.207031,8059.177734,-111.081734,-.006877,-.237857,27.7781,16.7,21.6,"{""type"":""M"",""msg"":""FADE0"",""time"":25.2804,""dist"":0.497677}",3.246672,19.946672,0,10.1,6.7,.180752,6.7,16.7,.004557,-.011434,-.006877,-.00869787878787879,.0015157251514864,-.237857,.180752,.00231784848484849,.141193468842649,3.760954,-.544354,.180752,-.544354,1.64052,.544354,1,2.05065,0,-.888179474975705,1.09142379792684,-.0195495997254616,-.247317186232472,-.661317812460418,-.796997424798641,.00152361419906796,.209569040378846,.00216838164226079,.200302739338222,.201533433328224
P16,26.556499,SO,100,14,5681.849121,8029.069824,-111.003479,-.006877,1.1086,27.7777,.1,5.6,"{""type"":""M"",""msg"":""FADE0"",""time"":26.4921,""dist"":0.529971}",4.364624,4.464624,0,10.1,14.9,-.177734,10.1,.1,.004231,-.009928,-.005697,-.00635804545454545,.00104244062804656,-.177734,1.1086,.290480840909091,.402558278904792,3.246672,-.237857,.177734,-.237857,1.52316,.237857,1,1.90395,0,-.4140420627478,-.850154821791714,-.102079852379425,-.839307374357786,-.879645306061199,-.424415100542436,.00152361419906796,.209569040378846,.00216838164226079,.200302739338222,.201533433328224
P16,25.45673,SO,100,15,5690.800781,8058.213379,-112.185822,-.009074,-1.230225,27.7779,3.8,-.103455,"{""type"":""M"",""msg"":""FADE0"",""time"":25.4036,""dist"":0.499826}",3.24629,3.142835,3.142835,7.3,4.7,.058755,4.7,-.103455,.006225,-.015299,-.009074,-.0116100606060606,.00220300031121471,-1.230225,.06024,-.421105151515151,.415961643180228,4.364624,1.1086,.058755,1.1086,2.241,1.1086,1,2.80125,1,-.888341485948869,-1.01591824418772,.402721754344512,.842507822459149,-.405042543129616,-1.01616349789053,.00152361419906796,.209569040378846,.00216838164226079,.200302739338222,.201533433328224
P16,25.246281,SO,100,16,5691.799805,8059.008789,-111.436356,-.008748,-.565482,27.7779,9.8,3.1,"{""type"":""M"",""msg"":""FADE0"",""time"":25.145,""dist"":0.497335}",3.239575,6.339575,0,19.4,11.1,-.017378,11.1,3.1,.000650999999999999,-.009399,-.008748,-.00928575757575758,.000184031252492448,-.565482,-.017378,-.228154424242424,.169541735367363,3.24629,-1.230225,.017378,-1.230225,.23436,1.230225,1,.29295,0,-.891189401354101,-.615020246920229,-1.00839366986774,1.07742303086491,-.879807476042951,-.314832063996493,.00152361419906796,.209569040378846,.00216838164226079,.200302739338222,.201533433328224
P16,26.192762,SO,100,17,5692.625977,8058.650879,-110.354233,-.005046,.354996,27.7778,3.9,7.9,"{""type"":""M"",""msg"":""FADE0"",""time"":26.1718,""dist"":0.499648}",3.250118,7.150118,0,13.3,8.9,.041837,8.9,3.9,.005208,-.010254,-.005046,-.00711827272727273,.0014229680748511,.041837,.354996,.14305796969697,.091456923611093,3.239575,-.565482,.041837,-.565482,1.87488,.565482,1,2.3436,0,-.886717983317264,-.513371359178598,.145257745298251,-.206509058600842,-.882658186586057,-.555914744397567,.00152361419906796,.209569040378846,.00216838164226079,.200302739338222,.201533433328224
P16,26.149931,SO,100,18,5684.5625,8038.117676,-111.156364,-.003703,.264154,27.778,3.7,7,"{""type"":""M"",""msg"":""FADE0"",""time"":26.1062,""dist"":0.521043}",4.064663,7.764663,0,10.1,13.6,-.183328,10.1,3.7,.00769,-.010905,-.003215,-.00636560975609756,.00253775223256772,-.241323,.264154,-.0506528780487805,.174894989445695,3.250118,.354996,.183328,.354996,2.7684,.354996,1,3.4605,0,-.541259270918897,-.436302263871896,.773601570718919,-.613056746629582,-.878182379995445,-.424415100542436,.00152361419906796,.209569040378846,.00216838164226079,.200302739338222,.201533433328224
P16,25.645634,SO,100,19,5690.210449,8054.39209,-110.627266,.00118,-.384112,27.7781,4,5.9,"{""type"":""M"",""msg"":""FADE0"",""time"":25.5919,""dist"":0.503553}",3.451248,7.451248,0,10.3,6.3,.116062,6.3,4,.011759,-.010579,.00118,-.00641717142857143,.00387398789428181,-.425615,.116062,-.187132514285714,.192172676972678,4.064663,.264154,.116062,.264154,4.23324,.264154,1,5.29155,0,-.801416237158754,-.475607132523582,1.80371076718818,-.788515471085873,-.532384610921185,-.840830639417018,.00152361419906796,.209569040378846,.00216838164226079,.200302739338222,.201533433328224
P16,25.718281,SO,100,20,5687.803711,8048.27832,-110.819176,-.001343,-.427524,27.7782,4.6,6.8,"{""type"":""M"",""msg"":""FADE0"",""time"":25.6871,""dist"":0.510714}",3.640808,8.240808,0,12.3,7.4,-.003932,7.4,4.6,.009074,-.009928,-.000854,-.00669378378378378,.0038445085015667,-.481506,-.003932,-.254036675675676,.173324973298563,3.451248,-.384112,.003932,-.384112,3.26664,.384112,1,4.0833,0,-.721021472569647,-.376589688902106,1.12397540407194,-.556820025495422,-.792796912901661,-.720289299216481,.00152361419906796,.209569040378846,.00216838164226079,.200302739338222,.201533433328224
P16,26.878725,SO,100,21,5676.701172,8029.60791,-114.067947,-.005534,-.175901,27.778,-1.220547,-2.436167,"{""type"":""M"",""msg"":""FADE0"",""time"":26.8153,""dist"":0.531242}",4.465172,2.029005,2.029005,5.7,3.6,.14339,3.6,-2.436167,.012451,-.017985,-.005534,-.0111103333333333,.0046872214389958,-1.769626,1.861463,-.00572668888888888,.934923028946497,3.640808,-.427524,.14339,-.427524,4.48236,.427524,1,5.60295,1,-.371398399580963,-1.15560186446852,1.97889768386469,-.472970989299648,-.712323243422729,-1.13670483809106,.00152361419906796,.209569040378846,.00216838164226079,.200302739338222,.201533433328224
P16,24.851486,SO,100,22,5696.112793,8069.413574,-110.612785,-.003703,-.181892,27.7782,7.1,10,"{""type"":""M"",""msg"":""FADE0"",""time"":24.8483,""dist"":0.489}",2.864439,9.964439,0,13.3,8.7,.256313,8.7,7.1,.007405,-.009928,-.002523,-.00829355172413793,.0027485164516024,-.181892,.256313,.077924275862069,.14869674738082,4.465172,-.175901,.256313,-.175901,2.6658,.175901,1,3.33225,0,-1.05028926635146,-.160431910688001,.701450889717754,-.958973616100746,-.362357026571441,-.577831351706756,.00152361419906796,.209569040378846,.00216838164226079,.200302739338222,.201533433328224
P16,25.750996,SO,100,23,5691.819336,8056.845703,-110.028847,-.003377,.251691,27.7779,2.8,5.8,"{""type"":""M"",""msg"":""FADE0"",""time"":25.7036,""dist"":0.500859}",3.349106,6.149106,0,11,15.1,-.097044,11,2.8,.00354,-.0059,-.00236,-.00516882352941176,.00131108184499598,-.149129,.251691,-.0526389705882353,.114879652376786,2.864439,-.181892,.097044,-.181892,1.2744,.181892,1,1.593,0,-.844735935642931,-.638906656400368,-.277013608771723,-.947402170973848,-1.04191420301172,-.325790367651088,.00152361419906796,.209569040378846,.00216838164226079,.200302739338222,.201533433328224
P16,25.529154,SO,100,24,5689.628418,8053.486816,-110.89045,-.001343,-.607633,27.7781,5.5,7.6,"{""type"":""M"",""msg"":""FADE0"",""time"":25.4975,""dist"":0.505051}",3.447573,8.947573,0,13.9,7.5,-.176883,7.5,5.5,.008057,-.009237,-.00118,-.0071314,.00275736685135315,-.614512,-.176883,-.408067771428571,.152565549583871,3.349106,.251691,.176883,.251691,2.90052,.251691,1,3.62565,0,-.802974850578594,-.287955432428712,.866511395025682,-.81258739908062,-.836159128284216,-.709330995561887,.00152361419906796,.209569040378846,.00216838164226079,.200302739338222,.201533433328224
P16,24.605089,SO,100,25,5701.325195,8083.208496,-108.886726,-.002848,-.014851,27.7776,3.1,5.7,"{""type"":""M"",""msg"":""FADE0"",""time"":24.5229,""dist"":0.471861}",2.329073,5.429073,0,7.5,10,-.309587,7.5,3.1,.000325,-.002848,-.002523,-.00253654166666667,6.63403472003777E-05,-.399149,-.014851,-.29749725,.114304207041238,3.447573,-.607633,.309587,-.607633,.117,.607633,1,.14625,0,-1.27734467645387,-.729204831311841,-1.0909239225217,-.125095607834048,-.794357056050717,-.709330995561887,.00152361419906796,.209569040378846,.00216838164226079,.200302739338222,.201533433328224
P16,24.606688,SO,100,26,5701.523438,8083.146484,-109.941658,-.008057,.171959,27.778,35.3,42,"{""type"":""M"",""msg"":""FADE0"",""time"":24.5741,""dist"":0.473232}",2.33037,37.63037,0,12.8,23.7,-.005793,12.8,35.3,.00354,-.011434,-.007894,-.009389375,.00131557994526798,-.005793,.176708,.1303455,.0592257026225138,2.329073,-.014851,.005793,-.014851,1.2744,.014851,1,1.593,0,-1.2767946025476,3.30910778614079,-.277013608771723,-1.27003708425078,-1.26919246073623,-.128540901868391,.00152361419906796,.209569040378846,.00216838164226079,.200302739338222,.201533433328224
P16,24.940905,SO,100,27,5701.506348,8084.789063,-110.596504,-.004883,-.415001,27.7786,12.8,15.8,"{""type"":""M"",""msg"":""FADE0"",""time"":24.8672,""dist"":0.470482}",2.258122,15.058122,0,6.9,4.7,.311151,4.7,12.8,.010579,-.015462,-.004883,-.0106146956521739,.00430702327531105,-.415001,.311151,.0135252608695652,.248517970028732,2.33037,.171959,.311151,.171959,3.80844,.171959,1,4.76055,0,-1.30743588210042,.478358642630518,1.50498163181493,-.966587476339476,-1.26864184695002,-1.01616349789053,.00152361419906796,.209569040378846,.00216838164226079,.200302739338222,.201533433328224
P16,25.269629,SO,100,28,5693.871582,8063.137207,-110.611511,-.006063,-.075698,27.7777,8.8,13.2,"{""type"":""M"",""msg"":""FADE0"",""time"":25.2656,""dist"":0.495352}",3.148234,11.948234,0,11.3,7,.195332,7,8.8,.006225,-.010091,-.003866,-.00720471875,.00127758063275297,-.082037,.195332,.01219434375,.0937733975178425,2.258122,-.415001,.195332,-.415001,2.241,.415001,1,2.80125,0,-.92992826077768,.0883526143247471,.402721754344512,-.497158805578089,-1.29931319993859,-.764122513834858,.00152361419906796,.209569040378846,.00216838164226079,.200302739338222,.201533433328224
P16,25.044319,SO,100,29,5696.15918,8068.688965,-110.29184,-.005534,.120776,27.778,6.5,10.7,"{""type"":""M"",""msg"":""FADE0"",""time"":25.0306,""dist"":0.489061}",2.839086,9.339086,0,20.7,14.4,-.061787,14.4,6.5,.003703,-.009237,-.005534,-.00827148275862069,.00131903545984745,-.061787,.120776,.049049,.0491882491425979,3.148234,-.075698,.061787,-.075698,1.33308,.075698,1,1.66635,0,-1.06104179044213,-.238856419808297,-.235748482444741,-1.15251284428478,-.921435066961004,.0467919566051175,.00152361419906796,.209569040378846,.00216838164226079,.200302739338222,.201533433328224
P16,25.461271,SO,100,30,5688.598145,8051.241699,-111.664757,-.006714,-.775167,27.778,21.2,3.2,"{""type"":""M"",""msg"":""FADE0"",""time"":25.4069,""dist"":0.506961}",3.476782,6.676782,0,15,8,-.046908,8,3.2,.002197,-.008911,-.006714,-.0086262,.000718028501810175,-.775167,-.046908,-.367016971428571,.224515961322481,2.839086,.120776,.046908,.120776,.79092,.120776,1,.98865,0,-.790586948706452,-.572731661997909,-.617007870471947,-1.06544597674508,-1.05267728036084,-.654539477288916,.00152361419906796,.209569040378846,.00216838164226079,.200302739338222,.201533433328224
P16,25.790197,SO,100,31,5687.088379,8047.902832,-111.928719,-.007731,-.979407,27.7779,11.7,.8,"{""type"":""M"",""msg"":""FADE0"",""time"":25.7261,""dist"":0.510293}",3.635883,4.435883,0,12.4,6.5,-.077794,6.5,.8,.001506,-.009237,-.007731,-.00876145945945946,.000360398436501927,-.979407,-.077794,-.480040783783784,.274189921843331,3.476782,-.775167,.077794,-.775167,.54216,.775167,1,.6777,0,-.72311022660848,-.853759184154454,-.791941626864244,.198491520840576,-.781956995849145,-.81891403210783,.00152361419906796,.209569040378846,.00216838164226079,.200302739338222,.201533433328224
P16,24.986029,SO,100,32,5695.062012,8064.866211,-110.242157,-.004191,.435456,27.778,3.7,7.4,"{""type"":""M"",""msg"":""FADE0"",""time"":24.8929,""dist"":0.490837}",2.976311,6.676311,0,16,27.4,.034222,16,3.7,.003703,-.007894,-.004191,-.0075888,.000773089877453255,.034222,.435456,.225944533333333,.120271632345641,3.635883,-.979407,.034222,-.979407,1.33308,.979407,1,1.66635,0,-1.00284295328904,-.572790729346743,-.235748482444741,.592975238536717,-.714414047506838,.222124815078626,.00152361419906796,.209569040378846,.00216838164226079,.200302739338222,.201533433328224
P16,25.32988,SO,100,33,5691.308594,8054.157227,-110.117554,-.003377,.734821,27.7778,1.5,4.9,"{""type"":""M"",""msg"":""FADE0"",""time"":25.3017,""dist"":0.504065}",3.44373,4.94373,0,9.6,15.2,-.038853,9.6,1.5,.0035,-.006877,-.003377,-.006277,.00114900181743572,-.038853,.734821,.270583971428571,.229985642920249,2.976311,.435456,.038853,.435456,1.26,.435456,1,1.575,0,-.804604714897628,-.790070912597086,-.287140020140307,-.457650558195233,-.994421322910711,-.479206618815407,.00152361419906796,.209569040378846,.00216838164226079,.200302739338222,.201533433328224
P16,24.501703,SO,100,34,5700.145996,8079.800293,-109.813118,-.004354,.023343,27.7782,5.5,8.9,"{""type"":""M"",""msg"":""FADE0"",""time"":24.4872,""dist"":0.477338}",2.426737,7.926737,0,13,8.5,.013443,8.5,5.5,.007039,-.010254,-.003215,-.0075928,.00225740045923034,.002616,.030571,.01853692,.00961541123197547,3.44373,.734821,.013443,.734821,2.53404,.734821,1,3.16755,0,-1.23592415372317,-.415976825453654,.608794225695206,.120564375941592,-.795988520029445,-.599747959015944,.00152361419906796,.209569040378846,.00216838164226079,.200302739338222,.201533433328224
P16,25.533195,SO,100,35,5695.185059,8064.030762,-110.051834,-.008748,.849027,27.7778,2.6,54.6,"{""type"":""M"",""msg"":""FADE0"",""time"":25.4468,""dist"":0.491921}",3.044317,5.644317,0,5.1,8.7,-.083616,5.1,2.6,.003377,-.008748,-.005371,-.00808254838709677,.000638066393552148,-.083616,.849027,.388890741935484,.283009569161771,2.426737,.023343,.083616,.023343,1.21572,.023343,1,1.51965,0,-.974000758940828,-.702211429119657,-.318278735098704,-1.25363502916522,-1.22773128508741,-.97233028327215,.00152361419906796,.209569040378846,.00216838164226079,.200302739338222,.201533433328224
P16,25.644464,SO,100,36,5692.515137,8056.123535,-110.085114,-.007731,1.158619,27.7778,-.102838,7.1,"{""type"":""M"",""msg"":""FADE0"",""time"":25.5631,""dist"":0.50025}",3.344417,3.241579,3.241579,6.3,10.6,.012939,6.3,-.102838,.001668,-.007731,-.006063,-.00691732352941176,.000775788034178824,.012939,1.158619,.527760264705882,.354824759930128,3.044317,.849027,.012939,.849027,.60048,.849027,1,.7506,1,-.846724599132899,-1.00353491872422,-.750929660821477,.341149998068529,-.965550820871334,-.840830639417018,.00152361419906796,.209569040378846,.00216838164226079,.200302739338222,.201533433328224
P16,25.130785,SO,100,37,5696.339355,8067.77832,-109.942993,-.007731,.615094,27.7777,4.1,13.1,"{""type"":""M"",""msg"":""FADE0"",""time"":25.0863,""dist"":0.488996}",2.868347,6.968347,0,9.9,17.6,-.048047,9.9,4.1,.000163,-.007731,-.007568,-.00757362068965517,3.02683401228594E-05,-.048047,.615094,.265134068965517,.202151549686285,3.344417,1.158619,.048047,1.158619,.05868,1.158619,1,.07335,0,-1.04863183472024,-.536166966535252,-1.13193588856447,.939118090161085,-.838149743583787,-.446331707851625,.00152361419906796,.209569040378846,.00216838164226079,.200302739338222,.201533433328224
P16,24.971123,SO,100,38,5692.452148,8059.370117,-110.711823,-.005208,-.069653,27.7778,7.1,10.8,"{""type"":""M"",""msg"":""FADE0"",""time"":24.9054,""dist"":0.497674}",3.247191,10.347191,0,15.4,9.9,.171495,9.9,7.1,.004191,-.009399,-.005208,-.00755227272727273,.00187356790764185,-.079775,.171495,.0373529393939394,.0939458194066996,2.868347,.615094,.171495,.615094,1.50876,.615094,1,1.88595,0,-.887959360590699,-.11243160091926,-.11220626374801,-.110684899756635,-1.04025514466437,-.446331707851625,.00152361419906796,.209569040378846,.00216838164226079,.200302739338222,.201533433328224
P16,24.600874,SO,100,39,5694.355469,8066.411621,-111.156624,-.006714,-.786781,27.778,22.5,2.5,"{""type"":""M"",""msg"":""FADE0"",""time"":24.5534,""dist"":0.490914}",2.935654,5.435654,0,10.4,5.7,.032362,5.7,2.5,.003052,-.009766,-.006714,-.00847573333333333,.000936004344719261,-.786781,.032362,-.352671466666667,.254184528777508,3.247191,-.069653,.032362,-.069653,1.09872,.069653,1,1.3734,0,-1.02008609500617,-.72837951873715,-.400555827468453,-1.164188588867,-.879424975640965,-.906580461344584,.00152361419906796,.209569040378846,.00216838164226079,.200302739338222,.201533433328224
P16,24.819353,SO,100,40,5695.333008,8068.040527,-110.837959,.000163,-.436844,27.7784,5.7,7.7,"{""type"":""M"",""msg"":""FADE0"",""time"":24.8173,""dist"":0.490343}",2.856893,8.556893,0,7.8,5.3,.285745,5.3,5.7,.014445,-.014282,.000163,-.00908355172413793,.00462667700550843,-.436844,.288745,-.0118145517241379,.255590303730206,2.935654,-.786781,.285745,-.786781,5.2002,.786781,1,6.50025,0,-1.0534896192402,-.336949979865308,2.48369929058863,.220923629621045,-1.01168138821987,-.950413675962961,.00152361419906796,.209569040378846,.00216838164226079,.200302739338222,.201533433328224
P16,24.12718,SO,100,41,5697.955566,8076.830566,-111.356789,-.006714,-1.042267,27.7784,6.8,.3,"{""type"":""M"",""msg"":""FADE0"",""time"":24.1206,""dist"":0.481066}",2.546438,2.846438,0,5.3,3.5,.348512,3.5,.3,.011271,-.017985,-.006714,-.0103275,.00366547370199269,-1.042267,.348512,-.284846192307692,.444571876801043,2.856893,-.436844,.348512,-.436844,4.05756,.436844,1,5.07195,0,-1.18515746393587,-1.05308891296156,1.68016854849145,-.4549696758991,-1.04511769694445,-1.14766314174566,.00152361419906796,.209569040378846,.00216838164226079,.200302739338222,.201533433328224
P16,25.634169,SO,100,42,5687.951172,8045.442383,-110.706535,-.000692,.742002,27.778,1.6,4.6,"{""type"":""M"",""msg"":""FADE0"",""time"":25.5535,""dist"":0.511804}",3.747132,5.347132,0,15.6,30.7,.153547,15.6,1.6,.00822,-.008057,.000163,-.00714889473684211,.00211940594417109,.153547,.742002,.430457789473684,.168569925788317,2.546438,-1.042267,.153547,-1.042267,2.9592,1.042267,1,3.699,0,-.675928135630565,-.739480919700041,.907776521352663,.714387530420675,-1.17691476941797,.178291600460249,.00152361419906796,.209569040378846,.00216838164226079,.200302739338222,.201533433328224
P16,24.925991,SO,100,43,5700.975098,8083.991211,-109.996239,-.006714,-.631748,27.7776,15,19.5,"{""type"":""M"",""msg"":""FADE0"",""time"":24.848,""dist"":0.471328}",2.238802,17.238802,0,19,23.5,-.329298,19,15,0,-.006714,-.006714,-.006714,0,-.631748,-.329298,-.509966,.0950386447858305,3.747132,.742002,.329298,.742002,0,.742002,1,0,0,-1.31562973550759,.751834197314747,-1.17320101489145,.134434272028431,-.667185648815861,.550873924716454,.00152361419906796,.209569040378846,.00216838164226079,.200302739338222,.201533433328224
P16,25.051212,SO,100,44,5698.255859,8073.569824,-110.278633,-.006877,.387871,27.7779,9.9,16.4,"{""type"":""M"",""msg"":""FADE0"",""time"":24.9718,""dist"":0.481967}",2.633434,12.533434,0,18,13.4,.169522,13.4,9.9,.003051,-.009928,-.006877,-.00943833333333333,.00110583783064801,.169522,.394723,.334428518518519,.0704355020679696,2.238802,-.631748,.169522,-.631748,1.09836,.631748,1,1.37295,0,-1.14826137330391,.161741600604812,-.400808987752668,-.0785181751458261,-1.30751509535077,-.0627910799408252,.00152361419906796,.209569040378846,.00216838164226079,.200302739338222,.201533433328224
P16,24.562647,SO,100,45,5692.710938,8061.30127,-110.83651,-.006388,-.515714,27.7777,12.6,16.9,"{""type"":""M"",""msg"":""FADE0"",""time"":24.5608,""dist"":0.497576}",3.237208,15.837208,0,28.4,33.2,-.090897,28.4,12.6,.001505,-.007731,-.006226,-.00679778787878788,.000623619362951861,-.515714,-.090897,-.361329909090909,.126065966259575,2.633434,.387871,.090897,.387871,.5418,.387871,1,.67725,0,-.892193275630227,.576062558838635,-.792194787148459,-.549559624521961,-1.13998246645327,1.58095446824831,.00152361419906796,.209569040378846,.00216838164226079,.200302739338222,.201533433328224
P16,24.904045,SO,100,46,5692.256836,8061.214355,-111.738235,-.005371,-.92688,27.7781,17.6,.8,"{""type"":""M"",""msg"":""FADE0"",""time"":24.8839,""dist"":0.497253}",3.141636,3.941636,0,8.7,5.6,.225259,5.6,.8,.006388,-.011759,-.005371,-.00991046875,.00171753718998802,-.92688,.225259,-.2521095,.365364017270889,3.237208,-.515714,.225259,-.515714,2.29968,.515714,1,2.8746,0,-.932726555020975,-.915741901690276,.443986880671493,-.302634526982655,-.883663046132673,-.917538764999178,.00152361419906796,.209569040378846,.00216838164226079,.200302739338222,.201533433328224
P16,25.520515,SO,100,47,5696.307617,8070.147949,-110.62883,-.006226,-.25632,27.7779,12.5,16.7,"{""type"":""M"",""msg"":""FADE0"",""time"":25.4372,""dist"":0.485742}",2.735967,15.235967,0,17.2,9.8,.153958,9.8,12.5,.002522,-.008748,-.006226,-.0078695,.00107665605429926,-.25632,.153958,-.0483619642857143,.131149537653407,3.141636,-.92688,.153958,-.92688,.90792,.92688,1,1.1349,0,-1.10477584683411,.500661896671834,-.534730778102198,.491520840576351,-.924236107640589,-.457290011506219,.00152361419906796,.209569040378846,.00216838164226079,.200302739338222,.201533433328224
P16,24.08214,SO,100,48,5699.044922,8077.773926,-110.361916,-.005046,-.324983,27.7781,9.6,13,"{""type"":""M"",""msg"":""FADE0"",""time"":24.0623,""dist"":0.479371}",2.438009,12.038009,0,9,5.7,.205095,5.7,9.6,.006388,-.011434,-.005046,-.0079624,.00276040911822867,-.324983,.205095,-.06021352,.179546684850143,2.735967,-.25632,.205095,-.25632,2.29968,.25632,1,2.8746,0,-1.23114355767734,.0996111519927117,.443986880671493,-.803646617993588,-1.09645426033023,-.906580461344584,.00152361419906796,.209569040378846,.00216838164226079,.200302739338222,.201533433328224
P16,24.476965,SO,100,49,5699.792969,8077.02832,-108.623672,-.002523,.667332,27.7778,1.1,3.8,"{""type"":""M"",""msg"":""FADE0"",""time"":24.4355,""dist"":0.479284}",2.470064,3.570064,0,4.3,6.3,-.046386,4.3,1.1,.006917,-.00472,.002197,-.00182956,.00172142378280306,-.069704,.667332,.13138304,.235145938487938,2.438009,-.324983,.046386,-.324983,2.49012,.324983,1,3.11265,0,-1.21754863164387,-.962340145726599,.577908671021024,-.671025997604975,-1.22294599703947,-1.0599967125089,.00152361419906796,.209569040378846,.00216838164226079,.200302739338222,.201533433328224
P16,24.7264,SO,100,50,5694.328613,8066.83252,-111.273796,-.006551,-.961991,27.7781,23.1,.9,"{""type"":""M"",""msg"":""FADE0"",""time"":24.6535,""dist"":0.489787}",2.93473,3.83473,0,11,5.8,.12007,5.8,.9,.002686,-.009074,-.006388,-.00829126666666667,.00120267509108347,-.961991,.12007,-.400008466666667,.336493326322071,2.470064,.667332,.12007,.667332,.96696,.667332,1,1.2087,0,-1.02047797495173,-.929148810383469,-.493212491491001,-.00978869702939692,-1.20933772802097,-.89562215768999,.00152361419906796,.209569040378846,.00216838164226079,.200302739338222,.201533433328224
P17,26.395493,SO,100,1,5686.621094,8042.634277,-111.383728,-.009237,.516164,27.7778,19.7,14,"{""type"":""M"",""msg"":""FADE0"",""time"":26.3291,""dist"":0.51545}",3.882323,17.882323,0,28.8,20.1,.143837,20.1,14,.002198,-.009237,-.007039,-.00831228205128205,.000845130539549892,.143837,.516164,.330630974358974,.11922321730013, , ,.143837, ,.79128, , ,.9891,0,-.618591943292699,.832537125954415,-.616754710187732, , ,.671415264916991,.000425154680383099,.186041611224837,.00154330898777767,.109916953339409,.0997748084237423
P17,29.572319,SO,100,2,5651.755859,7963.32373,-115.058403,-.009074,-.636445,27.7779,9.6,3,"{""type"":""M"",""msg"":""FADE0"",""time"":29.5296,""dist"":0.602725}",6.989984,9.989984,0,40.7,46,.136171,40.7,3,.002035,-.009074,-.007039,-.0083247,.000677147519945334,-.636445,.136171,-.1976432,.196813368674127,3.882323,.516164,.136171,.516164,.7326,.516164,1,.91575,0,.699405917636556,-.157228353520325,-.658019836514714,-.301765364854947,-.609793182839251,2.92882581776341,.000425154680383099,.186041611224837,.00154330898777767,.109916953339409,.0997748084237423
P17,29.413111,SO,100,3,5649.853027,7956.745117,-114.628906,-.008586,.39029,27.7778,39.3,44.9,"{""type"":""M"",""msg"":""FADE0"",""time"":29.3395,""dist"":0.608678}",7.225878,46.525878,0,18.8,11.9,.232783,11.9,39.3,.003011,-.008911,-.0059,-.00771595833333333,.000686502801764848,.186865,.39029,.236403986111111,.0524400910009022,6.989984,-.636445,.232783,-.636445,1.08396,.636445,1,1.35495,0,.799451510578014,4.42467906872145,-.410935399121253,-.0694460540039401,.709498250831181,-.227165634759739,.000425154680383099,.186041611224837,.00154330898777767,.109916953339409,.0997748084237423
P17,31.438042,SO,100,4,5620.504883,7895.579102,-117.249336,-.008748,.811214,27.7777,43,49.2,"{""type"":""M"",""msg"":""FADE0"",""time"":31.3713,""dist"":0.676694}",9.618534,52.618534,0,10.6,16.5,.096474,10.6,43,.002034,-.008911,-.006877,-.00809180208333333,.000478770390409073,.096474,.811214,.46987709375,.24112448456007,7.225878,.39029,.096474,.39029,.73224,.39029,1,.9153,0,1.81420681688058,5.1887492115669,-.658272996798929,-.544887395217677,.809642035321913,-.369623582269465,.000425154680383099,.186041611224837,.00154330898777767,.109916953339409,.0997748084237423
P17,27.481133,SO,100,5,5668.924316,7995.355469,-111.90976,-.008423,-1.619485,27.7777,-1.515854,1.6,"{""type"":""M"",""msg"":""FADE0"",""time"":27.4236,""dist"":0.566141}",5.674128,4.158274,4.158274,10.3,14.9,-.059016,10.3,-1.515854,.003866,-.008586,-.00472,-.00601935087719298,.00126941999538636,-1.826334,1.854629,.403504754385965,.829027203412665,9.618534,.811214,.059016,.811214,1.39176,.811214,1,1.7397,1,.141334946159639,-.888573680210883,-.194483356117759,.268115270212848,1.82539329149823,-.402498493233247,.000425154680383099,.186041611224837,.00154330898777767,.109916953339409,.0997748084237423
P17,26.445723,SO,100,6,5689.064453,8049.481934,-111.095016,-.009399,.306342,27.7778,18,12.5,"{""type"":""M"",""msg"":""FADE0"",""time"":26.398,""dist"":0.508654}",3.64754,16.14754,0,10,15.3,.080981,10,12.5,.002848,-.009399,-.006551,-.00785764864864865,.000681342229892023,.080981,.306342,.186632216216216,.0716193577134372,5.674128,-1.619485,.080981,-1.619485,1.02528,1.619485,1,1.2816,0,-.718166347251996,.614980793442642,-.452200525448234,1.82926758604705,.150879550546999,-.43537340419703,.000425154680383099,.186041611224837,.00154330898777767,.109916953339409,.0997748084237423
P17,27.995792,SO,100,7,5668.987305,7998.774902,-112.725281,-.007406,.824334,27.7778,3,11.9,"{""type"":""M"",""msg"":""FADE0"",""time"":27.9543,""dist"":0.563366}",5.592182,8.592182,0,11.7,18,.112651,11.7,3,.000855,-.007894,-.007039,-.00743703571428571,.000261504038855354,.112651,.824334,.388269071428571,.21984828006397,3.64754,.306342,.112651,.306342,.3078,.306342,1,.38475,0,.106580623628415,-.332524443404547,-.956748971887957,-.707030555877467,-.709465315890908,-.249082242068928,.000425154680383099,.186041611224837,.00154330898777767,.109916953339409,.0997748084237423
P17,25.698494,SO,100,8,5682.719727,8032.741699,-111.385384,-.006551,.538778,27.7779,4.1,9.9,"{""type"":""M"",""msg"":""FADE0"",""time"":25.6882,""dist"":0.527642}",4.183102,8.283102,0,13.9,20.7,.026474,13.9,4.1,.003011,-.008911,-.0059,-.0071557619047619,.000828383256697509,.026474,.538778,.222537785714286,.163163711162198,5.592182,.824334,.026474,.824334,1.08396,.824334,1,1.35495,0,-.491027811100532,-.371285666711865,-.410935399121253,.29345617491405,.116091117759911,-.00799956166785386,.000425154680383099,.186041611224837,.00154330898777767,.109916953339409,.0997748084237423
P17,26.936172,SO,100,9,5677.762695,8022.308105,-112.311691,-.008748,-.156637,27.7781,20.8,11.3,"{""type"":""M"",""msg"":""FADE0"",""time"":26.8689,""dist"":0.537506}",4.655685,15.955685,0,19.2,25.6,.074093,19.2,11.3,.002523,-.009237,-.006714,-.00774504255319149,.000889413704234591,-.156637,.074093,-.0513602978723404,.0599806804519135,4.183102,.538778,.074093,.538778,.90828,.538778,1,1.13535,0,-.290599455783936,.590920567942366,-.534477617817983,-.258087070730483,-.482103850531783,.572790532025642,.000425154680383099,.186041611224837,.00154330898777767,.109916953339409,.0997748084237423
P17,29.223099,SO,100,10,5650.519043,7956.784668,-114.434586,-.008219,.981845,27.7776,2.2,20.8,"{""type"":""M"",""msg"":""FADE0"",""time"":29.1814,""dist"":0.609239}",7.186701,9.386701,0,15.3,23.7,.065264,15.3,2.2,.000651,-.008219,-.007568,-.00772188888888889,.000149376879968657,.065264,.981845,.44271575,.276311492153675,4.655685,-.156637,.065264,-.156637,.23436,.156637,1,.29295,0,.782836055353772,-.232885099607126,-1.00839366986774,-.996181481052266,-.281478781195625,.145416689496466,.000425154680383099,.186041611224837,.00154330898777767,.109916953339409,.0997748084237423
P17,27.377247,SO,100,11,5684.3125,8037.844238,-111.847969,-.007731,.119468,27.7782,27.3,33.5,"{""type"":""M"",""msg"":""FADE0"",""time"":27.3433,""dist"":0.521607}",4.053444,31.353444,0,8.9,15.1,.087946,8.9,27.3,.003052,-.010091,-.007039,-.00895182926829268,.00112422139506502,.087946,.279776,.210250634146341,.0589463253488952,7.186701,.981845,.087946,.981845,1.09872,.981845,1,1.3734,0,-.546017389002487,2.52192864038724,-.400555827468453,.597684165797504,.793010272559853,-.555914744397567,.000425154680383099,.186041611224837,.00154330898777767,.109916953339409,.0997748084237423
P17,30.281908,SO,100,12,5647.445313,7954.67334,-115.554909,-.008748,-.94123,27.7779,7.9,1,"{""type"":""M"",""msg"":""FADE0"",""time"":30.2594,""dist"":0.612932}",7.279373,8.279373,0,22,13.9,.161148,13.9,1,.000855,-.009074,-.008219,-.0087514794520548,.000213966125926839,-.94123,.161148,-.222089479452055,.329270896261646,4.053444,.119468,.161148,.119468,.3078,.119468,1,.38475,0,.822139408508455,-.371753314575567,-.956748971887957,-1.06797234132962,-.537147398945474,-.00799956166785386,.000425154680383099,.186041611224837,.00154330898777767,.109916953339409,.0997748084237423
P17,30.507891,SO,100,13,5638.840332,7934.060547,-115.680893,-.008423,.092227,27.7779,35.6,40.7,"{""type"":""M"",""msg"":""FADE0"",""time"":30.4326,""dist"":0.633806}",8.205248,43.805248,0,57.5,15.4,.159062,15.4,35.6,.001546,-.008423,-.006877,-.00777614634146342,.000447073588053016,-.072231,.159062,.00567156097560976,.0653911816824683,7.279373,-.94123,.159062,-.94123,.55656,.94123,1,.6957,0,1.21481456499685,4.08348925713032,-.78181521549566,.51923745509329,.832352200698445,.15637499315106,.000425154680383099,.186041611224837,.00154330898777767,.109916953339409,.0997748084237423
P17,29.393387,SO,100,14,5655.416016,7973.637207,-115.25061,-.008586,-1.562493,27.778,3.6,-.811402,"{""type"":""M"",""msg"":""FADE0"",""time"":29.3248,""dist"":0.591035}",6.588427,5.777025,5.777025,18.3,11.8,.176528,11.8,-.811402,.001993,-.010579,-.008586,-.00938395454545455,.000488408197241679,-1.562493,.176528,-.386799303030303,.532830677386901,8.205248,.092227,.176528,.092227,.71748,.092227,1,.89685,1,.529100576403658,-.685568733304115,-.668652568451728,-1.12058755359833,1.22541275529227,-.238123938414333,.000425154680383099,.186041611224837,.00154330898777767,.109916953339409,.0997748084237423
P17,26.055241,SO,100,15,5693.495605,8060.189453,-110.298111,-.006551,.622154,27.7776,3.5,9.4,"{""type"":""M"",""msg"":""FADE0"",""time"":26.021,""dist"":0.497477}",3.136729,6.636729,0,8.3,13.2,.190059,8.3,3.5,.001668,-.007894,-.006226,-.0068474375,.000616877252259182,.190059,.622154,.36213034375,.133710423636813,6.588427,-1.562493,.190059,-1.562493,.60048,1.562493,1,.7506,0,-.934807675034895,-.577754643999747,-.750929660821477,1.71918916830842,.539025760353488,-.621664566325133,.000425154680383099,.186041611224837,.00154330898777767,.109916953339409,.0997748084237423
P17,25.402559,SO,100,16,5690.158691,8051.888184,-111.096275,-.007731,.458269,27.7778,17.4,26.9,"{""type"":""M"",""msg"":""FADE0"",""time"":25.307,""dist"":0.504742}",3.549276,20.949276,0,10.8,18.1,.243335,10.8,17.4,.001505,-.008748,-.007243,-.00828055555555555,.000503299197833339,.243335,.458269,.370107666666667,.070251478866386,3.136729,.622154,.243335,.622154,.5418,.622154,1,.67725,0,-.759841337479808,1.21715874529584,-.792194787148459,-.0970487117085796,-.926319270207233,-.347706974960276,.000425154680383099,.186041611224837,.00154330898777767,.109916953339409,.0997748084237423
P17,26.314501,SO,100,17,5686.464844,8041.080078,-110.868164,-.007568,.94972,27.7777,1.2,9.5,"{""type"":""M"",""msg"":""FADE0"",""time"":26.2948,""dist"":0.518232}",3.952976,5.152976,0,7.1,11.8,.112292,7.1,1.2,.001505,-.007568,-.006063,-.007070925,.000471867723071756,.112292,.94972,.463763275,.250587638288636,3.549276,.458269,.112292,.458269,.5418,.458269,1,.67725,0,-.588627123169708,-.763829709891757,-.792194787148459,-.413587901263182,-.751181208788553,-.753164210180264,.000425154680383099,.186041611224837,.00154330898777767,.109916953339409,.0997748084237423
P17,26.609539,SO,100,18,5677.939941,8023.25,-112.788475,-.009074,-.358485,27.7779,9.9,4,"{""type"":""M"",""msg"":""FADE0"",""time"":26.5827,""dist"":0.537715}",4.557032,8.557032,0,18.1,12.2,.237595,12.2,4,.000324999999999999,-.009399,-.009074,-.00918002173913044,.00014623671664355,-.358485,.242745,.0473386304347826,.187938333774833,3.952976,.94972,.237595,.94972,.117,.94972,1,.14625,0,-.332439425772378,-.33693254809994,-1.0909239225217,.535635647236064,-.579798953203805,-.194290723795957,.000425154680383099,.186041611224837,.00154330898777767,.109916953339409,.0997748084237423
P17,27.658323,SO,100,19,5664.214355,7989.790527,-113.901588,-.008748,-.021084,27.7778,14.8,7.4,"{""type"":""M"",""msg"":""FADE0"",""time"":27.6428,""dist"":0.574283}",5.974197,13.374197,0,36.2,44.4,.392736,36.2,7.4,.000691000000000001,-.008748,-.008057,-.00857325,.000252500688033968,-.021084,.39305,.282362333333333,.125350914033387,4.557032,-.358485,.392736,-.358485,.24876,.358485,1,.31095,0,.268597958480218,.267180329709025,-.998267258499153,-.606317842932746,-.323359815776259,2.43570215330667,.000425154680383099,.186041611224837,.00154330898777767,.109916953339409,.0997748084237423
P17,24.851807,SO,100,20,5693.79248,8061.336914,-110.323799,-.006714,.492634,27.7776,4.7,10.8,"{""type"":""M"",""msg"":""FADE0"",""time"":24.8174,""dist"":0.496322}",3.139937,7.839937,0,10.5,16,.230845,10.5,4.7,.000163,-.006714,-.006551,-.006652875,8.01747084245882E-05,.220134,.492634,.299003625,.0852308594400356,5.974197,-.021084,.230845,-.021084,.05868,.021084,1,.07335,0,-.933447122150311,-.426862273179405,-1.13193588856447,-1.25799822304632,.278267467443357,-.380581885924059,.000425154680383099,.186041611224837,.00154330898777767,.109916953339409,.0997748084237423
P17,24.230371,SO,100,21,5702.314453,8086.166016,-110.456825,-.008057,-.119848,27.7782,14.8,5.7,"{""type"":""M"",""msg"":""FADE0"",""time"":24.1559,""dist"":0.46889}",2.229045,7.929045,0,13.1,9.3,.108222,9.3,5.7,.0059,-.013957,-.008057,-.0117559130434783,.00199422026031237,-.119848,.186081,.0981857391304348,.0940981660821281,3.139937,.492634,.108222,.492634,2.124,.492634,1,2.655,0,-1.3197678011232,-.415687382903527,.320444661974763,-.347212886777147,-.924957381983513,-.51208152977919,.000425154680383099,.186041611224837,.00154330898777767,.109916953339409,.0997748084237423
P17,27.280914,SO,100,22,5675.333008,8015.431641,-112.519463,-.008423,.21152,27.7778,46.8,24.8,"{""type"":""M"",""msg"":""FADE0"",""time"":27.2181,""dist"":0.544982}",4.954178,29.754178,0,13.5,20.6,.168778,13.5,24.8,.00118,-.008423,-.007243,-.0080313,.000324106070442933,.168778,.21152,.18503154,.0127383115726872,2.229045,-.119848,.168778,-.119848,.4248,.119848,1,.531,0,-.164004844755784,2.32136727584149,-.874471879518208,-1.06723838219956,-1.31165722234542,-.051832776286231,.000425154680383099,.186041611224837,.00154330898777767,.109916953339409,.0997748084237423
P17,27.984182,SO,100,23,5661.214844,7983.805664,-114.04232,-.008219,-.371098,27.7779,44.4,8,"{""type"":""M"",""msg"":""FADE0"",""time"":27.912,""dist"":0.579369}",6.182438,14.182438,0,18.3,11.9,.219097,11.9,8,.000855,-.009074,-.008219,-.00839170967741936,.000323161299982611,-.371098,.219097,-.0281930483870968,.18318645407813,4.954178,.21152,.219097,.21152,.3078,.21152,1,.38475,0,.356915568592057,.368540527350832,-.956748971887957,-.890176536485495,-.154759921606182,-.227165634759739,.000425154680383099,.186041611224837,.00154330898777767,.109916953339409,.0997748084237423
P17,31.505787,SO,100,24,5620.279297,7898.461914,-117.460533,-.008219,-.711719,27.7776,37,4.4,"{""type"":""M"",""msg"":""FADE0"",""time"":31.453,""dist"":0.674589}",9.527491,13.927491,0,53,23.5,.195008,23.5,4.4,0,-.008219,-.008219,-.008219,0,-.711719,.195008,-.183537073684211,.268607748942391,6.182438,-.371098,.195008,-.371098,0,.371098,1,0,0,1.77559434298057,.336568036091189,-1.17320101489145,-.581956194228764,.366671758464471,1.0439975891732,.000425154680383099,.186041611224837,.00154330898777767,.109916953339409,.0997748084237423
P17,25.00609,SO,100,25,5697.075195,8071.712402,-110.509094,-.007243,-.079051,27.7781,18.1,24,"{""type"":""M"",""msg"":""FADE0"",""time"":24.9942,""dist"":0.486073}",2.735771,20.835771,0,34.5,18.9,.000882,18.9,18.1,.001994,-.009237,-.007243,-.00849564285714286,.00042443306101248,-.079051,.001838,-.021281,.0250200116662199,9.527491,-.711719,.000882,-.711719,.71784,.711719,1,.8973,0,-1.10485897288317,1.20292426667705,-.668399408167513,.0759435237764129,1.7867429206902,.539915621061859,.000425154680383099,.186041611224837,.00154330898777767,.109916953339409,.0997748084237423
P17,25.828283,SO,100,26,5683.708984,8040.11377,-112.912514,-.010091,-1.298323,27.7778,3.3,-.30076,"{""type"":""M"",""msg"":""FADE0"",""time"":25.7629,""dist"":0.518873}",4.044721,3.743961,3.743961,12.1,7.2,.100601,7.2,-.30076,.000975999999999999,-.010742,-.009766,-.0103411707317073,.000433654926320399,-1.298323,.100601,-.421915170731707,.422121944030804,2.735771,-.079051,.100601,-.079051,.35136,.079051,1,.4392,1,-.54971692229807,-.940532003985067,-.926116577497989,-1.14603662069765,-1.09653746796485,-.74220590652567,.000425154680383099,.186041611224837,.00154330898777767,.109916953339409,.0997748084237423
P17,25.9496,SO,100,27,5686.241699,8042.922852,-111.317688,-.007568,.058097,27.7777,14.1,22,"{""type"":""M"",""msg"":""FADE0"",""time"":25.9308,""dist"":0.516589}",3.851143,17.951143,0,16.3,22.9,-.00801,16.3,14.1,.000325,-.007568,-.007243,-.00753058974358974,7.85981511596932E-05,-.032086,.058097,-.00893112820512821,.0259198277276393,4.044721,-1.298323,.00801,-1.298323,.117,1.298323,1,.14625,0,-.631815770892869,.841167730936974,-1.0909239225217,1.2089523699154,-.540850563214649,.254999726042409,.000425154680383099,.186041611224837,.00154330898777767,.109916953339409,.0997748084237423
P17,26.050283,SO,100,28,5687.29248,8046.657715,-111.844688,-.009074,-.335293,27.7777,10.3,4.3,"{""type"":""M"",""msg"":""FADE0"",""time"":25.9875,""dist"":0.511526}",3.758974,8.058974,0,51,55.3,.120235,51,4.3,.00118,-.009399,-.008219,-.00912831578947368,.000304110764428442,-.335293,.120235,-.0315392631578948,.139750561947463,3.851143,.058097,.120235,.058097,.4248,.058097,1,.531,0,-.67090579546247,-.399393196986947,-.874471879518208,-1.18650867230656,-.623029989203215,4.05753109418662,.000425154680383099,.186041611224837,.00154330898777767,.109916953339409,.0997748084237423
P17,27.783924,SO,100,29,5667.894531,7996.541992,-112.913025,-.007568,.696578,27.7777,5.2,15,"{""type"":""M"",""msg"":""FADE0"",""time"":27.7678,""dist"":0.566597}",5.672943,10.872943,0,16.5,25.2,.198586,16.5,5.2,0,-.007568,-.007568,-.007568,0,.198586,.696578,.375965263157895,.151004727121198,3.758974,-.335293,.198586,-.335293,0,.335293,1,0,0,.140832372852834,-.0464978922474962,-1.17320101489145,-.651112527523467,-.662158379381542,.276916333351597,.000425154680383099,.186041611224837,.00154330898777767,.109916953339409,.0997748084237423
P17,25.686316,SO,100,30,5692.308594,8060.499512,-111.684433,-.010091,-.623827,27.7779,6,1.8,"{""type"":""M"",""msg"":""FADE0"",""time"":25.6594,""dist"":0.497827}",3.151753,4.951753,0,12,7.5,.145743,7.5,1.8,0,-.010091,-.010091,-.010091,0,-.623827,.145743,-.1460724375,.238354264039075,5.672943,.696578,.145743,.696578,0,.696578,1,0,0,-.92843580890709,-.789064761132757,-1.17320101489145,.0466991153861012,.150376483980569,-.709330995561887,.000425154680383099,.186041611224837,.00154330898777767,.109916953339409,.0997748084237423
P17,27.113321,SO,100,31,5672.300781,8009.214355,-112.954224,-.007568,-.202564,27.7778,23.9,29.5,"{""type"":""M"",""msg"":""FADE0"",""time"":27.0389,""dist"":0.551545}",5.185056,29.085056,0,54.9,19.4,.175085,19.4,23.9,.000855,-.008423,-.007568,-.00809257692307692,.000382982892473805,-.202564,.175085,.00526998076923077,.107371086727657,3.151753,-.623827,.175085,-.623827,.3078,.623827,1,.38475,0,-.0660866000902223,2.23745376716464,-.956748971887957,-.0938173600648974,-.919941150296643,.594707139334831,.000425154680383099,.186041611224837,.00154330898777767,.109916953339409,.0997748084237423
P17,25.43504,SO,100,32,5695.630859,8065.899902,-110.4776,-.007243,.600294,27.7778,8.7,17.1,"{""type"":""M"",""msg"":""FADE0"",""time"":25.3342,""dist"":0.489504}",2.938454,11.638454,0,7.9,16.2,.258079,7.9,8.7,.002319,-.009562,-.007243,-.00886093333333333,.000659348264070918,.258079,.600294,.472394433333333,.10582306723495,5.185056,-.202564,.258079,-.202564,.83484,.202564,1,1.04355,0,-1.01889858001962,.0495036051486733,-.586122315797764,-.907474794298297,-.0567455733156307,-.66549778094351,.000425154680383099,.186041611224837,.00154330898777767,.109916953339409,.0997748084237423
P17,26.785282,SO,100,33,5681.198242,8030.872559,-112.090958,-.008219,-.18996,27.7777,45.4,13.8,"{""type"":""M"",""msg"":""FADE0"",""time"":26.7042,""dist"":0.527934}",4.253847,18.053847,0,24.1,14.2,.04434,14.2,13.8,.000366999999999999,-.008586,-.008219,-.00826167441860465,.000119037553284313,-.18996,.04434,-.0573127209302326,.071064032739537,2.938454,.600294,.04434,.600294,.13212,.600294,1,.16515,0,-.461023972627983,.854047673600863,-1.08029119058469,-.139270676401283,-1.01049270772535,.0248753492959288,.000425154680383099,.186041611224837,.00154330898777767,.109916953339409,.0997748084237423
P17,25.22431,SO,100,34,5701.67627,8083.60791,-110.6679,-.008423,.144797,27.778,11.9,5.7,"{""type"":""M"",""msg"":""FADE0"",""time"":25.1575,""dist"":0.47173}",2.22753,7.92753,0,17.8,12.6,.516717,12.6,5.7,.004354,-.012777,-.008423,-.0110465217391304,.00155768373699732,.144797,.522313,.415858130434783,.122879872180222,4.253847,-.18996,.516717,-.18996,1.56744,.18996,1,1.9593,0,-1.32041033155342,-.415877376605192,-.070941137421028,-.931819059759725,-.452070564251517,-.150457509177579,.000425154680383099,.186041611224837,.00154330898777767,.109916953339409,.0997748084237423
P17,29.202726,SO,100,35,5656.314453,7974.50293,-114.959137,-.008911,-1.091609,27.7777,6,.1,"{""type"":""M"",""msg"":""FADE0"",""time"":29.1137,""dist"":0.589316}",6.577293,6.677293,0,18.4,12,.244235,12,.1,.000163,-.009074,-.008911,-.00906659090909091,3.42128978255625E-05,-1.091609,.244235,-.21533996969697,.406649626902645,2.22753,.144797,.244235,.144797,.05868,.144797,1,.07335,0,.52437850788216,-.572667578313717,-1.13193588856447,-1.01905010236798,-1.3123003833987,-.216207331105145,.000425154680383099,.186041611224837,.00154330898777767,.109916953339409,.0997748084237423
P17,25.369617,SO,100,36,5697.519531,8071.269043,-109.561714,-.005534,.510125,27.7777,2.7,6.8,"{""type"":""M"",""msg"":""FADE0"",""time"":25.3244,""dist"":0.48536}",2.762319,5.462319,0,10.8,16.2,-.012256,10.8,2.7,.001343,-.006714,-.005371,-.00569375,.000497164301406077,-.012256,.510125,.161275964285714,.164131400983634,6.577293,-1.091609,.012256,-1.091609,.48348,1.091609,1,.60435,0,-1.09359963436074,-.725035504179464,-.833206753191226,.809690191988257,.534299057272783,-.347706974960276,.000425154680383099,.186041611224837,.00154330898777767,.109916953339409,.0997748084237423
P17,27.761843,SO,100,37,5674.007813,8012.950684,-113.065689,-.008911,-.070799,27.7777,12.6,6.3,"{""type"":""M"",""msg"":""FADE0"",""time"":27.6764,""dist"":0.547165}",5.064852,11.364852,0,31.1,20.9,.37025,20.9,6.3,.000325000000000001,-.008911,-.008586,-.00890462745098039,4.55091027309104E-05,-.070799,.386801,.253996176470588,.1403612008254,2.762319,.510125,.37025,.510125,.117,.510125,1,.14625,0,-.117066618462606,.0151916204866807,-1.0909239225217,-.3134295206088,-1.08526707876182,.759081694153745,.000425154680383099,.186041611224837,.00154330898777767,.109916953339409,.0997748084237423
P17,28.512777,SO,100,38,5656.616211,7973.48291,-114.730637,-.008748,-.394754,27.7777,10.8,4.1,"{""type"":""M"",""msg"":""FADE0"",""time"":28.428,""dist"":0.590373}",6.600259,10.700259,0,24,16.4,.506329,16.4,4.1,0,-.008748,-.008748,-.008748,0,-.394754,.506761,.19974803030303,.274937722464783,5.064852,-.070799,.506329,-.070799,0,.070799,1,0,0,.534118675446802,-.0681539136193119,-1.17320101489145,-1.16197512264843,-.107775626945329,.265958029697003,.000425154680383099,.186041611224837,.00154330898777767,.109916953339409,.0997748084237423
P17,24.50621,SO,100,39,5695.797363,8067.476074,-110.227531,-.007406,.207961,27.7776,9.2,16.9,"{""type"":""M"",""msg"":""FADE0"",""time"":24.448,""dist"":0.489206}",2.931019,12.131019,0,21.5,32,-.072193,21.5,9.2,.000488,-.007894,-.007406,-.0076337,.000240138056556841,-.072193,.207961,.0515860666666667,.0828931416874942,6.600259,-.394754,.072193,-.394754,.17568,.394754,1,.2196,0,-1.0220518564214,.111275385782713,-1.04965879619472,-.536265306910805,.544048784500327,.82483151608131,.000425154680383099,.186041611224837,.00154330898777767,.109916953339409,.0997748084237423
P17,29.406651,SO,100,40,5654.928223,7970.739746,-114.671913,-.008219,-.806895,27.778,15.8,2.7,"{""type"":""M"",""msg"":""FADE0"",""time"":29.3523,""dist"":0.594319}",6.718865,9.418865,0,21.9,12.8,.15533,12.8,2.7,.000366999999999999,-.008586,-.008219,-.00835046268656716,.000177295022777753,-.806895,.15533,-.267147955223881,.292953196329516,2.931019,.207961,.15533,.207961,.13212,.207961,1,.16515,0,.584420962051864,-.228851464346169,-1.08029119058469,-.897050643179975,-1.01364907896705,-.128540901868391,.000425154680383099,.186041611224837,.00154330898777767,.109916953339409,.0997748084237423
P17,30.535074,SO,100,41,5630.158203,7920.864746,-117.286514,-.008911,1.792101,27.7776,2.4,-1.929256,"{""type"":""M"",""msg"":""FADE0"",""time"":30.44,""dist"":0.648933}",8.735691,6.806435,6.806435,19.1,12.4,.383648,12.4,-1.929256,0,-.008911,-.008911,-.008911,0,-1.860569,1.841798,-.390671183908046,.747979709309522,6.718865,-.806895,.383648,-.806895,0,.806895,1,0,1,1.43978206928541,-.556472088795296,-1.17320101489145,.259773245258238,.594400441190652,-.172374116486768,.000425154680383099,.186041611224837,.00154330898777767,.109916953339409,.0997748084237423
P17,27.208242,SO,100,42,5680.148926,8027.945801,-112.29715,-.008423,-.071774,27.7778,21.6,10,"{""type"":""M"",""msg"":""FADE0"",""time"":27.1354,""dist"":0.531355}",4.477886,14.477886,0,32.1,18.8,.260013,18.8,10,0,-.008423,-.008423,-.008423,0,-.071774,.260013,.129614088888889,.100553758907142,8.735691,1.792101,.260013,1.792101,0,1.792101,1,0,0,-.366006233317058,.405592183568318,-1.17320101489145,2.1626704523506,1.45060105799017,.528957317407265,.000425154680383099,.186041611224837,.00154330898777767,.109916953339409,.0997748084237423
P17,25.569286,SO,100,43,5686.370117,8043.09668,-111.863472,-.008586,.103106,27.7778,15.8,8.2,"{""type"":""M"",""msg"":""FADE0"",""time"":25.5093,""dist"":0.515325}",3.866624,12.066624,0,21.4,14.9,.544829,14.9,8.2,.000651,-.009237,-.008586,-.00890302564102564,.000279260441276738,.103106,.544952,.387964256410256,.140202496795606,4.477886,-.071774,.544829,-.071774,.23436,.071774,1,.29295,0,-.62525008535476,.103199712899075,-1.00839366986774,-1.1600919380384,-.356959568068829,.101583474878089,.000425154680383099,.186041611224837,.00154330898777767,.109916953339409,.0997748084237423
P17,24.542906,SO,100,44,5697.196777,8070.752441,-109.868134,-.006877,.380913,27.7778,4.9,10.8,"{""type"":""M"",""msg"":""FADE0"",""time"":24.4901,""dist"":0.485796}",2.83343,7.73343,0,8.9,14.1,-.106246,8.9,4.9,.00118,-.007894,-.006714,-.00722486206896552,.000465553336221528,-.106246,.380913,.109263655172414,.145180458468879,3.866624,.103106,.106246,.103106,.4248,.103106,1,.531,0,-1.06344057071495,-.440219143927407,-.874471879518208,-1.09957507629312,-.61645785965477,-.555914744397567,.000425154680383099,.186041611224837,.00154330898777767,.109916953339409,.0997748084237423
P17,28.399378,SO,100,45,5660.149414,7980.838379,-114.014366,-.008057,-.147455,27.7778,34,38.7,"{""type"":""M"",""msg"":""FADE0"",""time"":28.3048,""dist"":0.581904}",6.276333,40.276333,0,44.1,49.3,.245599,44.1,34,0,-.008057,-.008057,-.008057,0,-.147455,.245599,.0511821746031746,.116158771369127,2.83343,.380913,.245599,.380913,0,.380913,1,0,0,.396737611328364,3.64093372992849,-1.17320101489145,-.562998802487735,-1.05507841495977,3.30140814201962,.000425154680383099,.186041611224837,.00154330898777767,.109916953339409,.0997748084237423
P17,26.279078,SO,100,46,5679.858398,8027.520996,-112.191711,-.007243,-.179713,27.7778,17.9,23.5,"{""type"":""M"",""msg"":""FADE0"",""time"":26.2748,""dist"":0.533743}",4.475956,22.375956,0,14.8,9.3,.182794,9.3,17.9,.002156,-.009399,-.007243,-.00808388888888889,.000670866001463177,-.179713,.182794,-.00498424444444444,.109566628689238,6.276333,-.147455,.182794,-.147455,.77616,.147455,1,.9702,0,-.366824770432784,1.3960763784914,-.627387442124746,-1.01391625140032,.406532885261919,-.51208152977919,.000425154680383099,.186041611224837,.00154330898777767,.109916953339409,.0997748084237423
P17,26.537996,SO,100,47,5676.239746,8019.031738,-112.643074,-.007894,-.328027,27.7779,35.4,39.8,"{""type"":""M"",""msg"":""FADE0"",""time"":26.5008,""dist"":0.542074}",4.860542,40.260542,0,18.4,11,.250952,11,35.4,.000854000000000001,-.008748,-.007894,-.00811424489795918,.000188869281361943,-.328027,.250952,-.0353557142857143,.173076035763909,4.475956,-.179713,.250952,-.179713,.30744,.179713,1,.3843,0,-.203717042355835,3.63895340613773,-.957002132172171,-.951610847143354,-.357778908552551,-.325790367651088,.000425154680383099,.186041611224837,.00154330898777767,.109916953339409,.0997748084237423
P17,27.701292,SO,100,48,5665.794922,7993.64502,-113.55732,-.008219,-.097991,27.7777,42.1,14.7,"{""type"":""M"",""msg"":""FADE0"",""time"":27.6024,""dist"":0.567832}",5.772915,20.472915,0,21.9,13.4,.345083,13.4,14.7,.001018,-.008586,-.007568,-.00804868965517241,.000316676724137416,-.097991,.345083,.114583931034483,.124342890397264,4.860542,-.328027,.345083,-.328027,.36648,.328027,1,.4581,0,.183231747222439,1.15741908211512,-.915483845560975,-.665146598678874,-.194511095457887,-.0627910799408252,.000425154680383099,.186041611224837,.00154330898777767,.109916953339409,.0997748084237423
P17,25.918934,SO,100,49,5682.186523,8033.569336,-112.102516,-.007568,-.27764,27.7778,27.3,32.5,"{""type"":""M"",""msg"":""FADE0"",""time"":25.9046,""dist"":0.527037}",4.251858,31.551858,0,14.3,9.3,.297978,9.3,27.3,.001994,-.009562,-.007568,-.00835351162790698,.000629234923655138,-.27764,.297978,.0335334651162791,.181904321819957,5.772915,-.097991,.297978,-.097991,.71784,.097991,1,.8973,0,-.461867532380925,2.54681141947776,-.668399408167513,-1.10945455247808,.192817471979872,-.51208152977919,.000425154680383099,.186041611224837,.00154330898777767,.109916953339409,.0997748084237423
P17,28.625895,SO,100,50,5653.328125,7964.15332,-114.403717,-.007894,.461071,27.7777,15,24.8,"{""type"":""M"",""msg"":""FADE0"",""time"":28.5511,""dist"":0.600558}",6.98733,21.98733,0,26.6,36.4,.251745,26.6,15,0,-.007894,-.007894,-.007894,0,.25171,.461071,.3226499,.0641885092245342,4.251858,-.27764,.251745,-.27764,0,.27764,1,0,0,.698280323074309,1.34733941987541,-1.17320101489145,-.762467647854135,-.452914951931374,1.38370500246562,.000425154680383099,.186041611224837,.00154330898777767,.109916953339409,.0997748084237423
P18,26.150394,SO,100,1,5682.482422,8033.612793,-111.895218,-.008057,-.015233,27.7778,35.2,40.6,"{""type"":""M"",""msg"":""FADE0"",""time"":26.0747,""dist"":0.525044}",4.150028,39.350028,0,41.5,47.5,.122765,41.5,35.2,0,-.008057,-.008057,-.008057,0,-.015233,.122765,.0548706666666667,.0414367909658158, , ,.122765, ,0, , ,0,0,-.505054907766602,3.52476731684551,-1.17320101489145, , ,3.01649224700016,.00211555190812476,.115587117279956,.0191985613306295,.194588328015282,.171645809326455
P18,25.930807,SO,100,2,5690.658203,8053.163086,-110.78241,-.009399,.471938,27.7774,21,15.6,"{""type"":""M"",""msg"":""FADE0"",""time"":25.8608,""dist"":0.504063}",3.443325,19.043325,0,50.8,55.1,.175549,50.8,15.6,.005371,-.009562,-.004191,-.00729977142857143,.00171307237039726,.161574,.471938,.247702,.103965387433115,4.150028,-.015233,.175549,-.015233,1.93356,.015233,1,2.41695,0,-.804776480458181,.978136510522301,.186522871625233,-1.26929926217793,-.496144714344539,4.03561448687743,.00211555190812476,.115587117279956,.0191985613306295,.194588328015282,.171645809326455
P18,25.247711,SO,100,3,5694.025391,8063.140625,-110.981674,-.008748,.060182,27.7775,16.1,8.7,"{""type"":""M"",""msg"":""FADE0"",""time"":25.1596,""dist"":0.493066}",3.038696,11.738696,0,21.5,13,.323075,13,8.7,.002685,-.009399,-.006714,-.0083518064516129,.000873703855981527,.060182,.323075,.198467129032258,.0736724917164889,3.443325,.471938,.323075,.471938,.9666,.471938,1,1.20825,0,-.976384695276317,.0620747923713087,-.493465651775216,-.387186618766176,-.796160454172402,-.106624294559202,.00211555190812476,.115587117279956,.0191985613306295,.194588328015282,.171645809326455
P18,26.955048,SO,100,4,5673.647949,8010.496094,-113.25061,-.011271,.539392,27.7775,8.7,5.6,"{""type"":""M"",""msg"":""FADE0"",""time"":26.8578,""dist"":0.549289}",5.06151,10.66151,0,17.4,26.4,.386163,17.4,5.6,.006551,-.012085,-.005534,-.0088808431372549,.0022457984893801,.377748,.685705,.535205078431373,.11754340136985,3.038696,.060182,.386163,.060182,2.35836,.060182,1,2.94795,0,-.118484002421547,-.0730133630884956,.485252006998475,-1.18248155444818,-.967937096964081,.375541066242945,.00211555190812476,.115587117279956,.0191985613306295,.194588328015282,.171645809326455
P18,25.447269,SO,100,5,5690.738281,8055.237793,-111.495667,-.010254,-.211433,27.7779,8.5,4.2,"{""type"":""M"",""msg"":""FADE0"",""time"":25.3694,""dist"":0.50187}",3.346344,7.546344,0,11.7,17.2,.101192,11.7,4.2,.004191,-.010905,-.006714,-.00911811764705882,.00136286384665807,-.211433,.101192,.0123282352941176,.0946222240071759,5.06151,.539392,.101192,.539392,1.50876,.539392,1,1.88595,0,-.845907334354658,-.463681296844687,-.11220626374801,-.256901147294009,-.109194402021287,-.249082242068928,.00211555190812476,.115587117279956,.0191985613306295,.194588328015282,.171645809326455
P18,25.5826,SO,100,6,5686.499512,8042.156738,-111.412033,-.009399,.576544,27.7776,18.3,13.1,"{""type"":""M"",""msg"":""FADE0"",""time"":25.5663,""dist"":0.517351}",3.844014,16.944014,0,11.7,20,.307857,11.7,13.1,.003336,-.009562,-.006226,-.00813794871794872,.00104237100549201,.307857,.576544,.439925025641026,.0830257701434945,3.346344,-.211433,.307857,-.211433,1.20096,.211433,1,1.5012,0,-.634839268871112,.71486531063066,-.328658306751503,-.890344574496852,-.837331676686309,-.249082242068928,.00211555190812476,.115587117279956,.0191985613306295,.194588328015282,.171645809326455
P18,25.312429,SO,100,7,5691.345215,8055.605957,-111.093323,-.008911,.231301,27.7776,18.4,11.4,"{""type"":""M"",""msg"":""FADE0"",""time"":25.2998,""dist"":0.503132}",3.347095,14.747095,0,20.3,30,.285495,20.3,11.4,.004191,-.010091,-.0059,-.00833905882352941,.0012981948058788,.231301,.31031,.281463264705882,.0232129059078217,3.844014,.576544,.285495,.576544,1.50876,.576544,1,1.88595,0,-.845588825870767,.439353249199674,-.11220626374801,-.185143122030363,-.62605645464801,.693331872226179,.00211555190812476,.115587117279956,.0191985613306295,.194588328015282,.171645809326455
P18,26.354237,SO,100,8,5681.733887,8028.730469,-111.098213,-.004354,1.126807,27.7778,0,4.5,"{""type"":""M"",""msg"":""FADE0"",""time"":26.2694,""dist"":0.529647}",4.252531,4.252531,4.252531,15.3,25.9,.314104,15.3,0,.004069,-.008423,-.004354,-.0064546511627907,.00140685298727203,.314104,1.126807,.604026209302326,.239600473943362,3.347095,.231301,.314104,.231301,1.46484,.231301,1,1.83105,1,-.461582104671659,-.876753062166112,-.143091818422193,-.851970100822807,-.837012855596529,.145416689496466,.00211555190812476,.115587117279956,.0191985613306295,.194588328015282,.171645809326455
P18,24.521286,SO,100,9,5696.688965,8068.891602,-109.920616,-.007568,.553516,27.7774,4.5,12.7,"{""type"":""M"",""msg"":""FADE0"",""time"":24.5131,""dist"":0.488939}",2.940889,7.440889,0,7.8,12,.046449,7.8,4.5,.003174,-.007894,-.00472,-.00658356666666667,.0011523272907718,.046449,.553516,.2379859,.16229302781492,4.252531,1.126807,.046449,1.126807,1.14264,1.126807,1,1.4283,0,-1.01786586609383,-.476906237972787,-.369670272794271,.877674122146251,-.452629244083941,-.676456084598104,.00211555190812476,.115587117279956,.0191985613306295,.194588328015282,.171645809326455
P18,25.230644,SO,100,10,5688.271484,8049.876465,-112.329094,-.012777,-.599703,27.7775,4.4,1.4,"{""type"":""M"",""msg"":""FADE0"",""time"":25.1783,""dist"":0.508461}",3.642275,5.042275,0,21,27.9,.059358,21,1.4,.007731,-.014282,-.006551,-.0101967837837838,.00264517098938104,-.599703,.059358,-.158295378378378,.177513087323528,2.940889,.553516,.059358,.553516,2.78316,.553516,1,3.47895,0,-.720399299539196,-.777712543401992,.783981142371718,-.229621045312319,-1.00945898022387,.770039997808339,.00211555190812476,.115587117279956,.0191985613306295,.194588328015282,.171645809326455
P18,25.656271,SO,100,11,5688.640625,8045.497559,-110.02401,-.002848,1.3772,27.7781,-.404804,2.9,"{""type"":""M"",""msg"":""FADE0"",""time"":25.5548,""dist"":0.511098}",3.745029,3.340225,3.340225,16,23.7,.201219,16,-.404804,.009278,-.009766,-.000488,-.00495892105263158,.00268329975742433,.198491,1.3772,.611796736842105,.381601032393547,3.642275,-.599703,.201219,-.599703,3.34008,.599703,1,4.1751,1,-.67682004420796,-.991163883282347,1.17562010205172,-.140412175995674,-.711700459749351,.222124815078626,.00211555190812476,.115587117279956,.0191985613306295,.194588328015282,.171645809326455
P18,25.581469,SO,100,12,5688.227051,8045.885254,-111.137505,-.010905,.830196,27.7773,13.5,10.2,"{""type"":""M"",""msg"":""FADE0"",""time"":25.5517,""dist"":0.512853}",3.746838,13.946838,0,14.9,25.4,.296883,14.9,10.2,.0059,-.011271,-.005371,-.00792057894736842,.00180337472881201,.296883,.830196,.528398868421053,.170084351328292,3.745029,1.3772,.296883,1.3772,2.124,1.3772,1,2.655,0,-.676052824704153,.338994312095222,.320444661974763,1.36130103913161,-.668078432772994,.101583474878089,.00211555190812476,.115587117279956,.0191985613306295,.194588328015282,.171645809326455
P18,25.517746,SO,100,13,5685.691406,8040.777344,-111.552673,-.010742,.328059,27.7775,11.6,7.9,"{""type"":""M"",""msg"":""FADE0"",""time"":25.4647,""dist"":0.517887}",3.947538,11.847538,0,9.1,13.9,-.013741,9.1,7.9,.008056,-.011922,-.003866,-.00832615,.00266672726101028,-.013741,.328059,.1790283,.105736771682349,3.746838,.830196,.013741,.830196,2.90016,.830196,1,3.6252,0,-.590933446918576,.0757244916958043,.866258234741467,.304778460231004,-.667310460267786,-.533998137088379,.00211555190812476,.115587117279956,.0191985613306295,.194588328015282,.171645809326455
P18,25.332365,SO,100,14,5691.977539,8058.074707,-111.761658,-.012939,-.072545,27.7774,5.6,2.9,"{""type"":""M"",""msg"":""FADE0"",""time"":25.2792,""dist"":0.499453}",3.241003,6.141003,0,9.2,15.1,.255135,9.2,2.9,.007039,-.01359,-.006551,-.0104794848484848,.0022086208100477,-.072545,.264884,.195523878787879,.0944593546094554,3.947538,.328059,.255135,.328059,2.53404,.328059,1,3.16755,0,-.890583768710963,-.639922840535412,.608794225695206,-.665084791594237,-.58210754053566,-.523039833433785,.00211555190812476,.115587117279956,.0191985613306295,.194588328015282,.171645809326455
P18,24.432032,SO,100,15,5699.103516,8075.980469,-109.703354,-.006388,.360108,27.7778,4.7,9.9,"{""type"":""M"",""msg"":""FADE0"",""time"":24.4265,""dist"":0.481534}",2.637764,7.337764,0,16.8,23.6,.182321,16.8,4.7,.003174,-.008057,-.004883,-.00601481481481481,.00116758791588066,.160259,.360108,.21003737037037,.0589432880514744,3.241003,-.072545,.182321,-.072545,1.14264,.072545,1,1.4283,0,-1.14642496619972,-.489838977566314,-.369670272794271,-1.15860277359292,-.882051959533852,.30979124431538,.00211555190812476,.115587117279956,.0191985613306295,.194588328015282,.171645809326455
P18,24.644106,SO,100,16,5696.816406,8069.544922,-110.593697,-.010905,.43161,27.7775,10.7,7.2,"{""type"":""M"",""msg"":""FADE0"",""time"":24.5794,""dist"":0.486722}",2.836208,10.036208,0,8.3,13.9,.309286,8.3,7.2,.004842,-.010905,-.006063,-.00879606896551724,.00167285713528499,.309286,.44783,.391826931034483,.046708212315495,2.637764,.360108,.309286,.360108,1.74312,.360108,1,2.1789,0,-1.0622623862033,-.151431476381211,.0526010812757029,-.603183064858809,-1.13814425697425,-.621664566325133,.00211555190812476,.115587117279956,.0191985613306295,.194588328015282,.171645809326455
P18,25.545813,SO,100,17,5687.845215,8046.951172,-112.094696,-.010905,.068267,27.7778,7.3,3.9,"{""type"":""M"",""msg"":""FADE0"",""time"":25.455,""dist"":0.510314}",3.651459,7.551459,0,7.1,12.7,.259751,7.1,3.9,.007894,-.014445,-.006551,-.0103297027027027,.002100663742525,.068267,.388143,.313525108108108,.0830339613169695,2.836208,.43161,.259751,.43161,2.84184,.43161,1,3.5523,0,-.716504250383328,-.463039832960848,.8252462686987,-.465078997180052,-1.05389907409771,-.753164210180264,.00211555190812476,.115587117279956,.0191985613306295,.194588328015282,.171645809326455
P18,24.859936,SO,100,18,5694.194824,8061.530273,-110.042152,-.004883,.805931,27.7779,1.6,6,"{""type"":""M"",""msg"":""FADE0"",""time"":24.8137,""dist"":0.495668}",3.175242,4.775242,0,14.1,9.8,.364807,9.8,1.6,.005534,-.010091,-.004557,-.00644171875,.00171510709219617,.364807,.805931,.50892746875,.127710148347098,3.651459,.068267,.364807,.068267,1.99224,.068267,1,2.4903,0,-.918473830507462,-.811200720389901,.227787997952215,-1.16686560822034,-.707801587727329,-.457290011506219,.00211555190812476,.115587117279956,.0191985613306295,.194588328015282,.171645809326455
P18,24.631142,SO,100,19,5697.441406,8070.958496,-110.232529,-.010417,.531859,27.7773,13.9,10.1,"{""type"":""M"",""msg"":""FADE0"",""time"":24.5782,""dist"":0.485553}",2.841902,12.941902,0,5.6,9.6,.3318,5.6,10.1,.006063,-.010417,-.004354,-.007835,.00201150153581135,.3318,.531859,.41409524137931,.0588999161633257,3.175242,.805931,.3318,.805931,2.18268,.805931,1,2.72835,0,-1.05984748965566,.212966912374882,.361709788301744,.257911306833546,-.909969394533873,-.917538764999178,.00211555190812476,.115587117279956,.0191985613306295,.194588328015282,.171645809326455
P18,25.178581,SO,100,20,5689.26709,8051.077148,-111.65728,-.011597,-.091915,27.7773,7.4,4,"{""type"":""M"",""msg"":""FADE0"",""time"":25.138,""dist"":0.507335}",3.570116,7.570116,0,6.4,10.4,.125904,6.4,4,.00887,-.01359,-.00472,-.00961291666666667,.00267361326805932,-.091915,.221809,.116958972222222,.0949323462949081,2.841902,.531859,.125904,.531859,3.1932,.531859,1,3.9915,0,-.75100283307995,-.460700088741731,1.07233070609216,-.271450921311855,-1.05148180740635,-.829872335762424,.00211555190812476,.115587117279956,.0191985613306295,.194588328015282,.171645809326455
P18,25.318283,SO,100,21,5689.611328,8050.407227,-111.25753,-.009766,.478307,27.7774,14.2,9.7,"{""type"":""M"",""msg"":""FADE0"",""time"":25.232,""dist"":0.506567}",3.551315,13.251315,0,35.7,44,.324871,35.7,9.7,.007568,-.011922,-.004354,-.00830872222222222,.00218926388947924,.324871,.484237,.391262388888889,.0572036702400306,3.570116,-.091915,.324871,-.091915,2.72448,.091915,1,3.4056,0,-.758976572102106,.251769896674051,.742716016044736,-1.12119017267354,-.742334029679348,2.3809106350337,.00211555190812476,.115587117279956,.0191985613306295,.194588328015282,.171645809326455
P18,25.800827,SO,100,22,5685.630371,8039.661133,-111.335815,-.009562,.685754,27.7775,19.7,14.8,"{""type"":""M"",""msg"":""FADE0"",""time"":25.7675,""dist"":0.519498}",3.950073,18.750073,0,9.3,14.5,.053519,9.3,14.8,.005534,-.010417,-.004883,-.00774845,.00171260640994497,.053519,.685754,.3332616,.204577491476232,3.551315,.478307,.053519,.478307,1.99224,.478307,1,2.4903,0,-.589858321743258,.941360251115942,.227787997952215,-.374885077452003,-.750315594671295,-.51208152977919,.00211555190812476,.115587117279956,.0191985613306295,.194588328015282,.171645809326455
P18,24.852783,SO,100,23,5694.205078,8062.777832,-110.846558,-.005697,.3592,27.7781,8.1,12.7,"{""type"":""M"",""msg"":""FADE0"",""time"":24.821,""dist"":0.494934}",3.042621,11.142621,0,11.9,18.6,.306916,11.9,8.1,.01005,-.01359,-.00354,-.00834532258064516,.00298116061724397,.305852,.441931,.37381564516129,.0496472648374164,3.950073,.685754,.306916,.685754,3.618,.685754,1,4.5225,0,-.974720053732678,-.012678010084073,1.3710598414654,.02579286900761,-.581031360159373,-.227165634759739,.00211555190812476,.115587117279956,.0191985613306295,.194588328015282,.171645809326455
P18,25.084795,SO,100,24,5693.165039,8060.316406,-111.539772,-.013265,.244106,27.7773,6.3,3.8,"{""type"":""M"",""msg"":""FADE0"",""time"":25.0803,""dist"":0.498284}",3.17564,6.97564,0,44.3,27.3,.152609,27.3,3.8,.009929,-.015137,-.005208,-.0107435625,.00307812242664048,.152609,.410375,.309392625,.0827060097058717,3.042621,.3592,.152609,.3592,3.57444,.3592,1,4.46805,0,-.918305033734374,-.535252363191198,1.34042744707544,-.604936840885386,-.966270821628014,1.46041312804778,.00211555190812476,.115587117279956,.0191985613306295,.194588328015282,.171645809326455
P18,25.221722,SO,100,25,5689.692383,8053.452637,-111.898903,-.008219,-.554796,27.7781,9,2.5,"{""type"":""M"",""msg"":""FADE0"",""time"":25.1869,""dist"":0.505054}",3.445189,5.945189,0,16.3,21.9,.186299,16.3,2.5,.009237,-.013794,-.004557,-.00926562857142857,.00250534965372001,-.554796,.186299,-.0779612571428571,.215340157835341,3.17564,.244106,.186299,.244106,3.32532,.244106,1,4.15665,0,-.803985934767138,-.664479557827696,1.16524053039892,-.827237609611002,-.909800432092152,.254999726042409,.00211555190812476,.115587117279956,.0191985613306295,.194588328015282,.171645809326455
P18,25.7138,SO,100,26,5684.68457,8037.304688,-111.712303,-.010742,.666585,27.7773,12.1,8.6,"{""type"":""M"",""msg"":""FADE0"",""time"":25.7045,""dist"":0.522707}",4.047081,12.647081,0,25.7,38.4,.277107,25.7,8.6,.006226,-.011597,-.005371,-.00846456097560976,.00205520190065089,.277107,.667102,.492805317073171,.128014923896286,3.445189,-.554796,.277107,-.554796,2.24136,.554796,1,2.8017,0,-.54871601680941,.175993887214125,.402974914628726,-.227148761926836,-.795369132586051,1.28508026957427,.00211555190812476,.115587117279956,.0191985613306295,.194588328015282,.171645809326455
P18,25.231449,SO,100,27,5688.590332,8047.722656,-111.953934,-.014608,.485154,27.7771,6.2,4,"{""type"":""M"",""msg"":""FADE0"",""time"":25.1314,""dist"":0.509077}",3.675316,7.675316,0,6.9,12.1,.308487,6.9,4,.010905,-.015625,-.00472,-.00998672972972973,.00373273554476434,.308487,.611888,.47589072972973,.0978335333267827,4.047081,.666585,.308487,.666585,3.9258,.666585,1,4.90725,0,-.706386198585468,-.447507126751535,1.5875118844689,-.0112315061613938,-.539848675369268,-.775080817489453,.00211555190812476,.115587117279956,.0191985613306295,.194588328015282,.171645809326455
P18,24.950666,SO,100,28,5691.570801,8056.442383,-110.976669,-.006063,.144912,27.7782,8.8,13.5,"{""type"":""M"",""msg"":""FADE0"",""time"":24.8987,""dist"":0.501163}",3.260709,12.060709,0,16.4,25.3,.281124,16.4,8.8,.010417,-.012777,-.00236,-.00815027272727273,.0027355542088479,.144912,.302223,.256681212121212,.0521153667583741,3.675316,.485154,.281124,.485154,3.75012,.485154,1,4.68765,0,-.882226207880657,.102457922308087,1.46396966577217,-.361660292811064,-.69767360538528,.265958029697003,.00211555190812476,.115587117279956,.0191985613306295,.194588328015282,.171645809326455
P18,25.147385,SO,100,29,5691.078613,8055.582031,-111.421654,-.010091,-.015619,27.7781,9.5,5.2,"{""type"":""M"",""msg"":""FADE0"",""time"":25.1019,""dist"":0.50234}",3.338402,8.538402,0,7.4,11.6,.112305,7.4,5.2,.007242,-.012939,-.005697,-.00935385294117647,.0020595889871283,-.015619,.219248,.145055794117647,.0658425035422705,3.260709,.144912,.112305,.144912,2.60712,.144912,1,3.2589,0,-.849275635791495,-.339268906292691,.660185763390773,-1.01882798315757,-.873686196024927,-.720289299216481,.00211555190812476,.115587117279956,.0191985613306295,.194588328015282,.171645809326455
P18,25.268602,SO,100,30,5690.677734,8052.641602,-111.154396,-.006226,.670283,27.7783,7.1,13,"{""type"":""M"",""msg"":""FADE0"",""time"":25.2231,""dist"":0.505251}",3.454002,10.554002,0,8.7,16,.313174,8.7,7.1,.009236,-.01359,-.004354,-.00874491428571429,.00292244556504861,.313174,.722404,.574557714285714,.144170350789403,3.338402,-.015619,.313174,-.015619,3.32496,.015619,1,4.1562,0,-.800248231346988,-.0864957676288188,1.16498737011471,-1.26855371421949,-.840703284003263,-.577831351706756,.00211555190812476,.115587117279956,.0191985613306295,.194588328015282,.171645809326455
P18,25.037611,SO,100,31,5696.486328,8068.345215,-110.248238,-.009237,.548742,27.7776,22.2,16.5,"{""type"":""M"",""msg"":""FADE0"",""time"":24.9561,""dist"":0.487498}",2.831602,19.331602,0,7.7,12.8,-.029601,7.7,16.5,.007039,-.012085,-.005046,-.00838220689655172,.0021005198060635,-.029601,.548742,.266542034482759,.18712964272616,3.454002,.670283,.029601,.670283,2.53404,.670283,1,3.16755,0,-1.06421584835617,1.01428886321857,.608794225695206,-.00408892494302166,-.791627760729552,-.687414388252699,.00211555190812476,.115587117279956,.0191985613306295,.194588328015282,.171645809326455
P18,24.88818,SO,100,32,5692.031738,8059.525879,-112.858124,-.017293,-.559584,27.7767,2.8,.9,"{""type"":""M"",""msg"":""FADE0"",""time"":24.8533,""dist"":0.498605}",3.184952,4.084952,0,21.2,15.3,.236084,15.3,.9,.010742,-.019979,-.009237,-.013908375,.00342319194329578,-.559584,.294514,.10210065625,.246874918679495,2.831602,.548742,.236084,.548742,3.86712,.548742,1,4.8339,0,-.914355698179121,-.897768873737928,1.54624675814192,-.238841889751613,-1.05585445351119,.145416689496466,.00211555190812476,.115587117279956,.0191985613306295,.194588328015282,.171645809326455
P18,24.412941,SO,100,33,5696.091309,8067.461914,-110.399109,-.008057,.484922,27.7778,23.1,34.7,"{""type"":""M"",""msg"":""FADE0"",""time"":24.3171,""dist"":0.488097}",2.833986,25.933986,0,11.4,8,.393137,8,23.1,.00708,-.011108,-.004028,-.00795551724137931,.00185038252069846,.393137,.484922,.429491896551724,.0234022984636504,3.184952,-.559584,.393137,-.559584,2.5488,.559584,1,3.186,0,-1.06320476416762,1.84228317079157,.619173797348005,-.217900876888013,-.905847220390381,-.654539477288916,.00211555190812476,.115587117279956,.0191985613306295,.194588328015282,.171645809326455
P18,25.982159,SO,100,34,5687.385742,8046.03418,-111.906189,-.007894,-.022857,26.5555,15.2,6.8,"{""type"":""M"",""msg"":""FADE0"",""time"":25.9197,""dist"":0.51215}",3.76315,10.56315,0,10.5,16.3,.261335,10.5,6.8,.005697,-.011597,-.0059,-.009318,.00183624508168164,-.022857,.304524,.221226026315789,.0922645730261729,2.833986,.484922,.261335,.484922,2.05092,.484922,1,2.56365,0,-.669134701682537,-.0853485317325611,.269053124279196,-.362108394174682,-1.05484237697586,-.380581885924059,.00211555190812476,.115587117279956,.0191985613306295,.194588328015282,.171645809326455
P18,24.917952,SO,100,35,5692.716797,8059.255859,-111.148956,-.009399,.209974,27.778,12.8,7.6,"{""type"":""M"",""msg"":""FADE0"",""time"":24.9158,""dist"":0.499566}",3.242325,10.842325,0,45.4,51.3,.284708,45.4,7.6,.005859,-.012085,-.006226,-.00907618181818182,.00152384075723453,.209974,.368293,.31558203030303,.0440085822989994,3.76315,-.022857,.284708,-.022857,2.10924,.022857,1,2.63655,0,-.890023091992316,-.0503376461468861,.310065090321963,-1.25457372426314,-.660385547329717,3.44386608952934,.00211555190812476,.115587117279956,.0191985613306295,.194588328015282,.171645809326455
P18,25.866049,SO,100,36,5685.599121,8040.969727,-111.56189,-.009074,.171057,27.7775,18.3,11.6,"{""type"":""M"",""msg"":""FADE0"",""time"":25.8183,""dist"":0.517903}",3.852102,15.452102,0,18,11,.164216,11,11.6,.0059,-.010091,-.004191,-.00786258974358974,.00173561816255991,.118236,.172357,.140735538461538,.0165424836419606,3.242325,.209974,.164216,.209974,2.124,.209974,1,2.655,0,-.631409047009978,.527767037734106,.320444661974763,-.893162591262023,-.88149073252894,-.325790367651088,.00211555190812476,.115587117279956,.0191985613306295,.194588328015282,.171645809326455
P18,24.523712,SO,100,37,5701.294922,8080.663574,-108.766037,-.008219,.827696,27.7773,1.1,6.6,"{""type"":""M"",""msg"":""FADE0"",""time"":24.4872,""dist"":0.475482}",2.332191,3.432191,0,5.5,8.4,.157219,5.5,1.1,.01177,-.008423,.003347,-.00313654166666667,.00405376510955011,.148634,.827696,.341198166666667,.218986659981174,3.852102,.171057,.157219,.171057,4.2372,.171057,1,5.2965,0,-1.27602229369385,-.979630575845176,1.80649553031454,-.968329663537683,-.622622866133842,-.928497068653772,.00211555190812476,.115587117279956,.0191985613306295,.194588328015282,.171645809326455
P18,25.061903,SO,100,38,5693.553711,8059.266113,-110.35083,-.0059,1.003807,27.7783,1,7.4,"{""type"":""M"",""msg"":""FADE0"",""time"":25.0365,""dist"":0.498589}",3.266153,4.266153,0,13.8,10.4,.340452,10.4,1,.00704,-.011597,-.004557,-.00805542424242424,.00235149225267572,.340452,1.003807,.680307212121212,.205103816870378,2.332191,.827696,.340452,.827696,2.5344,.827696,1,3.168,0,-.879917339456817,-.875044749160119,.609047385979421,.299949781743732,-1.26786878009983,-.391540189578653,.00211555190812476,.115587117279956,.0191985613306295,.194588328015282,.171645809326455
P18,24.575102,SO,100,39,5699.232422,8076.699707,-110.412956,-.010417,.219115,27.7776,10.6,6.7,"{""type"":""M"",""msg"":""FADE0"",""time"":24.511,""dist"":0.479149}",2.566517,9.266517,0,8.6,13.7,.238292,8.6,6.7,.005045,-.011271,-.006226,-.00879384615384615,.00187974272052976,.219115,.287516,.259612307692308,.0199355421030264,3.266153,1.003807,.238292,1.003807,1.8162,1.003807,1,2.27025,0,-1.17664170914486,-.247957180822238,.103992618971269,.640103140572488,-.871375061520583,-.58878965536135,.00211555190812476,.115587117279956,.0191985613306295,.194588328015282,.171645809326455
P18,24.760275,SO,100,40,5693.069824,8060.20166,-111.195114,-.009766,.202994,27.7775,11,6.5,"{""type"":""M"",""msg"":""FADE0"",""time"":24.6787,""dist"":0.496344}",3.249514,9.749514,0,13,9.2,.327886,9.2,6.5,.005737,-.011434,-.005697,-.00963357575757576,.00179262299142735,.202994,.377332,.324554424242424,.0476994076725738,2.566517,.219115,.327886,.219115,2.06532,.219115,1,2.58165,0,-.886974147264361,-.18738530760571,.279179535647781,-.875507011241164,-1.16839065668603,-.523039833433785,.00211555190812476,.115587117279956,.0191985613306295,.194588328015282,.171645809326455
P18,24.641283,SO,100,41,5693.967773,8062.827148,-111.111137,-.010905,.113998,27.7777,8.8,5.2,"{""type"":""M"",""msg"":""FADE0"",""time"":24.5827,""dist"":0.494181}",3.067469,8.267469,0,56.3,36.8,.311036,36.8,5.2,.004028,-.011271,-.007243,-.00963567741935484,.00130315037216475,.113998,.359504,.286927129032258,.0753344423052926,3.249514,.202994,.311036,.202994,1.45008,.202994,1,1.8126,0,-.96418170645208,-.373246175977955,-.153471390074992,-.906644261598486,-.878438795359262,2.50145197523423,.00211555190812476,.115587117279956,.0191985613306295,.194588328015282,.171645809326455
P18,26.192169,SO,100,42,5682.841309,8035.505859,-112.222366,-.009237,-.389793,27.7778,10.1,4.2,"{""type"":""M"",""msg"":""FADE0"",""time"":26.1092,""dist"":0.523003}",4.159832,8.359832,0,8.8,12.9,.18731,8.8,4.2,.006388,-.011759,-.005371,-.00850616666666667,.00175578268165603,-.389793,.18731,-.0415693095238096,.178870119064833,3.067469,.113998,.18731,.113998,2.29968,.113998,1,2.8746,0,-.500896908863713,-.361663081412361,.443986880671493,-1.07853748985978,-.955722131296655,-.566873048052162,.00211555190812476,.115587117279956,.0191985613306295,.194588328015282,.171645809326455
P18,25.127756,SO,100,43,5691.840332,8056.044434,-110.676468,-.006551,.544936,27.778,5.3,11.4,"{""type"":""M"",""msg"":""FADE0"",""time"":25.0479,""dist"":0.500729}",3.331896,8.631896,0,9.2,15.2,.321448,9.2,5.3,.006185,-.010905,-.00472,-.00741523529411765,.00160129460993519,.321448,.544936,.409283941176471,.0641013364163343,4.159832,-.389793,.321448,-.389793,2.2266,.389793,1,2.78325,0,-.852034911685232,-.327543974844864,.392595342975927,-.545847336500946,-.491982634498731,-.523039833433785,.00211555190812476,.115587117279956,.0191985613306295,.194588328015282,.171645809326455
P18,24.934511,SO,100,44,5693.546387,8061.428711,-110.946899,-.009237,.217921,27.7781,14.8,9.1,"{""type"":""M"",""msg"":""FADE0"",""time"":24.8679,""dist"":0.495412}",3.145948,12.245948,0,27,19.4,-.013265,19.4,9.1,.008911,-.014445,-.005534,-.0093498125,.00223523443870386,-.013265,.281128,.17968621875,.0963354240998554,3.331896,.544936,.013265,.544936,3.20796,.544936,1,4.00995,0,-.930897781941695,.125688445940234,1.08271027774496,-.246193069880635,-.843465268038027,.594707139334831,.00211555190812476,.115587117279956,.0191985613306295,.194588328015282,.171645809326455
P18,26.084414,SO,100,45,5684.071777,8035.790527,-111.945038,-.011108,.652394,27.7782,10.5,7.3,"{""type"":""M"",""msg"":""FADE0"",""time"":26.0428,""dist"":0.523457}",4.158339,11.458339,0,16.8,11.8,.384287,11.8,7.3,.00826,-.012614,-.004354,-.00872997619047619,.00247334408254064,.384287,.718327,.568836738095238,.126889749944887,3.145948,.217921,.384287,.217921,2.9736,.217921,1,3.717,0,-.501530108819039,.0269156740758201,.917902932721248,-.877813188086684,-.922405539679029,-.238123938414333,.00211555190812476,.115587117279956,.0191985613306295,.194588328015282,.171645809326455
P18,25.393286,SO,100,46,5688.729004,8048.184082,-111.800995,-.006388,.449836,27.7783,14.9,19.7,"{""type"":""M"",""msg"":""FADE0"",""time"":25.3358,""dist"":0.509842}",3.549601,18.449601,0,10.6,23.7,.428544,10.6,14.9,.0094,-.014608,-.005208,-.00993627777777778,.00272845970792639,.428544,.702853,.592438111111111,.0904273963969447,4.158339,.652394,.428544,.652394,3.384,.652394,1,4.23,0,-.75970350091887,.903678543177556,1.20650565672591,-.0386410167265422,-.492616455919558,-.369623582269465,.00211555190812476,.115587117279956,.0191985613306295,.194588328015282,.171645809326455
P18,25.076042,SO,100,47,5688.918945,8049.758301,-111.905029,-.012614,.055312,27.7775,6.4,3.6,"{""type"":""M"",""msg"":""FADE0"",""time"":25.0152,""dist"":0.508151}",3.569067,7.169067,0,6.5,10.5,.154896,6.5,3.6,.0094,-.014771,-.005371,-.00998036111111111,.00318599282711754,.055312,.364025,.251400555555556,.0857903650242661,3.549601,.449836,.154896,.449836,3.384,.449836,1,4.23,0,-.751447727087409,-.510994995711372,1.20650565672591,-.429875999536447,-.75104323694544,-.81891403210783,.00211555190812476,.115587117279956,.0191985613306295,.194588328015282,.171645809326455
P18,25.319075,SO,100,48,5690.069824,8051.080078,-110.918907,-.005371,.670452,27.778,3.9,8.9,"{""type"":""M"",""msg"":""FADE0"",""time"":25.2749,""dist"":0.507}",3.447264,7.347264,0,28.4,20.3,.462193,20.3,3.9,.007731,-.011271,-.00354,-.00784611428571429,.00225998147794894,.462193,.670452,.554390771428571,.0642812499018666,3.569067,.055312,.462193,.055312,2.78316,.055312,1,3.47895,0,-.803105901339609,-.48864759791891,.783981142371718,-1.19188782014138,-.742779360336045,.693331872226179,.00211555190812476,.115587117279956,.0191985613306295,.194588328015282,.171645809326455
P18,25.952108,SO,100,49,5680.647949,8025.739746,-111.748657,-.010905,1.230163,27.7773,-.505245,12.2,"{""type"":""M"",""msg"":""FADE0"",""time"":25.8644,""dist"":0.532829}",4.589471,4.084226,4.084226,50.5,56.1,.373086,50.5,-.505245,.009033,-.012248,-.003215,-.00801515217391304,.00273838985916413,.373086,1.230163,.801896739130435,.269652161839527,3.447264,.670452,.373086,.670452,3.25188,.670452,1,4.06485,1,-.318681640540758,-.897859920224667,1.11359583241914,-.00376250627728194,-.794488235433862,4.00273957591365,.00211555190812476,.115587117279956,.0191985613306295,.194588328015282,.171645809326455
P18,26.457365,SO,100,50,5679.962402,8025.27832,-112.292877,-.010091,.757933,27.7771,13.2,9.3,"{""type"":""M"",""msg"":""FADE0"",""time"":26.3745,""dist"":0.533581}",4.561571,13.861571,0,11.3,18.5,.22185,11.3,9.3,.009236,-.013102,-.003866,-.00851576086956522,.00253280591163049,.22185,.768496,.519863065217391,.18927947800393,4.589471,1.230163,.22185,1.230163,3.32496,1.230163,1,4.1562,0,-.33051437915669,.328301115422047,1.16498737011471,1.07730327963843,-.309588527718509,-.292915456687305,.00211555190812476,.115587117279956,.0191985613306295,.194588328015282,.171645809326455
P19,31.735268,SO,100,1,5645.246094,7949.711914,-114.828239,-.005371,-.822783,27.7776,8.4,11.5,"{""type"":""M"",""msg"":""FADE0"",""time"":31.6977,""dist"":0.617789}",7.492972,15.892972,0,13.6,19.2,.003424,13.6,8.4,.004557,-.009928,-.005371,-.00757701333333333,.00175118363441458,-.882709,.003424,-.425291346666667,.340563017558901, , ,.003424, ,1.64052, , ,2.05065,0,.912729413369547,.583055831960511,-.0195495997254616, , ,-.0408744726316367,.000734224645989154,.266466205813571,.00470360899653761,.235311911233285,.264705748199187
P19,28.366447,SO,100,2,5666.826172,7981.331543,-109.834534,-.003703,2.092288,27.7779,-3.442596,-2.024877,"{""type"":""M"",""msg"":""FADE0"",""time"":28.3289,""dist"":0.580551}",6.18503,2.742434,2.742434,4.8,7.2,-.084704,4.8,-3.442596,.002197,-.003703,-.001506,-.00325795161290323,.000462206129142646,-1.841671,2.092288,.308851822580645,.955820446067225,7.492972,-.822783,.084704,-.822783,.79092,.822783,1,.98865,1,.358014868179602,-1.06613188652456,-.617007870471947,.290460462780546,.92303111675157,-1.00520519423593,.000734224645989154,.266466205813571,.00470360899653761,.235311911233285,.264705748199187
P19,29.214819,SO,100,3,5644.299805,7963.963379,-119.650421,-.016113,-1.770704,27.7769,-2.6313,-3.946011,"{""type"":""M"",""msg"":""FADE0"",""time"":29.1207,""dist"":0.603647}",7.083874,3.137863,3.137863,13.4,9.1,.138749,9.1,-3.946011,.006551,-.016805,-.010254,-.0142260281690141,.00156249511973483,-1.770704,1.872593,-.144025281690141,.855362316063269,6.18503,2.092288,.138749,2.092288,2.35836,2.092288,1,2.94795,1,.739225839810386,-1.01654177467265,.485252006998475,2.74247305597404,.367772136979397,-.533998137088379,.000734224645989154,.266466205813571,.00470360899653761,.235311911233285,.264705748199187
P19,28.251799,SO,100,4,5657.026855,7972.406738,-113.966431,-.007039,.435963,27.7781,7.2,13.9,"{""type"":""M"",""msg"":""FADE0"",""time"":28.1879,""dist"":0.591581}",6.576229,13.776229,0,7.7,11.8,-.157503,7.7,7.2,.005046,-.010417,-.005371,-.00799436363636364,.00158473728603017,-.157503,.435963,.162912681818182,.164622263564913,7.083874,-1.770704,.157503,-1.770704,1.81656,1.770704,1,2.2707,0,.523927252187273,.317598513120076,.104245779255484,2.12134275891374,.749357254984889,-.687414388252699,.000734224645989154,.266466205813571,.00470360899653761,.235311911233285,.264705748199187
P19,30.03586,SO,100,5,5630.704102,7917.947754,-116.039223,-.010417,-.151298,27.7777,14.4,9.6,"{""type"":""M"",""msg"":""FADE0"",""time"":30.0111,""dist"":0.653074}",8.742346,18.342346,0,16.4,9.7,.00123,9.7,9.6,.006714,-.010417,-.003703,-.00762411494252874,.00190663675901327,-.567496,.00123,-.318611896551724,.172582228182585,6.576229,.435963,.00123,.435963,2.41704,.435963,1,3.0213,0,1.44260453794093,.890227866958369,.526517133325457,-.456671302198014,.533847358684866,-.468248315160813,.000734224645989154,.266466205813571,.00470360899653761,.235311911233285,.264705748199187
P19,33.030716,SO,100,6,5598.74707,7854.819824,-118.133385,-.00472,.788245,27.7778,1.5,5.5,"{""type"":""M"",""msg"":""FADE0"",""time"":32.9624,""dist"":0.722686}",11.243321,12.743321,0,11.9,17,.111759,11.9,1.5,.005738,-.009766,-.004028,-.007321,.00177941533570354,-.241354,.788245,.0360415714285714,.269182192979674,8.742346,-.151298,.111759,-.151298,2.06568,.151298,1,2.5821,0,2.50329928561049,.188063190084244,.279432695931996,-1.00649360682968,1.45342629680839,-.227165634759739,.000734224645989154,.266466205813571,.00470360899653761,.235311911233285,.264705748199187
P19,34.01796,SO,100,7,5580.884766,7835.678223,-122.325706,-.009562,.542102,27.778,-2.846882,-4.974551,"{""type"":""M"",""msg"":""FADE0"",""time"":33.9387,""dist"":0.747621}",12.203843,7.229292,7.229292,20.9,31.6,-.014271,20.9,-4.974551,.012085,-.017293,-.005208,-.00987757851239669,.003540877150632,-1.830048,1.852578,-.134316801652893,.774328579803805,11.243321,.788245,.014271,.788245,4.3506,.788245,1,5.43825,1,2.9106686677199,-.503442275788752,1.88624101984214,.223751303743192,2.51516208244392,.759081694153745,.000734224645989154,.266466205813571,.00470360899653761,.235311911233285,.264705748199187
P19,35.053421,SO,100,8,5570.464355,7805.17334,-119.662918,-.0059,1.07244,27.7777,.1,3.9,"{""type"":""M"",""msg"":""FADE0"",""time"":34.9546,""dist"":0.778912}",13.377605,13.477605,0,7.6,11.6,.002403,7.6,.1,.006225,-.010091,-.003866,-.00725081954887218,.00195972015950093,-.4002,1.07244,-.0274613533834586,.291428272733285,12.203843,.542102,.002403,.542102,2.241,.542102,1,2.80125,0,3.40847579830462,.280148559875206,.402721754344512,-.251666859813806,2.92293128457118,-.698372691907293,.000734224645989154,.266466205813571,.00470360899653761,.235311911233285,.264705748199187
P19,32.710709,SO,100,9,5599.138184,7867.48584,-120.67215,-.006551,.996072,27.778,-2.127659,-4.047661,"{""type"":""M"",""msg"":""FADE0"",""time"":32.689,""dist"":0.712568}",10.843701,6.79604,6.79604,16.4,12.5,.072847,12.5,-4.047661,.007405,-.012939,-.005534,-.0102232962962963,.00179865820839879,-1.851321,1.820472,.0299638981481482,.797942331575912,13.377605,1.07244,.072847,1.07244,2.6658,1.07244,1,3.33225,1,2.33381545028079,-.557775708946323,.701450889717754,.772665816819253,3.42122699693101,-.161415812832174,.000734224645989154,.266466205813571,.00470360899653761,.235311911233285,.264705748199187
P19,29.784479,SO,100,10,5636.812012,7930.147461,-115.632042,-.007568,-.030149,27.7777,11.7,18.5,"{""type"":""M"",""msg"":""FADE0"",""time"":29.7217,""dist"":0.638419}",8.201074,19.901074,0,13.5,18.1,-.038741,13.5,11.7,.00118,-.007568,-.006388,-.00746362195121951,.000178660560995999,-.299616,-.030149,-.208653719512195,.0818173187913434,10.843701,.996072,.038741,.996072,.4248,.996072,1,.531,0,1.2130443194419,1.08570542643607,-.874471879518208,.62516320933287,2.34551190415119,-.051832776286231,.000734224645989154,.266466205813571,.00470360899653761,.235311911233285,.264705748199187
P19,27.222111,SO,100,11,5666.003906,7997.381348,-114.101784,-.008911,-1.394925,27.7777,4.7,-.70644,"{""type"":""M"",""msg"":""FADE0"",""time"":27.1797,""dist"":0.565648}",5.563095,4.856655,4.856655,20.8,11,.128663,11,-.70644,.000488000000000001,-.008911,-.008423,-.00890228571428572,6.52117430266316E-05,-1.394925,.128663,-.508424714285714,.456285107859099,8.201074,-.030149,.128663,-.030149,.17568,.030149,1,.2196,1,.0942444634806864,-.80099084762842,-1.04965879619472,-1.24048943485147,1.22364077229794,-.325790367651088,.000734224645989154,.266466205813571,.00470360899653761,.235311911233285,.264705748199187
P19,29.245459,SO,100,12,5637.891602,7930.434082,-115.480057,-.007568,.819034,27.7778,3.6,13.1,"{""type"":""M"",""msg"":""FADE0"",""time"":29.2299,""dist"":0.639072}",8.215233,11.815233,0,14,22.6,.106516,14,3.6,.00118,-.008748,-.007568,-.00779135365853659,.000430318841651486,.106516,.819034,.364946036585366,.197983300998987,5.563095,-1.394925,.106516,-1.394925,.4248,1.394925,1,.531,0,1.21904932826137,.0716731738527121,-.874471879518208,1.39553636960637,.103742850065599,.00295874198674037,.000734224645989154,.266466205813571,.00470360899653761,.235311911233285,.264705748199187
P19,30.468216,SO,100,13,5624.515625,7907.22168,-117.240562,-.008423,-.907563,27.7776,12.7,1.7,"{""type"":""M"",""msg"":""FADE0"",""time"":30.4534,""dist"":0.665781}",9.266508,10.966508,0,22,15.5,.172485,15.5,1.7,.001018,-.009237,-.008219,-.00860275,.000475710333531416,-.907563,.241313,-.162657826086957,.368825334568838,8.215233,.819034,.172485,.819034,.36648,.819034,1,.4581,0,1.66490819164717,-.0347640568044097,-.915483845560975,.283219376521034,1.22965167484148,.167333296805654,.000734224645989154,.266466205813571,.00470360899653761,.235311911233285,.264705748199187
P19,32.112045,SO,100,14,5596.898926,7864.15918,-119.98259,-.007039,.634124,27.7781,-4.550178,-8.195577,"{""type"":""M"",""msg"":""FADE0"",""time"":32.0564,""dist"":0.715334}",11.035223,2.839646,2.839646,8.9,4.6,.084707,4.6,-8.195577,.002889,-.009766,-.006877,-.00848854545454546,.000881910318480023,-1.837155,1.870235,-.0480570909090909,1.02393673978038,9.266508,-.907563,.084707,-.907563,1.04004,.907563,1,1.30005,1,2.41504232358547,-1.05394068670526,-.441820953795435,.454210607640901,1.67594813443983,-1.02712180154512,.000734224645989154,.266466205813571,.00470360899653761,.235311911233285,.264705748199187
P19,29.532148,SO,100,15,5643.71875,7941.086426,-114.716499,-.007406,1.479623,27.7778,-1.113214,6.2,"{""type"":""M"",""msg"":""FADE0"",""time"":29.4643,""dist"":0.625536}",7.832641,6.719427,6.719427,14,21.5,.023023,14,-1.113214,0,-.007406,-.007406,-.007406,0,.023023,1.479623,.567392948717949,.436873681583456,11.035223,.634124,.023023,.634124,0,.634124,1,0,1,1.05678728049984,-.567383621464906,-1.17320101489145,-.0739289991115231,2.42681849903378,.00295874198674037,.000734224645989154,.266466205813571,.00470360899653761,.235311911233285,.264705748199187
P19,26.582287,SO,100,16,5669.439453,8000.450195,-112.938568,-.008057,.578496,27.7778,16.4,28.9,"{""type"":""M"",""msg"":""FADE0"",""time"":26.4866,""dist"":0.560039}",5.495724,21.895724,0,7.9,13.1,.074709,7.9,16.4,.002197,-.008748,-.006551,-.00815372727272727,.000414468041682054,.074709,.578496,.348365181818182,.14370203830742,7.832641,1.479623,.074709,1.479623,.79092,1.479623,1,.98865,0,.0656715805669245,1.33585125945646,-.617007870471947,1.55912813381234,1.06723037207041,-.66549778094351,.000734224645989154,.266466205813571,.00470360899653761,.235311911233285,.264705748199187
P19,27.569328,SO,100,17,5660.362305,7978.910156,-113.497139,-.007568,.838731,27.7778,2.9,12.5,"{""type"":""M"",""msg"":""FADE0"",""time"":27.5273,""dist"":0.584915}",6.283575,9.183575,0,15.8,24.1,.022655,15.8,2.9,0,-.007568,-.007568,-.007568,0,.022655,.838731,.342724555555556,.24468461191948,5.495724,.578496,.022655,.578496,0,.578496,1,0,0,.399809034018564,-.258358803002759,-1.17320101489145,-.181372889867501,.0751419237812294,.200208207769437,.000734224645989154,.266466205813571,.00470360899653761,.235311911233285,.264705748199187
P19,28.486605,SO,100,18,5651.014648,7961.328613,-114.818832,-.008423,-.475458,27.7777,47.2,8.1,"{""type"":""M"",""msg"":""FADE0"",""time"":28.4783,""dist"":0.605627}",6.98231,15.08231,0,19.2,11.4,-.112139,11.4,8.1,.001017,-.008911,-.007894,-.00824214285714286,.00037135471872881,-.475458,-.112139,-.281795714285714,.109448436842691,6.283575,.838731,.112139,.838731,.36612,.838731,1,.45765,0,.696151278348432,.481392020621192,-.91573700584519,.321263568586549,.409607322455243,-.281957153032711,.000734224645989154,.266466205813571,.00470360899653761,.235311911233285,.264705748199187
P19,26.384933,SO,100,19,5669.544922,8000.397461,-112.433449,-.006877,.705811,27.7778,2.5,8.6,"{""type"":""M"",""msg"":""FADE0"",""time"":26.3495,""dist"":0.561707}",5.48117,7.98117,0,13.5,19.1,-.065177,13.5,2.5,0,-.006877,-.006877,-.006877,0,-.077412,.705811,.156460454545455,.24177948892081,6.98231,-.475458,.065177,-.475458,0,.475458,1,0,0,.0594990473118607,-.409150470890799,-1.17320101489145,-.380387839456098,.706240417218703,-.051832776286231,.000734224645989154,.266466205813571,.00470360899653761,.235311911233285,.264705748199187
P19,26.374992,SO,100,20,5673.375,8012.074219,-112.997192,-.008586,-.315974,27.7779,15.3,6.4,"{""type"":""M"",""msg"":""FADE0"",""time"":26.3044,""dist"":0.5485}",5.065559,11.465559,0,17.3,24.7,.113156,17.3,6.4,.00118,-.008586,-.007406,-.00848941176470588,.000284203812533934,-.315974,.113156,-.0398602941176471,.129632330994902,5.48117,.705811,.113156,.705811,.4248,.705811,1,.531,0,-.116766770928503,.0278211226078468,-.874471879518208,.0645323907752926,.068963332382219,.364582762588351,.000734224645989154,.266466205813571,.00470360899653761,.235311911233285,.264705748199187
P19,26.088474,SO,100,21,5675.449219,8017.354004,-112.51506,-.008219,-.416492,27.7778,41.6,17.8,"{""type"":""M"",""msg"":""FADE0"",""time"":26.0658,""dist"":0.544078}",4.865942,22.665942,0,19.4,25.4,-.282496,19.4,17.8,.000976,-.008219,-.007243,-.00786367346938776,.000352557287765354,-.416492,-.282496,-.368752265306122,.034117597347737,5.065559,-.315974,.282496,-.315974,.35136,.315974,1,.4392,0,-.201426834881784,1.43244305411582,-.926116577497989,-.688426623401707,-.107475485120462,.594707139334831,.000734224645989154,.266466205813571,.00470360899653761,.235311911233285,.264705748199187
P19,27.066656,SO,100,22,5669.870605,8003.131348,-113.229515,-.008748,-.080563,27.7779,17.2,8.8,"{""type"":""M"",""msg"":""FADE0"",""time"":27.0094,""dist"":0.558464}",5.272692,14.072692,0,31.3,20.1,.053305,20.1,8.8,.000162000000000001,-.008748,-.008586,-.00858905660377358,2.22524113596877E-05,-.080563,.103999,.0566893773584906,.0520598527337771,4.865942,-.416492,.053305,-.416492,.0583200000000004,.416492,1,.0729000000000005,0,-.0289190774613397,.354777458847258,-1.13218904884868,-.494278981728281,-.192218640218458,.671415264916991,.000734224645989154,.266466205813571,.00470360899653761,.235311911233285,.264705748199187
P19,26.405027,SO,100,23,5671.691895,8009.273438,-113.169792,-.008423,-.790646,27.7778,12.8,2.7,"{""type"":""M"",""msg"":""FADE0"",""time"":26.3292,""dist"":0.551525}",5.080104,7.780104,0,38.1,43.9,-.070827,38.1,2.7,.001505,-.009399,-.007894,-.00840066666666667,.000351226859261456,-.790646,-.070827,-.396065,.213715242747166,5.272692,-.080563,.070827,-.080563,.5418,.080563,1,.67725,0,-.110598054685896,-.434365833015521,-.792194787148459,-1.14311623594855,-.0195415719521802,2.64390992274396,.000734224645989154,.266466205813571,.00470360899653761,.235311911233285,.264705748199187
P19,25.953236,SO,100,24,5676.893555,8017.450684,-111.808487,-.007406,.89537,27.7779,1.6,9.5,"{""type"":""M"",""msg"":""FADE0"",""time"":25.8797,""dist"":0.542135}",4.764784,6.364784,0,8.7,13.6,-.030964,8.7,1.6,.001018,-.007406,-.006388,-.00718872916666667,.000204214294994601,-.030964,.89537,.346202541666667,.279397758702075,5.080104,-.790646,.030964,-.790646,.36648,.790646,1,.4581,0,-.244329206670689,-.611858826969555,-.915483845560975,.228388766562367,-.101300714480185,-.577831351706756,.000734224645989154,.266466205813571,.00470360899653761,.235311911233285,.264705748199187
P19,25.699804,SO,100,25,5679.050781,8027.000488,-112.5532,-.008586,-.739199,27.7779,11,2.6,"{""type"":""M"",""msg"":""FADE0"",""time"":25.609,""dist"":0.531921}",4.480526,7.080526,0,19.9,10.6,-.044561,10.6,2.6,0,-.008586,-.008586,-.008586,0,-.739199,-.044561,-.339933844444444,.208505476592665,4.764784,.89537,.044561,.89537,0,.89537,1,0,0,-.364886576329744,-.522098779433558,-1.17320101489145,.43066017692278,-.235163119312939,-.369623582269465,.000734224645989154,.266466205813571,.00470360899653761,.235311911233285,.264705748199187
P19,25.560627,SO,100,26,5687.974121,8050.006836,-112.058044,-.009237,-.918838,27.7779,6,.8,"{""type"":""M"",""msg"":""FADE0"",""time"":25.549,""dist"":0.509418}",3.47716,4.27716,0,12.4,7.3,.109312,7.3,.8,.001343,-.010254,-.008911,-.00947965714285714,.000587414521584261,-.918838,.109312,-.329071571428571,.320128291685976,4.480526,-.739199,.109312,-.739199,.48348,.739199,1,.60435,0,-.790426634183269,-.873664379078122,-.833206753191226,.129020357708502,-.355838812173997,-.731247602871076,.000734224645989154,.266466205813571,.00470360899653761,.235311911233285,.264705748199187
P19,26.471521,SO,100,27,5672.799805,8008.347168,-111.960358,-.0059,.613553,27.7777,2.3,6.8,"{""type"":""M"",""msg"":""FADE0"",""time"":26.4692,""dist"":0.5541}",5.160831,7.460831,0,12.4,17.2,.063324,12.4,2.3,.001343,-.006877,-.005534,-.00626325,.000501821266322316,-.044086,.613553,.111722192307692,.187678485604989,3.47716,-.918838,.063324,-.918838,.48348,.918838,1,.60435,0,-.076360725286314,-.474405343980311,-.833206753191226,.475987947618496,-.781796523982385,-.172374116486768,.000734224645989154,.266466205813571,.00470360899653761,.235311911233285,.264705748199187
P19,26.003576,SO,100,28,5679.084473,8024.086914,-111.967903,-.007731,.400545,27.7779,11.1,21.1,"{""type"":""M"",""msg"":""FADE0"",""time"":25.9313,""dist"":0.535186}",4.480278,15.580278,0,21.2,14.6,.134749,14.6,11.1,.002198,-.009766,-.007568,-.00793624444444445,.00067292543675681,.134749,.400545,.239859777777778,.0754912364778157,5.160831,.613553,.134749,.613553,.79128,.613553,1,.9891,0,-.364991756228552,.543841382753644,-.616754710187732,-.113661297176189,-.0670297822369598,.0687085639143059,.000734224645989154,.266466205813571,.00470360899653761,.235311911233285,.264705748199187
P19,25.953714,SO,100,29,5678.845703,8026.258301,-112.458473,-.008219,-.648664,27.7779,18.1,4.4,"{""type"":""M"",""msg"":""FADE0"",""time"":25.902,""dist"":0.533792}",4.464996,8.864996,0,17.6,9.7,-.022267,9.7,4.4,.000529,-.008748,-.008219,-.00832668888888889,.000198720775120888,-.648664,-.022267,-.3132786,.189748190728756,4.480278,.400545,.022267,.400545,.19044,.400545,1,.23805,0,-.371473043380118,-.298311280549097,-1.03927922454192,-.525080156062889,-.355944095303511,-.468248315160813,.000734224645989154,.266466205813571,.00470360899653761,.235311911233285,.264705748199187
P19,27.29561,SO,100,30,5663.581543,7987.875,-113.40313,-.007406,.17483,27.7777,10.9,18.1,"{""type"":""M"",""msg"":""FADE0"",""time"":27.2664,""dist"":0.575745}",5.986291,16.886291,0,57.4,30.3,.064624,30.3,10.9,.003052,-.009766,-.006714,-.00797135,.000857056271020121,.06345,.17483,.0942447166666667,.0243604736818295,4.464996,-.648664,.064624,-.648664,1.09872,.648664,1,1.3734,0,.273727174997102,.707626362484652,-.400555827468453,-.0458454050295515,-.362431743631096,1.78916223768561,.000734224645989154,.266466205813571,.00470360899653761,.235311911233285,.264705748199187
P19,27.464714,SO,100,31,5658.112793,7975.103027,-114.288956,-.008423,.31793,27.7781,47.9,15.4,"{""type"":""M"",""msg"":""FADE0"",""time"":27.4398,""dist"":0.589747}",6.482897,21.882897,0,31.3,23.5,-.017329,23.5,15.4,.000488000000000001,-.008911,-.008423,-.00885593846153846,.000152914996497552,-.017329,.433351,.317747076923077,.126053796722658,5.986291,.17483,.017329,.17483,.17568,.17483,1,.2196,0,.484343984785762,1.3342426461157,-1.04965879619472,-.961042221964693,.283401718122183,1.0439975891732,.000734224645989154,.266466205813571,.00470360899653761,.235311911233285,.264705748199187
P19,26.640739,SO,100,32,5671.775391,8005.900879,-112.416473,-.007243,.609893,27.7775,4.2,11.7,"{""type"":""M"",""msg"":""FADE0"",""time"":26.5496,""dist"":0.554277}",5.272659,9.472659,0,9.4,13.8,.052908,9.4,4.2,.001343,-.007243,-.0059,-.00709632075471698,.000407869736632859,.040779,.609893,.22173679245283,.175473206482484,6.482897,.31793,.052908,.31793,.48348,.31793,1,.60435,0,-.0289330731736812,-.22210524574065,-.833206753191226,-.684648665353266,.494225241572565,-.501123226124596,.000734224645989154,.266466205813571,.00470360899653761,.235311911233285,.264705748199187
P19,27.36212,SO,100,33,5663.257813,7991.302734,-114.460014,-.009399,-1.512301,27.7777,3.7,-.908772,"{""type"":""M"",""msg"":""FADE0"",""time"":27.2946,""dist"":0.571556}",5.871935,4.963163,4.963163,26.1,33.8,-.093013,26.1,-.908772,.001668,-.009399,-.007731,-.00934247457627119,.000290213379045441,-1.512301,-.093013,-.585866,.432614632924516,5.272659,.609893,.093013,.609893,.60048,.609893,1,.7506,1,.225227366496617,-.787633851472034,-.750929660821477,-.120730482481554,-.0195555814008657,1.32891348419265,.000734224645989154,.266466205813571,.00470360899653761,.235311911233285,.264705748199187
P19,25.661707,SO,100,34,5680.112305,8027.261719,-111.824409,-.007243,.160587,27.7776,9.5,16.3,"{""type"":""M"",""msg"":""FADE0"",""time"":25.6134,""dist"":0.53248}",4.391066,13.891066,0,10,15.1,-.047748,10,9.5,.00236,-.008911,-.006551,-.00769120454545455,.00050852630580904,-.047748,.160587,.0230004318181818,.0580695273689713,5.871935,-1.512301,.047748,-1.512301,.8496,1.512301,1,1.062,0,-.402827680149862,.332000035706275,-.575742744144965,1.62224475605516,.234854308611037,-.43537340419703,.000734224645989154,.266466205813571,.00470360899653761,.235311911233285,.264705748199187
P19,25.573221,SO,100,35,5689.092773,8052.552246,-111.540962,-.005208,-.783884,27.7779,12.5,15.5,"{""type"":""M"",""msg"":""FADE0"",""time"":25.4942,""dist"":0.504846}",3.448458,15.948458,0,51,9.5,.2143,9.5,12.5,.003377,-.008423,-.005046,-.00770791428571429,.00112134319066934,-.783884,.2143,-.285767657142857,.307918629962904,4.391066,.160587,.2143,.160587,1.21572,.160587,1,1.51965,0,-.802599511020347,.590014241551652,-.318278735098704,-.988552169042376,-.393817153973877,-.490164922470002,.000734224645989154,.266466205813571,.00470360899653761,.235311911233285,.264705748199187
P19,25.053982,SO,100,36,5690.309082,8054.331055,-110.966438,-.006714,-.276828,27.7777,11.7,16.6,"{""type"":""M"",""msg"":""FADE0"",""time"":24.9802,""dist"":0.502768}",3.355244,15.055244,0,16.2,9.4,-.076816,9.4,11.7,.002523,-.009237,-.006714,-.00765952941176471,.00105696406966523,-.282546,-.076816,-.201292794117647,.0738436931981205,3.448458,-.783884,.076816,-.783884,.90828,.783884,1,1.13535,0,-.842132733147426,.477997717301547,-.534477617817983,.215328156989995,-.7939813481087,-.501123226124596,.000734224645989154,.266466205813571,.00470360899653761,.235311911233285,.264705748199187
P19,25.944567,SO,100,37,5673.806641,8014.030762,-112.730186,-.005697,-.665358,27.7781,11.4,14.8,"{""type"":""M"",""msg"":""FADE0"",""time"":25.8793,""dist"":0.546615}",4.97443,16.37443,0,16.3,10.2,-.123699,10.2,11.4,.003702,-.009399,-.005697,-.0084129,.00149959775899256,-.665358,-.108263,-.30882138,.194286135907619,3.355244,-.276828,.123699,-.276828,1.33272,.276828,1,1.6659,0,-.155415718503101,.64343470167416,-.236001642728955,-.764036002626801,-.833553370828731,-.413456796887842,.000734224645989154,.266466205813571,.00470360899653761,.235311911233285,.264705748199187
P19,25.762314,SO,100,38,5677.020508,8020.32959,-112.432304,-.008423,-.095498,27.7778,51.5,14.1,"{""type"":""M"",""msg"":""FADE0"",""time"":25.6849,""dist"":0.539224}",4.667061,18.767061,0,20.2,30.6,-.18849,20.2,14.1,.000854000000000001,-.008748,-.007894,-.0085631914893617,.000177363988097417,-.18849,-.051214,-.0852957659574468,.0373178085860012,4.97443,-.665358,.18849,-.665358,.30744,.665358,1,.3843,0,-.285774752038601,.943490688742268,-.957002132172171,-.0136014215629466,-.146162365400826,.682373568571585,.000734224645989154,.266466205813571,.00470360899653761,.235311911233285,.264705748199187
P19,26.894665,SO,100,39,5664.850098,7992.330078,-113.341278,-.007406,-.43845,27.7778,16.1,21.9,"{""type"":""M"",""msg"":""FADE0"",""time"":26.8468,""dist"":0.570604}",5.781321,21.881321,0,13.2,7.1,-.100956,7.1,16.1,.001831,-.009237,-.007406,-.00755465517241379,.000433134092592305,-.467052,-.100956,-.363789775862069,.113317732726999,4.667061,-.095498,.100956,-.095498,.65916,.095498,1,.82395,0,.186796836857045,1.33404500250261,-.709664534494495,-1.11426971066559,-.276649342157893,-.753164210180264,.000734224645989154,.266466205813571,.00470360899653761,.235311911233285,.264705748199187
P19,25.995024,SO,100,40,5675.628418,8015.797852,-112.129883,-.006551,.351681,27.7776,5.6,11.1,"{""type"":""M"",""msg"":""FADE0"",""time"":25.8971,""dist"":0.543393}",4.886277,10.486277,0,16.1,23.7,.113145,16.1,5.6,.001343,-.007894,-.006551,-.00733002040816327,.000475393805605587,.105583,.351681,.158411653061224,.0707554848102343,5.781321,-.43845,.113145,-.43845,.48348,.43845,1,.60435,0,-.192802507292,-.0949890504309675,-.833206753191226,-.451867732838877,.196386060635917,.23308311873322,.000734224645989154,.266466205813571,.00470360899653761,.235311911233285,.264705748199187
P19,25.980816,SO,100,41,5673.864258,8013.526367,-112.817085,-.008219,-.419967,27.7777,45.7,9,"{""type"":""M"",""msg"":""FADE0"",""time"":25.928,""dist"":0.547424}",4.991972,13.991972,0,27.4,14.6,-.042927,14.6,9,.000203999999999999,-.008423,-.008219,-.00825572,7.9169938636287E-05,-.419967,-.042927,-.20794696,.113518259983997,4.886277,.351681,.042927,.351681,.0734399999999996,.351681,1,.0917999999999995,0,-.147975937112396,.344654494095845,-1.12155631691167,-.619459574303705,-.183585848127014,.0687085639143059,.000734224645989154,.266466205813571,.00470360899653761,.235311911233285,.264705748199187
P19,28.844282,SO,100,42,5642.651855,7944.70459,-115.45491,-.007894,-1.04887,27.7777,30.1,1.4,"{""type"":""M"",""msg"":""FADE0"",""time"":28.7979,""dist"":0.623116}",7.629871,9.029871,0,42.8,13.3,-.296556,13.3,1.4,0,-.007894,-.007894,-.007894,0,-1.04887,-.296556,-.713968592105263,.222712651482947,4.991972,-.419967,.296556,-.419967,0,.419967,1,0,0,.970789989849207,-.277634573247447,-1.17320101489145,-.487567118630973,-.138715282102665,-.0737493835954194,.000734224645989154,.266466205813571,.00470360899653761,.235311911233285,.264705748199187
P19,23.858675,SO,100,43,5694.918457,8068.150391,-111.940681,-.010742,-.885006,27.778,3.8,.6,"{""type"":""M"",""msg"":""FADE0"",""time"":23.8414,""dist"":0.489893}",2.834772,3.434772,0,12.9,8.1,.326105,8.1,.6,.003052,-.012614,-.009562,-.0114296206896552,.000710477777565065,-.885006,.326105,-.146906965517241,.37748581849819,7.629871,-1.04887,.326105,-1.04887,1.09872,1.04887,1,1.3734,0,-1.0628714117464,-.979306896806234,-.400555827468453,.727141036041256,.981148677829837,-.643581173634321,.000734224645989154,.266466205813571,.00470360899653761,.235311911233285,.264705748199187
P19,25.645824,SO,100,44,5679.672363,8026.95459,-111.514107,-.00472,-.125932,27.7776,5,8.2,"{""type"":""M"",""msg"":""FADE0"",""time"":25.5728,""dist"":0.532252}",4.462688,9.462688,0,34.5,13.9,.020191,13.9,5,.004679,-.009399,-.00472,-.00652935555555556,.00166501535831786,-.320549,.020191,-.195936933333333,.105945663662902,2.834772,-.885006,.020191,-.885006,1.68444,.885006,1,2.10555,0,-.372451895019027,-.223355692736888,.011335954948721,.410642407385947,-1.0545086973799,-.00799956166785386,.000734224645989154,.266466205813571,.00470360899653761,.235311911233285,.264705748199187
P19,24.453178,SO,100,45,5692.187988,8060.592773,-111.640579,-.010254,-.769497,27.7777,5.7,1.4,"{""type"":""M"",""msg"":""FADE0"",""time"":24.4083,""dist"":0.497077}",3.14545,4.54545,0,15.3,9.4,-.200768,9.4,1.4,.00236,-.011922,-.009562,-.0105895,.000667525667018904,-.769497,-.18557,-.35980225,.186707059588181,4.462688,-.125932,.200768,-.125932,.8496,.125932,1,1.062,0,-.931108989964302,-.840018563751604,-.575742744144965,-1.05548731023294,-.363411555981579,-.501123226124596,.000734224645989154,.266466205813571,.00470360899653761,.235311911233285,.264705748199187
P19,24.430153,SO,100,46,5689.85498,8055.100098,-112.305557,-.010742,-1.002266,27.7781,3.9,.3,"{""type"":""M"",""msg"":""FADE0"",""time"":24.3636,""dist"":0.502467}",3.342634,3.642634,0,11.3,7.5,.032151,7.5,.3,.002035,-.012777,-.010742,-.0117642352941176,.000913088832308376,-1.002266,.050085,-.288032941176471,.337336578456748,3.14545,-.769497,.032151,-.769497,.7326,.769497,1,.91575,0,-.847480791711831,-.953239259304274,-.658019836514714,.187540078031444,-.922616954995555,-.709330995561887,.000734224645989154,.266466205813571,.00470360899653761,.235311911233285,.264705748199187
P19,23.944021,SO,100,47,5695.868652,8070.175293,-111.522385,-.010254,-.694048,27.7778,5.1,1.4,"{""type"":""M"",""msg"":""FADE0"",""time"":23.8778,""dist"":0.486295}",2.739445,4.139445,0,9.7,6.1,.260993,6.1,1.4,.000488000000000001,-.010742,-.010254,-.0104399642857143,.000180946581465126,-.694048,.260993,-.135107607142857,.295629007889122,3.342634,-1.002266,.260993,-1.002266,.17568,1.002266,1,.2196,0,-1.10330078357583,-.890934994672037,-1.04965879619472,.637126743152934,-.838906678341547,-.862747246726207,.000734224645989154,.266466205813571,.00470360899653761,.235311911233285,.264705748199187
P19,23.600887,SO,100,48,5698.783691,8076.341309,-110.311272,-.009237,-.076051,27.7777,14.6,8.4,"{""type"":""M"",""msg"":""FADE0"",""time"":23.528,""dist"":0.47928}",2.526722,10.926722,0,16.1,24.1,-.12198,16.1,8.4,.001669,-.009237,-.007568,-.00887846153846154,.000629542133984326,-.12198,-.047519,-.0703499615384615,.0227493637809602,2.739445,-.694048,.12198,-.694048,.60084,.694048,1,.75105,0,-1.19351926589113,-.0397535547677361,-.750676500537262,.0418124927569823,-1.09497774934454,.23308311873322,.000734224645989154,.266466205813571,.00470360899653761,.235311911233285,.264705748199187
P19,25.346706,SO,100,49,5683.325195,8038.662109,-112.459068,-.009237,-1.11193,27.778,5.6,.1,"{""type"":""M"",""msg"":""FADE0"",""time"":25.2888,""dist"":0.520352}",3.940902,4.040902,0,10.8,6.2,-.207709,6.2,.1,.00118,-.010417,-.009237,-.009695275,.000409331286274427,-1.11193,-.207709,-.5456901,.281552312820831,2.526722,-.076051,.207709,-.076051,.4248,.076051,1,.531,0,-.593747857436688,-.903293113050363,-.874471879518208,-1.15183103488237,-1.18528477821438,-.851788943071613,.000734224645989154,.266466205813571,.00470360899653761,.235311911233285,.264705748199187
P19,23.936344,SO,100,50,5696.067383,8070.234863,-110.505714,-.005697,-.509616,27.7779,10.5,14.2,"{""type"":""M"",""msg"":""FADE0"",""time"":23.9239,""dist"":0.48761}",2.733463,13.233463,0,6.7,3.9,-.053291,3.9,10.5,.007731,-.013428,-.005697,-.00727764285714286,.00213685612289342,-.509616,-.053291,-.323778785714286,.148020280424391,3.940902,-1.11193,.053291,-1.11193,2.78316,1.11193,1,3.47895,0,-1.10583782452208,.249531106204004,.783981142371718,.848939622204195,-.58492471330767,-1.10382992712728,.000734224645989154,.266466205813571,.00470360899653761,.235311911233285,.264705748199187
P20,30.337078,SO,100,1,5675.151367,8014.999512,-113.204948,-.013957,.195713,27.7773,6.1,3.7,"{""type"":""M"",""msg"":""FADE0"",""time"":30.2838,""dist"":0.545686}",4.973043,8.673043,0,34.6,41.8,.419958,34.6,3.7,.006918,-.013957,-.007039,-.00896652,.00225699582920776,.195713,.419958,.3471238,.041338834529349, , ,.419958, ,2.49048, , ,3.1131,0,-.156003962533936,-.322383796070999,.578161831305238, , ,2.26036929483316,.0010368790355529,.171158496761115,.00315057833450062,.332633036742118,.284527363672712
P20,30.173891,SO,100,2,5651.923828,7966.633301,-116.80188,-.015462,1.858591,27.7774,1.1,-.816992,"{""type"":""M"",""msg"":""FADE0"",""time"":30.1342,""dist"":0.599637}",6.924158,6.107166,6.107166,41.2,47.4,.346982,41.2,-.816992,.008056,-.015462,-.007406,-.0108612898550725,.00240549450768719,-1.778912,1.858591,-.159819623188406,.633735855863701,4.973043,.195713,.346982,.195713,2.90016,.195713,1,3.6252,1,.67148828852787,-.644166284022696,.866258234741467,-.920707304824816,-.146751186774361,2.98361733603638,.0010368790355529,.171158496761115,.00315057833450062,.332633036742118,.284527363672712
P20,29.125839,SO,100,3,5692.992676,8059.137207,-111.096672,-.010579,.510461,27.7777,10.8,7.3,"{""type"":""M"",""msg"":""FADE0"",""time"":29.083,""dist"":0.498361}",3.248173,10.548173,0,7.9,18.1,.251439,7.9,7.3,.003011,-.010905,-.007894,-.00993960606060606,.000700191131914794,.251439,.566228,.476808212121212,.095538803448441,6.924158,1.858591,.251439,1.858591,1.08396,1.858591,1,1.35495,0,-.887542882120417,-.0872267730987889,-.410935399121253,2.29109398539808,.681553221462537,-.66549778094351,.0010368790355529,.171158496761115,.00315057833450062,.332633036742118,.284527363672712
P20,26.243162,SO,100,4,5689.692871,8049.743164,-111.215546,-.009237,.795172,27.7778,18.9,13.6,"{""type"":""M"",""msg"":""FADE0"",""time"":26.1699,""dist"":0.507449}",3.548355,17.148355,0,20.2,15.4,.48061,15.4,13.6,.000975999999999999,-.009562,-.008586,-.00893397222222222,.000404439116810366,.48061,.796105,.68266275,.0997794514921713,3.248173,.510461,.48061,.510461,.35136,.510461,1,.4392,0,-.760231945087882,.740491385212777,-.926116577497989,-.31278054622011,-.879008088410387,.15637499315106,.0010368790355529,.171158496761115,.00315057833450062,.332633036742118,.284527363672712
P20,28.907061,SO,100,5,5675.61377,8013.447754,-112.105186,-.007568,1.239446,27.7777,-.506991,10,"{""type"":""M"",""msg"":""FADE0"",""time"":28.8733,""dist"":0.547502}",4.966109,4.459118,4.459118,8,15.1,.417478,8,-.506991,.000855,-.007894,-.007039,-.00753578,.000236274338126558,.417478,1.239446,.7785318,.249137626479004,3.548355,.795172,.417478,.795172,.3078,.795172,1,.38475,1,-.158944758575616,-.850845320353672,-.956748971887957,.237130606095724,-.7515721997655,-.654539477288916,.0010368790355529,.171158496761115,.00315057833450062,.332633036742118,.284527363672712
P20,27.336885,SO,100,6,5687.483398,8044.711914,-111.425812,-.008911,.558326,27.7777,21.5,14.5,"{""type"":""M"",""msg"":""FADE0"",""time"":27.2821,""dist"":0.513441}",3.850103,18.350103,0,13.1,23.7,.282807,13.1,14.5,.001506,-.009237,-.007731,-.00852094871794872,.000593738377114735,.282807,.561827,.455522794871795,.0932301168722288,4.966109,1.239446,.282807,1.239446,.54216,1.239446,1,.6777,0,-.632256847887872,.89120065979257,-.791941626864244,1.09523312859737,-.149694869113287,-.0956659909046081,.0010368790355529,.171158496761115,.00315057833450062,.332633036742118,.284527363672712
P20,27.496799,SO,100,7,5685.98877,8041.25293,-111.511009,-.008748,.430741,27.7777,25.5,16.7,"{""type"":""M"",""msg"":""FADE0"",""time"":27.469,""dist"":0.517957}",3.940975,20.640975,0,14.3,22.5,.305725,14.3,16.7,.001342,-.008748,-.007406,-.00801495,.000494369059172059,.305665,.430741,.3627649,.0439820365964246,3.850103,.558326,.305725,.558326,.48312,.558326,1,.6039,0,-.593716897224539,1.17849521511961,-.833459913475441,-.220330667902808,-.623471499101179,.0358336529505233,.0010368790355529,.171158496761115,.00315057833450062,.332633036742118,.284527363672712
P20,27.460135,SO,100,8,5679.692871,8027.062012,-112.365349,-.009074,-.163297,27.7779,13.3,6.8,"{""type"":""M"",""msg"":""FADE0"",""time"":27.4377,""dist"":0.533531}",4.449046,11.249046,0,40.7,46.9,.091328,40.7,6.8,.001017,-.009074,-.008057,-.008507,.000315092050042523,-.163297,.091328,.00554446666666668,.0739891317521456,3.940975,.430741,.091328,.430741,.36612,.430741,1,.45765,0,-.378237637678473,.000668577176446205,-.91573700584519,-.466757445822227,-.584893722709063,2.92882581776341,.0010368790355529,.171158496761115,.00315057833450062,.332633036742118,.284527363672712
P20,26.94529,SO,100,9,5691.575195,8056.311523,-110.87619,-.008423,.198143,27.7775,49.6,29,"{""type"":""M"",""msg"":""FADE0"",""time"":26.9146,""dist"":0.501727}",3.333519,32.333519,0,53.8,58.5,-.074752,53.8,29,.000325000000000001,-.008748,-.008423,-.00848514705882353,.000126611104006537,-.074752,.198143,.0826482352941176,.0831969476600131,4.449046,-.163297,.074752,-.163297,.117,.163297,1,.14625,0,-.851346577105531,2.64483826227451,-1.0909239225217,-.983317881562174,-.369202977162374,4.36436359651526,.0010368790355529,.171158496761115,.00315057833450062,.332633036742118,.284527363672712
P20,26.937645,SO,100,10,5686.645996,8041.462891,-111.097473,-.007243,.972703,27.7779,1.7,10.9,"{""type"":""M"",""msg"":""FADE0"",""time"":26.8409,""dist"":0.515623}",3.946383,5.646383,0,13.2,30,.375874,13.2,1.7,.001018,-.008057,-.007039,-.00777695,.000309730730863157,.375874,.972703,.659122325,.175904277736995,3.333519,.198143,.375874,.198143,.36648,.198143,1,.4581,0,-.591423296850526,-.701952335398442,-.915483845560975,-.916013829335188,-.842776257879954,-.0847076872500138,.0010368790355529,.171158496761115,.00315057833450062,.332633036742118,.284527363672712
P20,26.703663,SO,100,11,5682.377441,8029.758301,-111.369904,-.009237,1.333537,27.7777,-.708624,28,"{""type"":""M"",""msg"":""FADE0"",""time"":26.6569,""dist"":0.529463}",4.391312,3.682688,3.682688,6.9,12.5,.184517,6.9,-.708624,.002523,-.009237,-.006714,-.00762868181818182,.000666893484494888,.184517,1.333537,.721591681818182,.353660804802001,3.946383,.972703,.184517,.972703,.90828,.972703,1,1.13535,1,-.402723348476044,-.948216151894053,-.534477617817983,.58002665430525,-.58259787123965,-.775080817489453,.0010368790355529,.171158496761115,.00315057833450062,.332633036742118,.284527363672712
P20,27.045204,SO,100,12,5693.929688,8061.025391,-110.38327,-.008057,.729951,27.7777,5.5,21.6,"{""type"":""M"",""msg"":""FADE0"",""time"":26.947,""dist"":0.494687}",3.135307,8.635307,0,28.2,20.8,.202793,20.8,5.5,.001668,-.008911,-.007243,-.00790803125,.000384564813478988,.202793,.729951,.4573729375,.159627657442287,4.391312,1.333537,.202793,1.333537,.60048,1.333537,1,.7506,0,-.935410763003062,-.327116206847254,-.750929660821477,1.27696720361571,-.393712719901858,.748123390499151,.0010368790355529,.171158496761115,.00315057833450062,.332633036742118,.284527363672712
P20,25.860888,SO,100,13,5692.694336,8057.912109,-110.904701,-.009399,.671628,27.7779,17.3,12.3,"{""type"":""M"",""msg"":""FADE0"",""time"":25.8304,""dist"":0.499913}",3.239737,15.539737,0,17.1,39.5,.400167,17.1,12.3,.00118,-.009399,-.008219,-.00890475757575758,.000352726525645491,.400167,.672407,.578102666666667,.0860606925466218,3.135307,.729951,.400167,.729951,.4248,.729951,1,.531,0,-.89112069512988,.538757201460445,-.874471879518208,.111158110248387,-.926922950086949,.342666155279163,.0010368790355529,.171158496761115,.00315057833450062,.332633036742118,.284527363672712
P20,26.67524,SO,100,14,5687.582031,8044.329102,-111.112015,-.009074,.796362,27.7778,27.3,20.8,"{""type"":""M"",""msg"":""FADE0"",""time"":26.5862,""dist"":0.512764}",3.768385,24.568385,0,1000000,29.7,.240969,29.7,20.8,.001506,-.009074,-.007568,-.00804589473684211,.000471950512148781,.240969,.796362,.505379868421053,.168044718682207,3.239737,.671628,.240969,.671628,.54216,.671628,1,.6777,0,-.666914472770192,1.67102535627851,-.791941626864244,-.00149109591686946,-.882589412928874,1.72341241575804,.0010368790355529,.171158496761115,.00315057833450062,.332633036742118,.284527363672712
P20,27.3426,SO,100,15,5684.90918,8037.390625,-111.457214,-.010254,.848351,27.7776,15.7,12,"{""type"":""M"",""msg"":""FADE0"",""time"":27.2804,""dist"":0.520966}",4.045838,16.045838,0,34.5,45.4,.240675,34.5,12,.003215,-.010254,-.007039,-.00810921951219512,.00105739066839544,.240675,.848351,.522211292682927,.193389582078669,3.768385,.796362,.240675,.796362,1.1574,.796362,1,1.44675,0,-.549243188640938,.602226509979459,-.359290701141472,.239429057055665,-.658163139333714,2.24941099117857,.0010368790355529,.171158496761115,.00315057833450062,.332633036742118,.284527363672712
P20,27.594435,SO,100,16,5681.265625,8030.316895,-112.495956,-.013957,.072401,27.7774,6.2,3.6,"{""type"":""M"",""msg"":""FADE0"",""time"":27.4986,""dist"":0.527937}",4.36064,7.96064,0,13.9,21.5,.061702,13.9,3.6,.006551,-.013957,-.007406,-.00934854545454545,.00180674851797038,.061702,.212372,.152466409090909,.0497664679960865,4.045838,.848351,.061702,.848351,2.35836,.848351,1,2.94795,0,-.415731726928656,-.41172510501303,.485252006998475,.33984432340557,-.540376364603085,-.00799956166785386,.0010368790355529,.171158496761115,.00315057833450062,.332633036742118,.284527363672712
P20,27.581097,SO,100,17,5684.79541,8038.767578,-112.417465,-.013957,.21675,27.7775,5.8,3.5,"{""type"":""M"",""msg"":""FADE0"",""time"":27.4861,""dist"":0.518828}",3.954846,7.454846,0,1000000,38.1,.434977,38.1,3.5,.005371,-.013957,-.008586,-.01052855,.00125452593865939,.21675,.585333,.488693325,.0981112023738912,4.36064,.072401,.434977,.072401,1.93356,.072401,1,2.41695,0,-.587834032803694,-.475155913158175,.186522871625233,-1.15888090547379,-.406733865661817,2.64390992274396,.0010368790355529,.171158496761115,.00315057833450062,.332633036742118,.284527363672712
P20,26.77371,SO,100,18,5687.759766,8044.333984,-110.990753,-.009399,.962273,27.7775,24.8,19.7,"{""type"":""M"",""msg"":""FADE0"",""time"":26.7429,""dist"":0.51436}",3.754749,23.454749,0,10.3,18.5,.288951,10.3,19.7,.002522,-.009399,-.006877,-.00757815789473684,.000845711775268549,.288951,.962273,.577863289473684,.211762105677115,3.954846,.21675,.288951,.21675,.90792,.21675,1,1.1349,0,-.672697670754667,1.53136606522419,-.534730778102198,-.880074941090123,-.579005084444966,-.402498493233247,.0010368790355529,.171158496761115,.00315057833450062,.332633036742118,.284527363672712
P20,26.740877,SO,100,19,5685.987793,8040.166016,-111.903885,-.011922,.820991,27.7776,9.2,6.5,"{""type"":""M"",""msg"":""FADE0"",""time"":26.6951,""dist"":0.518467}",3.939951,10.439951,0,38,30.1,.339987,30.1,6.5,.003011,-.011922,-.008911,-.010048425,.00111951209353187,.339987,.884642,.711496675,.171058223301141,3.754749,.962273,.339987,.962273,1.08396,.962273,1,1.35495,0,-.594151188419619,-.100798719225243,-.410935399121253,.559881407656353,-.663952013342022,1.76724563037642,.0010368790355529,.171158496761115,.00315057833450062,.332633036742118,.284527363672712
P20,28.14786,SO,100,20,5668.620605,8003.183594,-114.536301,-.015299,-1.276869,27.7774,2.5,-.203352,"{""type"":""M"",""msg"":""FADE0"",""time"":28.1312,""dist"":0.560019}",5.37172,5.168368,5.168368,15.1,9,.019573,9,-.203352,.006876,-.015299,-.008423,-.0103059074074074,.00199626635713357,-1.276869,.019573,-.376553481481481,.363309447914259,3.939951,.820991,.019573,.820991,2.47536,.820991,1,3.0942,1,.0130799347128009,-.761899424046195,.567529099368225,.28699926604087,-.585328440147059,-.544956440742973,.0010368790355529,.171158496761115,.00315057833450062,.332633036742118,.284527363672712
P20,29.694263,SO,100,21,5682.370117,8035.272461,-112.650101,-.008911,-.749937,27.778,6.8,1.5,"{""type"":""M"",""msg"":""FADE0"",""time"":29.6198,""dist"":0.52354}",4.147338,5.647338,0,26.6,15.5,.325309,15.5,1.5,.00586,-.012248,-.006388,-.00951085714285714,.00180845527091464,-.749937,.325309,-.0448107857142857,.333942630083594,5.37172,-1.276869,.325309,-1.276869,2.1096,1.276869,1,2.637,0,-.506195770378675,-.701832570391782,.310318250606178,1.16751458260903,.02249866090897,.167333296805654,.0010368790355529,.171158496761115,.00315057833450062,.332633036742118,.284527363672712
P20,27.602211,SO,100,22,5684.740723,8037.44873,-111.505661,-.009562,.669242,27.7774,18.5,13.7,"{""type"":""M"",""msg"":""FADE0"",""time"":27.5837,""dist"":0.52222}",4.063583,17.763583,0,16.4,28.9,.271005,16.4,13.7,.002523,-.009562,-.007039,-.00809329268292683,.000627523594930997,.271005,.669242,.466593780487805,.120273509504694,4.147338,-.749937,.271005,-.749937,.90828,.749937,1,1.13535,0,-.541717312413707,.817646134445709,-.534477617817983,.149760497547031,-.497286696676773,.265958029697003,.0010368790355529,.171158496761115,.00315057833450062,.332633036742118,.284527363672712
P20,28.609913,SO,100,23,5674.975586,8013.661621,-113.02343,-.011271,.550112,27.7776,9.1,6,"{""type"":""M"",""msg"":""FADE0"",""time"":28.5405,""dist"":0.546522}",4.972862,10.972862,0,9.2,16.8,.378959,9.2,6,.004679,-.011922,-.007243,-.00908274,.00136784073559723,.378959,.653949,.56155328,.0867025947141428,4.063583,.669242,.378959,.669242,1.68444,.669242,1,2.10555,0,-.156080726895566,-.0339672119328726,.011335954948721,-.00609958666512148,-.532843101969071,-.523039833433785,.0010368790355529,.171158496761115,.00315057833450062,.332633036742118,.284527363672712
P20,27.7973,SO,100,24,5677.26416,8017.474609,-112.168991,-.008748,1.221921,27.7774,-.60992,1000000,"{""type"":""M"",""msg"":""FADE0"",""time"":27.6968,""dist"":0.541236}",4.760893,4.150973,4.150973,1000000,30.5,.28278,30.5,-.60992,.002727,-.009766,-.007039,-.0081109375,.0010528034591842,.28278,1.221921,.741636645833333,.30144316742217,4.972862,.550112,.28278,.550112,.98172,.550112,1,1.22715,1,-.245979428389492,-.889489286822009,-.482832919838202,-.236195773940588,-.146828026477756,1.81107884499479,.0010368790355529,.171158496761115,.00315057833450062,.332633036742118,.284527363672712
P20,27.922483,SO,100,25,5676.05957,8016.219238,-113.184967,-.014608,.568177,27.7773,6.2,4.1,"{""type"":""M"",""msg"":""FADE0"",""time"":27.8636,""dist"":0.543988}",4.87284,8.97284,0,1000000,37.1,.231924,37.1,4.1,.00704,-.014608,-.007568,-.00994842857142857,.00230218842444893,.231924,.733597,.547061551020408,.155648129823204,4.760893,1.221921,.231924,1.221921,2.5344,1.221921,1,3.168,0,-.198501306889931,-.28478673879177,.609047385979421,1.06138409240159,-.236814960671572,2.53432688619802,.0010368790355529,.171158496761115,.00315057833450062,.332633036742118,.284527363672712
P20,28.309149,SO,100,26,5683.824707,8033.50293,-111.376717,-.005534,1.282012,27.7775,-.712219,6.3,"{""type"":""M"",""msg"":""FADE0"",""time"":28.2122,""dist"":0.524059}",4.261713,3.549494,3.549494,9.9,19,.33581,9.9,-.712219,.005371,-.010905,-.005534,-.00765844186046512,.00145061514541616,.33581,1.282012,.76557276744186,.303395202381775,5.367243,.858656,.33581,.858656,1.93356,.858656,1,2.41695,1,-.457687903740782,-.964919796184187,.186522871625233,.359748136130104,.020598045703984,-.446331707851625,.0010368790355529,.171158496761115,.00315057833450062,.332633036742118,.284527363672712
P20,27.831251,SO,100,27,5684.38623,8036.784668,-111.473183,-.010579,.58657,27.7775,14,10.4,"{""type"":""M"",""msg"":""FADE0"",""time"":27.769,""dist"":0.521699}",4.090475,14.490475,0,38.3,25,.114219,25,10.4,.002848,-.010579,-.007731,-.00808039024390244,.000759177972482368,.114219,.58657,.333061292682927,.141794022111167,4.261713,1.282012,.114219,1.282012,1.02528,1.282012,1,1.2816,0,-.530312079192932,.407170949713704,-.452200525448234,1.17744813999305,-.448731221119415,1.20837214399211,.0010368790355529,.171158496761115,.00315057833450062,.332633036742118,.284527363672712
P20,27.035362,SO,100,28,5678.803223,8023.831055,-112.818031,-.013102,.220206,27.7774,6.6,4,"{""type"":""M"",""msg"":""FADE0"",""time"":26.9912,""dist"":0.536316}",4.565033,8.565033,0,12.2,21.1,.219179,12.2,4,.005534,-.013102,-.007568,-.00956654347826087,.00157313019460525,.219179,.419832,.346957543478261,.0651705175382947,4.090475,.58657,.219179,.58657,1.99224,.58657,1,2.4903,0,-.329046101698326,-.335929155620059,.227787997952215,-.165778189825009,-.521426674876713,-.194290723795957,.0010368790355529,.171158496761115,.00315057833450062,.332633036742118,.284527363672712
P20,26.35289,SO,100,29,5688.896484,8046.977539,-110.79615,-.007568,1.063585,27.7779,.6,10.8,"{""type"":""M"",""msg"":""FADE0"",""time"":26.3349,""dist"":0.511829}",3.682207,4.282207,0,5.4,10.5,.234915,5.4,.6,.001872,-.008423,-.006551,-.00800259459459459,.000441099727918721,.234915,1.063585,.652979513513514,.245604162671091,4.565033,.220206,.234915,.220206,.67392,.220206,1,.8424,0,-.703463639381081,-.873031442964391,-.699284962841696,-.873399775949318,-.319963161263171,-.939455372308367,.0010368790355529,.171158496761115,.00315057833450062,.332633036742118,.284527363672712
P20,25.970011,SO,100,30,5687.611328,8044.369629,-111.104416,-.009237,.808892,27.7775,24.5,18.8,"{""type"":""M"",""msg"":""FADE0"",""time"":25.8885,""dist"":0.512912}",3.758021,22.558021,0,10.3,18.5,.104019,10.3,18.8,.001994,-.009562,-.007568,-.00810452631578947,.000755491919102582,.104019,.808892,.449469368421053,.219051555411225,3.682207,1.063585,.104019,1.063585,.71784,1.063585,1,.8973,0,-.67130997467039,1.41890885591293,-.668399408167513,.755562637617337,-.694748177782519,-.402498493233247,.0010368790355529,.171158496761115,.00315057833450062,.332633036742118,.284527363672712
P20,25.660526,SO,100,31,5691.366699,8056.958008,-111.667473,-.010091,-.243186,27.7778,7.5,3.4,"{""type"":""M"",""msg"":""FADE0"",""time"":25.5766,""dist"":0.499803}",3.339166,6.739166,0,12.2,8.4,.54396,8.4,3.4,.002035,-.010254,-.008219,-.00952726470588235,.000629040265070697,-.243186,.54396,.223863735294118,.246966141049962,3.758021,.808892,.54396,.808892,.7326,.808892,1,.91575,0,-.848951613845166,-.564908185374369,-.658019836514714,.26363039363387,-.662562955278427,-.610706262670539,.0010368790355529,.171158496761115,.00315057833450062,.332633036742118,.284527363672712
P20,27.443892,SO,100,32,5683.650391,8034.135742,-111.714935,-.010254,.878542,27.7775,14.7,11,"{""type"":""M"",""msg"":""FADE0"",""time"":27.428,""dist"":0.525776}",4.146931,15.146931,0,17.3,12.9,.353761,12.9,11,.00354,-.010254,-.006714,-.008665,.00113443010297532,.353761,.878542,.627097642857143,.162053603291013,3.339166,-.243186,.353761,-.243186,1.2744,.243186,1,1.593,0,-.50636838416422,.489496035799599,-.277013608771723,-.829014563294318,-.840378944039758,-.117582598213797,.0010368790355529,.171158496761115,.00315057833450062,.332633036742118,.284527363672712
P20,27.054073,SO,100,33,5681.629395,8032.271973,-112.857582,-.013102,-.32627,27.7775,5,2.2,"{""type"":""M"",""msg"":""FADE0"",""time"":26.9941,""dist"":0.526971}",4.252229,6.452229,0,22.1,14.9,.204928,14.9,2.2,.004191,-.013102,-.008911,-.010197023255814,.00147882690780761,-.32627,.222212,.100984697674419,.155222110973972,4.146931,.878542,.204928,.878542,1.50876,.878542,1,1.88595,0,-.461710186645208,-.600892490836165,-.11220626374801,.398157376289257,-.497459479877227,.101583474878089,.0010368790355529,.171158496761115,.00315057833450062,.332633036742118,.284527363672712
P20,27.686018,SO,100,34,5681.037598,8030.509277,-112.781906,-.01359,-.216892,27.7772,5.3,2.6,"{""type"":""M"",""msg"":""FADE0"",""time"":27.6192,""dist"":0.528698}",4.282242,6.882242,0,20.5,13,.355997,13,2.6,.005859,-.01359,-.007731,-.0095156976744186,.00162081654222984,-.216892,.355997,.165779255813953,.155692107962829,4.252229,-.32627,.355997,-.32627,2.10924,.32627,1,2.63655,0,-.44898129832693,-.546965255434167,.310065090321963,-.668540193919728,-.45275745176585,-.106624294559202,.0010368790355529,.171158496761115,.00315057833450062,.332633036742118,.284527363672712
P20,25.979939,SO,100,35,5684.668457,8038.245117,-111.949013,-.010091,.300342,27.7778,11.1,7,"{""type"":""M"",""msg"":""FADE0"",""time"":25.8953,""dist"":0.519638}",4.07466,11.07466,0,8.4,14.5,.2151,8.4,7,.004028,-.010905,-.006877,-.00910170731707317,.000977451539563533,.2151,.396041,.337187804878049,.0516242106904404,4.282242,-.216892,.2151,-.216892,1.45008,.216892,1,1.8126,0,-.537019418304436,-.0212008892648308,-.153471390074992,-.879800672152045,-.440016070450851,-.610706262670539,.0010368790355529,.171158496761115,.00315057833450062,.332633036742118,.284527363672712
P20,27.235861,SO,100,36,5676.6875,8018.956055,-112.993637,-.010905,.107776,27.7778,8,4.5,"{""type"":""M"",""msg"":""FADE0"",""time"":27.1669,""dist"":0.540958}",4.753727,9.253727,0,12.6,23,.255052,12.6,4.5,.003174,-.010905,-.007731,-.00950860416666667,.000873709984980491,.107776,.401428,.327543083333333,.0747256344089677,4.07466,.300342,.255052,.300342,1.14264,.300342,1,1.4283,0,-.249018618530057,-.249561154052795,-.369670272794271,-.718619384246919,-.528140597027005,-.150457509177579,.0010368790355529,.171158496761115,.00315057833450062,.332633036742118,.284527363672712
P20,26.244926,SO,100,37,5681.261719,8027.717773,-112.014999,-.009928,1.05117,27.7777,15.9,12,"{""type"":""M"",""msg"":""FADE0"",""time"":26.2008,""dist"":0.53177}",4.371126,16.371126,0,6.4,12,.212524,6.4,12,.004883,-.011597,-.006714,-.00872165909090909,.00155670695877446,.212524,1.05117,.666047068181818,.270979190172217,4.753727,.107776,.212524,.107776,1.75788,.107776,1,2.19735,0,-.411284483304044,.643020352373631,.062980652928502,-1.0905551048789,-.239857133680044,-.829872335762424,.0010368790355529,.171158496761115,.00315057833450062,.332633036742118,.284527363672712
P20,26.767147,SO,100,38,5684.755859,8037.567383,-111.738907,-.011759,.635261,27.7773,10.1,7.2,"{""type"":""M"",""msg"":""FADE0"",""time"":26.7539,""dist"":0.522199}",4.054787,11.254787,0,28.1,20.7,.165138,20.7,7.2,.003865,-.011759,-.007894,-.00890812195121951,.00146708728770857,.165138,.637816,.427384170731707,.151495235953297,4.371126,1.05117,.165138,1.05117,1.3914,1.05117,1,1.73925,0,-.54544780592144,.00138854670862987,-.194736516401974,.731583420249546,-.402282257209844,.737165086844556,.0010368790355529,.171158496761115,.00315057833450062,.332633036742118,.284527363672712
P20,26.06151,SO,100,39,5682.17334,8031.478516,-111.229706,-.002523,.505136,27.7778,2.4,5.5,"{""type"":""M"",""msg"":""FADE0"",""time"":25.9728,""dist"":0.52678}",4.361795,6.761795,0,18.1,11.7,.485552,11.7,2.4,.006388,-.008911,-.002523,-.00631631818181818,.00167513989381418,.251847,.505136,.347101659090909,.0782975750600006,4.054787,.635261,.485552,.635261,2.29968,.635261,1,2.8746,0,-.415241876996706,-.562070319054254,.443986880671493,-.0717329161355121,-.536577256836853,-.249082242068928,.0010368790355529,.171158496761115,.00315057833450062,.332633036742118,.284527363672712
P20,28.523048,SO,100,40,5671.995605,8005.07959,-112.376236,-.008219,1.132957,27.7777,0,14.7,"{""type"":""M"",""msg"":""FADE0"",""time"":28.5073,""dist"":0.55707}",5.265611,5.265611,5.265611,11.3,19.2,.225931,11.3,0,.000813,-.008219,-.007406,-.00744588679245283,.000168463721314499,.225931,1.132957,.597344905660377,.272352599019971,4.361795,.505136,.225931,.505136,.29268,.505136,1,.36585,1,-.0319222180398135,-.749704336566988,-.967381703824971,-.323065631397999,-.406243534957828,-.292915456687305,.0010368790355529,.171158496761115,.00315057833450062,.332633036742118,.284527363672712
P20,27.480192,SO,100,41,5676.483398,8019.533203,-112.67408,-.009237,-.294045,27.7776,12,5.7,"{""type"":""M"",""msg"":""FADE0"",""time"":27.4405,""dist"":0.541253}",4.766558,10.466558,0,19.5,12.4,.154634,12.4,5.7,.00236,-.009399,-.007039,-.00852616666666667,.000714948959146314,-.294045,.154634,-.0368065,.144328690909091,5.265611,1.132957,.154634,1.132957,.8496,1.132957,1,1.062,0,-.243576831104214,-.0974619783538257,-.575742744144965,.889552671224939,-.0225476600170692,-.172374116486768,.0010368790355529,.171158496761115,.00315057833450062,.332633036742118,.284527363672712
P20,25.36898,SO,100,42,5696.053223,8065.200684,-110.246895,-.010091,1.245898,27.7777,-.60844,14.9,"{""type"":""M"",""msg"":""FADE0"",""time"":25.3473,""dist"":0.492124}",2.963024,2.354584,2.354584,21.9,18.5,.229446,18.5,-.60844,.000326,-.010417,-.010091,-.0102757333333333,.000164306260155956,.229446,1.245898,.825495233333333,.310508096699219,4.766558,-.294045,.229446,-.294045,.11736,.294045,1,.1467,1,-1.00847813601269,-1.11477152823462,-1.09067076223749,-.730781859620659,-.234410005313911,.496082406443482,.0010368790355529,.171158496761115,.00315057833450062,.332633036742118,.284527363672712
P20,25.771814,SO,100,43,5686.172363,8042.094727,-111.888268,-.011597,.285683,27.7773,8.4,5.3,"{""type"":""M"",""msg"":""FADE0"",""time"":25.7496,""dist"":0.517216}",3.850662,9.150662,0,17.1,12.5,.405567,12.5,5.3,.004029,-.011597,-.007568,-.00943705128205128,.00101339099714297,.285683,.469385,.418098205128205,.0510987343355357,2.963024,1.245898,.405567,1.245898,1.45044,1.245898,1,1.81305,0,-.632019769003058,-.262486369143285,-.153218229790777,1.10769498203732,-1.00006203638595,-.161415812832174,.0010368790355529,.171158496761115,.00315057833450062,.332633036742118,.284527363672712
P20,26.469131,SO,100,44,5682.825684,8032.123535,-111.373283,-.008748,.867366,27.7776,3.2,53.4,"{""type"":""M"",""msg"":""FADE0"",""time"":26.3719,""dist"":0.525635}",4.272974,7.472974,0,15,24.8,.086615,15,3.2,.00236,-.008911,-.006551,-.00744451162790698,.000711635586655773,.086615,.867366,.406187441860465,.237562485163508,3.850662,.285683,.086615,.285683,.8496,.285683,1,1.062,0,-.452911972932394,-.472882509974161,-.575742744144965,-.746932823424885,-.623234187531024,.112541778532683,.0010368790355529,.171158496761115,.00315057833450062,.332633036742118,.284527363672712
P20,26.236439,SO,100,45,5682.733398,8032.795898,-111.673172,-.008748,.525803,27.7776,35.1,22.8,"{""type"":""M"",""msg"":""FADE0"",""time"":26.1609,""dist"":0.525669}",4.252281,27.052281,0,25.1,16.8,.188326,16.8,22.8,.001505,-.008748,-.007243,-.0079043488372093,.000535802508202635,.188326,.525803,.328886860465116,.107075615800589,4.272974,.867366,.188326,.867366,.5418,.867366,1,.67725,0,-.461688132795458,1.98252673950665,-.792194787148459,.376571251979758,-.443950602887709,.30979124431538,.0010368790355529,.171158496761115,.00315057833450062,.332633036742118,.284527363672712
P20,27.626301,SO,100,46,5675.555176,8014.719238,-112.958748,-.010579,.681073,27.7776,10.4,7,"{""type"":""M"",""msg"":""FADE0"",""time"":27.573,""dist"":0.545765}",5.001465,12.001465,0,24.5,18.8,.271638,18.8,7,.005534,-.013265,-.007731,-.00947836,.00153868504368941,.271638,.763456,.58852498,.149513678247857,4.252281,.525803,.271638,.525803,1.99224,.525803,1,2.4903,0,-.143949837195513,.0950282280101096,.227787997952215,-.283147912079422,-.452735376270952,.528957317407265,.0010368790355529,.171158496761115,.00315057833450062,.332633036742118,.284527363672712
P20,27.269121,SO,100,47,5671.268066,8006.283691,-113.43029,-.011597,-.026581,27.7777,7.3,4.1,"{""type"":""M"",""msg"":""FADE0"",""time"":27.256,""dist"":0.556225}",5.288313,9.388313,0,27,16.4,-.021598,16.4,4.1,.00472,-.011597,-.006877,-.00900871698113208,.00162835013690543,-.026581,.150446,.0631689811320755,.063250589748996,5.001465,.681073,.021598,.681073,1.6992,.681073,1,2.124,0,-.0222940161739035,-.232682941292219,.0217155266015202,.0167516514080427,-.134685230697497,.265958029697003,.0010368790355529,.171158496761115,.00315057833450062,.332633036742118,.284527363672712
P20,27.342028,SO,100,48,5676.84668,8017.104004,-112.091858,-.008748,.978673,27.7776,3.1,57.2,"{""type"":""M"",""msg"":""FADE0"",""time"":27.261,""dist"":0.542305}",4.894696,7.994696,0,20.9,15.2,.422185,15.2,3.1,.002198,-.009237,-.007039,-.00779277551020408,.000640862870969879,.422185,.978673,.64564518367347,.165197780604628,5.288313,-.026581,.422185,-.026581,.79128,.026581,1,.9891,0,-.189231904194955,-.407454197089664,-.616754710187732,-1.2473809247885,-.0129100083790089,.134458385841872,.0010368790355529,.171158496761115,.00315057833450062,.332633036742118,.284527363672712
P20,27.618263,SO,100,49,5671.700684,8006.125488,-113.61132,-.013794,.429901,27.7774,6.3,4,"{""type"":""M"",""msg"":""FADE0"",""time"":27.5774,""dist"":0.555493}",5.301817,9.301817,0,36.6,24.5,.244636,24.5,4,.006388,-.013794,-.007406,-.00955443396226415,.00233986379871066,.244636,.620874,.458203,.121172784296449,4.894696,.978673,.244636,.978673,2.29968,.978673,1,2.8746,0,-.0165668010387942,-.243530264869254,.443986880671493,.591557538532854,-.180011740597244,1.15358062571914,.0010368790355529,.171158496761115,.00315057833450062,.332633036742118,.284527363672712
P21,36.266335,SO,100,1,5601.030762,7854.108887,-117.557892,-.003377,-.608102,27.7785,-4.554089,-.910283,"{""type"":""M"",""msg"":""FADE0"",""time"":36.1929,""dist"":0.722352}",11.333424,6.779335,6.779335,12.2,17.8,.137736,12.2,-4.554089,.007202,-.010579,-.003377,-.00717407079646018,.00180208860332361,-1.872816,1.840224,.280419300884956,.967510091222335, , ,.137736, ,2.59272, , ,3.2409,1,2.54151309376502,-.559870655999995,.650059352022188, , ,-.194290723795957,.00156110875245799,.473401118617707,.00250099496675618,.189968855686973,.186050142408162
P21,36.793007,SO,100,2,5567.836426,7833.897949,-126.268562,-.010417,999,27.7776,-7.189034,-9.11145,"{""type"":""M"",""msg"":""FADE0"",""time"":36.7301,""dist"":0.75587}",12.555178,3.443728,3.443728,23.9,30.8,-.170232,23.9,-9.11145,.011922,-.018799,-.006877,-.011775672,.00318204963560971,-7.621399,999,62.80061016,245.798465542413,11.333424,-.608102,.170232,-.608102,4.29192,.608102,1,5.3649,1,3.05967423121913,-.978183739319692,1.84497589351516,-.124189747749836,2.5534133962288,1.08783080379157,.00156110875245799,.473401118617707,.00250099496675618,.189968855686973,.186050142408162
P21,30.517334,SO,100,3,5660.723633,7987.787598,-115.65731,-.014119,1.297078,27.7769,.3,-1.716639,"{""type"":""M"",""msg"":""FADE0"",""time"":30.4782,""dist"":0.576613}",6.069109,4.35247,4.35247,10.8,16.2,-.179641,10.8,-1.716639,.008097,-.014974,-.006877,-.011103737704918,.00239917034202548,-1.861245,1.815656,-.362970278688525,.864972876630054,12.555178,999,.179641,7.5,2.91492,7.5,0,3.64365,1,.308851323624137,-.86421987368381,.876637806394266,13.1873140958782,3.07208309226468,-.347706974960276,.00156110875245799,.473401118617707,.00250099496675618,.189968855686973,.186050142408162
P21,28.162144,SO,100,4,5685.556152,8041.100098,-111.106483,-.003011,.091812,27.7782,4.1,7,"{""type"":""M"",""msg"":""FADE0"",""time"":28.1214,""dist"":0.517821}",3.854372,7.954372,0,9.1,13.7,-.144823,9.1,4.1,.007406,-.010417,-.003011,-.00734717948717949,.00221253420873697,-.144823,.091812,-.0350412307692308,.0571826973510351,6.069109,1.297078,.144823,1.297078,2.66616,1.297078,1,3.3327,0,-.630446311645886,-.412511164763549,.701704050001969,1.20654768802874,.318560339977565,-.533998137088379,.00156110875245799,.473401118617707,.00250099496675618,.189968855686973,.186050142408162
P21,28.593468,SO,100,5,5665.483398,7993.242676,-113.717255,-.006877,-.227469,27.7779,17.6,22.2,"{""type"":""M"",""msg"":""FADE0"",""time"":28.5103,""dist"":0.568537}",5.775013,23.375013,0,33.7,42.4,-.021868,33.7,17.6,.004679,-.010742,-.006063,-.0085863275862069,.00119018359763011,-.227469,.001564,-.0365426379310345,.0606939044552622,3.854372,.091812,.021868,.091812,1.68444,.091812,1,2.10555,0,.184121535237357,1.52136650232257,.011335954948721,-1.12138911422722,-.621659185875786,2.16174456194181,.00156110875245799,.473401118617707,.00250099496675618,.189968855686973,.186050142408162
P21,30.164909,SO,100,6,5659.229004,7977.152344,-113.774681,-.009562,.511866,27.7774,19.7,14.4,"{""type"":""M"",""msg"":""FADE0"",""time"":30.1378,""dist"":0.587359}",6.485693,20.885693,0,10.9,16.3,-.010504,10.9,14.4,.004069,-.009766,-.005697,-.00777813846153846,.00128054046056884,-.010504,.511866,.207724815384615,.146529589523636,5.775013,-.227469,.010504,-.227469,1.46484,.227469,1,1.83105,0,.485529803322326,1.20918490401996,-.143091818422193,-.859371499208097,.193708133293265,-.336748671305682,.00156110875245799,.473401118617707,.00250099496675618,.189968855686973,.186050142408162
P21,29.627239,SO,100,7,5658.264648,7976.387695,-113.904015,-.004883,-.060263,27.7777,6.6,10.1,"{""type"":""M"",""msg"":""FADE0"",""time"":29.6155,""dist"":0.588867}",6.431244,13.031244,0,17.6,11,.082635,11,6.6,.005371,-.010254,-.004883,-.007775703125,.00131950865891151,-.097377,.082635,-.0050310625,.0687541245624235,6.485693,.511866,.082635,.511866,1.93356,.511866,1,2.41695,0,.46243730207147,.224171148212602,.186522871625233,-.310066828910264,.495412223952092,-.325790367651088,.00156110875245799,.473401118617707,.00250099496675618,.189968855686973,.186050142408162
P21,29.561831,SO,100,8,5651.785645,7963.38916,-115.080872,-.007243,-.637854,27.7782,25.7,4.2,"{""type"":""M"",""msg"":""FADE0"",""time"":29.5597,""dist"":0.603673}",6.98666,11.18666,0,11.9,17.6,.000815,11.9,4.2,.003865,-.010742,-.006877,-.00863957142857143,.00118296785421218,-.637854,.073368,-.1125837,.205665972201469,6.431244,-.060263,.000815,-.060263,1.3914,.060263,1,1.73925,0,.697996167702529,-.00715515026386156,-.194736516401974,-1.18232510526519,.472297058149927,-.227165634759739,.00156110875245799,.473401118617707,.00250099496675618,.189968855686973,.186050142408162
P21,31.91571,SO,100,9,5642.970703,7933.58252,-113.450256,-.006063,.314342,27.7782,-4.055177,-1.519975,"{""type"":""M"",""msg"":""FADE0"",""time"":31.8624,""dist"":0.633192}",8.110744,4.055567,4.055567,8.7,13.6,.024002,8.7,-4.055177,.004394,-.008748,-.004354,-.00625030864197531,.00114969202008598,-1.860203,1.828019,.173677456790123,.944626049922429,6.98666,-.637854,.024002,-.637854,1.58184,.637854,1,1.9773,1,1.17473423775097,-.901453999099924,-.0608147260524435,-.0667246108085139,.708087117272687,-.577831351706756,.00156110875245799,.473401118617707,.00250099496675618,.189968855686973,.186050142408162
P21,28.870207,SO,100,10,5664.115234,7993.095215,-115.630089,-.013265,-1.461387,27.7778,1.8,-.302365,"{""type"":""M"",""msg"":""FADE0"",""time"":28.7713,""dist"":0.568844}",5.860964,5.558599,5.558599,9.7,15.6,.116611,9.7,-.302365,.009602,-.016479,-.006877,-.011427,.00290660723536732,-1.461387,.208559,-.147436661016949,.466456846458181,8.110744,.314342,.116611,.314342,3.45672,.314342,1,4.3209,1,.220574428311837,-.712961184973988,1.25764403413726,-.691578784718198,1.18529309048727,-.468248315160813,.00156110875245799,.473401118617707,.00250099496675618,.189968855686973,.186050142408162
P21,28.991419,SO,100,11,5662.168457,7984.695801,-113.474625,-.005371,.154241,27.778,5.9,9.9,"{""type"":""M"",""msg"":""FADE0"",""time"":28.8927,""dist"":0.57732}",6.080954,11.980954,0,13.2,18.8,-.020655,13.2,5.9,.004028,-.009399,-.005371,-.00755901639344262,.00110180773416241,-.040367,.154241,.0243770327868852,.0515737311354554,5.860964,-1.461387,.020655,-1.461387,1.45008,1.461387,1,1.8126,0,.313874936129719,.0924559766471732,-.153471390074992,1.52390582145478,.230196803716264,-.0847076872500138,.00156110875245799,.473401118617707,.00250099496675618,.189968855686973,.186050142408162
P21,31.193169,SO,100,12,5639.885742,7933.38623,-115.006294,-.005208,1.339991,27.7781,-.708275,4.8,"{""type"":""M"",""msg"":""FADE0"",""time"":31.1095,""dist"":0.633715}",8.101622,7.393347,7.393347,11.8,18.1,.10924,11.8,-.708275,.003378,-.008586,-.005208,-.00732522222222222,.000920320596314132,.10924,1.339991,.517016864197531,.3694154127799,6.080954,.154241,.10924,.154241,1.21608,.154241,1,1.5201,1,1.1708654835698,-.482868403361931,-.31802557481449,-1.00080928651447,.323588882998128,-.238123938414333,.00156110875245799,.473401118617707,.00250099496675618,.189968855686973,.186050142408162
P21,31.642134,SO,100,13,5633.24707,7922.678223,-116.341042,-.006714,.029906,27.7777,12.5,17.3,"{""type"":""M"",""msg"":""FADE0"",""time"":31.5793,""dist"":0.646791}",8.611634,21.111634,0,11,17.1,.184834,11,12.5,.004028,-.010254,-.006226,-.00817495348837209,.00121062662342302,.029906,.205693,.163121081395349,.0469693940927532,8.101622,1.339991,.184834,1.339991,1.45008,1.339991,1,1.8126,0,1.38716794546904,1.23751979969512,-.153471390074992,1.28943291999845,1.18142053924762,-.325790367651088,.00156110875245799,.473401118617707,.00250099496675618,.189968855686973,.186050142408162
P21,36.326744,SO,100,14,5572.610352,7817.947266,-122.725067,-.007568,.063522,27.7782,-1.012985,-2.833195,"{""type"":""M"",""msg"":""FADE0"",""time"":36.2284,""dist"":0.76695}",12.971685,10.13849,10.13849,4.9,11.7,.369252,4.9,-2.833195,.004842,-.012248,-.007406,-.00986651162790698,.00135988585869986,-1.825064,1.840728,.465000906976744,.795983223504982,8.611634,.029906,.369252,.029906,1.74312,.029906,1,2.1789,1,3.23632005425518,-.138604456055343,.0526010812757029,-1.24095878240043,1.39793529509426,-.994246890581338,.00156110875245799,.473401118617707,.00250099496675618,.189968855686973,.186050142408162
P21,34.479275,SO,100,15,5608.784668,7859.782227,-115.525185,-.005046,1.250485,27.7662,-7.503279,-4.157269,"{""type"":""M"",""msg"":""FADE0"",""time"":34.3933,""dist"":0.713663}",11.065562,3.562283,3.562283,22.8,17.1,.363012,17.1,-7.503279,.005371,-.009237,-.003866,-.00651679090909091,.00139180407705518,-1.843482,2.315413,.480769736363636,1.03056727891699,12.971685,.063522,.363012,.063522,1.93356,.063522,1,2.41695,1,2.42790947257718,-.963315948362014,.186522871625233,-1.17603043998918,3.24890228752561,.342666155279163,.00156110875245799,.473401118617707,.00250099496675618,.189968855686973,.186050142408162
P21,29.801113,SO,100,16,5641.772949,7939.901367,-115.731209,-.007568,.211801,27.7779,21.3,26.9,"{""type"":""M"",""msg"":""FADE0"",""time"":29.741,""dist"":0.62768}",7.912998,29.212998,0,23.4,16.9,.188325,16.9,21.3,.005411,-.011108,-.005697,-.0085603164556962,.00152752311279088,.188325,.522571,.41091935443038,.104177091280756,11.065562,1.250485,.188325,1.250485,1.94796,1.250485,1,2.43495,0,1.0908676882762,2.25349876662234,.196649282993817,1.11655464132576,2.43969827672064,.320749547969974,.00156110875245799,.473401118617707,.00250099496675618,.189968855686973,.186050142408162
P21,35.487968,SO,100,17,5577.126953,7822.843262,-121.120193,-.007243,1.504805,27.778,2,-2.839393,"{""type"":""M"",""msg"":""FADE0"",""time"":35.3973,""dist"":0.760496}",12.664377,9.824984,9.824984,16.5,25.2,.167262,16.5,-2.839393,.006225,-.011922,-.005697,-.00861403968253968,.0016136121139892,-1.844453,1.86331,-.121245968253968,.811446400992745,7.912998,.211801,.167262,.211801,2.241,.211801,1,2.80125,1,3.10598689158189,-.177920736869967,.402721754344512,-.889633793023525,1.10134422867686,.276916333351597,.00156110875245799,.473401118617707,.00250099496675618,.189968855686973,.186050142408162
P21,30.646273,SO,100,18,5647.918945,7946.57373,-113.093437,-.002035,-.786483,27.7788,-2.834555,-.303288,"{""type"":""M"",""msg"":""FADE0"",""time"":30.6399,""dist"":0.620588}",7.607022,4.772467,4.772467,5.6,9.4,.134615,5.6,-2.834555,.007364,-.009399,-.002035,-.00616517105263158,.00219612804962527,-1.871632,1.807142,.379699460526316,.940018845854691,12.664377,1.504805,.134615,1.504805,2.65104,1.504805,1,3.3138,1,.961099443446503,-.811548728655327,.691071318064955,1.60776644647893,3.11844120702217,-.917538764999178,.00156110875245799,.473401118617707,.00250099496675618,.189968855686973,.186050142408162
P21,33.415386,SO,100,19,5603.807617,7873.632324,-120.832222,-.009928,-.069721,27.778,-1.015148,-2.737612,"{""type"":""M"",""msg"":""FADE0"",""time"":33.3229,""dist"":0.703038}",10.63653,7.898918,7.898918,19.1,13.2,.282826,13.2,-2.737612,.008911,-.014608,-.005697,-.0102166320754717,.00215437181353669,-1.873271,1.785258,.0693423773584906,.730566393674093,7.607022,-.786483,.282826,-.786483,3.20796,.786483,1,4.00995,1,2.24595164053881,-.419465561286404,1.08271027774496,.220348051145363,.971448620465814,-.0847076872500138,.00156110875245799,.473401118617707,.00250099496675618,.189968855686973,.186050142408162
P21,33.065266,SO,100,20,5614.390625,7895.86377,-119.407616,-.007731,-1.043974,27.7781,-2.327208,-4.655396,"{""type"":""M"",""msg"":""FADE0"",""time"":32.9974,""dist"":0.678839}",9.748921,5.093525,5.093525,17.9,10.6,.043967,10.6,-4.655396,.004517,-.012085,-.007568,-.00973829896907217,.00117827924644504,-1.862504,1.821369,-.199021731958763,.851884784016748,10.63653,-.069721,.043967,-.069721,1.62612,.069721,1,2.03265,1,1.86950557279153,-.771285363725209,-.029676011094046,-1.16405724881215,2.25756185889048,-.369623582269465,.00156110875245799,.473401118617707,.00250099496675618,.189968855686973,.186050142408162
P21,35.730679,SO,100,21,5578.000488,7823.638672,-121.934616,-.010417,1.841357,27.7776,1.6,-1.21444,"{""type"":""M"",""msg"":""FADE0"",""time"":35.6569,""dist"":0.759887}",12.663077,11.448637,11.448637,9.8,17.8,.036015,9.8,-1.21444,.006754,-.012451,-.005697,-.00942361111111111,.0017630165148278,-1.832306,1.841357,.116758349206349,.689215115317455,9.748921,-1.043974,.036015,-1.043974,2.43144,1.043974,1,3.0393,1,3.10543554533814,.025698961934861,.536643544694042,.717684552091784,1.88074632136925,-.457290011506219,.00156110875245799,.473401118617707,.00250099496675618,.189968855686973,.186050142408162
P21,34.849758,SO,100,22,5582.29541,7828.829102,-119.92939,-.006063,-.767545,27.7779,9.8,13.1,"{""type"":""M"",""msg"":""FADE0"",""time"":34.8247,""dist"":0.754582}",12.45787,22.25787,0,15.8,22.8,.267511,15.8,9.8,.006551,-.010417,-.003866,-.00789491129032258,.00173916144176494,-.782644,.267511,-.244231475806452,.355376011287723,12.663077,1.841357,.267511,1.841357,2.35836,1.841357,1,2.94795,0,3.01840469253672,1.38126740406579,.485252006998475,2.25780700737822,3.11788931964972,.200208207769437,.00156110875245799,.473401118617707,.00250099496675618,.189968855686973,.186050142408162
P21,34.898258,SO,100,23,5586.09082,7831.806641,-119.714043,-.006226,1.035638,27.7779,1.6,9,"{""type"":""M"",""msg"":""FADE0"",""time"":34.8104,""dist"":0.748528}",12.208956,13.808956,0,24.1,14.9,.271153,14.9,1.6,.008544,-.011759,-.003215,-.00786060330578512,.00216770736985469,.164032,1.035638,.466638619834711,.264843857548281,12.45787,-.767545,.271153,-.767545,3.07584,.767545,1,3.8448,0,2.91283715490783,.32170275330119,.989800453438198,.183769845868583,3.03077304885017,.101583474878089,.00156110875245799,.473401118617707,.00250099496675618,.189968855686973,.186050142408162
P21,37.723175,SO,100,24,5556.239746,7779.17334,-121.386887,-.007894,-1.208927,27.7775,-6.284233,.5,"{""type"":""M"",""msg"":""FADE0"",""time"":37.6795,""dist"":0.810394}",14.498699,8.214466,8.214466,5.7,9.6,.196093,5.7,-6.284233,.006917,-.011271,-.004354,-.00795836111111111,.00201270277043418,-1.859497,1.858723,.584176159722222,.959226377154558,12.208956,1.035638,.196093,1.035638,2.49012,1.035638,1,3.11265,1,3.88394577199242,-.37989319655178,.577908671021024,.701583806543825,2.92510190005992,-.906580461344584,.00156110875245799,.473401118617707,.00250099496675618,.189968855686973,.186050142408162
P21,30.800522,SO,100,25,5637.372559,7924.916016,-114.711563,-.004883,-.968791,27.7781,-3.747421,-.202377,"{""type"":""M"",""msg"":""FADE0"",""time"":30.7615,""dist"":0.643775}",8.405165,4.657744,4.657744,39.5,46.2,.245029,39.5,-3.747421,.006226,-.010254,-.004028,-.00689463095238095,.00188233030902746,-1.857888,1.848192,.338961428571429,1.04965653521441,14.498699,-1.208927,.245029,-1.208927,2.24136,1.208927,1,2.8017,1,1.29960186269869,-.825935954685757,.402974914628726,1.03628655309615,3.89716362918895,2.79732617390828,.00156110875245799,.473401118617707,.00250099496675618,.189968855686973,.186050142408162
P21,30.274111,SO,100,26,5651.277344,7959.244629,-114.44416,-.008423,.640507,27.7777,21.3,34.6,"{""type"":""M"",""msg"":""FADE0"",""time"":30.2024,""dist"":0.605779}",7.121269,28.421269,0,56.8,16,.144639,16,21.3,.005534,-.010417,-.004883,-.00747383098591549,.00173472306547279,.081859,.640507,.264079943661972,.174169553644544,8.405165,-.968791,.144639,-.968791,1.99224,.968791,1,2.4903,0,.755085526568192,2.1542093122161,.227787997952215,.572470738208367,1.31028326901468,.222124815078626,.00156110875245799,.473401118617707,.00250099496675618,.189968855686973,.186050142408162
P21,32.025768,SO,100,27,5629.678711,7912.884277,-116.349083,-.007039,1.180375,27.7777,-.707924,11.1,"{""type"":""M"",""msg"":""FADE0"",""time"":31.9574,""dist"":0.657078}",8.927677,8.219753,8.219753,16.7,10.9,.236605,10.9,-.707924,.007039,-.010742,-.003703,-.00783170786516854,.00188264130945092,.233412,1.180375,.705553719101124,.323008085524362,7.121269,.640507,.236605,.640507,2.53404,.640507,1,3.16755,1,1.52120573078786,-.379230162425904,.608794225695206,-.0616004171978212,.765232507517937,-.336748671305682,.00156110875245799,.473401118617707,.00250099496675618,.189968855686973,.186050142408162
P21,30.290007,SO,100,28,5643.04834,7935.844727,-114.160843,-.006226,-.6076,27.7783,-3.944699,-.705071,"{""type"":""M"",""msg"":""FADE0"",""time"":30.2023,""dist"":0.630139}",7.994843,4.050144,4.050144,6.5,10.8,.178404,6.5,-3.944699,.004354,-.009237,-.004883,-.00701965,.00137845518101821,-1.823403,1.874335,.293782425,1.04209035743309,8.927677,1.180375,.178404,1.180375,1.56744,1.180375,1,1.9593,1,1.12557917544541,-.902134088766015,-.070941137421028,.981139181828717,1.53210463421185,-.81891403210783,.00156110875245799,.473401118617707,.00250099496675618,.189968855686973,.186050142408162
P21,31.395197,SO,100,29,5630.106445,7915.245117,-116.4701,-.008057,.507802,27.7777,20.8,28.6,"{""type"":""M"",""msg"":""FADE0"",""time"":31.39,""dist"":0.656442}",8.817427,29.617427,0,9.2,15.5,.114589,9.2,20.8,.006022,-.010905,-.004883,-.00822582954545454,.00183849351260717,.114589,.507802,.382521022727273,.120408980185586,7.994843,-.6076,.114589,-.6076,2.16792,.6076,1,2.7099,0,1.47444732819264,2.30421755392969,.351330216648945,-.12515934639008,1.1360897840604,-.523039833433785,.00156110875245799,.473401118617707,.00250099496675618,.189968855686973,.186050142408162
P21,30.61767,SO,100,30,5636.103516,7927.611816,-115.90815,-.009562,.43555,27.7775,17.7,12.2,"{""type"":""M"",""msg"":""FADE0"",""time"":30.5693,""dist"":0.641564}",8.419035,20.619035,0,16.1,10.8,.348512,10.8,12.2,.005696,-.010579,-.004883,-.0079612619047619,.00186923248290783,.343136,.43555,.393932928571429,.021011304095702,8.817427,.507802,.348512,.507802,2.05056,.507802,1,2.5632,0,1.30548430300704,1.17574375517603,.268799963994982,-.317916328659173,1.48530033974017,-.347706974960276,.00156110875245799,.473401118617707,.00250099496675618,.189968855686973,.186050142408162
P21,32.626762,SO,100,31,5619.362793,7890.987793,-116.891617,-.008911,-1.838376,27.7775,-3.657299,21.3,"{""type"":""M"",""msg"":""FADE0"",""time"":32.5726,""dist"":0.681739}",9.846273,6.188974,6.188974,7,12.1,.398826,7,-3.657299,.00586,-.010417,-.004557,-.007771,.00168623915095896,-1.866576,1.853477,.916922908163265,.584066703400578,8.419035,.43555,.398826,.43555,2.1096,.43555,1,2.637,1,1.91079377242373,-.633906874949559,.310318250606178,-.457468999884112,1.31617148275003,-.764122513834858,.00156110875245799,.473401118617707,.00250099496675618,.189968855686973,.186050142408162
P21,32.107754,SO,100,32,5609.520996,7880.67334,-118.813469,-.007243,1.698148,27.778,2.6,-2.124745,"{""type"":""M"",""msg"":""FADE0"",""time"":32.0067,""dist"":0.693818}",10.325939,8.201194,8.201194,6.5,9.9,.235404,6.5,-2.124745,.006714,-.010742,-.004028,-.00859343689320388,.00161201745885246,-1.872624,1.832325,-.316183650485437,.75014856813163,9.846273,-1.838376,.235404,-1.838376,2.41704,1.838376,1,3.0213,1,2.11422611654379,-.381557616623395,.526517133325457,2.25204929115,1.92207504404868,-.81891403210783,.00156110875245799,.473401118617707,.00250099496675618,.189968855686973,.186050142408162
P21,31.617023,SO,100,33,5631.530762,7915.661133,-115.86058,-.006714,1.609458,27.7776,-2.327999,5.6,"{""type"":""M"",""msg"":""FADE0"",""time"":31.5502,""dist"":0.653838}",8.910757,6.582758,6.582758,23.8,16.8,.347201,16.8,-2.327999,.006063,-.010417,-.004354,-.00767394382022472,.00172830223024814,.347201,1.609458,.871348719101124,.353385393260093,10.325939,1.698148,.347201,1.698148,2.18268,1.698148,1,2.72835,1,1.51402974736916,-.584523059889223,.361709788301744,1.98120292038475,2.12570705050722,.30979124431538,.00156110875245799,.473401118617707,.00250099496675618,.189968855686973,.186050142408162
P21,31.121834,SO,100,34,5639.924316,7933.084961,-115.634193,-.006388,1.493018,27.7781,-3.644974,8.9,"{""type"":""M"",""msg"":""FADE0"",""time"":31.0678,""dist"":0.63492}",8.101551,4.456577,4.456577,6.8,12.2,.421925,6.8,-3.644974,.006714,-.011597,-.004883,-.0081697037037037,.00175099487752281,.421925,1.493018,1.01629827160494,.361565824841792,8.910757,1.609458,.421925,1.609458,2.41704,1.609458,1,3.0213,1,1.17083537158264,-.851163983057257,.526517133325457,1.8099007223703,1.52492160779497,-.786039121144047,.00156110875245799,.473401118617707,.00250099496675618,.189968855686973,.186050142408162
P21,31.449327,SO,100,35,5628.107422,7911.818848,-117.462364,-.009928,.230267,27.7779,8.4,4.6,"{""type"":""M"",""msg"":""FADE0"",""time"":31.3698,""dist"":0.658386}",9.028802,13.628802,0,7.9,14,-.064292,7.9,4.6,.00708,-.012777,-.005697,-.00926464444444444,.00170863506410004,-.064292,.885853,.563116377777778,.282112913174872,8.101551,1.493018,.064292,1.493018,2.5488,1.493018,1,3.186,0,1.56409410686442,.299109931301363,.619173797348005,1.58500019314714,1.18139039770651,-.66549778094351,.00156110875245799,.473401118617707,.00250099496675618,.189968855686973,.186050142408162
P21,28.464695,SO,100,36,5661.224609,7986.253418,-114.597847,-.009237,-1.357738,27.7777,4.5,-.608019,"{""type"":""M"",""msg"":""FADE0"",""time"":28.4213,""dist"":0.577747}",6.072521,5.464502,5.464502,9.7,13.9,-.124527,9.7,-.608019,.007243,-.012451,-.005208,-.00918196721311475,.00197883197844261,-1.357738,-.124527,-.553704983606557,.3683206834806,9.028802,.230267,.124527,.230267,2.60748,.230267,1,3.25935,1,.310298395457742,-.724761737677329,.660438923674987,-.853967242245142,1.57503510385765,-.468248315160813,.00156110875245799,.473401118617707,.00250099496675618,.189968855686973,.186050142408162
P21,30.281738,SO,100,37,5641.703613,7937.115723,-115.367706,-.007568,1.357181,27.7774,-1.925489,13.2,"{""type"":""M"",""msg"":""FADE0"",""time"":30.1899,""dist"":0.629382}",8.011022,6.085533,6.085533,15.7,11.2,.328449,11.2,-1.925489,.005371,-.010417,-.005046,-.0080673875,.00163137732826699,.328449,1.357181,.83229695,.318489274791893,6.072521,-1.357738,.328449,-1.357738,1.93356,1.357738,1,2.41695,1,1.13244089150516,-.64687924359241,.186522871625233,1.3237107428439,.320008832065886,-.303873760341899,.00156110875245799,.473401118617707,.00250099496675618,.189968855686973,.186050142408162
P21,32.641792,SO,100,38,5610.543945,7881.914551,-118.904137,-.008911,-1.731295,27.7778,3,-1.315172,"{""type"":""M"",""msg"":""FADE0"",""time"":32.6011,""dist"":0.693824}",10.220707,8.905535,8.905535,17.7,25.6,-.131422,17.7,-1.315172,.002686,-.010254,-.007568,-.00895778431372549,.000719462913367951,-1.731295,-.083632,-.479783215686275,.472541344360294,8.011022,1.357181,.131422,1.357181,.96696,1.357181,1,1.2087,1,2.06959591044946,-.293227350072665,-.493212491491001,1.32263491327693,1.14295823467498,.408415977206728,.00156110875245799,.473401118617707,.00250099496675618,.189968855686973,.186050142408162
P21,31.922436,SO,100,39,5629.907715,7915.424316,-116.644432,-.008423,.24642,27.778,39.7,18.6,"{""type"":""M"",""msg"":""FADE0"",""time"":31.907,""dist"":0.656027}",8.899033,27.499033,0,29.4,17.1,.245285,17.1,18.6,.003865,-.009928,-.006063,-.00811740449438202,.000931360438467947,.216268,.357842,.286056651685393,.050758286431895,10.220707,-1.731295,.245285,-1.731295,1.3914,1.731295,1,1.73925,0,1.5090574524755,2.03855318584737,-.194736516401974,2.04522540271179,2.08103304129322,.342666155279163,.00156110875245799,.473401118617707,.00250099496675618,.189968855686973,.186050142408162
P21,32.578445,SO,100,40,5606.982422,7872.109863,-118.183197,-.008423,-.250554,27.778,29.3,34.5,"{""type"":""M"",""msg"":""FADE0"",""time"":32.5256,""dist"":0.703976}",10.54849,39.84849,0,10.2,14.7,.012496,10.2,29.3,.004394,-.010091,-.005697,-.00789934285714286,.00117261197454961,-.25938,.012496,-.161854666666667,.0770355469037692,8.899033,.24642,.012496,.24642,1.58184,.24642,1,1.9773,0,2.20861277646186,3.58727863071963,-.0608147260524435,-.822768184803183,1.51994443275292,-.413456796887842,.00156110875245799,.473401118617707,.00250099496675618,.189968855686973,.186050142408162
P21,36.37439,SO,100,41,5572.651367,7807.217773,-120.356209,-.006877,-1.868613,27.7777,-3.046502,4.3,"{""type"":""M"",""msg"":""FADE0"",""time"":36.2881,""dist"":0.776596}",13.265192,10.21869,10.21869,8,11.9,.039161,8,-3.046502,.004883,-.010091,-.005208,-.00775740151515151,.00147092362768125,-1.868613,1.853002,.600169189393939,.594131022598771,10.54849,-.250554,.039161,-.250554,1.75788,.250554,1,2.19735,1,3.3608000403823,-.128546703663578,.062980652928502,-.814783482056631,2.22018634791282,-.654539477288916,.00156110875245799,.473401118617707,.00250099496675618,.189968855686973,.186050142408162
P21,30.137201,SO,100,42,5643.61377,7940.083984,-114.736885,-.006388,1.81462,27.7778,-2.539684,3.9,"{""type"":""M"",""msg"":""FADE0"",""time"":30.0972,""dist"":0.6273}",7.811355,5.271671,5.271671,7.9,12.9,.092102,7.9,-2.539684,.004029,-.009237,-.005208,-.00756684615384615,.00120430300019709,.092102,1.81462,.848712551282051,.503350624588752,13.265192,-1.868613,.092102,-1.868613,1.45044,1.868613,1,1.81305,1,1.04775962192712,-.748944361760328,-.153218229790777,2.31045119171785,3.37350444677732,-.66549778094351,.00156110875245799,.473401118617707,.00250099496675618,.189968855686973,.186050142408162
P21,28.698324,SO,100,43,5660.960938,7980.583008,-113.958107,-.011108,.699465,27.7774,11.2,8,"{""type"":""M"",""msg"":""FADE0"",""time"":28.6859,""dist"":0.584057}",6.272957,14.272957,0,7.3,12.8,.365385,7.3,8,.0059,-.011434,-.005534,-.00832603174603175,.00135574511078873,.365385,.702144,.53240780952381,.106137159755797,7.811355,1.81462,.365385,1.81462,2.124,1.81462,1,2.655,0,.395305807544586,.379892368856446,.320444661974763,2.20616525669255,1.05819385313958,-.731247602871076,.00156110875245799,.473401118617707,.00250099496675618,.189968855686973,.186050142408162
P21,30.44714,SO,100,44,5640.432129,7931.189453,-114.696266,-.006877,-.957592,27.7782,-4.052908,-.303437,"{""type"":""M"",""msg"":""FADE0"",""time"":30.406,""dist"":0.636714}",8.219164,4.166256,4.166256,5.5,8.9,-.137517,5.5,-4.052908,.004883,-.009766,-.004883,-.00764482926829268,.00141259422327384,-1.868298,1.839489,.248147524390244,1.09617761015224,6.272957,.699465,.137517,.699465,1.75788,.699465,1,2.19735,1,1.22071651447998,-.887572670490296,.062980652928502,.0522752733032024,.405099676208528,-.928497068653772,.00156110875245799,.473401118617707,.00250099496675618,.189968855686973,.186050142408162
P21,31.519154,SO,100,45,5626.762695,7909.686035,-117.307533,-.009928,-.011481,27.7775,9.1,4.7,"{""type"":""M"",""msg"":""FADE0"",""time"":31.431,""dist"":0.660572}",9.033814,13.733814,0,9.7,15.2,.190946,9.7,4.7,.006877,-.012777,-.0059,-.00860193333333333,.00149179903306584,-.011481,.260939,.194740311111111,.0506057826330363,8.219164,-.957592,.190946,-.957592,2.47572,.957592,1,3.09465,0,1.56621975869034,.312279316515379,.567782259652439,.550840190056785,1.23132049735003,-.468248315160813,.00156110875245799,.473401118617707,.00250099496675618,.189968855686973,.186050142408162
P21,31.97348,SO,100,46,5637.94873,7924.808594,-114.808342,-.009399,-.405698,27.7779,-5.171552,-1.216249,"{""type"":""M"",""msg"":""FADE0"",""time"":31.9642,""dist"":0.644494}",8.410358,3.238806,3.238806,21.9,16.6,.320505,16.6,-5.171552,.004516,-.009562,-.005046,-.00764341666666667,.0013825098549363,-1.868854,1.843729,.216672523809524,1.14924531963081,9.033814,-.011481,.320505,-.011481,1.62576,.011481,1,2.0322,1,1.30180427888623,-1.00388267617288,-.0299291713782608,-1.27654614285162,1.57716284194284,.287874637006191,.00156110875245799,.473401118617707,.00250099496675618,.189968855686973,.186050142408162
P21,29.53054,SO,100,47,5653.707031,7971.458008,-115.450882,-.009237,1.519128,27.778,1.2,-2.334827,"{""type"":""M"",""msg"":""FADE0"",""time"":29.4731,""dist"":0.593839}",6.700302,4.365475,4.365475,11.1,6.2,-.115924,6.2,-2.334827,.004028,-.011434,-.007406,-.00925905970149254,.0011474718968051,-1.840285,1.855413,-.524243373134328,.901472084073934,8.410358,-.405698,.115924,-.405698,1.45008,.405698,1,1.8126,1,.576548161803565,-.862588937650706,-.153471390074992,-.515127283964924,1.31248784680327,-.851788943071613,.00156110875245799,.473401118617707,.00250099496675618,.189968855686973,.186050142408162
P21,29.609173,SO,100,48,5656.106445,7970.035645,-113.787186,-.005697,.573229,27.7778,3.3,8.1,"{""type"":""M"",""msg"":""FADE0"",""time"":29.587,""dist"":0.595321}",6.589939,9.889939,0,17.2,25.8,.194155,17.2,3.3,.004395,-.009766,-.005371,-.00737672727272727,.00121690074869228,.190317,.573229,.267698060606061,.103833657048611,6.700302,1.519128,.194155,1.519128,1.5822,1.519128,1,1.97775,0,.529741834496393,-.169774835291325,-.060561565768229,1.6354309112682,.58651991404074,.353624458933757,.00156110875245799,.473401118617707,.00250099496675618,.189968855686973,.186050142408162
P21,30.154959,SO,100,49,5644.640137,7947.321777,-115.201805,-.007568,-.362668,27.7777,18.6,24.3,"{""type"":""M"",""msg"":""FADE0"",""time"":30.0756,""dist"":0.619137}",7.646445,26.246445,0,14.8,20.7,.316568,14.8,18.6,.004191,-.009562,-.005371,-.00771881578947368,.00121956708942724,-.363837,.316568,-.103572039473684,.206880275963366,6.589939,.573229,.316568,.573229,1.50876,.573229,1,1.88595,0,.977819230344564,1.88146814902821,-.11220626374801,-.191545949704485,.539667647820528,.0906251712234946,.00156110875245799,.473401118617707,.00250099496675618,.189968855686973,.186050142408162
P21,28.789988,SO,100,50,5660.53418,7978.347168,-113.671638,-.010091,1.22069,27.7778,-.609129,14.5,"{""type"":""M"",""msg"":""FADE0"",""time"":28.7856,""dist"":0.58647}",6.379708,5.770579,5.770579,13,21.7,.117788,13,-.609129,.004394,-.010091,-.005697,-.00792503125,.00130656470652673,.117788,1.22069,.597959875,.352395851063243,7.646445,-.362668,.117788,-.362668,1.58184,.362668,1,1.9773,1,.440580240519116,-.686377115746975,-.0608147260524435,-.598238498087843,.988184817299893,-.106624294559202,.00156110875245799,.473401118617707,.00250099496675618,.189968855686973,.186050142408162
P22,33.225212,SO,100,1,5619.007813,7900.081543,-118.327484,-.009399,1.151527,27.7776,.1,-3.237749,"{""type"":""M"",""msg"":""FADE0"",""time"":33.1986,""dist"":0.674245}",9.516621,6.278872,6.278872,49.4,54,-.001047,49.4,-3.237749,.004395,-.011434,-.007039,-.00911586315789474,.00146996818326059,-1.844169,1.859696,-.249788852631579,.939537247623327, , ,.001047, ,1.5822, , ,1.97775,1,1.77098424015781,-.62263291205037,-.060561565768229, , ,3.88219823571311,.00355688494463076,.427857480781557,.0016984342290268,.169182649620978,.193930969209723
P22,28.912113,SO,100,2,5657.484863,7974.469238,-114.049255,-.007406,.007985,27.7778,13.9,20.4,"{""type"":""M"",""msg"":""FADE0"",""time"":28.8463,""dist"":0.589525}",6.510195,20.410195,0,23.8,14.3,.139244,14.3,13.9,.004354,-.010254,-.0059,-.00783130769230769,.00121067376544887,-.012855,.139244,.0390943076923077,.052337210805543,9.516621,1.151527,.139244,1.151527,1.56744,1.151527,1,1.9593,0,.495921407679587,1.14955346827458,-.070941137421028,.925420095028393,1.78212829319898,.0358336529505233,.00355688494463076,.427857480781557,.0016984342290268,.169182649620978,.193930969209723
P22,33.656586,SO,100,3,5610.327148,7887.299316,-118.997276,-.005046,-.68344,27.7779,-2.726395,-5.159628,"{""type"":""M"",""msg"":""FADE0"",""time"":33.6109,""dist"":0.689034}",10.038237,4.878609,4.878609,8.9,5.8,.401301,5.8,-5.159628,.009603,-.013957,-.004354,-.00886266,.00265225235792166,-1.873744,1.807291,-.10702268,.859094339662119,6.510195,.007985,.401301,.007985,3.45708,.007985,1,4.32135,1,1.99220810345128,-.798237631967462,1.25789719442147,-1.28329856684823,.505814027336629,-.89562215768999,.00355688494463076,.427857480781557,.0016984342290268,.169182649620978,.193930969209723
P22,32.422897,SO,100,4,5619.342773,7887.896484,-115.695534,-.002523,-.406857,27.7786,-5.871444,-1.013775,"{""type"":""M"",""msg"":""FADE0"",""time"":32.3388,""dist"":0.683716}",9.924959,4.053515,4.053515,24.4,33.4,.498215,24.4,-5.871444,.010579,-.011922,-.001343,-.00670981818181818,.00294583402958655,-1.863436,1.849867,.49242894949495,1.08580249042803,10.038237,-.68344,.498215,-.68344,3.80844,.68344,1,4.76055,1,1.94416548822062,-.901711337103763,1.50498163181493,.0213234441997915,2.0035692806379,1.14262232206454,.00355688494463076,.427857480781557,.0016984342290268,.169182649620978,.193930969209723
P22,30.453781,SO,100,5,5642.82373,7943.701172,-116.116844,-.00472,-.476777,27.7783,12.5,15.3,"{""type"":""M"",""msg"":""FADE0"",""time"":30.4392,""dist"":0.625046}",7.812586,20.312586,0,11,7.4,.344288,7.4,12.5,.010254,-.014974,-.00472,-.00876401282051282,.00281583665448985,-.476777,.36368,.186680320512821,.226299525030319,9.924959,-.406857,.344288,-.406857,3.69144,.406857,1,4.6143,0,1.04828170440871,1.13731248132685,1.42270453944519,-.512888708618225,1.95547951311715,-.720289299216481,.00355688494463076,.427857480781557,.0016984342290268,.169182649620978,.193930969209723
P22,31.851746,SO,100,6,5616.598145,7899.628418,-119.217216,-.007731,-.802835,27.7776,-2.130942,-4.259905,"{""type"":""M"",""msg"":""FADE0"",""time"":31.7615,""dist"":0.673992}",9.527979,5.268074,5.268074,12.7,8.6,.480892,8.6,-4.259905,.011434,-.015788,-.004354,-.0097177052631579,.00418508010262618,-1.831239,1.859451,-.0517323684210526,.865401685239879,7.812586,-.476777,.480892,-.476777,4.11624,.476777,1,5.1453,1,1.77580130987823,-.74939545571735,1.72143367481843,-.377840228686213,1.05871644802842,-.58878965536135,.00355688494463076,.427857480781557,.0016984342290268,.169182649620978,.193930969209723
P22,30.564352,SO,100,7,5648.883301,7948.682129,-113.393715,-.006388,-.814185,27.7784,-3.34392,-.407196,"{""type"":""M"",""msg"":""FADE0"",""time"":30.5148,""dist"":0.617157}",7.512039,4.168119,4.168119,7.6,14.1,.282419,7.6,-3.34392,.010091,-.012777,-.002686,-.00668726666666667,.00307420979226318,-1.842844,1.861628,.406443253333333,1.03397115709651,9.527979,-.802835,.282419,-.802835,3.63276,.802835,1,4.54095,1,.920815966315425,-.887339034671021,1.3814394131182,.251931471394909,1.78695009071925,-.698372691907293,.00355688494463076,.427857480781557,.0016984342290268,.169182649620978,.193930969209723
P22,27.176554,SO,100,8,5673.739746,8014.397461,-113.701332,-.00472,-.886378,27.7789,16,.9,"{""type"":""M"",""msg"":""FADE0"",""time"":27.1154,""dist"":0.546499}",4.970267,5.870267,0,21.7,13.5,.125642,13.5,.9,.012777,-.017131,-.004354,-.0098357,.0035942715094541,-.886378,.132,-.0786602,.296337597736233,7.512039,-.814185,.125642,-.814185,4.59972,.814185,1,5.74965,0,-.157181298820597,-.67387540476904,2.06142793651865,.273853671727122,.931125606390496,-.051832776286231,.00355688494463076,.427857480781557,.0016984342290268,.169182649620978,.193930969209723
P22,28.876543,SO,100,9,5652.714844,7964.806641,-114.284904,-.015462,-.365431,27.7767,6.6,3.8,"{""type"":""M"",""msg"":""FADE0"",""time"":28.782,""dist"":0.599421}",6.87985,10.67985,0,36.1,41.6,.087367,36.1,3.8,.013102,-.015462,-.00236,-.00743626086956522,.00355610087882192,-.623763,.087367,-.32638631884058,.208106871251605,4.970267,-.886378,.087367,-.886378,4.71672,.886378,1,5.8959,0,.652696712090783,-.0707133733270869,2.1437050288884,.413292386139761,-.147929678578926,2.42474384965207,.00355688494463076,.427857480781557,.0016984342290268,.169182649620978,.193930969209723
P22,29.815313,SO,100,10,5647.756348,7960.038574,-116.567833,-.010417,.818611,27.7778,-.307312,-2.534557,"{""type"":""M"",""msg"":""FADE0"",""time"":29.7844,""dist"":0.607583}",7.086622,4.552065,4.552065,15.7,10.1,.282458,10.1,-2.534557,.002523,-.011597,-.009074,-.0100755633802817,.000656843202259203,-1.827197,1.854585,-.113335845070423,.945358382294153,6.87985,-.365431,.282458,-.365431,.90828,.365431,1,1.13535,1,.740391300947181,-.839188987291859,-.534477617817983,-.592901842623711,.662743201694271,-.424415100542436,.00355688494463076,.427857480781557,.0016984342290268,.169182649620978,.193930969209723
P22,24.843832,SO,100,11,5698.411621,8075.225098,-111.579414,-.015625,-.064409,27.7785,4.2,2.1,"{""type"":""M"",""msg"":""FADE0"",""time"":24.8031,""dist"":0.481456}",2.640327,4.740327,0,12.7,9.6,.437588,9.6,2.1,.008382,-.018636,-.010254,-.0140711111111111,.00298228128133911,-.064409,.582911,.410775111111111,.195205885041593,7.086622,.818611,.437588,.818611,3.01752,.818611,1,3.7719,0,-1.14533796587453,-.815579354115069,.948788487395431,.282402364120987,.75052385998451,-.479206618815407,.00355688494463076,.427857480781557,.0016984342290268,.169182649620978,.193930969209723
P22,27.66526,SO,100,12,5667.724121,7999.947266,-113.136612,.001343,-.806223,27.7783,5.2,6.9,"{""type"":""M"",""msg"":""FADE0"",""time"":27.5748,""dist"":0.561357}",5.480005,10.680005,0,24,18,.020635,18,5.2,.016805,-.015462,.001343,-.00857301818181818,.00501507379470432,-.806223,.162591,-.186197090909091,.316974421722372,2.640327,-.064409,.020635,-.064409,6.0498,.064409,1,7.56225,0,.0590049562549591,-.0706939350275767,3.08115756133511,-1.1743172248619,-1.13705618979301,.441290888170511,.00355688494463076,.427857480781557,.0016984342290268,.169182649620978,.193930969209723
P22,29.50667,SO,100,13,5640.58252,7951.378906,-117.116066,-.012085,.202973,27.7775,-3.538729,-4.956877,"{""type"":""M"",""msg"":""FADE0"",""time"":29.4234,""dist"":0.616882}",7.497103,2.540226,2.540226,12.1,6.8,.24002,6.8,-4.956877,.015991,-.019002,-.003011,-.00973141333333333,.00435866916551537,-1.789158,1.849499,.0308110400000001,.837826476085421,5.480005,-.806223,.24002,-.806223,5.75676,.806223,1,7.19595,1,.914481422087197,-1.09149046502374,2.87508508998442,.258475296480859,.0684687563907498,-.786039121144047,.00355688494463076,.427857480781557,.0016984342290268,.169182649620978,.193930969209723
P22,29.647116,SO,100,14,5660.530273,7982.062988,-114.463158,-.000692,-.302511,27.7787,6.7,8.8,"{""type"":""M"",""msg"":""FADE0"",""time"":29.5921,""dist"":0.581568}",6.185568,12.885568,0,8.3,11.8,-.154365,8.3,6.7,.018799,-.019491,-.000692,-.008625,.00487445884680344,-.302511,.045865,-.0722990483870968,.0758449318614184,7.497103,.202973,.154365,.202973,6.76764,.202973,1,8.45955,0,.358243040702017,.205902156474163,3.58595916805905,-.906684822497779,.924784845009733,-.621664566325133,.00355688494463076,.427857480781557,.0016984342290268,.169182649620978,.193930969209723
P22,30.338652,SO,100,15,5647.673828,7951.142578,-114.619102,-.008219,.774154,27.7779,4.7,20.5,"{""type"":""M"",""msg"":""FADE0"",""time"":30.2887,""dist"":0.615253}",7.313383,12.013383,0,27.7,34.2,.114038,27.7,4.7,.011393,-.014608,-.003215,-.00723117808219178,.00290435484967768,-.05748,.774154,.263418,.281315076896193,6.185568,-.302511,.114038,-.302511,4.10148,.302511,1,5.12685,0,.836563474470027,.0965228451298734,1.71105410316563,-.714430022791363,.368000533445844,1.50424634266615,.00355688494463076,.427857480781557,.0016984342290268,.169182649620978,.193930969209723
P22,27.80234,SO,100,16,5668.757324,8001.414063,-113.59594,-.011434,-.439951,27.7766,6.8,3,"{""type"":""M"",""msg"":""FADE0"",""time"":27.7158,""dist"":0.559761}",5.504363,8.504363,0,14.6,29.2,.102729,14.6,3,.017985,-.016317,.001668,-.00932996363636364,.00592217843103562,-.503874,.188382,-.170203890909091,.265618080473441,7.313383,.774154,.102729,.774154,6.4746,.774154,1,8.09325,0,.0693354884129113,-.34353768227353,3.37988669670835,.196534940317534,.846790423419369,.0687085639143059,.00355688494463076,.427857480781557,.0016984342290268,.169182649620978,.193930969209723
P22,28.967163,SO,100,17,5654.552734,7967.10498,-114.558968,-.008911,.35104,27.7772,19.4,11.9,"{""type"":""M"",""msg"":""FADE0"",""time"":28.965,""dist"":0.599242}",6.730772,18.630772,0,23.8,14.7,.299053,14.7,11.9,.016113,-.016805,-.000692,-.00811855223880597,.00382549158371552,.08635,.36728,.238562388059701,.0775532916965382,5.504363,-.439951,.299053,-.439951,5.80068,.439951,1,7.25085,0,.589470869532148,.926398905503847,2.9059706446586,-.448968594275119,.0788094276355682,.0796668675689002,.00355688494463076,.427857480781557,.0016984342290268,.169182649620978,.193930969209723
P22,31.550013,SO,100,18,5645.289063,7937.634766,-112.739296,-.009237,.668929,27.778,-3.845826,-1.417588,"{""type"":""M"",""msg"":""FADE0"",""time"":31.4817,""dist"":0.628179}",7.913674,4.067848,4.067848,13.5,20.1,.333387,13.5,-3.845826,.01359,-.012939,.000651,-.00533764556962025,.00406566022341461,-1.822214,1.86763,.368971329113924,.914785232782435,6.730772,.35104,.333387,.35104,4.8924,.35104,1,6.1155,1,1.09115438832295,-.899913858736791,2.26724724758513,-.620697647467841,.599455304993594,-.051832776286231,.00355688494463076,.427857480781557,.0016984342290268,.169182649620978,.193930969209723
P22,29.714277,SO,100,19,5645.258301,7955.79541,-116.203659,-.008748,.340308,27.7777,-1.312631,-3.746166,"{""type"":""M"",""msg"":""FADE0"",""time"":29.7001,""dist"":0.612856}",7.317056,3.57089,3.57089,9.8,5.3,-.078642,5.3,-3.746166,.012939,-.015625,-.002686,-.0091207397260274,.00368210450100436,-1.829,1.854049,-.0656711369863013,1.02307464142876,7.913674,.668929,.078642,.668929,4.65804,.668929,1,5.82255,1,.838121239664877,-.962236558401466,2.10243990256142,-.0067041372117279,1.10163121011054,-.950413675962961,.00355688494463076,.427857480781557,.0016984342290268,.169182649620978,.193930969209723
P22,30.411188,SO,100,20,5637.744629,7926.652832,-115.026276,-.016968,-1.401907,27.7769,-2.127334,8.9,"{""type"":""M"",""msg"":""FADE0"",""time"":30.3237,""dist"":0.64059}",8.3202,6.192866,6.192866,20.2,12.8,.056709,12.8,-2.127334,.016967,-.017293,-.000326,-.007261,.00455517879759387,-1.819903,1.874338,.277376963855422,.823841832063662,7.317056,.340308,.056709,.340308,6.10812,.340308,1,7.63515,1,1.26356714454447,-.633418785519275,3.12216952737788,-.641426198478001,.84834971751093,-.128540901868391,.00355688494463076,.427857480781557,.0016984342290268,.169182649620978,.193930969209723
P22,30.324795,SO,100,21,5640.234375,7941.902832,-114.689857,-.006551,1.732868,27.7778,10.6,-4.347603,"{""type"":""M"",""msg"":""FADE0"",""time"":30.2323,""dist"":0.625419}",7.823261,3.475658,3.475658,21.6,25.4,.098044,21.6,-4.347603,.017131,-.015137,.001994,-.00623971794871795,.0054179467091132,-1.824973,1.871521,-.255255833333333,1.1958621211222,8.3202,-1.401907,.098044,-1.401907,6.16716,1.401907,1,7.70895,1,1.05280910529491,-.974179449620576,3.16368781398907,1.40902190288562,1.27421318393725,.835789819735905,.00355688494463076,.427857480781557,.0016984342290268,.169182649620978,.193930969209723
P22,29.491146,SO,100,22,5656.15918,7969.532227,-113.207039,-.003703,.839887,27.7774,1,4.4,"{""type"":""M"",""msg"":""FADE0"",""time"":29.3977,""dist"":0.593757}",6.67878,7.67878,0,10.6,6.5,.10511,6.5,1,.017781,-.016113,.001668,-.00635926865671642,.0049386432211817,-.365675,.839887,.0317660746268657,.300404575179586,7.823261,1.732868,.10511,1.732868,6.40116,1.732868,1,8.00145,0,.567420412681985,-.447072712109577,3.32824199872857,2.04826360721598,1.06324829241377,-.81891403210783,.00355688494463076,.427857480781557,.0016984342290268,.169182649620978,.193930969209723
P22,29.619539,SO,100,23,5648.971191,7957.222656,-114.897102,-.015137,-.616228,27.7767,5.6,2.6,"{""type"":""M"",""msg"":""FADE0"",""time"":29.5784,""dist"":0.609376}",7.225565,9.825565,0,6.9,10.9,.159201,6.9,2.6,.016805,-.015788,.001017,-.00821883333333333,.0052476212585551,-.712918,.241462,-.116074930555556,.390035062912869,6.67878,.839887,.159201,.839887,6.0498,.839887,1,7.56225,0,.799318763367018,-.1778478745989,3.08115756133511,.323496349519064,.57738320632537,-.775080817489453,.00355688494463076,.427857480781557,.0016984342290268,.169182649620978,.193930969209723
P22,29.223833,SO,100,24,5654.417969,7962.02832,-113.266144,-.007894,-1.392624,27.7776,-3.038141,.9,"{""type"":""M"",""msg"":""FADE0"",""time"":29.1344,""dist"":0.601525}",6.894985,3.856844,3.856844,5.4,9.5,.171022,5.4,-3.038141,.011271,-.013102,-.001831,-.00698513043478261,.00316467100749474,-1.862493,1.825811,.594657652173913,.928429585454936,7.225565,-.616228,.171022,-.616228,4.05756,.616228,1,5.07195,1,.659115654705555,-.926375529381081,1.68016854849145,-.108494611194808,.809509157823775,-.939455372308367,.00355688494463076,.427857480781557,.0016984342290268,.169182649620978,.193930969209723
P22,26.712111,SO,100,25,5679.671875,8030.719238,-112.943092,-.01359,-1.565257,27.7775,2.7,-1.012537,"{""type"":""M"",""msg"":""FADE0"",""time"":26.6156,""dist"":0.528119}",4.285262,3.272725,3.272725,7.1,4.2,.22141,4.2,-1.012537,.011923,-.015951,-.004028,-.00863960465116279,.00369397372911698,-1.565257,.22141,-.584037325581395,.559272638830741,6.894985,-1.392624,.22141,-1.392624,4.29228,1.392624,1,5.36535,1,-.447700478591442,-.99962894919811,1.84522905379937,1.39109205392668,.669168444295893,-1.0709550161635,.00355688494463076,.427857480781557,.0016984342290268,.169182649620978,.193930969209723
P22,26.445967,SO,100,26,5691.87207,8057.391113,-111.285561,-.015788,.081641,27.7771,5.8,3.5,"{""type"":""M"",""msg"":""FADE0"",""time"":26.4373,""dist"":0.501306}",3.344984,6.844984,0,35.5,45.8,.20228,35.5,3.5,.01058,-.015788,-.005208,-.00969385294117647,.00297836170272581,.081641,.267615,.189525558823529,.0562399783698562,4.285262,-1.565257,.20228,-1.565257,3.8088,1.565257,1,4.761,0,-.846484127348123,-.5516377210029,1.50523479209915,1.72452775524394,-.438733993631763,2.35899402772451,.00355688494463076,.427857480781557,.0016984342290268,.169182649620978,.193930969209723
P22,25.871342,SO,100,27,5685.49707,8044.256836,-112.372833,-.013102,-1.143246,27.7776,3.7,0,"{""type"":""M"",""msg"":""FADE0"",""time"":25.8514,""dist"":0.51553}",3.875271,3.875271,3.875271,35.1,40.2,.316044,35.1,0,.008708,-.013428,-.00472,-.00920217948717949,.00280810244857153,-1.143246,.316044,-.294691487179487,.464362641151508,3.344984,.081641,.316044,.081641,3.13488,.081641,1,3.9186,1,-.621582784608812,-.92406462909027,1.03131874004939,-1.14103410978483,-.837909035783647,2.31516081310613,.00355688494463076,.427857480781557,.0016984342290268,.169182649620978,.193930969209723
P22,27.104134,SO,100,28,5683.15332,8034.199707,-111.286354,-.011271,.400951,27.7772,13.6,10.3,"{""type"":""M"",""msg"":""FADE0"",""time"":27.093,""dist"":0.525987}",4.158228,14.458228,0,6.8,10.7,.213168,6.8,10.3,.01176,-.012248,-.000488,-.00699483333333333,.00393581816527152,.023834,.400951,.165662714285714,.0980421118122172,3.875271,-1.143246,.213168,-1.143246,4.2336,1.143246,1,5.292,0,-.501577185306005,.40312690555688,1.80396392747239,.909425580407154,-.612786959570446,-.786039121144047,.00355688494463076,.427857480781557,.0016984342290268,.169182649620978,.193930969209723
P22,26.486336,SO,100,29,5684.94043,8036.71582,-110.610603,-.00354,1.143384,27.778,0,3.9,"{""type"":""M"",""msg"":""FADE0"",""time"":26.4764,""dist"":0.52306}",4.055638,4.055638,4.055638,14.2,9.6,.215953,9.6,0,.010253,-.011759,-.001506,-.00590112195121951,.00310195062174692,.215953,1.143384,.522918780487805,.301187545837931,4.158228,.400951,.215953,.400951,3.69108,.400951,1,4.61385,1,-.545086886188029,-.901445095104664,1.42245137916097,-.524295978676556,-.492663578610591,-.479206618815407,.00355688494463076,.427857480781557,.0016984342290268,.169182649620978,.193930969209723
P22,26.991953,SO,100,30,5678.046387,8020.241699,-111.651352,-.000163,.90182,27.7783,1,4.2,"{""type"":""M"",""msg"":""FADE0"",""time"":26.9723,""dist"":0.540641}",4.773974,5.773974,0,14.8,7,.192189,7,1,.015788,-.014771,.001017,-.00566197916666667,.00541626150602834,.031924,.90182,.445125291666667,.313841063372472,4.055638,1.143384,.192189,1.143384,5.68368,1.143384,1,7.1046,0,-.24043161283985,-.685951354283508,2.82369355228885,.909692123459652,-.536215982872269,-.764122513834858,.00355688494463076,.427857480781557,.0016984342290268,.169182649620978,.193930969209723
P22,26.469671,SO,100,31,5680.79248,8028.662109,-112.616615,-.004028,.250006,27.7781,8.5,11.8,"{""type"":""M"",""msg"":""FADE0"",""time"":26.4431,""dist"":0.53161}",4.384273,12.884273,0,11.1,18.2,.17535,11.1,8.5,.013265,-.015625,-.00236,-.00933004545454546,.00443163826579021,.17535,.450442,.299207613636364,.092878096493178,4.773974,.90182,.17535,.90182,4.7754,.90182,1,5.96925,0,-.405708676329719,.205739752616964,2.18497015521538,.44311816741994,-.231261700118428,-.314832063996493,.00355688494463076,.427857480781557,.0016984342290268,.169182649620978,.193930969209723
P22,27.421738,SO,100,32,5672.940918,8010.191406,-112.36618,-.008911,.022043,27.7777,35.2,22.9,"{""type"":""M"",""msg"":""FADE0"",""time"":27.4049,""dist"":0.551897}",5.086968,27.986968,0,5.3,8.5,.079768,5.3,22.9,.014282,-.014974,-.000692,-.00767209803921569,.00391737620483355,-.111728,.127891,-.009425,.0773155984075659,4.384273,.250006,.079768,.250006,5.14152,.250006,1,6.4269,0,-.10768694651888,2.09974432566378,2.44243416426164,-.815841928381041,-.396700977759329,-.950413675962961,.00355688494463076,.427857480781557,.0016984342290268,.169182649620978,.193930969209723
P22,26.957392,SO,100,33,5687.687012,8048.666016,-111.858925,-.006063,-.697326,27.7784,17.3,4.4,"{""type"":""M"",""msg"":""FADE0"",""time"":26.9248,""dist"":0.510283}",3.551947,7.951947,0,11.5,7,.132265,7,4.4,.008911,-.013794,-.004883,-.00885341666666667,.00272229382664168,-.697326,.132265,-.195863361111111,.248685143994817,5.086968,.022043,.132265,.022043,3.20796,.022043,1,4.00995,0,-.758708533005143,-.412815280094597,1.08271027774496,-1.2561459419786,-.0983867491536214,-.764122513834858,.00355688494463076,.427857480781557,.0016984342290268,.169182649620978,.193930969209723
P22,26.584764,SO,100,34,5679.125488,8023.523926,-112.216347,-.005046,.646588,27.7784,5,9.7,"{""type"":""M"",""msg"":""FADE0"",""time"":26.4904,""dist"":0.535104}",4.545579,9.545579,0,44.1,50.4,.203943,44.1,5,.012736,-.014771,-.002035,-.00821152173913043,.00356588265986997,.203943,.717956,.491150173913043,.20066485208751,3.551947,-.697326,.203943,-.697326,4.58496,.697326,1,5.7312,0,-.337296786179843,-.212960466383948,2.05104836486585,.0481438559894928,-.750047292502532,3.30140814201962,.00355688494463076,.427857480781557,.0016984342290268,.169182649620978,.193930969209723
P22,26.551216,SO,100,35,5676.322266,8019.869141,-113.119057,-.012939,-.579745,27.7768,5.1,1.9,"{""type"":""M"",""msg"":""FADE0"",""time"":26.4494,""dist"":0.539301}",4.763658,6.663658,0,28.5,34.7,-.043358,28.5,1.9,.011759,-.015625,-.003866,-.00891452083333333,.00335981346360107,-.579745,-.043358,-.2182289375,.157015838467172,4.545579,.646588,.043358,.646588,4.23324,.646588,1,5.29155,0,-.244806757340278,-.574377521628701,1.80371076718818,-.0498551396453817,-.32822194352759,1.59191277190291,.00355688494463076,.427857480781557,.0016984342290268,.169182649620978,.193930969209723
P22,25.893717,SO,100,36,5685.302246,8038.376465,-111.224251,-.011271,.855085,27.7766,13.8,10.8,"{""type"":""M"",""msg"":""FADE0"",""time"":25.8626,""dist"":0.520784}",3.953549,14.753549,0,7.7,12.5,.067776,7.7,10.8,.01648,-.016317,.000163,-.007561175,.00466534453553609,.067776,.855085,.301577325,.259674861335201,4.763658,-.579745,.067776,-.579745,5.9328,.579745,1,7.416,0,-.588384106709961,.440162634909605,2.99888046896536,-.17896048209526,-.235641138683234,-.687414388252699,.00355688494463076,.427857480781557,.0016984342290268,.169182649620978,.193930969209723
P22,25.318106,SO,100,37,5690.436035,8054.47998,-111.53717,-.008057,-.223101,27.7777,18.3,6.3,"{""type"":""M"",""msg"":""FADE0"",""time"":25.239,""dist"":0.502559}",3.444105,9.744105,0,4.8,8,.10494,4.8,6.3,.013428,-.015625,-.002197,-.00991322857142857,.00374096900851759,-.223101,.242139,.0760216857142857,.152010342680005,3.953549,.855085,.10494,.855085,4.83408,.855085,1,6.0426,0,-.80444567271193,-.188063641554426,2.22623528154236,.352850851778885,-.579555698231177,-1.00520519423593,.00355688494463076,.427857480781557,.0016984342290268,.169182649620978,.193930969209723
P22,26.140133,SO,100,38,5682.955078,8037.439453,-112.464958,-.009237,-1.004976,27.7777,6.1,.5,"{""type"":""M"",""msg"":""FADE0"",""time"":26.0885,""dist"":0.521912}",4.051443,4.551443,0,24.6,30.7,.017899,24.6,.5,.006714,-.012248,-.005534,-.00902034146341463,.00195172790892783,-1.004976,.017899,-.389015390243902,.322939012717407,3.444105,-.223101,.017899,-.223101,2.41704,.223101,1,3.0213,0,-.546866038105371,-.839266991306668,.526517133325457,-.867808166261058,-.795829321748929,1.16453892937373,.00355688494463076,.427857480781557,.0016984342290268,.169182649620978,.193930969209723
P22,26.984297,SO,100,39,5674.674805,8014.922363,-112.511406,-.010417,-.201371,27.7773,11.4,6.8,"{""type"":""M"",""msg"":""FADE0"",""time"":26.9778,""dist"":0.547152}",4.965574,11.765574,0,12.7,18.2,.102426,12.7,6.8,.008871,-.012248,-.003377,-.0077466,.00256810056068603,-.250371,.102426,-.07771724,.135296359076094,4.051443,-1.004976,.102426,-1.004976,3.19356,1.004976,1,3.99195,0,-.159171658760545,.0654455189147736,1.07258386637638,.642361030633137,-.537996880970307,-.139499205522985,.00355688494463076,.427857480781557,.0016984342290268,.169182649620978,.193930969209723
P22,27.467848,SO,100,40,5671.154297,8006.634277,-112.84623,-.00354,-.255727,27.7783,6.4,9.2,"{""type"":""M"",""msg"":""FADE0"",""time"":27.3905,""dist"":0.554248}",5.278067,11.678067,0,12.4,7.9,.287423,7.9,6.4,.010417,-.013957,-.00354,-.0076812641509434,.00312110792182066,-.255727,.287423,-.0124659622641509,.155229440190092,4.965574,-.201371,.287423,-.201371,3.75012,.201371,1,4.68765,0,-.0266394727996682,.0544714074615788,1.46396966577217,-.909779039672423,-.14992199199349,-.66549778094351,.00355688494463076,.427857480781557,.0016984342290268,.169182649620978,.193930969209723
P22,27.531866,SO,100,41,5671.47168,8006.678223,-112.412682,-.006551,.028097,27.7779,6.5,11.4,"{""type"":""M"",""msg"":""FADE0"",""time"":27.4778,""dist"":0.554715}",5.32011,11.82011,0,10.9,7.1,.291845,7.1,6.5,.012776,-.013102,-.000326,-.00701333962264151,.00415074987638191,-.069652,.291845,.140172867924528,.116937521985368,5.278067,-.255727,.291845,-.255727,4.59936,.255727,1,5.7492,0,-.0088085111641976,.072284790541174,2.06117477623444,-.804791980530768,-.017259729931452,-.753164210180264,.00355688494463076,.427857480781557,.0016984342290268,.169182649620978,.193930969209723
P22,29.397799,SO,100,42,5654.416504,7973.283203,-115.733253,-.004191,1.411119,27.7786,.8,-2.223601,"{""type"":""M"",""msg"":""FADE0"",""time"":29.3514,""dist"":0.592342}",6.674309,4.450708,4.450708,7.8,11.6,-.027671,7.8,-2.223601,.012939,-.015625,-.002686,-.00994905970149254,.00434050710583172,-1.863388,1.808757,-.481265791044776,.868462542584177,5.32011,.028097,.027671,.028097,4.65804,.028097,1,5.82255,1,.565524205715969,-.851900004862585,2.10243990256142,-1.24445281415382,.00058873222249772,-.676456084598104,.00355688494463076,.427857480781557,.0016984342290268,.169182649620978,.193930969209723
P22,26.442286,SO,100,43,5683.039551,8034.138672,-111.119194,-.002848,.321989,27.7782,2.9,5.9,"{""type"":""M"",""msg"":""FADE0"",""time"":26.4099,""dist"":0.525549}",4.165541,7.065541,0,8.8,12.4,-.038334,8.8,2.9,.010416,-.012451,-.002035,-.00610452380952381,.00313576992714782,-.074391,.321989,.0695742380952381,.115790993429353,6.674309,1.411119,.038334,1.411119,3.74976,1.411119,1,4.6872,0,-.498475650628646,-.523978024066857,1.46371650548795,1.42681461737552,.575485138292872,-.566873048052162,.00355688494463076,.427857480781557,.0016984342290268,.169182649620978,.193930969209723
P22,27.336096,SO,100,44,5670.526855,8005.793457,-113.505875,-.007243,-.520135,27.7781,28.3,4.4,"{""type"":""M"",""msg"":""FADE0"",""time"":27.2589,""dist"":0.555226}",5.320994,9.720994,0,46.4,52,.254687,46.4,4.4,.006225,-.012939,-.006714,-.0090301320754717,.00220047972949376,-.520135,.303555,.09268,.265444233645368,4.165541,.321989,.254687,.321989,2.241,.321989,1,2.80125,0,-.00843359571844544,-.190961954715599,.402721754344512,-.676808822961332,-.489558999876156,3.55344912607528,.00355688494463076,.427857480781557,.0016984342290268,.169182649620978,.193930969209723
P22,28.050768,SO,100,45,5667.22168,8004.802246,-116.448875,-.012085,.516504,27.7793,-.303858,-1.41761,"{""type"":""M"",""msg"":""FADE0"",""time"":28.036,""dist"":0.559207}",5.368254,3.950644,3.950644,37.1,7.4,.369343,7.4,-1.41761,.018423,-.023469,-.005046,-.0118667777777778,.0062706537129251,-1.820994,1.788112,-.183261203703704,.802290372389406,5.320994,-.520135,.369343,-.520135,6.63228,.520135,1,8.29035,1,.0116099608044563,-.914612222967769,3.49077090119435,-.294095491945764,.000964015635767315,-.720289299216481,.00355688494463076,.427857480781557,.0016984342290268,.169182649620978,.193930969209723
P22,27.10928,SO,100,46,5671.767578,8009.033203,-113.345657,-.004028,-.630772,27.7778,10.4,13,"{""type"":""M"",""msg"":""FADE0"",""time"":27.0686,""dist"":0.552715}",5.166203,15.566203,0,7.4,10.7,-.144405,7.4,10.4,.010743,-.014771,-.004028,-.00879148076923077,.00346081716798376,-.630772,-.083304,-.280222365384615,.161001446542647,5.368254,.516504,.144405,.516504,3.86748,.516504,1,4.83435,0,-.0740823929621279,.542076259749728,1.54649991842613,-.301108664580678,.021027244268255,-.720289299216481,.00355688494463076,.427857480781557,.0016984342290268,.169182649620978,.193930969209723
P22,27.875208,SO,100,47,5668.758789,8000.036133,-113.188782,-.010254,.109558,27.7778,11.9,7.6,"{""type"":""M"",""msg"":""FADE0"",""time"":27.8013,""dist"":0.561304}",5.494515,13.094515,0,13.4,8.1,.178228,8.1,7.6,.006225,-.011271,-.005046,-.00780890909090909,.00167992850677604,.037538,.178228,.0918599454545455,.0379721911561694,5.166203,-.630772,.178228,-.630772,2.241,.630772,1,2.80125,0,.065158828560234,.232105862072694,.402721754344512,-.0804032912272569,-.0647492138024755,-.643581173634321,.00355688494463076,.427857480781557,.0016984342290268,.169182649620978,.193930969209723
P22,25.777424,SO,100,48,5690.324219,8053.09668,-111.193558,-.010579,.176304,27.7774,10.9,7,"{""type"":""M"",""msg"":""FADE0"",""time"":25.7753,""dist"":0.50605}",3.461865,10.461865,0,28,19.5,.202438,19.5,7,.007528,-.010905,-.003377,-.00880291428571429,.00244325947156215,.16058,.247396,.2023286,.0297280927547546,5.494515,.109558,.202438,.109558,2.71008,.109558,1,3.3876,0,-.796913434797272,-.0980505198996431,.732589604676152,-1.08711322285317,.0746286685248459,.605665442989425,.00355688494463076,.427857480781557,.0016984342290268,.169182649620978,.193930969209723
P22,27.593245,SO,100,49,5674.206055,8014.84375,-112.175842,-.00236,-.597381,27.7779,5.4,7.7,"{""type"":""M"",""msg"":""FADE0"",""time"":27.5067,""dist"":0.545203}",4.883873,10.283873,0,12.3,8.7,.508699,8.7,5.4,.012125,-.012451,-.000326,-.00739728571428571,.00448340976081077,-.63497,.511117,-.0433618979591836,.439447833995413,3.461865,.176304,.508699,.176304,4.365,.176304,1,5.45625,0,-.193822073730447,-.120372208973398,1.89636743121072,-.958195233128597,-.788289691183694,-.577831351706756,.00355688494463076,.427857480781557,.0016984342290268,.169182649620978,.193930969209723
P22,28.256943,SO,100,50,5661.179199,7988.351074,-115.246864,-.009399,1.496391,27.7779,.9,-1.41753,"{""type"":""M"",""msg"":""FADE0"",""time"":28.1818,""dist"":0.575007}",5.987334,4.569804,4.569804,20,27,.138007,20,-1.41753,.009928,-.015299,-.005371,-.0100807666666667,.00258454529565855,-1.865243,1.808581,-.268728066666667,.822125563882291,4.883873,-.597381,.138007,-.597381,3.57408,.597381,1,4.4676,1,.274169524329591,-.836964367969197,1.34017428679122,-.144897052574651,-.184606415237308,.660456961262397,.00355688494463076,.427857480781557,.0016984342290268,.169182649620978,.193930969209723
P24,22.828321,SO,100,1,5713.593262,8116.826172,-108.690025,-.009237,.477175,27.7777,17.4,11.9,"{""type"":""M"",""msg"":""FADE0"",""time"":22.7613,""dist"":0.436431}",1.012058,12.912058,0,15.3,10.7,.473602,10.7,11.9,.00236,-.009766,-.007406,-.008819,.00078418084648887,.473602,.481033,.478052181818182,.0024510346312601, , ,.473602, ,.8496, , ,1.062,0,-1.83590719431271,.20922422456466,-.575742744144965, , ,-.358665278614871,.000775874397228728,.094028624500547,.00493104594446734,.249106406007106,.231969108432984
P24,22.522942,SO,100,2,5713.87793,8117.901855,-108.353142,-.006551,.41064,27.7778,6.3,12.1,"{""type"":""M"",""msg"":""FADE0"",""time"":22.5028,""dist"":0.436629}",.909979,7.209979,0,8.1,13.8,.339314,8.1,6.3,0,-.006551,-.006551,-.006551,0,.339314,.41064,.3698876,.0241531787565207,1.012058,.477175,.339314,.477175,0,.477175,1,0,0,-1.87920017370969,-.505864287907732,-1.17320101489145,-.377071503071039,-1.82830318983939,-.643581173634321,.000775874397228728,.094028624500547,.00493104594446734,.249106406007106,.231969108432984
P24,23.499901,SO,100,3,5710.494141,8107.624023,-109.031548,-.010905,.502128,27.7772,11.4,7.9,"{""type"":""M"",""msg"":""FADE0"",""time"":23.4356,""dist"":0.446191}",1.420365,9.320365,0,1000000,38.6,.370143,38.6,7.9,.002319,-.010905,-.008586,-.0104303333333333,.000909869509220704,.370143,.503594,.4598214,.0452058173955521,.909979,.41064,.370143,.41064,.83484,.41064,1,1.04355,0,-1.66273909373725,-.241204190163986,-.586122315797764,-.505581952331286,-1.87163865991082,2.69870144101693,.000775874397228728,.094028624500547,.00493104594446734,.249106406007106,.231969108432984
P24,22.908104,SO,100,4,5707.842285,8099.97998,-109.161491,-.009237,.49809,27.7774,19.9,14.3,"{""type"":""M"",""msg"":""FADE0"",""time"":22.8912,""dist"":0.455597}",1.620146,15.920146,0,7.8,16.3,.307258,7.8,14.3,.002523,-.010091,-.007568,-.009409,.000581606611035328,.307258,.49809,.420080588235294,.0604844865596324,1.420365,.502128,.307258,.502128,.90828,.502128,1,1.13535,0,-1.57800947533476,.586463679385621,-.534477617817983,-.328875497353884,-1.65496513031241,-.676456084598104,.000775874397228728,.094028624500547,.00493104594446734,.249106406007106,.231969108432984
P24,23.200356,SO,100,5,5705.861328,8094.62793,-109.465401,-.009074,.396997,27.7777,19.6,13.4,"{""type"":""M"",""msg"":""FADE0"",""time"":23.1667,""dist"":0.460842}",1.822165,15.222165,0,13.1,21.5,.35687,13.1,13.4,.001668,-.009074,-.007406,-.00807594736842105,.00060053721077088,.35687,.396997,.376712157894737,.0138375666826182,1.620146,.49809,.35687,.49809,.60048,.49809,1,.7506,0,-1.49233069316802,.498931010156732,-.750929660821477,-.336674778846525,-1.57015235249974,-.0956659909046081,.000775874397228728,.094028624500547,.00493104594446734,.249106406007106,.231969108432984
P24,23.996981,SO,100,6,5702.065918,8083.979492,-109.467438,-.006877,.407948,27.7778,5.4,11.6,"{""type"":""M"",""msg"":""FADE0"",""time"":23.9119,""dist"":0.470716}",2.230481,7.630481,0,15.6,27.3,.09571,15.6,5.4,.001709,-.008586,-.006877,-.00738269565217391,.000592977190637718,.09571,.407948,.23642047826087,.0941268831842856,1.822165,.396997,.09571,.396997,.61524,.396997,1,.76905,0,-1.3191587755801,-.453129811645361,-.740550089168678,-.531933016572025,-1.48438947934894,.178291600460249,.000775874397228728,.094028624500547,.00493104594446734,.249106406007106,.231969108432984
P24,23.615345,SO,100,7,5702.275391,8085.672363,-110.712387,-.010905,.006244,27.7776,6.8,3.5,"{""type"":""M"",""msg"":""FADE0"",""time"":23.6036,""dist"":0.471136}",2.225948,5.725948,0,11.3,7.8,.554457,7.8,3.5,.000163,-.010905,-.010742,-.0108624782608696,7.31833746428153E-05,.006244,.554457,.344496086956522,.172288503921056,2.230481,.407948,.554457,.407948,.05868,.407948,1,.07335,0,-1.32108127752082,-.691974217330477,-1.13193588856447,-.51078147332638,-1.31104759906323,-.676456084598104,.000775874397228728,.094028624500547,.00493104594446734,.249106406007106,.231969108432984
P24,23.941996,SO,100,8,5700.33252,8078.339844,-110.016319,-.009766,.695757,27.7779,16.4,12,"{""type"":""M"",""msg"":""FADE0"",""time"":23.8848,""dist"":0.477411}",2.438456,14.438456,0,5.7,10.6,.47749,5.7,12,.004231,-.009928,-.005697,-.00813972,.00131062639349791,.47749,.695757,.58851856,.0714462864407475,2.225948,.006244,.47749,.006244,1.52316,.006244,1,1.90395,0,-1.23095397939198,.400647330989673,-.102079852379425,-1.28666125854676,-1.31297198787811,-.906580461344584,.000775874397228728,.094028624500547,.00493104594446734,.249106406007106,.231969108432984
P24,24.452726,SO,100,9,5696.600586,8069.936035,-110.556473,-.007731,.094171,27.7779,26.2,33.1,"{""type"":""M"",""msg"":""FADE0"",""time"":24.4324,""dist"":0.487589}",2.837125,29.037125,0,9.3,13.6,.382975,9.3,26.2,.002523,-.008057,-.005534,-.0074251724137931,.000575769117229015,.094171,.382975,.216062655172414,.0875132856710813,2.438456,.695757,.382975,.695757,.90828,.695757,1,1.13535,0,-1.06187347504521,2.23144281791415,-.534477617817983,.0451133773708811,-1.2227562326891,-.51208152977919,.000775874397228728,.094028624500547,.00493104594446734,.249106406007106,.231969108432984
P24,24.259851,SO,100,10,5696.724121,8069.485352,-110.310532,-.006063,.37164,27.7779,6.6,11.6,"{""type"":""M"",""msg"":""FADE0"",""time"":24.2312,""dist"":0.487767}",2.838832,9.438832,0,14.7,23,.391392,14.7,6.6,.002685,-.008748,-.006063,-.00750096551724138,.000714200626212802,.351056,.391392,.366389448275862,.0131270364585739,2.837125,.094171,.391392,.094171,.9666,.094171,1,1.20825,0,-1.06114951501591,-.226347435144095,-.493465651775216,-1.11683277320663,-1.05350978123575,.0796668675689002,.000775874397228728,.094028624500547,.00493104594446734,.249106406007106,.231969108432984
P24,25.440592,SO,100,11,5690.09082,8053.626465,-111.856232,-.007894,-.24478,27.7778,12.4,4.2,"{""type"":""M"",""msg"":""FADE0"",""time"":25.3425,""dist"":0.502978}",3.373963,7.573963,0,11.9,8.3,.514578,8.3,4.2,.002848,-.010742,-.007894,-.00993794117647059,.000598722475355271,-.24478,.514578,.240667117647059,.240322920458711,2.838832,.37164,.514578,.37164,1.02528,.37164,1,1.2816,0,-.834193771349876,-.460217642688725,-.452200525448234,-.580909336732723,-1.05278511066284,-.621664566325133,.000775874397228728,.094028624500547,.00493104594446734,.249106406007106,.231969108432984
P24,25.435366,SO,100,12,5694.794434,8063.929199,-110.404556,-.008219,.512169,27.7774,20.6,36.6,"{""type"":""M"",""msg"":""FADE0"",""time"":25.4172,""dist"":0.493884}",2.946341,23.546341,0,9.5,15.4,.130628,9.5,20.6,.003011,-.009399,-.006388,-.007704,.000888310018887085,.130628,.512169,.306396633333333,.122210886833032,3.373963,-.24478,.130628,-.24478,1.08396,.24478,1,1.35495,0,-1.01555360477002,1.54285246992577,-.410935399121253,-.825935797890833,-.825606617194124,-.490164922470002,.000775874397228728,.094028624500547,.00493104594446734,.249106406007106,.231969108432984
P24,25.130711,SO,100,13,5693.341797,8061.491699,-110.958588,-.008748,.004282,27.7774,17.5,9.6,"{""type"":""M"",""msg"":""FADE0"",""time"":25.065,""dist"":0.495359}",3.142048,12.742048,0,14.9,21.7,.108927,14.9,9.6,.001668,-.008911,-.007243,-.00850159375,.00061178469011283,.004282,.108927,.082777875,.0313286838924887,2.946341,.512169,.108927,.512169,.60048,.512169,1,.7506,0,-.932551820672955,.187903545211492,-.750929660821477,-.309481593077607,-1.00714444948954,.101583474878089,.000775874397228728,.094028624500547,.00493104594446734,.249106406007106,.231969108432984
P24,24.753534,SO,100,14,5697.089844,8069.958008,-110.04142,-.006714,.554797,27.7777,4.7,11,"{""type"":""M"",""msg"":""FADE0"",""time"":24.6694,""dist"":0.485654}",2.833406,7.533406,0,10.8,16.3,.486188,10.8,4.7,.002685,-.007039,-.004354,-.00611472413793103,.000772446988312916,.403315,.554797,.448290379310345,.0425258059866626,3.142048,.004282,.486188,.004282,.9666,.004282,1,1.20825,0,-1.06345074941484,-.465303830516067,-.493465651775216,-1.29045080542357,-.924061201796395,-.347706974960276,.000775874397228728,.094028624500547,.00493104594446734,.249106406007106,.231969108432984
P24,25.536617,SO,100,15,5694.424316,8062.727051,-111.05732,-.009766,.578045,27.778,12.2,8,"{""type"":""M"",""msg"":""FADE0"",""time"":25.4664,""dist"":0.493774}",3.050258,11.050258,0,26.9,20.9,.598125,20.9,8,.001343,-.010417,-.009074,-.0099951935483871,.000266419396110073,.578045,.721715,.673635032258065,.0439617816438202,2.833406,.554797,.598125,.554797,.48348,.554797,1,.60435,0,-.971481106606876,-.0242611046496671,-.833206753191226,-.227146830455441,-1.05508860364972,.759081694153745,.000775874397228728,.094028624500547,.00493104594446734,.249106406007106,.231969108432984
P24,25.517874,SO,100,16,5691.569336,8055.487793,-111.066177,-.009766,.483576,27.7777,14.2,9.7,"{""type"":""M"",""msg"":""FADE0"",""time"":25.4294,""dist"":0.500998}",3.339632,13.039632,0,8.5,14.2,.352213,8.5,9.7,.003215,-.009766,-.006551,-.00845152941176471,.000916819708501411,.352213,.492808,.440439911764706,.0483543971397592,3.050258,.578045,.352213,.578045,1.1574,.578045,1,1.44675,0,-.848753977422405,.225223073737067,-.359290701141472,-.182243983466605,-.963028695579214,-.599747959015944,.000775874397228728,.094028624500547,.00493104594446734,.249106406007106,.231969108432984
P24,26.282057,SO,100,17,5686.100098,8043.018555,-112.453674,-.011108,-.13087,27.7777,6.1,2.9,"{""type"":""M"",""msg"":""FADE0"",""time"":26.1898,""dist"":0.514487}",3.791891,6.691891,0,32.4,23.7,.377846,23.7,2.9,.002849,-.011597,-.008748,-.0107967631578947,.000753626562989795,-.13087,.453575,.309956815789474,.170968550351489,3.339632,.483576,.377846,.483576,1.02564,.483576,1,1.28205,0,-.656945284458146,-.570836866725001,-.45194736516402,-.364708154672229,-.84018111364317,1.06591419648238,.000775874397228728,.094028624500547,.00493104594446734,.249106406007106,.231969108432984
P24,25.577099,SO,100,18,5687.035156,8044.240723,-111.688797,-.010417,.308229,27.7778,10.6,6.8,"{""type"":""M"",""msg"":""FADE0"",""time"":25.5641,""dist"":0.515209}",3.750836,10.550836,0,18.9,34,.227961,18.9,6.8,.00236,-.010417,-.008057,-.00919918421052632,.000707602455775579,.227961,.38139,.333293868421053,.0447104052797502,3.791891,-.13087,.227961,-.13087,.8496,.13087,1,1.062,0,-.674357222948364,-.0868928105723641,-.575742744144965,-1.04594970448488,-.648184166582228,.539915621061859,.000775874397228728,.094028624500547,.00493104594446734,.249106406007106,.231969108432984
P24,24.821384,SO,100,19,5689.304688,8050.305664,-111.359909,-.009237,.227176,27.7777,15,9.3,"{""type"":""M"",""msg"":""FADE0"",""time"":24.7742,""dist"":0.507806}",3.543087,12.843087,0,7.7,12.2,.168056,7.7,9.3,.003499,-.009399,-.0059,-.00862172222222222,.000898575463437581,.168056,.274917,.23853625,.0334713112930846,3.750836,.308229,.168056,.308229,1.25964,.308229,1,1.57455,0,-.762466169712568,.200574682916125,-.287393180424522,-.703385869355275,-.665613194333112,-.687414388252699,.000775874397228728,.094028624500547,.00493104594446734,.249106406007106,.231969108432984
P24,24.868376,SO,100,20,5691.5,8054.771484,-110.105194,-.0059,.693381,27.7776,1.9,6.3,"{""type"":""M"",""msg"":""FADE0"",""time"":24.8325,""dist"":0.503145}",3.336636,5.236636,0,14.3,9.6,.283776,9.6,1.9,.006755,-.009766,-.003011,-.00578291176470588,.00210696809841445,.242497,.693381,.344236235294118,.130869678181297,3.543087,.227176,.283776,.227176,2.4318,.227176,1,3.03975,0,-.850024618458009,-.753338044491569,.536896704978256,-.859937420326805,-.753808617210188,-.479206618815407,.000775874397228728,.094028624500547,.00493104594446734,.249106406007106,.231969108432984
P24,25.245781,SO,100,21,5698.463379,8075.606445,-110.510056,-.007568,-.127135,27.7778,28.5,33.9,"{""type"":""M"",""msg"":""FADE0"",""time"":25.2016,""dist"":0.480947}",2.531817,31.031817,0,10.9,14.9,.3474,10.9,28.5,.002197,-.007568,-.005371,-.00715338461538462,.000774369011617747,-.127135,.3474,.0898435,.143192870392698,3.336636,.693381,.3474,.693381,.79092,.693381,1,.98865,0,-1.19135841272811,2.48159391808666,-.617007870471947,.0405242013365783,-.841453001772306,-.336748671305682,.000775874397228728,.094028624500547,.00493104594446734,.249106406007106,.231969108432984
P24,27.064375,SO,100,22,5677.458496,8023.486328,-113.642693,-.011108,-.910008,27.7778,3.7,.5,"{""type"":""M"",""msg"":""FADE0"",""time"":26.9815,""dist"":0.536095}",4.563322,5.063322,0,11.3,7.6,.375618,7.6,.5,.005208,-.013102,-.007894,-.0104378913043478,.00143361299951108,-.910008,.375618,-.0386282173913043,.372094013466126,2.531817,-.127135,.375618,-.127135,1.87488,.127135,1,2.3436,0,-.329771758177604,-.775073073145265,.145257745298251,-1.05316375014486,-1.1831218042431,-.698372691907293,.000775874397228728,.094028624500547,.00493104594446734,.249106406007106,.231969108432984
P24,25.217674,SO,100,23,5694.026855,8062.137695,-110.322495,-.008586,.428103,27.7777,45.8,52,"{""type"":""M"",""msg"":""FADE0"",""time"":25.1289,""dist"":0.493838}",3.046516,48.846516,0,18.6,26.8,.095167,18.6,45.8,.003215,-.008586,-.005371,-.00692274193548387,.000811510154700972,.093326,.428103,.202806935483871,.108454847281848,4.563322,-.910008,.095167,-.910008,1.1574,.910008,1,1.44675,0,-.973068135563895,4.71570653000477,-.359290701141472,.458933055201453,-.320689529951072,.507040710098077,.000775874397228728,.094028624500547,.00493104594446734,.249106406007106,.231969108432984
P24,24.823505,SO,100,24,5692.933594,8061.322266,-111.591125,-.009562,-.329877,27.7778,7.5,3,"{""type"":""M"",""msg"":""FADE0"",""time"":24.7455,""dist"":0.49532}",3.133653,6.133653,0,9.6,6.7,.450297,6.7,3,.002889,-.012451,-.009562,-.01013809375,.000857083289488815,-.329877,.450297,.14684246875,.245328873390721,3.046516,.428103,.450297,.428103,1.04004,.428103,1,1.30005,0,-.936112245070114,-.64084459215735,-.441820953795435,-.471852667361996,-.964617282154389,-.796997424798641,.000775874397228728,.094028624500547,.00493104594446734,.249106406007106,.231969108432984
P24,24.843344,SO,100,25,5694.472656,8063.25,-110.552032,-.007568,.448205,27.7777,11.6,21,"{""type"":""M"",""msg"":""FADE0"",""time"":24.7986,""dist"":0.493903}",3.056837,14.656837,0,13.9,9.6,.361061,9.6,11.6,.002848,-.010091,-.007243,-.00784396774193548,.00078846075716639,.361061,.448205,.384094064516129,.0270310271045891,3.133653,-.329877,.361061,-.329877,1.02528,.329877,1,1.2816,0,-.96869087050099,.428034139282268,-.452200525448234,-.661573376598293,-.927625120636212,-.479206618815407,.000775874397228728,.094028624500547,.00493104594446734,.249106406007106,.231969108432984
P24,25.774122,SO,100,26,5689.489258,8048.229492,-110.549408,-.005534,1.166369,27.7778,-.100324,5.6,"{""type"":""M"",""msg"":""FADE0"",""time"":25.6992,""dist"":0.508886}",3.549925,3.449601,3.449601,5.5,9.8,.193185,5.5,-.100324,.00236,-.007894,-.005534,-.00717508333333333,.000742660059708151,.193185,1.166369,.646681388888889,.29754146324113,3.056837,.448205,.193185,.448205,.8496,.448205,1,1.062,1,-.759566088470426,-.977447215880829,-.575742744144965,-.433026229381543,-.960235720945843,-.928497068653772,.000775874397228728,.094028624500547,.00493104594446734,.249106406007106,.231969108432984
P24,24.000181,SO,100,27,5697.20752,8070.566406,-110.294319,-.009928,.44781,27.7777,15.2,10.8,"{""type"":""M"",""msg"":""FADE0"",""time"":23.9166,""dist"":0.48499}",2.731043,13.531043,0,20.6,14.2,.251991,14.2,10.8,.00354,-.009928,-.006388,-.00810467857142857,.000869975012564598,.251991,.44781,.34429875,.0639253808735159,3.549925,1.166369,.251991,1.166369,1.2744,1.166369,1,1.593,0,-1.10686417676045,.286850133096043,-.277013608771723,.954086993471627,-.750905689631074,.0248753492959288,.000775874397228728,.094028624500547,.00493104594446734,.249106406007106,.231969108432984
P24,25.356647,SO,100,28,5698.305664,8073.27002,-110.359161,-.008219,.537062,27.7779,44.2,48.9,"{""type"":""M"",""msg"":""FADE0"",""time"":25.3003,""dist"":0.482868}",2.628353,46.828353,0,6.2,11.4,.369143,6.2,44.2,.003865,-.010091,-.006226,-.00890055555555556,.00112487094416455,.369143,.548867,.492617333333333,.0603492436738026,2.731043,.44781,.369143,.44781,1.3914,.44781,1,1.73925,0,-1.150416288892,4.46261196965287,-.194736516401974,-.433789160582532,-1.09854463988559,-.851788943071613,.000775874397228728,.094028624500547,.00493104594446734,.249106406007106,.231969108432984
P24,25.642185,SO,100,29,5698.772461,8076.269531,-110.541351,-.007894,-.066661,27.7781,41.3,12.5,"{""type"":""M"",""msg"":""FADE0"",""time"":25.548,""dist"":0.478809}",2.53071,15.03071,0,15.3,9.4,.342599,9.4,12.5,.001343,-.009074,-.007731,-.00833034615384615,.000455625455154358,-.066661,.342599,.1434855,.126272352936421,2.628353,.537062,.342599,.537062,.48348,.537062,1,.60435,0,-1.19182790526029,.474920948010031,-.833206753191226,-.261401475644146,-1.14213949702208,-.501123226124596,.000775874397228728,.094028624500547,.00493104594446734,.249106406007106,.231969108432984
P24,24.399611,SO,100,30,5701.998047,8083.458496,-109.882156,-.008057,.513184,27.7777,30.4,39.3,"{""type"":""M"",""msg"":""FADE0"",""time"":24.3235,""dist"":0.471478}",2.328969,32.728969,0,9.2,16.1,.369653,9.2,30.4,.002197,-.009074,-.006877,-.00836870833333333,.000827536074567233,.369653,.513184,.45426025,.0483098228073123,2.53071,-.066661,.369653,-.066661,.79092,.066661,1,.98865,0,-1.27738878415337,2.69443100770249,-.617007870471947,-1.16996755128057,-1.18359175756719,-.523039833433785,.000775874397228728,.094028624500547,.00493104594446734,.249106406007106,.231969108432984
P24,24.83408,SO,100,31,5695.311523,8065.22998,-110.512932,-.008748,.536232,27.7778,28.1,19.3,"{""type"":""M"",""msg"":""FADE0"",""time"":24.7998,""dist"":0.492034}",2.933728,22.233728,0,12.4,24.9,.279626,12.4,19.3,.001506,-.009237,-.007731,-.00855433333333333,.000530103134619419,.279626,.536232,.4357892,.0800594220212238,2.328969,.513184,.279626,.513184,.54216,.513184,1,.6777,0,-1.02090293567191,1.37823979486078,-.791941626864244,-.307521149611774,-1.26923661172602,-.172374116486768,.000775874397228728,.094028624500547,.00493104594446734,.249106406007106,.231969108432984
P24,23.997091,SO,100,32,5703.421387,8088.37207,-109.830994,-.008911,.18882,27.7778,18.3,11.3,"{""type"":""M"",""msg"":""FADE0"",""time"":23.9503,""dist"":0.467112}",2.129102,13.429102,0,14.4,24.5,.157544,14.4,11.3,.002197,-.009928,-.007731,-.00916440909090909,.00054169334666228,.157544,.218647,.200700227272727,.0176727766000539,2.933728,.536232,.157544,.536232,.79092,.536232,1,.98865,0,-1.36215487623044,.274065877029099,-.617007870471947,-.26300459690192,-1.0124990305886,.0467919566051175,.000775874397228728,.094028624500547,.00493104594446734,.249106406007106,.231969108432984
P24,25.45422,SO,100,33,5693.676758,8061.892578,-111.078194,-.009766,.172855,27.7778,11.3,6.7,"{""type"":""M"",""msg"":""FADE0"",""time"":25.3563,""dist"":0.493974}",3.0376,9.7376,0,10.9,18.3,.266996,10.9,6.7,.002848,-.010091,-.007243,-.00931535483870968,.000770633788877142,.172855,.323069,.281534451612903,.0418513193570117,2.129102,.18882,.266996,.18882,1.02528,.18882,1,1.2816,0,-.976849522571051,-.188879423091938,-.452200525448234,-.934020937149921,-1.35408589901103,-.336748671305682,.000775874397228728,.094028624500547,.00493104594446734,.249106406007106,.231969108432984
P24,25.134354,SO,100,34,5695.124023,8066.516113,-111.034164,-.010091,-.101455,27.7779,9.1,4.8,"{""type"":""M"",""msg"":""FADE0"",""time"":25.0876,""dist"":0.49056}",2.861737,7.661737,0,24.5,13.8,.236329,13.8,4.8,.002523,-.010091,-.007568,-.00889986206896552,.000993439433919851,-.101455,.236329,.100890172413793,.0966334158970565,3.0376,.172855,.236329,.172855,.90828,.172855,1,1.13535,0,-1.05143521831348,-.449210047197019,-.534477617817983,-.964856877969637,-.968402380471936,-.0189578653224481,.000775874397228728,.094028624500547,.00493104594446734,.249106406007106,.231969108432984
P24,24.246536,SO,100,35,5698.237305,8074.909668,-110.714127,-.009766,-.102218,27.7776,9.7,5,"{""type"":""M"",""msg"":""FADE0"",""time"":24.1474,""dist"":0.480165}",2.537388,7.537388,0,19.1,26.4,.231239,19.1,5,.00236,-.009766,-.007406,-.00906923076923077,.0006614855588865,-.102218,.231239,.0959465769230769,.100679270587017,2.861737,-.101455,.231239,-.101455,.8496,.101455,1,1.062,0,-1.18899568201738,-.464804454331229,-.575742744144965,-1.10276393556611,-1.04306127968893,.561832228371048,.000775874397228728,.094028624500547,.00493104594446734,.249106406007106,.231969108432984
P24,24.827734,SO,100,36,5693.897461,8062.031738,-110.624939,-.007894,.338668,27.7778,19.1,29.6,"{""type"":""M"",""msg"":""FADE0"",""time"":24.7308,""dist"":0.493807}",3.034836,22.134836,0,21.3,14.3,.266528,14.3,19.1,.001668,-.008911,-.007243,-.00787416129032258,.000517916408749147,.266528,.338668,.289128032258064,.0224507172008437,2.537388,-.102218,.266528,-.102218,.60048,.102218,1,.7506,0,-.978021769507769,1.36583790895646,-.750929660821477,-1.1012902228918,-1.18075675458776,.0358336529505233,.000775874397228728,.094028624500547,.00493104594446734,.249106406007106,.231969108432984
P24,23.869949,SO,100,37,5700.741699,8081.032715,-110.286629,-.009399,.152298,27.7776,12.9,7.6,"{""type"":""M"",""msg"":""FADE0"",""time"":23.8425,""dist"":0.475522}",2.251762,9.851762,0,31.5,18.7,.321291,18.7,7.6,.000975999999999999,-.009399,-.008423,-.00886134782608696,.000337887637145795,.152298,.321291,.25549947826087,.0523266206879874,3.034836,.338668,.321291,.338668,.35136,.338668,1,.4392,0,-1.31013323756986,-.174562551164896,-.926116577497989,-.644593811565651,-.969575777931525,.517999013752671,.000775874397228728,.094028624500547,.00493104594446734,.249106406007106,.231969108432984
P24,24.310131,SO,100,38,5695.526855,8064.828125,-109.894279,-.006388,.890705,27.7777,1.3,7,"{""type"":""M"",""msg"":""FADE0"",""time"":24.2725,""dist"":0.492258}",3.03577,4.33577,0,9,15.6,.239491,9,1.3,.001139,-.007039,-.0059,-.00655629032258065,.000374679969533858,.239491,.890705,.501920451612903,.200224788453018,2.251762,.152298,.239491,.152298,.41004,.152298,1,.51255,0,-.977625648437257,-.866314193695561,-.884851451171007,-1.00456213543477,-1.30201320277614,-.544956440742973,.000775874397228728,.094028624500547,.00493104594446734,.249106406007106,.231969108432984
P24,23.491489,SO,100,39,5700.341797,8079.174805,-109.827614,-.005697,.421468,27.7778,5.2,9.9,"{""type"":""M"",""msg"":""FADE0"",""time"":23.4363,""dist"":0.476602}",2.332906,7.532906,0,9.9,17.1,.213152,9.9,5.2,.003051,-.008748,-.005697,-.007751375,.000753215588544267,.213152,.421468,.316126541666667,.0617643509217153,3.03577,.890705,.213152,.890705,1.09836,.890705,1,1.37295,0,-1.27571905325978,-.465366534708036,-.400808987752668,.421649862865531,-.969179268080854,-.446331707851625,.000775874397228728,.094028624500547,.00493104594446734,.249106406007106,.231969108432984
P24,24.216797,SO,100,40,5695.645996,8067.002441,-110.876122,-.007568,.219391,27.7778,28,33.7,"{""type"":""M"",""msg"":""FADE0"",""time"":24.1397,""dist"":0.489064}",2.932409,30.932409,0,31,20.9,.414684,20.9,28,.002523,-.010091,-.007568,-.00917716666666667,.000503746589503871,.219391,.428682,.3674367,.0659799939836259,2.332906,.421468,.414684,.421468,.90828,.421468,1,1.13535,0,-1.02146234005308,2.46912732145623,-.534477617817983,-.484667980067215,-1.26756524204498,.759081694153745,.000775874397228728,.094028624500547,.00493104594446734,.249106406007106,.231969108432984
P24,24.400349,SO,100,41,5695.720215,8068.345215,-110.876106,-.007731,-.181346,27.7782,36.1,12.2,"{""type"":""M"",""msg"":""FADE0"",""time"":24.3323,""dist"":0.487992}",2.939251,15.139251,0,12,8,.255118,8,12.2,.003702,-.010579,-.006877,-.0091865,.00136275612587898,-.181346,.255567,.0892203666666667,.1458938189862,2.932409,.219391,.255118,.219391,1.33272,.219391,1,1.6659,0,-1.01856056236095,.488532899410961,-.236001642728955,-.874973925136169,-1.01305898400727,-.654539477288916,.000775874397228728,.094028624500547,.00493104594446734,.249106406007106,.231969108432984
P24,24.519623,SO,100,42,5697.785645,8073.087402,-110.699409,-.009074,.105278,27.7781,13,7.2,"{""type"":""M"",""msg"":""FADE0"",""time"":24.464,""dist"":0.483233}",2.631695,9.831695,0,10.2,7.1,.523571,7.1,7.2,.003703,-.011434,-.007731,-.008985,.00109868634846697,.105278,.523571,.335755481481481,.134417162131515,2.939251,-.181346,.523571,-.181346,1.33308,.181346,1,1.66635,0,-1.14899890493306,-.177079121205365,-.235748482444741,-.948456754355468,-1.01015435831317,-.753164210180264,.000775874397228728,.094028624500547,.00493104594446734,.249106406007106,.231969108432984
P24,24.448856,SO,100,43,5698.550781,8074.819824,-111.140221,-.013265,.214661,27.7775,5.9,3.4,"{""type"":""M"",""msg"":""FADE0"",""time"":24.3658,""dist"":0.480561}",2.636358,6.036358,0,13.5,10,.506029,10,3.4,.002686,-.013265,-.010579,-.0119506666666667,.000973346289868103,.214661,.563319,.478503481481481,.102350262749041,2.631695,.105278,.506029,.105278,.96696,.105278,1,1.2087,0,-1.14702126836796,-.653046200872523,-.493212491491001,-1.09537992042338,-1.14072072194612,-.43537340419703,.000775874397228728,.094028624500547,.00493104594446734,.249106406007106,.231969108432984
P24,23.911806,SO,100,44,5695.506836,8066.735352,-110.319778,-.008748,.193681,27.7778,32.5,21.8,"{""type"":""M"",""msg"":""FADE0"",""time"":23.8245,""dist"":0.48905}",2.935064,24.735064,0,24.6,32.8,-.020511,24.6,21.8,.003051,-.008748,-.005697,-.00729053333333333,.000963327771530697,-.027214,.193681,.0480253,.0746955967225276,2.636358,.214661,.020511,.214661,1.09836,.214661,1,1.37295,0,-1.02033632137833,1.69192830030478,-.400808987752668,-.884109784834087,-1.138741144394,1.16453892937373,.000775874397228728,.094028624500547,.00493104594446734,.249106406007106,.231969108432984
P24,24.133549,SO,100,45,5694.563965,8063.678711,-110.383644,-.008057,.385567,27.7778,13.7,28.2,"{""type"":""M"",""msg"":""FADE0"",""time"":24.1182,""dist"":0.494275}",3.034163,16.734163,0,5.6,8.5,-.048672,5.6,13.7,.0059,-.008911,-.003011,-.00729145161290323,.00173603622924388,-.048672,.385567,.150531741935484,.144500780500307,2.935064,.193681,.048672,.193681,2.124,.193681,1,2.655,0,-.978307197217035,.688548235853049,.320444661974763,-.92463205469927,-1.01193186018122,-.917538764999178,.000775874397228728,.094028624500547,.00493104594446734,.249106406007106,.231969108432984
P24,24.336296,SO,100,46,5694.254395,8062.430176,-110.444611,-.008057,.535617,27.7776,12,27.9,"{""type"":""M"",""msg"":""FADE0"",""time"":24.3231,""dist"":0.495646}",3.04491,15.04491,0,13.2,21.3,.268887,13.2,12,.001547,-.008586,-.007039,-.00744767741935484,.000517454048658543,.268887,.535617,.369190580645161,.0832249561733235,3.034163,.385567,.268887,.385567,.55692,.385567,1,.69615,0,-.973749260231178,.476701747061939,-.781562055211445,-.55400973461583,-.969861485778958,-.0847076872500138,.000775874397228728,.094028624500547,.00493104594446734,.249106406007106,.231969108432984
P24,24.707874,SO,100,47,5693.478027,8060.789551,-110.752769,-.008219,.383898,27.7778,39.8,45.6,"{""type"":""M"",""msg"":""FADE0"",""time"":24.6638,""dist"":0.496589}",3.035177,42.835177,0,8.7,14.4,.18348,8.7,39.8,.002523,-.009237,-.006714,-.00836129032258064,.000876510817333834,.18348,.383898,.309788064516129,.067496120116115,3.04491,.535617,.18348,.535617,.90828,.535617,1,1.13535,0,-.977877147146908,3.96183422071595,-.534477617817983,-.264192451809789,-.965299075323745,-.577831351706756,.000775874397228728,.094028624500547,.00493104594446734,.249106406007106,.231969108432984
P24,24.751989,SO,100,48,5697.591797,8071.40625,-109.945297,-.007568,.521873,27.7778,5.8,14.7,"{""type"":""M"",""msg"":""FADE0"",""time"":24.7315,""dist"":0.485827}",2.746837,8.546837,0,6.3,10,.083663,6.3,5.8,.002522,-.007568,-.005046,-.00721210714285714,.00076414310950171,.083663,.521873,.281637107142857,.136043519319245,3.035177,.383898,.083663,.383898,.90792,.383898,1,1.1349,0,-1.10016574401135,-.33821108657418,-.534730778102198,-.557233360373933,-.969431013628443,-.840830639417018,.000775874397228728,.094028624500547,.00493104594446734,.249106406007106,.231969108432984
P24,24.19717,SO,100,49,5693.61084,8060.302734,-110.7575,-.008057,.681229,27.7777,27,36.9,"{""type"":""M"",""msg"":""FADE0"",""time"":24.1421,""dist"":0.496698}",3.137821,30.137821,0,32.8,24.2,.472131,24.2,27,.000691000000000001,-.008748,-.008057,-.00864540625,.000134472652064373,.472131,.681229,.60472546875,.0633729454069114,2.746837,.521873,.472131,.521873,.24876,.521873,1,.31095,0,-.934344544190143,2.36947932448032,-.998267258499153,-.290738594661413,-1.09183963283901,1.12070571475536,.000775874397228728,.094028624500547,.00493104594446734,.249106406007106,.231969108432984
P24,23.597616,SO,100,50,5699.480957,8076.859375,-110.452316,-.010742,.396499,27.7777,10.2,6.6,"{""type"":""M"",""msg"":""FADE0"",""time"":23.5834,""dist"":0.480328}",2.528501,9.128501,0,10.4,18.9,.390401,10.4,6.6,.003336,-.010742,-.007406,-.00950111538461538,.00103225451617023,.390401,.464358,.437318038461538,.0239349912830246,3.137821,.681229,.390401,.681229,1.20096,.681229,1,1.5012,0,-1.19276476976218,-.265265544339718,-.328658306751503,.0170529609456484,-.925855684814371,-.391540189578653,.000775874397228728,.094028624500547,.00493104594446734,.249106406007106,.231969108432984
P25,25.833261,SO,100,1,5682.930176,8034.677246,-112.065056,-.010579,.00208,27.7777,9.6,5.6,"{""type"":""M"",""msg"":""FADE0"",""time"":25.7529,""dist"":0.523692}",4.152023,9.752023,0,7.4,11,-.218644,7.4,5.6,.005534,-.010905,-.005371,-.00899930952380952,.00160138131666711,-.218644,.057423,-.0299590714285714,.0849643443286058, , ,.218644, ,1.99224, , ,2.4903,0,-.504208803338688,-.187070657970411,.227787997952215, , ,-.720289299216481,.0014836412961656,.375698239894578,.00226341748578497,.158489191902304,.161695542684199
P25,26.647963,SO,100,2,5675.333496,8016.72998,-113.264633,-.011597,-.2995,27.7773,6.1,2.8,"{""type"":""M"",""msg"":""FADE0"",""time"":26.639,""dist"":0.545194}",4.862404,7.662404,0,16.9,10.1,-.009347,10.1,2.8,.009766,-.013957,-.004191,-.00932802040816327,.00229295037824084,-.2995,.009382,-.0498401836734694,.0732256551978407,4.152023,.00208,.009347,.00208,3.51576,.00208,1,4.3947,0,-.202927344889783,-.449126399804933,1.29916232074845,-1.29470390543516,-.495297779492195,-.424415100542436,.0014836412961656,.375698239894578,.00226341748578497,.158489191902304,.161695542684199
P25,27.363211,SO,100,3,5657.992676,7983.081055,-117.168213,-.017293,.662248,27.7773,-.303061,-1.717284,"{""type"":""M"",""msg"":""FADE0"",""time"":27.3241,""dist"":0.582074}",6.173609,4.456325,4.456325,30.8,19.2,-.122218,19.2,-1.717284,.009725,-.018311,-.008586,-.0127910967741935,.00295474890175941,-1.768076,1.874226,-.216444725806452,.819907314865072,4.862404,-.2995,.122218,-.2995,3.501,.2995,1,4.37625,1,.353171079371983,-.851195585970009,1.28878274909566,-.720245683161432,-.193720622929032,.572790532025642,.0014836412961656,.375698239894578,.00226341748578497,.158489191902304,.161695542684199
P25,27.815929,SO,100,4,5656.919922,7982.418945,-117.036873,-.016317,-.048053,27.7777,-.909872,-2.841903,"{""type"":""M"",""msg"":""FADE0"",""time"":27.7445,""dist"":0.582173}",6.216634,3.374731,3.374731,16.3,7.3,-.128532,7.3,-2.841903,.008586,-.016317,-.007731,-.0118540322580645,.00292021361765074,-1.843366,1.824957,-.309499564516129,.951104602313604,6.173609,.662248,.128532,.662248,3.09096,.662248,1,3.8637,1,.371418519477735,-.986836541586209,1.00043318537521,-.0196082976011126,.362923594148004,-.731247602871076,.0014836412961656,.375698239894578,.00226341748578497,.158489191902304,.161695542684199
P25,28.569881,SO,100,5,5647.280273,7958.362793,-116.867416,-.010905,1.083153,27.778,0,-1.926036,"{""type"":""M"",""msg"":""FADE0"",""time"":28.5179,""dist"":0.6087}",7.192699,5.266663,5.266663,10.4,6.7,.193215,6.7,-1.926036,.006714,-.014771,-.008057,-.0102968194444444,.00167982554699855,-1.823025,1.838477,-.234271625,.839531793881674,6.216634,-.048053,.193215,-.048053,2.41704,.048053,1,3.0213,1,.78537988209995,-.749572406947086,.526517133325457,-1.20590837099703,.381188943532531,-.796997424798641,.0014836412961656,.375698239894578,.00226341748578497,.158489191902304,.161695542684199
P25,29.436113,SO,100,6,5634.629883,7941.838867,-117.961288,-.007406,-1.112606,27.7773,-3.547279,-5.310192,"{""type"":""M"",""msg"":""FADE0"",""time"":29.3768,""dist"":0.628733}",7.938333,2.628141,2.628141,9,5,.106959,5,-5.310192,.009074,-.013428,-.004354,-.0100128734177215,.0024823052425326,-1.84707,1.813375,-.199911987341772,.868778783429501,7.192699,1.083153,.106959,1.083153,3.26664,1.083153,1,4.0833,1,1.10161257834195,-1.0804651869499,1.12397540407194,.793357669872909,.795556595990611,-.983288586926744,.0014836412961656,.375698239894578,.00226341748578497,.158489191902304,.161695542684199
P25,28.507114,SO,100,7,5656.935547,7971.999023,-114.059563,-.008219,.518278,27.778,22.6,32.8,"{""type"":""M"",""msg"":""FADE0"",""time"":28.4567,""dist"":0.5924}",6.592544,29.192544,0,16.2,11,-.008211,11,22.6,.003215,-.009766,-.006551,-.00815598484848485,.00081895912347366,-.008211,.518278,.244036363636364,.155653849788921,7.938333,-1.112606,.008211,-1.112606,1.1574,1.112606,1,1.44675,0,.530846647546375,2.25093366353729,-.359290701141472,.850245296867153,1.11209966450852,-.325790367651088,.0014836412961656,.375698239894578,.00226341748578497,.158489191902304,.161695542684199
P25,27.700294,SO,100,8,5655.650879,7969.134277,-114.477669,-.008586,.51587,27.7779,31.5,16,"{""type"":""M"",""msg"":""FADE0"",""time"":27.6983,""dist"":0.59693}",6.702165,22.702165,0,11.7,25,.055476,11.7,16,.002848,-.010254,-.007406,-.00877997014925373,.000684657865678053,.055476,.565774,.433871462686567,.143842524376099,6.592544,.518278,.055476,.518278,1.02528,.518278,1,1.2816,0,.577338283382113,1.43698572200718,-.452200525448234,-.29768223432611,.540773545209179,-.249082242068928,.0014836412961656,.375698239894578,.00226341748578497,.158489191902304,.161695542684199
P25,33.065018,SO,100,9,5598.425781,7861.213867,-118.671371,-.0059,1.163785,27.7776,14,-7.204529,"{""type"":""M"",""msg"":""FADE0"",""time"":32.9925,""dist"":0.716898}",10.970402,3.765873,3.765873,7.9,5,.28889,5,-7.204529,.006876,-.011922,-.005046,-.00768065137614679,.00170117528750495,-1.850017,1.875416,.101289403669725,1.24474321365335,6.702165,.51587,.28889,.51587,2.47536,.51587,1,3.0942,1,2.38755092753445,-.937784055476234,.567529099368225,-.30233321744505,.587310811098343,-.983288586926744,.0014836412961656,.375698239894578,.00226341748578497,.158489191902304,.161695542684199
P25,32.618137,SO,100,10,5597.305664,7846.646973,-117.243416,-.00236,-.233293,27.7782,-3.946458,-1.114273,"{""type"":""M"",""msg"":""FADE0"",""time"":32.532,""dist"":0.73023}",11.54083,7.594372,7.594372,10.1,13.9,-.184117,10.1,-3.946458,.005371,-.007731,-.00236,-.00672218260869565,.00102386421096838,-1.828869,1.869125,.100604304347826,.860881827821407,10.970402,1.163785,.184117,1.163785,1.93356,1.163785,1,2.41695,1,2.62947656994337,-.45765818298095,.186522871625233,.949096071387183,2.39930012105692,-.424415100542436,.0014836412961656,.375698239894578,.00226341748578497,.158489191902304,.161695542684199
P25,32.279598,SO,100,11,5613.625977,7866.525879,-114.526726,-.006388,2.315069,27.7573,-6.478929,-4.451689,"{""type"":""M"",""msg"":""FADE0"",""time"":32.2223,""dist"":0.706347}",10.729742,4.250813,4.250813,8.2,12.1,-.103,8.2,-6.478929,.006877,-.009237,-.00236,-.00587733644859813,.00152358031625315,-1.804931,2.315069,.449028317757009,.959489846423221,11.54083,-.233293,.103,-.233293,2.47572,.233293,1,3.09465,1,2.28548401444089,-.876968513769716,.567782259652439,-.848122609804149,2.64146320574529,-.632622869979727,.0014836412961656,.375698239894578,.00226341748578497,.158489191902304,.161695542684199
P25,27.801651,SO,100,12,5660.322266,7969.273438,-110.495857,-.000488,1.043638,27.7787,-2.839092,-1.417629,"{""type"":""M"",""msg"":""FADE0"",""time"":27.7773,""dist"":0.594377}",6.617521,3.778429,3.778429,9.5,14.2,-.320136,9.5,-2.839092,.008911,-.009399,-.000488,-.00385454545454545,.00232993311347916,-1.791253,1.852876,.0912941515151515,.836226709721091,10.729742,2.315069,.320136,2.315069,3.20796,2.315069,1,4.00995,1,.541439705338853,-.936209427807519,1.08271027774496,3.17276818480318,2.29713303255302,-.490164922470002,.0014836412961656,.375698239894578,.00226341748578497,.158489191902304,.161695542684199
P25,27.765451,SO,100,13,5664.569824,7993.535645,-114.897438,-.010091,-1.205095,27.7775,3.2,-.100565,"{""type"":""M"",""msg"":""FADE0"",""time"":27.7631,""dist"":0.570918}",5.772647,5.672082,5.672082,34.7,39.7,.10223,34.7,-.100565,.012126,-.015137,-.003011,-.00954108620689655,.00303492521532466,-1.205095,.10223,-.299141534482759,.353932791259505,6.617521,1.043638,.10223,1.043638,4.36536,1.043638,1,5.4567,1,.183118085073726,-.69872946533964,1.89662059149494,.717035577703094,.551376999749036,2.27132759848775,.0014836412961656,.375698239894578,.00226341748578497,.158489191902304,.161695542684199
P25,27.663914,SO,100,14,5660.813965,7984.182129,-113.997604,-.004354,-.888494,27.7779,9.8,12.4,"{""type"":""M"",""msg"":""FADE0"",""time"":27.6278,""dist"":0.580016}",6.198914,15.998914,0,11.6,7.6,-.02398,7.6,9.8,.008423,-.012777,-.004354,-.00846738709677419,.00181680023491887,-.888494,-.012477,-.427539387096774,.298812600119005,5.772647,-1.205095,.02398,-1.205095,3.03228,1.205095,1,3.79035,0,.363903246062885,.596341846971588,.95916805904823,1.02888515471086,.192703698275396,-.698372691907293,.0014836412961656,.375698239894578,.00226341748578497,.158489191902304,.161695542684199
P25,28.922438,SO,100,15,5651.616211,7965.306152,-116.106636,-.010254,-1.607687,27.7779,2.2,-.610743,"{""type"":""M"",""msg"":""FADE0"",""time"":28.8904,""dist"":0.601167}",6.908617,6.297874,6.297874,12,18.1,.012106,12,-.610743,.007406,-.014445,-.007039,-.0100640144927536,.00226832622597234,-1.607687,.101211,-.316546971014493,.496737095204027,6.198914,-.888494,.012106,-.888494,2.66616,.888494,1,3.3327,1,.664897156240049,-.620249901938795,.701704050001969,.417379379611388,.373666294117219,-.216207331105145,.0014836412961656,.375698239894578,.00226341748578497,.158489191902304,.161695542684199
P25,26.966825,SO,100,16,5669.694336,8003.452148,-114.045898,-.010254,-.384054,27.7778,5.9,2.3,"{""type"":""M"",""msg"":""FADE0"",""time"":26.9447,""dist"":0.559188}",5.369546,7.669546,0,1000000,34.9,-.129453,34.9,2.3,.004191,-.012939,-.008748,-.0105582407407407,.00104126189653554,-.384054,.291623,.100684648148148,.180266838793836,6.908617,-1.607687,.129453,-1.607687,1.50876,1.607687,1,1.88595,0,.0121579141482476,-.448230733126853,-.11220626374801,1.80648008652992,.674955620189208,2.29324420579694,.0014836412961656,.375698239894578,.00226341748578497,.158489191902304,.161695542684199
P25,27.219481,SO,100,17,5660.579102,7987.01123,-115.737335,-.009562,1.474442,27.7782,.6,-1.217368,"{""type"":""M"",""msg"":""FADE0"",""time"":27.1252,""dist"":0.575915}",6.000336,4.782968,4.782968,46.3,51.8,.057207,46.3,-1.217368,.006389,-.014608,-.008219,-.0110310833333333,.00194398094337164,-1.778872,1.871644,-.205548883333333,.77445094454439,5.369546,-.384054,.057207,-.384054,2.30004,.384054,1,2.87505,1,.279683834992112,-.810231815215602,.444240040955708,-.556932050836327,.0215757354107256,3.54249082242069,.0014836412961656,.375698239894578,.00226341748578497,.158489191902304,.161695542684199
P25,28.243851,SO,100,18,5654.833008,7974.32959,-115.434929,-.007406,1.368157,27.7778,.7,-3.031958,"{""type"":""M"",""msg"":""FADE0"",""time"":28.1484,""dist"":0.589736}",6.474688,3.44273,3.44273,19.8,7.8,-.201967,7.8,-3.031958,.005045,-.011108,-.006063,-.00917712307692308,.00145422796858518,-1.844591,1.858893,-.538162984615385,1.03749044699452,6.000336,1.474442,.201967,1.474442,1.8162,1.474442,1,2.27025,1,.480862445312708,-.978308896886861,.103992618971269,1.54912118051532,.28936422438844,-.676456084598104,.0014836412961656,.375698239894578,.00226341748578497,.158489191902304,.161695542684199
P25,26.545927,SO,100,19,5668.286621,8001.268066,-113.84153,-.006551,-.820487,27.7781,22.7,1.7,"{""type"":""M"",""msg"":""FADE0"",""time"":26.4662,""dist"":0.560145}",5.468708,7.168708,0,13.1,19.6,-.164179,13.1,1.7,.004883,-.011434,-.006551,-.00936236363636364,.0013416200870263,-.820487,-.074073,-.2546102,.215160585672518,6.474688,1.368157,.164179,1.368157,1.75788,1.368157,1,2.19735,0,.0542137573967446,-.511040017321205,.062980652928502,1.34383474330745,.490740285079885,-.0956659909046081,.0014836412961656,.375698239894578,.00226341748578497,.158489191902304,.161695542684199
P25,27.056067,SO,100,20,5672.135254,8002.786133,-111.149574,-.003703,-1.570827,27.778,-1.517787,.9,"{""type"":""M"",""msg"":""FADE0"",""time"":26.9546,""dist"":0.556803}",5.364729,3.846942,3.846942,5.6,9.4,-.014135,5.6,-1.517787,.007242,-.009928,-.002686,-.00592048148148148,.00209219777683336,-1.829248,1.838792,.528591925925926,.815078542857781,5.468708,-.820487,.014135,-.820487,2.60712,.820487,1,3.2589,1,.0101149642588947,-.927617323198828,.660185763390773,.286025804457836,.063672855124114,-.917538764999178,.0014836412961656,.375698239894578,.00226341748578497,.158489191902304,.161695542684199
P25,25.996901,SO,100,21,5676.564941,8019.113281,-112.473206,-.007406,-.055173,27.7778,18.3,24.5,"{""type"":""M"",""msg"":""FADE0"",""time"":25.9188,""dist"":0.540535}",4.803284,23.103284,0,11,15.8,-.282369,11,18.3,.003336,-.009562,-.006226,-.00827195833333333,.000964225164803179,-.282369,-.028364,-.1185630625,.087412506544059,5.364729,-1.570827,.282369,-1.570827,1.20096,1.570827,1,1.5012,0,-.228000875605693,1.4872894075637,-.328658306751503,1.73528605091359,.019530780431405,-.325790367651088,.0014836412961656,.375698239894578,.00226341748578497,.158489191902304,.161695542684199
P25,26.164581,SO,100,22,5670.617676,8008.555664,-113.505432,-.008423,-1.50924,27.7776,5.5,-1.116918,"{""type"":""M"",""msg"":""FADE0"",""time"":26.083,""dist"":0.552443}",5.180595,4.063677,4.063677,14.9,19.8,-.276335,14.9,-1.116918,.00354,-.010254,-.006714,-.00883992307692308,.000896775221495546,-1.50924,-.276335,-.770610423076923,.379136932726875,4.803284,-.055173,.276335,-.055173,1.2744,.055173,1,1.593,1,-.0679785659312858,-.900436937106193,-.277013608771723,-1.19215629466528,-.218818762513303,.101583474878089,.0014836412961656,.375698239894578,.00226341748578497,.158489191902304,.161695542684199
P25,26.352835,SO,100,23,5674.742188,8013.150879,-111.701485,-.005697,.556381,27.7777,2.3,6.5,"{""type"":""M"",""msg"":""FADE0"",""time"":26.3034,""dist"":0.547573}",4.959507,7.259507,0,21.7,15.2,-.176796,15.2,2.3,.00708,-.011108,-.004028,-.00708252,.00236307402908558,-.176796,.556381,.03983998,.190932632465441,5.180595,-1.50924,.176796,-1.50924,2.5488,1.50924,1,3.186,0,-.161744749268892,-.499653061468089,.619173797348005,1.61633252211535,-.0586393960606482,.134458385841872,.0014836412961656,.375698239894578,.00226341748578497,.158489191902304,.161695542684199
P25,25.961891,SO,100,24,5672.474121,8009.605957,-112.821869,-.007243,-.191075,27.7777,16.5,22.2,"{""type"":""M"",""msg"":""FADE0"",""time"":25.9168,""dist"":0.551843}",5.167661,21.667661,0,34,42.8,.139416,34,16.5,.003866,-.009766,-.0059,-.00823826923076923,.001207118219845,-.191075,.156247,.00118180769230768,.124049951976508,4.959507,.556381,.139416,.556381,1.39176,.556381,1,1.7397,0,-.0734640369441343,1.30725024719058,-.194483356117759,-.224087379765906,-.152497607907863,2.19461947290559,.0014836412961656,.375698239894578,.00226341748578497,.158489191902304,.161695542684199
P25,26.608217,SO,100,25,5668.780273,8002.276855,-113.597984,-.008748,-.756809,27.7779,9.4,2.2,"{""type"":""M"",""msg"":""FADE0"",""time"":26.5523,""dist"":0.559719}",5.402355,7.602355,0,16.8,8.7,.048386,8.7,2.2,.003703,-.009766,-.006063,-.00837168518518519,.00107674449631397,-.756809,.048386,-.305657592592593,.213424508486134,5.167661,-.191075,.048386,-.191075,1.33308,.191075,1,1.66635,0,.0260726210030906,-.456657047851979,-.235748482444741,-.929665469154402,-.0641302508878297,-.577831351706756,.0014836412961656,.375698239894578,.00226341748578497,.158489191902304,.161695542684199
P25,28.091728,SO,100,26,5657.388184,7971.48291,-113.504517,-.005697,1.152653,27.778,-.101618,5.6,"{""type"":""M"",""msg"":""FADE0"",""time"":28.0535,""dist"":0.593046}",6.612762,6.511144,6.511144,22.3,29.7,-.017522,22.3,-.101618,.003703,-.009237,-.005534,-.0069705303030303,.000983684177267308,-.030555,1.152653,.403557272727273,.377467093676687,5.402355,-.756809,.017522,-.756809,1.33308,.756809,1,1.66635,1,.539421353974221,-.593504055896503,-.235748482444741,.163033568972843,.0355040991052514,.912497945318065,.0014836412961656,.375698239894578,.00226341748578497,.158489191902304,.161695542684199
P25,26.06147,SO,100,27,5673.67041,8012.168945,-112.963867,-.007039,-.079539,27.7776,18.5,23.5,"{""type"":""M"",""msg"":""FADE0"",""time"":26.0077,""dist"":0.548781}",4.959976,23.459976,0,12.2,8.6,.164263,8.6,18.5,.004069,-.011108,-.007039,-.0090355,.00114640332415457,-.079539,.229475,.13108,.0877984008673116,6.612762,1.152653,.164263,1.152653,1.46484,1.152653,1,1.83105,0,-.161545840508645,1.53202157484703,-.143091818422193,.92759493181906,.549356667437102,-.58878965536135,.0014836412961656,.375698239894578,.00226341748578497,.158489191902304,.161695542684199
P25,26.992039,SO,100,28,5664.75293,7994.34375,-114.153618,-.006226,-1.343131,27.7778,21.5,-.510264,"{""type"":""M"",""msg"":""FADE0"",""time"":26.9009,""dist"":0.567598}",5.704846,5.194582,5.194582,10.9,6.8,.199662,6.8,-.510264,.004191,-.010417,-.006226,-.00890121052631579,.000802387436183021,-1.343131,.199662,-.432366035087719,.470554125565994,4.959976,-.079539,.199662,-.079539,1.50876,.079539,1,1.88595,1,.15436283378703,-.758611968669665,-.11220626374801,-1.14509406265693,-.152298503925031,-.786039121144047,.0014836412961656,.375698239894578,.00226341748578497,.158489191902304,.161695542684199
P25,25.74848,SO,100,29,5677.757813,8021.660156,-111.725998,-.006714,.095246,27.7774,5.8,10.9,"{""type"":""M"",""msg"":""FADE0"",""time"":25.7223,""dist"":0.539196}",4.674008,10.474008,0,23.7,30.8,-.128194,23.7,5.8,.005208,-.008911,-.003703,-.00677963829787234,.00151627934826656,-.285357,.095246,-.181554893617021,.099675624006342,5.704846,-1.343131,.128194,-1.343131,1.87488,1.343131,1,2.3436,0,-.282828442534483,-.0965276858934933,.145257745298251,1.29549774017847,.163920224629368,1.06591419648238,.0014836412961656,.375698239894578,.00226341748578497,.158489191902304,.161695542684199
P25,26.581924,SO,100,30,5666.132813,7998.169434,-114.748604,-.010254,-1.599744,27.778,2.3,-.712308,"{""type"":""M"",""msg"":""FADE0"",""time"":26.4803,""dist"":0.563288}",5.588321,4.876013,4.876013,16.7,26.6,.133099,16.7,-.712308,.004028,-.011759,-.007731,-.01050675,.00111765635066501,-1.599744,.177367,-.321591125,.549354179885372,4.674008,.095246,.133099,.095246,1.45008,.095246,1,1.8126,1,.104943125284468,-.798563192132163,-.153471390074992,-1.1147564414571,-.273700140945243,.298832940660786,.0014836412961656,.375698239894578,.00226341748578497,.158489191902304,.161695542684199
P25,26.154278,SO,100,31,5671.763184,8009.324707,-113.242233,-.0059,-.746013,27.778,15,18.4,"{""type"":""M"",""msg"":""FADE0"",""time"":26.1398,""dist"":0.553259}",5.180458,20.180458,0,20.9,14.4,.20192,14.4,15,.004842,-.010742,-.0059,-.00897765384615385,.00163369015571707,-.746013,.231632,-.0977953269230769,.325148619276238,5.588321,-1.599744,.20192,-1.599744,1.74312,1.599744,1,2.1789,0,-.0680366693431277,1.12074252237399,.0526010812757029,1.79113840924016,.114452012263718,.0467919566051175,.0014836412961656,.375698239894578,.00226341748578497,.158489191902304,.161695542684199
P25,26.281868,SO,100,32,5674.51709,8013.884766,-112.29969,-.005534,.05533,27.7779,6.2,10.2,"{""type"":""M"",""msg"":""FADE0"",""time"":26.2096,""dist"":0.546379}",4.996948,11.196948,0,12.2,17.1,.112163,12.2,6.2,.00354,-.009074,-.005534,-.00711016,.000979152202214774,-.115447,.112163,-.02734636,.0671878295778183,5.180458,-.746013,.112163,-.746013,1.2744,.746013,1,1.593,0,-.145865553336307,-.00586494880991526,-.277013608771723,.14218140379341,-.0586975564991302,-.194290723795957,.0014836412961656,.375698239894578,.00226341748578497,.158489191902304,.161695542684199
P25,27.999199,SO,100,33,5661.416992,7982.798828,-113.212135,-.007243,.235915,27.7777,5.6,11.8,"{""type"":""M"",""msg"":""FADE0"",""time"":27.9192,""dist"":0.57993}",6.179859,11.779859,0,12.3,7.3,.162458,7.3,5.6,.004516,-.009562,-.005046,-.00687543548387097,.00117244619745785,-.120577,.235915,-.0176548870967742,.0993639005753318,4.996948,.05533,.162458,.05533,1.62576,.05533,1,2.0322,0,.35582178246695,.0672369776793168,-.0299291713782608,-1.19185305365628,-.136602827052405,-.731247602871076,.0014836412961656,.375698239894578,.00226341748578497,.158489191902304,.161695542684199
P25,27.929804,SO,100,34,5659.80957,7981.313477,-113.508774,-.008057,-.640135,27.7774,19.3,27.2,"{""type"":""M"",""msg"":""FADE0"",""time"":27.8516,""dist"":0.581873}",6.22963,25.52963,0,9.4,5.3,.0462,5.3,19.3,.005046,-.010254,-.005208,-.00697246774193548,.00128440926930379,-.809833,.0462,-.547099758064516,.268586552461408,6.179859,.235915,.0462,.235915,1.81656,.235915,1,2.2707,0,.376930285465286,1.79157353829625,.104245779255484,-.843058291806698,.365576898823269,-.950413675962961,.0014836412961656,.375698239894578,.00226341748578497,.158489191902304,.161695542684199
P25,27.933847,SO,100,35,5655.585938,7970.391602,-114.493622,-.008911,-.06109,27.7778,16.4,8.6,"{""type"":""M"",""msg"":""FADE0"",""time"":27.8483,""dist"":0.593473}",6.580396,15.180396,0,14.4,8.2,.044929,8.2,8.6,.004882,-.011108,-.006226,-.00799310606060606,.00153176632209393,-.200872,.044929,-.112111575757576,.0685327587149298,6.22963,-.640135,.044929,-.640135,1.75752,.640135,1,2.1969,0,.52569452895475,.493692827368058,.0627274926442873,-.0623189245567273,.386706119142091,-.632622869979727,.0014836412961656,.375698239894578,.00226341748578497,.158489191902304,.161695542684199
P25,27.057219,SO,100,36,5662.614258,7984.846191,-113.356873,-.007039,.504152,27.7777,5.6,12.4,"{""type"":""M"",""msg"":""FADE0"",""time"":27.0286,""dist"":0.579084}",6.077813,11.677813,0,41.2,47.3,.1192,41.2,5.6,.002726,-.008423,-.005697,-.00746698360655738,.000634960116642594,.096921,.504152,.198861442622951,.123368209597195,6.580396,-.06109,.1192,-.06109,.98136,.06109,1,1.2267,0,.312542798782312,.0544395537320587,-.483086080122417,-1.1807277784216,.535616369977959,2.98361733603638,.0014836412961656,.375698239894578,.00226341748578497,.158489191902304,.161695542684199
P25,28.086506,SO,100,37,5657.798828,7971.671875,-113.967514,-.008057,1.441134,27.7778,-2.023716,18.8,"{""type"":""M"",""msg"":""FADE0"",""time"":28.0826,""dist"":0.593768}",6.580479,4.556763,4.556763,7.4,13.2,.139977,7.4,-2.023716,.003703,-.010254,-.006551,-.00826009090909091,.00109574637333888,.139977,1.441134,.854676757575758,.402750304194282,6.077813,.504152,.139977,.504152,1.33308,.504152,1,1.66635,1,.525729730291851,-.838599818704122,-.235748482444741,-.324966199250589,.322255438200527,-.720289299216481,.0014836412961656,.375698239894578,.00226341748578497,.158489191902304,.161695542684199
P25,26.483057,SO,100,38,5670.750977,8002.348145,-112.427177,-.006388,1.051565,27.7778,.5,7.2,"{""type"":""M"",""msg"":""FADE0"",""time"":26.4448,""dist"":0.55944}",5.368381,5.868381,0,8.4,14.8,.188619,8.4,.5,.002197,-.008423,-.006226,-.00749307407407407,.000794408783413313,.188619,1.051565,.552217685185185,.24058804352644,6.580479,1.441134,.188619,1.441134,.79092,1.441134,1,.98865,0,.011663823091346,-.674111924981146,-.617007870471947,1.4847877312937,.535651605864046,-.610706262670539,.0014836412961656,.375698239894578,.00226341748578497,.158489191902304,.161695542684199
P25,26.192095,SO,100,39,5674.732422,8013.094727,-112.002785,-.006226,.563233,27.778,3.2,8.3,"{""type"":""M"",""msg"":""FADE0"",""time"":26.181,""dist"":0.548736}",4.963669,8.163669,0,59,24.8,-.09861,24.8,3.2,.002523,-.008423,-.0059,-.00720866,.000723398346524999,-.09861,.563233,.1294505,.189540201694032,5.368381,1.051565,.09861,1.051565,.90828,1.051565,1,1.13535,0,-.159979593063891,-.386263566230639,-.534477617817983,.732346351450535,.0210811594192564,1.18645553668292,.0014836412961656,.375698239894578,.00226341748578497,.158489191902304,.161695542684199
P25,25.851933,SO,100,40,5677.881348,8022.626465,-112.937904,-.007243,-.179421,27.7781,29.7,6.6,"{""type"":""M"",""msg"":""FADE0"",""time"":25.7763,""dist"":0.536968}",4.565682,11.165682,0,21,30.9,.424081,21,6.6,.003011,-.010254,-.007243,-.00919426086956522,.00109462595203989,-.179421,.424081,.272140413043478,.184183824680378,4.963669,.563233,.424081,.563233,1.08396,.563233,1,1.35495,0,-.328770852688944,-.00978596734209662,-.410935399121253,-.210852937767992,-.15073071925851,.770039997808339,.0014836412961656,.375698239894578,.00226341748578497,.158489191902304,.161695542684199
P25,27.036753,SO,100,41,5669.489258,8001.707031,-113.138443,-.008423,.127157,27.778,48.1,17.6,"{""type"":""M"",""msg"":""FADE0"",""time"":26.9924,""dist"":0.560324}",5.460049,23.060049,0,20.6,13.9,.104552,13.9,17.6,.003866,-.010254,-.006388,-.00836076363636364,.000994167397105745,.104552,.178213,.140785654545455,.0220083525307823,4.565682,-.179421,.104552,-.179421,1.39176,.179421,1,1.7397,0,.0505413673008535,1.48186737608417,-.194483356117759,-.952174836790667,-.319687642105692,-.00799956166785386,.0014836412961656,.375698239894578,.00226341748578497,.158489191902304,.161695542684199
P25,27.591257,SO,100,42,5663.320801,7983.899414,-112.712486,-.003377,1.544093,27.778,-1.212438,3.1,"{""type"":""M"",""msg"":""FADE0"",""time"":27.5014,""dist"":0.577907}",6.082424,4.869986,4.869986,39,50.4,.142635,39,-1.212438,.005697,-.009074,-.003377,-.00721818032786885,.00157788622855807,.142635,1.544093,.755048163934426,.389428813095889,5.460049,.127157,.142635,.127157,2.05092,.127157,1,2.56365,1,.314498381497654,-.799319028462153,.269053124279196,-1.05312125777417,.0599968606948139,2.74253465563531,.0014836412961656,.375698239894578,.00226341748578497,.158489191902304,.161695542684199
P25,24.902325,SO,100,43,5683.468262,8037.90625,-112.237213,-.008748,-.69648,27.7777,9.4,2.4,"{""type"":""M"",""msg"":""FADE0"",""time"":24.8535,""dist"":0.521385}",4.055748,6.455748,0,26.6,34.4,.014716,26.6,2.4,.002523,-.010254,-.007731,-.00901241463414634,.000922176988858694,-.69648,.014716,-.257155707317073,.217157478737004,6.082424,1.544093,.014716,1.544093,.90828,1.544093,1,1.13535,0,-.545040233813558,-.60045117873309,-.534477617817983,1.6836500946421,.32421294025775,1.38370500246562,.0014836412961656,.375698239894578,.00226341748578497,.158489191902304,.161695542684199
P25,24.848211,SO,100,44,5684.080566,8040.738281,-112.883125,-.009928,-1.181485,27.7779,3.6,-.100445,"{""type"":""M"",""msg"":""FADE0"",""time"":24.8174,""dist"":0.519063}",3.955648,3.855203,3.855203,11.7,7.2,.41683,7.2,-.100445,.003011,-.010905,-.007894,-.009893725,.000979499191436951,-1.181485,.41683,-.25512945,.47294329774796,4.055748,-.69648,.41683,-.69648,1.08396,.69648,1,1.35495,1,-.587493894582547,-.926581324539122,-.410935399121253,.0465098311894001,-.536169284709984,-.74220590652567,.0014836412961656,.375698239894578,.00226341748578497,.158489191902304,.161695542684199
P25,25.513176,SO,100,45,5685.873535,8043.005859,-111.589478,-.007731,-.320124,27.7774,27.5,33.3,"{""type"":""M"",""msg"":""FADE0"",""time"":25.4732,""dist"":0.51598}",3.845644,31.345644,0,17.5,10,.117981,10,27.5,.00472,-.009928,-.005208,-.00781766666666667,.0010411880697027,-.320124,.117981,-.127964333333333,.143168692247317,3.955648,-1.181485,.117981,-1.181485,1.6992,1.181485,1,2.124,0,-.634147965503945,2.52095045499253,.0217155266015202,.983283115077066,-.578664612389036,-.43537340419703,.0014836412961656,.375698239894578,.00226341748578497,.158489191902304,.161695542684199
P25,25.192999,SO,100,46,5683.906738,8038.484863,-112.03788,-.007894,-.497777,27.7781,41.2,5.8,"{""type"":""M"",""msg"":""FADE0"",""time"":25.1405,""dist"":0.520544}",3.991076,9.791076,0,33.3,42.1,-.037597,33.3,5.8,.004028,-.011759,-.007731,-.0090626,.00119371191817362,-.497777,-.021637,-.1918523,.151925999965435,3.845644,-.320124,.037597,-.320124,1.45008,.320124,1,1.8126,0,-.57246843710279,-.182173084352511,-.153471390074992,-.680411017112837,-.625364472788701,2.11791134732343,.0014836412961656,.375698239894578,.00226341748578497,.158489191902304,.161695542684199
P25,25.673388,SO,100,47,5682.660645,8037.079102,-112.500145,-.007894,-1.145541,27.7777,7.3,0,"{""type"":""M"",""msg"":""FADE0"",""time"":25.6716,""dist"":0.523705}",4.067866,4.067866,4.067866,10.4,6.3,-.086864,6.3,0,.004029,-.011597,-.007568,-.00957887804878049,.00112145956670586,-1.145541,-.086864,-.493364024390244,.329480392776223,3.991076,-.497777,.086864,-.497777,1.45044,.497777,1,1.81305,1,-.539900838596788,-.89991160138588,-.153218229790777,-.337279329393132,-.563624407903387,-.840830639417018,.0014836412961656,.375698239894578,.00226341748578497,.158489191902304,.161695542684199
P25,25.029432,SO,100,48,5689.390137,8049.812012,-110.725327,-.007039,.497573,27.7779,4.8,11.4,"{""type"":""M"",""msg"":""FADE0"",""time"":24.9646,""dist"":0.507726}",3.649725,8.449725,0,5.4,7.8,-.100299,5.4,4.8,.009399,-.008748,.000651,-.00663789189189189,.00246582204890719,-.104763,.497573,.159170972972973,.191428472601022,4.067866,-1.145541,.100299,-1.145541,3.38364,1.145541,1,4.22955,0,-.717239661449995,-.350389745555092,1.20625249644169,.913858307258469,-.531024845341205,-.939455372308367,.0014836412961656,.375698239894578,.00226341748578497,.158489191902304,.161695542684199
P25,24.896091,SO,100,49,5683.419922,8037.606934,-112.286278,-.006714,-.631103,27.7779,22.2,3.9,"{""type"":""M"",""msg"":""FADE0"",""time"":24.8436,""dist"":0.521583}",4.073518,7.973518,0,10.7,17.4,.038755,10.7,3.9,.00708,-.012451,-.005371,-.00967431707317073,.00213843333352976,-.631103,.101296,-.115472926829268,.236825147168263,3.649725,.497573,.038755,.497573,2.5488,.497573,1,3.186,0,-.537503754773948,-.410110095844687,.619173797348005,-.337673349557693,-.708537720576435,-.358665278614871,.0014836412961656,.375698239894578,.00226341748578497,.158489191902304,.161695542684199
P25,24.828911,SO,100,50,5685.688965,8040.801758,-111.341827,-.007406,.320528,27.7782,9.9,17.9,"{""type"":""M"",""msg"":""FADE0"",""time"":24.7285,""dist"":0.516446}",3.957705,13.857705,0,5,7.8,.077839,5,9.9,.007405,-.009928,-.002523,-.007675175,.00172183330869998,.077839,.320528,.20828035,.0712088361142503,4.073518,-.631103,.077839,-.631103,2.6658,.631103,1,3.33225,0,-.586621495179932,.327816286609745,.701450889717754,-.0797639741955422,-.528625408857269,-.983288586926744,.0014836412961656,.375698239894578,.00226341748578497,.158489191902304,.161695542684199
P26,25.79813,SO,100,1,5683.04248,8033.93457,-111.568062,-.007039,.391434,27.7779,7.5,14.3,"{""type"":""M"",""msg"":""FADE0"",""time"":25.7625,""dist"":0.525607}",4.20055,11.70055,0,57,31.7,.078639,31.7,7.5,.001709,-.008748,-.007039,-.0078667619047619,.000557270561319505,.078639,.391434,.218930880952381,.091620724021397, , ,.078639, ,.61524, , ,.76905,0,-.483627896284375,.0572909641576393,-.740550089168678, , ,1.94257848884993,.000671860666004424,.264891448920657,.00222837442141411,.237370208556727,.217916406252813
P26,28.152353,SO,100,2,5650.789063,7962.825195,-116.051888,-.010091,-1.327744,27.778,3,-.30504,"{""type"":""M"",""msg"":""FADE0"",""time"":28.0627,""dist"":0.602183}",6.914482,6.609442,6.609442,6.2,10.1,-.238271,6.2,-.30504,.006022,-.011922,-.0059,-.0104679275362319,.00116030566863727,-1.327744,.244618,-.167706028985507,.428430367770916,4.20055,.391434,.238271,.391434,2.16792,.391434,1,2.7099,1,.667384576024366,-.581176662572242,.351330216648945,-.542677791941901,-.474696672935937,-.851788943071613,.000671860666004424,.264891448920657,.00222837442141411,.237370208556727,.217916406252813
P26,26.077059,SO,100,3,5679.439941,8025.195313,-112.068802,-.006388,.309752,27.7779,7.9,13.3,"{""type"":""M"",""msg"":""FADE0"",""time"":25.9848,""dist"":0.533483}",4.466633,12.366633,0,18,13,.024042,13,7.9,.003378,-.009766,-.006388,-.00864184444444445,.0010695338397374,.024042,.309752,.219102822222222,.0763606811791873,6.914482,-1.327744,.024042,-1.327744,1.21608,1.327744,1,1.5201,0,-.370778771225484,.140823356755698,-.31802557481449,1.26577818982501,.677445481296477,-.106624294559202,.000671860666004424,.264891448920657,.00222837442141411,.237370208556727,.217916406252813
P26,30.007746,SO,100,4,5630.488281,7915.911621,-115.862831,-.006063,.564601,27.7779,3.2,8.1,"{""type"":""M"",""msg"":""FADE0"",""time"":29.9117,""dist"":0.653217}",8.811384,12.011384,0,10.1,15.7,.114199,10.1,3.2,.005005,-.009562,-.004557,-.00751710227272727,.00161601295260381,.114199,.564601,.332830193181818,.110560858316368,4.466633,.309752,.114199,.309752,1.8018,.309752,1,2.25225,0,1.47188441638418,.0962721537703829,.0938662076026847,-.700444238420829,-.361736790070551,-.424415100542436,.000671860666004424,.264891448920657,.00222837442141411,.237370208556727,.217916406252813
P26,32.159466,SO,100,5,5600.01709,7864.764648,-119.280975,-.007894,.844779,27.7777,-.815785,-5.566042,"{""type"":""M"",""msg"":""FADE0"",""time"":32.1258,""dist"":0.71411}",10.951599,5.385557,5.385557,14.5,7.9,.049461,7.9,-5.566042,.003703,-.010091,-.006388,-.0083425504587156,.000871621280805239,-1.868421,1.853098,-.196104110091743,1.10864866064541,12.351041,.714072,.049461,.714072,1.33308,.714072,1,1.66635,1,2.37957634028731,-.734662102547253,-.235748482444741,.080488275968633,2.98542106722554,-.66549778094351,.000671860666004424,.264891448920657,.00222837442141411,.237370208556727,.217916406252813
P26,28.076321,SO,100,6,5654.910645,7972.366211,-114.671806,-.008057,-1.491119,27.7778,9.3,-1.519144,"{""type"":""M"",""msg"":""FADE0"",""time"":28.0442,""dist"":0.593366}",6.578282,5.059138,5.059138,21.1,9.6,.080892,9.6,-1.519144,.002035,-.009074,-.007039,-.00808931818181818,.000555041929368083,-1.491119,.080892,-.67980696969697,.481092279605802,10.951599,.844779,.080892,.844779,.7326,.844779,1,.91575,1,.524797955139908,-.775597781823658,-.658019836514714,.332945107582957,2.39131770700748,-.479206618815407,.000671860666004424,.264891448920657,.00222837442141411,.237370208556727,.217916406252813
P26,30.021894,SO,100,7,5627.155273,7916.308105,-117.502228,-.008057,1.122499,27.7779,0,-4.056232,"{""type"":""M"",""msg"":""FADE0"",""time"":29.9219,""dist"":0.654001}",8.856317,4.800085,4.800085,11.7,15.7,-.185759,11.7,-4.056232,.004354,-.010254,-.0059,-.00874096590909091,.000857265734212173,-1.867248,1.838524,-.444762931818182,1.02738507221497,6.578282,-1.491119,.185759,-1.491119,1.56744,1.491119,1,1.9593,1,1.49094106313077,-.808085199907748,-.070941137421028,1.58133232896821,.534718916204597,-.249082242068928,.000671860666004424,.264891448920657,.00222837442141411,.237370208556727,.217916406252813
P26,26.442244,SO,100,8,5675.913086,8011.974121,-110.353172,-.001506,-1.634246,27.778,-1.116713,.8,"{""type"":""M"",""msg"":""FADE0"",""time"":26.4196,""dist"":0.549096}",4.962912,3.846199,3.846199,15.3,24.9,.019878,15.3,-1.116713,.006225,-.007731,-.001506,-.0044995,.00212271643688661,-1.849081,1.796385,.44161108,.747721902944738,8.856317,1.122499,.019878,1.122499,2.241,1.122499,1,2.80125,1,-.160300646222754,-.927710501628093,.402721754344512,.869353343376984,1.50181026275154,.145416689496466,.000671860666004424,.264891448920657,.00222837442141411,.237370208556727,.217916406252813
P26,24.492073,SO,100,9,5691.890625,8058.415527,-110.959671,-.008748,-.259808,27.7776,18.8,9.7,"{""type"":""M"",""msg"":""FADE0"",""time"":24.4232,""dist"":0.498673}",3.188604,12.888604,0,34.1,41,-.127882,34.1,9.7,.000854000000000001,-.008748,-.007894,-.00806840625,.00013031670092633,-.259808,-.127882,-.1928505625,.0399721788634638,4.962912,-1.634246,.127882,-1.634246,.30744,1.634246,1,.3843,0,-.91280683934667,.206282896327796,-.957002132172171,1.8577780353073,-.151052087520779,2.20557777656019,.000671860666004424,.264891448920657,.00222837442141411,.237370208556727,.217916406252813
P26,27.870039,SO,100,10,5653.07373,7961.320313,-113.822548,-.007039,1.418921,27.7777,-.809935,5.5,"{""type"":""M"",""msg"":""FADE0"",""time"":27.8115,""dist"":0.603602}",6.992762,6.182827,6.182827,28,39.2,.09717,28,-.809935,.001018,-.008057,-.007039,-.00726588571428571,.000386013048621422,.09717,1.418921,.558535857142857,.390694075002769,3.188604,-.259808,.09717,-.259808,.36648,.259808,1,.4581,1,.700584102148207,-.634677760285621,-.915483845560975,-.796909645768146,-.904296841402529,1.53712125362994,.000671860666004424,.264891448920657,.00222837442141411,.237370208556727,.217916406252813
P26,26.659685,SO,100,11,5666.696289,7999.982422,-114.465317,-.007243,-1.790368,27.7782,2.6,-1.017046,"{""type"":""M"",""msg"":""FADE0"",""time"":26.5968,""dist"":0.562585}",5.473785,4.456739,4.456739,11.3,6.9,.211846,6.9,-1.017046,.005371,-.012614,-.007243,-.00958134545454545,.00160957639030552,-1.790368,.211846,-.510491981818182,.585750440749664,6.992762,1.418921,.211846,1.418921,1.93356,1.418921,1,2.41695,1,.0563669765348481,-.851143666899059,.186522871625233,1.44188395719859,.710677591693243,-.775080817489453,.000671860666004424,.264891448920657,.00222837442141411,.237370208556727,.217916406252813
P26,25.49151,SO,100,12,5680.207031,8024.731445,-111.209343,-.004354,1.211945,27.7779,-.206178,4.2,"{""type"":""M"",""msg"":""FADE0"",""time"":25.4334,""dist"":0.534584}",4.486637,4.280459,4.280459,12.2,23.2,.038272,12.2,-.206178,.00354,-.007894,-.004354,-.00692733333333333,.000903519783956057,.038272,1.211945,.5351196,.341430957100101,5.473785,-1.790368,.038272,-1.790368,1.2744,1.790368,1,1.593,1,-.362294824871609,-.873250656819513,-.277013608771723,2.15932321242322,.0658281875779256,-.194290723795957,.000671860666004424,.264891448920657,.00222837442141411,.237370208556727,.217916406252813
P26,27.111099,SO,100,13,5672.571777,8005.736328,-111.88179,-.004883,1.417122,27.7775,-.711641,3.8,"{""type"":""M"",""msg"":""FADE0"",""time"":27.0596,""dist"":0.555295}",5.173795,4.462154,4.462154,8.9,14.1,.056888,8.9,-.711641,.003174,-.008057,-.004883,-.00662857692307692,.000809161060245609,.056888,1.417122,.588591576923077,.41510579129655,4.564642,-.372968,.056888,-.372968,1.14264,.372968,1,1.4283,1,-.0708625308986098,-.850464580500039,-.369670272794271,-.578344342720284,-.320129152003656,-.555914744397567,.000671860666004424,.264891448920657,.00222837442141411,.237370208556727,.217916406252813
P26,24.326582,SO,100,14,5694.527344,8062.740723,-110.43293,-.007731,.681429,27.7779,7.1,19,"{""type"":""M"",""msg"":""FADE0"",""time"":24.2728,""dist"":0.494127}",3.041878,10.141878,0,16.1,32.2,.305727,16.1,7.1,.000326,-.008057,-.007731,-.00803070967741936,8.5184972676479E-05,.305727,.681429,.493502806451613,.113193034674229,5.173795,1.417122,.305727,1.417122,.11736,1.417122,1,.1467,0,-.975035169316608,-.138179572450564,-1.09067076223749,1.43840924015915,-.0615261915473371,.23308311873322,.000671860666004424,.264891448920657,.00222837442141411,.237370208556727,.217916406252813
P26,25.472046,SO,100,15,5684.137695,8035.548828,-111.079094,-.009562,.819473,27.7775,3.1,22,"{""type"":""M"",""msg"":""FADE0"",""time"":25.4294,""dist"":0.523609}",4.085785,7.185785,0,8.8,14.2,-.000232,8.8,3.1,.004679,-.009562,-.004883,-.00716831707317073,.00117006731513671,-.000232,.819473,.31993187804878,.238401296941543,3.041878,.681429,.000232,.681429,1.68444,.681429,1,2.10555,0,-.532301166795395,-.508898418348709,.011335954948721,.01743925522463,-.96658624648781,-.566873048052162,.000671860666004424,.264891448920657,.00222837442141411,.237370208556727,.217916406252813
P26,25.388721,SO,100,16,5684.519043,8037.959961,-111.616928,-.009766,.272633,27.7775,14.8,10,"{""type"":""M"",""msg"":""FADE0"",""time"":25.3838,""dist"":0.522205}",3.98834,13.98834,0,8.3,12.4,-.306833,8.3,10,.003703,-.009766,-.006063,-.008491875,.00133072768193254,-.306833,.272633,.030298,.194554410238581,4.085785,.819473,.306833,.819473,1.33308,.819473,1,1.66635,0,-.573628808889642,.344199010845385,-.235748482444741,.284067292463399,-.523417714705032,-.621664566325133,.000671860666004424,.264891448920657,.00222837442141411,.237370208556727,.217916406252813
P26,24.666304,SO,100,17,5691.302734,8056.393555,-111.461716,-.009928,-.097251,27.7778,9.2,4.7,"{""type"":""M"",""msg"":""FADE0"",""time"":24.6563,""dist"":0.502415}",3.346583,8.046583,0,15.3,10.6,.126529,10.6,4.7,.000324999999999999,-.010091,-.009766,-.00987585294117647,.000142652817018131,-.097251,.179616,.108177176470588,.0810270285493901,3.98834,.272633,.126529,.272633,.117,.272633,1,.14625,0,-.845805971468307,-.400947132272313,-1.0909239225217,-.772138525128443,-.564785918558031,-.369623582269465,.000671860666004424,.264891448920657,.00222837442141411,.237370208556727,.217916406252813
P26,26.872408,SO,100,18,5665.703125,7993.318359,-113.424553,-.007894,-.049854,27.7776,25.8,32.2,"{""type"":""M"",""msg"":""FADE0"",""time"":26.7912,""dist"":0.568663}",5.765051,31.565051,0,34.8,41.8,.188691,34.8,25.8,0,-.007894,-.007894,-.007894,0,-.049854,.188691,.0455101379310345,.0719330359432697,3.346583,-.097251,.188691,-.097251,0,.097251,1,0,0,.179896526560227,2.54846593228704,-1.17320101489145,-1.11088384131031,-.837230214315527,2.28228590214235,.000671860666004424,.264891448920657,.00222837442141411,.237370208556727,.217916406252813
P26,25.70414,SO,100,19,5683.32666,8035.986328,-111.907951,-.008057,-.112081,27.7777,39.4,43.8,"{""type"":""M"",""msg"":""FADE0"",""time"":25.6342,""dist"":0.522844}",4.046236,43.446236,0,21.5,29.3,.124741,21.5,39.4,.00118,-.008748,-.007568,-.00816582926829268,.000411252471265464,-.112081,.124741,.0266158536585366,.0693299492187759,6.498073,1.066016,.124741,1.066016,.4248,1.066016,1,.531,0,-.54907439186785,4.03846614239625,-.874471879518208,.76025804457836,.500667889852858,.82483151608131,.000671860666004424,.264891448920657,.00222837442141411,.237370208556727,.217916406252813
P26,25.151464,SO,100,20,5680.390625,8037.613281,-115.282463,-.015625,.243422,27.7781,-.502922,-1.617342,"{""type"":""M"",""msg"":""FADE0"",""time"":25.0909,""dist"":0.522622}",4.052717,2.435375,2.435375,6,4.1,.340928,4.1,-1.617342,.003499,-.017456,-.013957,-.0152688536585366,.00111583776959233,-1.822707,1.789969,-.0407820487804878,.918710032710674,4.046236,-.112081,.340928,-.112081,1.25964,.112081,1,1.57455,1,-.546325718786493,-1.10463965948795,-.287393180424522,-1.08224012052382,-.540207402161364,-1.08191331981809,.000671860666004424,.264891448920657,.00222837442141411,.237370208556727,.217916406252813
P26,26.066732,SO,100,21,5679.983887,8023.536133,-111.391335,-.007039,1.452873,27.7779,-.909843,5.4,"{""type"":""M"",""msg"":""FADE0"",""time"":26.0394,""dist"":0.536806}",4.66093,3.751087,3.751087,5.8,9.7,.019935,5.8,-.909843,.002685,-.008219,-.005534,-.0073131914893617,.000542266565216851,.019935,1.452873,.674529659574468,.432617349977828,4.052717,.243422,.019935,.243422,.9666,.243422,1,1.20825,1,-.28837498574664,-.93963834384113,-.493465651775216,-.828558736045119,-.537456031345301,-.89562215768999,.000671860666004424,.264891448920657,.00222837442141411,.237370208556727,.217916406252813
P26,24.132986,SO,100,22,5700.557617,8080.972168,-109.829201,-.006063,.008736,27.7779,7.7,12.2,"{""type"":""M"",""msg"":""FADE0"",""time"":24.0647,""dist"":0.474567}",2.322006,10.022006,0,22.6,13.9,-.025902,13.9,7.7,.002685,-.008748,-.006063,-.00749033333333333,.000934971223303582,-.027196,.008736,-.0201493333333333,.00924733555358405,4.66093,1.452873,.025902,1.452873,.9666,1.452873,1,1.20825,0,-1.28034187945741,-.153212526249887,-.493465651775216,1.50746127399853,-.279252127912142,-.00799956166785386,.000671860666004424,.264891448920657,.00222837442141411,.237370208556727,.217916406252813
P26,23.711729,SO,100,23,5703.959473,8088.785645,-108.808838,-.007243,.575834,27.7778,2.6,8.2,"{""type"":""M"",""msg"":""FADE0"",""time"":23.6115,""dist"":0.46508}",2.131092,4.731092,0,4.4,6.9,-.165424,4.4,2.6,.005208,-.007243,-.002035,-.00609054545454545,.00126692036534315,-.165424,.575834,.167824590909091,.234018643538065,2.322006,.008736,.165424,.008736,1.87488,.008736,1,2.3436,0,-1.36131089236501,-.816737500540729,.145257745298251,-1.28184803183065,-1.27219260539864,-1.04903840885431,.000671860666004424,.264891448920657,.00222837442141411,.237370208556727,.217916406252813
P26,25.049753,SO,100,24,5692.64502,8058.79834,-110.178284,-.006551,.324077,27.7779,4.2,9.1,"{""type"":""M"",""msg"":""FADE0"",""time"":24.9788,""dist"":0.497992}",3.242552,7.442552,0,10.1,14.4,-.227024,10.1,4.2,.000325000000000001,-.006551,-.006226,-.00638312121212121,4.94568988967652E-05,-.227024,.324077,-.0323042121212121,.170562670509398,2.131092,.575834,.227024,.575834,.117,.575834,1,.14625,0,-.889926818455907,-.4766976838303,-1.0909239225217,-.186514466720748,-1.35324108680243,-.424415100542436,.000671860666004424,.264891448920657,.00222837442141411,.237370208556727,.217916406252813
P26,24.751211,SO,100,25,5695.140625,8066.086426,-110.362823,-.007243,.078406,27.7778,10.4,17.3,"{""type"":""M"",""msg"":""FADE0"",""time"":24.6752,""dist"":0.490093}",2.930265,13.330265,0,19.1,27,-.046716,19.1,10.4,.000325,-.007568,-.007243,-.00742176666666667,.000161655590330361,-.046716,.078406,-.00810856666666666,.0376894749670051,3.242552,.324077,.046716,.324077,.117,.324077,1,.14625,0,-1.02237163724277,.261670888585895,-1.0909239225217,-.672775910688763,-.881394364503134,.561832228371048,.000671860666004424,.264891448920657,.00222837442141411,.237370208556727,.217916406252813
P26,25.049171,SO,100,26,5688.919434,8047.660645,-110.300774,-.005697,.845936,27.7776,1.2,5.6,"{""type"":""M"",""msg"":""FADE0"",""time"":24.9669,""dist"":0.509386}",3.648565,4.848565,0,9.4,14.9,-.139706,9.4,1.2,.00118,-.006877,-.005697,-.00639856756756757,.000511475726617519,-.139706,.845936,.255642216216216,.293026823476598,2.930265,.078406,.139706,.078406,.4248,.078406,1,.531,0,-.717731631944421,-.802005401454472,-.874471879518208,-1.14728241974736,-1.01396917364307,-.501123226124596,.000671860666004424,.264891448920657,.00222837442141411,.237370208556727,.217916406252813
P26,25.868553,SO,100,27,5680.093262,8027.251465,-111.716362,-.007568,.148782,27.7778,9.4,17.4,"{""type"":""M"",""msg"":""FADE0"",""time"":25.8256,""dist"":0.532703}",4.437303,13.837303,0,11.9,16.4,-.226972,11.9,9.4,.00118,-.007568,-.006388,-.00719762222222222,.000339560497280133,-.239043,.148782,-.115075488888889,.123519584531733,3.648565,.845936,.226972,.845936,.4248,.845936,1,.531,0,-.383217990709544,.325257704760658,-.874471879518208,.335179819986866,-.709030173924164,-.227165634759739,.000671860666004424,.264891448920657,.00222837442141411,.237370208556727,.217916406252813
P26,26.562494,SO,100,28,5674.947266,8012.963379,-111.918732,-.005697,.81357,27.7779,1.7,6.7,"{""type"":""M"",""msg"":""FADE0"",""time"":26.4938,""dist"":0.547226}",4.967546,6.667546,0,16.6,26.3,.081339,16.6,1.7,.002034,-.007731,-.005697,-.00707834,.000720517291780775,.081339,.81357,.35297016,.208803799675663,4.437303,.148782,.081339,.148782,.73224,.148782,1,.9153,0,-.158335308920022,-.573889933831953,-.658272996798929,-1.01135318885927,-.374188218250637,.287874637006191,.000671860666004424,.264891448920657,.00222837442141411,.237370208556727,.217916406252813
P26,25.875195,SO,100,29,5682.744141,8030.465332,-110.968178,-.007243,1.417874,27.7778,-.609168,4.9,"{""type"":""M"",""msg"":""FADE0"",""time"":25.8247,""dist"":0.528582}",4.257308,3.64814,3.64814,8.3,16.1,.107445,8.3,-.609168,.002522,-.008219,-.005697,-.00704618604651163,.00061121402438932,.107445,1.417874,.665981627906977,.386033554164909,4.967546,.81357,.107445,.81357,.90792,.81357,1,1.1349,1,-.459556119282114,-.952548760742316,-.534730778102198,.272665816819253,-.14908482130235,-.621664566325133,.000671860666004424,.264891448920657,.00222837442141411,.237370208556727,.217916406252813
P26,24.461655,SO,100,30,5692.000977,8059.282715,-110.983177,-.006714,-.465478,27.7778,14.9,19.5,"{""type"":""M"",""msg"":""FADE0"",""time"":24.4373,""dist"":0.499137}",3.249853,18.149853,0,15.5,7.6,.108035,7.6,14.9,.001709,-.008423,-.006714,-.00710606060606061,.000415996690145632,-.465478,.108035,-.226604212121212,.17885621922559,4.257308,1.417874,.108035,1.417874,.61524,1.417874,1,.76905,0,-.88683037312849,.866087630909141,-.740550089168678,1.43986170664812,-.450601270254542,-.698372691907293,.000671860666004424,.264891448920657,.00222837442141411,.237370208556727,.217916406252813
P26,25.873074,SO,100,31,5689.677246,8052.122559,-111.538193,-.008423,-.083793,27.7779,16.1,7.3,"{""type"":""M"",""msg"":""FADE0"",""time"":25.8268,""dist"":0.506}",3.450022,10.750022,0,16.9,26.7,.088916,16.9,7.3,.00236,-.010091,-.007731,-.00936442857142857,.000898842958400157,-.083793,.158131,.0942015142857143,.0680732574520971,3.249853,-.465478,.088916,-.465478,.8496,.465478,1,1.062,0,-.801936199077862,-.0619132162094439,-.575742744144965,-.399663923977286,-.878294880113676,.320749547969974,.000671860666004424,.264891448920657,.00222837442141411,.237370208556727,.217916406252813
P26,26.846189,SO,100,32,5667.549805,7994.245117,-112.827003,-.007243,1.289732,27.7778,-.707862,8.4,"{""type"":""M"",""msg"":""FADE0"",""time"":26.8301,""dist"":0.568863}",5.667968,4.960106,4.960106,11.2,22.1,.384027,11.2,-.707862,.000488,-.007731,-.007243,-.0076339649122807,.000167955241158415,.384027,1.289732,.782091877192982,.266349921912219,3.450022,-.083793,.384027,-.083793,.17568,.083793,1,.2196,1,.13872241318924,-.78801722490173,-1.04965879619472,-1.13687758334299,-.793317385146761,-.303873760341899,.000671860666004424,.264891448920657,.00222837442141411,.237370208556727,.217916406252813
P26,26.978451,SO,100,33,5670.307617,8003.1875,-112.90464,-.007243,.306195,27.7779,10.8,17.9,"{""type"":""M"",""msg"":""FADE0"",""time"":26.9483,""dist"":0.559036}",5.36977,16.16977,0,31.6,41.4,.136721,31.6,10.8,.000976,-.008219,-.007243,-.00802338888888889,.000293717321211866,.136721,.306195,.232907351851852,.0483510598557648,5.667968,1.289732,.136721,1.289732,.35136,1.289732,1,.4392,0,.0122529153471713,.617768621817567,-.926116577497989,1.19235909916174,.148264453459058,1.93162018519533,.000671860666004424,.264891448920657,.00222837442141411,.237370208556727,.217916406252813
P26,26.860495,SO,100,34,5668.699707,7995.404297,-112.310143,-.007039,-1.852675,27.778,-1.92582,3,"{""type"":""M"",""msg"":""FADE0"",""time"":26.7659,""dist"":0.565102}",5.703488,3.777668,3.777668,8.8,17.5,.110863,8.8,-1.92582,.000692,-.007731,-.007039,-.0073810350877193,.000249764100482284,-1.852675,1.849609,.829238175438596,.619416473684021,5.36977,.306195,.110863,.306195,.24912,.306195,1,.3114,1,.153786889018556,-.936304863587695,-.998014098214939,-.707314482172519,.0216708298502872,-.566873048052162,.000671860666004424,.264891448920657,.00222837442141411,.237370208556727,.217916406252813
P26,24.618036,SO,100,35,5690.75,8053.412598,-110.595215,-.006877,.471743,27.7777,4.8,11,"{""type"":""M"",""msg"":""FADE0"",""time"":24.5596,""dist"":0.503996}",3.344524,8.144524,0,55.9,35.1,.034075,35.1,4.8,.001546,-.008423,-.006877,-.00733964705882353,.000502208388616865,.034075,.471743,.212105441176471,.129197019497517,5.703488,-1.852675,.034075,-1.852675,.55656,1.852675,1,.6957,0,-.846679219095913,-.388664509741117,-.78181521549566,2.2796674006258,.163343714589527,2.31516081310613,.000671860666004424,.264891448920657,.00222837442141411,.237370208556727,.217916406252813
P26,23.832975,SO,100,36,5697.650391,8073.845215,-110.434189,-.008748,-.278664,27.7777,17.2,8.5,"{""type"":""M"",""msg"":""FADE0"",""time"":23.8151,""dist"":0.483676}",2.645931,11.145931,0,23.2,29.5,-.071244,23.2,8.5,.001342,-.008748,-.007406,-.00779159259259259,.000465679425823525,-.278664,-.071244,-.186165518518519,.0618556368505113,3.344524,.471743,.071244,.471743,.48312,.471743,1,.6039,0,-1.14296123945146,-.0122629083332409,-.833459913475441,-.387563255688183,-.838104319007747,1.01112267820941,.000671860666004424,.264891448920657,.00222837442141411,.237370208556727,.217916406252813
P26,26.484743,SO,100,37,5674.166504,8012.734375,-112.981331,-.009766,.160084,27.7775,11.3,6.6,"{""type"":""M"",""msg"":""FADE0"",""time"":26.4314,""dist"":0.548123}",4.992424,11.592424,0,27.8,19.3,.227199,19.3,6.6,.002035,-.009766,-.007731,-.00892744,.000688166156964898,.160084,.305532,.27610916,.0367252596464113,2.645931,-.278664,.227199,-.278664,.7326,.278664,1,.91575,0,-.147784238264568,.0437310572360428,-.658019836514714,-.760489821145749,-1.13467713068898,.583748835680237,.000671860666004424,.264891448920657,.00222837442141411,.237370208556727,.217916406252813
P26,23.821901,SO,100,38,5699.739746,8076.612305,-110.145897,-.009399,.730593,27.7779,17.9,13,"{""type"":""M"",""msg"":""FADE0"",""time"":23.7772,""dist"":0.479574}",2.535261,15.535261,0,12.8,9.9,.327953,9.9,13,.002686,-.012085,-.009399,-.0104103076923077,.000662343884653932,.327953,.730593,.600176115384615,.124964563535853,4.992424,.160084,.327953,.160084,.96696,.160084,1,1.2087,0,-1.18989776929466,.538195873533942,-.493212491491001,-.989523699154016,-.138523395108549,-.446331707851625,.000671860666004424,.264891448920657,.00222837442141411,.237370208556727,.217916406252813
P26,25.98509,SO,100,39,5679.175781,8024.361816,-112.184998,-.008423,.377009,27.7778,48,25.3,"{""type"":""M"",""msg"":""FADE0"",""time"":25.9286,""dist"":0.535389}",4.562731,29.862731,0,38.9,25.5,.16417,25.5,25.3,.000163,-.008586,-.008423,-.00846197826086957,7.02963533526882E-05,.16417,.377653,.309641695652174,.0652530281156428,2.535261,.730593,.16417,.730593,.05868,.730593,1,.07335,0,-.330022408662264,2.33498073214302,-1.13193588856447,.112398114883919,-1.18165972723485,1.26316366226508,.000671860666004424,.264891448920657,.00222837442141411,.237370208556727,.217916406252813
P26,24.946899,SO,100,40,5690.268555,8052.424316,-111.064957,-.009766,.368658,27.7776,15,10.3,"{""type"":""M"",""msg"":""FADE0"",""time"":24.8527,""dist"":0.504134}",3.444681,13.744681,0,6.8,10.8,-.189384,6.8,10.3,.003866,-.009766,-.0059,-.00895671428571429,.00123062828457253,-.189384,.368658,.153578142857143,.181072408751004,4.562731,.377009,.189384,.377009,1.39176,.377009,1,1.7397,0,-.804201383914697,.313642129423624,-.194483356117759,-.570539266813459,-.320940426441165,-.786039121144047,.000671860666004424,.264891448920657,.00222837442141411,.237370208556727,.217916406252813
P26,24.988962,SO,100,41,5686.984375,8046.241211,-111.633568,-.007731,-.466911,27.7777,33.3,12.1,"{""type"":""M"",""msg"":""FADE0"",""time"":24.933,""dist"":0.512155}",3.677532,15.777532,0,15.7,9.1,-.014197,9.1,12.1,.001343,-.009074,-.007731,-.00839637837837838,.000375209300950176,-.466911,-.014197,-.218269891891892,.139500741550156,3.444681,.368658,.014197,.368658,.48348,.368658,1,.60435,0,-.705446365296116,.568578688118798,-.833206753191226,-.586668984432341,-.795584793190056,-.533998137088379,.000671860666004424,.264891448920657,.00222837442141411,.237370208556727,.217916406252813
P26,25.638929,SO,100,42,5689.475586,8047.854004,-110.42215,-.006877,1.292173,27.7776,-.405246,5.7,"{""type"":""M"",""msg"":""FADE0"",""time"":25.5495,""dist"":0.508895}",3.572542,3.167296,3.167296,12.1,35.7,.438889,12.1,-.405246,.002685,-.008219,-.005534,-.00692638888888889,.00100746942605939,.438889,1.292173,.792663083333333,.247300250555517,3.677532,-.466911,.438889,-.466911,.9666,.466911,1,1.20825,1,-.749973936166608,-1.01285062970823,-.493465651775216,-.396896125468382,-.696732849679618,-.205249027450551,.000671860666004424,.264891448920657,.00222837442141411,.237370208556727,.217916406252813
P26,26.101139,SO,100,43,5678.064453,8022.314941,-112.022987,-.008423,.125085,27.7779,38.5,44.7,"{""type"":""M"",""msg"":""FADE0"",""time"":26.035,""dist"":0.537394}",4.661161,43.161161,0,46.1,51.6,-.214951,46.1,38.5,.001017,-.008423,-.007406,-.00781344680851064,.000386104108989691,-.214951,.125085,-.083281170212766,.0994994144368435,3.572542,1.292173,.214951,1.292173,.36612,1.292173,1,.45765,0,-.288277015760249,4.00271534734534,-.91573700584519,1.19707382083671,-.741304122936597,3.5205742151115,.000671860666004424,.264891448920657,.00222837442141411,.237370208556727,.217916406252813
P26,26.767731,SO,100,44,5676.74707,8020.401367,-112.822357,-.011759,-.383078,27.7774,6.8,3.1,"{""type"":""M"",""msg"":""FADE0"",""time"":26.684,""dist"":0.539195}",4.768374,7.868374,0,15.1,9.1,.243639,9.1,3.1,.004516,-.011759,-.007243,-.00849741666666667,.00127612740031862,-.383078,.243639,-.0734349791666667,.177869317865852,4.661161,.125085,.243639,.125085,1.62576,.125085,1,2.0322,0,-.24280664281294,-.423296034965382,-.0299291713782608,-1.05712326650442,-.279154061771344,-.533998137088379,.000671860666004424,.264891448920657,.00222837442141411,.237370208556727,.217916406252813
P26,26.02877,SO,100,45,5679.080078,8022.169922,-111.48571,-.006714,1.130685,27.7778,0,6.4,"{""type"":""M"",""msg"":""FADE0"",""time"":25.9679,""dist"":0.537331}",4.602424,4.602424,4.602424,8,13,-.131185,8,0,.000854,-.007568,-.006714,-.007324,.000306264373812343,-.131185,1.130685,.439691152173913,.376611968317994,4.768374,-.383078,.131185,-.383078,.30744,.383078,1,.3843,1,-.3131881113905,-.832873546485164,-.957002132172171,-.558817166917758,-.233639061107466,-.654539477288916,.000671860666004424,.264891448920657,.00222837442141411,.237370208556727,.217916406252813
P26,24.910263,SO,100,46,5691.785156,8055.104004,-110.454254,-.007039,.834235,27.778,2.3,9.6,"{""type"":""M"",""msg"":""FADE0"",""time"":24.8467,""dist"":0.502034}",3.333139,5.633139,0,17.8,33.3,.25914,17.8,2.3,.001018,-.008057,-.007039,-.00731226470588235,.000333559617934452,.25914,.834235,.506636294117647,.172183499676773,4.602424,1.130685,.25914,1.130685,.36648,1.130685,1,.4581,0,-.851507739853705,-.703613244035307,-.915483845560975,.885164368215707,-.304089606845115,.419374280861323,.000671860666004424,.264891448920657,.00222837442141411,.237370208556727,.217916406252813
P26,26.660879,SO,100,47,5669.760742,8002.132813,-113.038452,-.008057,.212741,27.7778,28.7,35.6,"{""type"":""M"",""msg"":""FADE0"",""time"":26.6193,""dist"":0.560031}",5.456817,34.156817,0,26.8,36.3,.13171,26.8,28.7,.000529,-.008423,-.007894,-.00805901818181818,.000205001670355353,.13171,.212741,.178929109090909,.029376043958548,3.333139,.834235,.13171,.834235,.19044,.834235,1,.23805,0,.0491706357163843,2.87349511789049,-1.03927922454192,.31257967319504,-.84293757880421,1.40562160977481,.000671860666004424,.264891448920657,.00222837442141411,.237370208556727,.217916406252813
P28,22.300312,SO,100,1,5711.614746,8112.052734,-108.925102,-.009399,.131255,27.7779,14.7,9.2,"{""type"":""M"",""msg"":""FADE0"",""time"":22.2532,""dist"":0.4421}",1.21319,10.41319,0,9.3,14.4,.151001,9.3,9.2,.004028,-.010254,-.006226,-.00878892307692308,.0012657739043459,.131255,.151195,.144912307692308,.00657933102456239, , ,.151001, ,1.45008, , ,1.8126,0,-1.75060459992921,-.104154772987787,-.153471390074992, , ,-.51208152977919,.00358386602667171,.279842348274513,.00239866217042108,.128552712213658,.125222626718291
P28,22.595318,SO,100,2,5710.807617,8109.242188,-108.37664,-.005208,.286177,27.7778,4.1,8,"{""type"":""M"",""msg"":""FADE0"",""time"":22.5097,""dist"":0.443948}",1.309433,5.409433,0,5.8,9.3,-.007057,5.8,4.1,.006063,-.008911,-.002848,-.00622564285714286,.00182519459898824,-.007057,.286177,.129995785714286,.0966104114298395,1.21319,.131255,.007057,.131255,2.18268,.131255,1,2.72835,0,-1.70978674105419,-.731667851972368,.361709788301744,-1.04520608799784,-1.74291687368811,-.89562215768999,.00358386602667171,.279842348274513,.00239866217042108,.128552712213658,.125222626718291
P28,23.414959,SO,100,3,5701.507324,8082.702637,-109.950249,-.008748,.308359,27.7776,23.3,15.1,"{""type"":""M"",""msg"":""FADE0"",""time"":23.3997,""dist"":0.474014}",2.230221,17.330221,0,6.5,11.2,-.011375,6.5,15.1,.006551,-.012939,-.006388,-.00982734782608696,.0015101240349026,-.011375,.308359,.194494,.101590322031902,1.309433,.286177,.011375,.286177,2.35836,.286177,1,2.94795,0,-1.31926904482885,.763298906365905,.485252006998475,-.7459786765558,-1.70205895339026,-.81891403210783,.00358386602667171,.279842348274513,.00239866217042108,.128552712213658,.125222626718291
P28,24.002447,SO,100,4,5692.341797,8058.696777,-111.030128,-.007406,.06015,27.7782,20.2,26.5,"{""type"":""M"",""msg"":""FADE0"",""time"":23.9956,""dist"":0.499986}",3.231979,23.431979,0,9.4,6.6,.278639,6.6,20.2,.007243,-.012777,-.005534,-.00913315151515151,.00230995059634958,.06015,.313163,.226879121212121,.08309972440416,2.230221,.308359,.278639,.308359,2.60748,.308359,1,3.25935,0,-.8944109598676,1.52851051632194,.660438923674987,-.703134778073937,-1.31115797653772,-.807955728453235,.00358386602667171,.279842348274513,.00239866217042108,.128552712213658,.125222626718291
P28,24.759775,SO,100,5,5690.01123,8048.270996,-110.350273,-.012614,1.641344,27.7772,-.910118,12.2,"{""type"":""M"",""msg"":""FADE0"",""time"":24.7033,""dist"":0.509199}",3.644668,2.73455,2.73455,8.1,11.3,-.055684,8.1,-.910118,.020478,-.016317,.004161,-.00546902702702703,.00593701953137396,-.083096,1.641344,.595791351351351,.592360462712303,3.231979,.06015,.055684,.06015,7.37208,.06015,1,9.2151,1,-.719384398338195,-1.06712060622353,4.01101528525538,-1.18254336153282,-.885882906956187,-.643581173634321,.00358386602667171,.279842348274513,.00239866217042108,.128552712213658,.125222626718291
P28,24.227882,SO,100,6,5691.953125,8058.330078,-111.844093,-.013265,-.18815,27.7778,5.2,2.5,"{""type"":""M"",""msg"":""FADE0"",""time"":24.1646,""dist"":0.498868}",3.237602,5.737602,0,1.7,2.8,.101398,1.7,2.5,.016642,-.016642,0,-.0117420303030303,.00346686186886686,-.18815,.296077,.151499121212121,.134552358312609,3.644668,1.641344,.101398,1.641344,5.99112,1.641344,1,7.4889,0,-.892026175307121,-.690512708024072,3.03989243500813,1.87148761926836,-.710684562455286,-1.34491260752835,.00358386602667171,.279842348274513,.00239866217042108,.128552712213658,.125222626718291
P28,24.724337,SO,100,7,5691.618652,8058.005371,-110.959793,-.002848,-.367665,27.7783,6.5,9.1,"{""type"":""M"",""msg"":""FADE0"",""time"":24.6749,""dist"":0.499655}",3.287655,9.787655,0,13.5,20.4,.066646,13.5,6.5,.010579,-.012939,-.00236,-.00826751515151515,.00331251096338952,-.367665,.071269,-.0883435454545455,.158756667670426,3.237602,-.18815,.066646,-.18815,3.80844,.18815,1,4.76055,0,-.87079807258514,-.18260210643396,1.50498163181493,-.93531502298451,-.883495781805944,-.051832776286231,.00358386602667171,.279842348274513,.00239866217042108,.128552712213658,.125222626718291
P28,24.677547,SO,100,8,5690.35791,8052.102539,-110.411118,-.005371,.580401,27.7781,2.6,6.9,"{""type"":""M"",""msg"":""FADE0"",""time"":24.612,""dist"":0.505215}",3.441843,6.041843,0,6.4,10.5,.136472,6.4,2.6,.010254,-.012451,-.002197,-.0067406,.00267277100315274,.136472,.580401,.324285685714286,.119638095454773,3.287655,-.367665,.136472,-.367665,3.69144,.367665,1,4.6143,0,-.80540501517606,-.652358335886627,1.42270453944519,-.588586935527485,-.862246844380174,-.829872335762424,.00358386602667171,.279842348274513,.00239866217042108,.128552712213658,.125222626718291
P28,24.963408,SO,100,9,5687.729004,8046.516113,-111.061371,-.007568,.137734,27.778,11,19.2,"{""type"":""M"",""msg"":""FADE0"",""time"":24.9256,""dist"":0.512117}",3.654479,14.654479,0,13.6,9.1,.149939,9.1,11,.011067,-.014282,-.003215,-.00761348648648649,.00305890393061906,.105795,.154521,.125413567567568,.0159618484754195,3.441843,.580401,.149939,.580401,3.98412,.580401,1,4.98015,0,-.71522343064784,.427738426312944,1.62852385051167,-.1776934368602,-.796789605777001,-.533998137088379,.00358386602667171,.279842348274513,.00239866217042108,.128552712213658,.125222626718291
P28,24.873846,SO,100,10,5689.083984,8048.801758,-110.909409,-.006388,.57422,27.7779,4.6,10.5,"{""type"":""M"",""msg"":""FADE0"",""time"":24.8609,""dist"":0.51019}",3.554262,8.154262,0,9.9,7.1,.29152,7.1,4.6,.010375,-.01359,-.003215,-.00811538888888889,.0028884874368804,.29152,.57422,.424939361111111,.0766845293263819,3.654479,.137734,.29152,.137734,3.735,.137734,1,4.66875,0,-.757726712578767,-.387443282898337,1.45333693383515,-1.03269208483022,-.706519510908241,-.753164210180264,.00358386602667171,.279842348274513,.00239866217042108,.128552712213658,.125222626718291
P28,25.159124,SO,100,11,5685.195801,8041.107422,-112.48494,-.011271,-.272576,27.7781,5.9,2.6,"{""type"":""M"",""msg"":""FADE0"",""time"":25.1224,""dist"":0.518128}",3.849662,6.449662,0,9.8,16,.252555,9.8,2.6,.006917,-.013794,-.006877,-.0104030512820513,.00191165096666561,-.272576,.318213,.181776794871795,.171501159011302,3.554262,.57422,.252555,.57422,2.49012,.57422,1,3.11265,0,-.632443881498253,-.601214414157732,.577908671021024,-.189631861552131,-.749064508450814,-.457290011506219,.00358386602667171,.279842348274513,.00239866217042108,.128552712213658,.125222626718291
P28,25.884363,SO,100,12,5674.276855,8012.297363,-112.45771,-.010417,.440202,27.7772,14,10.1,"{""type"":""M"",""msg"":""FADE0"",""time"":25.8553,""dist"":0.549135}",4.99098,15.09098,0,10.1,18.4,.143739,10.1,10.1,.009888,-.013265,-.003377,-.00826902,.00275733434190728,.143739,.440202,.27952054,.0650053754110774,3.849662,-.272576,.143739,-.272576,3.55968,.272576,1,4.4496,0,-.148396656707629,.482479311309927,1.33004787542264,-.772248618997953,-.623658716279066,-.424415100542436,.00358386602667171,.279842348274513,.00239866217042108,.128552712213658,.125222626718291
P28,27.065788,SO,100,13,5666.999512,7994.207031,-113.185387,-.009074,.792576,27.7775,25.3,18.4,"{""type"":""M"",""msg"":""FADE0"",""time"":26.9943,""dist"":0.567462}",5.677673,24.077673,0,9.3,6.5,.33817,6.5,18.4,.013103,-.013957,-.000854,-.00807521052631579,.00350594164922127,.326693,.792576,.465644947368421,.145331550702476,4.99098,.440202,.33817,.440202,4.71708,.440202,1,5.89635,0,.142838424955105,1.60948595737991,2.14395818917262,-.448483794954997,-.139136414620722,-.81891403210783,.00358386602667171,.279842348274513,.00239866217042108,.128552712213658,.125222626718291
P28,27.621984,SO,100,14,5656.934082,7971.843262,-114.146172,-.013957,.579305,27.7767,8.4,6,"{""type"":""M"",""msg"":""FADE0"",""time"":27.5542,""dist"":0.592137}",6.616027,12.616027,0,11.6,7.9,.277668,7.9,6,.016276,-.016113,.000163,-.00814054545454545,.00409412682972842,.277668,.579305,.380171727272727,.071578931997437,5.677673,.792576,.277668,.792576,5.85936,.792576,1,7.3242,0,.540806081271032,.172099455259339,2.94723577098558,.232116506354541,.15238450495881,-.66549778094351,.00358386602667171,.279842348274513,.00239866217042108,.128552712213658,.125222626718291
P28,26.745939,SO,100,15,5668.612305,8001.786621,-113.324699,-.010579,-.713783,27.7782,8.1,2.8,"{""type"":""M"",""msg"":""FADE0"",""time"":26.6865,""dist"":0.560128}",5.467056,8.267056,0,58.2,28.5,.103466,28.5,2.8,.01294,-.015951,-.003011,-.00872021818181818,.00346993981531172,-.713783,.145307,-.177574145454546,.287301774557399,6.616027,.579305,.103466,.579305,4.6584,.579305,1,5.823,0,.053513123554683,-.373297969640521,2.10269306284563,-.17981032950902,.55074275379946,1.59191277190291,.00358386602667171,.279842348274513,.00239866217042108,.128552712213658,.125222626718291
P28,27.700634,SO,100,16,5661.92334,7984.52832,-113.884438,-.006388,-.010661,27.778,11.6,16.2,"{""type"":""M"",""msg"":""FADE0"",""time"":27.6746,""dist"":0.579614}",6.11504,17.71504,0,9.9,14.8,.131274,9.9,11.6,.013428,-.015951,-.002523,-.00812339344262295,.00393270492273316,-.010661,.217902,.135176295081967,.067640160683661,5.467056,-.713783,.131274,-.713783,4.83408,.713783,1,6.0426,0,.328331234640925,.811558435264243,2.22623528154236,.0799300807355042,.0629715336323478,-.446331707851625,.00358386602667171,.279842348274513,.00239866217042108,.128552712213658,.125222626718291
P28,28.399521,SO,100,17,5648.782715,7951.029297,-114.376907,-.006877,1.83159,27.7778,-2.028681,4.4,"{""type"":""M"",""msg"":""FADE0"",""time"":28.2973,""dist"":0.613504}",7.418186,5.389505,5.389505,18.1,11.8,.268024,11.8,-2.028681,.012777,-.013794,-.001017,-.00732256756756757,.00330482437342859,.257561,1.83159,.802497959459459,.499933425259569,9.422905,-1.190455,.268024,-1.190455,4.59972,1.190455,1,5.74965,1,.881011736303917,-.734166990247469,2.06142793651865,1.0006084134894,1.74234315704743,-.238123938414333,.00358386602667171,.279842348274513,.00239866217042108,.128552712213658,.125222626718291
P28,27.249851,SO,100,18,5661.18457,7983.662109,-115.713669,-.016805,-.373472,27.7769,3.1,1.2,"{""type"":""M"",""msg"":""FADE0"",""time"":27.1558,""dist"":0.578871}",6.190099,7.390099,0,7.7,13.2,.238724,7.7,1.2,.0153,-.019491,-.004191,-.0109501935483871,.00463384358693239,-.373472,.819331,.481115048387097,.301893204418135,7.418186,1.83159,.238724,1.83159,5.508,1.83159,1,6.885,0,.360164694417744,-.483275729792959,2.70015133359212,2.23894232626415,.891282309800465,-.687414388252699,.00358386602667171,.279842348274513,.00239866217042108,.128552712213658,.125222626718291
P28,27.775837,SO,100,19,5660.895508,7988.235352,-115.584503,-.015299,1.27681,27.7779,.3,-1.618235,"{""type"":""M"",""msg"":""FADE0"",""time"":27.7015,""dist"":0.575216}",5.969784,4.351549,4.351549,15.6,10.3,.282232,10.3,-1.618235,.014445,-.018148,-.003703,-.01081815,.00354162770596051,-1.835831,1.832772,-.1963436,.88398001987784,6.190099,-.373472,.282232,-.373472,5.2002,.373472,1,6.50025,1,.266726350038924,-.864335374805416,2.48369929058863,-.57737088113725,.369924073203224,-.402498493233247,.00358386602667171,.279842348274513,.00239866217042108,.128552712213658,.125222626718291
P28,26.167517,SO,100,20,5677.452148,8018.255859,-112.033142,-.006226,1.100641,27.7775,.3,8.1,"{""type"":""M"",""msg"":""FADE0"",""time"":26.1096,""dist"":0.541627}",4.76936,5.06936,0,7.7,5.2,.315734,5.2,.3,.015788,-.015137,.000651,-.0072945625,.00468621563014132,.161299,1.100641,.4970688125,.320752913018706,5.969784,1.27681,.315734,1.27681,5.68368,1.27681,1,7.1046,0,-.242388467892678,-.774315857323052,2.82369355228885,1.16740062579673,.276394022078246,-.961371979617555,.00358386602667171,.279842348274513,.00239866217042108,.128552712213658,.125222626718291
P28,27.164482,SO,100,21,5662.185547,7988.873047,-114.263649,-.007894,-1.520998,27.7783,6.3,-.913624,"{""type"":""M"",""msg"":""FADE0"",""time"":27.1131,""dist"":0.574739}",5.972444,5.05882,5.05882,10,14.1,.046949,10,-.913624,.016968,-.016642,.000326,-.00870088333333333,.00362442982116237,-1.520998,.046949,-.479858833333333,.49591452328623,4.76936,1.100641,.046949,1.100641,6.10848,1.100641,1,7.6356,1,.267854489276142,-.77563766168975,3.12242268766209,.827135241627072,-.233220475761896,-.43537340419703,.00358386602667171,.279842348274513,.00239866217042108,.128552712213658,.125222626718291
P28,26.663609,SO,100,22,5669.260254,8002.945801,-112.690399,-.012939,-.558928,27.7771,8.3,4.6,"{""type"":""M"",""msg"":""FADE0"",""time"":26.5933,""dist"":0.558527}",5.378539,9.978539,0,10.1,14.4,.042623,10.1,4.6,.020508,-.019002,.001506,-.00727898148148148,.0051330633153752,-.74877,.042623,-.332705666666667,.307765616546037,5.972444,-1.520998,.042623,-1.520998,7.38288,1.520998,1,9.2286,0,.0159719578175336,-.158663652474487,4.01861009378182,1.63904276277668,.277523268548039,-.424415100542436,.00358386602667171,.279842348274513,.00239866217042108,.128552712213658,.125222626718291
P28,27.692789,SO,100,23,5658.758301,7980.731934,-114.39859,-.011108,-1.38353,27.7777,4.8,-.91287,"{""type"":""M"",""msg"":""FADE0"",""time"":27.6823,""dist"":0.584737}",6.320742,5.407872,5.407872,8.3,12.3,-.007533,8.3,-.91287,.017456,-.017456,0,-.00869349206349206,.00435223570605557,-1.38353,.130255,-.384351777777778,.51011262751043,5.378539,-.558928,.007533,-.558928,6.28416,.558928,1,7.8552,1,.415572023127465,-.731863614459694,3.24596490635882,-.219167922123073,.0253935224418717,-.621664566325133,.00358386602667171,.279842348274513,.00239866217042108,.128552712213658,.125222626718291
P28,26.252121,SO,100,24,5670.769043,8007.417969,-114.283318,-.010742,-.943132,27.7773,3.7,.5,"{""type"":""M"",""msg"":""FADE0"",""time"":26.151,""dist"":0.552979}",5.169624,5.669624,0,7,11.2,.252494,7,.5,.017294,-.018311,-.001017,-.0103008846153846,.00503639470588676,-.943132,.272187,-.183472692307692,.365265185000692,6.320742,-1.38353,.252494,-1.38353,6.22584,1.38353,1,7.7823,0,-.0726315041160671,-.699037719147357,3.20495294031606,1.37352725306138,.425385782433737,-.764122513834858,.00358386602667171,.279842348274513,.00239866217042108,.128552712213658,.125222626718291
P28,25.663065,SO,100,25,5676.477539,8017.975586,-112.327599,-.006388,.300715,27.778,7.8,13.1,"{""type"":""M"",""msg"":""FADE0"",""time"":25.5647,""dist"":0.541102}",4.769562,12.569562,0,36.2,26.5,.137758,26.5,7.8,.011434,-.015462,-.004028,-.00855170833333333,.00259896813368865,.137758,.423759,.319534041666667,.0728261235835809,5.169624,-.943132,.137758,-.943132,4.11624,.943132,1,5.1453,0,-.242302797168649,.166272354699696,1.72143367481843,.522911113686406,-.0632969009554224,1.37274669881102,.00358386602667171,.279842348274513,.00239866217042108,.128552712213658,.125222626718291
P28,24.964226,SO,100,26,5683.694824,8037.413574,-111.979858,-.002197,-.298738,27.7783,6.6,9.1,"{""type"":""M"",""msg"":""FADE0"",""time"":24.9325,""dist"":0.522246}",4.05921,10.65921,0,21.3,13.6,.310845,13.6,6.6,.012777,-.014974,-.002197,-.00843570731707317,.00288015105718348,-.298738,.310845,.109281609756098,.199390432717931,4.769562,.300715,.310845,.300715,4.59972,.300715,1,5.74965,0,-.543571956355194,-.0733018023715512,2.06142793651865,-.717898945416618,-.233134720954792,-.0408744726316367,.00358386602667171,.279842348274513,.00239866217042108,.128552712213658,.125222626718291
P28,25.668818,SO,100,27,5679.527344,8027.641113,-112.432213,-.00236,-.536276,27.7785,7.5,9.8,"{""type"":""M"",""msg"":""FADE0"",""time"":25.5878,""dist"":0.531494}",4.358397,11.858397,0,12.3,8,.27113,8,7.5,.014974,-.016642,-.001668,-.00843672727272727,.00403433319676185,-.536276,.27113,.0168040681818182,.258978018207741,4.05921,-.298738,.27113,-.298738,5.39064,.298738,1,6.7383,0,-.416683011255377,.0770863013369786,2.61762108093816,-.721717464364353,-.534699566184261,-.654539477288916,.00358386602667171,.279842348274513,.00239866217042108,.128552712213658,.125222626718291
P28,26.554367,SO,100,28,5672.530273,8006.915039,-112.207581,-.001668,.914565,27.7776,1,4.6,"{""type"":""M"",""msg"":""FADE0"",""time"":26.55,""dist"":0.555502}",5.187408,6.187408,0,7.2,11.1,.281325,7.2,1,.017293,-.016113,.00118,-.00657775,.00433797402280708,.2599,.914565,.399329038461538,.192373441844799,4.358397,-.536276,.281325,-.536276,6.22548,.536276,1,7.78185,0,-.0650890875015246,-.634103264478805,3.20469978003184,-.262919612160544,-.407686083643677,-.74220590652567,.00358386602667171,.279842348274513,.00239866217042108,.128552712213658,.125222626718291
P28,25.035137,SO,100,29,5684.275391,8039.616699,-112.709465,-.014771,-.585193,27.7775,4,1.4,"{""type"":""M"",""msg"":""FADE0"",""time"":24.9574,""dist"":0.518699}",3.960737,5.360737,0,19.7,28.3,.412194,19.7,1.4,.012248,-.015788,-.00354,-.010297625,.00289565473476185,-.585193,.412194,.0880968,.316936664368265,5.187408,.914565,.412194,.914565,4.40928,.914565,1,5.5116,0,-.585335586094502,-.737774738636575,1.92750614616912,.467734770348051,-.0557470817002351,.627582050298614,.00358386602667171,.279842348274513,.00239866217042108,.128552712213658,.125222626718291
P28,26.027494,SO,100,30,5674.155273,8012.540527,-112.671692,-.007568,.230317,27.7772,17.5,24.9,"{""type"":""M"",""msg"":""FADE0"",""time"":25.9332,""dist"":0.547149}",4.961265,22.461265,0,15.5,10.4,.278074,10.4,17.5,.015625,-.015625,0,-.00809326,.00364068958376104,.167064,.358721,.26977492,.0611229364974811,3.960737,-.585193,.278074,-.585193,5.625,.585193,1,7.03125,0,-.160999159502339,1.4067748423167,2.78242842596187,-.168437825935798,-.576504185590248,-.391540189578653,.00358386602667171,.279842348274513,.00239866217042108,.128552712213658,.125222626718291
P28,25.484659,SO,100,31,5678.345215,8027.380859,-113.491592,-.006063,-1.554772,27.7786,3.5,-.539486,"{""type"":""M"",""msg"":""FADE0"",""time"":25.4247,""dist"":0.532764}",4.496694,3.957208,3.957208,24.8,16.9,.408598,16.9,-.539486,.011759,-.017456,-.005697,-.0107892444444444,.00337045529130814,-1.554772,.417636,-.222912111111111,.629772321671174,4.961265,.230317,.408598,.230317,4.23324,.230317,1,5.29155,1,-.358029525507436,-.913789042335605,1.80371076718818,-.853870668675397,-.151751286368805,.320749547969974,.00358386602667171,.279842348274513,.00239866217042108,.128552712213658,.125222626718291
P28,26.38612,SO,100,32,5676.426758,8020.970703,-114.321465,-.009399,-.925281,27.779,3.1,.4,"{""type"":""M"",""msg"":""FADE0"",""time"":26.377,""dist"":0.540894}",4.667565,5.067565,0,17.7,10.2,.376899,10.2,.4,.020254,-.023469,-.003215,-.0108687872340426,.0053946409315017,-.925281,.376899,.0574949574468085,.330309964751553,4.496694,-1.554772,.376899,-1.554772,7.29144,1.554772,1,9.1143,0,-.285560999341023,-.774540965372219,3.95430738159131,1.70427627766833,-.348975031375646,-.413456796887842,.00358386602667171,.279842348274513,.00239866217042108,.128552712213658,.125222626718291
P28,26.682104,SO,100,33,5668.26416,7997.775391,-113.666756,-.009562,.534808,27.7781,12,7.6,"{""type"":""M"",""msg"":""FADE0"",""time"":26.6324,""dist"":0.564311}",5.49476,13.09476,0,7.9,5.6,.296578,5.6,7.6,.011556,-.016113,-.004557,-.00918263636363636,.00328731853668247,.296578,.780631,.536483218181818,.167903508599179,4.667565,-.925281,.296578,-.925281,4.16016,.925281,1,5.2002,0,.0652627361215569,.232136587126759,1.75231922949261,.488432417815892,-.27643537966888,-.917538764999178,.00358386602667171,.279842348274513,.00239866217042108,.128552712213658,.125222626718291
P28,28.315355,SO,100,34,5646.480957,7953.182129,-115.512413,-.003703,-1.185907,27.7784,10.6,-.202863,"{""type"":""M"",""msg"":""FADE0"",""time"":28.2412,""dist"":0.613158}",7.381269,7.178406,7.178406,9.3,6.1,.229923,6.1,-.202863,.013631,-.016317,-.002686,-.00856360810810811,.00367168135058141,-1.185907,.229923,-.411467094594595,.450072369038646,5.49476,.534808,.229923,.534808,4.90716,.534808,1,6.13395,1,.865354775318814,-.509823806813782,2.27762681923793,-.26575501216827,.0747326780681166,-.862747246726207,.00358386602667171,.279842348274513,.00239866217042108,.128552712213658,.125222626718291
P28,28.123859,SO,100,35,5651.694824,7960.126953,-115.06749,-.008219,.639089,27.7774,42.5,15.4,"{""type"":""M"",""msg"":""FADE0"",""time"":28.1045,""dist"":0.606274}",7.09938,22.49938,0,13.7,9.8,.340341,9.8,15.4,.01241,-.015625,-.003215,-.00877530985915493,.00310678283112266,.340341,.707201,.574101873239437,.0983916390793053,7.381269,-1.185907,.340341,-1.185907,4.4676,1.185907,1,5.5845,0,.745802128160875,1.41155478287047,1.96851811221189,.991824081585352,.875609982008981,-.457290011506219,.00358386602667171,.279842348274513,.00239866217042108,.128552712213658,.125222626718291
P28,28.051779,SO,100,36,5659.374023,7978.585449,-113.68882,-.008423,.063772,27.7774,31,38.8,"{""type"":""M"",""msg"":""FADE0"",""time"":27.9949,""dist"":0.585217}",6.376742,37.376742,0,10.7,15.7,.060978,10.7,31,.016968,-.017131,-.000163,-.00754934375,.0039978231823607,-.149626,.238322,.054835953125,.120659984732966,7.09938,.639089,.060978,.639089,6.10848,.639089,1,7.6356,0,.439322322858368,3.27730070853956,3.12242268766209,-.0643392436358017,.755939997752035,-.358665278614871,.00358386602667171,.279842348274513,.00239866217042108,.128552712213658,.125222626718291
P28,28.799425,SO,100,37,5648.20459,7948.416992,-113.93969,-.004557,-1.326754,27.7781,-2.327812,.7,"{""type"":""M"",""msg"":""FADE0"",""time"":28.7358,""dist"":0.617242}",7.490024,5.162212,5.162212,8.7,12.4,.171008,8.7,-2.327812,.014119,-.014119,0,-.00650878666666667,.00368316548744798,-1.861391,1.831273,.360051506666667,.925861454216578,6.376742,.063772,.171008,.063772,5.08284,.063772,1,6.35355,1,.911479129733713,-.762671438057713,2.40116903793466,-1.17554757214046,.449159392324116,-.577831351706756,.00358386602667171,.279842348274513,.00239866217042108,.128552712213658,.125222626718291
P28,28.990557,SO,100,38,5646.618164,7952.308105,-115.784035,-.005697,-.697348,27.7783,16.5,2.8,"{""type"":""M"",""msg"":""FADE0"",""time"":28.9148,""dist"":0.613958}",7.424065,10.224065,0,37,24.9,.312525,24.9,2.8,.012777,-.016317,-.00354,-.00906124324324324,.00319847181751215,-.697348,.609715,.287050540540541,.367431254707121,7.490024,-1.326754,.312525,-1.326754,4.59972,1.326754,1,5.74965,0,.883505093663166,-.127872633599915,2.06142793651865,1.26386603314405,.921779606002341,1.19741384033752,.00358386602667171,.279842348274513,.00239866217042108,.128552712213658,.125222626718291
P28,27.478348,SO,100,39,5665.73584,7995.130371,-113.625305,-.006877,-.741588,27.7773,19,23.1,"{""type"":""M"",""msg"":""FADE0"",""time"":27.38,""dist"":0.566342}",5.699755,24.699755,0,16,9.6,.292254,9.6,19,.016276,-.016113,.000163,-.00803028070175439,.0038392641303584,-.741588,.292254,-.236558368421053,.38102669131654,7.424065,-.697348,.292254,-.697348,5.85936,.697348,1,7.3242,0,.152203677073994,1.68750025567634,2.94723577098558,.0481863483601807,.893778114310207,-.479206618815407,.00358386602667171,.279842348274513,.00239866217042108,.128552712213658,.125222626718291
P28,27.240616,SO,100,40,5662.030273,7987.033691,-114.433159,-.006714,-.929919,27.7775,24.8,1,"{""type"":""M"",""msg"":""FADE0"",""time"":27.2361,""dist"":0.577819}",6.064772,7.064772,0,14.4,20.6,.118765,14.4,1,.01359,-.016113,-.002523,-.00896313114754098,.00326183661697624,-.929919,.118765,-.290546114754098,.344239304497424,5.699755,-.741588,.118765,-.741588,4.8924,.741588,1,6.1155,0,.307011947732478,-.524074463114105,2.26724724758513,.133634642870939,.161758948773084,.0467919566051175,.00358386602667171,.279842348274513,.00239866217042108,.128552712213658,.125222626718291
P28,28.68049,SO,100,41,5655.006348,7969.708496,-114.927422,-.004028,-.316503,27.7782,9.9,12.7,"{""type"":""M"",""msg"":""FADE0"",""time"":28.5793,""dist"":0.593867}",6.686374,16.586374,0,8.9,6.2,.306272,6.2,9.9,.013956,-.015462,-.001506,-.0088789104477612,.00371646793352906,-.316503,.308761,.102885298507463,.172558718454435,6.064772,-.929919,.306272,-.929919,5.02416,.929919,1,6.2802,0,.570641122970493,.670014256199351,2.35990391160768,.497390582145479,.316719158797305,-.851788943071613,.00358386602667171,.279842348274513,.00239866217042108,.128552712213658,.125222626718291
P28,29.705324,SO,100,42,5644.557617,7942.710938,-114.184982,-.006877,1.551029,27.778,-.912367,3.6,"{""type"":""M"",""msg"":""FADE0"",""time"":29.6169,""dist"":0.623214}",7.792847,6.88048,6.88048,12.1,19.3,.225144,12.1,-.912367,.012898,-.01359,-.000692,-.00686255128205128,.00352536113521716,.197372,1.551029,.59243458974359,.40361601358651,6.686374,-.316503,.225144,-.316503,4.64328,.316503,1,5.8041,1,1.03991014786606,-.547186225006664,2.09206033090862,-.687404875033801,.580607077638004,-.205249027450551,.00358386602667171,.279842348274513,.00239866217042108,.128552712213658,.125222626718291
P28,29.367451,SO,100,43,5640.177246,7935.265137,-113.953735,.003672,.808233,27.7779,.6,2.7,"{""type"":""M"",""msg"":""FADE0"",""time"":29.2936,""dist"":0.632113}",7.99836,8.59836,0,14.5,19.2,.193416,14.5,.6,.01592,-.012248,.003672,-.0056721625,.00387123428275707,-.127862,.808233,.0863461875,.192805022559986,7.792847,1.551029,.193416,1.551029,5.7312,1.551029,1,7.164,0,1.12707077909101,-.331749670408583,2.85711070980518,1.69704678023718,1.05033667507081,.0577502602597117,.00358386602667171,.279842348274513,.00239866217042108,.128552712213658,.125222626718291
P28,28.414984,SO,100,44,5649.739746,7951.932129,-113.103432,-.002523,-1.407367,27.7779,-1.619801,.6,"{""type"":""M"",""msg"":""FADE0"",""time"":28.4066,""dist"":0.614903}",7.315213,5.695412,5.695412,16.1,11.1,.320723,11.1,-1.619801,.016612,-.013957,.002655,-.00598246575342466,.0036876547691897,-1.828162,1.846514,.507844397260274,.753819813344467,7.99836,.808233,.320723,.808233,5.98032,.808233,1,7.4754,1,.837339600336233,-.695803687742384,3.03229762648169,.262357553984625,1.13758285166726,-.314832063996493,.00358386602667171,.279842348274513,.00239866217042108,.128552712213658,.125222626718291
P28,25.46339,SO,100,45,5684.388672,8034.202637,-110.280586,-.005046,1.56716,27.7782,-.709657,2.6,"{""type"":""M"",""msg"":""FADE0"",""time"":25.4,""dist"":0.52419}",4.146068,3.436411,3.436411,12.5,7.9,.28832,7.9,-.709657,.013072,-.010742,.00233,-.00462395238095238,.00324271365546446,.21913,1.56716,.662209404761905,.426911675805747,7.315213,-1.407367,.28832,-1.407367,4.70592,1.407367,1,5.8824,1,-.506734393247573,-.979101352464961,2.13611022036196,1.41956773670182,.847567311028287,-.66549778094351,.00358386602667171,.279842348274513,.00239866217042108,.128552712213658,.125222626718291
P28,27.594542,SO,100,46,5660.096191,7980.291992,-113.794174,-.00472,.029069,27.7785,6.3,9.9,"{""type"":""M"",""msg"":""FADE0"",""time"":27.5757,""dist"":0.58445}",6.281483,12.581483,0,12.7,8,.195812,8,6.3,.014649,-.015137,-.000488,-.0076704126984127,.00377178709519096,.027496,.205678,.146486126984127,.0484831957611028,4.146068,1.56716,.195812,1.56716,5.27364,1.56716,1,6.59205,0,.398921790678616,.167767348044611,2.53534398856841,1.72820334530846,-.497825848186788,-.654539477288916,.00358386602667171,.279842348274513,.00239866217042108,.128552712213658,.125222626718291
P28,27.74575,SO,100,47,5653.803223,7969.886719,-114.288719,-.001017,-1.474089,27.7784,6.9,-1.10853,"{""type"":""M"",""msg"":""FADE0"",""time"":27.7414,""dist"":0.596848}",6.676206,5.567676,5.567676,17.4,11.3,.112847,11.3,-1.10853,.024994,-.019165,.005829,-.00793817910447761,.00612660160117799,-1.474089,.115938,-.462714970149254,.528323379792378,6.281483,.029069,.112847,.029069,8.99784,.029069,1,11.2473,1,.566328747119353,-.71182285307299,5.15428712876857,-1.24257542395797,.408719208314338,-.292915456687305,.00358386602667171,.279842348274513,.00239866217042108,.128552712213658,.125222626718291
P28,27.066795,SO,100,48,5664.442871,7989.438965,-112.964058,-.004354,.347492,27.7782,3.5,7,"{""type"":""M"",""msg"":""FADE0"",""time"":27.0412,""dist"":0.574113}",5.882677,9.382677,0,22.2,29,.223473,22.2,3.5,.013103,-.013957,-.000854,-.00682006779661017,.00345799247553282,-.03424,.347492,.12967113559322,.0940398930484691,6.676206,-1.474089,.223473,-1.474089,4.71708,1.474089,1,5.89635,0,.229783182919999,-.23338974294409,2.14395818917262,1.54843937111291,.576290469327908,.90153964166347,.00358386602667171,.279842348274513,.00239866217042108,.128552712213658,.125222626718291
P28,26.896938,SO,100,49,5663.57959,7989.241211,-113.232414,-.004354,-.370252,27.7783,6.2,9.2,"{""type"":""M"",""msg"":""FADE0"",""time"":26.8042,""dist"":0.572783}",5.871776,12.071776,0,14.4,9.9,.318268,9.9,6.2,.016968,-.016317,.000651,-.00767189830508475,.00477848021465964,-.400867,.323526,-.120366491525424,.294611025144399,5.882677,.347492,.318268,.347492,6.10848,.347492,1,7.6356,0,.225159932609881,.10384581689312,3.12242268766209,-.627550507976977,.23941459642251,-.446331707851625,.00358386602667171,.279842348274513,.00239866217042108,.128552712213658,.125222626718291
P29,25.346167,SO,100,1,5687.741699,8046.861328,-111.90255,-.012939,.007887,27.7772,6.4,3.6,"{""type"":""M"",""msg"":""FADE0"",""time"":25.343,""dist"":0.51278}",3.648531,7.248531,0,51.8,28.7,.23521,28.7,3.6,.008056,-.014119,-.006063,-.00926743243243243,.0022902309022423,.007887,.237372,.185573621621622,.063993966567322, , ,.23521, ,2.90016, , ,3.6252,0,-.717746051769258,-.501029543890184,.866258234741467, , ,1.6138293792121,.00157659042439153,.142876616760567,.00275434953650181,.185051328152899,.18659517780591
P29,24.974197,SO,100,2,5684.299316,8037.638672,-111.821068,-.011759,.183392,27.7774,9,5.8,"{""type"":""M"",""msg"":""FADE0"",""time"":24.8924,""dist"":0.520423}",3.963977,9.763977,0,14.5,9.2,.307754,9.2,5.8,.007202,-.011759,-.004557,-.0080912,.00170363760441576,.183392,.307754,.2310913,.029087408353585,3.648531,.007887,.307754,.007887,2.59272,.007887,1,3.2409,0,-.583961461610071,-.185571526148825,.650059352022188,-1.28348785104493,-.709044607901597,-.523039833433785,.00157659042439153,.142876616760567,.00275434953650181,.185051328152899,.18659517780591
P29,24.744423,SO,100,3,5686.782715,8042.216797,-111.301491,-.009766,.820069,27.7781,17.8,13.4,"{""type"":""M"",""msg"":""FADE0"",""time"":24.7206,""dist"":0.516896}",3.7579,17.1579,0,19.8,14.4,.344592,14.4,13.4,.00354,-.009766,-.006226,-.00825578947368421,.00117323802699806,.344592,.820069,.579950105263158,.148119404523766,3.963977,.183392,.344592,.183392,1.2744,.183392,1,1.593,0,-.671361292282309,.741688408237458,-.277013608771723,-.944504963881485,-.57512871244659,.0467919566051175,.00157659042439153,.142876616760567,.00275434953650181,.185051328152899,.18659517780591
P29,26.641882,SO,100,4,5665.282715,7993.304199,-114.148819,-.008911,-.443924,27.7777,8.5,3,"{""type"":""M"",""msg"":""FADE0"",""time"":26.6179,""dist"":0.570257}",5.771898,8.771898,0,7.8,12.9,.156781,7.8,3,.006714,-.011922,-.005208,-.00937689655172414,.0017356471636914,-.443924,.255682,.0760479655172414,.19234867999191,3.7579,.820069,.156781,.820069,2.41704,.820069,1,3.0213,0,.182800424814825,-.309986550276884,.526517133325457,.285218449414764,-.66261432325694,-.676456084598104,.00157659042439153,.142876616760567,.00275434953650181,.185051328152899,.18659517780591
P29,27.625437,SO,100,5,5653.851563,7966.549805,-114.871559,-.009237,-.064225,27.7781,11.6,5.9,"{""type"":""M"",""msg"":""FADE0"",""time"":27.5973,""dist"":0.599243}",6.717556,12.617556,0,12.7,21.5,.182491,12.7,5.9,.004028,-.010579,-.006551,-.00880971641791045,.0011343710018675,-.064225,.341286,.234965880597015,.101635341325641,5.771898,-.443924,.182491,-.443924,1.45008,.443924,1,1.8126,0,.583865798795654,.172291204678379,-.153471390074992,-.441294858423147,.192385726243112,-.139499205522985,.00157659042439153,.142876616760567,.00275434953650181,.185051328152899,.18659517780591
P29,26.241119,SO,100,6,5671.926758,8005.285156,-112.459038,-.010254,.987383,27.7777,18.3,14.6,"{""type"":""M"",""msg"":""FADE0"",""time"":26.1919,""dist"":0.555964}",5.267681,19.867681,0,4.3,8.1,.037043,4.3,14.6,.010091,-.012777,-.002686,-.00855105660377358,.00284443302728934,.037043,.987383,.642658245283019,.247434984873487,6.717556,-.064225,.037043,-.064225,3.63276,.064225,1,4.54095,0,-.0310443051747605,1.08151766427126,1.3814394131182,-1.17467261559856,.593844733059465,-1.0599967125089,.00157659042439153,.142876616760567,.00275434953650181,.185051328152899,.18659517780591
P29,24.099979,SO,100,7,5692.711426,8057.48291,-110.384888,-.008057,.850383,27.7778,2.7,15.9,"{""type"":""M"",""msg"":""FADE0"",""time"":24.051,""dist"":0.49981}",3.342842,6.042842,0,5.5,8.9,-.058175,5.5,2.7,.004679,-.009562,-.004883,-.00778035294117647,.00126476786425242,-.058175,.850383,.398027323529412,.284136569495462,5.267681,.987383,.058175,.987383,1.68444,.987383,1,2.10555,0,-.84739257631283,-.652233052911074,.011335954948721,.608380654382509,-.0216688855086213,-.928497068653772,.00157659042439153,.142876616760567,.00275434953650181,.185051328152899,.18659517780591
P29,23.604071,SO,100,8,5695.885254,8068.436035,-111.074333,-.010905,-.062647,27.7778,7.7,4.1,"{""type"":""M"",""msg"":""FADE0"",""time"":23.5106,""dist"":0.487176}",2.849123,6.949123,0,9,14.4,.211421,9,4.1,.004354,-.010905,-.006551,-.00996486206896552,.00102788908949145,-.062647,.229928,.151851379310345,.0907118454670037,3.342842,.850383,.211421,.850383,1.56744,.850383,1,1.9593,0,-1.05678497332786,-.538577817308061,-.070941137421028,.343769073280025,-.838818376361954,-.544956440742973,.00157659042439153,.142876616760567,.00275434953650181,.185051328152899,.18659517780591
P29,22.20437,SO,100,9,5708.841797,8104.912109,-109.105118,-.012939,-.177273,27.7771,7.8,4.6,"{""type"":""M"",""msg"":""FADE0"",""time"":22.1609,""dist"":0.449852}",1.417926,6.017926,0,6,8.5,-.268469,6,4.6,.010253,-.012939,-.002686,-.00821133333333333,.00335192381149919,-.268469,-.177273,-.220894,.0347387962679028,2.849123,-.062647,.268469,-.062647,3.69108,.062647,1,4.61385,0,-1.66377350411303,-.655357728205254,1.42245137916097,-1.17772047745973,-1.04841628531674,-.873705550380801,.00157659042439153,.142876616760567,.00275434953650181,.185051328152899,.18659517780591
P29,25.953384,SO,100,10,5671.021484,8008.890625,-114.39138,-.011271,-1.283649,27.7777,2.8,-.203855,"{""type"":""M"",""msg"":""FADE0"",""time"":25.8764,""dist"":0.552149}",5.171169,4.967314,4.967314,10.2,6.9,.383353,6.9,-.203855,.007894,-.014608,-.006714,-.0104714615384615,.00227459401644957,-1.283649,.383353,-.174235230769231,.490790299069141,1.417926,-.177273,.383353,-.177273,2.84184,.177273,1,3.5523,1,-.0719762503109912,-.78711328127031,.8252462686987,-.956323637346931,-1.65600055592889,-.775080817489453,.00157659042439153,.142876616760567,.00275434953650181,.185051328152899,.18659517780591
P29,24.256468,SO,100,11,5688.760254,8050.005859,-111.623962,-.010905,-.177155,27.7777,8.1,4.2,"{""type"":""M"",""msg"":""FADE0"",""time"":24.2202,""dist"":0.508479}",3.641033,7.841033,0,58.8,27.4,.090789,27.4,4.2,.004191,-.010905,-.006714,-.0093312972972973,.00135794333593254,-.177155,.121111,.023154972972973,.0946431768285157,5.171169,-1.283649,.090789,-1.283649,1.50876,1.283649,1,1.88595,0,-.720926047258228,-.42672482559061,-.11220626374801,1.18060995866651,-.0626410040396967,1.47137143170237,.00157659042439153,.142876616760567,.00275434953650181,.185051328152899,.18659517780591
P29,24.404701,SO,100,12,5691.368652,8056.088867,-111.368225,-.010417,.075019,27.7777,9.4,5.4,"{""type"":""M"",""msg"":""FADE0"",""time"":24.3679,""dist"":0.501917}",3.236706,8.636706,0,22.7,15.7,.340387,15.7,5.4,.005208,-.012085,-.006877,-.00932912121212121,.00138838291182529,.075019,.351976,.280525696969697,.0879451304203667,3.641033,-.177155,.340387,-.177155,1.87488,.177155,1,2.3436,0,-.892406180102815,-.326940760518126,.145257745298251,-.95655155097153,-.71222772445442,.189249904114843,.00157659042439153,.142876616760567,.00275434953650181,.185051328152899,.18659517780591
P29,22.427921,SO,100,13,5709.076172,8102.833496,-108.58329,-.009766,.735244,27.7774,22.3,18.1,"{""type"":""M"",""msg"":""FADE0"",""time"":22.4119,""dist"":0.452515}",1.524196,19.624196,0,6.8,44.8,.226758,6.8,18.1,.002523,-.009766,-.007243,-.0090001875,.000825692535087971,.226758,.735244,.4905389375,.162955697236383,3.236706,.075019,.226758,.075019,.90828,.075019,1,1.13535,0,-1.61870306924869,1.0509826039083,-.534477617817983,-1.15382431336192,-.88387615956419,-.786039121144047,.00157659042439153,.142876616760567,.00275434953650181,.185051328152899,.18659517780591
P29,24.532524,SO,100,14,5687.921387,8045.928711,-111.042145,-.009074,.530771,27.7778,26.6,19.8,"{""type"":""M"",""msg"":""FADE0"",""time"":24.5198,""dist"":0.51326}",3.643963,23.443963,0,13.4,18.5,.130465,13.4,19.8,.009562,-.010579,-.001017,-.00675562162162162,.0029350871684136,.07911,.530771,.269540432432432,.154604550162223,1.524196,.735244,.130465,.735244,3.44232,.735244,1,4.3029,0,-.719683397647307,1.53001341039505,1.24751762276867,.121381388341639,-1.61088588587441,-.0627910799408252,.00157659042439153,.142876616760567,.00275434953650181,.185051328152899,.18659517780591
P29,25.491905,SO,100,15,5679.835449,8023.885254,-111.906677,-.010579,1.173225,27.7772,-.301332,12.4,"{""type"":""M"",""msg"":""FADE0"",""time"":25.433,""dist"":0.535485}",4.58052,4.279188,4.279188,17.6,13.4,.315559,13.4,-.301332,.009766,-.013794,-.004028,-.00844580434782609,.00297325264927573,.315559,1.173225,.67315452173913,.269832604728169,3.643963,.530771,.315559,.530771,3.51576,.530771,1,4.3947,1,-.322477871485245,-.873410050875498,1.29916232074845,-.273552362189516,-.710983855222655,-.0627910799408252,.00157659042439153,.142876616760567,.00275434953650181,.185051328152899,.18659517780591
P29,22.507748,SO,100,16,5707.847656,8100.280762,-109.658318,-.013428,.39365,27.7774,7.2,4.7,"{""type"":""M"",""msg"":""FADE0"",""time"":22.474,""dist"":0.454805}",1.630078,6.330078,0,16.5,11.9,.439056,11.9,4.7,.004029,-.013428,-.009399,-.011082,.00112829168436181,.39365,.472982,.450965705882353,.0228642366091805,4.58052,1.173225,.439056,1.173225,1.45044,1.173225,1,1.81305,0,-1.57379719003248,-.616211250342481,-.153218229790777,.96732916135512,-.313388484542238,-.227165634759739,.00157659042439153,.142876616760567,.00275434953650181,.185051328152899,.18659517780591
P29,23.593292,SO,100,17,5698.442383,8072.655762,-109.863899,-.011434,.887032,27.7775,13.7,10.8,"{""type"":""M"",""msg"":""FADE0"",""time"":23.5424,""dist"":0.48351}",2.641418,13.441418,0,5.2,11.3,.157231,5.2,10.8,.006063,-.011597,-.005534,-.00900162962962963,.00199583562889078,.157231,.887032,.543375333333333,.215250611807761,1.630078,.39365,.157231,.39365,2.18268,.39365,1,2.72835,0,-1.14487525914228,.27561040668567,.361709788301744,-.538397651330784,-1.56593593297418,-.961371979617555,.00157659042439153,.142876616760567,.00275434953650181,.185051328152899,.18659517780591
P29,24.190424,SO,100,18,5691.291504,8055.62793,-111.208778,-.011922,.17083,27.7772,8.5,5.4,"{""type"":""M"",""msg"":""FADE0"",""time"":24.0954,""dist"":0.500719}",3.339016,8.739016,0,11.7,19.2,.030488,11.7,5.4,.006876,-.013102,-.006226,-.00910982352941176,.00205646478755652,.030488,.19247,.143676147058824,.0490553701598833,2.641418,.887032,.030488,.887032,2.47536,.887032,1,3.0942,0,-.849015230719445,-.314110228757508,.567529099368225,.414555568432032,-1.1365930289289,-.249082242068928,.00157659042439153,.142876616760567,.00275434953650181,.185051328152899,.18659517780591
P29,24.32233,SO,100,19,5689.42627,8050.849121,-111.413773,-.010905,.143902,27.7776,9.6,5.9,"{""type"":""M"",""msg"":""FADE0"",""time"":24.2725,""dist"":0.507079}",3.540292,9.440292,0,22.6,15.7,.356661,15.7,5.9,.005697,-.010905,-.005208,-.00889069444444444,.00150001584409622,.143902,.369469,.287490444444444,.0777142106874171,3.339016,.17083,.356661,.17083,2.05092,.17083,1,2.56365,0,-.763651564136637,-.226164338903547,.269053124279196,-.968768107544327,-.840442623351965,.189249904114843,.00157659042439153,.142876616760567,.00275434953650181,.185051328152899,.18659517780591
P29,24.259241,SO,100,20,5692.376465,8057.408203,-111.005783,-.010579,.552623,27.7777,11.8,8.2,"{""type"":""M"",""msg"":""FADE0"",""time"":24.1751,""dist"":0.498967}",3.241003,11.441003,0,25.5,19.8,.244604,19.8,8.2,.006714,-.012248,-.005534,-.00959054545454545,.00166900462647106,.244604,.561067,.459598484848485,.0942976304865747,3.540292,.143902,.244604,.143902,2.41704,.143902,1,3.0213,0,-.890583768710963,.0247415943318843,.526517133325457,-1.02077876926643,-.754995175060967,.638540353953208,.00157659042439153,.142876616760567,.00275434953650181,.185051328152899,.18659517780591
P29,25.13386,SO,100,21,5681.54541,8033.799805,-112.877296,-.013428,-.973357,27.7774,3.7,.5,"{""type"":""M"",""msg"":""FADE0"",""time"":25.0862,""dist"":0.525903}",4.158474,4.658474,0,17,10.3,.217766,10.3,.5,.007365,-.013428,-.006063,-.00984504761904762,.00204201565833777,-.973357,.217766,-.255022023809524,.373554778057169,3.241003,.552623,.217766,.552623,2.6514,.552623,1,3.31425,0,-.501472853632187,-.825844406565483,.69132447834917,-.231345849267972,-.882051959533852,-.402498493233247,.00157659042439153,.142876616760567,.00275434953650181,.185051328152899,.18659517780591
P29,24.222059,SO,100,22,5690.630371,8054.357422,-111.207512,-.010905,.00864,27.7777,9.7,5.8,"{""type"":""M"",""msg"":""FADE0"",""time"":24.2105,""dist"":0.504483}",3.338228,9.138228,0,7.1,11.1,-.109976,7.1,5.8,.006225,-.011922,-.005697,-.00915285294117647,.00190350027075088,-.109976,.088069,.0279168529411765,.0559843038122415,4.158474,-.973357,.109976,-.973357,2.241,.973357,1,2.80125,0,-.849349431365659,-.264045696989161,.402721754344512,.58128983659752,-.492559144538573,-.753164210180264,.00157659042439153,.142876616760567,.00275434953650181,.185051328152899,.18659517780591
P29,24.711212,SO,100,23,5685.866699,8044.023438,-112.07122,-.010742,-.708341,27.7774,6.2,1.9,"{""type"":""M"",""msg"":""FADE0"",""time"":24.6092,""dist"":0.513282}",3.841905,5.741905,0,14.7,19.6,.021352,14.7,1.9,.004191,-.010742,-.006551,-.00873274358974359,.00116807812729756,-.708341,.021352,-.307036538461538,.21511432762112,3.338228,.00864,.021352,.00864,1.50876,.00864,1,1.88595,0,-.635733722123478,-.689973075747991,-.11220626374801,-1.28203345308456,-.840777152005422,.0796668675689002,.00157659042439153,.142876616760567,.00275434953650181,.185051328152899,.18659517780591
P29,24.214407,SO,100,24,5690.26709,8054.16748,-111.248741,-.008057,-.262609,27.778,42.5,13.3,"{""type"":""M"",""msg"":""FADE0"",""time"":24.1179,""dist"":0.502379}",3.445742,16.745742,0,20.5,13.1,.070198,13.1,13.3,.005534,-.011597,-.006063,-.0086194,.00174926398303771,-.262609,.072878,-.0553952,.12189229072032,3.841905,-.708341,.070198,-.708341,1.99224,.708341,1,2.4903,0,-.803751400557296,.690000339530659,.227787997952215,.0694190134044115,-.626951785777631,-.0956659909046081,.00157659042439153,.142876616760567,.00275434953650181,.185051328152899,.18659517780591
P29,24.633612,SO,100,25,5687.126953,8045.835938,-111.61158,-.008911,-.186736,27.7778,14.5,7.3,"{""type"":""M"",""msg"":""FADE0"",""time"":24.6315,""dist"":0.513898}",3.751515,11.051515,0,28.7,37.3,-.036335,28.7,7.3,.002685,-.009928,-.007243,-.0086358947368421,.00081971916052616,-.186736,-.031943,-.0711886578947368,.0468670927567989,3.445742,-.262609,.036335,-.262609,.9666,.262609,1,1.20825,0,-.674069250564127,-.0241034663110579,-.493465651775216,-.791499594391007,-.795134368188383,1.6138293792121,.00157659042439153,.142876616760567,.00275434953650181,.185051328152899,.18659517780591
P29,24.310162,SO,100,26,5692.146973,8054.931152,-110.282028,-.007731,1.237719,27.7778,-.306319,8,"{""type"":""M"",""msg"":""FADE0"",""time"":24.2434,""dist"":0.501875}",3.353957,3.047638,3.047638,14.7,11.4,.286969,11.4,-.306319,.006551,-.011108,-.004557,-.00799073529411765,.00197032643517282,.286969,1.237719,.745811058823529,.28617884855273,3.751515,-.186736,.286969,-.186736,2.35836,.186736,1,2.94795,1,-.842678565928741,-1.02785674611339,.485252006998475,-.93804612353691,-.665324939313191,-.281957153032711,.00157659042439153,.142876616760567,.00275434953650181,.185051328152899,.18659517780591
P29,22.987944,SO,100,27,5704.610352,8090.893066,-109.645622,-.010254,.464413,27.7778,13,9,"{""type"":""M"",""msg"":""FADE0"",""time"":22.9811,""dist"":0.46544}",1.92932,10.92932,0,25.1,18.7,.294309,18.7,9,.001343,-.010254,-.008911,-.00956215,.000587482790341443,.294309,.464472,.40414435,.056499536873067,3.353957,1.237719,.294309,1.237719,.48348,1.237719,1,.60435,0,-1.44688491874543,-.0394277437862671,-.833206753191226,1.09189747749836,-.834099739327462,.517999013752671,.00157659042439153,.142876616760567,.00275434953650181,.185051328152899,.18659517780591
P29,23.938318,SO,100,28,5696.190918,8069.431641,-110.402435,-.008586,-.111073,27.7779,28.4,15.9,"{""type"":""M"",""msg"":""FADE0"",""time"":23.8628,""dist"":0.486609}",2.830877,18.730877,0,8,11.4,-.121882,8,15.9,.004028,-.008748,-.00472,-.00747155172413793,.00126254362261855,-.153643,-.111073,-.137497862068966,.0127107575269481,1.92932,.464413,.121882,.464413,1.45008,.464413,1,1.8126,0,-1.06452332991518,.938952911777883,-.153471390074992,-.401720941012864,-1.43889910135245,-.654539477288916,.00157659042439153,.142876616760567,.00275434953650181,.185051328152899,.18659517780591
P29,23.422398,SO,100,29,5699.782227,8077.081543,-109.812492,-.009766,.615594,27.7775,18.9,14.5,"{""type"":""M"",""msg"":""FADE0"",""time"":23.3653,""dist"":0.478729}",2.534663,17.034663,0,5.9,10.6,.064294,5.9,14.5,.003378,-.009766,-.006388,-.00858715384615385,.000815496643392611,.064294,.615594,.358885384615385,.169289318838272,2.830877,-.111073,.064294,-.111073,1.21608,.111073,1,1.5201,0,-1.19015138856679,.726233455226186,-.31802557481449,-1.08418704368988,-1.05616223685352,-.884663854035395,.00157659042439153,.142876616760567,.00275434953650181,.185051328152899,.18659517780591
P29,24.10541,SO,100,30,5696.521484,8069.660645,-110.37262,-.011271,.118914,27.7779,10.5,7,"{""type"":""M"",""msg"":""FADE0"",""time"":24.0823,""dist"":0.487758}",2.841954,9.841954,0,6.3,9.3,-.051977,6.3,7,.007568,-.011271,-.003703,-.0077858275862069,.00179291383087033,-.052962,.118914,.0274621034482759,.0571170255461444,2.534663,.615594,.051977,.615594,2.72448,.615594,1,3.4056,0,-1.05982543580591,-.175792556594553,.742716016044736,-.10971916405918,-1.18191359542617,-.840830639417018,.00157659042439153,.142876616760567,.00275434953650181,.185051328152899,.18659517780591
P29,24.514063,SO,100,31,5689.406738,8049.049316,-110.842522,-.006714,.786909,27.778,3.2,10.2,"{""type"":""M"",""msg"":""FADE0"",""time"":24.4112,""dist"":0.507392}",3.639156,6.839156,0,19.3,15,.373767,15,3.2,.006388,-.011271,-.004883,-.00835786486486487,.00206660985354923,.373767,.786909,.600613675675676,.1035808431578,2.841954,.118914,.373767,.118914,2.29968,.118914,1,2.8746,0,-.721722106411708,-.552368601064486,.443986880671493,-1.0690423764824,-1.05145973191145,.112541778532683,.00157659042439153,.142876616760567,.00275434953650181,.185051328152899,.18659517780591
P29,24.796545,SO,100,32,5686.676758,8042.853516,-111.51432,-.009766,.484522,27.778,14.5,10,"{""type"":""M"",""msg"":""FADE0"",""time"":24.697,""dist"":0.514152}",3.752027,13.752027,0,24.8,19,.172531,19,10,.005045,-.011108,-.006063,-.00919807894736842,.00142522471213677,.172531,.496281,.398478157894737,.0992367767057524,3.639156,.786909,.172531,.786909,1.8162,.786909,1,2.27025,0,-.673852104966587,.314563379412027,.103992618971269,.221170857959594,-.713024564914496,.550873924716454,.00157659042439153,.142876616760567,.00275434953650181,.185051328152899,.18659517780591
P29,24.152174,SO,100,33,5691.542969,8055.916016,-110.808319,-.00472,.310284,27.7781,5.2,9.1,"{""type"":""M"",""msg"":""FADE0"",""time"":24.1455,""dist"":0.502791}",3.344677,8.544677,0,18.3,12.9,.049848,12.9,5.2,.005371,-.009928,-.004557,-.00833658823529412,.00166139744241875,.049848,.310284,.207400676470588,.0817443262209458,3.752027,.484522,.049848,.484522,1.93356,.484522,1,2.41695,0,-.846614329884148,-.338481968683485,.186522871625233,-.362880982732646,-.665107580594193,-.117582598213797,.00157659042439153,.142876616760567,.00275434953650181,.185051328152899,.18659517780591
P29,25.867079,SO,100,34,5674.969238,8013.354492,-112.308784,-.008911,.676071,27.7777,34.5,24.2,"{""type"":""M"",""msg"":""FADE0"",""time"":25.7998,""dist"":0.546842}",4.893145,29.093145,0,6.7,10.7,.063168,6.7,24.2,.004679,-.009562,-.004883,-.00778842857142857,.00141852508496208,.063168,.676071,.364770367346939,.181917145644967,3.344677,.310284,.063168,.310284,1.68444,.310284,1,2.10555,0,-.189889702675002,2.23846819558231,.011335954948721,-.699416695638738,-.838039366109296,-.796997424798641,.00157659042439153,.142876616760567,.00275434953650181,.185051328152899,.18659517780591
P29,24.062923,SO,100,35,5692.032227,8057.937988,-111.424347,-.008911,.033807,27.7781,11.9,6.1,"{""type"":""M"",""msg"":""FADE0"",""time"":23.9619,""dist"":0.498129}",3.237764,9.337764,0,9,6.5,.52211,6.5,6.1,.007039,-.013265,-.006226,-.00980018181818182,.00201812427538769,.033807,.529148,.347446606060606,.153251470557369,4.893145,.676071,.52211,.676071,2.53404,.676071,1,3.16755,0,-.891957469082899,-.239022209691862,.608794225695206,.00709043149070958,-.180670184685458,-.81891403210783,.00157659042439153,.142876616760567,.00275434953650181,.185051328152899,.18659517780591
P29,24.870714,SO,100,36,5684.044434,8039.715332,-112.68058,-.009074,-.835469,27.7778,5.5,1,"{""type"":""M"",""msg"":""FADE0"",""time"":24.8057,""dist"":0.519038}",3.956621,4.956621,0,18.2,11.5,.337302,11.5,1,.002686,-.011434,-.008748,-.0100229,.000861034553641201,-.835469,.337302,-.09309165,.357807383961055,3.237764,.033807,.337302,.033807,.96696,.033807,1,1.2087,0,-.587081233124723,-.788454273119751,-.493212491491001,-1.23342411248889,-.883427008148761,-.270998849378116,.00157659042439153,.142876616760567,.00275434953650181,.185051328152899,.18659517780591
P29,25.640673,SO,100,37,5677.452148,8021.791016,-112.747398,-.006551,-.256704,27.7781,17.4,21.5,"{""type"":""M"",""msg"":""FADE0"",""time"":25.5785,""dist"":0.538201}",4.662772,22.062772,0,18,12.3,.36999,12.3,17.4,.003866,-.010417,-.006551,-.00887229787234043,.00131236217354837,-.256704,.36999,.168334319148936,.191777020736618,3.956621,-.835469,.36999,-.835469,1.39176,.835469,1,1.7397,0,-.287593770530491,1.35680047917641,-.194483356117759,.314963108896357,-.578251545917191,-.183332420141362,.00157659042439153,.142876616760567,.00275434953650181,.185051328152899,.18659517780591
P29,25.333275,SO,100,38,5680.120117,8027.749023,-112.63839,-.009928,-.031111,27.778,9,4.7,"{""type"":""M"",""msg"":""FADE0"",""time"":25.2409,""dist"":0.53081}",4.35846,9.05846,0,12.4,8.9,.297156,8.9,4.7,.005208,-.012085,-.006877,-.00973956818181818,.00130009617529265,-.031111,.375583,.280139045454545,.118207659792527,4.662772,-.256704,.297156,-.256704,1.87488,.256704,1,2.3436,0,-.41665629216818,-.274049272959065,.145257745298251,-.802904932977943,-.278470145958248,-.555914744397567,.00157659042439153,.142876616760567,.00275434953650181,.185051328152899,.18659517780591
P29,25.333481,SO,100,39,5681.71582,8033.078613,-112.04055,-.009074,-.530526,27.7777,13.1,5.4,"{""type"":""M"",""msg"":""FADE0"",""time"":25.2963,""dist"":0.526791}",4.163037,9.563037,0,41.7,46.6,-.050141,41.7,5.4,.003702,-.009399,-.005697,-.00790745238095238,.00112754473606304,-.530526,-.050141,-.321933333333333,.154168594778363,4.35846,-.031111,.050141,-.031111,1.33272,.031111,1,1.6659,0,-.499537628316614,-.210771086817172,-.236001642728955,-1.23863135936957,-.40765933833255,3.03840885430935,.00157659042439153,.142876616760567,.00275434953650181,.185051328152899,.18659517780591
P29,24.659422,SO,100,40,5688.030762,8047.785645,-111.463409,-.007731,-.049665,27.7779,28.4,34.3,"{""type"":""M"",""msg"":""FADE0"",""time"":24.5795,""dist"":0.509593}",3.643881,32.043881,0,10.7,16,-.015012,10.7,28.4,.00354,-.010254,-.006714,-.0085537027027027,.00104626438301185,-.049665,.040707,.00810083783783784,.0240938197983004,4.163037,-.530526,.015012,-.530526,1.2744,.530526,1,1.593,0,-.719718174871913,2.6085152287677,-.277013608771723,-.274025572681268,-.490622019861255,-.358665278614871,.00157659042439153,.142876616760567,.00275434953650181,.185051328152899,.18659517780591
P29,23.858843,SO,100,41,5694.25293,8062.819336,-110.549301,-.007243,.394974,27.7778,9.4,17.1,"{""type"":""M"",""msg"":""FADE0"",""time"":23.821,""dist"":0.494564}",3.045626,12.445626,0,14.3,10,.158528,10,9.4,.004882,-.010579,-.005697,-.00827458064516129,.00160807144895562,.158528,.394974,.263062419354839,.0708212662184527,3.643881,-.049665,.158528,-.049665,1.75752,.049665,1,2.1969,0,-.973445595684618,.150729741228052,.0627274926442873,-1.20279483910843,-.711018666579995,-.43537340419703,.00157659042439153,.142876616760567,.00275434953650181,.185051328152899,.18659517780591
P29,25.615009,SO,100,42,5675.959473,8018.297363,-112.745659,-.009562,-.309477,27.7775,10.7,5.1,"{""type"":""M"",""msg"":""FADE0"",""time"":25.6085,""dist"":0.543534}",4.7714,9.8714,0,35,15.1,.197724,15.1,5.1,.004353,-.010579,-.006226,-.00820070833333333,.00132370742988361,-.309477,.197724,-.0469597291666667,.151160979391458,3.045626,.394974,.197724,.394974,1.56708,.394974,1,1.95885,0,-.241523278402481,-.172099781321137,-.0711942977052426,-.535840383203925,-.964995112740147,.123500082187277,.00157659042439153,.142876616760567,.00275434953650181,.185051328152899,.18659517780591
P29,25.551918,SO,100,43,5678.694336,8021.786621,-111.71711,-.005208,.914005,27.778,1.4,6.6,"{""type"":""M"",""msg"":""FADE0"",""time"":25.4825,""dist"":0.537603}",4.558756,5.958756,0,37.1,49.9,.215162,37.1,1.4,.006226,-.010254,-.004028,-.00778417391304348,.00193317146798666,.215162,.914005,.540466065217391,.18162107324701,4.7714,-.309477,.215162,-.309477,2.24136,.309477,1,2.8017,0,-.331708255830663,-.662778142282819,.402974914628726,-.700975393054429,-.23235443711589,2.53432688619802,.00157659042439153,.142876616760567,.00275434953650181,.185051328152899,.18659517780591
P29,25.514198,SO,100,44,5679.303711,8024.368164,-112.147255,-.008911,.494036,27.7776,23,15.6,"{""type"":""M"",""msg"":""FADE0"",""time"":25.4731,""dist"":0.535727}",4.555261,20.155261,0,6.2,11.5,.20562,6.2,15.6,.007365,-.011922,-.004557,-.0086969347826087,.00235160596096629,.20562,.516837,.438113,.0820888303512996,4.558756,.914005,.20562,.914005,2.6514,.914005,1,3.31425,0,-.333190529001368,1.11758260732392,.69132447834917,.466653146366902,-.322627928214634,-.851788943071613,.00157659042439153,.142876616760567,.00275434953650181,.185051328152899,.18659517780591
P29,26.864759,SO,100,45,5663.241699,7986.652344,-113.647629,-.006388,.348661,27.7779,8.5,13.8,"{""type"":""M"",""msg"":""FADE0"",""time"":26.8227,""dist"":0.576651}",6.097835,14.597835,0,8.9,14,-.026551,8.9,8.5,.005046,-.010417,-.005371,-.00826886885245902,.00160171563721956,-.026551,.365069,.199628868852459,.119019347783946,4.555261,.494036,.026551,.494036,1.81656,.494036,1,2.2707,0,.3210343791611,.420634793813204,.104245779255484,-.344504963881485,-.324111656189043,-.555914744397567,.00157659042439153,.142876616760567,.00275434953650181,.185051328152899,.18659517780591
P29,25.856421,SO,100,46,5673.475098,8010.046387,-112.251762,-.008219,.572937,27.7778,6.2,21.9,"{""type"":""M"",""msg"":""FADE0"",""time"":25.7658,""dist"":0.54982}",5.067238,11.267238,0,9.4,13.5,.014241,9.4,6.2,.004517,-.009074,-.004557,-.00701150980392157,.00105069849857224,-.008327,.572937,.164749745098039,.184140810860476,6.097835,.348661,.014241,.348661,1.62612,.348661,1,2.03265,0,-.116054686049072,.00295000649703232,-.029676011094046,-.625292617916329,.330755352793833,-.501123226124596,.00157659042439153,.142876616760567,.00275434953650181,.185051328152899,.18659517780591
P29,25.392508,SO,100,47,5679.568848,8023.714355,-111.735283,-.008219,.994461,27.778,1.5,19.5,"{""type"":""M"",""msg"":""FADE0"",""time"":25.3472,""dist"":0.536164}",4.481009,5.981009,0,47.9,54.3,.358561,47.9,1.5,.002197,-.008748,-.006551,-.00779066666666667,.000742380599521199,.358561,.994461,.646600466666667,.176912444122227,5.067238,.572937,.358561,.572937,.79092,.572937,1,.98865,0,-.364681729994565,-.659987429515064,-.617007870471947,-.192109939351798,-.106762701352499,3.7178236808942,.00157659042439153,.142876616760567,.00275434953650181,.185051328152899,.18659517780591
P29,24.413799,SO,100,48,5688.841309,8049.743652,-111.746201,-.009928,-.009115,27.7778,9.3,4.9,"{""type"":""M"",""msg"":""FADE0"",""time"":24.4024,""dist"":0.509464}",3.551351,8.451351,0,16.3,11.6,.338446,11.6,4.9,.002522,-.010579,-.008057,-.00974180555555556,.00087344718768941,-.009115,.369518,.251422527777778,.116975314586695,4.481009,.994461,.338446,.994461,.90792,.994461,1,1.1349,0,-.758961304052279,-.35018583152281,-.534730778102198,.622051608915672,-.355633764788692,-.260040545723522,.00157659042439153,.142876616760567,.00275434953650181,.185051328152899,.18659517780591
P29,25.938805,SO,100,49,5674.462402,8014.010254,-112.717621,-.008057,-.051458,27.7779,36.2,41,"{""type"":""M"",""msg"":""FADE0"",""time"":25.8999,""dist"":0.547197}",4.862399,41.062399,0,16.9,11.9,.341931,11.9,36.2,.005208,-.010091,-.004883,-.00849344897959184,.00136895387463725,-.051458,.36146,.219165102040816,.14311852286541,3.551351,-.009115,.341931,-.009115,1.87488,.009115,1,2.3436,0,-.202929465452259,3.73951299665648,.145257745298251,-1.28111600417198,-.750300311636365,-.227165634759739,.00157659042439153,.142876616760567,.00275434953650181,.185051328152899,.18659517780591
P29,25.344072,SO,100,50,5681.521973,8029.479004,-111.775146,-.009074,.636828,27.7777,24.8,18.1,"{""type"":""M"",""msg"":""FADE0"",""time"":25.3012,""dist"":0.530079}",4.261478,22.361478,0,21.6,16.1,.131485,16.1,18.1,.003215,-.009766,-.006551,-.00845125581395349,.00099654152167869,.131485,.636828,.405649139534884,.144818411881189,4.862399,-.051458,.131485,-.051458,1.1574,.051458,1,1.44675,0,-.457787570177152,1.39426071590876,-.359290701141472,-1.19933171089736,-.193722745572772,.23308311873322,.00157659042439153,.142876616760567,.00275434953650181,.185051328152899,.18659517780591
P30,28.19031,SO,100,1,5651.376465,7950.07373,-111.886803,-.006551,.884698,27.7781,-3.138772,-1.418339,"{""type"":""M"",""msg"":""FADE0"",""time"":28.1062,""dist"":0.613975}",7.295641,4.156869,4.156869,12.4,18.2,.351102,12.4,-3.138772,.005697,-.006714,-.001017,-.00453554794520548,.00148201053416087,-1.843503,1.813958,.31310505479452,.837051828866082, , ,.351102, ,2.05092, , ,2.56365,1,.829038870580282,-.888749878990315,.269053124279196, , ,-.172374116486768,.00222986495707816,.341689301848246,.00625513276321356,.198916908617784,.188302137383216
P30,26.617123,SO,100,2,5663.34375,7985.338867,-112.557106,-.005208,.990002,27.7778,.5,4.6,"{""type"":""M"",""msg"":""FADE0"",""time"":26.5942,""dist"":0.578437}",6.110907,6.610907,0,16.2,9.5,.542341,9.5,.5,.005575,-.008586,-.003011,-.00579077049180328,.00145241516554832,.075125,.990002,.341316540983607,.241120034300869,7.295641,.884698,.542341,.884698,2.007,.884698,1,2.50875,0,.326578377698285,-.580992939289774,.238167569605014,.410047514196315,.8392584343716,-.490164922470002,.00222986495707816,.341689301848246,.00625513276321356,.198916908617784,.188302137383216
P30,26.036226,SO,100,3,5672.014648,8001.318848,-110.927551,-.00472,-1.104015,27.7778,-2.025377,0,"{""type"":""M"",""msg"":""FADE0"",""time"":25.9597,""dist"":0.559042}",5.36458,3.339203,3.339203,6.5,11.7,.598674,6.5,-2.025377,.002849,-.006226,-.003377,-.00471638888888889,.00115559200570435,-1.853156,1.815133,.520181314814815,.972431072372757,6.110907,.990002,.598674,.990002,1.02564,.990002,1,1.28205,1,.0100517714971109,-.991292050650731,-.45194736516402,.613439177965774,.336304792588244,-.81891403210783,.00222986495707816,.341689301848246,.00625513276321356,.198916908617784,.188302137383216
P30,25.585943,SO,100,4,5676.469238,8017.498535,-112.875053,-.013265,.464028,27.7774,7.3,4.8,"{""type"":""M"",""msg"":""FADE0"",""time"":25.5009,""dist"":0.542008}",4.766222,9.566222,0,7.7,12.6,.307206,7.7,4.8,.007202,-.013265,-.006063,-.0089161875,.00190481770676636,.307206,.562073,.449824395833333,.0868354581308663,5.36458,-1.104015,.307206,-1.104015,2.59272,1.104015,1,3.2409,0,-.243719332902599,-.210371661114332,.650059352022188,.833652026113493,.0194675256479469,-.687414388252699,.00222986495707816,.341689301848246,.00625513276321356,.198916908617784,.188302137383216
P30,24.988371,SO,100,5,5680.05127,8029.227539,-113.161293,-.011271,-.659438,27.7778,4.7,1.3,"{""type"":""M"",""msg"":""FADE0"",""time"":24.9539,""dist"":0.531181}",4.358515,5.658515,0,19.8,28.3,.337967,19.8,1.3,.004354,-.011922,-.007568,-.0100975681818182,.00121813856083069,-.659438,.337967,.0271905909090909,.292237535420849,4.766222,.464028,.337967,.464028,1.56744,.464028,1,1.9593,0,-.416632965980945,-.700430880884516,-.070941137421028,-.402464557499903,-.234552646973254,.638540353953208,.00222986495707816,.341689301848246,.00625513276321356,.198916908617784,.188302137383216
P30,25.783812,SO,100,6,5674.503906,8012.444824,-112.580078,-.007894,.59108,27.7777,17.7,28.2,"{""type"":""M"",""msg"":""FADE0"",""time"":25.6831,""dist"":0.547011}",4.895312,22.595312,0,9.6,14.9,.297253,9.6,17.7,.002686,-.009074,-.006388,-.00777836734693878,.00100407728565994,.28535,.59108,.415470632653061,.115068955817931,4.358515,-.659438,.297253,-.659438,.96696,.659438,1,1.2087,0,-.188970650897916,1.42358545995834,-.493212491491001,-.0250357322208059,-.407635989251408,-.479206618815407,.00222986495707816,.341689301848246,.00625513276321356,.198916908617784,.188302137383216
P30,26.074011,SO,100,7,5669.604004,8001.664063,-113.305046,-.009562,.2463,27.7777,13,8,"{""type"":""M"",""msg"":""FADE0"",""time"":26.0549,""dist"":0.561074}",5.479025,13.479025,0,8.8,13.2,.371748,8.8,8,.004883,-.010417,-.005534,-.007991,.00125491402981329,.243865,.371748,.281593309090909,.0301085074828883,4.895312,.59108,.371748,.59108,1.75788,.59108,1,2.19735,0,.0585893260096682,.280326639780397,.062980652928502,-.157067253833971,-.17975023088845,-.566873048052162,.00222986495707816,.341689301848246,.00625513276321356,.198916908617784,.188302137383216
P30,26.724236,SO,100,8,5661.864258,7987.727051,-115.622192,-.014445,-1.383082,27.7775,2,-.30622,"{""type"":""M"",""msg"":""FADE0"",""time"":26.6373,""dist"":0.57502}",5.925375,5.619155,5.619155,29.9,19.7,.302804,19.7,-.30622,.005859,-.014445,-.008586,-.0109895593220339,.00208096411898996,-1.383082,.312997,-.106603983050848,.47978182092875,5.479025,.2463,.302804,.2463,2.10924,.2463,1,2.63655,1,.247891938239822,-.705366954876285,.310065090321963,-.822999961370572,.0680527182176681,.627582050298614,.00222986495707816,.341689301848246,.00625513276321356,.198916908617784,.188302137383216
P30,25.429581,SO,100,9,5677.352539,8019.210938,-112.383232,-.007894,.63804,27.7779,20.8,30.3,"{""type"":""M"",""msg"":""FADE0"",""time"":25.3715,""dist"":0.540832}",4.75807,25.55807,0,8.1,13.9,.344708,8.1,20.8,.002686,-.009237,-.006551,-.0081820625,.000692339309453749,.344708,.638081,.5067898125,.102084888294978,5.925375,-1.383082,.344708,-1.383082,.96696,1.383082,1,1.2087,0,-.247176697963426,1.79514015273542,-.493212491491001,1.37266195387646,.257541124906427,-.643581173634321,.00222986495707816,.341689301848246,.00625513276321356,.198916908617784,.188302137383216
P30,24.999231,SO,100,10,5682.729492,8032.403809,-111.763824,-.007039,.667007,27.7779,7.3,15.1,"{""type"":""M"",""msg"":""FADE0"",""time"":24.9914,""dist"":0.527944}",4.190019,11.490019,0,8.5,15.6,.242429,8.5,7.3,.002727,-.009766,-.007039,-.00838319047619048,.000997216815676541,.242429,.667007,.514928785714286,.137013566070634,4.75807,.63804,.242429,.63804,.98172,.63804,1,1.22715,0,-.48809422497127,.0308886116789513,-.482832919838202,-.0663653571290608,-.238013405327296,-.599747959015944,.00222986495707816,.341689301848246,.00625513276321356,.198916908617784,.188302137383216
P30,25.944109,SO,100,11,5674.79834,8009.932129,-110.990135,-.003377,1.861755,27.7777,-1.013859,1.6,"{""type"":""M"",""msg"":""FADE0"",""time"":25.8586,""dist"":0.549673}",5.055664,4.041805,4.041805,36.7,43.2,.440991,36.7,-1.013859,.004517,-.007894,-.003377,-.00485745098039216,.00110473166540523,.375132,1.861755,.751030352941176,.443759055302709,4.190019,.667007,.440991,.667007,1.62612,.667007,1,2.03265,1,-.120963364068455,-.903179869279668,-.029676011094046,-.0104164252327423,-.479167385181573,2.49049367157964,.00222986495707816,.341689301848246,.00625513276321356,.198916908617784,.188302137383216
P30,25.252111,SO,100,12,5681.130859,8025.498047,-110.480873,-.004028,1.792642,27.7779,-1.016277,1.9,"{""type"":""M"",""msg"":""FADE0"",""time"":25.1802,""dist"":0.533243}",4.457651,3.441374,3.441374,14.5,23.2,.539306,14.5,-1.016277,.00472,-.007406,-.002686,-.00483415555555556,.00147032901320443,.523634,1.792642,.8440324,.381687065108638,5.055664,1.861755,.539306,1.861755,1.6992,1.861755,1,2.124,1,-.374588149657323,-.97847895065548,.0217155266015202,2.29720516089157,-.111676197082343,.0577502602597117,.00222986495707816,.341689301848246,.00625513276321356,.198916908617784,.188302137383216
P30,22.934479,SO,100,13,5701.754883,8083.779297,-110.180206,-.011597,.169892,27.7777,8.6,5.4,"{""type"":""M"",""msg"":""FADE0"",""time"":22.9058,""dist"":0.472572}",2.241246,7.641246,0,8.6,13.4,.336668,8.6,5.4,.005697,-.011597,-.0059,-.00868652173913043,.00118089249258829,.169892,.336668,.265838043478261,.0494737983936752,4.457651,1.792642,.336668,1.792642,2.05092,1.792642,1,2.56365,0,-1.31459320456933,-.451779790392277,.269053124279196,2.16371537837525,-.365549907285468,-.58878965536135,.00222986495707816,.341689301848246,.00625513276321356,.198916908617784,.188302137383216
P30,24.732874,SO,100,14,5686.100098,8039.489746,-110.523926,-.006388,1.201172,27.7777,-.10079,4.8,"{""type"":""M"",""msg"":""FADE0"",""time"":24.7201,""dist"":0.519926}",3.942984,3.842194,3.842194,7.1,11.6,-.048039,7.1,-.10079,.001668,-.007568,-.0059,-.006460475,.00037655755085055,-.048039,1.201172,.46203565,.374130088292044,2.241246,.169892,.048039,.169892,.60048,.169892,1,.7506,1,-.592864855221693,-.928212762205761,-.750929660821477,-.970579827712752,-1.30647754709055,-.753164210180264,.00222986495707816,.341689301848246,.00625513276321356,.198916908617784,.188302137383216
P30,24.520796,SO,100,15,5687.002441,8042.853027,-110.856071,-.007568,.800225,27.7777,2.4,10.7,"{""type"":""M"",""msg"":""FADE0"",""time"":24.4777,""dist"":0.515647}",3.842211,6.242211,0,21.5,32.7,.182675,21.5,2.4,.001343,-.007894,-.006551,-.00694225641025641,.000503271022409696,.182675,.800225,.402076153846154,.188784620192115,3.942984,1.201172,.182675,1.201172,.48348,1.201172,1,.60435,0,-.635603943699949,-.627230508813893,-.833206753191226,1.02130799242863,-.584040844454246,.82483151608131,.00222986495707816,.341689301848246,.00625513276321356,.198916908617784,.188302137383216
P30,26.254776,SO,100,16,5666.276855,7996.17627,-114.20005,-.010905,-.669882,27.7778,5.4,1.6,"{""type"":""M"",""msg"":""FADE0"",""time"":26.2208,""dist"":0.566908}",5.695608,7.295608,0,12.3,18.3,.177201,12.3,1.6,.004028,-.010905,-.006877,-.00929166666666667,.00112140355825911,-.669882,.177201,-.0826694210526316,.233534990239223,3.842211,.800225,.177201,.800225,1.45008,.800225,1,1.8126,0,.150444882556422,-.495125693399571,-.153471390074992,.246890331054197,-.62682187998073,-.183332420141362,.00222986495707816,.341689301848246,.00625513276321356,.198916908617784,.188302137383216
P30,23.804358,SO,100,17,5694.588379,8062.914063,-110.495689,-.010254,.676354,27.7775,15.1,11.3,"{""type"":""M"",""msg"":""FADE0"",""time"":23.7168,""dist"":0.49307}",3.04601,14.34601,0,10.2,19.5,.116383,10.2,11.3,.002686,-.010417,-.007731,-.00856593548387097,.00107794628609172,.116383,.676354,.408010967741936,.177304139195618,5.695608,-.669882,.116383,-.669882,.96696,.669882,1,1.2087,0,-.973282736486463,.389053827528212,-.493212491491001,-.00486344497238,.159998428054952,-.413456796887842,.00222986495707816,.341689301848246,.00625513276321356,.198916908617784,.188302137383216
P30,25.766939,SO,100,18,5675.044922,8011.555176,-111.521355,-.005697,1.453301,27.7776,-.605562,3.6,"{""type"":""M"",""msg"":""FADE0"",""time"":25.7165,""dist"":0.54898}",5.065021,4.459459,4.459459,10,15.4,.227568,10,-.605562,.000854000000000001,-.006551,-.005697,-.00608105882352941,.000246097331295137,.224549,1.453301,.602800764705882,.377008214677271,3.04601,.676354,.227568,.676354,.30744,.676354,1,.3843,1,-.116994943450918,-.85080255609475,-.957002132172171,.00763703789546879,-.964832093700899,-.43537340419703,.00222986495707816,.341689301848246,.00625513276321356,.198916908617784,.188302137383216
P30,24.742186,SO,100,19,5685.153809,8039.880859,-111.535278,-.008911,.157576,27.7777,21.7,13.9,"{""type"":""M"",""msg"":""FADE0"",""time"":24.6291,""dist"":0.517194}",3.976235,17.876235,0,25.5,33.6,.093597,25.5,13.9,.002523,-.009766,-.007243,-.007761625,.000698429875983743,.054101,.157576,.086452975,.0321319520259719,5.065021,1.453301,.093597,1.453301,.90828,1.453301,1,1.13535,0,-.578762690643974,.831773639713005,-.534477617817983,1.50828794375555,-.10770388158691,1.26316366226508,.00222986495707816,.341689301848246,.00625513276321356,.198916908617784,.188302137383216
P30,25.507776,SO,100,20,5678.953125,8020.28418,-110.733643,-.005046,1.742373,27.7778,-.909733,2.1,"{""type"":""M"",""msg"":""FADE0"",""time"":25.4123,""dist"":0.538218}",4.651531,3.741798,3.741798,6.9,10.4,.083882,6.9,-.909733,.000489,-.005046,-.004557,-.00502865957446809,8.48610825422924E-05,.078531,1.742373,.610005361702128,.514397279436075,3.976235,.157576,.083882,.157576,.17604,.157576,1,.22005,1,-.292361219088974,-.940803262319523,-1.0494056359105,-.994367829412446,-.569924839053086,-.775080817489453,.00222986495707816,.341689301848246,.00625513276321356,.198916908617784,.188302137383216
P30,24.739239,SO,100,21,5685.373047,8037.577637,-110.116714,-.00354,1.236923,27.7778,-.100451,3,"{""type"":""M"",""msg"":""FADE0"",""time"":24.6839,""dist"":0.520826}",3.945185,3.844734,3.844734,8.2,5.6,.101895,5.6,-.100451,.010579,-.013794,-.003215,-.00524515,.00254727143661504,.101895,1.236923,.4346297,.337077165939424,4.651531,1.742373,.101895,1.742373,3.80844,1.742373,1,4.76055,1,-.59193138361977,-.927894224910561,1.50498163181493,2.06662224282458,-.283242273614993,-.917538764999178,.00222986495707816,.341689301848246,.00625513276321356,.198916908617784,.188302137383216
P30,24.879253,SO,100,22,5683.59668,8037.395996,-111.813438,-.007894,-.379702,27.7778,32.8,38.1,"{""type"":""M"",""msg"":""FADE0"",""time"":24.8262,""dist"":0.521707}",4.049934,36.849934,0,20.1,10.7,-.05663,10.7,32.8,.000692,-.008586,-.007894,-.00797441463414634,.000219668497469455,-.379702,-.05663,-.227735170731707,.0981638670807397,3.945185,1.236923,.05663,1.236923,.24912,1.236923,1,.3114,0,-.54750602386062,3.21123456861436,-.998014098214939,1.09036002626801,-.583106456679804,-.358665278614871,.00222986495707816,.341689301848246,.00625513276321356,.198916908617784,.188302137383216
P30,25.65167,SO,100,23,5675.437012,8016.980957,-112.406631,-.007568,-.283434,27.7777,18,24.6,"{""type"":""M"",""msg"":""FADE0"",""time"":25.6283,""dist"":0.544429}",4.873544,22.873544,0,39.4,44.9,-.110664,39.4,18,.000326,-.007894,-.007568,-.00758463265306122,6.85512867243541E-05,-.300076,-.110664,-.249211142857143,.0574145314623543,4.049934,-.379702,.110664,-.379702,.11736,.379702,1,.1467,0,-.198202731693314,1.45847808543796,-1.09067076223749,-.56533781434697,-.538637494851103,2.78636787025368,.00222986495707816,.341689301848246,.00625513276321356,.198916908617784,.188302137383216
P30,26.954248,SO,100,24,5661.036133,7980.876465,-113.226448,-.006877,.663492,27.7779,2.9,8.9,"{""type"":""M"",""msg"":""FADE0"",""time"":26.8817,""dist"":0.581996}",6.235607,9.135607,0,13.6,19.1,-.092603,13.6,2.9,.000366,-.007243,-.006877,-.00704732258064516,.000151786819250385,-.10806,.663492,.107545370967742,.234426946682179,4.873544,-.283434,.092603,-.283434,.13176,.283434,1,.1647,0,.379465205849064,-.26437439236346,-1.0805443508689,-.751276702592035,-.188991372675839,-.0408744726316367,.00222986495707816,.341689301848246,.00625513276321356,.198916908617784,.188302137383216
P30,25.659891,SO,100,25,5676.838379,8017.231445,-111.194511,-.005208,.939966,27.7777,.6,4.4,"{""type"":""M"",""msg"":""FADE0"",""time"":25.6575,""dist"":0.544396}",4.799034,5.399034,0,10.4,14.1,-.001651,10.4,.6,.000325,-.005208,-.004883,-.00504925,8.53796278456624E-05,-.137132,.939966,.144776520833333,.320845950878133,6.235607,.663492,.001651,.663492,.117,.663492,1,.14625,0,-.229803353710271,-.732971973756931,-1.0909239225217,-.0172055471858462,.389243527469141,-.391540189578653,.00222986495707816,.341689301848246,.00625513276321356,.198916908617784,.188302137383216
P30,24.416485,SO,100,26,5691.467773,8053.661621,-110.347,-.008748,1.056994,27.7779,.5,45.9,"{""type"":""M"",""msg"":""FADE0"",""time"":24.3259,""dist"":0.502669}",3.437359,3.937359,0,6.1,10.9,-.043154,6.1,.5,.002034,-.008748,-.006714,-.0078556,.000288388035160146,-.043154,1.056994,.497152142857143,.331005567371709,4.799034,.939966,.043154,.939966,.73224,.939966,1,.9153,0,-.807306735604513,-.916278273348375,-.658272996798929,.516796075250125,-.220623009692484,-.862747246726207,.00222986495707816,.341689301848246,.00625513276321356,.198916908617784,.188302137383216
P30,26.136415,SO,100,27,5670.136719,8003.399414,-113.544701,-.010579,.053189,27.7778,8.5,4.7,"{""type"":""M"",""msg"":""FADE0"",""time"":26.0462,""dist"":0.557305}",5.262147,9.962147,0,29.3,19.7,.493183,19.7,4.7,.001993,-.010579,-.008586,-.0089781320754717,.000707108876333652,.053189,.494957,.368204528301887,.127479238306691,3.437359,1.056994,.493183,1.056994,.71748,1.056994,1,.89685,0,-.033391343723168,-.160719346703986,-.668652568451728,.742832309653494,-.798693192683223,.627582050298614,.00222986495707816,.341689301848246,.00625513276321356,.198916908617784,.188302137383216
P30,27.052015,SO,100,28,5660.574219,7979.563965,-113.972336,-.009766,.758014,27.7777,15.4,11,"{""type"":""M"",""msg"":""FADE0"",""time"":26.9944,""dist"":0.583912}",6.287578,17.287578,0,11.5,17.1,.173273,11.5,11,.003052,-.009766,-.006714,-.00801747619047619,.00133626905800879,.161509,.76078,.435799063492063,.229801827105504,5.262147,.053189,.173273,.053189,1.09872,.053189,1,1.3734,0,.401506756336828,.757951116649669,-.400555827468453,-1.19598833391277,-.0240182276002884,-.270998849378116,.00222986495707816,.341689301848246,.00625513276321356,.198916908617784,.188302137383216
P30,26.491749,SO,100,29,5669.397461,7998.143066,-112.788322,-.010579,1.449216,27.7776,-1.21509,14,"{""type"":""M"",""msg"":""FADE0"",""time"":26.4521,""dist"":0.563853}",5.605875,4.390785,4.390785,8.4,12.6,.104983,8.4,-1.21509,.004882,-.010579,-.005697,-.00743989285714286,.00200631002479288,.10147,1.449216,.637617035714286,.46370092175939,6.287578,.758014,.104983,.758014,1.75752,.758014,1,2.1969,1,.112387996025116,-.859414851453255,.0627274926442873,.165360992003708,.411306711033657,-.610706262670539,.00222986495707816,.341689301848246,.00625513276321356,.198916908617784,.188302137383216
P30,25.60445,SO,100,30,5677.625,8018.790527,-113.139839,-.015625,1.035284,27.7776,6.3,4.5,"{""type"":""M"",""msg"":""FADE0"",""time"":25.5829,""dist"":0.542091}",4.792814,3.247171,3.247171,6,10.2,-.063508,6,4.5,.009562,-.015625,-.006063,-.0103702291666667,.00397481265309653,-.063508,1.195399,.7048524375,.436143904333455,5.605875,1.449216,.063508,1.449216,3.44232,1.449216,1,4.3029,1,-.232441333430382,-1.00283363504124,1.24751762276867,1.50039788310735,.121904189906856,-.873705550380801,.00222986495707816,.341689301848246,.00625513276321356,.198916908617784,.188302137383216
P30,26.284138,SO,100,31,5670.172852,8003.574219,-114.379112,-.017131,.002835,27.7771,4,2.1,"{""type"":""M"",""msg"":""FADE0"",""time"":26.2754,""dist"":0.559365}",5.309622,7.409622,0,15.4,23.3,.271061,15.4,2.1,.009725,-.017131,-.007406,-.0102710754716981,.00396368067025245,.002835,.435526,.313518188679245,.0886729350929706,4.792814,1.035284,.271061,1.035284,3.501,1.035284,1,4.37625,0,-.0132566030137994,-.480827381913353,1.28878274909566,.700900065670028,-.223263578505308,.15637499315106,.00222986495707816,.341689301848246,.00625513276321356,.198916908617784,.188302137383216
P30,27.303722,SO,100,32,5656.824219,7975.161133,-117.555031,-.026887,-.944869,27.7755,1.5,.2,"{""type"":""M"",""msg"":""FADE0"",""time"":27.2347,""dist"":0.589124}",6.403156,6.603156,0,12.1,9.1,.137328,9.1,.2,.01765,-.026887,-.009237,-.013474734375,.00539555007785204,-.944869,.668097,.372312125,.373961030845164,5.309622,.002835,.137328,.002835,6.354,.002835,1,7.9425,0,.450524830306441,-.581964979673671,3.29507800149646,-1.293245644532,-.00386372528697161,-.533998137088379,.00222986495707816,.341689301848246,.00625513276321356,.198916908617784,.188302137383216
P30,25.86409,SO,100,33,5676.074707,8014.28418,-113.506149,-.019002,1.316903,27.7766,-2.144173,4,"{""type"":""M"",""msg"":""FADE0"",""time"":25.8094,""dist"":0.545974}",4.877209,2.733036,2.733036,4.6,7.1,-.268905,4.6,-2.144173,.016479,-.019002,-.002523,-.0106965102040816,.0058454281498537,-.268905,1.486246,.789456836734694,.627074989600139,6.403156,-.944869,.268905,-.944869,5.93244,.944869,1,7.41555,1,-.196648359398425,-1.06731047451681,2.99862730868115,.526266079499363,.46037289467491,-1.02712180154512,.00222986495707816,.341689301848246,.00625513276321356,.198916908617784,.188302137383216
P30,25.831566,SO,100,34,5674.835449,8016.030762,-113.014015,-.013794,-.486932,27.7771,5.5,2.4,"{""type"":""M"",""msg"":""FADE0"",""time"":25.7769,""dist"":0.544747}",4.788881,7.188881,0,49.8,15.9,.057841,15.9,2.4,.006755,-.013794,-.007039,-.00854585416666667,.00187041254966377,-.486932,.057841,-.2238265,.156899028854513,4.877209,1.316903,.057841,1.316903,2.4318,1.316903,1,3.03975,0,-.234109367873982,-.50851015399204,.536896704978256,1.2448391084328,-.187435474814263,.211166511424032,.00222986495707816,.341689301848246,.00625513276321356,.198916908617784,.188302137383216
P30,26.899223,SO,100,35,5660.65625,7982.861816,-115.307404,-.014974,-.526181,27.7776,3.6,1.3,"{""type"":""M"",""msg"":""FADE0"",""time"":26.8077,""dist"":0.579858}",6.078872,7.378872,0,16,22.8,.123489,16,1.3,.007894,-.015137,-.007243,-.0100291639344262,.00308945913918239,-.526181,.224889,.071941131147541,.167519520794988,4.788881,-.486932,.123489,-.486932,2.84184,.486932,1,3.5523,0,.312991933914723,-.484683689719422,.8252462686987,-.358226136670916,-.224933250071359,.222124815078626,.00222986495707816,.341689301848246,.00625513276321356,.198916908617784,.188302137383216
P30,26.87797,SO,100,36,5666.525879,7992.15625,-114.007195,-.016642,1.155501,27.7771,-1.623419,4.7,"{""type"":""M"",""msg"":""FADE0"",""time"":26.7755,""dist"":0.568724}",5.784504,4.161085,4.161085,8.3,13.3,.087924,8.3,-1.623419,.010417,-.016805,-.006388,-.00925891379310345,.00363594093753047,.087924,1.245512,.702024965517241,.424655946353477,6.078872,-.526181,.087924,-.526181,3.75012,.526181,1,4.68765,1,.18814678692925,-.888221157243636,1.46396966577217,-.282417815892147,.322705014144703,-.621664566325133,.00222986495707816,.341689301848246,.00625513276321356,.198916908617784,.188302137383216
P30,25.52211,SO,100,37,5677.908691,8020.521973,-112.902695,-.019328,.643668,27.7762,5.2,3.6,"{""type"":""M"",""msg"":""FADE0"",""time"":25.4309,""dist"":0.538438}",4.604218,8.204218,0,6.4,8.9,-.214102,6.4,3.6,.017822,-.019653,-.001831,-.00836269565217391,.00611501303667027,-.268577,.694295,.130683760869565,.367819107174962,5.784504,1.155501,.214102,1.155501,6.41592,1.155501,1,8.0199,0,-.312427253574121,-.381178381670369,3.33862157038137,.933095762351759,.197737335640936,-.829872335762424,.00222986495707816,.341689301848246,.00625513276321356,.198916908617784,.188302137383216
P30,27.101971,SO,100,38,5658.873535,7979.733398,-115.790497,-.016113,-.900843,27.7777,2.6,.4,"{""type"":""M"",""msg"":""FADE0"",""time"":27.0952,""dist"":0.585707}",6.280953,6.680953,0,31,19.9,.058111,19.9,.4,.007894,-.016113,-.008219,-.0107581111111111,.0029668165795154,-.900843,.164742,-.00561320634920633,.264694467555072,4.604218,.643668,.058111,.643668,2.84184,.643668,1,3.5523,0,.398697011056163,-.572208583628507,.8252462686987,-.055495036118515,-.303328002271127,.649498657607802,.00222986495707816,.341689301848246,.00625513276321356,.198916908617784,.188302137383216
P30,26.535055,SO,100,39,5668.509277,7998.004395,-114.495911,-.017822,.654065,27.7771,4.7,3,"{""type"":""M"",""msg"":""FADE0"",""time"":26.4472,""dist"":0.563012}",5.474974,8.474974,0,7.6,12.8,.187462,7.6,3,.011434,-.017822,-.006388,-.0103694,.0043108735112074,.187462,1.007358,.644689454545455,.280801527487985,6.280953,-.900843,.187462,-.900843,4.11624,.900843,1,5.1453,0,.0568712462916343,-.347223309269061,1.72143367481843,.441231119867115,.408494208077875,-.698372691907293,.00222986495707816,.341689301848246,.00625513276321356,.198916908617784,.188302137383216
P30,27.945511,SO,100,40,5652.49707,7957.977051,-114.654396,-.010579,-1.476311,27.7777,-2.927279,13.7,"{""type"":""M"",""msg"":""FADE0"",""time"":27.8979,""dist"":0.607148}",7.12541,4.198131,4.198131,7.9,11.5,-.103086,7.9,-2.927279,.0094,-.014608,-.005208,-.00816511267605634,.00329402009513038,-1.841251,1.862241,.138675647887324,1.07166994627621,5.474974,.654065,.103086,.654065,3.384,.654065,1,4.23,1,.756841776410793,-.883575278252297,1.20650565672591,-.0354135280256499,.0663329522593478,-.66549778094351,.00222986495707816,.341689301848246,.00625513276321356,.198916908617784,.188302137383216
P30,26.449898,SO,100,41,5669.293945,7999.811035,-115.0224,-.007731,.65473,27.78,7.1,3.8,"{""type"":""M"",""msg"":""FADE0"",""time"":26.4148,""dist"":0.562462}",5.474892,2.426119,2.426119,5.8,42,.045645,5.8,3.8,.014901,-.022632,-.007731,-.0124529636363636,.00525518731020312,.045645,1.553175,.983301909090909,.45080430231196,7.12541,-1.476311,.045645,-1.476311,5.36436,1.476311,1,6.70545,1,.0568364690670283,-1.10580043948967,2.59914038019049,1.5527311005524,.766990481063581,-.89562215768999,.00222986495707816,.341689301848246,.00625513276321356,.198916908617784,.188302137383216
P30,27.861702,SO,100,42,5647.073242,7961.625488,-117.522774,-.005046,-.483969,27.7786,-1.116335,-2.125683,"{""type"":""M"",""msg"":""FADE0"",""time"":27.8304,""dist"":0.606457}",7.082451,4.956768,4.956768,14.1,9.8,.324016,9.8,-2.125683,.016383,-.021429,-.005046,-.0113258309859155,.00491474608553808,-1.860333,1.740052,.0484780140845071,.690334159957615,5.474892,.65473,.324016,.65473,5.89788,.65473,1,7.37235,1,.738622327729724,-.788435838087312,2.97432392139654,-.0341290995480356,.0662981409020083,-.457290011506219,.00222986495707816,.341689301848246,.00625513276321356,.198916908617784,.188302137383216
P30,27.381062,SO,100,43,5655.612305,7974.163574,-116.067474,-.00472,-1.614791,27.7788,2.4,-.505269,"{""type"":""M"",""msg"":""FADE0"",""time"":27.2993,""dist"":0.590026}",6.576706,6.071437,6.071437,27.6,15.6,.140313,15.6,-.505269,.01294,-.01766,-.00472,-.0102650606060606,.00361906641118647,-1.614791,.140313,-.242532045454545,.456298691654236,7.082451,-.483969,.140313,-.483969,4.6584,.483969,1,5.823,1,.524129553847481,-.648647000172389,2.10269306284563,-.36394908641403,.748753150576424,.178291600460249,.00222986495707816,.341689301848246,.00625513276321356,.198916908617784,.188302137383216
P30,24.120089,SO,100,44,5693.588867,8059.253906,-111.854507,-.014974,1.011629,27.7771,6.1,4.2,"{""type"":""M"",""msg"":""FADE0"",""time"":24.0593,""dist"":0.497574}",3.143048,1.623568,1.623568,3.5,11.6,.609181,3.5,4.2,.010091,-.017822,-.007731,-.012624,.00449340370306405,.609181,1.232452,1.013653125,.198199175058625,6.576706,-1.614791,.609181,-1.614791,3.63276,1.614791,1,4.54095,1,-.93212770817776,-1.20644706342687,1.3814394131182,1.82020125931935,.534049858897682,-1.14766314174566,.00222986495707816,.341689301848246,.00625513276321356,.198916908617784,.188302137383216
P30,26.460684,SO,100,45,5672.090332,8012.095215,-114.669151,-.015625,-1.541998,27.7772,1.7,-.506987,"{""type"":""M"",""msg"":""FADE0"",""time"":26.3629,""dist"":0.548198}",5.064358,4.557371,4.557371,10.3,6.9,.531875,6.9,-.506987,.006226,-.015625,-.009399,-.0109973333333333,.00239196341666562,-1.541998,.531875,-.238951843137255,.59544610064332,3.143048,1.011629,.531875,1.011629,2.24136,1.011629,1,2.8017,1,-.117276130035232,-.838523570406688,.402974914628726,.655211109823463,-.923636673048353,-.775080817489453,.00222986495707816,.341689301848246,.00625513276321356,.198916908617784,.188302137383216
P30,25.038185,SO,100,46,5685.242676,8036.112305,-110.556564,-.009237,1.648671,27.7777,-.914543,4.5,"{""type"":""M"",""msg"":""FADE0"",""time"":24.9746,""dist"":0.522046}",4.066427,3.151884,3.151884,6.5,11.6,.172945,6.5,-.914543,.00354,-.009237,-.005697,-.00641609756097561,.000856342332390442,.172945,1.648671,.763391829268293,.44359149406734,5.064358,-1.541998,.172945,-1.541998,1.2744,1.541998,1,1.593,1,-.540511136477374,-1.01478342372147,-.277013608771723,1.67960366206976,-.107985344146861,-.81891403210783,.00222986495707816,.341689301848246,.00625513276321356,.198916908617784,.188302137383216
P30,25.20462,SO,100,47,5681.919922,8030.070801,-111.728836,-.010742,.785678,27.7772,14,10.6,"{""type"":""M"",""msg"":""FADE0"",""time"":25.1328,""dist"":0.528613}",4.28141,14.88141,0,11.2,18.2,.118552,11.2,10.6,.004354,-.011597,-.007243,-.00789590697674418,.0014381779778256,.118552,.785678,.404128418604651,.210011310760616,4.066427,1.648671,.118552,1.648671,1.56744,1.648671,1,1.9593,0,-.449334159922932,.456197476288203,-.070941137421028,1.88563951017885,-.531635742209638,-.303873760341899,.00222986495707816,.341689301848246,.00625513276321356,.198916908617784,.188302137383216
P30,26.966526,SO,100,48,5661.755859,7982.223145,-115.353088,-.019002,.736923,27.7747,4.3,2.8,"{""type"":""M"",""msg"":""FADE0"",""time"":26.9365,""dist"":0.581676}",6.184488,8.984488,0,11.7,17.4,-.010413,11.7,2.8,.021475,-.028352,-.006877,-.0100062258064516,.00635986131774604,-.010413,.966053,.411235596774194,.342350668126754,4.28141,.785678,.010413,.785678,7.731,.785678,1,9.66375,0,.357784999207206,-.28332598193567,4.26341608861735,.218793216672461,-.440369278369223,-.249082242068928,.00222986495707816,.341689301848246,.00625513276321356,.198916908617784,.188302137383216
P30,28.701872,SO,100,49,5642.276367,7938.615723,-115.843895,-.004191,1.217684,27.779,-3.039894,8.6,"{""type"":""M"",""msg"":""FADE0"",""time"":28.6175,""dist"":0.62797}",7.820168,4.780274,4.780274,9.6,13.7,.022396,9.6,-3.039894,.012288,-.016479,-.004191,-.00829361538461538,.00417368917202699,-.006326,1.540789,.738580102564103,.597563015088146,6.184488,.736923,.022396,.736923,4.42368,.736923,1,5.5296,1,1.05149732534727,-.810569665401929,1.93763255753771,.12462432881369,.367542042397958,-.479206618815407,.00222986495707816,.341689301848246,.00625513276321356,.198916908617784,.188302137383216
P30,28.581064,SO,100,50,5641.862793,7945.161133,-117.157181,-.007039,1.759609,27.779,1.4,-.915371,"{""type"":""M"",""msg"":""FADE0"",""time"":28.4801,""dist"":0.621596}",7.602396,6.687025,6.687025,12.9,17,.090509,12.9,-.915371,.016732,-.022632,-.0059,-.00937573684210526,.00501106365387209,-1.808655,1.850276,-.285504947368421,.574092883238706,7.820168,1.217684,.090509,1.217684,6.02352,1.217684,1,7.5294,1,.959137499043732,-.57144710392124,3.06267686058744,1.05320044810136,1.06193522499608,-.117582598213797,.00222986495707816,.341689301848246,.00625513276321356,.198916908617784,.188302137383216
P31,22.591238,SO,100,1,5706.704102,8095.999023,-109.214111,-.009399,.740971,27.7774,20.6,15.6,"{""type"":""M"",""msg"":""FADE0"",""time"":22.5824,""dist"":0.459936}",1.721241,17.321241,0,10.8,43.2,.374123,10.8,15.6,.003865,-.011759,-.007894,-.00984011111111111,.0010951442499071,.374123,.740971,.579356777777778,.116692392053817, , ,.374123, ,1.3914, , ,1.73925,0,-1.53513382263305,.762172739078148,-.194736516401974, , ,-.347706974960276,.00181899503157645,.116229606706991,.00195739462903092,.179477413441045,.169903770403223
P31,22.50445,SO,100,2,5705.784668,8094.655273,-109.386269,-.009399,.31715,27.7779,17.7,12.3,"{""type"":""M"",""msg"":""FADE0"",""time"":22.4928,""dist"":0.461412}",1.720125,14.020125,0,12.9,8.8,.18964,8.8,12.3,.004191,-.010417,-.006226,-.00826911111111111,.00145380619668384,.18964,.31715,.2519935,.0435338489551859,1.721241,.740971,.18964,.740971,1.50876,.740971,1,1.88595,0,-1.53560713217769,.34818511632883,-.11220626374801,.132442925020281,-1.52723461871638,-.566873048052162,.00181899503157645,.116229606706991,.00195739462903092,.179477413441045,.169903770403223
P31,23.658329,SO,100,3,5695.500488,8066.935059,-111.419304,-.011271,.096465,27.7775,6.8,3.7,"{""type"":""M"",""msg"":""FADE0"",""time"":23.5915,""dist"":0.489469}",2.831112,6.531112,0,45.7,51.4,.304839,45.7,3.7,.0094,-.015788,-.006388,-.0108613793103448,.00313755434117759,.096465,.385685,.317386275862069,.0749971949613053,1.720125,.31715,.304839,.31715,3.384,.31715,1,4.23,0,-1.06442366347881,-.590999901286045,1.20650565672591,-.686155213041295,-1.5277083927992,3.47674100049312,.00181899503157645,.116229606706991,.00195739462903092,.179477413441045,.169903770403223
P31,24.355879,SO,100,4,5689.324707,8051.502441,-111.721405,-.014282,-.192914,27.7771,5.6,2.9,"{""type"":""M"",""msg"":""FADE0"",""time"":24.3313,""dist"":0.507264}",3.438393,6.338393,0,17.4,10.2,.242959,10.2,2.9,.010416,-.014282,-.003866,-.00896931428571429,.00274856752821226,-.192914,.242959,.0466812285714286,.127388832353613,2.831112,.096465,.242959,.096465,3.74976,.096465,1,4.6872,0,-.806868203284482,-.615168479630043,1.46371650548795,-1.11240197782671,-1.05606247259773,-.413456796887842,.00181899503157645,.116229606706991,.00195739462903092,.179477413441045,.169903770403223
P31,24.695612,SO,100,5,5690.075684,8052.506348,-111.500328,-.012614,.150672,27.7774,7.3,4.5,"{""type"":""M"",""msg"":""FADE0"",""time"":24.6284,""dist"":0.504874}",3.480402,7.980402,0,15.8,10.6,.41048,10.6,4.5,.007731,-.012614,-.004883,-.0088866,.00231361375341694,.150672,.41048,.300949942857143,.0749037734590748,3.438393,-.192914,.41048,-.192914,2.78316,.192914,1,3.47895,0,-.789051661473847,-.409246784529663,.783981142371718,-.926113493259165,-.798254229957747,-.369623582269465,.00181899503157645,.116229606706991,.00195739462903092,.179477413441045,.169903770403223
P31,24.726923,SO,100,6,5684.678711,8039.793945,-112.908989,-.011922,-.279306,27.7783,4.8,2,"{""type"":""M"",""msg"":""FADE0"",""time"":24.7067,""dist"":0.519977}",3.979567,5.979567,0,59.4,1000000,.334402,59.4,2,.006388,-.014974,-.008586,-.011683125,.00181340447900825,-.279306,.486499,.311506625,.211059081774565,3.480402,.150672,.334402,.150672,2.29968,.150672,1,2.8746,0,-.577349547809985,-.660168268404702,.443986880671493,-1.0077027079229,-.780420201781231,4.97802860117254,.00181899503157645,.116229606706991,.00195739462903092,.179477413441045,.169903770403223
P31,25.166384,SO,100,7,5676.288574,8024.021973,-114.891724,-.010905,1.530093,27.7783,.6,-.939928,"{""type"":""M"",""msg"":""FADE0"",""time"":25.1091,""dist"":0.536706}",4.586998,3.64707,3.64707,11.7,8.6,.254613,8.6,-.939928,.006877,-.016805,-.009928,-.013662152173913,.00211054417382386,-1.836366,1.789227,-.187420195652174,.8062340351976,3.979567,-.279306,.254613,-.279306,2.47572,.279306,1,3.09465,1,-.319730470741374,-.952682947713129,.567782259652439,-.759249816510218,-.568510309264608,-.58878965536135,.00181899503157645,.116229606706991,.00195739462903092,.179477413441045,.169903770403223
P31,23.711199,SO,100,8,5696.918945,8070.789551,-110.902435,-.010905,.087943,27.7779,8.3,4.8,"{""type"":""M"",""msg"":""FADE0"",""time"":23.6601,""dist"":0.485827}",2.631838,7.431838,0,29.3,19.5,.389992,19.5,4.8,.002686,-.010905,-.008219,-.00977918518518519,.00107912475350083,.087943,.392943,.294096740740741,.0975793183839504,4.586998,1.530093,.389992,1.530093,.96696,1.530093,1,1.2087,0,-1.14893825684624,-.478041309255803,-.493212491491001,1.65660949511338,-.310638387312418,.605665442989425,.00181899503157645,.116229606706991,.00195739462903092,.179477413441045,.169903770403223
P31,24.291662,SO,100,9,5693.186523,8061.19873,-111.362236,-.011922,-.044953,27.7775,6.9,3.8,"{""type"":""M"",""msg"":""FADE0"",""time"":24.2824,""dist"":0.497282}",3.138481,6.938481,0,11.6,7.7,.405239,7.7,3.8,.00708,-.012614,-.005534,-.00931671875,.00228641961596778,-.044953,.405239,.23321515625,.139502624753688,2.631838,.087943,.405239,.087943,2.5488,.087943,1,3.186,0,-.934064629943314,-.539912413329921,.619173797348005,-1.12886197705412,-1.14066001433515,-.687414388252699,.00181899503157645,.116229606706991,.00195739462903092,.179477413441045,.169903770403223
P31,25.23176,SO,100,10,5684.050781,8036.102539,-111.879906,-.011922,.518381,27.7775,9.4,6.5,"{""type"":""M"",""msg"":""FADE0"",""time"":25.1812,""dist"":0.522811}",4.146255,10.646255,0,35.1,23.8,.347729,23.8,6.5,.007365,-.012248,-.004883,-.00873683333333333,.00208819930499902,.347729,.538548,.468005785714286,.058558991141323,3.138481,-.044953,.347729,-.044953,2.6514,.044953,1,3.31425,0,-.506655084210971,-.074926467985458,.69132447834917,-1.21189593232124,-.925575495840663,1.07687250013698,.00181899503157645,.116229606706991,.00195739462903092,.179477413441045,.169903770403223
P31,24.327724,SO,100,11,5685.931152,8041.050293,-111.640923,-.008911,.448456,27.7779,19.6,12.7,"{""type"":""M"",""msg"":""FADE0"",""time"":24.3088,""dist"":0.518395}",3.856065,16.556065,0,31.9,23.2,.349951,23.2,12.7,.005371,-.011271,-.0059,-.00884435897435897,.00131472233384647,.349951,.479043,.444644051282051,.0330646101928909,4.073071,.412333,.349951,.412333,1.93356,.412333,1,2.41695,0,-.629728289191521,.666213253490598,.186522871625233,-.502311971259706,-.528815173207644,1.01112267820941,.00181899503157645,.116229606706991,.00195739462903092,.179477413441045,.169903770403223
P31,25.099712,SO,100,12,5683.599609,8033.11084,-111.556709,-.010254,1.214915,27.7775,-.539154,13.5,"{""type"":""M"",""msg"":""FADE0"",""time"":25.037,""dist"":0.525461}",4.187736,3.648582,3.648582,5.5,9,.284112,5.5,-.539154,.009603,-.012614,-.003011,-.00761290476190476,.00289118016083671,.284112,1.214915,.705066095238095,.314933019174756,3.856065,.448456,.284112,.448456,3.45708,.448456,1,4.32135,1,-.4890624737978,-.952493330236616,1.25789719442147,-.432541430061421,-.62094045870535,-.928497068653772,.00181899503157645,.116229606706991,.00195739462903092,.179477413441045,.169903770403223
P31,23.448679,SO,100,13,5697.285156,8070.369629,-110.337738,-.012451,.588678,27.7772,9.7,7,"{""type"":""M"",""msg"":""FADE0"",""time"":23.4384,""dist"":0.4872}",2.726702,9.726702,0,20,13.4,.184745,13.4,7,.009236,-.012451,-.003215,-.00820632142857143,.00316943633326731,.184745,.588678,.369378357142857,.145996093786713,4.187736,1.214915,.184745,1.214915,3.32496,1.214915,1,4.1562,0,-1.10870524910209,-.190246123660086,1.16498737011471,1.04785220380886,-.480136584313354,-.0627910799408252,.00181899503157645,.116229606706991,.00195739462903092,.179477413441045,.169903770403223
P31,22.996181,SO,100,14,5700.581055,8079.913574,-110.378792,-.009237,.382391,27.778,13.8,8.5,"{""type"":""M"",""msg"":""FADE0"",""time"":22.9266,""dist"":0.475484}",2.32427,10.82427,0,30.8,44.2,.43509,30.8,8.5,.006389,-.013957,-.007568,-.00998608333333333,.00179478837111829,.382391,.512227,.467888166666667,.0371362510114902,2.726702,.588678,.43509,.588678,2.30004,.588678,1,2.87505,0,-1.27938168876829,-.0526018945188727,.444240040955708,-.161706648124541,-1.10038751918085,1.84395375595858,.00181899503157645,.116229606706991,.00195739462903092,.179477413441045,.169903770403223
P31,24.102404,SO,100,15,5690.07373,8053.391113,-111.937737,-.009562,-.178013,27.778,7.6,3.4,"{""type"":""M"",""msg"":""FADE0"",""time"":24.0804,""dist"":0.505285}",3.446316,6.846316,0,22.5,17.3,.371817,17.3,3.4,.005209,-.013957,-.008748,-.0111128857142857,.00172376420817296,-.178013,.474784,.284546285714286,.198823762531718,2.32427,.382391,.371817,.382391,1.87524,.382391,1,2.34405,0,-.803507959985054,-.551470677035495,.145510905582466,-.56014408776606,-1.27123147231308,.364582762588351,.00181899503157645,.116229606706991,.00195739462903092,.179477413441045,.169903770403223
P31,23.7299,SO,100,16,5693.762207,8061.000977,-110.6875,-.011434,.576594,27.7773,11.2,8.1,"{""type"":""M"",""msg"":""FADE0"",""time"":23.6611,""dist"":0.495599}",3.038244,11.138244,0,6.4,11,.202439,6.4,8.1,.006063,-.011434,-.005371,-.008457,.00194844827148854,.202439,.576594,.399440709677419,.118429620138487,3.446316,-.178013,.202439,-.178013,2.18268,.178013,1,2.72835,0,-.976576394124145,-.0132269225805662,.361709788301744,-.954894348514699,-.794890688687007,-.829872335762424,.00181899503157645,.116229606706991,.00195739462903092,.179477413441045,.169903770403223
P31,23.789328,SO,100,17,5694.195801,8062.637207,-110.872574,-.010254,.399296,27.7777,11.8,7.9,"{""type"":""M"",""msg"":""FADE0"",""time"":23.7672,""dist"":0.495168}",3.041821,10.941821,0,17.7,12.5,.266448,12.5,7.9,.005208,-.010742,-.005534,-.00907903225806452,.00155468072786389,.266448,.420419,.365725064516129,.0527572442387049,3.038244,.576594,.266448,.576594,1.87488,.576594,1,2.3436,0,-.975059343728834,-.037860013578668,.145257745298251,-.185046548460617,-.968128983958196,-.161415812832174,.00181899503157645,.116229606706991,.00195739462903092,.179477413441045,.169903770403223
P31,24.224701,SO,100,18,5689.279785,8051.492188,-111.917503,-.012451,-.234965,27.7776,5.8,2.8,"{""type"":""M"",""msg"":""FADE0"",""time"":24.1551,""dist"":0.506034}",3.443708,6.243708,0,11.1,7.2,.274167,7.2,2.8,.010579,-.014282,-.003703,-.00973531428571429,.00270215220074044,-.234965,.274167,.1019066,.149629513486242,3.041821,.399296,.274167,.399296,3.80844,.399296,1,4.76055,0,-.804614045372522,-.627042772463139,1.50498163181493,-.52749256383513,-.966610444626448,-.74220590652567,.00181899503157645,.116229606706991,.00195739462903092,.179477413441045,.169903770403223
P31,24.356028,SO,100,19,5689.965332,8051.300293,-110.934113,-.006714,.492669,27.7782,6.5,12.8,"{""type"":""M"",""msg"":""FADE0"",""time"":24.345,""dist"":0.50763}",3.444048,9.944048,0,24.8,35.2,.296223,24.8,6.5,.005534,-.010905,-.005371,-.00765442857142857,.00157711762935005,.296223,.492669,.394608628571429,.063783971483754,3.443708,-.234965,.296223,-.234965,1.99224,.234965,1,2.4903,0,-.804469847124156,-.162989113044865,.227787997952215,-.844893189631862,-.795997859661902,1.18645553668292,.00181899503157645,.116229606706991,.00195739462903092,.179477413441045,.169903770403223
P31,24.861458,SO,100,20,5684.032715,8038.407715,-112.255722,-.009928,-.356589,27.7779,8,3.4,"{""type"":""M"",""msg"":""FADE0"",""time"":24.8079,""dist"":0.520551}",3.948893,7.348893,0,21.2,12.3,.172607,12.3,3.4,.004354,-.010742,-.006388,-.00898125,.00134792723591941,-.356589,.172607,-.0328755,.147133329295888,3.444048,.492669,.172607,.492669,1.56744,.492669,1,1.9593,0,-.590358774487588,-.488443307661476,-.070941137421028,-.347145285278325,-.795853519887567,-.183332420141362,.00181899503157645,.116229606706991,.00195739462903092,.179477413441045,.169903770403223
P31,24.534342,SO,100,21,5689.392578,8049.967285,-111.300606,-.011271,.4332,27.7776,10.3,7,"{""type"":""M"",""msg"":""FADE0"",""time"":24.501,""dist"":0.50847}",3.440478,10.440478,0,8.1,12.5,.22985,8.1,7,.007731,-.011271,-.00354,-.00815428571428571,.00223356982233834,.222761,.439998,.338583428571429,.0835729652615309,3.948893,-.356589,.22985,-.356589,2.78316,.356589,1,3.47895,0,-.805983928732001,-.100732629006908,.783981142371718,-.609979912697493,-.581532304082063,-.643581173634321,.00181899503157645,.116229606706991,.00195739462903092,.179477413441045,.169903770403223
P31,24.430544,SO,100,22,5688.157227,8046.62207,-111.344559,-.009074,.492725,27.7778,19.4,13.2,"{""type"":""M"",""msg"":""FADE0"",""time"":24.334,""dist"":0.510255}",3.645521,16.845521,0,6.5,11.3,.240264,6.5,13.2,.006388,-.012085,-.005697,-.008589,.00177065610877876,.240264,.494854,.414822837837838,.0865407977146276,3.440478,.4332,.240264,.4332,2.29968,.4332,1,2.8746,0,-.719022630379794,.702513462671531,.443986880671493,-.462007957662147,-.797369087518079,-.81891403210783,.00181899503157645,.116229606706991,.00195739462903092,.179477413441045,.169903770403223
P31,24.836866,SO,100,23,5683.505371,8037.069824,-112.421654,-.009399,-.355949,27.7779,8.1,3.3,"{""type"":""M"",""msg"":""FADE0"",""time"":24.7713,""dist"":0.521694}",4.079143,7.379143,0,9.4,15.4,.310633,9.4,3.3,.005208,-.011922,-.006714,-.00959685365853659,.00135927562622478,-.355949,.32953,.123651853658537,.21783546636918,3.645521,.492725,.310633,.492725,1.87488,.492725,1,2.3436,0,-.535118121988478,-.484649704047375,.145257745298251,-.34703712288021,-.710322439433205,-.501123226124596,.00181899503157645,.116229606706991,.00195739462903092,.179477413441045,.169903770403223
P31,23.493872,SO,100,24,5695.324707,8067.020508,-111.072182,-.008748,-.091681,27.7781,12.2,5.7,"{""type"":""M"",""msg"":""FADE0"",""time"":23.4678,""dist"":0.490584}",2.928608,8.628608,0,15.7,11.1,.402083,11.1,5.7,.007365,-.014608,-.007243,-.00987826666666667,.00196046693828076,-.091681,.41438,.240660866666667,.170786041404853,4.079143,-.355949,.402083,-.355949,2.6514,.355949,1,3.31425,0,-1.02307439164731,-.32795631761125,.69132447834917,-.611216054390235,-.52623743464953,-.314832063996493,.00181899503157645,.116229606706991,.00195739462903092,.179477413441045,.169903770403223
P31,24.220432,SO,100,25,5688.557617,8048.699707,-111.913338,-.013957,.100752,27.7771,5.9,3.5,"{""type"":""M"",""msg"":""FADE0"",""time"":24.2006,""dist"":0.510306}",3.542619,7.042619,0,5,8.2,.143451,5,3.5,.010742,-.014282,-.00354,-.00992955555555556,.00285079167394848,.100752,.25391,.207347361111111,.0386112133972597,2.928608,-.091681,.143451,-.091681,3.86712,.091681,1,4.8339,0,-.762664654360319,-.526852635043466,1.54624675814192,-1.12164213697995,-1.01467261777858,-.983288586926744,.00181899503157645,.116229606706991,.00195739462903092,.179477413441045,.169903770403223
P31,24.95656,SO,100,26,5684.35498,8037.067383,-111.583817,-.009074,.450554,27.7775,21.7,15.2,"{""type"":""M"",""msg"":""FADE0"",""time"":24.8631,""dist"":0.520657}",4.057945,19.257945,0,17.6,27.8,.267049,17.6,15.2,.003702,-.009399,-.005697,-.00799607317073171,.00111224714857454,.267049,.450554,.34245343902439,.0537165743970373,3.542619,.100752,.267049,.100752,1.33272,.100752,1,1.6659,0,-.544108458661615,1.00505165788291,-.236001642728955,-1.10412175995674,-.754007296664272,.397457673552134,.00181899503157645,.116229606706991,.00195739462903092,.179477413441045,.169903770403223
P31,23.907272,SO,100,27,5692.801758,8058.399414,-110.721626,-.011108,.601965,27.7774,12.2,8.9,"{""type"":""M"",""msg"":""FADE0"",""time"":23.839,""dist"":0.498375}",3.243032,12.143032,0,7,11.4,.215877,7,8.9,.005737,-.011108,-.005371,-.00794566666666667,.0019181794537182,.215877,.601965,.385271090909091,.124607388454538,4.057945,.450554,.215877,.450554,2.06532,.450554,1,2.58165,0,-.889723244458213,.112781916698951,.279179535647781,-.428489203074902,-.535236595050535,-.764122513834858,.00181899503157645,.116229606706991,.00195739462903092,.179477413441045,.169903770403223
P31,23.712179,SO,100,28,5698.034668,8072.643066,-110.022812,-.008057,.506212,27.7776,11.1,27,"{""type"":""M"",""msg"":""FADE0"",""time"":23.7039,""dist"":0.484859}",2.642658,13.742658,0,5.8,9.7,.221338,5.8,11.1,.005209,-.009766,-.004557,-.00757748148148148,.00156409448785921,.221338,.506212,.343232,.0858277624274785,3.243032,.601965,.221338,.601965,1.87524,.601965,1,2.34405,0,-1.14434935964824,.313388428262919,.145510905582466,-.13604318770039,-.881190590704074,-.89562215768999,.00181899503157645,.116229606706991,.00195739462903092,.179477413441045,.169903770403223
P31,23.227865,SO,100,29,5699.342773,8076.394043,-109.983261,-.009237,.436985,27.7777,21.1,15.3,"{""type"":""M"",""msg"":""FADE0"",""time"":23.2043,""dist"":0.480432}",2.435562,17.735562,0,14.6,23.6,.258317,14.6,15.3,.005209,-.010417,-.005208,-.00772136,.00131938135376648,.258317,.436985,.34146488,.0545504711317266,2.642658,.506212,.258317,.506212,1.87524,.506212,1,2.34405,0,-1.23218136095308,.814132066119404,.145510905582466,-.320987368177077,-1.13606661328133,.0687085639143059,.00181899503157645,.116229606706991,.00195739462903092,.179477413441045,.169903770403223
P31,24.425276,SO,100,30,5687.567383,8044.394043,-111.204437,-.008057,.757071,27.7779,11.6,28.9,"{""type"":""M"",""msg"":""FADE0"",""time"":24.4052,""dist"":0.514645}",3.643053,15.243053,0,11.4,18.1,.325645,11.4,11.6,.007365,-.010905,-.00354,-.0075562972972973,.0021299547838819,.323873,.757071,.519708351351351,.151301727985142,2.435562,.436985,.325645,.436985,2.6514,.436985,1,3.31425,0,-.720069340017934,.501550540480413,.69132447834917,-.454697338432418,-1.22398481888593,-.281957153032711,.00181899503157645,.116229606706991,.00195739462903092,.179477413441045,.169903770403223
P31,24.206867,SO,100,31,5694.160156,8063.325195,-111.018936,-.010905,.119661,27.7774,9.1,5.5,"{""type"":""M"",""msg"":""FADE0"",""time"":24.1176,""dist"":0.492661}",3.034666,8.534666,0,21,13.8,.178707,13.8,5.5,.005534,-.011597,-.006063,-.00912912903225806,.00197449017456719,.119661,.205198,.183409096774194,.0195785886814395,3.643053,.757071,.178707,.757071,1.99224,.757071,1,2.4903,0,-.978093868631952,-.33973743201508,.227787997952215,.16353961447831,-.711370176383374,-.0189578653224481,.00181899503157645,.116229606706991,.00195739462903092,.179477413441045,.169903770403223
P31,23.641108,SO,100,32,5695.374023,8066.104004,-110.981026,-.012451,.278537,27.7777,7.6,4.8,"{""type"":""M"",""msg"":""FADE0"",""time"":23.5424,""dist"":0.489368}",2.934761,7.734761,0,27.8,21.3,.148779,21.3,4.8,.005046,-.012614,-.007568,-.0105319333333333,.0013664497652382,.148779,.377783,.311153966666667,.066731408067888,3.034666,.119661,.148779,.119661,1.81656,.119661,1,2.2707,0,-1.02046482746438,-.440052225368387,.104245779255484,-1.06759956735041,-.969647947818692,.802914908772122,.00181899503157645,.116229606706991,.00195739462903092,.179477413441045,.169903770403223
P31,24.231707,SO,100,33,5688.754883,8050.947754,-112.073944,-.011271,-.531229,27.7778,5.5,2,"{""type"":""M"",""msg"":""FADE0"",""time"":24.188,""dist"":0.507448}",3.539217,5.539217,0,27.4,17.5,.218051,17.5,2,.003011,-.011597,-.008586,-.0102052777777778,.000944890034754192,-.531229,.218051,-.0325444722222222,.235884513035691,2.934761,.278537,.218051,.278537,1.08396,.278537,1,1.35495,0,-.764107485068971,-.715391850271459,-.410935399121253,-.760735118012902,-1.01206049239188,.38649936989754,.00181899503157645,.116229606706991,.00195739462903092,.179477413441045,.169903770403223
P31,24.101748,SO,100,34,5692.155273,8058.000977,-111.487877,-.014282,.125052,27.7771,6,3.6,"{""type"":""M"",""msg"":""FADE0"",""time"":24.0137,""dist"":0.498425}",3.238303,6.838303,0,13.3,19.8,.283134,13.3,3.6,.007405,-.014282,-.006877,-.00943766666666667,.00282802487023482,.125052,.283134,.237676121212121,.0332003624497888,3.539217,-.531229,.283134,-.531229,2.6658,.531229,1,3.33225,0,-.891728872447989,-.552475574415984,.701450889717754,-.272667748290648,-.755451543465113,-.0737493835954194,.00181899503157645,.116229606706991,.00195739462903092,.179477413441045,.169903770403223
P31,23.827669,SO,100,35,5692.393555,8057.015625,-110.757294,-.008586,.713045,27.7777,55.6,29.8,"{""type"":""M"",""msg"":""FADE0"",""time"":23.7501,""dist"":0.499559}",3.249197,33.049197,0,6.5,11.3,.234227,6.5,29.8,.005371,-.011271,-.0059,-.00817009090909091,.00166856776839518,.234227,.713045,.485112757575758,.15730624998312,3.238303,.125052,.234227,.125052,1.93356,.125052,1,2.41695,0,-.887108590925338,2.73459028367394,.186522871625233,-1.05718700506046,-.883198187153566,-.81891403210783,.00181899503157645,.116229606706991,.00195739462903092,.179477413441045,.169903770403223
P31,23.883381,SO,100,36,5695.740234,8066.970703,-110.575462,-.010254,.324658,27.7776,12.6,8.5,"{""type"":""M"",""msg"":""FADE0"",""time"":23.8035,""dist"":0.48895}",2.834618,11.334618,0,7.5,12,.160828,7.5,8.5,.004354,-.010254,-.0059,-.00842286206896552,.00147079040276546,.160828,.32529,.25581475862069,.0559363377252947,3.249197,.713045,.160828,.713045,1.56744,.713045,1,1.9593,0,-1.06293672507066,.0114000234067226,-.070941137421028,.0785046548460618,-.878573370972392,-.709330995561887,.00181899503157645,.116229606706991,.00195739462903092,.179477413441045,.169903770403223
P31,23.368935,SO,100,37,5698.81543,8076.600586,-111.000008,-.012248,-.149013,27.7777,5.9,3,"{""type"":""M"",""msg"":""FADE0"",""time"":23.3179,""dist"":0.479677}",2.536784,5.536784,0,6.8,11.1,.096979,6.8,3,.008422,-.014119,-.005697,-.0113588846153846,.00214584831387352,-.149013,.154723,.0810456923076923,.087750160405902,2.834618,.324658,.096979,.324658,3.03192,.324658,1,3.7899,0,-1.18925184596448,-.715696968869578,.958914898764015,-.671653725808321,-1.05457407480709,-.786039121144047,.00181899503157645,.116229606706991,.00195739462903092,.179477413441045,.169903770403223
P31,23.517307,SO,100,38,5695.90918,8066.850586,-110.43718,-.008911,.527706,27.7779,24.4,17.2,"{""type"":""M"",""msg"":""FADE0"",""time"":23.4194,""dist"":0.488519}",2.833255,20.033255,0,1000000,30.7,.305173,30.7,17.2,.004842,-.010905,-.006063,-.00855472413793103,.00130706789900557,.305173,.527706,.432261827586207,.0654654545870617,2.536784,-.149013,.305173,-.149013,1.74312,.149013,1,2.1789,0,-1.06351479040161,1.10228203203328,.0526010812757029,-1.01090701896705,-1.18101316995158,1.83299545230398,.00181899503157645,.116229606706991,.00195739462903092,.179477413441045,.169903770403223
P31,23.825954,SO,100,39,5692.841309,8060.158203,-111.374481,-.009928,.000801,27.7779,9.1,4.8,"{""type"":""M"",""msg"":""FADE0"",""time"":23.8196,""dist"":0.498368}",3.146154,7.946154,0,10,17.1,.178149,10,4.8,.005696,-.012939,-.007243,-.01008971875,.00160149857712716,.000801,.236436,.1831270625,.064059810798537,2.833255,.527706,.178149,.527706,2.05056,.527706,1,2.5632,0,-.930810414767685,-.413541770862745,.268799963994982,-.279472322014911,-1.05515270749068,-.43537340419703,.00181899503157645,.116229606706991,.00195739462903092,.179477413441045,.169903770403223
P31,24.556587,SO,100,40,5685.430176,8043.209961,-112.577377,-.011108,-.826479,27.7776,4.5,.9,"{""type"":""M"",""msg"":""FADE0"",""time"":24.5156,""dist"":0.515884}",3.852989,4.752989,0,15,9.5,.20603,9.5,.9,.00236,-.011271,-.008911,-.0102767435897436,.000763608597658744,-.826479,.20603,-.153090769230769,.316620972221599,3.146154,.000801,.20603,.000801,.8496,.000801,1,1.062,0,-.63103285922674,-.813991433157656,-.575742744144965,-1.29717425734925,-.922318086756933,-.490164922470002,.00181899503157645,.116229606706991,.00195739462903092,.179477413441045,.169903770403223
P31,23.792786,SO,100,41,5693.34375,8060.762207,-110.804741,-.009074,.267522,27.7777,18.5,12.1,"{""type"":""M"",""msg"":""FADE0"",""time"":23.7462,""dist"":0.496529}",3.139054,15.239054,0,14.8,10.1,.159853,10.1,12.1,.004679,-.010905,-.006226,-.0085258125,.0014018546111514,.159853,.272076,.24055865625,.0375261222329961,3.852989,-.826479,.159853,-.826479,1.68444,.826479,1,2.10555,0,-.933821613483568,.501049032353048,.011335954948721,.297599181056128,-.622246309134329,-.424415100542436,.00181899503157645,.116229606706991,.00195739462903092,.179477413441045,.169903770403223
P31,24.027561,SO,100,42,5690.469238,8053.621094,-111.117851,-.008586,.124809,27.7778,25.2,14.5,"{""type"":""M"",""msg"":""FADE0"",""time"":23.9912,""dist"":0.504535}",3.333181,17.833181,0,9.8,14.6,.078704,9.8,14.5,.005209,-.010417,-.005208,-.00802564705882353,.00164548896449165,.0735,.137874,.110167794117647,.0213874304855565,3.139054,.267522,.078704,.267522,1.87524,.267522,1,2.34405,0,-.851489927128906,.826374307150971,.145510905582466,-.782010275427821,-.925332240868034,-.457290011506219,.00181899503157645,.116229606706991,.00195739462903092,.179477413441045,.169903770403223
P31,25.04722,SO,100,43,5681.599609,8030.278809,-112.033073,-.007039,.405397,27.7778,12.1,18.8,"{""type"":""M"",""msg"":""FADE0"",""time"":24.9556,""dist"":0.527978}",4.259998,16.359998,0,5.8,10.1,.232611,5.8,12.1,.006225,-.011759,-.005534,-.00861872093023256,.00184128736441681,.232611,.447154,.389072604651163,.0638721619148226,3.333181,.124809,.232611,.124809,2.241,.124809,1,2.80125,0,-.45841525667004,.641624807877178,.402721754344512,-1.05765635260942,-.842919748596792,-.89562215768999,.00181899503157645,.116229606706991,.00195739462903092,.179477413441045,.169903770403223
P31,24.64723,SO,100,44,5685.641113,8040.662598,-111.465599,-.007039,.324691,27.7781,9.9,16.6,"{""type"":""M"",""msg"":""FADE0"",""time"":24.5471,""dist"":0.516551}",3.948746,13.848746,0,6.3,9.7,.078974,6.3,9.9,.006917,-.011271,-.004354,-.007839975,.00181213546625988,.078974,.324691,.21599655,.0854620544680203,4.259998,.405397,.078974,.405397,2.49012,.405397,1,3.11265,0,-.590421119024381,.326692752898052,.577908671021024,-.515708656854792,-.449459287922308,-.840830639417018,.00181899503157645,.116229606706991,.00195739462903092,.179477413441045,.169903770403223
P31,24.855455,SO,100,45,5682.523926,8034.171875,-112.240456,-.008911,-.191025,27.7777,12.2,5.7,"{""type"":""M"",""msg"":""FADE0"",""time"":24.8094,""dist"":0.525291}",4.16671,9.86671,0,17.2,11,.32766,11,5.7,.004679,-.010905,-.006226,-.00868542857142857,.0015790299297872,-.191025,.32766,.1237285,.157587215389625,3.948746,.324691,.32766,.324691,1.68444,.324691,1,2.10555,0,-.497979863121764,-.172687946641803,.011335954948721,-.671589987252289,-.581594709808025,-.325790367651088,.00181899503157645,.116229606706991,.00195739462903092,.179477413441045,.169903770403223
P31,24.440443,SO,100,46,5687.863281,8046.088867,-111.135483,-.006551,.416598,27.7778,6.6,12.4,"{""type"":""M"",""msg"":""FADE0"",""time"":24.357,""dist"":0.511161}",3.662144,10.262144,0,8.3,14.1,.253631,8.3,6.6,.006714,-.011434,-.00472,-.00788178378378378,.00178637144848208,.253631,.416598,.318719405405405,.0443038799758488,4.16671,-.191025,.253631,-.191025,2.41704,.191025,1,3.0213,0,-.711972608372172,-.12309720774797,.526517133325457,-.929762042724147,-.489062725769695,-.621664566325133,.00181899503157645,.116229606706991,.00195739462903092,.179477413441045,.169903770403223
P31,24.307247,SO,100,47,5689.379883,8050.314453,-111.22126,-.007731,.296978,27.7778,21.2,29.3,"{""type"":""M"",""msg"":""FADE0"",""time"":24.3053,""dist"":0.508972}",3.538688,24.738688,0,16.8,11.4,.307581,11.4,21.2,.005208,-.010579,-.005371,-.00822047222222222,.0015287357519226,.296978,.341869,.315914555555556,.0148370281803802,3.662144,.416598,.307581,.416598,1.87488,.416598,1,2.3436,0,-.764331840578929,1.69238278028817,.145257745298251,-.49407424576042,-.703265498054495,-.281957153032711,.00181899503157645,.116229606706991,.00195739462903092,.179477413441045,.169903770403223
P31,24.220148,SO,100,48,5689.348633,8051.083984,-111.351707,-.008748,-.01258,27.778,17.6,9.6,"{""type"":""M"",""msg"":""FADE0"",""time"":24.1551,""dist"":0.506487}",3.446007,13.046007,0,25.8,35.4,.074456,25.8,9.6,.004191,-.010905,-.006714,-.00863442857142857,.00112429228159486,-.01258,.099841,.0688817142857143,.0311487835789037,3.538688,.296978,.074456,.296978,1.50876,.296978,1,1.88595,0,-.803639010746069,.226022552184667,-.11220626374801,-.725116854019392,-.755676119172827,1.29603857322886,.00181899503157645,.116229606706991,.00195739462903092,.179477413441045,.169903770403223
P31,24.610231,SO,100,49,5687.798828,8046.528809,-111.70089,-.008911,.185442,27.778,14.3,8,"{""type"":""M"",""msg"":""FADE0"",""time"":24.5481,""dist"":0.511386}",3.642335,11.642335,0,5.3,9,.126949,5.3,8,.008056,-.012939,-.004883,-.00954016216216216,.00197111105884633,.126949,.33043,.261036540540541,.0571042775419547,3.446007,-.01258,.126949,-.01258,2.90016,.01258,1,3.6252,0,-.720373852789484,.0499903150867337,.866258234741467,-1.27442345578862,-.795021868070152,-.950413675962961,.00181899503157645,.116229606706991,.00195739462903092,.179477413441045,.169903770403223
P32,23.447214,SO,100,1,5697.101074,8071.891602,-110.819321,-.008423,-.123294,27.7778,15.1,6.6,"{""type"":""M"",""msg"":""FADE0"",""time"":23.3704,""dist"":0.484012}",2.63417,9.23417,0,18.4,11.2,.335195,11.2,6.6,.000651,-.009074,-.008423,-.00879055555555556,.000265490885448842,-.123294,.335195,.132984148148148,.142006155239484, , ,.335195, ,.23436, , ,.29295,0,-1.14794922650745,-.252013765817455,-1.00839366986774, , ,-.303873760341899,.000474034895983732,.207024210191947,.00264773572428493,.183379373786645,.205957153876413
P32,24.216043,SO,100,2,5689.114746,8049.840332,-110.821861,-.007243,.229094,27.7779,7.5,14.4,"{""type"":""M"",""msg"":""FADE0"",""time"":24.2053,""dist"":0.509226}",3.54161,11.04161,0,10.5,15.2,-.161611,10.5,7.5,.001669,-.008057,-.006388,-.00719208333333333,.000502001330390952,-.161611,.229094,-.0113108611111111,.122847029519097,2.63417,-.123294,.161611,-.123294,.60084,.123294,1,.75105,0,-.76309258386797,-.0253456363539561,-.750676500537262,-1.0605825317727,-1.13967001329471,-.380581885924059,.000474034895983732,.207024210191947,.00264773572428493,.183379373786645,.205957153876413
P32,24.223354,SO,100,3,5689.919922,8052.123535,-111.327545,-.007894,.146855,27.7778,34.6,39.8,"{""type"":""M"",""msg"":""FADE0"",""time"":24.1755,""dist"":0.505829}",3.444679,38.044679,0,38,46.9,.200482,38,34.6,.002034,-.009928,-.007894,-.0090018,.000654771078092093,.146855,.287182,.240106285714286,.0409337582841951,3.54161,.229094,.200482,.229094,.73224,.229094,1,.9153,0,-.804202232139688,3.36106560828144,-.658272996798929,-.85623285819137,-.754435646171047,2.63295161908936,.000474034895983732,.207024210191947,.00264773572428493,.183379373786645,.205957153876413
P32,25.501951,SO,100,4,5676.65918,8019.405762,-112.254265,-.007731,-.075093,27.7777,17.8,25.5,"{""type"":""M"",""msg"":""FADE0"",""time"":25.4934,""dist"":0.542174}",4.649494,22.449494,0,48.9,17.4,.036747,17.4,17.8,.001546,-.008423,-.006877,-.00740817021276596,.000467106091624336,-.143792,.036747,-.091953085106383,.0496200051372295,3.444679,.146855,.036747,.146855,.55656,.146855,1,.6957,0,-.293225136241686,1.40529866022938,-.78181521549566,-1.01507513423726,-.795585642247552,.375541066242945,.000474034895983732,.207024210191947,.00264773572428493,.183379373786645,.205957153876413
P32,26.883987,SO,100,5,5663.308105,7985.931641,-112.918472,-.006877,.712103,27.7776,2.3,8.1,"{""type"":""M"",""msg"":""FADE0"",""time"":26.7981,""dist"":0.576092}",6.016597,8.316597,0,16.1,21.8,-.11103,16.1,2.3,.001994,-.007894,-.0059,-.00677081666666667,.000614359649861977,-.153556,.712103,.0729201666666667,.263085170500532,4.649494,-.075093,.11103,-.075093,.71784,.075093,1,.8973,0,.286580328276473,-.367085112891887,-.668399408167513,-1.1536813844787,-.284107038674756,.23308311873322,.000474034895983732,.207024210191947,.00264773572428493,.183379373786645,.205957153876413
P32,24.130287,SO,100,6,5690.954102,8055.123047,-111.272095,-.009562,.035308,27.7779,12.1,6.9,"{""type"":""M"",""msg"":""FADE0"",""time"":24.1023,""dist"":0.503136}",3.349039,10.249039,0,17.6,11.9,.115911,11.9,6.9,.000975999999999999,-.009562,-.008586,-.00910264705882353,.000448593146460903,.035308,.147793,.121688029411765,.0305495174940673,6.016597,.712103,.115911,.712103,.35136,.712103,1,.4392,0,-.844764351180109,-.124740684619467,-.926116577497989,.0766852087920579,.296267486360358,-.227165634759739,.000474034895983732,.207024210191947,.00264773572428493,.183379373786645,.205957153876413
P32,25.262875,SO,100,7,5676.20459,8022.839355,-113.91172,-.011271,-1.831132,27.7777,1.7,-1.01306,"{""type"":""M"",""msg"":""FADE0"",""time"":25.1752,""dist"":0.536948}",4.667681,3.654621,3.654621,11.4,6.9,.159442,6.9,-1.01306,.002197,-.011271,-.009074,-.0105437659574468,.000628126898448905,-1.831132,.159442,-.57861785106383,.599650872497126,3.349039,.035308,.159442,.035308,.79092,.035308,1,.98865,1,-.28551180229158,-.951735989006019,-.617007870471947,-1.23052497392514,-.836187571710335,-.775080817489453,.000474034895983732,.207024210191947,.00264773572428493,.183379373786645,.205957153876413
P32,24.334318,SO,100,8,5690.511719,8053.097168,-110.733315,-.007568,.359973,27.7777,8.1,16.9,"{""type"":""M"",""msg"":""FADE0"",""time"":24.3175,""dist"":0.505512}",3.442701,11.542701,0,9.8,14.9,-.002627,9.8,8.1,.001017,-.007568,-.006551,-.0073988,.000207990356111273,-.002627,.359973,.144362171428571,.110861649655162,4.667681,-1.831132,.002627,-1.831132,.36612,1.831132,1,.45765,0,-.805041126655183,.0374953761615321,-.91573700584519,2.23805771236528,-.276386134334107,-.457290011506219,.000474034895983732,.207024210191947,.00264773572428493,.183379373786645,.205957153876413
P32,23.642651,SO,100,9,5695.353516,8067.783203,-110.780586,-.008586,-.325991,27.7778,16.4,7.1,"{""type"":""M"",""msg"":""FADE0"",""time"":23.5736,""dist"":0.488595}",2.844107,9.944107,0,40.8,45.9,-.00799,40.8,7.1,.00118,-.008586,-.007406,-.00812837931034483,.000490733737361944,-.325991,-.00799,-.16448275862069,.0958950791932275,3.442701,.359973,.00799,.359973,.4248,.359973,1,.531,0,-1.05891232160376,-.162981713950213,-.874471879518208,-.603443813497122,-.79642536011118,2.939784121418,.000474034895983732,.207024210191947,.00264773572428493,.183379373786645,.205957153876413
P32,24.657915,SO,100,10,5685.223633,8040.300293,-111.622162,-.009237,.06684,27.7779,16.1,9.9,"{""type"":""M"",""msg"":""FADE0"",""time"":24.5785,""dist"":0.517654}",3.858761,13.758761,0,12.7,19.6,.056791,12.7,9.9,.001994,-.009237,-.007243,-.00835817948717949,.000466199520862433,.056791,.107222,.0897364358974359,.0146302443009334,2.844107,-.325991,.056791,-.325991,.71784,.325991,1,.8973,0,-.628584881904476,.31540787946946,-.668399408167513,-.669079074438908,-1.05054572151692,-.139499205522985,.000474034895983732,.207024210191947,.00264773572428493,.183379373786645,.205957153876413
P32,24.520586,SO,100,11,5690.369141,8051.925781,-110.773933,-.007568,.647357,27.7776,5.7,15.5,"{""type"":""M"",""msg"":""FADE0"",""time"":24.436,""dist"":0.5048}",3.44413,9.14413,0,10.5,19.2,.197047,10.5,5.7,.00118,-.008586,-.007406,-.007858,.000384400296872016,.197047,.647357,.412211371428571,.133288266557661,3.858761,.06684,.197047,.06684,.4248,.06684,1,.531,0,-.80443506989955,-.263305536707163,-.874471879518208,-1.16962181790088,-.619795929200628,-.380581885924059,.000474034895983732,.207024210191947,.00264773572428493,.183379373786645,.205957153876413
P32,24.438587,SO,100,12,5687.903809,8047.085938,-111.513748,-.009237,.084692,27.7777,14.2,8.3,"{""type"":""M"",""msg"":""FADE0"",""time"":24.4049,""dist"":0.511613}",3.656256,11.956256,0,10.5,16.5,.148776,10.5,8.3,.00236,-.009237,-.006877,-.00864510810810811,.000536427471735399,.084692,.187878,.158980756756757,.0280705466740154,3.44413,.647357,.148776,.647357,.8496,.647357,1,1.062,0,-.714469782743879,.0893586403806916,-.575742744144965,-.0483698381426972,-.795818708530228,-.380581885924059,.000474034895983732,.207024210191947,.00264773572428493,.183379373786645,.205957153876413
P32,24.691576,SO,100,13,5684.438965,8038.188477,-111.946716,-.008423,.108071,27.7779,20.8,10.4,"{""type"":""M"",""msg"":""FADE0"",""time"":24.6642,""dist"":0.52133}",3.948048,14.348048,0,32.5,21.1,.102406,21.1,10.4,.004354,-.010905,-.006551,-.008984475,.00106974523656516,.102406,.244409,.187367175,.046861897376083,3.656256,.084692,.102406,.084692,1.56744,.084692,1,1.9593,0,-.590717149546027,.389309409814676,-.070941137421028,-1.13514119055897,-.705765123322969,.780998301462934,.000474034895983732,.207024210191947,.00264773572428493,.183379373786645,.205957153876413
P32,25.573721,SO,100,14,5674.021973,8013.108398,-112.998466,-.009237,-.11741,27.7774,11.8,6,"{""type"":""M"",""msg"":""FADE0"",""time"":25.4876,""dist"":0.546877}",4.886278,10.886278,0,23.7,16.5,.214565,16.5,6,.001709,-.009766,-.008057,-.00895855102040816,.000531734036793164,-.11741,.256266,.138338816326531,.112924282191039,3.948048,.108071,.214565,.108071,.61524,.108071,1,.76905,0,-.192802083179504,-.0448255714476932,-.740550089168678,-1.0899853208174,-.581891030874159,.276916333351597,.000474034895983732,.207024210191947,.00264773572428493,.183379373786645,.205957153876413
P32,26.549599,SO,100,15,5667.925781,7999.833984,-113.934227,-.009928,-.591388,27.7778,6.6,2.1,"{""type"":""M"",""msg"":""FADE0"",""time"":26.4683,""dist"":0.561619}",5.454054,7.554054,0,23.2,15.2,.249866,15.2,2.1,.00118,-.009928,-.008748,-.00928463636363636,.000402168352606696,-.591388,.250779,-.00121187272727273,.252258830269557,4.886278,-.11741,.249866,-.11741,.4248,.11741,1,.531,0,.0479988128921614,-.462714398204531,-.874471879518208,-1.07194730946035,-.183585423598266,.134458385841872,.000474034895983732,.207024210191947,.00264773572428493,.183379373786645,.205957153876413
P32,25.731163,SO,100,16,5674.18457,8012.714355,-112.870163,-.009074,.186636,27.7779,15.2,9,"{""type"":""M"",""msg"":""FADE0"",""time"":25.6703,""dist"":0.547881}",4.952595,13.952595,0,26.1,18.9,.24276,18.9,9,.00118,-.009237,-.008057,-.00886074,.000355743304037261,.186636,.36019,.3050909,.0491569373816646,5.454054,-.591388,.24276,-.591388,.4248,.591388,1,.531,0,-.164676214835678,.339716288161549,-.874471879518208,-.156472360644339,.0574518108502994,.539915621061859,.000474034895983732,.207024210191947,.00264773572428493,.183379373786645,.205957153876413
P32,26.179716,SO,100,17,5669.89502,8001.51123,-113.226944,-.008911,.575496,27.7778,19.4,12.6,"{""type"":""M"",""msg"":""FADE0"",""time"":26.1423,""dist"":0.560597}",5.400282,18.000282,0,32.5,23.7,.363416,23.7,12.6,.001017,-.009074,-.008057,-.00871825925925926,.000322073833395282,.363416,.639066,.562042611111111,.0825203024574928,4.952595,.186636,.363416,.186636,.36612,.186636,1,.45765,0,.0251934358005519,.847330173515266,-.91573700584519,-.938239270676401,-.155431950614333,1.06591419648238,.000474034895983732,.207024210191947,.00264773572428493,.183379373786645,.205957153876413
P32,26.96736,SO,100,18,5659.197754,7976.919434,-113.7285,-.008586,.579331,27.7779,36.5,43.6,"{""type"":""M"",""msg"":""FADE0"",""time"":26.9259,""dist"":0.587182}",6.381119,42.881119,0,36.8,44.1,-.233047,36.8,36.5,.001709,-.008586,-.006877,-.00772875,.000554946586876354,-.233047,.579331,.0942710625,.262476080688113,5.400282,.575496,.233047,.575496,.61524,.575496,1,.76905,0,.441178663249835,3.9675957326908,-.740550089168678,-.187167304052227,.0346240510105592,2.50145197523423,.000474034895983732,.207024210191947,.00264773572428493,.183379373786645,.205957153876413
P32,26.183363,SO,100,19,5667.557129,7998.00293,-113.891647,-.010254,-.208729,27.7778,7.7,3.6,"{""type"":""M"",""msg"":""FADE0"",""time"":26.1145,""dist"":0.563826}",5.592693,9.192693,0,33,22.6,.498646,22.6,3.6,.001668,-.010254,-.008586,-.00923882142857143,.000500386036689959,-.208729,.533015,.320562696428571,.227992129578108,6.381119,.579331,.498646,.579331,.60048,.579331,1,.7506,0,.106797345113459,-.25721532935802,-.750929660821477,-.179760111252752,.451017554654298,.945372856281848,.000474034895983732,.207024210191947,.00264773572428493,.183379373786645,.205957153876413
P32,27.256311,SO,100,20,5656.521973,7971.833008,-114.229095,-.008057,.205824,27.7778,26.9,33.6,"{""type"":""M"",""msg"":""FADE0"",""time"":27.1641,""dist"":0.591512}",6.585434,33.485434,0,22.7,35.8,.053309,22.7,26.9,.001831,-.009074,-.007243,-.00831745454545455,.000589610488942767,.053309,.227434,.191579803030303,.0424428585487756,5.592693,-.208729,.053309,-.208729,.65916,.208729,1,.82395,0,.52783120770554,2.78929806085756,-.709664534494495,-.895567273148685,.11630805195016,.956331159936442,.000474034895983732,.207024210191947,.00264773572428493,.183379373786645,.205957153876413
P32,26.884802,SO,100,21,5664.289551,7987.826172,-113.252449,-.008586,.845814,27.7779,32.7,42.5,"{""type"":""M"",""msg"":""FADE0"",""time"":26.8131,""dist"":0.574362}",5.984173,38.684173,0,12,20.3,.329464,12,32.7,.002198,-.008586,-.006388,-.00770061666666667,.000610436634273597,.329464,.845814,.535945283333333,.148199003365789,6.585434,.205824,.329464,.205824,.79128,.205824,1,.9891,0,.27282890473228,3.44126351735899,-.616754710187732,-.901178197550894,.537755145810597,-.216207331105145,.000474034895983732,.207024210191947,.00264773572428493,.183379373786645,.205957153876413
P32,26.625742,SO,100,22,5665.164063,7992.323242,-113.583374,-.007243,-.152287,27.778,17.9,23.3,"{""type"":""M"",""msg"":""FADE0"",""time"":26.5721,""dist"":0.570331}",5.769758,23.669758,0,10.5,15.1,-.154742,10.5,17.9,.004354,-.010742,-.006388,-.00828115517241379,.00113780784616619,-.154742,-.024159,-.0851406896551724,.0433241190781993,5.984173,.845814,.154742,.845814,1.56744,.845814,1,1.9593,0,.181892824075109,1.55832999644615,-.070941137421028,.334944180476687,.282502566233829,-.380581885924059,.000474034895983732,.207024210191947,.00264773572428493,.183379373786645,.205957153876413
P32,27.081736,SO,100,23,5659.004883,7976.777832,-114.413864,-.010417,.447376,27.7777,10.4,6.7,"{""type"":""M"",""msg"":""FADE0"",""time"":27.0235,""dist"":0.586972}",6.388335,13.088335,0,11.1,19.6,.118762,11.1,6.7,.002849,-.010417,-.007568,-.00891690625,.000800726549418991,.118762,.585477,.44265053125,.1431200964963,5.769758,-.152287,.118762,-.152287,1.02564,.152287,1,1.28205,0,.44423905901516,.231330838259962,-.45194736516402,-1.00458338162012,.191477234722302,-.314832063996493,.000474034895983732,.207024210191947,.00264773572428493,.183379373786645,.205957153876413
P32,26.383905,SO,100,24,5667.199219,7995.612793,-113.559486,-.010579,.412333,27.7778,10.6,7,"{""type"":""M"",""msg"":""FADE0"",""time"":26.2955,""dist"":0.565511}",5.682058,12.682058,0,11.8,20.3,-.175452,11.8,7,.003011,-.010742,-.007731,-.00903031578947368,.000830360897396314,-.175452,.46468,.260918421052632,.204702600148531,6.388335,.447376,.175452,.447376,1.08396,.447376,1,1.35495,0,.144698158246533,.180380296259098,-.410935399121253,-.434627419167922,.454080954100172,-.238123938414333,.000474034895983732,.207024210191947,.00264773572428493,.183379373786645,.205957153876413
P32,27.071302,SO,100,25,5659.503418,7975.693359,-113.479172,-.008586,1.36247,27.7777,-.8103,18.6,"{""type"":""M"",""msg"":""FADE0"",""time"":27.0374,""dist"":0.588363}",6.37615,5.56585,5.56585,14.6,27.6,-.131924,14.6,-.8103,.002034,-.008748,-.006714,-.0078531875,.000585597859605551,-.131924,1.36247,.557974,.435407435032034,5.682058,.412333,.131924,.412333,.73224,.412333,1,.9153,1,.439071248261213,-.712051848782059,-.658272996798929,-.502311971259706,.154246063518976,.0687085639143059,.000474034895983732,.207024210191947,.00264773572428493,.183379373786645,.205957153876413
P32,27.476246,SO,100,26,5652.925293,7964.515137,-114.742828,-.009074,-.061656,27.7776,14.8,7.9,"{""type"":""M"",""msg"":""FADE0"",""time"":27.4165,""dist"":0.600505}",6.899027,14.799027,0,10.2,14.9,-.310433,10.2,7.9,.002523,-.009074,-.006551,-.00852085507246377,.00051060812288654,-.310433,.034146,-.0689551594202898,.105491566135099,6.37615,1.36247,.310433,1.36247,.90828,1.36247,1,1.13535,0,.660829917411132,.445865957394303,-.534477617817983,1.33285046548461,.448908071305275,-.413456796887842,.000474034895983732,.207024210191947,.00264773572428493,.183379373786645,.205957153876413
P32,27.508562,SO,100,27,5654.593262,7966.779785,-114.519386,-.009399,.522467,27.7779,16.4,11,"{""type"":""M"",""msg"":""FADE0"",""time"":27.4937,""dist"":0.599002}",6.825186,17.825186,0,1000000,35.4,-.158036,35.4,11,.001668,-.009399,-.007731,-.00865255882352941,.000488985833886708,-.158036,.537273,.283141911764706,.217125908022899,6.899027,-.061656,.158036,-.061656,.60048,.061656,1,.7506,0,.62951302665346,.825371667121393,-.750929660821477,-1.17963456561208,.670884389495481,2.34803572406991,.000474034895983732,.207024210191947,.00264773572428493,.183379373786645,.205957153876413
P32,27.456367,SO,100,28,5659.494141,7978.604492,-114.055466,-.008911,.158834,27.7778,19.5,11.6,"{""type"":""M"",""msg"":""FADE0"",""time"":27.4255,""dist"":0.585775}",6.322488,17.922488,0,13.5,23.9,-.137456,13.5,11.6,.00354,-.010417,-.006877,-.00865103174603175,.000777757445568491,-.137456,.295909,.168512841269841,.12012284482981,6.825186,.522467,.137456,.522467,1.2744,.522467,1,1.593,0,.416312523544075,.837574153695253,-.277013608771723,-.289591300652837,.639536762211277,-.051832776286231,.000474034895983732,.207024210191947,.00264773572428493,.183379373786645,.205957153876413
P32,27.595238,SO,100,29,5656.036621,7972.72998,-115.058235,-.011759,-.620631,27.7775,5.2,1.7,"{""type"":""M"",""msg"":""FADE0"",""time"":27.5143,""dist"":0.591163}",6.589302,8.289302,0,32.1,41.5,.031555,32.1,1.7,.003702,-.011759,-.008057,-.00929128787878788,.000908661818536578,-.620631,.083309,-.0760332878787879,.196041492176903,6.322488,.158834,.031555,.158834,1.33272,.158834,1,1.6659,0,.529471674836953,-.370508134731454,-.236001642728955,-.991938038397651,.42612700962782,1.9864117034683,.000474034895983732,.207024210191947,.00264773572428493,.183379373786645,.205957153876413
P32,28.306614,SO,100,30,5648.086426,7950.872559,-114.424965,-.007406,1.266608,27.7777,-.507916,7.9,"{""type"":""M"",""msg"":""FADE0"",""time"":28.3042,""dist"":0.616559}",7.398989,6.891073,6.891073,43,26.1,-.078243,26.1,-.507916,.001872,-.008586,-.006714,-.00765741891891892,.000478660001927663,-.078243,1.266608,.48665254054054,.389215658056509,6.589302,-.620631,.078243,-.620631,.67392,.620631,1,.8424,1,.872870048733664,-.545857773995617,-.699284962841696,-.0999903426430254,.539397223008025,1.32891348419265,.000474034895983732,.207024210191947,.00264773572428493,.183379373786645,.205957153876413
P32,26.996901,SO,100,31,5661.986328,7985.384766,-114.129189,-.009237,-.302162,27.7778,10.8,4.8,"{""type"":""M"",""msg"":""FADE0"",""time"":26.9948,""dist"":0.579322}",6.110796,10.910796,0,11.9,18.6,-.047178,11.9,4.8,.001994,-.009237,-.007243,-.00884852459016394,.00042308323084067,-.302162,.07208,-.0267116393442623,.101801799670574,7.398989,1.266608,.047178,1.266608,.71784,1.266608,1,.8973,0,.326531301211319,-.0417508086903204,-.668399408167513,1.14769575462587,.883132631424294,-.227165634759739,.000474034895983732,.207024210191947,.00264773572428493,.183379373786645,.205957153876413
P32,27.789001,SO,100,32,5652.441406,7961.733398,-114.554634,-.009074,.657801,27.7778,23.4,16.2,"{""type"":""M"",""msg"":""FADE0"",""time"":27.7742,""dist"":0.604509}",6.997661,23.197661,0,8.8,13.4,-.306665,8.8,16.2,.002523,-.009074,-.006551,-.00835428571428572,.000481859716877726,-.306665,.657801,.253732657142857,.298894600508679,6.110796,-.302162,.306665,-.302162,.90828,.302162,1,1.13535,0,.702661829262166,1.49912507461454,-.534477617817983,-.715104106308186,.336257669897211,-.566873048052162,.000474034895983732,.207024210191947,.00264773572428493,.183379373786645,.205957153876413
P32,27.221674,SO,100,33,5657.173828,7974.47998,-113.975113,-.008219,-.278517,27.7778,29.3,35.9,"{""type"":""M"",""msg"":""FADE0"",""time"":27.1506,""dist"":0.589305}",6.515142,35.815142,0,15,8,-.088551,8,29.3,.00236,-.008911,-.006551,-.00753384615384615,.00058662645777491,-.413073,-.088551,-.319296,.0886418456505941,6.997661,.657801,.088551,.657801,.8496,.657801,1,1.062,0,.498019492193315,3.08146297618319,-.575742744144965,-.0281975508942713,.712757358029903,-.654539477288916,.000474034895983732,.207024210191947,.00264773572428493,.183379373786645,.205957153876413
P32,27.367792,SO,100,34,5655.77832,7970.88623,-113.86454,-.007731,-.076925,27.7776,10.8,18.4,"{""type"":""M"",""msg"":""FADE0"",""time"":27.3601,""dist"":0.594907}",6.578817,17.378817,0,56.2,12.1,-.303139,12.1,10.8,.001668,-.008219,-.006551,-.00732281818181818,.000524906934142129,-.491656,-.076925,-.375180060606061,.1117022433567,6.515142,-.278517,.303139,-.278517,.60048,.278517,1,.7506,0,.525024855324837,.769393252191718,-.750929660821477,-.7607737474408,.507914171053195,-.205249027450551,.000474034895983732,.207024210191947,.00264773572428493,.183379373786645,.205957153876413
P32,26.970116,SO,100,35,5658.871582,7979.812988,-114.625275,-.009766,-.911593,27.7776,6.3,1,"{""type"":""M"",""msg"":""FADE0"",""time"":26.9323,""dist"":0.584724}",6.292099,7.292099,0,27.9,17.4,.034444,17.4,1,.00118,-.009766,-.008586,-.00905652380952381,.000305401209260067,-.911593,.045433,-.256687873015873,.295074951335413,6.578817,-.076925,.034444,-.076925,.4248,.076925,1,.531,0,.403424168927603,-.495565751418807,-.874471879518208,-1.15014292888322,.5349460390848,.375541066242945,.000474034895983732,.207024210191947,.00264773572428493,.183379373786645,.205957153876413
P32,27.294304,SO,100,36,5657.842773,7976.404297,-114.390907,-.009237,-.461225,27.7776,11.1,4.6,"{""type"":""M"",""msg"":""FADE0"",""time"":27.2301,""dist"":0.587526}",6.409618,11.009618,0,54.5,18.6,.043113,18.6,4.6,.001831,-.009237,-.007406,-.0083305,.00040339916818071,-.461225,.043113,-.169264875,.137873846506479,6.292099,-.911593,.043113,-.911593,.65916,.911593,1,.82395,0,.453265445250389,-.0293577013728759,-.709664534494495,.461994437362383,.413226005503557,.507040710098077,.000474034895983732,.207024210191947,.00264773572428493,.183379373786645,.205957153876413
P32,28.704216,SO,100,37,5640.317383,7943.238281,-116.664581,-.009562,1.19613,27.7778,.2,-2.838236,"{""type"":""M"",""msg"":""FADE0"",""time"":28.6391,""dist"":0.624921}",7.809673,4.971437,4.971437,16.3,8.8,-.130178,8.8,-2.838236,.001018,-.009766,-.008748,-.0092475641025641,.000351069630483591,-1.867156,1.827981,-.407844743589744,.953261089470115,6.409618,-.461225,.130178,-.461225,.36648,.461225,1,.4581,1,1.0470462647102,-.786596222503337,-.915483845560975,-.407878471819832,.463116199444761,-.566873048052162,.000474034895983732,.207024210191947,.00264773572428493,.183379373786645,.205957153876413
P32,27.883865,SO,100,38,5651.01416,7961.420898,-114.878334,-.007894,-.51582,27.7782,31.8,13.1,"{""type"":""M"",""msg"":""FADE0"",""time"":27.8308,""dist"":0.604287}",6.999427,20.099427,0,37.9,19.8,-.061182,19.8,13.1,.000854000000000001,-.008748,-.007894,-.00836304285714286,.0002626939827469,-.51582,-.053397,-.208000957142857,.148498972222319,7.809673,1.19613,.061182,1.19613,.30744,1.19613,1,.3843,0,.703410811928679,1.11058055561517,-.957002132172171,1.0115695136555,1.05747979578537,.638540353953208,.000474034895983732,.207024210191947,.00264773572428493,.183379373786645,.205957153876413
P32,26.869528,SO,100,39,5661.54248,7986.972656,-113.802216,-.007243,-1.339621,27.7777,22,-1.82692,"{""type"":""M"",""msg"":""FADE0"",""time"":26.842,""dist"":0.577285}",5.979107,4.152187,4.152187,12.7,5.2,-.364671,5.2,-1.82692,.001505,-.008748,-.007243,-.0076891,.000493070548807871,-1.339621,-.364671,-.9122333,.29928439776111,6.999427,-.51582,.364671,-.51582,.5418,.51582,1,.67725,1,.270680350831624,-.889337041043909,-.792194787148459,-.302429791014795,.713507075798946,-.961371979617555,.000474034895983732,.207024210191947,.00264773572428493,.183379373786645,.205957153876413
P32,27.053556,SO,100,40,5658.620605,7979.03125,-114.618042,-.009399,-.823558,27.7779,7.1,1.5,"{""type"":""M"",""msg"":""FADE0"",""time"":26.98,""dist"":0.584506}",6.279254,7.779254,0,18.1,25.2,-.018924,18.1,1.5,.001993,-.009399,-.007406,-.00884266666666667,.000490225951853804,-.823558,-.018924,-.265747888888889,.235695841169334,5.979107,-1.339621,.018924,-1.339621,.71748,1.339621,1,.89685,0,.397976443926827,-.434472430141868,-.668652568451728,1.28871827558234,.280351903596246,.452249191825106,.000474034895983732,.207024210191947,.00264773572428493,.183379373786645,.205957153876413
P32,26.678757,SO,100,41,5662.730957,7986.319336,-113.83989,-.007894,.010369,27.7779,29.9,35.2,"{""type"":""M"",""msg"":""FADE0"",""time"":26.6465,""dist"":0.577355}",6.089241,35.989241,0,1000000,23.2,.090076,23.2,29.9,.00118,-.009074,-.007894,-.00837690163934426,.000412766911824661,.010369,.17356,.125752442622951,.0425778375486295,6.279254,-.823558,.090076,-.823558,.4248,.823558,1,.531,0,.317389556377397,3.10329645041828,-.874471879518208,.2919573531116,.407772933734951,1.01112267820941,.000474034895983732,.207024210191947,.00264773572428493,.183379373786645,.205957153876413
P32,27.975235,SO,100,42,5650.95752,7959.791992,-114.965584,-.009237,.111118,27.7778,14,8,"{""type"":""M"",""msg"":""FADE0"",""time"":27.8744,""dist"":0.604499}",7.097303,15.097303,0,26.2,37.7,-.123871,26.2,8,.00118,-.009237,-.008057,-.00859880281690141,.000420231623876925,-.123871,.231974,.119395845070423,.107933216789517,6.089241,.010369,.123871,.010369,.4248,.010369,1,.531,0,.744921246508356,.483272268521562,-.874471879518208,-1.27869393904276,.327106952733156,1.33987178784724,.000474034895983732,.207024210191947,.00264773572428493,.183379373786645,.205957153876413
P32,27.800781,SO,100,43,5654.639648,7959.529297,-112.577408,-.006063,-.136985,27.7784,-3.165243,-1.010898,"{""type"":""M"",""msg"":""FADE0"",""time"":27.7021,""dist"":0.603428}",7.013756,3.848513,3.848513,7.3,11.1,-.341462,7.3,-3.165243,.000977,-.006877,-.0059,-.00633701428571429,.000234377343024866,-1.861926,1.816197,.0655667142857144,.956302677970571,7.097303,.111118,.341462,.111118,.35172,.111118,1,.43965,1,.709487919872324,-.927420306627662,-.925863417213774,-1.08410012747711,.755058251542351,-.731247602871076,.000474034895983732,.207024210191947,.00264773572428493,.183379373786645,.205957153876413
P32,27.57114,SO,100,44,5655.402832,7969.498535,-114.465286,-.008586,.139981,27.7777,26.1,13.1,"{""type"":""M"",""msg"":""FADE0"",""time"":27.4836,""dist"":0.594267}",6.680048,19.780048,0,30.2,19.5,.140318,19.5,13.1,.000691000000000001,-.008748,-.008057,-.00833544776119403,.000237776523778239,.139981,.21151,.186533910447761,.0213492477390226,7.013756,-.136985,.140318,-.136985,.24876,.136985,1,.31095,0,.567958187325892,1.07052775136169,-.998267258499153,-1.03413875690501,.719590148229646,.605665442989425,.000474034895983732,.207024210191947,.00264773572428493,.183379373786645,.205957153876413
P32,27.384459,SO,100,45,5654.789551,7970.743164,-115.034355,-.009074,-.941857,27.7778,6.7,.8,"{""type"":""M"",""msg"":""FADE0"",""time"":27.3272,""dist"":0.594167}",6.593272,7.393272,0,24.7,15.3,.234004,15.3,.8,.000488000000000001,-.009074,-.008586,-.00892098484848485,.000171052442918651,-.941857,.234004,-.172338909090909,.351859874263375,6.680048,.139981,.234004,.139981,.17568,.139981,1,.2196,0,.531155401442876,-.482877808990726,-1.04965879619472,-1.02835206860586,.577921508777888,.145416689496466,.000474034895983732,.207024210191947,.00264773572428493,.183379373786645,.205957153876413
P32,26.954506,SO,100,46,5659.066406,7977.754395,-114.000046,-.008219,.114388,27.7779,34,39.5,"{""type"":""M"",""msg"":""FADE0"",""time"":26.9173,""dist"":0.586609}",6.288309,40.288309,0,16.8,24.2,.077883,16.8,34,.000813,-.008219,-.007406,-.00798684126984127,.000186349152550867,.063821,.114388,.0841820158730159,.018304677731514,6.593272,-.941857,.077883,-.941857,.29268,.941857,1,.36585,0,.401816782570815,3.64243562073452,-.967381703824971,.520448487657898,.541082602137753,.30979124431538,.000474034895983732,.207024210191947,.00264773572428493,.183379373786645,.205957153876413
P32,27.359148,SO,100,47,5657.419922,7975.233887,-114.580643,-.008911,-.373574,27.7779,11.2,4.5,"{""type"":""M"",""msg"":""FADE0"",""time"":27.345,""dist"":0.590136}",6.500614,11.000614,0,35.7,23.2,.036869,23.2,4.5,.000488000000000001,-.009074,-.008586,-.00891861538461538,.000145093901955304,-.373574,.149297,.0126174923076923,.14995961045219,6.288309,.114388,.036869,.114388,.17568,.114388,1,.2196,0,.491857985863126,-.0304868784618466,-1.04965879619472,-1.07778421601576,.411617041548476,1.01112267820941,.000474034895983732,.207024210191947,.00264773572428493,.183379373786645,.205957153876413
P32,28.007141,SO,100,48,5649.122559,7954.772949,-115.102585,-.008748,.546769,27.7778,22,13.2,"{""type"":""M"",""msg"":""FADE0"",""time"":27.9237,""dist"":0.610338}",7.19387,20.39387,0,15.4,30.6,.1795,15.4,13.2,.00118,-.009237,-.008057,-.00864097222222222,.000270041570728939,.1795,.64333,.512922375,.138641003943708,6.500614,-.373574,.1795,-.373574,.4248,.373574,1,.531,0,.785876517831823,1.1475061764068,-.874471879518208,-.57717387105497,.501746617401634,.15637499315106,.000474034895983732,.207024210191947,.00264773572428493,.183379373786645,.205957153876413
P32,28.815416,SO,100,49,5638.65332,7931.303711,-115.363617,-.007894,1.128441,27.7778,0,12.4,"{""type"":""M"",""msg"":""FADE0"",""time"":28.7956,""dist"":0.637811}",8.219343,8.219343,8.219343,17.2,26.4,-.126401,17.2,0,.000163,-.007894,-.007731,-.00774491463414634,4.58266193653546E-05,-.126401,1.128441,.403443304878049,.372949529568778,7.19387,.546769,.126401,.546769,.05868,.546769,1,.07335,1,1.22079243061662,-.379281579863318,-1.13193588856447,-.242652682813768,.796053719154569,.353624458933757,.000474034895983732,.207024210191947,.00264773572428493,.183379373786645,.205957153876413
P32,26.098425,SO,100,50,5671.25293,8001.208008,-112.206223,-.007894,-1.786806,27.7777,-2.15465,3.5,"{""type"":""M"",""msg"":""FADE0"",""time"":26.0829,""dist"":0.560941}",5.391499,3.236849,3.236849,6.8,13.9,.098349,6.8,-2.15465,.000326,-.007894,-.007568,-.00778231481481481,.000133680529350102,-1.87023,1.838247,.770421777777778,.809780909053094,8.219343,1.128441,.098349,1.128441,.11736,1.128441,1,.1467,1,.0214684557552568,-1.00412810038024,-1.09067076223749,.880830146405532,1.23139648799593,-.786039121144047,.000474034895983732,.207024210191947,.00264773572428493,.183379373786645,.205957153876413
