"t","id","drive","speed.kmh","occ_nr","x","y","yaw","steer","off","speed","leftTLC","rightTLC","report","OT","OTTLC","true.TLC","FADE1.leftTLC","FADE1.rightTLC","FADE1.off","FADE1.TLC.min","FADE0.TLC.min","steer.ampl","steer.min","steer.max","steer.avg","steer.sd","offset.min","offset.max","offset.avg","offset.sd","last_OT","last_FADE0.off"
19.689926,"P01","SO_1.2",100,1,5719.289062,8137.726562,-109.367996,-0.015299,-0.668807,27.7775,3.3,1,"{""type"":""M"",""msg"":""FADE0"",""time"":19.6152,""dist"":0.380819}",3.23291,4.23291,0,13.6,9.3,0.247544,9.3,1,0.005045,-0.015299,-0.010254,-0.0123931515151515,0.00150341295310894,-0.668807,0.253171,-0.0187818787878788,0.286373963402288,NA,NA
20.501961,"P01","SO_1.2",100,2,5712.443848,8117.147949,-110.616951,-0.019491,-0.752089,27.7764,2.5,0.6,"{""type"":""M"",""msg"":""FADE0"",""time"":20.4502,""dist"":0.403139}",4.044092,4.644092,0,19.3,14.1,0.143672,14.1,0.6,0.011472,-0.020871,-0.009399,-0.0129086829268293,0.00331231525853914,-0.752089,0.238151,0.0119057073170731,0.282074068580067,3.23291,-0.668807
20.336729,"P01","SO_1.2",100,3,5714.915527,8124.670898,-109.771179,-0.010091,-0.777172,27.7776,4.2,0.9,"{""type"":""M"",""msg"":""FADE0"",""time"":20.2614,""dist"":0.394551}",3.73863,4.63863,0,24,16.7,0.122761,16.7,0.9,0.006063,-0.014974,-0.008911,-0.0116008947368421,0.0014980363144567,-0.777172,0.144481,-0.112310315789474,0.280850348576364,4.044092,-0.752089
21.164324,"P01","SO_1.2",100,4,5708.871094,8102.996582,-109.746788,-0.017131,0.465582,27.7768,5.5,3.6,"{""type"":""M"",""msg"":""FADE0"",""time"":21.1355,""dist"":0.41831}",4.54773,8.14773,0,6.7,11.2,-0.139509,6.7,3.6,0.011068,-0.017131,-0.006063,-0.010244152173913,0.00291753485720311,-0.139509,0.540159,0.30531997826087,0.213711720344277,3.73863,-0.777172
21.599689,"P01","SO_1.2",100,5,5701.94873,8087.801758,-112.524162,-0.031212,-1.056874,27.7736,1.5,0.1,"{""type"":""M"",""msg"":""FADE0"",""time"":21.561,""dist"":0.434631}",5.150405,5.250405,0,10,13.7,-0.41233,10,0.1,0.025678,-0.031212,-0.005534,-0.0124749423076923,0.00734982379250823,-1.056874,-0.236002,-0.382811269230769,0.17466152886802,4.54773,0.465582
19.628149,"P01","SO_1.2",100,6,5720.882324,8143.304199,-109.033844,-0.01359,-0.846031,27.7777,3.4,0.7,"{""type"":""M"",""msg"":""FADE0"",""time"":19.5667,""dist"":0.375338}",3.031931,3.731931,0,11.3,7.1,0.061244,7.1,0.7,0.005737,-0.015299,-0.009562,-0.0118813870967742,0.00150193774121787,-0.846031,0.061244,-0.250656193548387,0.277814477781417,5.150405,-1.056874
21.119846,"P01","SO_1.2",100,7,5706.289062,8107.200684,-112.435852,-0.016317,0.347751,27.777,-0.504642,-1.817878,"{""type"":""M"",""msg"":""FADE0"",""time"":21.058,""dist"":0.414252}",4.447487,2.629609,2.629609,7.7,4.9,0.215064,4.9,-1.817878,0.009888,-0.018636,-0.008748,-0.0141158444444444,0.00243502276408582,-1.765173,1.861937,-0.0606396,0.929516267164941,3.031931,-0.846031
20.432165,"P01","SO_1.2",100,8,5718.998047,8137.540527,-109.439484,-0.012777,-0.890628,27.7782,3.3,0.5,"{""type"":""M"",""msg"":""FADE0"",""time"":20.3902,""dist"":0.381939}",3.23485,3.73485,0,7.8,5.4,0.201082,5.4,0.5,0.008911,-0.016805,-0.007894,-0.0129148181818182,0.0022123464700198,-0.890628,0.216832,-0.118616515151515,0.348663605491931,4.447487,0.347751
21.325628,"P01","SO_1.2",100,9,5712.609863,8113.053711,-108.384087,-0.00472,0.760963,27.7781,2.5,7.1,"{""type"":""M"",""msg"":""FADE0"",""time"":21.2372,""dist"":0.405923}",4.138181,6.638181,0,8,12.6,-0.234309,8,2.5,0.014811,-0.015299,-0.000488,-0.00798109523809524,0.00295917548511137,-0.234309,0.760963,0.27973380952381,0.331914964968603,3.23485,-0.890628
21.924324,"P01","SO_1.2",100,10,5699.86084,8082.414062,-112.393173,-0.020871,-1.188136,27.7771,1.8,0,"{""type"":""M"",""msg"":""FADE0"",""time"":21.8982,""dist"":0.440765}",5.359249,5.359249,5.359249,13.5,8.6,-0.195403,8.6,0,0.017656,-0.020871,-0.003215,-0.0122743518518519,0.00476327678222178,-1.188136,0.027922,-0.217737981481481,0.294206869178205,4.138181,0.760963
20.812733,"P01","SO_1.2",100,11,5709.150391,8110.228027,-111.647545,-0.022911,-1.664582,27.7764,1.1,-0.504961,"{""type"":""M"",""msg"":""FADE0"",""time"":20.7467,""dist"":0.410268}",4.253031,3.74807,3.74807,14.6,9.1,-0.171945,9.1,-0.504961,0.013145,-0.022911,-0.009766,-0.0137924418604651,0.00416060886857364,-1.664582,-0.161162,-0.50489088372093,0.429726511557515,5.359249,-1.188136
20.502249,"P01","SO_1.2",100,12,5715.013184,8122.54248,-109.417007,-0.017293,-0.006319,27.777,4.4,2.4,"{""type"":""M"",""msg"":""FADE0"",""time"":20.4907,""dist"":0.398287}",3.842655,6.242655,0,1e+06,37.2,-0.141775,37.2,2.4,0.009399,-0.017293,-0.007894,-0.0113295128205128,0.00294987450109318,-0.141775,0.250122,0.109804948717949,0.120747615626442,4.253031,-1.664582
21.01894,"P01","SO_1.2",100,13,5708.577637,8104.924805,-110.551125,-0.017822,-0.458712,27.7772,3.3,1.3,"{""type"":""M"",""msg"":""FADE0"",""time"":20.9808,""dist"":0.416313}",4.444546,5.744546,0,8.3,12.9,-0.137715,8.3,1.3,0.011434,-0.017822,-0.006388,-0.0114095111111111,0.00321790362744995,-0.458712,0.098535,-0.0308827555555556,0.137124388240643,3.842655,-0.006319
21.314991,"P01","SO_1.2",100,14,5708.333008,8102.918945,-110.014069,-0.016805,-0.022278,27.7773,4.7,2.6,"{""type"":""M"",""msg"":""FADE0"",""time"":21.2892,""dist"":0.418645}",4.539658,7.139658,0,6.5,9.5,-0.245445,6.5,2.6,0.012939,-0.016805,-0.003866,-0.00981523913043478,0.00367949830628991,-0.245445,0.1985,0.0259592826086957,0.155533668130467,4.444546,-0.458712
21.35088,"P01","SO_1.2",100,15,5706.266113,8100.32959,-110.053841,-0.012085,-1.123039,27.7784,4.3,0,"{""type"":""M"",""msg"":""FADE0"",""time"":21.3474,""dist"":0.42234}",4.642107,4.642107,4.642107,21.5,8,-0.254486,8,0,0.010579,-0.014445,-0.003866,-0.00894836170212766,0.00299278074434443,-1.123039,-0.254486,-0.545840638297872,0.239447908411015,4.539658,-0.022278
20.815271,"P01","SO_1.2",100,16,5708.32959,8108.515137,-110.899216,-0.013794,-1.870157,27.7777,1.3,-0.907016,"{""type"":""M"",""msg"":""FADE0"",""time"":20.8071,""dist"":0.41381}",4.342569,3.435553,3.435553,15.1,8.1,-0.167649,8.1,-0.907016,0.00472,-0.013794,-0.009074,-0.0115772045454545,0.0016041774474071,-1.870157,-0.167649,-0.720049522727273,0.501053362205854,4.642107,-1.123039
20.027788,"P01","SO_1.2",100,17,5720.264648,8138.955566,-108.233986,-0.014974,-0.093985,27.7769,5.8,3.3,"{""type"":""M"",""msg"":""FADE0"",""time"":19.962,""dist"":0.379533}",3.135876,6.435876,0,13.6,8.5,-0.232474,8.5,3.3,0.008586,-0.014974,-0.006388,-0.009916875,0.00261177889878317,-0.232474,-0.043057,-0.1213364375,0.0619115719372227,4.342569,-1.870157
20.195904,"P01","SO_1.2",100,18,5716.09668,8129.396484,-109.712357,-0.014771,-1.135036,27.7773,2.7,0,"{""type"":""M"",""msg"":""FADE0"",""time"":20.1245,""dist"":0.389761}",3.6343,3.6343,3.6343,13.3,7.3,0.012551,7.3,0,0.006552,-0.014771,-0.008219,-0.0110578108108108,0.00228409157529297,-1.135036,0.012551,-0.405627783783784,0.325195726973356,3.135876,-0.093985
20.904869,"P01","SO_1.2",100,19,5707.626953,8107.530273,-112.5299,-0.03156,1.504104,27.7741,0.4,-1.007999,"{""type"":""M"",""msg"":""FADE0"",""time"":20.8119,""dist"":0.412562}",4.4459,3.437901,3.437901,15.9,20.5,-0.48214,15.9,-1.007999,0.024846,-0.03156,-0.006714,-0.0142672888888889,0.00708234033488874,-1.808937,1.809837,-0.643501888888889,0.712255061215631,3.6343,-1.135036
20.516541,"P01","SO_1.2",100,20,5712.154297,8119.277344,-110.688065,-0.013794,-1.706838,27.7779,1.5,-0.606734,"{""type"":""M"",""msg"":""FADE0"",""time"":20.498,""dist"":0.402098}",3.93866,3.331926,3.331926,11.1,6.7,0.151563,6.7,-0.606734,0.004517,-0.014608,-0.010091,-0.01210325,0.00168596208172831,-1.706838,0.151563,-0.503182725,0.547348371445649,4.4459,1.504104
19.611214,"P01","SO_1.2",100,21,5720.269531,8140.986328,-109.060234,-0.013794,-0.725841,27.7778,3.7,1,"{""type"":""M"",""msg"":""FADE0"",""time"":19.5369,""dist"":0.377348}",3.130314,4.130314,0,9.6,6.2,-0.121912,6.2,1,0.004558,-0.013957,-0.009399,-0.012340625,0.00164107409260501,-0.725841,-0.08584,-0.23919071875,0.191985556272951,3.93866,-1.706838
20.317808,"P01","SO_1.2",100,22,5714.260254,8122.82373,-110.063934,-0.012614,-0.822219,27.7777,3.3,0.7,"{""type"":""M"",""msg"":""FADE0"",""time"":20.2729,""dist"":0.39735}",3.840229,4.540229,0,11.2,8,0.296361,8,0.7,0.004028,-0.015299,-0.011271,-0.0122757692307692,0.00110013617486149,-0.822219,0.322111,0.0101693589743589,0.346315471202614,3.130314,-0.725841
20.410818,"P01","SO_1.2",100,23,5713.680176,8121.02002,-109.655289,-0.003011,-0.793577,27.7778,11.9,1.4,"{""type"":""M"",""msg"":""FADE0"",""time"":20.3932,""dist"":0.399979}",3.74653,5.14653,0,11.9,16.4,-0.239482,11.9,1.4,0.012126,-0.015137,-0.003011,-0.0101993421052632,0.00339519121999651,-0.793577,-0.224381,-0.341045131578947,0.161617679626479,3.840229,-0.822219
20.682779,"P01","SO_1.2",100,24,5712.73291,8114.164551,-108.600426,-0.012248,0.516638,27.7773,10.1,7.3,"{""type"":""M"",""msg"":""FADE0"",""time"":20.6333,""dist"":0.405933}",4.139869,11.439869,0,26.1,14.4,0.070052,14.4,7.3,0.008423,-0.012451,-0.004028,-0.00761969047619048,0.00264880848950116,-0.006536,0.516638,0.174784928571429,0.183642300880416,3.74653,-0.793577
19.676136,"P01","SO_1.2",100,25,5720.552734,8139.709473,-108.532898,-0.012085,-0.056465,27.7774,6.4,3.4,"{""type"":""M"",""msg"":""FADE0"",""time"":19.6163,""dist"":0.378907}",3.23451,6.63451,0,15,10.5,-0.008402,10.5,3.4,0.006226,-0.014974,-0.008748,-0.0110294242424242,0.00186998843629952,-0.056465,0.149526,0.0836739696969697,0.0571277664496898,4.139869,0.516638
20.989834,"P01","SO_1.2",100,26,5714.236328,8122.772461,-109.603752,-0.009074,-0.819575,27.7781,5.2,0.9,"{""type"":""M"",""msg"":""FADE0"",""time"":20.9522,""dist"":0.397596}",3.838009,4.738009,0,12.6,8.2,-0.027724,8.2,0.9,0.004517,-0.013428,-0.008911,-0.0109111794871795,0.0014559148665068,-0.819575,-0.018187,-0.230955846153846,0.243251966079201,3.23451,-0.056465
20.454494,"P01","SO_1.2",100,27,5715.078125,8124.123535,-108.864815,-0.009237,-0.432782,27.7777,9.8,3.9,"{""type"":""M"",""msg"":""FADE0"",""time"":20.3869,""dist"":0.395212}",3.744955,7.644955,0,21.5,27.6,-0.030565,21.5,3.9,0.007039,-0.012939,-0.0059,-0.00849139473684211,0.00207446495269782,-0.432782,-0.030565,-0.205863605263158,0.100134947689535,3.838009,-0.819575
19.91675,"P01","SO_1.2",100,28,5719.853027,8141.743164,-108.603371,-0.009237,-1.343554,27.7779,4.6,-0.504736,"{""type"":""M"",""msg"":""FADE0"",""time"":19.8524,""dist"":0.377035}",3.13468,2.629944,2.629944,6.6,3.4,-0.028201,3.4,-0.504736,0.0059,-0.011108,-0.005208,-0.008213,0.00163713851464347,-1.343554,-0.028201,-0.7063975,0.392530477478645,3.744955,-0.432782
20.230835,"P01","SO_1.2",100,29,5715.85498,8125.338867,-108.991051,-0.015625,-0.080432,27.7773,5.1,2.8,"{""type"":""M"",""msg"":""FADE0"",""time"":20.2259,""dist"":0.395558}",3.743996,6.543996,0,10.4,15.7,-0.050976,10.4,2.8,0.008911,-0.015625,-0.006714,-0.00988118421052632,0.0025148703459704,-0.080432,0.073578,0.0177822105263158,0.0461405291410268,3.13468,-1.343554
20.011911,"P01","SO_1.2",100,30,5716.444824,8129.404297,-109.33387,-0.015137,-0.799934,27.7774,3.6,0.9,"{""type"":""M"",""msg"":""FADE0"",""time"":19.9549,""dist"":0.390072}",3.63759,4.53759,0,58.6,25.8,-0.131954,25.8,0.9,0.006918,-0.015137,-0.008219,-0.0107741081081081,0.00205374614064402,-0.799934,-0.131954,-0.328563189189189,0.189443223854043,3.743996,-0.080432
22.684755,"P02","SO_1.2",100,1,5693.545898,8064.20752,-111.121178,-0.009766,-0.768085,27.7777,7.9,2.1,"{""type"":""M"",""msg"":""FADE0"",""time"":22.6314,""dist"":0.459291}",6.079237,8.179237,0,15.7,7.3,-0.249501,7.3,2.1,0.002889,-0.009766,-0.006877,-0.00840150819672131,0.00103709227527337,-0.768085,-0.249501,-0.459706786885246,0.122102430255928,NA,NA
24.539558,"P02","SO_1.2",100,2,5677.604004,8023.004395,-112.842262,-0.007243,-0.577873,27.7779,29,3.9,"{""type"":""M"",""msg"":""FADE0"",""time"":24.4656,""dist"":0.50293}",7.582021,11.482021,0,10.3,15.5,-0.095405,10.3,3.9,0.003377,-0.010091,-0.006714,-0.00884201315789474,0.000654703607106219,-0.577873,-0.01691,-0.127812697368421,0.146373642383504,6.079237,-0.768085
24.964582,"P02","SO_1.2",100,3,5676.64209,8017.201172,-112.317322,-0.007894,0.74838,27.7776,11.8,25.1,"{""type"":""M"",""msg"":""FADE0"",""time"":24.8713,""dist"":0.508168}",7.882316,19.682316,0,15.5,21.1,-0.236732,15.5,11.8,0.002685,-0.008911,-0.006226,-0.00782227848101266,0.000956883750095937,-0.260407,0.74838,0.205203708860759,0.355285384894192,7.582021,-0.577873
24.489553,"P02","SO_1.2",100,4,5677.944336,8025.586426,-113.788101,-0.011434,-1.25589,27.7778,2.7,-0.139171,"{""type"":""M"",""msg"":""FADE0"",""time"":24.3821,""dist"":0.499476}",7.513687,7.374516,7.374516,11.6,22.2,-0.276212,11.6,-0.139171,0.004557,-0.012451,-0.007894,-0.01053868,0.00118014115234554,-1.25589,0.204171,-0.125668066666667,0.370452961159798,7.882316,0.74838
23.238041,"P02","SO_1.2",100,5,5688.619629,8052.501465,-112.187614,-0.010742,-1.219431,27.7779,3.8,-0.200661,"{""type"":""M"",""msg"":""FADE0"",""time"":23.2216,""dist"":0.473011}",6.468298,6.267637,6.267637,9.6,14,-0.283332,9.6,-0.200661,0.005534,-0.011922,-0.006388,-0.00968793846153846,0.000972251026563534,-1.219431,-0.212033,-0.442194892307692,0.286198091003478,7.513687,-1.25589
21.921909,"P02","SO_1.2",100,6,5701.248047,8080.412598,-109.462509,-0.008586,0.855491,27.7778,2.7,45.6,"{""type"":""M"",""msg"":""FADE0"",""time"":21.8418,""dist"":0.440712}",5.458948,8.158948,0,22.2,28.9,-0.189104,22.2,2.7,0.004394,-0.008748,-0.004354,-0.00692983636363636,0.0013149778305924,-0.239863,0.855491,0.157961618181818,0.363056466799715,6.468298,-1.219431
23.034407,"P02","SO_1.2",100,7,5690.132812,8056.411133,-112.592445,-0.012248,-1.217871,27.7778,2.7,-0.101593,"{""type"":""M"",""msg"":""FADE0"",""time"":22.9738,""dist"":0.467582}",6.359278,6.257685,6.257685,25,31.6,-0.005191,25,-0.101593,0.008057,-0.013957,-0.0059,-0.0098413125,0.00277425960307216,-1.217871,-0.005191,-0.303932765625,0.294784785235933,5.458948,0.855491
23.456797,"P02","SO_1.2",100,8,5691.919922,8063.229492,-111.702362,-0.009074,1.794926,27.7777,2.4,-2.224221,"{""type"":""M"",""msg"":""FADE0"",""time"":23.3915,""dist"":0.460322}",6.067749,3.843528,3.843528,18.6,24,-0.325335,18.6,-2.224221,0.00354,-0.010579,-0.007039,-0.00910859016393443,0.000618858421532453,-1.861972,1.842492,-0.859797540983607,0.668200106237535,6.359278,-1.217871
22.337257,"P02","SO_1.2",100,9,5696.930664,8072.749512,-110.559288,-0.008586,-0.576465,27.7778,15.8,5.5,"{""type"":""M"",""msg"":""FADE0"",""time"":22.3299,""dist"":0.45137}",5.668773,11.168773,0,21.3,27.2,-0.264796,21.3,5.5,0.00236,-0.008911,-0.006551,-0.00805808771929825,0.000816602768458223,-0.576465,-0.264796,-0.415481894736842,0.0687187461907188,6.067749,1.794926
23.013197,"P02","SO_1.2",100,10,5691.040527,8060.600586,-111.771339,-0.008911,-1.847364,27.7777,2.8,-1.919624,"{""type"":""M"",""msg"":""FADE0"",""time"":22.9154,""dist"":0.462271}",6.167124,4.2475,4.2475,12.4,16.9,-0.177409,12.4,-1.919624,0.003866,-0.010254,-0.006388,-0.00915472580645161,0.000815567913754618,-1.847364,-0.177409,-0.844115370967742,0.505948981787147,5.668773,-0.576465
22.020958,"P02","SO_1.2",100,11,5700.787598,8081.000488,-109.691856,-0.008057,0.217885,27.7776,14.5,28.5,"{""type"":""M"",""msg"":""FADE0"",""time"":22.0099,""dist"":0.44227}",5.45743,19.95743,0,11.6,16.8,-0.056256,11.6,14.5,0.004029,-0.009237,-0.005208,-0.00757430909090909,0.00113153756214518,-0.060455,0.217885,0.0165001636363636,0.0727110041587174,6.167124,-1.847364
22.47467,"P02","SO_1.2",100,12,5697.020508,8070.650391,-110.222763,-0.006551,0.244784,27.7779,7.7,13.2,"{""type"":""M"",""msg"":""FADE0"",""time"":22.4326,""dist"":0.452379}",5.76275,13.46275,0,5.5,8.5,-0.032996,5.5,7.7,0.006225,-0.009928,-0.003703,-0.00803901724137931,0.00141183084434037,-0.032996,0.244784,0.147935586206897,0.0704755331965253,5.45743,0.217885
21.6499,"P02","SO_1.2",100,13,5706.916504,8091.880859,-107.242996,-0.003703,-1.39767,27.778,-1.413511,0.5,"{""type"":""M"",""msg"":""FADE0"",""time"":21.641,""dist"":0.430104}",4.947534,3.534023,3.534023,15.8,11.2,-0.129608,11.2,-1.413511,0.007894,-0.010254,-0.00236,-0.00502448,0.00219168094318828,-1.82688,1.826499,0.36340274,0.858548624872465,5.76275,0.244784
22.316845,"P02","SO_1.2",100,14,5700.197266,8079.84668,-110.251801,-0.009766,0.046944,27.7777,12.1,7.2,"{""type"":""M"",""msg"":""FADE0"",""time"":22.2678,""dist"":0.442467}",5.450943,12.650943,0,17,10.6,-0.015062,10.6,7.2,0.002523,-0.009766,-0.007243,-0.00845916363636364,0.000861819173343276,-0.019007,0.09821,0.0525449818181818,0.0444777894141147,4.947534,-1.39767
21.534809,"P02","SO_1.2",100,15,5704.617676,8092.353516,-109.889885,-0.009928,-0.023627,27.7774,10.6,6,"{""type"":""M"",""msg"":""FADE0"",""time"":21.4715,""dist"":0.428738}",4.954803,10.954803,0,14.8,9.7,-0.276733,9.7,6,0.003011,-0.010905,-0.007894,-0.00920492,0.000874175292746815,-0.276733,0.052222,-0.05898384,0.103758111718763,5.450943,0.046944
23.619274,"P02","SO_1.2",100,16,5687.066895,8040.043945,-110.469894,-0.008219,-1.852301,27.7778,-1.514274,3.1,"{""type"":""M"",""msg"":""FADE0"",""time"":23.565,""dist"":0.484227}",6.963783,5.449509,5.449509,16.5,8.5,-0.259511,8.5,-1.514274,0.004028,-0.008911,-0.004883,-0.00670224285714286,0.00114407652064587,-1.852301,1.843029,0.410250185714286,0.73698436599439,4.954803,-0.023627
22.218449,"P02","SO_1.2",100,17,5697.443848,8072.782227,-110.616631,-0.010579,-0.107814,27.7778,9.3,5.2,"{""type"":""M"",""msg"":""FADE0"",""time"":22.1762,""dist"":0.450208}",5.660426,10.860426,0,18.5,10.4,-0.200905,10.4,5.2,0.003336,-0.010579,-0.007243,-0.00851070175438597,0.00116322527244775,-0.225921,-0.029428,-0.129032210526316,0.0746359681776289,6.963783,-1.852301
25.068739,"P02","SO_1.2",100,18,5672.587402,8005.932129,-112.996704,-0.011434,1.334202,27.7776,-2.118969,8.9,"{""type"":""M"",""msg"":""FADE0"",""time"":25.0249,""dist"":0.521509}",8.290396,6.171427,6.171427,16.3,23.2,-0.238447,16.3,-2.118969,0.005737,-0.011434,-0.005697,-0.00833607228915663,0.00168960685846559,-0.238447,1.342546,0.564759325301205,0.578449569352443,5.660426,-0.107814
26.245287,"P02","SO_1.2",100,19,5656.908691,7970.536133,-113.565453,-0.007243,1.103559,27.7776,0.1,7.6,"{""type"":""M"",""msg"":""FADE0"",""time"":26.2258,""dist"":0.560817}",9.706671,9.806671,0,14.8,7.8,-0.296915,7.8,0.1,0.003174,-0.009237,-0.006063,-0.00740313402061856,0.000778329402589102,-0.329526,1.103559,0.170604226804124,0.408646927854125,8.290396,1.334202
24.064243,"P02","SO_1.2",100,20,5678.605469,8024.60791,-112.176292,-0.008219,-0.243558,27.778,39.8,44.5,"{""type"":""M"",""msg"":""FADE0"",""time"":24.0021,""dist"":0.501377}",7.587026,47.387026,0,14.9,21.2,-0.266859,14.9,39.8,0.001668,-0.008911,-0.007243,-0.00811717105263158,0.000488969811969557,-0.266859,-0.195976,-0.225552013157895,0.0208713310915513,9.706671,1.103559
22.440132,"P02","SO_1.2",100,21,5692.965332,8066.194824,-111.959831,-0.009562,1.722695,27.7778,1.6,-1.517443,"{""type"":""M"",""msg"":""FADE0"",""time"":22.4074,""dist"":0.458233}",6.055706,4.538263,4.538263,11.8,15.9,0.280841,11.8,-1.517443,0.005696,-0.010579,-0.004883,-0.00924931147540984,0.00130775732383068,-1.832258,1.85325,-0.428514950819672,0.78590399132378,7.587026,-0.243558
23.616541,"P02","SO_1.2",100,22,5684.890137,8042.015137,-112.005951,-0.008748,-0.8804,27.7777,9.4,1.6,"{""type"":""M"",""msg"":""FADE0"",""time"":23.5334,""dist"":0.482304}",6.871008,8.471008,0,32.5,39.8,-0.026953,32.5,1.6,0.001831,-0.009399,-0.007568,-0.00842447826086956,0.000594864235838131,-0.8804,-0.026953,-0.363275115942029,0.231635451636297,6.055706,1.722695
22.553341,"P02","SO_1.2",100,23,5695.811035,8072.815918,-111.562302,-0.008219,-1.668657,27.7781,3,-0.909126,"{""type"":""M"",""msg"":""FADE0"",""time"":22.5437,""dist"":0.45163}",5.67045,4.761324,4.761324,17.7,24.2,-0.016906,17.7,-0.909126,0.004883,-0.011597,-0.006714,-0.00965863157894737,0.00110736222347747,-1.668657,-0.016906,-0.554916719298246,0.490068682510376,6.871008,-0.8804
22.301672,"P02","SO_1.2",100,24,5699.326172,8075.730957,-110.039001,-0.007731,0.648926,27.7779,10.1,22.1,"{""type"":""M"",""msg"":""FADE0"",""time"":22.2059,""dist"":0.445369}",5.652885,15.752885,0,30.1,20.8,0.374985,20.8,10.1,0.002523,-0.009074,-0.006551,-0.00791954385964912,0.000660493053661306,0.374985,0.648926,0.477677649122807,0.0844140165255855,5.67045,-1.668657
22.424696,"P02","SO_1.2",100,25,5693.902344,8068.915527,-111.817871,-0.010417,1.648235,27.7778,1.4,-1.918131,"{""type"":""M"",""msg"":""FADE0"",""time"":22.3852,""dist"":0.455028}",5.956228,4.038097,4.038097,55.1,59.7,-0.329632,55.1,-1.918131,0.002686,-0.010905,-0.008219,-0.0100686833333333,0.000595712633818014,-1.854465,1.835087,-0.653310716666667,0.789070637891508,5.652885,0.648926
21.708118,"P02","SO_1.2",100,26,5703.966309,8094.835449,-110.765678,-0.007406,-1.483782,27.778,3.7,-0.605167,"{""type"":""M"",""msg"":""FADE0"",""time"":21.6091,""dist"":0.425656}",4.846332,4.241165,4.241165,12.4,17.6,-0.019329,12.4,-0.605167,0.005696,-0.011759,-0.006063,-0.0101044081632653,0.00128241874203864,-1.483782,-0.019329,-0.498306530612245,0.451487492270555,5.956228,1.648235
22.84399,"P02","SO_1.2",100,27,5689.441895,8054.986816,-111.661484,-0.008057,-1.334754,27.7778,7.4,-0.70619,"{""type"":""M"",""msg"":""FADE0"",""time"":22.7473,""dist"":0.468101}",6.474117,5.767927,5.767927,1e+06,17,-0.336916,17,-0.70619,0.001709,-0.009766,-0.008057,-0.0088122,0.000505046538697178,-1.334754,-0.336916,-0.677976384615385,0.296831678261892,4.846332,-1.483782
22.917097,"P02","SO_1.2",100,28,5691.518555,8062.429688,-111.698051,-0.007406,1.702766,27.7779,2.4,-2.026092,"{""type"":""M"",""msg"":""FADE0"",""time"":22.8727,""dist"":0.461967}",6.165569,4.139477,4.139477,42,9.9,0.24638,9.9,-2.026092,0.003215,-0.009766,-0.006551,-0.00848717741935484,0.00076264061373052,-1.858899,1.844358,-0.555591564516129,0.859649165600609,6.474117,-1.334754
22.10272,"P02","SO_1.2",100,29,5699.739258,8077.242188,-109.45089,-0.008586,0.527031,27.7777,4.7,35.5,"{""type"":""M"",""msg"":""FADE0"",""time"":22.0475,""dist"":0.444894}",5.559591,10.259591,0,19.6,10,-0.12252,10,4.7,0.003703,-0.008586,-0.004883,-0.00677133928571429,0.00104839602643598,-0.218099,0.527031,-0.0381072857142857,0.223356795179837,6.165569,1.702766
22.042696,"P02","SO_1.2",100,30,5698.87793,8077.91748,-110.444969,-0.006388,-0.533223,27.778,15.4,19.5,"{""type"":""M"",""msg"":""FADE0"",""time"":21.9754,""dist"":0.444161}",5.55827,20.95827,0,10.7,15.3,-0.413042,10.7,15.4,0.004029,-0.010417,-0.006388,-0.00872589285714286,0.00104661844534189,-0.533223,-0.253215,-0.335407892857143,0.0763688530640312,5.559591,0.527031
20.176374,"P03","SO_1.2",100,1,5714.4375,8119.733887,-108.384232,-0.005697,0.357158,27.7781,6,10.7,"{""type"":""M"",""msg"":""FADE0"",""time"":20.0979,""dist"":0.399304}",3.940513,9.940513,0,14.8,10,0.258162,10,6,0.005045,-0.010742,-0.005697,-0.007858225,0.00134473528969793,0.247989,0.357158,0.293842175,0.03943096965642,NA,NA
20.509388,"P03","SO_1.2",100,2,5715.849121,8123.794434,-108.282188,-0.007894,0.414258,27.7777,19.2,31.3,"{""type"":""M"",""msg"":""FADE0"",""time"":20.4579,""dist"":0.395773}",3.741673,22.941673,0,16.9,11.8,0.329037,11.8,19.2,0.002319,-0.009562,-0.007243,-0.00814031578947368,0.000490433680408564,0.329037,0.414258,0.358915894736842,0.0245915645301936,3.940513,0.357158
21.005577,"P03","SO_1.2",100,3,5707.848145,8102.870605,-109.869202,-0.008911,-0.461873,27.7781,8.9,3.1,"{""type"":""M"",""msg"":""FADE0"",""time"":20.9241,""dist"":0.41731}",4.54656,7.64656,0,14.2,22.2,0.267021,14.2,3.1,0.003702,-0.011108,-0.007406,-0.00938341304347826,0.000798922011938224,-0.461873,0.267021,0.033666847826087,0.219022942858502,3.741673,0.414258
21.193237,"P03","SO_1.2",100,4,5706.06543,8096.720703,-109.67347,-0.009237,-0.110545,27.7776,12.9,6.9,"{""type"":""M"",""msg"":""FADE0"",""time"":21.1447,""dist"":0.424648}",4.854818,11.754818,0,24.9,34.4,0.227624,24.9,6.9,0.003174,-0.010417,-0.007243,-0.00837785714285714,0.000783716865328289,-0.110545,0.227624,0.0601540204081633,0.0932767541409009,4.54656,-0.461873
22.831446,"P03","SO_1.2",100,5,5691.045898,8055.407227,-111.014786,-0.008057,0.02422,27.7775,34.8,40.9,"{""type"":""M"",""msg"":""FADE0"",""time"":22.7455,""dist"":0.467592}",6.375775,41.175775,0,22.1,13.5,0.376634,13.5,34.8,0.003662,-0.009562,-0.0059,-0.0078685,0.00107400809905019,0.004392,0.376634,0.1095433125,0.1125373048897,4.854818,-0.110545
23.915985,"P03","SO_1.2",100,6,5682.046875,8027.834473,-111.041519,-0.009766,1.75372,27.7777,-1.513718,6.9,"{""type"":""M"",""msg"":""FADE0"",""time"":23.8663,""dist"":0.497563}",7.468334,5.954616,5.954616,8.3,13,0.08341,8.3,-1.513718,0.004395,-0.009766,-0.005371,-0.00714418666666667,0.00116058255052218,0.08341,1.75372,0.609097973333333,0.513676484175515,6.375775,0.02422
21.34742,"P03","SO_1.2",100,7,5705.400391,8094.020508,-109.585533,-0.011108,0.163529,27.7777,10.2,6.6,"{""type"":""M"",""msg"":""FADE0"",""time"":21.2686,""dist"":0.426584}",4.949106,11.549106,0,19.7,32.2,0.127549,19.7,6.6,0.004882,-0.011108,-0.006226,-0.00846588,0.00134689239665359,0.127549,0.175455,0.15846416,0.0158140528752507,7.468334,1.75372
21.585258,"P03","SO_1.2",100,8,5705.301758,8092.008789,-109.318497,-0.009766,0.747955,27.7775,18.3,14,"{""type"":""M"",""msg"":""FADE0"",""time"":21.4979,""dist"":0.428278}",4.949134,18.949134,0,13.8,9.5,0.214532,9.5,14,0.004842,-0.010905,-0.006063,-0.00791426,0.00146600304604745,0.214532,0.747955,0.43174774,0.165888361337796,4.949106,0.163529
21.105299,"P03","SO_1.2",100,9,5707.18457,8099.121582,-109.149902,-0.009766,0.160313,27.7779,15.8,10.8,"{""type"":""M"",""msg"":""FADE0"",""time"":21.0616,""dist"":0.422192}",4.757675,15.557675,0,29.8,14.2,0.163149,14.2,10.8,0.005574,-0.009928,-0.004354,-0.00739458333333333,0.00145302776815705,0.019596,0.163149,0.0753357291666667,0.0440157398586922,4.949134,0.747955
20.898823,"P03","SO_1.2",100,10,5708.772461,8104.20459,-109.329979,-0.008057,-0.015486,27.7776,45.5,18.8,"{""type"":""M"",""msg"":""FADE0"",""time"":20.8513,""dist"":0.416711}",4.544428,23.344428,0,11.7,17,0.220277,11.7,18.8,0.004516,-0.010742,-0.006226,-0.00810095652173913,0.00144607898902933,-0.015486,0.220277,0.091873347826087,0.0581375200152257,4.757675,0.160313
22.866549,"P03","SO_1.2",100,11,5694.064453,8063.146973,-110.681419,-0.009928,0.100173,27.7778,13.4,8.6,"{""type"":""M"",""msg"":""FADE0"",""time"":22.7665,""dist"":0.458897}",6.067538,14.667538,0,9.8,14.1,0.089965,9.8,8.6,0.004191,-0.010091,-0.0059,-0.00785581967213115,0.00128637947366756,0.013068,0.100173,0.0501843442622951,0.0296274387417504,4.544428,-0.015486
25.96792,"P03","SO_1.2",100,12,5663.746094,7984.469238,-113.051498,-0.009766,1.697976,27.7779,-1.91933,23,"{""type"":""M"",""msg"":""FADE0"",""time"":25.8707,""dist"":0.543351}",9.094852,7.175522,7.175522,16.9,11.3,0.20731,11.3,-1.91933,0.005371,-0.010091,-0.00472,-0.00757915384615385,0.00150665516900537,0.201447,1.697976,0.689281868131868,0.463319115801127,6.067538,0.100173
21.927837,"P03","SO_1.2",100,13,5701.530273,8084.662598,-110.480858,-0.012777,-0.347764,27.7776,5.9,2.8,"{""type"":""M"",""msg"":""FADE0"",""time"":21.8813,""dist"":0.437586}",5.251489,8.051489,0,17.4,11,0.193695,11,2.8,0.006063,-0.012777,-0.006714,-0.00895794339622642,0.00166050868497826,-0.347764,0.193695,0.0152563962264151,0.148112369205762,9.094852,1.697976
20.010708,"P03","SO_1.2",100,14,5717.555176,8130.361328,-108.469589,-0.007568,-0.025429,27.7779,30.4,36.1,"{""type"":""M"",""msg"":""FADE0"",""time"":19.9704,""dist"":0.389359}",3.636093,34.036093,0,12.7,19.2,0.243289,12.7,30.4,0.004191,-0.010905,-0.006714,-0.00866478378378378,0.00122722675472282,-0.025429,0.243289,0.143158648648649,0.078576292721086,5.251489,-0.347764
21.903696,"P03","SO_1.2",100,15,5701.866699,8084.681641,-109.80278,-0.009562,-0.024018,27.7776,15.2,9.7,"{""type"":""M"",""msg"":""FADE0"",""time"":21.8282,""dist"":0.436667}",5.248194,14.948194,0,19.8,12.5,0.094211,12.5,9.7,0.006185,-0.010905,-0.00472,-0.00793309433962264,0.0014675817532483,-0.064123,0.094211,-0.00096849056603774,0.0499486788196809,3.636093,-0.025429
22.629887,"P03","SO_1.2",100,16,5695.208496,8067.884766,-111.083611,-0.010417,-0.503898,27.7776,7.3,2.9,"{""type"":""M"",""msg"":""FADE0"",""time"":22.6188,""dist"":0.456495}",5.961783,8.861783,0,27.6,36.2,0.032742,27.6,2.9,0.006063,-0.012451,-0.006388,-0.00874565,0.00153741425914985,-0.503898,0.032742,-0.125143366666667,0.147211836586781,5.248194,-0.024018
20.794151,"P03","SO_1.2",100,17,5711.625977,8112.623047,-108.982132,-0.006877,-0.043822,27.7777,15,20.4,"{""type"":""M"",""msg"":""FADE0"",""time"":20.7241,""dist"":0.407217}",4.149248,19.149248,0,13.1,8.8,0.230631,8.8,15,0.003377,-0.010254,-0.006877,-0.00848764285714286,0.000982341896207881,-0.043822,0.230631,0.114519404761905,0.0882399594614538,5.961783,-0.503898
22.110649,"P03","SO_1.2",100,18,5699.260254,8079.325684,-110.649704,-0.009562,-0.661923,27.7776,7.9,2.4,"{""type"":""M"",""msg"":""FADE0"",""time"":22.0498,""dist"":0.442991}",5.455164,7.855164,0,14.1,20.5,0.247118,14.1,2.4,0.00354,-0.010579,-0.007039,-0.00873352727272727,0.00109556247779894,-0.661923,0.247118,-0.118508109090909,0.270439695716457,4.149248,-0.043822
22.32798,"P03","SO_1.2",100,19,5696.554199,8068.842773,-110.088264,-0.004557,0.441232,27.7777,3.8,7.7,"{""type"":""M"",""msg"":""FADE0"",""time"":22.2616,""dist"":0.453638}",5.864742,9.664742,0,13.9,8.8,0.257034,8.8,3.8,0.006551,-0.011108,-0.004557,-0.00729461016949152,0.00151357843874694,0.103235,0.441232,0.196891186440678,0.0927214086723707,5.455164,-0.661923
20.691563,"P03","SO_1.2",100,20,5712.962402,8115.467285,-108.741165,-0.009237,0.312808,27.7777,16.9,11.2,"{""type"":""M"",""msg"":""FADE0"",""time"":20.6352,""dist"":0.404484}",4.045733,15.245733,0,28.5,19.1,0.338323,19.1,11.2,0.004191,-0.010417,-0.006226,-0.00828982926829268,0.00126939646884728,0.312808,0.338647,0.330645951219512,0.00768702594294835,5.864742,0.441232
22.735964,"P03","SO_1.2",100,21,5694.464355,8061.933105,-110.506012,-0.009766,0.906274,27.7775,18.3,14.1,"{""type"":""M"",""msg"":""FADE0"",""time"":22.6993,""dist"":0.461697}",6.162689,20.262689,0,29.9,20.4,0.29635,20.4,14.1,0.003378,-0.009766,-0.006388,-0.00788014516129032,0.00101453812226726,0.29635,0.906274,0.548069193548387,0.196277168618461,4.045733,0.312808
19.681087,"P03","SO_1.2",100,22,5721.398926,8141.976562,-108.193687,-0.010254,0.066233,27.7776,9.1,5.1,"{""type"":""M"",""msg"":""FADE0"",""time"":19.6464,""dist"":0.377256}",3.134643,8.234643,0,14,9.6,0.482464,9.6,5.1,0.001831,-0.010254,-0.008423,-0.00935240625,0.000611319612270679,0.066233,0.482464,0.31039278125,0.124731842980085,6.162689,0.906274
20.610785,"P03","SO_1.2",100,23,5713.068848,8117.026367,-108.824486,-0.009928,-0.086319,27.7778,11.4,6.5,"{""type"":""M"",""msg"":""FADE0"",""time"":20.5544,""dist"":0.402937}",4.041361,10.541361,0,58,29.9,0.074913,29.9,6.5,0.00354,-0.010091,-0.006551,-0.00844470731707317,0.000993668235476571,-0.086319,0.074913,0.00503612195121951,0.0411864433486282,3.134643,0.066233
21.710804,"P03","SO_1.2",100,24,5703.136719,8088.665527,-109.992569,-0.008219,-0.180899,27.7778,25.8,9.8,"{""type"":""M"",""msg"":""FADE0"",""time"":21.7082,""dist"":0.434491}",5.148745,14.948745,0,13.2,19,0.174867,13.2,9.8,0.002522,-0.009399,-0.006877,-0.00830075,0.000770033100256214,-0.180899,0.174867,0.0215995961538462,0.0957630295516602,4.041361,-0.086319
20.918316,"P03","SO_1.2",100,25,5709.771973,8106.157715,-109.253799,-0.009928,0.292595,27.7778,12.2,7.8,"{""type"":""M"",""msg"":""FADE0"",""time"":20.8485,""dist"":0.413987}",4.452181,12.252181,0,19.1,13.5,0.517983,13.5,7.8,0.00354,-0.010579,-0.007039,-0.00863808888888889,0.00100164024167231,0.292595,0.517983,0.433799155555556,0.0657976075062265,5.148745,-0.180899
19.988905,"P03","SO_1.2",100,26,5717.691406,8131.578125,-108.627335,-0.007894,-0.277055,27.7781,21.3,5.9,"{""type"":""M"",""msg"":""FADE0"",""time"":19.962,""dist"":0.388513}",3.441242,9.341242,0,13.3,8.9,0.492323,8.9,5.9,0.004557,-0.011108,-0.006551,-0.00894482857142857,0.00126829518473826,-0.277055,0.492323,0.145646171428571,0.237023207205972,4.452181,0.292595
20.703571,"P03","SO_1.2",100,27,5711.755859,8111.945312,-108.524658,-0.007894,0.307009,27.7778,11.5,23.6,"{""type"":""M"",""msg"":""FADE0"",""time"":20.6229,""dist"":0.407515}",4.248895,15.748895,0,19.8,28.2,0.065522,19.8,11.5,0.002848,-0.008911,-0.006063,-0.007399,0.000903400006325311,0.024963,0.307009,0.110806209302326,0.0884302376104243,3.441242,-0.277055
21.736917,"P03","SO_1.2",100,28,5702.998535,8085.692871,-109.574432,-0.009562,0.701609,27.7779,19.5,14.8,"{""type"":""M"",""msg"":""FADE0"",""time"":21.6445,""dist"":0.434873}",5.248924,20.048924,0,10.2,17.2,0.173374,10.2,14.8,0.004557,-0.010254,-0.005697,-0.00802515094339623,0.00123560725332536,0.173374,0.701609,0.41617541509434,0.166069275138585,4.248895,0.307009
21.428959,"P03","SO_1.2",100,29,5706.094238,8094.047852,-109.122322,-0.008057,0.816773,27.7777,4.4,21.3,"{""type"":""M"",""msg"":""FADE0"",""time"":21.3444,""dist"":0.426177}",4.951744,9.351744,0,16,11.4,0.265525,11.4,4.4,0.004028,-0.009928,-0.0059,-0.00784432,0.00103265092665747,0.265525,0.816773,0.4972365,0.159491540835147,5.248924,0.701609
19.907473,"P03","SO_1.2",100,30,5718.564941,8132.223633,-107.953575,-0.006714,0.365995,27.7779,8.2,14.3,"{""type"":""M"",""msg"":""FADE0"",""time"":19.8629,""dist"":0.387105}",3.441853,11.641853,0,32.2,44.7,0.264029,32.2,8.2,0.003865,-0.010579,-0.006714,-0.00807062857142857,0.00108966948809137,0.264029,0.365995,0.309103914285714,0.0293996723324792,4.951744,0.816773
20.0977,"P04","SO_1.2",100,1,5716.088867,8123.876953,-108.50927,-0.008219,0.610659,27.7777,51.8,26.6,"{""type"":""M"",""msg"":""FADE0"",""time"":20.0183,""dist"":0.394919}",3.746351,30.346351,0,55.4,1e+06,0.361627,55.4,26.6,0.005371,-0.010417,-0.005046,-0.00844652631578947,0.00191691322445738,0.35869,0.629224,0.505899105263158,0.106706486230521,NA,NA
22.233837,"P04","SO_1.2",100,2,5716.95166,8126.708984,-107.822472,-0.005697,0.553203,27.778,3.7,8.5,"{""type"":""M"",""msg"":""FADE0"",""time"":22.2234,""dist"":0.393837}",3.634844,7.334844,0,9.1,14,0.200984,9.1,3.7,0.003052,-0.008586,-0.005534,-0.00693072972972973,0.000876779354248283,0.192716,0.553203,0.312092756756757,0.110752812190633,3.746351,0.610659
22.040386,"P04","SO_1.2",100,3,5701.556641,8083.317871,-109.575203,-0.010091,0.152387,27.7778,15.9,11.5,"{""type"":""M"",""msg"":""FADE0"",""time"":21.9753,""dist"":0.43834}",5.360227,16.860227,0,20.7,8.6,0.141025,8.6,11.5,0.00472,-0.010091,-0.005371,-0.00674477777777778,0.00103896135847418,-0.210913,0.152387,-0.0754895925925926,0.114595656024805,3.634844,0.553203
22.453573,"P04","SO_1.2",100,4,5699.533691,8065.613281,-107.702774,-0.005371,0.659063,27.7784,-3.135208,-1.413805,"{""type"":""M"",""msg"":""FADE0"",""time"":22.4428,""dist"":0.457342}",5.973587,2.838379,2.838379,4.2,6.6,-0.096664,4.2,-3.135208,0.004883,-0.006226,-0.001343,-0.00495478333333333,0.00110257662928539,-1.80134,1.858287,0.183185533333333,0.913841139037564,5.360227,0.152387
22.532637,"P04","SO_1.2",100,5,5698.772949,8080.203125,-112.155075,-0.015299,-1.449831,27.7777,1.8,-0.304039,"{""type"":""M"",""msg"":""FADE0"",""time"":22.5187,""dist"":0.443612}",5.459278,5.155239,5.155239,4.4,8.2,0.038077,4.4,-0.304039,0.009602,-0.015299,-0.005697,-0.0125162727272727,0.00139835795839191,-1.449831,0.415862,-0.0568365272727272,0.535164557137641,5.973587,0.659063
19.705853,"P04","SO_1.2",100,6,5720.520508,8138.463867,-107.732658,-0.006877,0.309407,27.7782,9.2,15.6,"{""type"":""M"",""msg"":""FADE0"",""time"":19.6308,""dist"":0.379712}",3.23174,12.43174,0,9.2,15.1,-0.033219,9.2,9.2,0.002685,-0.009562,-0.006877,-0.008551,0.000841720522204371,-0.033219,0.309407,0.166648848484848,0.11107756725092,5.459278,-1.449831
20.409954,"P04","SO_1.2",100,7,5714.428711,8121.097168,-108.620651,-0.006551,-0.088152,27.7779,12.6,17.5,"{""type"":""M"",""msg"":""FADE0"",""time"":20.3603,""dist"":0.398823}",3.84314,16.44314,0,9.2,13.3,0.068216,9.2,12.6,0.003865,-0.009562,-0.005697,-0.00803671794871795,0.000981890093236346,-0.088152,0.068216,-0.000746435897435902,0.0391774519131892,3.23174,0.309407
20.227978,"P04","SO_1.2",100,8,5717.354492,8125.788574,-107.035652,-0.005371,1.239906,27.7779,-0.202856,3.8,"{""type"":""M"",""msg"":""FADE0"",""time"":20.1955,""dist"":0.393938}",3.739256,3.5364,3.5364,5.7,8.6,-0.061618,5.7,-0.202856,0.004191,-0.007731,-0.00354,-0.00546644736842105,0.00106924486355377,-0.061618,1.239906,0.431460289473684,0.404737545215709,3.84314,-0.088152
19.081974,"P04","SO_1.2",100,9,5727.334473,8159.464844,-106.790962,-0.012614,0.542911,27.7776,10.1,7.4,"{""type"":""M"",""msg"":""FADE0"",""time"":19.0629,""dist"":0.35918}",2.4242,9.8242,0,4.2,6.7,-0.321552,4.2,7.4,0.009399,-0.012614,-0.003215,-0.01026536,0.00292207277858258,-0.321552,0.542911,0.17294436,0.281385114871191,3.739256,1.239906
19.493179,"P04","SO_1.2",100,10,5721.648438,8143.930176,-108.107132,-0.008423,-0.287275,27.7781,13.8,5.4,"{""type"":""M"",""msg"":""FADE0"",""time"":19.4425,""dist"":0.374848}",3.028391,8.428391,0,15.1,21.9,0.107345,15.1,5.4,0.003662,-0.010905,-0.007243,-0.00927735483870968,0.000951037417714189,-0.287275,0.107345,-0.0322716129032258,0.123090465815642,2.4242,0.542911
20.287884,"P04","SO_1.2",100,11,5713.77002,8119.765625,-108.965179,-0.006714,-0.296959,27.778,18.7,23.2,"{""type"":""M"",""msg"":""FADE0"",""time"":20.2372,""dist"":0.400254}",3.942143,22.642143,0,14.6,9.6,-0.077119,9.6,18.7,0.003214,-0.009928,-0.006714,-0.009325075,0.000590180780104815,-0.296959,-0.036461,-0.096980375,0.0742763461487891,3.028391,-0.287275
20.695803,"P04","SO_1.2",100,12,5712.366211,8113.147949,-108.714737,-0.005046,0.49321,27.7782,5.3,9.6,"{""type"":""M"",""msg"":""FADE0"",""time"":20.6677,""dist"":0.40763}",4.142538,9.442538,0,18.7,14.6,0.12841,14.6,5.3,0.005859,-0.010905,-0.005046,-0.0092967380952381,0.00168127369051437,0.12841,0.513133,0.428943071428571,0.110817334484121,3.942143,-0.296959
18.968176,"P04","SO_1.2",100,13,5726.169922,8155.88916,-106.109001,-0.006877,0.493739,27.7778,2.4,7.1,"{""type"":""M"",""msg"":""FADE0"",""time"":18.9227,""dist"":0.362248}",2.525797,4.925797,0,5,7,-0.344832,5,2.4,0.010753,-0.008423,0.00233,-0.00390080769230769,0.00370013959757446,-0.360068,0.493739,-0.0464259615384615,0.285410919780653,4.142538,0.49321
20.498507,"P04","SO_1.2",100,14,5713.875977,8117.686035,-108.743416,-0.011922,0.469651,27.7779,9.4,6.4,"{""type"":""M"",""msg"":""FADE0"",""time"":20.4474,""dist"":0.402222}",4.038401,10.438401,0,4.5,8,0.016246,4.5,6.4,0.007568,-0.012614,-0.005046,-0.00980039024390244,0.00160956677211678,0.016246,0.497684,0.388461195121951,0.145279785209818,2.525797,0.493739
21.12534,"P04","SO_1.2",100,15,5707.596191,8100.524414,-109.591316,-0.010091,0.077371,27.7777,10.4,6.1,"{""type"":""M"",""msg"":""FADE0"",""time"":21.0422,""dist"":0.41961}",4.748787,10.848787,0,46.3,27.9,0.244994,27.9,6.1,0.003214,-0.010091,-0.006877,-0.00889585416666667,0.00120624463821246,0.077371,0.255078,0.194696791666667,0.0441704483240454,4.038401,0.469651
20.703876,"P04","SO_1.2",100,16,5711.121582,8108.597656,-107.899719,-0.004883,0.80148,27.7777,1.2,5,"{""type"":""M"",""msg"":""FADE0"",""time"":20.6862,""dist"":0.412665}",4.346849,5.546849,0,6.7,9.7,-0.090985,6.7,1.2,0.003377,-0.007243,-0.003866,-0.00584,0.00102224422513113,-0.102502,0.80148,0.181668295454545,0.271283642499239,4.748787,0.077371
20.514071,"P04","SO_1.2",100,17,5714.837891,8119.724121,-108.069527,-0.008586,0.746438,27.7775,5.7,56.9,"{""type"":""M"",""msg"":""FADE0"",""time"":20.4725,""dist"":0.400236}",3.941361,9.641361,0,6.1,9.1,-0.236563,6.1,5.7,0.005371,-0.009562,-0.004191,-0.007706625,0.00138653894297442,-0.236563,0.746438,0.22576685,0.309741295145626,4.346849,0.80148
20.994921,"P04","SO_1.2",100,18,5708.306152,8104.282715,-109.318611,-0.009562,-0.48112,27.7779,11.2,5,"{""type"":""M"",""msg"":""FADE0"",""time"":20.9046,""dist"":0.415556}",4.545004,9.545004,0,7.7,10.8,-0.204756,7.7,5,0.005412,-0.009766,-0.004354,-0.00821060869565217,0.00108261142055804,-0.48112,-0.204756,-0.318924130434783,0.0830361952191422,3.941361,0.746438
19.796904,"P04","SO_1.2",100,19,5719.109375,8136.518555,-108.641525,-0.007731,-0.455233,27.7776,13.8,3.5,"{""type"":""M"",""msg"":""FADE0"",""time"":19.7125,""dist"":0.381737}",3.330086,6.830086,0,28.8,37.3,0.214431,28.8,3.5,0.002848,-0.010579,-0.007731,-0.00946761764705882,0.000791440612627067,-0.455233,0.214431,-0.0481477941176471,0.200190939574558,4.545004,-0.48112
20.965714,"P04","SO_1.2",100,20,5708.937988,8103.753906,-109.018951,-0.006551,0.294413,27.7779,8,13.6,"{""type"":""M"",""msg"":""FADE0"",""time"":20.9149,""dist"":0.417014}",4.553336,12.553336,0,5.1,8.4,0.064821,5.1,8,0.007568,-0.011922,-0.004354,-0.00845204347826087,0.00209319519667922,0.064821,0.360697,0.274082673913043,0.0788069656464606,3.330086,-0.455233
20.579802,"P04","SO_1.2",100,21,5713.447266,8113.376953,-107.934723,-0.009237,1.458323,27.7776,-0.810286,33,"{""type"":""M"",""msg"":""FADE0"",""time"":20.5744,""dist"":0.407739}",4.139668,3.329382,3.329382,5.4,9.3,0.004922,5.4,-0.810286,0.00354,-0.009237,-0.005697,-0.00755290476190476,0.000961558714504833,0.004922,1.458323,0.670642880952381,0.441747543740363,4.553336,0.294413
19.692694,"P04","SO_1.2",100,22,5719.062988,8135.494629,-108.679695,-0.009074,-0.184696,27.778,9.1,4,"{""type"":""M"",""msg"":""FADE0"",""time"":19.624,""dist"":0.383165}",3.342495,7.342495,0,17.5,12.6,0.150078,12.6,4,0.00236,-0.011434,-0.009074,-0.0106655588235294,0.000557050195832801,-0.184696,0.207977,0.111251294117647,0.114870311624716,4.139668,1.458323
20.381235,"P04","SO_1.2",100,23,5714.728516,8116.967773,-107.231171,-0.005371,1.53695,27.778,-0.706621,2.9,"{""type"":""M"",""msg"":""FADE0"",""time"":20.2966,""dist"":0.401724}",3.942514,3.235893,3.235893,17.3,13.8,0.14791,13.8,-0.706621,0.009888,-0.013265,-0.003377,-0.007099475,0.00348409055188265,0.14791,1.53695,0.73338555,0.373580673189837,3.342495,-0.184696
18.777168,"P04","SO_1.2",100,24,5726.847168,8160.172852,-106.958801,-0.010254,-0.132801,27.778,12.1,7.4,"{""type"":""M"",""msg"":""FADE0"",""time"":18.6968,""dist"":0.356953}",2.424112,9.824112,0,9.3,13,-0.20256,9.3,7.4,0.006063,-0.010254,-0.004191,-0.0077458,0.00153543829247547,-0.213409,-0.132801,-0.17862388,0.0286290120861106,3.942514,1.53695
20.287508,"P04","SO_1.2",100,25,5713.182617,8119.73877,-109.355186,-0.010742,-0.853226,27.7777,5.3,1.1,"{""type"":""M"",""msg"":""FADE0"",""time"":20.2391,""dist"":0.400472}",3.941366,5.041366,0,15,8.8,-0.003914,8.8,1.1,0.002319,-0.010742,-0.008423,-0.009595875,0.000717828355581557,-0.853226,-0.003914,-0.342522775,0.25494507643578,2.424112,-0.132801
19.794844,"P04","SO_1.2",100,26,5719.676758,8136.888184,-107.696335,-0.006063,-0.01025,27.7778,7.7,12.2,"{""type"":""M"",""msg"":""FADE0"",""time"":19.777,""dist"":0.383036}",3.337723,11.037723,0,8.5,12.3,-0.148851,8.5,7.7,0.003703,-0.009237,-0.005534,-0.00755058823529412,0.00100714517378058,-0.152563,-0.01025,-0.0992637941176471,0.0444499283285235,3.941366,-0.853226
19.285114,"P04","SO_1.2",100,27,5723.825195,8148.990234,-107.334686,-0.010905,0.28112,27.778,11.7,8.1,"{""type"":""M"",""msg"":""FADE0"",""time"":19.2326,""dist"":0.369316}",2.83061,10.93061,0,7.7,12.3,-0.013438,7.7,8.1,0.004679,-0.010905,-0.006226,-0.00857737931034483,0.00103255585853029,-0.013438,0.28112,0.14684075862069,0.095754455659349,3.337723,-0.01025
19.286037,"P04","SO_1.2",100,28,5722.624023,8146.474609,-108.211761,-0.013102,-0.126846,27.7776,5.9,3.1,"{""type"":""M"",""msg"":""FADE0"",""time"":19.1881,""dist"":0.370816}",2.931987,6.031987,0,6.9,11.1,-0.042739,6.9,3.1,0.007365,-0.013265,-0.0059,-0.0109496666666667,0.00173451593830379,-0.126846,0.08495,0.0243731666666667,0.0577444378966992,2.83061,0.28112
19.888685,"P04","SO_1.2",100,29,5717.648438,8128.377441,-107.940018,-0.009562,0.691262,27.7777,19.6,15,"{""type"":""M"",""msg"":""FADE0"",""time"":19.866,""dist"":0.391676}",3.644502,18.644502,0,7.9,13.3,0.096567,7.9,15,0.002848,-0.009562,-0.006714,-0.00814013513513514,0.000918344166970645,0.096567,0.691262,0.382748351351351,0.186512662957687,2.931987,-0.126846
19.591856,"P04","SO_1.2",100,30,5719.970703,8137.680664,-109.01667,-0.013265,0.00106,27.7777,5.1,2.7,"{""type"":""M"",""msg"":""FADE0"",""time"":19.5387,""dist"":0.381293}",3.233454,5.933454,0,4.5,8.3,0.280368,4.5,2.7,0.009074,-0.013957,-0.004883,-0.0121565151515152,0.00234821211405098,0.00106,0.472769,0.349805939393939,0.12697005264996,3.644502,0.691262
19.289829,"P05","SO_1.2",100,1,5722.45166,8145.852051,-108.124542,-0.007243,-0.101982,27.7782,29.1,33.8,"{""type"":""M"",""msg"":""FADE0"",""time"":19.1988,""dist"":0.371753}",2.931919,32.031919,0,14.1,9.4,0.539759,9.4,29.1,0.002523,-0.009766,-0.007243,-0.00912413333333333,0.000741637737263506,-0.101982,0.539759,0.259834733333333,0.196145571800716,NA,NA
21.500282,"P05","SO_1.2",100,2,5705.09082,8093.961914,-109.956047,-0.009399,-0.116337,27.7779,10.7,5.4,"{""type"":""M"",""msg"":""FADE0"",""time"":21.4055,""dist"":0.426273}",4.854049,10.254049,0,19.5,28.3,0.273474,19.5,5.4,0.001994,-0.009562,-0.007568,-0.00869032653061225,0.000709061480284417,-0.116337,0.273474,0.136219979591837,0.101379371011293,2.931919,-0.101982
21.814455,"P05","SO_1.2",100,3,5701.758789,8082.457031,-109.324326,-0.006877,0.640815,27.7778,3.1,9.2,"{""type"":""M"",""msg"":""FADE0"",""time"":21.7427,""dist"":0.438849}",5.35465,8.45465,0,12.8,8.2,0.126037,8.2,3.1,0.003865,-0.010091,-0.006226,-0.00709761111111111,0.000900834904495398,0.060207,0.640815,0.214740407407407,0.169590269710477,4.854049,-0.116337
20.910702,"P05","SO_1.2",100,4,5710.165527,8106.789551,-108.894432,-0.007894,0.46595,27.7776,16.7,29.4,"{""type"":""M"",""msg"":""FADE0"",""time"":20.8164,""dist"":0.412508}",4.348158,21.048158,0,31.6,21.7,0.210098,21.7,16.7,0.001018,-0.008586,-0.007568,-0.00807979545454545,0.000381459228797354,0.210098,0.46595,0.318406886363636,0.0838361813697475,5.35465,0.640815
21.05192,"P05","SO_1.2",100,5,5708.618652,8101.817383,-108.789864,-0.007243,0.632887,27.7775,4.5,12.3,"{""type"":""M"",""msg"":""FADE0"",""time"":20.9665,""dist"":0.417992}",4.651144,9.151144,0,8.8,13.9,0.321461,8.8,4.5,0.001505,-0.007731,-0.006226,-0.00720655319148936,0.000374288008642417,0.289877,0.632887,0.380264936170213,0.103333727349871,4.348158,0.46595
21.196995,"P05","SO_1.2",100,6,5708.220703,8101.128906,-109.041969,-0.008219,0.478804,27.7777,30.8,42.2,"{""type"":""M"",""msg"":""FADE0"",""time"":21.1727,""dist"":0.420417}",4.641291,35.441291,0,1e+06,1e+06,0.162891,1e+06,30.8,0.00236,-0.009237,-0.006877,-0.0081943829787234,0.000758703859085305,0.162891,0.478804,0.31360929787234,0.0838327199590675,4.651144,0.632887
20.132725,"P05","SO_1.2",100,7,5720.072266,8137.984375,-107.283157,-0.006063,0.038123,27.7778,5.4,9.7,"{""type"":""M"",""msg"":""FADE0"",""time"":20.036,""dist"":0.37969}",3.234801,8.634801,0,12.1,16.5,-0.158721,12.1,5.4,0.001017,-0.006551,-0.005534,-0.00606281818181818,0.000328942287353102,-0.246492,0.038123,-0.170120666666667,0.0808028984654428,4.641291,0.478804
22.539892,"P05","SO_1.2",100,8,5696.084961,8067.899902,-110.197411,-0.008219,0.329551,27.7777,18.6,35,"{""type"":""M"",""msg"":""FADE0"",""time"":22.5306,""dist"":0.4562}",5.964424,24.564424,0,34.5,43,-0.086061,34.5,18.6,0.001342,-0.008219,-0.006877,-0.00755686666666667,0.00047055464808687,-0.144836,0.329551,-0.002828,0.147741798846868,3.234801,0.038123
21.606384,"P05","SO_1.2",100,9,5703.106445,8089.695801,-109.860634,-0.007894,-0.554699,27.7776,37.9,42.7,"{""type"":""M"",""msg"":""FADE0"",""time"":21.5619,""dist"":0.432349}",5.044389,42.944389,0,25.9,32.4,0.079183,25.9,37.9,0.000651,-0.008057,-0.007406,-0.00778537254901961,0.000191864427217169,-0.554699,0.079183,-0.280804235294118,0.182340551110452,5.964424,0.329551
21.72065,"P05","SO_1.2",100,10,5703.070312,8085.274902,-108.784309,-0.005697,0.926228,27.7778,0.8,5.1,"{""type"":""M"",""msg"":""FADE0"",""time"":21.6238,""dist"":0.43513}",5.264002,6.064002,0,11.6,15.8,0.121682,11.6,0.8,0.000203,-0.0059,-0.005697,-0.00579275471698113,0.000102307023907373,-0.038677,0.926228,0.218195264150943,0.28291269988666,5.044389,-0.554699
18.523439,"P05","SO_1.2",100,11,5730.112305,8169.204102,-106.78009,-0.008219,0.381343,27.7778,55.6,24.6,"{""type"":""M"",""msg"":""FADE0"",""time"":18.4862,""dist"":0.348628}",2.018558,26.618558,0,21.6,15.4,0.435006,15.4,24.6,0.00118,-0.009399,-0.008219,-0.009006,0.000381796935556062,0.381343,0.440716,0.422034428571429,0.019330621165838,5.264002,0.926228
19.710579,"P05","SO_1.2",100,12,5719.883301,8137.712402,-107.703674,-0.007894,-0.066234,27.7779,21.3,31.7,"{""type"":""M"",""msg"":""FADE0"",""time"":19.672,""dist"":0.381597}",3.22954,24.52954,0,17.2,24.4,-0.088956,17.2,21.3,0.001017,-0.007894,-0.006877,-0.00763633333333333,0.000396079590065768,-0.122026,-0.066234,-0.107070787878788,0.0149971434629181,2.018558,0.381343
20.414595,"P05","SO_1.2",100,13,5714.26709,8117.39209,-107.572693,-0.0059,0.957147,27.7779,0.7,5.2,"{""type"":""M"",""msg"":""FADE0"",""time"":20.3407,""dist"":0.401716}",4.043745,4.743745,0,19.5,13.4,0.124062,13.4,0.7,0.004517,-0.009237,-0.00472,-0.00625251219512195,0.00142862196052614,0.124062,0.957147,0.36870787804878,0.248252977415699,3.22954,-0.066234
18.820353,"P05","SO_1.2",100,14,5728.103027,8162.407227,-106.761238,-0.006877,0.420116,27.7782,7.7,14.3,"{""type"":""M"",""msg"":""FADE0"",""time"":18.7581,""dist"":0.35503}",2.326731,10.026731,0,13.4,9.1,0.480894,9.1,7.7,0.003377,-0.009928,-0.006551,-0.00713616666666667,0.000899340660255282,0.387178,0.480894,0.41526025,0.0289669679616508,4.043745,0.957147
20.707638,"P05","SO_1.2",100,15,5711.643555,8110.187988,-108.52964,-0.006714,0.767679,27.7779,3.5,10.5,"{""type"":""M"",""msg"":""FADE0"",""time"":20.6651,""dist"":0.410294}",4.242502,7.742502,0,36.3,26.7,0.568676,26.7,3.5,0.003174,-0.009237,-0.006063,-0.00771990697674419,0.00135769322599126,0.568676,0.767679,0.627672744186046,0.0470610201820557,2.326731,0.420116
20.416691,"P05","SO_1.2",100,16,5717.226562,8127.650879,-107.698936,-0.006877,0.521739,27.778,4.1,10.3,"{""type"":""M"",""msg"":""FADE0"",""time"":20.3291,""dist"":0.390677}",3.634344,7.734344,0,13.2,20,0.072346,13.2,4.1,0.000366,-0.007243,-0.006877,-0.00697040540540541,0.000158905887496597,0.072346,0.521739,0.217114324324324,0.140987271328942,4.242502,0.767679
20.29705,"P05","SO_1.2",100,17,5716.245605,8125.573242,-108.255623,-0.007894,0.231493,27.7779,23.5,33.8,"{""type"":""M"",""msg"":""FADE0"",""time"":20.2537,""dist"":0.394214}",3.736509,27.236509,0,22.7,14.6,0.246708,14.6,23.5,0.00118,-0.008748,-0.007568,-0.00792813157894737,0.000306334049342591,0.199479,0.246708,0.214142710526316,0.0135589337974913,3.634344,0.521739
21.805307,"P05","SO_1.2",100,18,5702.806641,8084.687988,-109.218895,-0.007039,0.868576,27.7777,1.7,8.6,"{""type"":""M"",""msg"":""FADE0"",""time"":21.7282,""dist"":0.436311}",5.257099,6.957099,0,12.5,18.7,0.097805,12.5,1.7,0,-0.007039,-0.007039,-0.007039,0,0.090328,0.868576,0.339070226415094,0.242889261392974,3.736509,0.231493
20.238813,"P05","SO_1.2",100,19,5716.867676,8127.958496,-108.374214,-0.009399,0.072033,27.7778,14,8.4,"{""type"":""M"",""msg"":""FADE0"",""time"":20.152,""dist"":0.390538}",3.64059,12.04059,0,17,24.8,0.258721,17,8.4,0.001993,-0.009399,-0.007406,-0.0082347027027027,0.000450526288841103,0.072033,0.258721,0.160478351351351,0.053286932257364,5.257099,0.868576
17.146576,"P05","SO_1.2",100,20,5741.705566,8209.625977,-105.129776,-0.011434,0.511435,27.7719,10.8,7.6,"{""type"":""M"",""msg"":""FADE0"",""time"":17.0606,""dist"":0.305171}",0.502185999999998,8.102186,0,11.8,8.6,0.494195,8.6,7.6,0,-0.011434,-0.011434,-0.011434,0,0.494195,0.512076,0.5060525,0.00691413470363428,3.64059,0.072033
20.388,"P05","SO_1.2",100,21,5715.858398,8123.686523,-108.077171,-0.007894,0.460173,27.7781,9.7,22.7,"{""type"":""M"",""msg"":""FADE0"",""time"":20.3078,""dist"":0.395067}",3.734916,13.434916,0,10.9,17.5,0.021408,10.9,9.7,0.000651,-0.007894,-0.007243,-0.00785973684210526,0.000131919648806042,0.021408,0.460173,0.218011315789474,0.134392407067353,0.502185999999998,0.511435
20.655064,"P05","SO_1.2",100,22,5716.277832,8126.830566,-108.219582,-0.008748,-0.132008,27.7779,22.6,13.5,"{""type"":""M"",""msg"":""FADE0"",""time"":20.6534,""dist"":0.394083}",3.638647,17.138647,0,38.8,47.7,-0.210514,38.8,13.5,0.000691000000000001,-0.008748,-0.008057,-0.00815351351351351,0.000151234112411046,-0.210514,-0.132008,-0.179664324324324,0.0251236464423172,3.734916,0.460173
19.713749,"P05","SO_1.2",100,23,5720.037598,8136.836914,-108.067039,-0.009562,0.341635,27.7778,13.8,8.9,"{""type"":""M"",""msg"":""FADE0"",""time"":19.6476,""dist"":0.381686}",3.335045,12.235045,0,20.8,15,0.341725,15,8.9,0.000975999999999999,-0.009562,-0.008586,-0.00907408823529412,0.000330320447503959,0.341635,0.391671,0.376070382352941,0.0154089848858714,3.638647,-0.132008
19.58741,"P05","SO_1.2",100,24,5720.600098,8141.369141,-108.22406,-0.008748,-0.510905,27.7779,10.9,3.7,"{""type"":""M"",""msg"":""FADE0"",""time"":19.497,""dist"":0.37648}",3.135721,6.835721,0,11.2,6.8,0.111106,6.8,3.7,0.001505,-0.010091,-0.008586,-0.00886409375,0.000408600945744015,-0.510905,0.111106,-0.17774165625,0.189434444890252,3.335045,0.341635
20.611628,"P05","SO_1.2",100,25,5711.778809,8116.977539,-109.454582,-0.008748,-1.304591,27.7778,5.4,-0.506318,"{""type"":""M"",""msg"":""FADE0"",""time"":20.5697,""dist"":0.403729}",4.033843,3.527525,3.527525,11.2,5.9,-0.018091,5.9,-0.506318,0.000813,-0.009399,-0.008586,-0.00887951219512195,0.00029161619656247,-1.304591,-0.018091,-0.616090048780488,0.38813571101291,3.135721,-0.510905
18.802202,"P05","SO_1.2",100,26,5727.60498,8161.413574,-107.514893,-0.010742,0.21875,27.7781,8.6,5.1,"{""type"":""M"",""msg"":""FADE0"",""time"":18.7618,""dist"":0.356677}",2.322702,7.422702,0,12.2,8.9,0.374663,8.9,5.1,0.000692,-0.011434,-0.010742,-0.011342375,0.000208030685968075,0.21875,0.427769,0.371759083333333,0.0620271690582769,4.033843,-1.304591
19.996,"P05","SO_1.2",100,27,5718.179688,8132.830078,-107.992325,-0.008586,-0.188867,27.7778,26.4,15.2,"{""type"":""M"",""msg"":""FADE0"",""time"":19.978,""dist"":0.387338}",3.441311,18.641311,0,59.5,21.3,-0.207552,21.3,15.2,0.001018,-0.008586,-0.007568,-0.00786582857142857,0.000412845113081114,-0.250925,-0.188867,-0.227902171428571,0.0193156849423798,2.322702,0.21875
19.944401,"P05","SO_1.2",100,28,5719.485352,8134.420898,-107.680504,-0.008911,0.567045,27.778,28.9,22,"{""type"":""M"",""msg"":""FADE0"",""time"":19.9172,""dist"":0.385218}",3.33473,25.33473,0,12.6,22.2,0.089865,12.6,22,0.00118,-0.008911,-0.007731,-0.00803873529411765,0.000380559899225333,0.089865,0.567045,0.312551558823529,0.148032494872556,3.441311,-0.188867
20.135323,"P05","SO_1.2",100,29,5717.327148,8128.931152,-107.78891,-0.007894,0.216241,27.7779,10,21.1,"{""type"":""M"",""msg"":""FADE0"",""time"":20.0526,""dist"":0.389533}",3.635056,13.635056,0,17.2,10.2,-0.036326,10.2,10,0.002523,-0.009074,-0.006551,-0.00709878378378378,0.000752642977747053,-0.081885,0.216241,-0.000495702702702712,0.0902449530564405,3.33473,0.567045
19.911394,"P05","SO_1.2",100,30,5719.13916,8133.963867,-108.060699,-0.006551,0.371694,27.7779,9.7,15.4,"{""type"":""M"",""msg"":""FADE0"",""time"":19.8737,""dist"":0.385528}",3.431061,13.131061,0,57.8,1e+06,0.5152,57.8,9.7,0.002035,-0.008586,-0.006551,-0.00809974285714286,0.000504605398706119,0.371694,0.5152,0.439951114285714,0.0408393812440678,3.635056,0.216241
19.920067,"P06","SO_1.2",100,1,5717.827637,8127.842773,-107.257805,-0.003703,1.041992,27.7779,0.3,4.3,"{""type"":""M"",""msg"":""FADE0"",""time"":19.8337,""dist"":0.390451}",3.641775,3.941775,0,11.3,18.4,0.522964,11.3,0.3,0.00354,-0.007243,-0.003703,-0.00565286486486487,0.00108567606080682,0.495446,1.041992,0.630104216216216,0.164168149809905,NA,NA
20.62887,"P06","SO_1.2",100,2,5715.29834,8117.842285,-106.382439,-0.002035,1.813364,27.778,-0.708626,1.4,"{""type"":""M"",""msg"":""FADE0"",""time"":20.5711,""dist"":0.401512}",3.943752,3.235126,3.235126,15.8,21,0.181468,15.8,-0.708626,0.006388,-0.006714,-0.000326,-0.002641775,0.00120865624659615,0.086469,1.813364,0.5763065,0.53453421747901,3.641775,1.041992
20.425491,"P06","SO_1.2",100,3,5715.84668,8117.958008,-107.071266,-0.006877,-1.46632,27.7777,-1.820886,1,"{""type"":""M"",""msg"":""FADE0"",""time"":20.3271,""dist"":0.400135}",3.943279,2.122393,2.122393,3.4,6.5,0.312727,3.4,-1.820886,0.007242,-0.009928,-0.002686,-0.006251025,0.0022804697051884,-1.843332,1.833714,0.573327075,1.04096097707488,3.943752,1.813364
20.408157,"P06","SO_1.2",100,4,5715.0625,8118.010254,-107.511421,-0.005046,1.515097,27.778,-0.810018,3.4,"{""type"":""M"",""msg"":""FADE0"",""time"":20.3098,""dist"":0.400322}",4.033767,3.223749,3.223749,4.8,8.5,0.302497,4.8,-0.810018,0.005046,-0.009074,-0.004028,-0.00643012195121951,0.00128361166625896,0.302497,1.515097,0.787641073170732,0.363968811475887,3.943279,-1.46632
21.187227,"P06","SO_1.2",100,5,5709.467285,8097.290527,-107.437943,-0.005697,-0.796817,27.7786,-2.319881,-0.302921,"{""type"":""M"",""msg"":""FADE0"",""time"":21.1479,""dist"":0.423414}",4.741501,2.42162,2.42162,23.7,18.9,0.259642,18.9,-2.319881,0.009074,-0.009766,-0.000692,-0.00601708333333333,0.00269373963607294,-1.864644,1.807932,0.203225479166667,1.09639564104707,4.033767,1.515097
19.416674,"P06","SO_1.2",100,6,5723.076172,8144.001465,-106.277718,-0.005697,1.087929,27.7776,0.1,4.1,"{""type"":""M"",""msg"":""FADE0"",""time"":19.3557,""dist"":0.374134}",3.029501,3.129501,0,4.8,7.3,0.074776,4.8,0.1,0.004517,-0.005697,-0.00118,-0.00412683870967742,0.00118722320554517,0.066563,1.087929,0.410673548387097,0.327954599576714,4.741501,-0.796817
20.585669,"P06","SO_1.2",100,7,5712.90625,8115.51416,-108.347626,-0.007243,0.252164,27.7782,7.7,14.7,"{""type"":""M"",""msg"":""FADE0"",""time"":20.5705,""dist"":0.40559}",4.042654,11.742654,0,4.7,6.9,-0.056497,4.7,7.7,0.010742,-0.010579,0.000163,-0.00706019512195122,0.0024956221290443,-0.06874,0.252164,0.0610561951219512,0.105110088708986,3.029501,1.087929
20.293842,"P06","SO_1.2",100,8,5714.874512,8122.953125,-108.413628,-0.005208,-0.248415,27.7781,8.3,11.8,"{""type"":""M"",""msg"":""FADE0"",""time"":20.2653,""dist"":0.397551}",3.738714,12.038714,0,53.3,24.3,0.189603,24.3,8.3,0.006551,-0.011434,-0.004883,-0.00752886842105263,0.00188215405882143,-0.248415,0.189603,-0.0378469736842105,0.143769394064787,4.042654,0.252164
21.416662,"P06","SO_1.2",100,9,5706.329102,8091.92627,-108.469292,-0.006877,1.760189,27.7779,-1.514553,3.1,"{""type"":""M"",""msg"":""FADE0"",""time"":21.3631,""dist"":0.42904}",4.94461,3.430057,3.430057,20.4,14.5,0.277865,14.5,-1.514553,0.005371,-0.009399,-0.004028,-0.00662196,0.0017544216904026,0.277865,1.760189,0.84195084,0.466888766342685,3.738714,-0.248415
20.312195,"P06","SO_1.2",100,10,5716.631348,8126.388184,-107.630333,-0.006226,0.35364,27.7779,4,8.7,"{""type"":""M"",""msg"":""FADE0"",""time"":20.2988,""dist"":0.394156}",3.637362,7.637362,0,12.4,17.1,0.031118,12.4,4,0.006714,-0.009237,-0.002523,-0.00603545945945946,0.00214273820916906,-0.027941,0.35364,0.0676251621621622,0.111173416293223,4.94461,1.760189
20.530859,"P06","SO_1.2",100,11,5713.040527,8114.771484,-108.299263,-0.006063,0.618762,27.7783,3.7,9,"{""type"":""M"",""msg"":""FADE0"",""time"":20.5035,""dist"":0.405956}",4.14213,7.84213,0,6.1,9.5,0.245045,6.1,3.7,0.006389,-0.010417,-0.004028,-0.00700552380952381,0.00182750018835667,0.226602,0.618762,0.358388023809524,0.12788613233225,3.637362,0.35364
20.707716,"P06","SO_1.2",100,12,5713.691406,8115.504883,-108.072144,-0.007731,1.004954,27.7778,0.9,10.3,"{""type"":""M"",""msg"":""FADE0"",""time"":20.6619,""dist"":0.40454}",4.134995,5.034995,0,4.8,7.8,0.0687,4.8,0.9,0.007731,-0.011271,-0.00354,-0.00748792857142857,0.00207088521655339,0.0687,1.004954,0.48101480952381,0.278572353088091,4.14213,0.618762
20.734474,"P06","SO_1.2",100,13,5710.432617,8110.206543,-109.32428,-0.009237,-0.398938,27.7777,10.4,4.4,"{""type"":""M"",""msg"":""FADE0"",""time"":20.6393,""dist"":0.409169}",4.348823,8.748823,0,13.8,8.6,0.153156,8.6,4.4,0.003377,-0.010091,-0.006714,-0.00869020454545455,0.000942421265098093,-0.398938,0.153156,-0.0941019090909091,0.161426622061185,4.134995,1.004954
20.600485,"P06","SO_1.2",100,14,5712.662109,8114.425781,-108.764664,-0.009074,0.362531,27.7778,18.6,12.4,"{""type"":""M"",""msg"":""FADE0"",""time"":20.5454,""dist"":0.4056}",4.045242,16.445242,0,6.1,9.9,0.263181,6.1,12.4,0.005208,-0.010091,-0.004883,-0.00823036585365854,0.00139040623121621,0.263124,0.363349,0.322318902439024,0.0328606410883939,4.348823,-0.398938
21.631023,"P06","SO_1.2",100,15,5704.683105,8093.492188,-109.870506,-0.008911,-0.342537,27.7775,12.8,5.6,"{""type"":""M"",""msg"":""FADE0"",""time"":21.6073,""dist"":0.428858}",4.955764,10.555764,0,14.5,9.2,0.316093,9.2,5.6,0.006917,-0.011108,-0.004191,-0.00834312,0.00199495543032409,-0.342537,0.316093,0.01530668,0.200536364662722,4.045242,0.362531
21.203541,"P06","SO_1.2",100,16,5707.434082,8097.585938,-108.957336,-0.009074,0.90715,27.7777,29.8,23.7,"{""type"":""M"",""msg"":""FADE0"",""time"":21.1628,""dist"":0.423652}",4.751156,28.451156,0,7.2,10.7,0.283979,7.2,23.7,0.008382,-0.010905,-0.002523,-0.00688602083333333,0.00255348448194947,0.233557,0.90715,0.478648604166667,0.218027391960397,4.955764,-0.342537
23.029648,"P06","SO_1.2",100,17,5693.722168,8060.615234,-110.453827,-0.006388,0.680267,27.7779,4,10.1,"{""type"":""M"",""msg"":""FADE0"",""time"":23.0028,""dist"":0.463434}",6.167477,10.167477,0,5.6,8.4,-0.001288,5.6,4,0.007243,-0.010254,-0.003011,-0.00756903225806452,0.00172153485623656,-0.00416,0.680267,0.27826735483871,0.221988356568101,4.751156,0.90715
24.027243,"P06","SO_1.2",100,18,5683.836914,8037.649414,-111.90715,-0.009074,-0.252626,27.7777,13.6,6.7,"{""type"":""M"",""msg"":""FADE0"",""time"":23.9373,""dist"":0.486625}",7.077158,13.777158,0,57.9,32.2,0.213681,32.2,6.7,0.006714,-0.010254,-0.00354,-0.0083220985915493,0.00191297708264168,-0.252626,0.213681,0.010859676056338,0.136345437868334,6.167477,0.680267
24.135456,"P06","SO_1.2",100,19,5679.947754,8025.148926,-111.812378,-0.006063,0.802647,27.7779,3,9,"{""type"":""M"",""msg"":""FADE0"",""time"":24.0496,""dist"":0.499836}",7.481922,10.481922,0,17,24.7,0.213239,17,3,0.005208,-0.009399,-0.004191,-0.00759268,0.00173237060793678,0.159502,0.802647,0.391920733333333,0.215674708339073,7.077158,-0.252626
22.217735,"P06","SO_1.2",100,20,5701.664062,8082.698242,-109.846077,-0.009074,0.458953,27.7779,21.2,14.9,"{""type"":""M"",""msg"":""FADE0"",""time"":22.2024,""dist"":0.440261}",5.35099,20.25099,0,7.8,12.1,-0.113087,7.8,14.9,0.007569,-0.010417,-0.002848,-0.00826092592592593,0.00210808694328465,-0.113087,0.458953,0.185421203703704,0.175673981951708,7.481922,0.802647
23.657766,"P06","SO_1.2",100,21,5682.85498,8035.691406,-111.978645,-0.006714,-0.441738,27.7779,16,20.5,"{""type"":""M"",""msg"":""FADE0"",""time"":23.5744,""dist"":0.489017}",7.182485,23.182485,0,13.9,18.4,0.283983,13.9,16,0.006226,-0.010417,-0.004191,-0.00773341666666667,0.00180196127695963,-0.441738,0.283983,-0.0882875416666666,0.178045866059721,5.35099,0.458953
23.01759,"P06","SO_1.2",100,22,5695.263672,8063.604004,-110.286003,-0.008586,1.068563,27.7777,0.9,51.5,"{""type"":""M"",""msg"":""FADE0"",""time"":23.0124,""dist"":0.460723}",6.058394,6.958394,0,9.4,14.4,0.110742,9.4,0.9,0.005208,-0.009562,-0.004354,-0.00756575409836066,0.00160001036096372,0.10699,1.068563,0.491872081967213,0.317076853388118,7.182485,-0.441738
27.22674,"P06","SO_1.2",100,23,5647.365723,7953.650391,-115.20459,-0.008423,-0.575542,27.7776,20.4,5.8,"{""type"":""M"",""msg"":""FADE0"",""time"":27.1487,""dist"":0.578555}",10.358746,16.158746,0,31.4,21.5,0.207494,21.5,5.8,0.009073,-0.011759,-0.002686,-0.00835771844660194,0.00204407327109318,-0.575542,0.228261,-0.062719359223301,0.240847569538261,6.058394,1.068563
27.210888,"P06","SO_1.2",100,24,5644.418457,7945.630859,-115.113434,-0.007243,0.159547,27.778,10.6,16.9,"{""type"":""M"",""msg"":""FADE0"",""time"":27.1223,""dist"":0.586879}",10.718552,21.318552,0,37.7,47.7,0.347553,37.7,10.6,0.005209,-0.009766,-0.004557,-0.00795056074766355,0.00158652205461048,0.139871,0.347553,0.27013646728972,0.0664839932357559,10.358746,-0.575542
26.690071,"P06","SO_1.2",100,25,5650.582031,7957.762207,-114.652267,-0.006714,0.62528,27.7779,6.4,13,"{""type"":""M"",""msg"":""FADE0"",""time"":26.605,""dist"":0.573365}",10.227108,16.627108,0,15.3,22.2,0.170419,15.3,6.4,0.00472,-0.010091,-0.005371,-0.00787078431372549,0.00125986444836989,0.15234,0.62528,0.429756117647059,0.182532783124821,10.718552,0.159547
22.485912,"P06","SO_1.2",100,26,5696.808105,8070.458984,-110.363922,-0.007039,0.109908,27.7778,11.7,18,"{""type"":""M"",""msg"":""FADE0"",""time"":22.4384,""dist"":0.452558}",5.755224,17.455224,0,7.2,10.7,0.161519,7.2,11.7,0.006713,-0.010579,-0.003866,-0.00774515517241379,0.00204540131009999,0.04985,0.161519,0.0944462931034483,0.0286925095170546,10.227108,0.62528
21.632433,"P06","SO_1.2",100,27,5702.382812,8090.470215,-110.315613,-0.007406,-1.505203,27.7778,8.4,-1.113768,"{""type"":""M"",""msg"":""FADE0"",""time"":21.5545,""dist"":0.430942}",5.053417,3.939649,3.939649,10.3,6.1,0.319419,6.1,-1.113768,0.006876,-0.011922,-0.005046,-0.00832313725490196,0.0019673722781376,-1.505203,0.319419,-0.540736960784314,0.571847993081552,5.755224,0.109908
23.334625,"P06","SO_1.2",100,28,5686.95459,8042.209961,-110.806488,-0.007568,0.992182,27.7776,0.9,9.1,"{""type"":""M"",""msg"":""FADE0"",""time"":23.3109,""dist"":0.483143}",6.872656,7.772656,0,8.7,12.1,0.142575,8.7,0.9,0.008219,-0.010742,-0.002523,-0.00670027536231884,0.0020047051630371,-0.011445,0.992182,0.27839236231884,0.301326019559037,5.053417,-1.505203
24.231092,"P06","SO_1.2",100,29,5683.367676,8031.601074,-110.796188,-0.005371,1.576844,27.7782,-1.011032,3.3,"{""type"":""M"",""msg"":""FADE0"",""time"":24.192,""dist"":0.49391}",7.282306,6.271274,6.271274,9.9,14.7,0.158379,9.9,-1.011032,0.005696,-0.009399,-0.003703,-0.00665260273972603,0.00180386248197618,0.097915,1.576844,0.513688726027397,0.446295148002146,6.872656,0.992182
24.340595,"P06","SO_1.2",100,30,5676.932129,8019.344727,-112.748245,-0.009074,0.191559,27.7778,13.5,7.7,"{""type"":""M"",""msg"":""FADE0"",""time"":24.2937,""dist"":0.507422}",7.778177,15.478177,0,13.1,17.8,0.231267,13.1,7.7,0.006225,-0.010579,-0.004354,-0.00803114102564103,0.00173835631967074,0.019435,0.375551,0.209740871794872,0.122141952039033,7.282306,1.576844
21.00495,"P07","SO_1.2",100,1,5703.976074,8099.158691,-111.32,-0.012248,0.828042,27.7775,-0.30505,-2.325392,"{""type"":""M"",""msg"":""FADE0"",""time"":20.9108,""dist"":0.421703}",4.754923,2.429531,2.429531,8.6,4.2,0.142679,4.2,-2.325392,0.003825,-0.012248,-0.008423,-0.0099038125,0.00103681900298307,-1.823569,1.851943,-0.200307916666667,1.095926433003,NA,NA
18.198357,"P07","SO_1.2",100,2,5731.080566,8174.688477,-106.707039,-0.007243,-0.25146,27.7776,21.2,27,"{""type"":""M"",""msg"":""FADE0"",""time"":18.1271,""dist"":0.342116}",1.822352,23.022352,0,24.5,30.4,0.080975,24.5,21.2,0.000204,-0.007243,-0.007039,-0.00720005263157895,8.5446197291506e-05,-0.25146,0.080975,-0.102794684210526,0.104487587002291,4.754923,0.828042
20.295418,"P07","SO_1.2",100,3,5714.008789,8120.957031,-108.306519,-0.00472,-0.435722,27.778,7.3,10.4,"{""type"":""M"",""msg"":""FADE0"",""time"":20.2935,""dist"":0.400378}",3.937369,11.237369,0,17.7,9.6,-0.016829,9.6,7.3,0.004557,-0.008748,-0.004191,-0.007248075,0.00168196540083778,-0.452025,-0.016829,-0.274129075,0.147212069132166,1.822352,-0.25146
20.840069,"P07","SO_1.2",100,4,5712.195801,8107.61377,-106.429001,-0.0059,-1.584856,27.7778,-0.813061,0.7,"{""type"":""M"",""msg"":""FADE0"",""time"":20.8132,""dist"":0.413001}",4.358528,3.545467,3.545467,13.5,5.5,-0.071224,5.5,-0.813061,0.009725,-0.008219,0.001506,-0.00197163636363636,0.00337458446772484,-1.832664,1.795564,0.116493659090909,0.803722018168984,3.937369,-0.435722
19.783316,"P07","SO_1.2",100,5,5718.955078,8136.42334,-109.479225,-0.014974,-0.588772,27.7775,3.4,1.1,"{""type"":""M"",""msg"":""FADE0"",""time"":19.7499,""dist"":0.383282}",3.331269,4.431269,0,14,9.6,0.434086,9.6,1.1,0.005046,-0.014974,-0.009928,-0.0120393823529412,0.00166441617782707,-0.588772,0.434086,0.111232911764706,0.306105916418362,4.358528,-1.584856
21.320421,"P07","SO_1.2",100,6,5707.62207,8098.67334,-108.55352,-0.005534,0.733016,27.7776,1.9,6.4,"{""type"":""M"",""msg"":""FADE0"",""time"":21.2218,""dist"":0.42096}",4.756822,6.656822,0,14,19.3,0.356491,14,1.9,0.00236,-0.007243,-0.004883,-0.00602297916666667,0.0006255745780866,0.132023,0.733016,0.298395833333333,0.168879956654894,3.331269,-0.588772
22.023563,"P07","SO_1.2",100,7,5696.661621,8076.258301,-112.386711,-0.012248,1.670513,27.778,0.9,-1.0104,"{""type"":""M"",""msg"":""FADE0"",""time"":22.0145,""dist"":0.448188}",5.562154,4.551754,4.551754,23.8,15.2,0.447834,15.2,-1.0104,0.004679,-0.013265,-0.008586,-0.0111891785714286,0.00139391111112376,-1.872478,1.7753,-0.219236446428571,0.768231343717714,4.756822,0.733016
20.099201,"P07","SO_1.2",100,8,5716.986328,8128.351562,-108.0858,-0.008586,0.067681,27.7779,31.8,20.2,"{""type"":""M"",""msg"":""FADE0"",""time"":20.0654,""dist"":0.391603}",3.547834,23.747834,0,10.1,14.4,0.092646,10.1,20.2,0.002686,-0.008586,-0.0059,-0.00730522222222222,0.000590640916347227,-0.007772,0.092646,0.0236972777777778,0.0286061276139133,5.562154,1.670513
21.908537,"P07","SO_1.2",100,9,5697.654297,8078.147949,-111.683929,-0.009237,-1.785018,27.7778,2,-0.909649,"{""type"":""M"",""msg"":""FADE0"",""time"":21.8824,""dist"":0.445578}",5.551836,4.642187,4.642187,18.4,11.9,0.455326,11.9,-0.909649,0.002686,-0.011597,-0.008911,-0.0101644464285714,0.000532901352619203,-1.785018,0.455326,-0.358146892857143,0.671410562290241,3.547834,0.067681
21.181927,"P07","SO_1.2",100,10,5708.25,8103.14209,-109.374435,-0.008219,-0.161447,27.7778,53.9,11.9,"{""type"":""M"",""msg"":""FADE0"",""time"":21.1262,""dist"":0.417662}",4.544312,16.444312,0,21.4,13.4,0.194786,13.4,11.9,0.001342,-0.008748,-0.007406,-0.0083494347826087,0.00042271643514425,-0.161447,0.194786,0.0228670869565217,0.104396322708721,5.551836,-1.785018
24.241266,"P07","SO_1.2",100,11,5679.14209,8021.155273,-111.857788,-0.006877,1.564756,27.7778,-2.529011,7.1,"{""type"":""M"",""msg"":""FADE0"",""time"":24.2164,""dist"":0.505556}",7.682178,5.153167,5.153167,9.7,20.1,0.156885,9.7,-2.529011,0.001709,-0.008586,-0.006877,-0.0081328961038961,0.000362407577489024,0.156885,1.564756,0.886070857142857,0.406999648413811,4.544312,-0.161447
23.563007,"P07","SO_1.2",100,12,5678.585938,8038.394043,-115.291267,-0.011759,0.527524,27.7778,-1.922687,-3.33918,"{""type"":""M"",""msg"":""FADE0"",""time"":23.5546,""dist"":0.490033}",7.175382,3.836202,3.836202,11.2,7.7,0.53542,7.7,-3.33918,0.002889,-0.013794,-0.010905,-0.0121645416666667,0.000679213877359101,-1.792006,1.854084,0.0225019166666667,0.848768573546584,7.682178,1.564756
21.510408,"P07","SO_1.2",100,13,5712.301758,8110.375,-107.089645,-0.002197,1.358513,27.7778,-0.302291,2.4,"{""type"":""M"",""msg"":""FADE0"",""time"":21.4597,""dist"":0.409767}",4.249059,3.946768,3.946768,6.9,10.4,0.247509,6.9,-0.302291,0.006551,-0.006063,0.000488,-0.00408990697674419,0.00168993876775453,0.192706,1.358513,0.487931534883721,0.345360918773759,7.175382,0.527524
20.321014,"P07","SO_1.2",100,14,5714.739258,8121.715332,-108.548355,-0.007406,0.012037,27.7779,18.5,25.5,"{""type"":""M"",""msg"":""FADE0"",""time"":20.256,""dist"":0.397765}",3.838165,22.338165,0,20.6,28.3,0.40105,20.6,18.5,0.001018,-0.008057,-0.007039,-0.00772917948717949,0.000334230921732019,0.012037,0.40105,0.177921641025641,0.117894900190021,4.249059,1.358513
22.327263,"P07","SO_1.2",100,15,5696.372559,8069.477051,-109.940918,-0.009074,0.052243,27.7778,29.9,22.6,"{""type"":""M"",""msg"":""FADE0"",""time"":22.2923,""dist"":0.453925}",5.86163,28.46163,0,18.7,24.2,-0.176578,18.7,22.6,0.003703,-0.009074,-0.005371,-0.00697401694915254,0.000614323050237089,-0.394891,0.052243,-0.270826627118644,0.121923562787751,3.838165,0.012037
21.707003,"P07","SO_1.2",100,16,5705.575684,8092.897949,-109.045563,-0.007568,0.713515,27.7778,3.6,12.5,"{""type"":""M"",""msg"":""FADE0"",""time"":21.6632,""dist"":0.428518}",4.944933,8.544933,0,8.9,12.9,-0.253239,8.9,3.6,0.002523,-0.008423,-0.0059,-0.00741132,0.00077553550794379,-0.253239,0.713515,0.15257686,0.313430079856248,5.86163,0.052243
22.633631,"P07","SO_1.2",100,17,5692.801758,8059.326172,-110.305481,-0.005371,0.280071,27.7778,4.2,8.3,"{""type"":""M"",""msg"":""FADE0"",""time"":22.615,""dist"":0.465081}",6.174896,10.374896,0,11.5,15.5,-0.244948,11.5,4.2,0.003173,-0.008219,-0.005046,-0.00698341935483871,0.000595387697037136,-0.340206,0.280071,-0.156626870967742,0.188767531501744,4.944933,0.713515
22.849703,"P07","SO_1.2",100,18,5690.421875,8053.316406,-110.855881,-0.003866,0.194409,27.778,4.8,8.2,"{""type"":""M"",""msg"":""FADE0"",""time"":22.8428,""dist"":0.471974}",6.472656,11.272656,0,54.4,23.5,0.363599,23.5,4.8,0.004353,-0.008219,-0.003866,-0.00741956923076923,0.000783575478360867,0.077268,0.363599,0.148608861538462,0.0742909205856604,6.174896,0.280071
21.925652,"P07","SO_1.2",100,19,5699.53418,8078.015137,-109.749374,-0.005697,0.063084,27.7779,5.9,10,"{""type"":""M"",""msg"":""FADE0"",""time"":21.9019,""dist"":0.445203}",5.451466,11.351466,0,34.7,41.9,0.414943,34.7,5.9,0.002848,-0.008219,-0.005371,-0.00701047272727273,0.000937272458402284,-0.075792,0.414943,0.0777451636363636,0.149222686843791,6.472656,0.194409
21.428965,"P07","SO_1.2",100,20,5703.948242,8089.725098,-108.791801,-0.004191,0.249618,27.7776,3,6.2,"{""type"":""M"",""msg"":""FADE0"",""time"":21.4032,""dist"":0.432638}",5.061245,8.061245,0,12.3,7,0.398509,7,3,0.0059,-0.008911,-0.003011,-0.00556427450980392,0.00120060240010474,-0.153792,0.398509,0.0163818823529412,0.159124582455716,5.451466,0.063084
22.823072,"P07","SO_1.2",100,21,5692.07666,8053.680176,-109.233383,-0.002848,1.640067,27.778,-0.60733,1.9,"{""type"":""M"",""msg"":""FADE0"",""time"":22.7419,""dist"":0.469072}",6.472492,5.865162,5.865162,51.8,13.6,0.295746,13.6,-0.60733,0.005697,-0.008057,-0.00236,-0.00512021538461538,0.00122939683499048,-0.028596,1.640067,0.361638138461538,0.465336922023269,5.061245,0.249618
21.440653,"P07","SO_1.2",100,22,5706.025879,8093.882812,-108.515717,-0.004883,0.819504,27.7777,1.2,5.2,"{""type"":""M"",""msg"":""FADE0"",""time"":21.3477,""dist"":0.426202}",4.852656,6.052656,0,54.4,22.3,0.297237,22.3,1.2,0.004029,-0.008057,-0.004028,-0.00593087755102041,0.00087846840278628,0.145874,0.819504,0.312612795918367,0.187434433894671,6.472492,1.640067
23.20488,"P07","SO_1.2",100,23,5689.050781,8041.830566,-108.640083,-0.003377,-0.626824,27.7788,-1.919106,-0.405262,"{""type"":""M"",""msg"":""FADE0"",""time"":23.115,""dist"":0.480998}",6.866757,4.947651,4.947651,8.5,11.9,0.142852,8.5,-1.919106,0.003377,-0.0059,-0.002523,-0.00423186956521739,0.0012425989357349,-1.849628,1.798207,0.155689101449275,0.801925943934152,4.852656,0.819504
21.18812,"P07","SO_1.2",100,24,5708.257324,8099.359863,-108.551682,-0.007243,1.105596,27.7778,0.1,7.3,"{""type"":""M"",""msg"":""FADE0"",""time"":21.1728,""dist"":0.422415}",4.745886,4.845886,0,59.8,28.6,0.50549,28.6,0.1,0.002685,-0.008219,-0.005534,-0.006591,0.000664934231270201,0.434327,1.105596,0.611530270833333,0.203254510920055,6.866757,-0.626824
22.529047,"P07","SO_1.2",100,25,5700.395996,8067.320312,-106.67382,-0.00236,0.888864,27.7787,-2.724888,-1.210878,"{""type"":""M"",""msg"":""FADE0"",""time"":22.4438,""dist"":0.453475}",5.865429,3.140541,3.140541,6.7,10.1,0.265299,6.7,-2.724888,0.003011,-0.004028,-0.001017,-0.00257108474576271,0.000854877754683646,-1.798282,1.845016,0.27524679661017,0.854448495862718,4.745886,1.105596
20.119696,"P07","SO_1.2",100,26,5717.345703,8127.266602,-107.773636,-0.008423,0.754127,27.7777,4.8,43,"{""type"":""M"",""msg"":""FADE0"",""time"":20.0701,""dist"":0.392159}",3.638047,8.438047,0,8.1,13.5,0.442699,8.1,4.8,0.002889,-0.008423,-0.005534,-0.00691518918918919,0.000789365808659002,0.428247,0.754127,0.509001405405405,0.0997432036516383,5.865429,0.888864
22.325556,"P07","SO_1.2",100,27,5696.556641,8072.780273,-110.938217,-0.009928,-0.945336,27.7778,6.4,0.9,"{""type"":""M"",""msg"":""FADE0"",""time"":22.2664,""dist"":0.450111}",5.772072,6.672072,0,14.8,9.3,0.368096,9.3,0.9,0.002197,-0.009928,-0.007731,-0.00862827586206897,0.000472768286150409,-0.945336,0.368096,-0.231191206896552,0.395806175425161,3.638047,0.754127
22.222399,"P07","SO_1.2",100,28,5698.856445,8078.90918,-110.593468,-0.006551,-0.897668,27.7778,20,1.9,"{""type"":""M"",""msg"":""FADE0"",""time"":22.1674,""dist"":0.44376}",5.460776,7.360776,0,11.4,7.4,0.552002,7.4,1.9,0.003377,-0.009928,-0.006551,-0.00817132727272727,0.000592624765877459,-0.897668,0.552002,-0.158492036363636,0.436925555742791,5.772072,-0.945336
23.34012,"P07","SO_1.2",100,29,5688.664062,8049.617676,-111.330223,-0.007406,-0.120754,27.7779,19.8,25.9,"{""type"":""M"",""msg"":""FADE0"",""time"":23.3359,""dist"":0.476161}",6.672485,26.472485,0,22.9,15.3,0.443542,15.3,19.8,0.001342,-0.008748,-0.007406,-0.00815186567164179,0.000438325356380546,-0.120754,0.443542,0.167750582089552,0.17583383945337,5.460776,-0.897668
23.838846,"P07","SO_1.2",100,30,5682.723633,8035.725586,-112.754433,-0.010742,-0.591531,27.778,5.4,1.7,"{""type"":""M"",""msg"":""FADE0"",""time"":23.8027,""dist"":0.49036}",7.183254,8.883254,0,17.3,37,0.52085,17.3,1.7,0.002685,-0.010742,-0.008057,-0.00947608333333333,0.000476684315474841,-0.591531,0.572645,0.292070847222222,0.34129366920725,6.672485,-0.120754
20.495203,"P08","SO_1.2",100,1,5712.819336,8113.859863,-108.813332,-0.008748,0.691805,27.778,23.5,16.2,"{""type"":""M"",""msg"":""FADE0"",""time"":20.4576,""dist"":0.406595}",4.141392,20.341392,0,19.8,15,0.583155,15,16.2,0.001139,-0.009562,-0.008423,-0.00879878571428571,0.000379492763883215,0.583155,0.705253,0.676213976190476,0.0342696429899402,NA,NA
22.022041,"P08","SO_1.2",100,2,5703.840332,8089.444824,-109.915863,-0.008911,0.219929,27.778,16.4,9.8,"{""type"":""M"",""msg"":""FADE0"",""time"":21.9718,""dist"":0.432224}",5.053585,14.853585,0,21.2,30,0.436954,21.2,9.8,0.001872,-0.008911,-0.007039,-0.00820243137254902,0.000805405121784111,0.219929,0.436954,0.338193666666667,0.0452683673642718,4.141392,0.691805
21.922585,"P08","SO_1.2",100,3,5699.830566,8077.706055,-109.957733,-0.007568,0.443519,27.7779,10.6,20.2,"{""type"":""M"",""msg"":""FADE0"",""time"":21.8779,""dist"":0.444781}",5.556855,16.156855,0,11.9,18.4,0.227303,11.9,10.6,0.00118,-0.008219,-0.007039,-0.007787,0.00035362147199307,0.217875,0.443519,0.297512375,0.0703019182825211,5.053585,0.219929
21.304958,"P08","SO_1.2",100,4,5705.095215,8091.76123,-109.209229,-0.009074,0.638435,27.7775,28.2,21.9,"{""type"":""M"",""msg"":""FADE0"",""time"":21.216,""dist"":0.428542}",4.950512,26.850512,0,9.4,14.7,-0.02213,9.4,21.9,0.00236,-0.009074,-0.006714,-0.00772558,0.000718795593833383,-0.02213,0.638435,0.24869298,0.19521128940176,5.556855,0.443519
21.924696,"P08","SO_1.2",100,5,5708.945801,8102.14209,-108.763199,-0.009562,0.835754,27.7774,22.4,17.8,"{""type"":""M"",""msg"":""FADE0"",""time"":21.8431,""dist"":0.417685}",4.651611,22.451611,0,6.9,10.8,0.00263,6.9,17.8,0.004191,-0.009562,-0.005371,-0.00761342553191489,0.000905290554959659,0.00263,0.835754,0.352465957446809,0.257823660544243,4.950512,0.638435
21.245497,"P08","SO_1.2",100,6,5707.495605,8097.053711,-108.434067,-0.008423,1.152162,27.7775,0,7.8,"{""type"":""M"",""msg"":""FADE0"",""time"":21.2437,""dist"":0.425178}",4.754343,4.754343,4.754343,8.1,12.7,-0.011583,8.1,0,0.003377,-0.008423,-0.005046,-0.00672922916666667,0.00110084343369717,-0.011583,1.152162,0.395611270833333,0.344394172433876,4.651611,0.835754
22.743752,"P08","SO_1.2",100,7,5692.03125,8059.296875,-111.20797,-0.011271,-0.446711,27.7776,7.4,3.4,"{""type"":""M"",""msg"":""FADE0"",""time"":22.6699,""dist"":0.463875}",6.266537,9.666537,0,13.3,18.8,-0.061327,13.3,3.4,0.004394,-0.011271,-0.006877,-0.00849003174603175,0.00134417012374051,-0.446711,-0.061327,-0.241280492063492,0.116276581151105,4.754343,1.152162
22.14407,"P08","SO_1.2",100,8,5697.752441,8071.882324,-110.397896,-0.010742,0.498526,27.7776,11.7,8.1,"{""type"":""M"",""msg"":""FADE0"",""time"":22.0543,""dist"":0.449721}",5.758183,13.858183,0,12.3,20.3,0.232347,12.3,8.1,0.004354,-0.010742,-0.006388,-0.00830494827586207,0.00116802663725955,0.232347,0.499481,0.3375205,0.0895751441027382,6.266537,-0.446711
22.45055,"P08","SO_1.2",100,9,5695.070801,8062.925781,-110.280823,-0.008423,1.127765,27.7779,0,37.3,"{""type"":""M"",""msg"":""FADE0"",""time"":22.4292,""dist"":0.460963}",6.071575,6.071575,6.071575,13.8,19.3,-0.008166,13.8,0,0.004354,-0.009237,-0.004883,-0.00734762295081967,0.00153616303566098,-0.040017,1.127765,0.451466475409836,0.401251570440981,5.758183,0.498526
22.584852,"P08","SO_1.2",100,10,5693.924316,8058.90625,-110.231163,-0.010091,1.479746,27.7776,-1.011696,18.2,"{""type"":""M"",""msg"":""FADE0"",""time"":22.5233,""dist"":0.464018}",6.273693,5.261997,5.261997,7.8,11.7,0.095144,7.8,-1.011696,0.00472,-0.010091,-0.005371,-0.00726161904761905,0.0013512159569114,0.087067,1.479746,0.584660936507936,0.447049883962805,6.071575,1.127765
22.822777,"P08","SO_1.2",100,11,5689.476074,8051.224121,-111.360077,-0.008219,0.055573,27.7777,48.5,14.4,"{""type"":""M"",""msg"":""FADE0"",""time"":22.7855,""dist"":0.473416}",6.562327,20.962327,0,8.3,12.1,-0.003824,8.3,14.4,0.005534,-0.010905,-0.005371,-0.00823413636363636,0.00168490627802684,-0.016182,0.326425,0.164350242424242,0.116243408480529,6.273693,1.479746
22.91604,"P08","SO_1.2",100,12,5689.112793,8049.01709,-110.709122,-0.007894,0.527269,27.7777,5.4,15.8,"{""type"":""M"",""msg"":""FADE0"",""time"":22.9106,""dist"":0.476466}",6.675178,12.075178,0,24.8,34,0.094621,24.8,5.4,0.003377,-0.009074,-0.005697,-0.00733702985074627,0.00103711112420218,0.047579,0.527269,0.13958123880597,0.12957682923727,6.562327,0.055573
22.235214,"P08","SO_1.2",100,13,5695.499023,8066.843262,-110.925758,-0.011759,0.136853,27.7774,8.1,4.9,"{""type"":""M"",""msg"":""FADE0"",""time"":22.1413,""dist"":0.455088}",5.952711,10.852711,0,9.1,14.3,0.059999,9.1,4.9,0.005208,-0.011759,-0.006551,-0.00880268333333333,0.0012209137518875,0.059999,0.267422,0.204783683333333,0.0659127383111769,6.675178,0.527269
23.132553,"P08","SO_1.2",100,14,5687.866211,8044.022461,-110.806755,-0.008219,1.178205,27.7778,-0.202907,12.6,"{""type"":""M"",""msg"":""FADE0"",""time"":23.0721,""dist"":0.480064}",6.769892,6.566985,6.566985,9,13.4,-0.133655,9,-0.202907,0.002197,-0.008423,-0.006226,-0.00746664705882353,0.000751017335187687,-0.133655,1.178205,0.370280897058824,0.412766123781008,5.952711,0.136853
23.341009,"P08","SO_1.2",100,15,5684.162598,8038.634766,-111.833527,-0.009562,-0.311595,27.7778,11.7,5.9,"{""type"":""M"",""msg"":""FADE0"",""time"":23.2752,""dist"":0.486238}",7.063761,12.963761,0,10.2,15.4,0.06385,10.2,5.9,0.003377,-0.009928,-0.006551,-0.00830130985915493,0.000933697084429868,-0.311595,0.066945,-0.0715701971830986,0.119180677886335,6.769892,1.178205
21.733473,"P08","SO_1.2",100,16,5702.671875,8085.785156,-109.402122,-0.008057,0.366714,27.7776,9.1,23.1,"{""type"":""M"",""msg"":""FADE0"",""time"":21.6386,""dist"":0.434794}",5.245465,14.345465,0,11.5,16.1,0.078043,11.5,9.1,0.001831,-0.008057,-0.006226,-0.00703641509433962,0.000410163589969917,-0.029747,0.366714,0.0736374905660377,0.113897111912905,7.063761,-0.311595
21.328794,"P08","SO_1.2",100,17,5708.080566,8101.492188,-109.501328,-0.010254,0.217537,27.7778,10.7,6.6,"{""type"":""M"",""msg"":""FADE0"",""time"":21.2927,""dist"":0.41981}",4.656583,11.256583,0,15.6,10.9,0.184963,10.9,6.6,0.003011,-0.010254,-0.007243,-0.00900110638297872,0.000894819200442252,0.184963,0.299347,0.250678872340426,0.034482986981369,5.245465,0.366714
23.646559,"P08","SO_1.2",100,18,5682.717773,8030.90918,-111.550163,-0.008911,1.216932,27.2449,-0.506975,24.3,"{""type"":""M"",""msg"":""FADE0"",""time"":23.5969,""dist"":0.494516}",7.2729,6.765925,6.765925,41.7,49.8,0.227436,41.7,-0.506975,0.002197,-0.008911,-0.006714,-0.00765587671232877,0.000682588678512533,0.207657,1.216932,0.564499232876712,0.333153282046615,4.656583,0.217537
22.960558,"P08","SO_1.2",100,19,5689.256836,8049.775391,-111.439743,-0.009562,0.372987,27.7778,13.3,8.5,"{""type"":""M"",""msg"":""FADE0"",""time"":22.8685,""dist"":0.473339}",6.579765,15.079765,0,16.7,26.2,0.458364,16.7,8.5,0.002523,-0.009562,-0.007039,-0.00832295454545454,0.000870868009637391,0.372987,0.484072,0.452422409090909,0.0232465814187987,7.2729,1.216932
21.635401,"P08","SO_1.2",100,20,5701.72998,8083.913574,-110.099686,-0.010579,0.102792,27.7777,10.3,6.3,"{""type"":""M"",""msg"":""FADE0"",""time"":21.5998,""dist"":0.43853}",5.258482,11.558482,0,13.9,20.9,0.140706,13.9,6.3,0.00354,-0.010579,-0.007039,-0.00841664150943396,0.00106180023281109,0.10129,0.142936,0.122972490566038,0.0132026085091934,6.579765,0.372987
21.643301,"P08","SO_1.2",100,21,5701.603027,8084.92334,-110.424751,-0.011271,-0.366881,27.7774,6.9,3.1,"{""type"":""M"",""msg"":""FADE0"",""time"":21.5535,""dist"":0.436075}",5.258541,8.358541,0,12.1,18,-0.09799,12.1,3.1,0.004232,-0.011271,-0.007039,-0.00914754716981132,0.00103962751402823,-0.366881,-0.061728,-0.124427773584906,0.0787963583262971,5.258482,0.102792
21.636644,"P08","SO_1.2",100,22,5702.491699,8085.158203,-109.754768,-0.009766,0.402123,27.7777,15.6,11,"{""type"":""M"",""msg"":""FADE0"",""time"":21.629,""dist"":0.437845}",5.262941,16.262941,0,13,18.8,-0.178107,13,11,0.002727,-0.009766,-0.007039,-0.00802894339622641,0.00101985444691301,-0.178107,0.402123,0.0789227358490566,0.205553520635807,5.258541,-0.366881
21.756899,"P08","SO_1.2",100,23,5701.145508,8080.227051,-109.698708,-0.008219,0.818678,27.7779,6,31.3,"{""type"":""M"",""msg"":""FADE0"",""time"":21.7431,""dist"":0.442819}",5.453508,11.453508,0,14.2,24.2,0.13464,14.2,6,0.000488000000000001,-0.008219,-0.007731,-0.00787021818181818,0.000154843970560223,0.13464,0.818678,0.434156672727273,0.208225631331074,5.262941,0.402123
21.500055,"P08","SO_1.2",100,24,5702.849121,8086.731445,-109.763748,-0.009074,0.205328,27.7778,19,12.5,"{""type"":""M"",""msg"":""FADE0"",""time"":21.4128,""dist"":0.434056}",5.154943,17.654943,0,22.9,32.6,0.162665,22.9,12.5,0.001506,-0.009074,-0.007568,-0.00797992307692308,0.000361393590563185,0.127591,0.205328,0.156886442307692,0.0239353261162392,5.453508,0.818678
23.426018,"P08","SO_1.2",100,25,5685.777832,8038.129883,-110.707146,-0.007894,1.39826,27.7776,-0.609175,5.8,"{""type"":""M"",""msg"":""FADE0"",""time"":23.3866,""dist"":0.486928}",7.066221,6.457046,6.457046,10.8,15.4,0.057282,10.8,-0.609175,0.002197,-0.007894,-0.005697,-0.00679416901408451,0.000735402960208415,0.009769,1.39826,0.380180802816901,0.425346814924669,5.154943,0.205328
22.758621,"P08","SO_1.2",100,26,5689.148926,8054.789551,-112.269798,-0.011759,-1.549463,27.7773,2.6,-0.80817,"{""type"":""M"",""msg"":""FADE0"",""time"":22.7148,""dist"":0.469971}",6.367576,5.559406,5.559406,20.7,31.1,0.297959,20.7,-0.80817,0.004028,-0.011759,-0.007731,-0.00971159375,0.0012491682149201,-1.549463,0.297959,-0.341438703125,0.578935521800899,7.066221,1.39826
21.650196,"P08","SO_1.2",100,27,5701.287109,8083.147461,-110.041023,-0.009074,-0.051997,27.7777,15.9,9.1,"{""type"":""M"",""msg"":""FADE0"",""time"":21.5612,""dist"":0.437921}",5.365065,14.465065,0,17.5,26.1,0.11083,17.5,9.1,0.001506,-0.009074,-0.007568,-0.0082645,0.000484047469604159,-0.051997,0.11083,0.0344082962962963,0.0505750450812172,6.367576,-1.549463
22.667194,"P08","SO_1.2",100,28,5692.176758,8056.709473,-110.705719,-0.009074,0.621223,27.7776,24.8,18.3,"{""type"":""M"",""msg"":""FADE0"",""time"":22.6458,""dist"":0.467763}",6.268682,24.568682,0,10.1,16.1,0.183601,10.1,18.3,0.002848,-0.009074,-0.006226,-0.00787333333333333,0.000941999897267305,0.183601,0.621223,0.33060880952381,0.128774721840853,5.365065,-0.051997
21.137434,"P08","SO_1.2",100,29,5705.884766,8096.09082,-109.554123,-0.008423,-0.069358,27.7778,26.1,13.2,"{""type"":""M"",""msg"":""FADE0"",""time"":21.1032,""dist"":0.425698}",4.844408,18.044408,0,14.1,21.1,0.1585,14.1,13.2,0.001505,-0.008748,-0.007243,-0.00823928571428571,0.000407345727443736,-0.069358,0.1585,0.0571086326530612,0.0709432078281323,6.268682,0.621223
22.243013,"P08","SO_1.2",100,30,5696.29248,8069.728516,-110.593307,-0.009074,-0.123434,27.7778,15.1,8.3,"{""type"":""M"",""msg"":""FADE0"",""time"":22.2064,""dist"":0.45365}",5.861255,14.161255,0,11.3,16.3,0.03328,11.3,8.3,0.002523,-0.009074,-0.006551,-0.00819040677966102,0.000825230440515402,-0.123434,0.043259,-0.00762622033898306,0.0497030661647222,4.844408,-0.069358
18.296268,"P09","SO_1.2",100,1,5730.731934,8171.540039,-106.688721,-0.009562,0.308928,27.7775,14.4,9.4,"{""type"":""M"",""msg"":""FADE0"",""time"":18.2844,""dist"":0.346895}",1.913017,11.313017,0,21.3,15,0.331244,15,9.4,0.000487999999999999,-0.009562,-0.009074,-0.0091391,0.000152981904674686,0.308928,0.341738,0.33255075,0.00961533553551442,NA,NA
18.209057,"P09","SO_1.2",100,2,5731.168945,8173.547852,-106.573181,-0.007406,0.159224,27.778,17,24.6,"{""type"":""M"",""msg"":""FADE0"",""time"":18.1723,""dist"":0.344148}",1.921686,18.921686,0,14.4,9.3,0.315982,9.3,17,0.002156,-0.009562,-0.007406,-0.00793685,0.000763217929489826,0.159224,0.315982,0.2285936,0.0517684449858466,1.913017,0.308928
18.009378,"P09","SO_1.2",100,3,5731.972168,8177.021484,-106.756905,-0.008911,-0.055449,27.7778,13.4,6.8,"{""type"":""M"",""msg"":""FADE0"",""time"":17.9653,""dist"":0.340396}",1.719711,8.519711,0,23.1,12.8,0.22614,12.8,6.8,0.000488000000000001,-0.008911,-0.008423,-0.00884777777777778,0.000149005943645984,-0.055449,0.22614,0.0922715,0.0887640677283126,1.921686,0.159224
18.47212,"P09","SO_1.2",100,4,5728.803223,8165.716797,-106.786797,-0.007731,0.130407,27.778,21,30.5,"{""type"":""M"",""msg"":""FADE0"",""time"":18.3724,""dist"":0.350591}",2.127819,23.127819,0,24.3,33.8,0.201329,24.3,21,0,-0.007731,-0.007731,-0.007731,0,0.130407,0.201329,0.153113636363636,0.0230939029792249,1.719711,-0.055449
18.412619,"P09","SO_1.2",100,5,5729.603516,8167.41748,-106.414421,-0.006877,0.414306,27.7779,6.2,12.6,"{""type"":""M"",""msg"":""FADE0"",""time"":18.3601,""dist"":0.350045}",2.126423,8.326423,0,19.7,13.3,0.281536,13.3,6.2,0.002197,-0.009074,-0.006877,-0.00704522727272727,0.000535919675201796,0.279612,0.414306,0.318348681818182,0.0432061268983996,2.127819,0.130407
18.688494,"P09","SO_1.2",100,6,5727.36377,8161.024902,-107.253174,-0.008911,0.106642,27.7779,15.3,8.7,"{""type"":""M"",""msg"":""FADE0"",""time"":18.6669,""dist"":0.357634}",2.321141,11.021141,0,16.4,10.9,0.315155,10.9,8.7,0.000487999999999999,-0.009399,-0.008911,-0.00908733333333333,0.000214129921282397,0.106642,0.315155,0.22814175,0.0658794178541701,2.126423,0.414306
18.903337,"P09","SO_1.2",100,7,5725.563965,8155.098145,-107.163216,-0.007568,0.127665,27.7778,16.7,25.3,"{""type"":""M"",""msg"":""FADE0"",""time"":18.9013,""dist"":0.364377}",2.426134,19.126134,0,18.1,11.6,0.195145,11.6,16.7,0.001506,-0.009074,-0.007568,-0.00786108,0.000493201439576163,0.124418,0.195145,0.14595316,0.0238992727045546,2.321141,0.106642
18.659964,"P09","SO_1.2",100,8,5727.964355,8162.965332,-106.900391,-0.008748,0.12267,27.7775,22.5,14.3,"{""type"":""M"",""msg"":""FADE0"",""time"":18.6163,""dist"":0.354985}",2.326737,16.626737,0,20.5,30.4,0.109462,20.5,14.3,0.001017,-0.008748,-0.007731,-0.00818879166666667,0.000418716151562978,0.103754,0.122751,0.111244458333333,0.00675276863013249,2.426134,0.127665
18.780987,"P09","SO_1.2",100,9,5727.408203,8161.32373,-106.938988,-0.007568,0.068152,27.7778,17.4,25.8,"{""type"":""M"",""msg"":""FADE0"",""time"":18.7713,""dist"":0.357678}",2.3228,19.7228,0,19.4,12.1,0.138098,12.1,17.4,0.001343,-0.008911,-0.007568,-0.00786995833333333,0.000372832457903904,0.066113,0.138098,0.0901715,0.0244568491464848,2.326737,0.12267
18.383509,"P09","SO_1.2",100,10,5730.13623,8169.836914,-106.418228,-0.007039,0.230028,27.778,8.6,15.1,"{""type"":""M"",""msg"":""FADE0"",""time"":18.3219,""dist"":0.347308}",2.025923,10.625923,0,12.5,18.9,0.171573,12.5,8.6,0,-0.007039,-0.007039,-0.007039,0,0.1569,0.230028,0.176329333333333,0.0219777906381268,2.3228,0.068152
18.565327,"P09","SO_1.2",100,11,5729.187012,8167.505859,-106.859581,-0.008586,-0.018836,27.7777,21.4,11.9,"{""type"":""M"",""msg"":""FADE0"",""time"":18.5149,""dist"":0.350091}",2.126381,14.026381,0,30.4,40.3,0.086504,30.4,11.9,0.000692,-0.008586,-0.007894,-0.008486,0.000166123304749672,-0.018836,0.086504,0.0374597727272727,0.0326128529701198,2.025923,0.230028
18.588337,"P09","SO_1.2",100,12,5728.053711,8162.663574,-106.873871,-0.007731,0.296729,27.7779,18.4,28.7,"{""type"":""M"",""msg"":""FADE0"",""time"":18.5809,""dist"":0.356321}",2.327814,20.727814,0,16.2,25.3,0.329649,16.2,18.4,0.000651,-0.008219,-0.007568,-0.007927625,0.000239807497525756,0.291266,0.329649,0.303775375,0.0128277626664658,2.126381,-0.018836
18.485609,"P09","SO_1.2",100,13,5729.276367,8167.438965,-106.964851,-0.009399,0.084168,27.7779,13.2,7.8,"{""type"":""M"",""msg"":""FADE0"",""time"":18.3891,""dist"":0.34886}",2.125334,9.925334,0,39,24.4,0.175808,24.4,7.8,0.001139,-0.009562,-0.008423,-0.009281,0.000395955986009989,0.084168,0.177106,0.150735090909091,0.0296354223826971,2.327814,0.296729
18.492451,"P09","SO_1.2",100,14,5729.169922,8166.654297,-106.698174,-0.008219,0.213117,27.7779,48.1,53.6,"{""type"":""M"",""msg"":""FADE0"",""time"":18.4101,""dist"":0.350064}",2.117358,50.217358,0,51.3,57.2,0.166127,51.3,48.1,0,-0.008219,-0.008219,-0.008219,0,0.166127,0.213117,0.186544590909091,0.0143861801563633,2.125334,0.084168
18.66563,"P09","SO_1.2",100,15,5728.536133,8163.970215,-106.796913,-0.008219,0.380459,27.7778,47.1,53,"{""type"":""M"",""msg"":""FADE0"",""time"":18.6573,""dist"":0.354872}",2.326637,49.426637,0,50.5,56.9,0.325995,50.5,47.1,0,-0.008219,-0.008219,-0.008219,0,0.325995,0.380459,0.350014125,0.0165044203441605,2.117358,0.213117
18.448292,"P09","SO_1.2",100,16,5729.53125,8168.481445,-106.906342,-0.008586,0.029411,27.778,19.5,10.5,"{""type"":""M"",""msg"":""FADE0"",""time"":18.382,""dist"":0.348654}",2.127474,12.627474,0,19,11.9,0.218286,11.9,10.5,0.000325000000000001,-0.008911,-0.008586,-0.00862290909090909,9.94086846311057e-05,0.029411,0.218286,0.129463,0.0590204240548901,2.326637,0.380459
18.581173,"P09","SO_1.2",100,17,5728.471191,8165.362305,-107.129242,-0.008586,-0.091295,27.778,16.6,8.1,"{""type"":""M"",""msg"":""FADE0"",""time"":18.5795,""dist"":0.353732}",2.224926,10.324926,0,19,11.3,0.211954,11.3,8.1,0.000162000000000001,-0.008748,-0.008586,-0.00864234782608696,7.88915300763435e-05,-0.091295,0.211954,0.0663061739130435,0.0941266341051691,2.127474,0.029411
18.383007,"P09","SO_1.2",100,18,5730.168457,8169.333984,-106.619133,-0.008057,0.401173,27.7778,34.1,44,"{""type"":""M"",""msg"":""FADE0"",""time"":18.3758,""dist"":0.349301}",2.121374,36.221374,0,52.7,58.3,0.389142,52.7,34.1,0.000162000000000001,-0.008219,-0.008057,-0.00818218181818182,6.94869884110802e-05,0.389083,0.401173,0.392229363636364,0.00356559339275025,2.224926,-0.091295
18.882481,"P09","SO_1.2",100,19,5726.336914,8158.073242,-107.248276,-0.008219,-0.011504,27.778,57.1,16,"{""type"":""M"",""msg"":""FADE0"",""time"":18.8653,""dist"":0.3609}",2.428458,18.428458,0,1e+06,21.3,0.190174,21.3,16,0,-0.008219,-0.008219,-0.008219,0,-0.011504,0.190174,0.08636976,0.0619481892628025,2.121374,0.401173
18.891003,"P09","SO_1.2",100,20,5726.489258,8158.154297,-106.817253,-0.007039,0.11848,27.7778,8.7,15,"{""type"":""M"",""msg"":""FADE0"",""time"":18.8872,""dist"":0.361127}",2.523411,11.223411,0,29.4,39.6,0.019942,29.4,8.7,0.000855,-0.007894,-0.007039,-0.00718776923076923,0.00028343525647912,0.003718,0.11848,0.0340638076923077,0.0347955312084977,2.428458,-0.011504
18.583246,"P09","SO_1.2",100,21,5727.869629,8163.55127,-107.305687,-0.008911,-0.145536,27.778,12.5,6,"{""type"":""M"",""msg"":""FADE0"",""time"":18.5121,""dist"":0.353717}",2.222341,8.222341,0,15.7,9.5,0.225978,9.5,6,0.000163,-0.009074,-0.008911,-0.00893934782608696,6.31712022246991e-05,-0.145536,0.225978,0.0527122173913043,0.115241765542137,2.523411,0.11848
19.122089,"P09","SO_1.2",100,22,5723.835449,8148.945801,-107.391266,-0.008586,0.302358,27.7781,28.7,18.9,"{""type"":""M"",""msg"":""FADE0"",""time"":19.1183,""dist"":0.370723}",2.838203,21.738203,0,22.9,39.2,0.174254,22.9,18.9,0.000529,-0.008586,-0.008057,-0.00854389655172414,0.000138208265420494,0.174254,0.302358,0.248252206896552,0.0400936015062426,2.222341,-0.145536
19.396538,"P09","SO_1.2",100,23,5722.368652,8144.442383,-107.422455,-0.008219,0.257344,27.7779,38.4,47.2,"{""type"":""M"",""msg"":""FADE0"",""time"":19.3867,""dist"":0.375296}",3.037186,41.437186,0,15.7,23.4,0.155683,15.7,38.4,0.000813,-0.008219,-0.007406,-0.00756854838709677,0.000218140908391751,0.140487,0.257344,0.174515677419355,0.0370237869127287,2.838203,0.302358
19.111067,"P09","SO_1.2",100,24,5725.239258,8153.758789,-107.35923,-0.009237,0.210098,27.7778,15.8,10,"{""type"":""M"",""msg"":""FADE0"",""time"":19.0947,""dist"":0.365332}",2.631598,12.631598,0,24.9,17.7,0.174572,17.7,10,0.000326,-0.009237,-0.008911,-0.00910418518518519,0.000143224954056154,0.174572,0.23321,0.216302703703704,0.0166874988281528,3.037186,0.257344
19.501984,"P09","SO_1.2",100,25,5720.471191,8139.743652,-107.989624,-0.008748,-0.133747,27.7779,16.7,8.6,"{""type"":""M"",""msg"":""FADE0"",""time"":19.465,""dist"":0.379572}",3.135788,11.735788,0,25.7,15.7,0.051418,15.7,8.6,0.000162000000000001,-0.008748,-0.008586,-0.00864675,7.96828390477506e-05,-0.133747,0.051418,-0.02536634375,0.0548052342223655,2.631598,0.210098
18.877844,"P09","SO_1.2",100,26,5726.303711,8157.281738,-107.134438,-0.008748,0.191331,27.7778,22.3,14.3,"{""type"":""M"",""msg"":""FADE0"",""time"":18.7966,""dist"":0.35987}",2.530056,16.830056,0,50.6,56.8,0.148186,50.6,14.3,0.000529,-0.008748,-0.008219,-0.00854946153846154,0.000197640326000385,0.148186,0.193133,0.176144615384615,0.0146133248128601,3.135788,-0.133747
19.285627,"P09","SO_1.2",100,27,5722.887695,8146.499512,-107.564835,-0.008423,0.129937,27.7778,31.5,18,"{""type"":""M"",""msg"":""FADE0"",""time"":19.2627,""dist"":0.37279}",2.92934,20.92934,0,38.6,24.1,0.143459,24.1,18,0,-0.008423,-0.008423,-0.008423,0,0.129937,0.145528,0.1414062,0.00415976294417412,2.530056,0.191331
19.220892,"P09","SO_1.2",100,28,5723.930664,8149.876465,-107.460075,-0.008748,0.114256,27.7777,20.9,12.8,"{""type"":""M"",""msg"":""FADE0"",""time"":19.2175,""dist"":0.369803}",2.831829,15.631829,0,22.1,14.7,0.133508,14.7,12.8,0.000488000000000001,-0.008911,-0.008423,-0.00855196551724138,0.00018116576520623,0.114256,0.137145,0.130359448275862,0.00619875897479376,2.92934,0.129937
19.07305,"P09","SO_1.2",100,29,5726.004883,8156.532715,-107.120346,-0.008057,0.127136,27.7778,37.2,45.1,"{""type"":""M"",""msg"":""FADE0"",""time"":19.0541,""dist"":0.362393}",2.62584,39.82584,0,41,49.4,0.141862,41,37.2,0,-0.008057,-0.008057,-0.008057,0,0.11906,0.141862,0.12594837037037,0.00682243940778769,2.831829,0.114256
19.5324,"P09","SO_1.2",100,30,5720.307617,8138.473633,-107.989189,-0.008748,0.098727,27.7779,18.6,10.8,"{""type"":""M"",""msg"":""FADE0"",""time"":19.4656,""dist"":0.380012}",3.247862,14.047862,0,22.3,15,0.190045,15,10.8,0.000163,-0.008911,-0.008748,-0.00876281818181818,4.7585747961873e-05,0.098727,0.194786,0.167454424242424,0.028956411643225,2.62584,0.127136
23.218241,"P10","SO_1.2",100,1,5688.257812,8043.776855,-111.304436,-0.009237,1.622933,27.7779,-3.635708,18.6,"{""type"":""M"",""msg"":""FADE0"",""time"":23.2152,""dist"":0.481908}",6.867602,3.231894,3.231894,5.3,9.6,0.415316,5.3,-3.635708,0.004516,-0.009562,-0.005046,-0.00828675362318841,0.00150289157964589,0.415316,1.622933,1.09207831884058,0.405639347600561,NA,NA
23.406439,"P10","SO_1.2",100,2,5682.850098,8037.717773,-114.378273,-0.015299,-1.242238,27.7777,1.7,-0.101843,"{""type"":""M"",""msg"":""FADE0"",""time"":23.3975,""dist"":0.489316}",7.074274,6.972431,6.972431,6.3,10.9,0.367419,6.3,-0.101843,0.009602,-0.015299,-0.005697,-0.0114160704225352,0.00356035297738037,-1.242238,0.859951,0.391733042253521,0.516611221002006,6.867602,1.622933
23.933748,"P10","SO_1.2",100,3,5681.40332,8033.498047,-113.466003,-0.010254,-1.004264,27.7781,3.4,0.3,"{""type"":""M"",""msg"":""FADE0"",""time"":23.8563,""dist"":0.491856}",7.178669,7.478669,0,21.1,39.7,0.512173,21.1,0.3,0.005534,-0.011922,-0.006388,-0.0101475416666667,0.00187883371778466,-1.004264,0.834479,0.378605,0.507615965033676,7.074274,-1.242238
21.33287,"P10","SO_1.2",100,4,5710.861816,8104.84668,-108.520874,-0.007568,1.764303,27.7778,-2.424129,6.2,"{""type"":""M"",""msg"":""FADE0"",""time"":21.2956,""dist"":0.41591}",4.445005,2.020876,2.020876,3.7,8.4,0.588676,3.7,-2.424129,0.00354,-0.009074,-0.005534,-0.00792371111111111,0.00114263987849155,0.588676,1.764303,1.17127402222222,0.365008104660424,7.178669,-1.004264
19.304211,"P10","SO_1.2",100,5,5724.676758,8150.682129,-106.182739,-0.000854,0.610186,27.7777,1.4,4,"{""type"":""M"",""msg"":""FADE0"",""time"":19.2671,""dist"":0.367995}",2.726597,4.126597,0,14,8.7,0.425374,8.7,1.4,0.008383,-0.009237,-0.000854,-0.00342796428571429,0.00299825864871648,0.234113,0.610186,0.339922571428571,0.101683291467849,4.445005,1.764303
21.227955,"P10","SO_1.2",100,6,5710.914062,8105.85498,-108.063171,-0.007039,1.493822,27.7776,-0.807934,4.5,"{""type"":""M"",""msg"":""FADE0"",""time"":21.1732,""dist"":0.414411}",4.440684,3.63275,3.63275,21.6,29.5,0.670959,21.6,-0.807934,0.003377,-0.007568,-0.004191,-0.00564955555555556,0.00120378976485921,0.546623,1.493822,0.811080777777778,0.294085935108716,2.726597,0.610186
20.695127,"P10","SO_1.2",100,7,5713.555664,8114.841797,-108.169441,-0.007894,1.086581,26.4655,0.4,22.8,"{""type"":""M"",""msg"":""FADE0"",""time"":20.6524,""dist"":0.405385}",4.052297,4.452297,0,7.1,12.7,0.356728,7.1,0.4,0.001343,-0.007894,-0.006551,-0.00751382926829268,0.00057095704314944,0.356728,1.086581,0.674918219512195,0.228143867377639,4.440684,1.493822
20.403324,"P10","SO_1.2",100,8,5714.564941,8117.905273,-108.0243,-0.007406,1.066398,27.7777,0.5,9.4,"{""type"":""M"",""msg"":""FADE0"",""time"":20.3406,""dist"":0.401564}",3.939398,4.439398,0,7.6,13,0.377044,7.6,0.5,0.001018,-0.007406,-0.006388,-0.0070477,0.000456894938268509,0.377044,1.066398,0.64057555,0.219230595480456,4.052297,1.086581
21.087181,"P10","SO_1.2",100,9,5709.799316,8101.620605,-108.710487,-0.010579,1.81395,27.7774,-2.226089,15.4,"{""type"":""M"",""msg"":""FADE0"",""time"":21.0049,""dist"":0.418013}",4.552784,2.326695,2.326695,5.1,10.8,0.602703,5.1,-2.226089,0.004882,-0.010579,-0.005697,-0.00776826086956522,0.00160486621712815,0.602703,1.81395,1.14468284782609,0.390756628303317,3.939398,1.066398
22.613464,"P10","SO_1.2",100,10,5692.387207,8059.720703,-111.995224,-0.014445,-0.280114,27.7775,4.4,2,"{""type"":""M"",""msg"":""FADE0"",""time"":22.5555,""dist"":0.463885}",6.266874,8.266874,0,19.2,25.5,-0.070111,19.2,2,0.008748,-0.014445,-0.005697,-0.00941306349206349,0.00329536588047918,-0.280114,0.151217,-0.0378010476190476,0.118738917123082,4.552784,1.81395
21.719606,"P10","SO_1.2",100,11,5701.780762,8083.77002,-110.233429,-0.008219,0.196299,27.7778,26,11.9,"{""type"":""M"",""msg"":""FADE0"",""time"":21.6214,""dist"":0.436983}",5.262558,17.162558,0,5.8,10.9,0.336949,5.8,11.9,0.004679,-0.010905,-0.006226,-0.00908235849056604,0.00114151970390251,0.196299,0.553392,0.435701,0.102620515509439,6.266874,-0.280114
20.913788,"P10","SO_1.2",100,12,5706.620605,8105.859375,-112.265877,-0.014119,1.102958,27.7782,0,-1.114601,"{""type"":""M"",""msg"":""FADE0"",""time"":20.8719,""dist"":0.416054}",4.443846,3.329245,3.329245,19,13.5,0.554552,13.5,-1.114601,0.008423,-0.01766,-0.009237,-0.0141375777777778,0.0022407921741377,-1.777053,1.833901,0.0729955333333333,0.882876084416092,5.262558,0.196299
18.679136,"P10","SO_1.2",100,13,5729.354004,8164.533691,-105.869453,-0.007731,1.017527,27.7776,0.5,6.9,"{""type"":""M"",""msg"":""FADE0"",""time"":18.6583,""dist"":0.353831}",2.224951,2.724951,0,4.8,7.9,0.42842,4.8,0.5,0.007568,-0.007731,-0.000163,-0.00372934782608696,0.0030920795680797,0.405286,1.017527,0.61053747826087,0.205190432899399,4.443846,1.102958
20.570107,"P10","SO_1.2",100,14,5714.180176,8117.27832,-108.715927,-0.007894,0.888213,27.778,26.5,36.8,"{""type"":""M"",""msg"":""FADE0"",""time"":20.4877,""dist"":0.401705}",3.943913,30.443913,0,7,14.1,0.493462,7,26.5,0.005371,-0.010905,-0.005534,-0.0087667,0.00191008578408513,0.493462,0.925148,0.7703697,0.153383855111052,2.224951,1.017527
22.499022,"P10","SO_1.2",100,15,5692.296875,8066.449707,-113.434494,-0.013794,0.978212,27.7779,-0.1024,-1.414603,"{""type"":""M"",""msg"":""FADE0"",""time"":22.4625,""dist"":0.458169}",5.963084,4.548481,4.548481,12.5,18.4,0.190358,12.5,-1.414603,0.006917,-0.013794,-0.006877,-0.0119602166666667,0.00252278557431162,-1.772519,1.864904,-0.0724595833333334,0.808881703558146,3.943913,0.888213
21.825804,"P10","SO_1.2",100,16,5701.753906,8080.37793,-110.75946,-0.013957,1.317587,27.7774,-3.02698,5.4,"{""type"":""M"",""msg"":""FADE0"",""time"":21.7505,""dist"":0.440903}",5.44886,2.42188,2.42188,5,10.8,0.501628,5,-3.02698,0.007406,-0.013957,-0.006551,-0.0100268727272727,0.00315810361553649,0.501628,1.527569,1.12289832727273,0.357909417921633,5.963084,0.978212
22.616024,"P10","SO_1.2",100,17,5691.208496,8061.470215,-113.060165,-0.013102,1.726582,27.7779,0.9,-0.911533,"{""type"":""M"",""msg"":""FADE0"",""time"":22.5886,""dist"":0.463432}",6.17038,5.258847,5.258847,51.2,59.1,-0.085226,51.2,-0.911533,0.004679,-0.013102,-0.008423,-0.0117934193548387,0.0015089360875599,-1.807721,1.835848,-0.244214241935484,0.662203881907726,5.44886,1.317587
20.697573,"P10","SO_1.2",100,18,5708.67334,8111.592773,-112.426628,-0.015462,1.177647,27.7782,0,-0.911272,"{""type"":""M"",""msg"":""FADE0"",""time"":20.6508,""dist"":0.409858}",4.251238,3.339966,3.339966,14.4,10.8,0.583792,10.8,-0.911272,0.007569,-0.018148,-0.010579,-0.0156041395348837,0.00182748197283006,-1.757002,1.836593,0.125489581395349,0.865201942812368,6.17038,1.726582
18.97629,"P10","SO_1.2",100,19,5726.084961,8155.963867,-106.229256,-0.00236,0.388274,27.7781,2.3,5.1,"{""type"":""M"",""msg"":""FADE0"",""time"":18.9714,""dist"":0.363368}",2.528225,4.828225,0,15.9,10.4,0.024121,10.4,2.3,0.007202,-0.009562,-0.00236,-0.00529915384615385,0.00236959731080718,0.024121,0.388274,0.115089846153846,0.111297919420874,4.251238,1.177647
20.812914,"P10","SO_1.2",100,20,5711.952637,8109.388672,-108.675598,-0.009562,1.316208,27.7778,-1.214316,16.7,"{""type"":""M"",""msg"":""FADE0"",""time"":20.7345,""dist"":0.410046}",4.241818,3.027502,3.027502,4,9.2,0.596089,4,-1.214316,0.004191,-0.010091,-0.0059,-0.00840281395348837,0.00129919587320139,0.596089,1.316208,0.968206418604651,0.219820996318783,2.528225,0.388274
18.887917,"P10","SO_1.2",100,21,5726.713867,8157.878418,-106.971405,-0.012248,0.411428,27.7775,9.9,7,"{""type"":""M"",""msg"":""FADE0"",""time"":18.8272,""dist"":0.359812}",2.434823,9.434823,0,4.4,6.8,-0.054588,4.4,7,0.010905,-0.012248,-0.001343,-0.00844584,0.00334884560557814,-0.054588,0.411428,0.18369432,0.160079241434963,4.241818,1.316208
20.195887,"P10","SO_1.2",100,22,5716.69043,8122.275391,-106.603775,-0.005371,1.72323,27.7779,-0.708035,1.9,"{""type"":""M"",""msg"":""FADE0"",""time"":20.1473,""dist"":0.397113}",3.739422,3.031387,3.031387,8.4,12.8,0.254368,8.4,-0.708035,0.003174,-0.005697,-0.002523,-0.00375326315789474,0.0010544258251618,0.229173,1.72323,0.666693684210526,0.470844383757011,2.434823,0.411428
19.978802,"P10","SO_1.2",100,23,5717.526855,8129.828125,-109.029305,-0.011759,0.102531,27.7778,6.5,3.6,"{""type"":""M"",""msg"":""FADE0"",""time"":19.9472,""dist"":0.390114}",3.539011,7.139011,0,8,18.2,0.455347,8,3.6,0.004191,-0.011922,-0.007731,-0.0110008888888889,0.0011523091543946,0.102531,0.575119,0.451497416666667,0.134326659521455,3.739422,1.72323
19.991816,"P10","SO_1.2",100,24,5717.90918,8129.38916,-108.597191,-0.009074,0.61064,27.7781,14.2,8.9,"{""type"":""M"",""msg"":""FADE0"",""time"":19.9368,""dist"":0.389811}",3.53357,12.43357,0,6.1,11.7,0.482298,6.1,8.9,0.007894,-0.013102,-0.005208,-0.00957672222222222,0.00243952519515126,0.482298,0.772755,0.662120138888889,0.0936357025388905,3.539011,0.102531
21.290253,"P10","SO_1.2",100,25,5705.432617,8092.97998,-109.150558,-0.007406,0.549013,27.7778,5.6,13.9,"{""type"":""M"",""msg"":""FADE0"",""time"":21.1887,""dist"":0.426921}",4.952721,10.552721,0,10.9,15.7,0.199397,10.9,5.6,0.001505,-0.007731,-0.006226,-0.00703136,0.000637423024884622,0.120787,0.549013,0.25844374,0.130240487963661,3.53357,0.61064
20.493326,"P10","SO_1.2",100,26,5713.382324,8117.330078,-108.829765,-0.010579,0.113353,27.7775,10.3,6.3,"{""type"":""M"",""msg"":""FADE0"",""time"":20.4082,""dist"":0.401788}",3.942919,10.242919,0,9.2,13,0.03186,9.2,6.3,0.005208,-0.010579,-0.005371,-0.008068925,0.00214806288867853,-0.026911,0.148734,0.061431725,0.0673238999971026,4.952721,0.549013
21.012653,"P10","SO_1.2",100,27,5707.760254,8101.862305,-109.878807,-0.008586,-0.21353,27.7781,10.9,4.5,"{""type"":""M"",""msg"":""FADE0"",""time"":20.9955,""dist"":0.420134}",4.644214,9.144214,0,10,15.2,0.290715,10,4.5,0.004883,-0.011271,-0.006388,-0.00905997872340425,0.00171606974482469,-0.21353,0.290715,0.174720595744681,0.142500301731436,3.942919,0.113353
21.209703,"P10","SO_1.2",100,28,5706.65625,8094.821777,-108.925301,-0.006877,1.09329,27.7778,0.3,8.2,"{""type"":""M"",""msg"":""FADE0"",""time"":21.1442,""dist"":0.425864}",4.855012,5.155012,0,6.5,11.5,0.282987,6.5,0.3,0.002685,-0.008911,-0.006226,-0.00752369387755102,0.0008127764710157,0.282987,1.09329,0.648112306122449,0.236621338475827,4.644214,-0.21353
22.424101,"P10","SO_1.2",100,29,5691.776855,8063.731934,-112.594254,-0.011271,1.466285,27.778,0.7,-1.416433,"{""type"":""M"",""msg"":""FADE0"",""time"":22.4082,""dist"":0.461428}",6.073269,4.656836,4.656836,18.6,11.3,0.12632,11.3,-1.416433,0.004191,-0.012777,-0.008586,-0.0106041147540984,0.00133285158086413,-1.843796,1.822569,-0.297077737704918,0.810200826531667,4.855012,1.09329
20.020002,"P10","SO_1.2",100,30,5718.605957,8131.83252,-107.194748,-0.008586,0.541224,27.7775,3.3,15,"{""type"":""M"",""msg"":""FADE0"",""time"":19.9567,""dist"":0.386991}",3.437809,6.737809,0,16.2,20.4,0.054389,16.2,3.3,0.006755,-0.008586,-0.001831,-0.00451314285714286,0.00222096669655961,-0.152531,0.541224,0.0566318,0.210901234183458,6.073269,1.466285
18.57172,"P11","SO_1.2",100,1,5728.101074,8162.120605,-106.495636,-0.006551,0.506786,27.7778,4.5,10.2,"{""type"":""M"",""msg"":""FADE0"",""time"":18.5108,""dist"":0.355363}",2.325031,6.825031,0,7.2,11.3,0.325252,7.2,4.5,0.001343,-0.006551,-0.005208,-0.00611525,0.000481531275791321,0.304771,0.506786,0.362719333333333,0.0641273450122398,NA,NA
18.902725,"P11","SO_1.2",100,2,5726.185547,8155.179199,-106.944252,-0.009399,0.701782,27.7781,20.9,15.9,"{""type"":""M"",""msg"":""FADE0"",""time"":18.8375,""dist"":0.362448}",2.628399,18.528399,0,3.4,5.8,0.152302,3.4,15.9,0.01058,-0.010417,0.000163,-0.0082962962962963,0.00282959545647314,0.152302,0.701782,0.450355814814815,0.179458784368239,2.325031,0.506786
19.407719,"P11","SO_1.2",100,3,5721.834473,8142.535156,-108.069237,-0.009928,0.313848,27.7779,10.9,6.7,"{""type"":""M"",""msg"":""FADE0"",""time"":19.3191,""dist"":0.375151}",3.038418,9.738418,0,6.9,11.8,0.423785,6.9,6.7,0.005859,-0.011759,-0.0059,-0.00928248387096774,0.00153665324370785,0.313848,0.452341,0.421599612903226,0.0359248804365233,2.628399,0.701782
21.540337,"P11","SO_1.2",100,4,5703.658203,8089.719727,-110.248451,-0.009237,-0.050308,27.7781,10.3,5.1,"{""type"":""M"",""msg"":""FADE0"",""time"":21.4645,""dist"":0.43135}",5.047461,10.147461,0,11.5,17.8,0.343626,11.5,5.1,0.005697,-0.012248,-0.006551,-0.00888239215686274,0.00170940153361849,-0.050308,0.377524,0.280642058823529,0.116714888361239,3.038418,0.313848
20.691706,"P11","SO_1.2",100,5,5711.500488,8109.203125,-108.237091,-0.006063,0.956908,27.7778,1,6.7,"{""type"":""M"",""msg"":""FADE0"",""time"":20.6857,""dist"":0.412337}",4.34247,5.34247,0,14.1,22.4,0.381485,14.1,1,0.003173,-0.008219,-0.005046,-0.00670831818181818,0.000996810442961257,0.373843,0.956908,0.568099772727273,0.178104296656953,5.047461,-0.050308
18.290003,"P11","SO_1.2",100,6,5730.648926,8171.403809,-106.652252,-0.006877,0.269555,27.778,11.6,17.8,"{""type"":""M"",""msg"":""FADE0"",""time"":18.2021,""dist"":0.344974}",2.020949,13.620949,0,10.9,7.2,0.521165,7.2,11.6,0.003866,-0.010417,-0.006551,-0.00714228571428571,0.000885655584460299,0.269555,0.521165,0.36876980952381,0.0811425543125301,4.34247,0.956908
19.903849,"P11","SO_1.2",100,7,5722.192871,8142.616699,-106.859993,-0.005208,0.654589,27.7779,2.1,6.3,"{""type"":""M"",""msg"":""FADE0"",""time"":19.8066,""dist"":0.374708}",3.049492,5.149492,0,4.8,7.8,0.085266,4.8,2.1,0.00586,-0.009237,-0.003377,-0.00655503225806452,0.0021500216353,0.085266,0.654589,0.324461387096774,0.160809271545243,2.020949,0.269555
20.447296,"P11","SO_1.2",100,8,5725.837891,8154.629395,-107.065063,-0.010254,0.530294,27.7775,14.4,10.5,"{""type"":""M"",""msg"":""FADE0"",""time"":20.3451,""dist"":0.362022}",2.627567,13.127567,0,6.5,10.6,0.199195,6.5,10.5,0.006063,-0.011434,-0.005371,-0.00798725925925926,0.00189904298960115,0.199195,0.530294,0.347984185185185,0.11274110968226,3.049492,0.654589
19.285419,"P11","SO_1.2",100,9,5723.592773,8147.493652,-106.916847,-0.007406,0.515465,27.7776,4.4,11.7,"{""type"":""M"",""msg"":""FADE0"",""time"":19.212,""dist"":0.370297}",2.926979,7.326979,0,10.3,15.2,0.08277,10.3,4.4,0.002198,-0.007406,-0.005208,-0.0063342,0.00095106906816161,0.070922,0.515465,0.216927166666667,0.14658818307106,2.627567,0.530294
19.180099,"P11","SO_1.2",100,10,5724.93457,8152.227539,-106.97831,-0.008219,0.380778,27.7775,15.7,39,"{""type"":""M"",""msg"":""FADE0"",""time"":19.1447,""dist"":0.366421}",2.729925,18.429925,0,13.4,19.3,0.213142,13.4,15.7,0.003051,-0.008748,-0.005697,-0.00663117857142857,0.00100878919185223,0.168228,0.380778,0.229786107142857,0.0666609482877173,2.926979,0.515465
19.791843,"P11","SO_1.2",100,11,5719.49707,8134.187012,-107.623001,-0.009399,0.651792,27.6296,21.9,17,"{""type"":""M"",""msg"":""FADE0"",""time"":19.7633,""dist"":0.385462}",3.329158,20.329158,0,7.3,11.6,0.12559,7.3,17,0.003702,-0.009399,-0.005697,-0.00743438235294118,0.0011972701276099,0.12559,0.651792,0.340302294117647,0.170945297023688,2.729925,0.380778
19.307198,"P11","SO_1.2",100,12,5723.244141,8147.395508,-107.521706,-0.010254,0.201678,27.7776,12.3,8.1,"{""type"":""M"",""msg"":""FADE0"",""time"":19.2828,""dist"":0.371826}",2.834841,10.934841,0,12.1,18,0.107801,12.1,8.1,0.003865,-0.010579,-0.006714,-0.00809037931034483,0.00152600220964531,0.091926,0.201678,0.13591975862069,0.0419038864457831,3.329158,0.651792
20.213631,"P11","SO_1.2",100,13,5719.662109,8132.776855,-106.997444,-0.007731,1.256202,27.7777,-0.30241,5.6,"{""type"":""M"",""msg"":""FADE0"",""time"":20.1275,""dist"":0.385182}",3.433806,3.131396,3.131396,6.7,11,0.260857,6.7,-0.30241,0.002685,-0.007731,-0.005046,-0.00582457142857143,0.00081694802504826,0.260857,1.256202,0.621322685714286,0.316754307574292,2.834841,0.201678
18.979094,"P11","SO_1.2",100,14,5726.331055,8157.208496,-106.972748,-0.011434,0.242378,27.7774,10.9,7.5,"{""type"":""M"",""msg"":""FADE0"",""time"":18.945,""dist"":0.361295}",2.523999,10.023999,0,6.6,9.6,0.14405,6.6,7.5,0.008219,-0.011434,-0.003215,-0.00654180769230769,0.002750523732226,0.06898,0.242378,0.131232730769231,0.0573822051870143,3.433806,1.256202
18.78587,"P11","SO_1.2",100,15,5730.265137,8169.834961,-107.25824,-0.010579,0.337806,27.778,8.8,5.3,"{""type"":""M"",""msg"":""FADE0"",""time"":18.7841,""dist"":0.348974}",2.023255,7.323255,0,59.5,1e+06,0.48121,59.5,5.3,0.005371,-0.013794,-0.008423,-0.0118834285714286,0.00167826957225079,0.337806,0.546431,0.488113523809524,0.0615961112900961,2.523999,0.242378
19.079655,"P11","SO_1.2",100,16,5726.094238,8155.753418,-107.127243,-0.011597,0.441751,27.7774,10.5,7.4,"{""type"":""M"",""msg"":""FADE0"",""time"":19.0248,""dist"":0.362194}",2.521902,9.921902,0,23.3,33.3,0.347164,23.3,7.4,0.005371,-0.011597,-0.006226,-0.00778280769230769,0.00188170773541973,0.319909,0.441751,0.361989923076923,0.0422104908959117,2.023255,0.337806
18.697973,"P11","SO_1.2",100,17,5729.064941,8165.688477,-106.822456,-0.009399,0.38878,27.7777,16.4,11.1,"{""type"":""M"",""msg"":""FADE0"",""time"":18.6464,""dist"":0.351907}",2.220304,13.320304,0,18.3,13.2,0.306116,13.2,11.1,0.001342,-0.009928,-0.008586,-0.009157,0.000428646495590268,0.306116,0.392857,0.367792,0.0277648032375197,2.521902,0.441751
18.795563,"P11","SO_1.2",100,18,5728.161133,8162.380859,-106.308601,-0.008219,0.492503,27.7774,5.2,18.4,"{""type"":""M"",""msg"":""FADE0"",""time"":18.7006,""dist"":0.354106}",2.323052,7.523052,0,6.3,9.2,0.045841,6.3,5.2,0.007893,-0.009928,-0.002035,-0.00526775,0.00300411060773039,0.022609,0.492503,0.181599291666667,0.159868646712524,2.220304,0.38878
19.311651,"P11","SO_1.2",100,19,5724.0625,8151.609375,-108.19767,-0.009074,-0.291222,27.778,8,3.2,"{""type"":""M"",""msg"":""FADE0"",""time"":19.2172,""dist"":0.365628}",2.731914,5.931914,0,19.2,26.8,0.286091,19.2,3.2,0.006184,-0.01359,-0.007406,-0.0101695357142857,0.00191767896904223,-0.291222,0.286091,0.0816318214285714,0.173213667292003,2.323052,0.492503
18.558884,"P11","SO_1.2",100,20,5729.13623,8164.65625,-106.437546,-0.007406,0.763019,27.7779,3.8,12.8,"{""type"":""M"",""msg"":""FADE0"",""time"":18.5432,""dist"":0.353857}",2.222746,6.022746,0,8.4,21.3,0.331561,8.4,3.8,0.001831,-0.009237,-0.007406,-0.00835760869565217,0.00054878673943117,0.331561,0.763019,0.55196047826087,0.133576019485286,2.731914,-0.291222
18.194851,"P11","SO_1.2",100,21,5731.770508,8175.060547,-105.902115,-0.009928,0.320422,27.7774,19.5,15.2,"{""type"":""M"",""msg"":""FADE0"",""time"":18.1722,""dist"":0.342953}",1.819712,17.019712,0,6.5,9.9,0.024217,6.5,15.2,0.005371,-0.009928,-0.004557,-0.00601778947368421,0.00171302002903733,0.024217,0.320422,0.131082421052632,0.0980389476496831,2.222746,0.763019
19.795578,"P11","SO_1.2",100,22,5719.585938,8135.681152,-107.952614,-0.009399,0.269087,27.7778,16,10.6,"{""type"":""M"",""msg"":""FADE0"",""time"":19.7052,""dist"":0.38227}",3.338379,13.938379,0,11.1,17.2,0.282212,11.1,10.6,0.004028,-0.009399,-0.005371,-0.00805676470588235,0.00129088506304369,0.262485,0.282212,0.271777852941176,0.00569483203323937,1.819712,0.320422
18.399504,"P11","SO_1.2",100,23,5731.77002,8175.016113,-105.636307,-0.005046,0.337689,27.7775,3.1,6.8,"{""type"":""M"",""msg"":""FADE0"",""time"":18.3056,""dist"":0.340991}",1.924797,5.024797,0,7.8,11.4,0.073021,7.8,3.1,0.001343,-0.005046,-0.003703,-0.0039513,0.000379163775196224,0.050356,0.337689,0.13003935,0.0914508326400327,3.338379,0.269087
18.587757,"P11","SO_1.2",100,24,5728.993652,8166.652344,-107.306686,-0.010905,0.033425,27.7779,8.1,4.5,"{""type"":""M"",""msg"":""FADE0"",""time"":18.5414,""dist"":0.351126}",2.122316,6.622316,0,23.3,33.3,0.319466,23.3,4.5,0.00354,-0.011271,-0.007731,-0.00998013636363636,0.00108632461584725,0.033425,0.319466,0.214105090909091,0.0881151112292535,1.924797,0.337689
18.268946,"P11","SO_1.2",100,25,5731.427734,8173.818359,-106.644875,-0.009928,0.329497,27.7774,12.7,8.3,"{""type"":""M"",""msg"":""FADE0"",""time"":18.203,""dist"":0.343007}",1.819922,10.119922,0,6.6,11.5,0.229421,6.6,8.3,0.005533,-0.011759,-0.006226,-0.00990468421052632,0.00195711315327879,0.229421,0.348405,0.309508210526316,0.0402186901336223,2.122316,0.033425
19.295481,"P11","SO_1.2",100,26,5722.977539,8146.526855,-107.664528,-0.008748,0.205085,27.778,19.5,11.8,"{""type"":""M"",""msg"":""FADE0"",""time"":19.2403,""dist"":0.371897}",2.928025,14.728025,0,12.2,20.2,0.260138,12.2,11.8,0.002685,-0.010091,-0.007406,-0.0087944,0.000725940417427747,0.205085,0.282374,0.257691733333333,0.0229688695425867,1.819922,0.329497
18.704487,"P11","SO_1.2",100,27,5728.87793,8164.817871,-106.633209,-0.009562,0.4654,27.7778,18.2,13.3,"{""type"":""M"",""msg"":""FADE0"",""time"":18.6122,""dist"":0.351661}",2.230717,15.530717,0,5.1,8.4,0.165544,5.1,13.3,0.006551,-0.010417,-0.003866,-0.00803717391304348,0.00214064893839937,0.165544,0.4654,0.31787352173913,0.100738829843164,2.928025,0.205085
19.398848,"P11","SO_1.2",100,28,5723.963379,8147.746582,-107.296669,-0.007894,0.786066,27.7782,9.4,26,"{""type"":""M"",""msg"":""FADE0"",""time"":19.3838,""dist"":0.371573}",2.9256,12.3256,0,34.5,28,0.461369,28,9.4,0.005371,-0.011271,-0.0059,-0.00905206666666667,0.00166590648272807,0.461369,0.786066,0.6624853,0.090366257399674,2.230717,0.4654
18.78499,"P11","SO_1.2",100,29,5727.652344,8161.38916,-106.694107,-0.006877,0.287075,27.7777,7.4,13.5,"{""type"":""M"",""msg"":""FADE0"",""time"":18.7666,""dist"":0.357345}",2.321209,9.721209,0,12,7.9,0.356272,7.9,7.4,0.006063,-0.010254,-0.004191,-0.00661741666666667,0.00170051263157465,0.222917,0.356272,0.268050416666667,0.0410693562508876,2.9256,0.786066
18.563828,"P11","SO_1.2",100,30,5729.015137,8165.651367,-106.96653,-0.007731,0.3491,27.778,27.8,36,"{""type"":""M"",""msg"":""FADE0"",""time"":18.5544,""dist"":0.353105}",2.225049,30.025049,0,10.6,18.9,0.356715,10.6,27.8,0.003173,-0.010579,-0.007406,-0.00920826086956522,0.000887366697665898,0.3491,0.393281,0.377989173913043,0.0135154282064884,2.321209,0.287075
19.805517,"P12","SO_1.2",100,1,5720.665039,8138.378906,-107.759315,-0.011271,0.472475,27.7779,11.2,7.9,"{""type"":""M"",""msg"":""FADE0"",""time"":19.7989,""dist"":0.381739}",3.237482,11.137482,0,13.8,9.9,0.129809,9.9,7.9,0.006917,-0.012451,-0.005534,-0.00908627272727273,0.00221036836964915,0.129809,0.472475,0.33714603030303,0.106859801675339,NA,NA
20.388639,"P12","SO_1.2",100,2,5714.129395,8118.072266,-108.000175,-0.007243,0.600807,27.7781,3.6,10.5,"{""type"":""M"",""msg"":""FADE0"",""time"":20.3869,""dist"":0.403147}",4.039676,7.639676,0,6.8,10.9,0.108482,6.8,3.6,0.005697,-0.009237,-0.00354,-0.00715758536585366,0.00178984794012801,0.108482,0.600807,0.287651390243902,0.149366337171211,3.237482,0.472475
20.497906,"P12","SO_1.2",100,3,5715.195312,8119.308594,-107.315643,-0.008911,1.231425,27.7779,-0.203594,5.9,"{""type"":""M"",""msg"":""FADE0"",""time"":20.4771,""dist"":0.401133}",3.937048,3.733454,3.733454,18.7,13.3,-0.004067,13.3,-0.203594,0.006022,-0.009562,-0.00354,-0.0062979,0.00184576751876647,-0.004067,1.231425,0.4703123,0.366614986880997,4.039676,0.600807
19.788588,"P12","SO_1.2",100,4,5719.26123,8134.869141,-107.487495,-0.009237,0.220132,27.7778,25.4,19.6,"{""type"":""M"",""msg"":""FADE0"",""time"":19.725,""dist"":0.383858}",3.336443,22.936443,0,28.1,15.4,-0.053358,15.4,19.6,0.004883,-0.009237,-0.004354,-0.00682526470588235,0.00162877528462569,-0.070773,0.220132,0.00357997058823529,0.0886514910495144,3.937048,1.231425
19.513815,"P12","SO_1.2",100,5,5721.647461,8142.565918,-107.568077,-0.011597,0.13652,27.778,10.2,6.8,"{""type"":""M"",""msg"":""FADE0"",""time"":19.4959,""dist"":0.37709}",3.036886,9.836886,0,6,9.2,0.14434,6,6.8,0.007894,-0.011597,-0.003703,-0.00779809677419355,0.00262036066671287,0.114126,0.14434,0.128460516129032,0.00882686789248586,3.336443,0.220132
18.997055,"P12","SO_1.2",100,6,5724.773926,8153.266602,-107.375717,-0.013265,-0.088506,27.7777,7.4,4.4,"{""type"":""M"",""msg"":""FADE0"",""time"":18.9765,""dist"":0.36585}",2.62517,7.02517,0,5.9,8.9,-0.169415,5.9,4.4,0.009399,-0.013265,-0.003866,-0.00914022222222222,0.00235724719393901,-0.169415,-0.060256,-0.0959421481481482,0.0331921993485306,3.036886,0.13652
19.771215,"P12","SO_1.2",100,7,5719.285645,8133.954102,-107.398247,-0.007731,0.526734,27.7778,4.5,13,"{""type"":""M"",""msg"":""FADE0"",""time"":19.7626,""dist"":0.386274}",3.437526,7.937526,0,11.2,18.1,0.094977,11.2,4.5,0.005208,-0.009562,-0.004354,-0.00704057142857143,0.00166254187538088,0.094977,0.526734,0.241954771428571,0.130015865402488,2.62517,-0.088506
19.707682,"P12","SO_1.2",100,8,5718.557617,8133.288574,-107.784775,-0.010091,0.032715,27.7778,14.6,10,"{""type"":""M"",""msg"":""FADE0"",""time"":19.6123,""dist"":0.384711}",3.434687,13.434687,0,12.6,7.3,0.001802,7.3,10,0.0059,-0.010091,-0.004191,-0.00703585714285714,0.00179175362905364,-0.096491,0.032715,-0.0544587428571429,0.0376197584172614,3.437526,0.526734
20.09733,"P12","SO_1.2",100,9,5716.390137,8123.895508,-107.484589,-0.008423,0.911045,27.7778,1.1,10.2,"{""type"":""M"",""msg"":""FADE0"",""time"":20.0687,""dist"":0.396199}",3.739588,4.839588,0,7.9,12.1,-0.043667,7.9,1.1,0.005859,-0.009074,-0.003215,-0.00638405263157895,0.00181807904189022,-0.043667,0.911045,0.313738052631579,0.299043284319859,3.434687,0.032715
19.80653,"P12","SO_1.2",100,10,5719.20459,8134.08252,-107.725754,-0.007568,0.40412,27.7778,9,18.4,"{""type"":""M"",""msg"":""FADE0"",""time"":19.7385,""dist"":0.384511}",3.331837,12.331837,0,8.1,12.3,-0.049533,8.1,9,0.007568,-0.011759,-0.004191,-0.00768558823529412,0.00199581591301534,-0.049533,0.40412,0.151276117647059,0.144385859968678,3.739588,0.911045
19.894222,"P12","SO_1.2",100,11,5717.74707,8128.472656,-107.362457,-0.009766,0.76697,27.7777,2.5,21.9,"{""type"":""M"",""msg"":""FADE0"",""time"":19.892,""dist"":0.392084}",3.64117,6.14117,0,6,9,-0.27462,6,2.5,0.008586,-0.011597,-0.003011,-0.00689427027027027,0.00237475100038169,-0.27462,0.76697,0.155579567567568,0.330257308036269,3.331837,0.40412
18.904766,"P12","SO_1.2",100,12,5725.195312,8154.59375,-107.274948,-0.007731,-0.077475,27.7777,25.5,33.6,"{""type"":""M"",""msg"":""FADE0"",""time"":18.828,""dist"":0.362878}",2.624214,28.124214,0,23.9,31.8,0.084154,23.9,25.5,0.000976,-0.008219,-0.007243,-0.00775514814814815,0.000321346291010864,-0.077475,0.084154,-0.014705,0.0489059320674355,3.64117,0.76697
20.419773,"P12","SO_1.2",100,13,5713.784668,8117.899414,-108.287216,-0.009399,0.324063,27.778,20.8,15.4,"{""type"":""M"",""msg"":""FADE0"",""time"":20.397,""dist"":0.402834}",3.941952,19.341952,0,7.2,11.2,-0.045485,7.2,15.4,0.006225,-0.010579,-0.004354,-0.007866325,0.0018901116286055,-0.045485,0.324063,0.125823375,0.111211491241408,2.624214,-0.077475
21.328917,"P12","SO_1.2",100,14,5705.844238,8092.245605,-109.022903,-0.009237,1.185398,27.7777,-0.202912,25.1,"{""type"":""M"",""msg"":""FADE0"",""time"":21.247,""dist"":0.428068}",4.948624,4.745712,4.745712,7.1,12.4,0.341405,7.1,-0.202912,0.005208,-0.009928,-0.00472,-0.0075196,0.00161340332394423,0.341405,1.185398,0.67497822,0.263798441992528,3.941952,0.324063
18.960659,"P12","SO_1.2",100,15,5725.083008,8153.40332,-107.139801,-0.009562,0.170794,27.7779,16.5,11.2,"{""type"":""M"",""msg"":""FADE0"",""time"":18.9091,""dist"":0.36476}",2.627031,13.827031,0,8.9,13.6,-0.0671,8.9,11.2,0.003174,-0.009562,-0.006388,-0.00821788888888889,0.00090067523103218,-0.0671,0.170794,0.0488648888888889,0.0778196772339418,4.948624,1.185398
19.682766,"P12","SO_1.2",100,16,5719.02832,8133.743652,-107.960068,-0.007894,0.336081,27.778,23.4,34.1,"{""type"":""M"",""msg"":""FADE0"",""time"":19.5914,""dist"":0.384233}",3.42935,26.82935,0,7.1,11.4,0.136213,7.1,23.4,0.003377,-0.009074,-0.005697,-0.00825317142857143,0.000949935121181326,0.136213,0.336081,0.2533942,0.0681695453266857,2.627031,0.170794
19.673252,"P12","SO_1.2",100,17,5719.796875,8136.720215,-107.660088,-0.007243,0.156137,27.778,9.7,16.7,"{""type"":""M"",""msg"":""FADE0"",""time"":19.5934,""dist"":0.381487}",3.339292,13.039292,0,17,24.5,0.094509,17,9.7,0.002035,-0.008423,-0.006388,-0.00737923529411765,0.000702508236070497,0.069867,0.156137,0.0913630588235294,0.0226180355025903,3.42935,0.336081
20.017038,"P12","SO_1.2",100,18,5715.903809,8126.122559,-108.562042,-0.009928,-0.272357,27.7778,10.3,5.2,"{""type"":""M"",""msg"":""FADE0"",""time"":19.9512,""dist"":0.393177}",3.636856,8.836856,0,28.5,37,0.14252,28.5,5.2,0.002685,-0.009928,-0.007243,-0.00837675675675676,0.000766243267340565,-0.272357,0.14252,-0.0627265945945946,0.129241753658375,3.339292,0.156137
19.705982,"P12","SO_1.2",100,19,5722.61084,8142.227539,-106.640198,-0.006877,1.175081,27.7779,-0.100151,5.2,"{""type"":""M"",""msg"":""FADE0"",""time"":19.6924,""dist"":0.377254}",3.028856,2.928705,2.928705,7,12.6,0.264539,7,-0.100151,0.002523,-0.007243,-0.00472,-0.00606558064516129,0.000766178428922556,0.264539,1.175081,0.628000516129032,0.278369972189755,3.636856,-0.272357
19.206366,"P12","SO_1.2",100,20,5723.114746,8147.517578,-107.597099,-0.009562,0.039613,27.778,13.6,8.2,"{""type"":""M"",""msg"":""FADE0"",""time"":19.1063,""dist"":0.36962}",2.828955,11.028955,0,7.9,11.9,-0.010996,7.9,8.2,0.004028,-0.009562,-0.005534,-0.00850003448275862,0.00119724115850802,-0.01209,0.056642,0.0267069655172414,0.0259121613567325,3.028856,1.175081
18.897379,"P12","SO_1.2",100,21,5725.990723,8156.876953,-107.028473,-0.009074,0.013453,27.7779,19.7,12.9,"{""type"":""M"",""msg"":""FADE0"",""time"":18.8805,""dist"":0.362158}",2.530968,15.430968,0,8.3,12.1,0.042122,8.3,12.9,0.003866,-0.009237,-0.005371,-0.00747769230769231,0.00124469211515879,-0.006201,0.042122,0.0103988461538462,0.0130381573105782,2.828955,0.039613
18.881716,"P12","SO_1.2",100,22,5726.236328,8157.123047,-107.298195,-0.008423,0.17078,27.7778,24.6,13.7,"{""type"":""M"",""msg"":""FADE0"",""time"":18.8119,""dist"":0.360397}",2.519585,16.219585,0,20.8,13.8,0.32938,13.8,13.7,0.000692,-0.008911,-0.008219,-0.00865115384615385,0.000280329476481899,0.17078,0.32938,0.257068730769231,0.0495492559827553,2.530968,0.013453
19.312803,"P12","SO_1.2",100,23,5722.486328,8143.909668,-107.054947,-0.004191,0.538164,27.778,2.8,6.6,"{""type"":""M"",""msg"":""FADE0"",""time"":19.2605,""dist"":0.374667}",2.932352,5.732352,0,8.4,12.7,0.30502,8.4,2.8,0.004028,-0.008219,-0.004191,-0.0058892,0.001496290065001,0.262004,0.538164,0.347279266666667,0.0828745753271205,2.519585,0.17078
19.286411,"P12","SO_1.2",100,24,5722.410645,8144.917969,-107.399658,-0.009766,0.154694,27.7775,16,11,"{""type"":""M"",""msg"":""FADE0"",""time"":19.268,""dist"":0.37463}",2.925941,13.925941,0,17,10.6,0.019525,10.6,11,0.004069,-0.009766,-0.005697,-0.00767566666666667,0.00148413230968256,-0.012862,0.154694,0.0363508333333333,0.0528663881758946,2.932352,0.538164
19.481407,"P12","SO_1.2",100,25,5722.801758,8145.177246,-107.38224,-0.007243,0.449956,27.7779,8.4,16.3,"{""type"":""M"",""msg"":""FADE0"",""time"":19.3796,""dist"":0.371929}",2.932131,11.332131,0,23.9,17.4,0.141755,17.4,8.4,0.00236,-0.009399,-0.007039,-0.00836713333333333,0.000857902845288453,0.141755,0.449956,0.291586766666667,0.0961025127830669,2.925941,0.154694
21.320486,"P12","SO_1.2",100,26,5704.648926,8091.070312,-109.422478,-0.009562,0.445243,27.7778,18.2,13.2,"{""type"":""M"",""msg"":""FADE0"",""time"":21.2236,""dist"":0.429119}",4.95764,18.15764,0,32.7,42,0.176392,32.7,13.2,0.004231,-0.009928,-0.005697,-0.00764004,0.00143362950213357,0.14817,0.445243,0.24903908,0.093294058626111,2.932131,0.449956
21.089924,"P12","SO_1.2",100,27,5707.205566,8095.719238,-109.100357,-0.010579,1.309119,27.778,-1.207781,13.1,"{""type"":""M"",""msg"":""FADE0"",""time"":21.0237,""dist"":0.424772}",4.745457,3.537676,3.537676,29.6,24.3,0.117621,24.3,-1.207781,0.0059,-0.011597,-0.005697,-0.00882391666666667,0.00176841242461879,0.117621,1.309119,0.791930583333333,0.374103097575421,4.95764,0.445243
20.190239,"P12","SO_1.2",100,28,5715.347656,8122.134277,-108.079926,-0.009562,0.465562,27.7775,20.3,15.5,"{""type"":""M"",""msg"":""FADE0"",""time"":20.0976,""dist"":0.396387}",3.846127,19.346127,0,9.1,14,0.151987,9.1,15.5,0.004232,-0.009766,-0.005534,-0.00728471794871795,0.00153918573737644,0.146725,0.465562,0.257452461538462,0.0920268202996582,4.745457,1.309119
21.401978,"P12","SO_1.2",100,29,5702.09375,8089.441895,-110.990646,-0.01359,-1.444384,27.7773,2.6,-0.605555,"{""type"":""M"",""msg"":""FADE0"",""time"":21.3074,""dist"":0.431545}",5.048508,4.442953,4.442953,14.1,8.6,0.31437,8.6,-0.605555,0.006551,-0.01359,-0.007039,-0.00980545098039216,0.00175500345656327,-1.444384,0.31437,-0.410005215686275,0.519737391644215,3.846127,0.465562
18.26,"P13","SO_1.2",100,1,5730.634277,8171.43457,-106.21769,-0.007731,0.254473,27.7777,9.2,18.9,"{""type"":""M"",""msg"":""FADE0"",""time"":18.2305,""dist"":0.346515}",1.914819,11.114819,0,19.9,29.8,0.052938,19.9,9.2,0.002523,-0.007731,-0.005208,-0.00678915,0.000873292576221858,0.052938,0.254473,0.1263414,0.0666462110814695,NA,NA
18.301392,"P13","SO_1.2",100,2,5730.497559,8171.090332,-106.585854,-0.009399,0.214931,27.7776,16.3,10.8,"{""type"":""M"",""msg"":""FADE0"",""time"":18.263,""dist"":0.346625}",2.023562,12.823562,0,16.8,29.3,0.146371,16.8,10.8,0.001505,-0.009399,-0.007894,-0.00887047619047619,0.000386265015118845,0.146371,0.214931,0.188704714285714,0.0211942664821004,1.914819,0.254473
19.076763,"P13","SO_1.2",100,3,5724.710449,8150.180664,-106.124786,-0.004028,0.793637,27.7779,1,4.3,"{""type"":""M"",""msg"":""FADE0"",""time"":19.0045,""dist"":0.367355}",2.727848,3.727848,0,29,18.9,0.087405,18.9,1,0.006063,-0.008586,-0.002523,-0.00445571428571429,0.0014442845686858,0.087405,0.793637,0.301542928571429,0.219036834746009,2.023562,0.214931
17.767717,"P13","SO_1.2",100,4,5734.451172,8185.032715,-105.836525,-0.007568,0.10736,27.7773,11.7,20.2,"{""type"":""M"",""msg"":""FADE0"",""time"":17.6854,""dist"":0.330898}",1.513912,13.213912,0,10.9,17.5,-0.019779,10.9,11.7,0.001505,-0.008748,-0.007243,-0.0079674375,0.000571589709348702,-0.019779,0.10736,0.042965375,0.039154711990385,2.727848,0.793637
18.096947,"P13","SO_1.2",100,5,5732.04541,8176.731445,-106.466187,-0.007894,0.101502,27.7778,33.3,41.4,"{""type"":""M"",""msg"":""FADE0"",""time"":18.0217,""dist"":0.339747}",1.817814,35.117814,0,12.2,8.2,0.186188,8.2,33.3,0.002685,-0.010579,-0.007894,-0.00885336842105263,0.00099429797738719,0.101502,0.187687,0.150789684210526,0.0301147710878319,1.513912,0.10736
18.169039,"P13","SO_1.2",100,6,5733.34082,8179.716309,-106.195053,-0.009237,0.511758,27.7775,19.3,13.8,"{""type"":""M"",""msg"":""FADE0"",""time"":18.0863,""dist"":0.336334}",1.712153,15.512153,0,1e+06,40.6,0.364122,40.6,13.8,0.002319,-0.010905,-0.008586,-0.00979044444444444,0.000859974023015485,0.364122,0.511758,0.459779833333333,0.0457304341179662,1.817814,0.101502
18.770391,"P13","SO_1.2",100,7,5728.615723,8165.007324,-106.55793,-0.010091,0.160905,27.7775,15.3,10.8,"{""type"":""M"",""msg"":""FADE0"",""time"":18.7065,""dist"":0.352248}",2.225925,13.025925,0,15.3,23.3,-0.156678,15.3,10.8,0.00472,-0.010091,-0.005371,-0.00777721739130435,0.00181557779324384,-0.156678,0.160905,-0.0178098260869565,0.10672499727407,1.712153,0.511758
17.901009,"P13","SO_1.2",100,8,5734.925781,8187.149902,-106.249916,-0.013102,-0.028264,27.7766,7.2,4.3,"{""type"":""M"",""msg"":""FADE0"",""time"":17.8507,""dist"":0.32959}",1.416924,5.716924,0,18.8,11.4,0.03581,11.4,4.3,0.006551,-0.013102,-0.006551,-0.00956746666666667,0.00245224599286528,-0.028264,0.03581,0.00929433333333333,0.0175172613224241,2.225925,0.160905
19.157907,"P13","SO_1.2",100,9,5725.428223,8154.305664,-107.231865,-0.006877,0.23119,27.7782,10.9,17.1,"{""type"":""M"",""msg"":""FADE0"",""time"":19.0647,""dist"":0.362628}",2.630863,13.530863,0,1e+06,38.2,0.129638,38.2,10.9,0.002685,-0.009562,-0.006877,-0.00879203703703704,0.000862462908075627,0.129638,0.238698,0.206534222222222,0.0355279343229579,1.416924,-0.028264
19.382221,"P13","SO_1.2",100,10,5722.34375,8144.025879,-106.94799,-0.010417,0.368855,27.7773,17.9,14.1,"{""type"":""M"",""msg"":""FADE0"",""time"":19.3216,""dist"":0.374234}",3.030844,17.130844,0,7.7,10.6,-0.368267,7.7,14.1,0.007894,-0.010417,-0.002523,-0.00605103225806452,0.00264225408169957,-0.380897,0.368855,-0.112717580645161,0.253999621482759,2.630863,0.23119
18.867577,"P13","SO_1.2",100,11,5725.904785,8154.226562,-107.316315,-0.009399,0.707654,27.7778,16.5,11.7,"{""type"":""M"",""msg"":""FADE0"",""time"":18.8344,""dist"":0.364314}",2.63107,14.33107,0,5.5,11.3,0.630466,5.5,11.7,0.003173,-0.009399,-0.006226,-0.00884759259259259,0.000910904042031417,0.630466,0.721443,0.692399703703704,0.0295850212670258,3.030844,0.368855
18.488724,"P13","SO_1.2",100,12,5728.695312,8165.40625,-107.210915,-0.015137,0.108852,27.777,6,3.7,"{""type"":""M"",""msg"":""FADE0"",""time"":18.4082,""dist"":0.351412}",2.225357,5.925357,0,25.8,19.9,-0.09866,19.9,3.7,0.0059,-0.015137,-0.009237,-0.0117878695652174,0.00220359677684932,-0.09866,0.151614,0.0717029565217391,0.0788363986951795,2.63107,0.707654
19.084406,"P13","SO_1.2",100,13,5724.13623,8148.916504,-107.16423,-0.010905,0.603039,27.7776,13.4,10,"{""type"":""M"",""msg"":""FADE0"",""time"":19.044,""dist"":0.369668}",2.834814,12.834814,0,5.4,8.4,0.09206,5.4,10,0.007365,-0.010905,-0.00354,-0.00763155172413793,0.00237501725687275,0.09206,0.603039,0.325600137931034,0.172156851954988,2.225357,0.108852
18.784895,"P13","SO_1.2",100,14,5727.04834,8159.275879,-107.094704,-0.011597,0.319275,27.7772,9.9,6.6,"{""type"":""M"",""msg"":""FADE0"",""time"":18.7261,""dist"":0.358335}",2.52891,9.12891,0,5.8,8.9,-0.127826,5.8,6.6,0.01062,-0.014974,-0.004354,-0.00927426923076923,0.00315930195527673,-0.127826,0.319275,0.116043692307692,0.154920578622149,2.834814,0.603039
19.073454,"P13","SO_1.2",100,15,5724.140137,8150.993164,-107.65358,-0.010905,-0.022775,27.7778,9,5.2,"{""type"":""M"",""msg"":""FADE0"",""time"":19.0362,""dist"":0.36772}",2.725821,7.925821,0,9.2,14.5,-0.056545,9.2,5.2,0.004557,-0.011271,-0.006714,-0.00966232142857143,0.00120500416638503,-0.056545,0.043704,0.00779596428571429,0.030258348617741,2.52891,0.319275
19.39711,"P13","SO_1.2",100,16,5722.060059,8144.013184,-107.657433,-0.010905,0.089172,27.7777,10.6,6.7,"{""type"":""M"",""msg"":""FADE0"",""time"":19.3171,""dist"":0.373808}",3.033819,9.733819,0,8.6,12.7,-0.281196,8.6,6.7,0.005534,-0.011434,-0.0059,-0.00878783870967742,0.00200234251310433,-0.281196,0.089852,-0.0756794193548387,0.129826233574157,2.725821,-0.022775
19.273645,"P13","SO_1.2",100,17,5722.428223,8144.712402,-107.608131,-0.012248,0.229199,27.7775,9,6,"{""type"":""M"",""msg"":""FADE0"",""time"":19.2086,""dist"":0.373439}",3.032245,9.032245,0,8.5,13.1,-0.210117,8.5,6,0.00586,-0.012248,-0.006388,-0.00892948387096774,0.0020977151041227,-0.210117,0.229199,0.0289719032258064,0.149669472992848,3.033819,0.089172
20.38884,"P13","SO_1.2",100,18,5713.692383,8117.05127,-108.859428,-0.014974,0.49578,27.7774,6.9,4.8,"{""type"":""M"",""msg"":""FADE0"",""time"":20.3342,""dist"":0.402731}",4.051144,8.851144,0,4.6,6.8,-0.300597,4.6,4.8,0.013468,-0.014974,-0.001506,-0.00943524390243902,0.00279531231511336,-0.300597,0.516917,0.202486268292683,0.279770201212176,3.032245,0.229199
20.63924,"P13","SO_1.2",100,19,5714.813477,8123.616211,-109.329506,-0.015788,-0.533294,27.7771,4.1,1.6,"{""type"":""M"",""msg"":""FADE0"",""time"":20.5767,""dist"":0.395901}",3.74563,5.34563,0,46.3,52.5,-0.156525,46.3,1.6,0.0094,-0.015788,-0.006388,-0.0101319210526316,0.00271610857743384,-0.533294,-0.156525,-0.254141868421053,0.0936921649616361,4.051144,0.49578
19.607973,"P13","SO_1.2",100,20,5720.189453,8136.860352,-107.835289,-0.013794,0.483517,27.7774,8.3,5.9,"{""type"":""M"",""msg"":""FADE0"",""time"":19.5407,""dist"":0.381568}",3.338264,9.238264,0,5.5,8.5,-0.077711,5.5,5.9,0.010417,-0.013957,-0.00354,-0.00847305882352941,0.00256926690335538,-0.077711,0.483517,0.204624352941176,0.188028060677749,3.74563,-0.533294
19.511812,"P13","SO_1.2",100,21,5720.962891,8141.096191,-108.246178,-0.008911,-0.082754,27.7781,11.7,5.6,"{""type"":""M"",""msg"":""FADE0"",""time"":19.4836,""dist"":0.378385}",3.127916,8.727916,0,14.5,25.6,-0.066347,14.5,5.6,0.006388,-0.014282,-0.007894,-0.0102805,0.00213743204381695,-0.082754,0.121958,0.0419444375,0.0646532539384885,3.338264,0.483517
19.580498,"P13","SO_1.2",100,22,5720.149902,8135.50293,-107.371338,-0.008586,0.8718,27.7776,2.5,53.7,"{""type"":""M"",""msg"":""FADE0"",""time"":19.4932,""dist"":0.382343}",3.336331,5.836331,0,21.6,15.6,0.149756,15.6,2.5,0.006388,-0.010742,-0.004354,-0.00736497058823529,0.00206747174668752,0.149756,0.8718,0.4205235,0.230045768518545,3.127916,-0.082754
18.997227,"P13","SO_1.2",100,23,5724.496582,8152.043945,-107.76088,-0.013102,0.002061,27.7775,6.7,3.9,"{""type"":""M"",""msg"":""FADE0"",""time"":18.9098,""dist"":0.365197}",2.729655,6.629655,0,15.2,33.1,-0.265259,15.2,3.9,0.006226,-0.014445,-0.008219,-0.01102975,0.00225550629324967,-0.265259,0.069317,-0.0387636071428571,0.10824166757781,3.336331,0.8718
20.038219,"P13","SO_1.2",100,24,5714.385742,8123.77002,-108.926544,-0.006714,-0.980028,27.778,22.5,1,"{""type"":""M"",""msg"":""FADE0"",""time"":19.9381,""dist"":0.39486}",3.837087,4.837087,0,14.6,6.9,-0.162669,6.9,1,0.003378,-0.009766,-0.006388,-0.00849382051282051,0.00108432741393953,-0.980028,-0.162669,-0.534081615384615,0.235734594799858,2.729655,0.002061
18.371218,"P13","SO_1.2",100,25,5730.022461,8168.133789,-105.990669,-0.007243,0.618095,27.7776,3,9.4,"{""type"":""M"",""msg"":""FADE0"",""time"":18.3674,""dist"":0.350568}",2.137905,5.137905,0,7.1,12.7,-0.116053,7.1,3,0.004191,-0.009562,-0.005371,-0.0076775,0.00146356514326197,-0.116053,0.618095,0.236219045454545,0.233392689267615,3.837087,-0.980028
18.959532,"P13","SO_1.2",100,26,5724.942871,8152.685059,-107.160294,-0.008911,0.24891,27.7779,23.3,16.2,"{""type"":""M"",""msg"":""FADE0"",""time"":18.8853,""dist"":0.364818}",2.722967,18.922967,0,8.4,13.2,-0.159174,8.4,16.2,0.004354,-0.010905,-0.006551,-0.00858707142857143,0.00149312046916842,-0.159174,0.24891,0.05611325,0.136030748134009,2.137905,0.618095
19.282618,"P13","SO_1.2",100,27,5722.383789,8143.710449,-107.464081,-0.014974,0.492855,27.7772,7.8,5.6,"{""type"":""M"",""msg"":""FADE0"",""time"":19.1898,""dist"":0.373666}",3.025637,8.625637,0,7.9,12.9,-0.131599,7.9,5.6,0.00826,-0.014974,-0.006714,-0.00887445161290322,0.00225540906620373,-0.131599,0.492855,0.182195580645161,0.201293261475022,2.722967,0.24891
19.197306,"P13","SO_1.2",100,28,5723.448242,8146.398438,-107.186501,-0.009074,0.701718,27.7776,26.8,20.9,"{""type"":""M"",""msg"":""FADE0"",""time"":19.1175,""dist"":0.371125}",2.934357,23.834357,0,5.2,8.3,-0.108908,5.2,20.9,0.006917,-0.011271,-0.004354,-0.00839426666666667,0.0021034357105711,-0.108908,0.701718,0.3055051,0.262662630312956,3.025637,0.492855
19.269436,"P13","SO_1.2",100,29,5721.657227,8143.489746,-108.293968,-0.015299,-0.148912,27.7769,5.2,2.8,"{""type"":""M"",""msg"":""FADE0"",""time"":19.2409,""dist"":0.37585}",3.033922,5.833922,0,9.7,14.9,-0.085797,9.7,2.8,0.008585,-0.015299,-0.006714,-0.0104613225806452,0.00241424430394684,-0.148912,-0.009618,-0.0456982903225806,0.034925315282942,2.934357,0.701718
19.121485,"P13","SO_1.2",100,30,5723.894043,8149.740234,-107.477676,-0.010742,0.118972,27.7778,10.7,6.8,"{""type"":""M"",""msg"":""FADE0"",""time"":19.0909,""dist"":0.369199}",2.828482,9.628482,0,9.9,15.1,0.058552,9.9,6.8,0.004191,-0.010742,-0.006551,-0.0084678275862069,0.00107670257429688,0.057829,0.125424,0.0916479310344828,0.0251296673147938,3.033922,-0.148912
19.47641,"P14","SO_1.2",100,1,5720.44873,8138.555176,-108.019295,-0.008219,0.207421,27.7779,56.1,16.7,"{""type"":""M"",""msg"":""FADE0"",""time"":19.3849,""dist"":0.379262}",3.232576,19.932576,0,8,12.7,0.284127,8,16.7,0.007568,-0.012939,-0.005371,-0.00848078787878788,0.00212840488625837,0.207421,0.284127,0.261028575757576,0.0186773584956999,NA,NA
19.675922,"P14","SO_1.2",100,2,5723.009766,8138.482422,-105.356293,-0.006388,-1.030105,27.778,-1.51819,-0.101999,"{""type"":""M"",""msg"":""FADE0"",""time"":19.595,""dist"":0.378925}",3.234079,1.715889,1.715889,2.4,4.2,0.071325,2.4,-1.51819,0.014944,-0.009766,0.005178,-0.00368036363636364,0.00378132366720126,-1.842452,1.80521,0.271527424242424,1.09962696998457,3.232576,0.207421
18.693903,"P14","SO_1.2",100,3,5727.851562,8164.099121,-107.208694,-0.008586,-0.32075,27.7778,14.9,6.2,"{""type"":""M"",""msg"":""FADE0"",""time"":18.6487,""dist"":0.353925}",2.221954,8.421954,0,12.3,16.1,0.152417,12.3,6.2,0.008708,-0.012248,-0.00354,-0.00723939130434783,0.00245584169498566,-0.32075,0.152417,-0.10636752173913,0.142282707335166,3.234079,-1.030105
19.489704,"P14","SO_1.2",100,4,5720.938965,8139.241699,-107.235283,-0.006714,0.479175,27.7778,4.1,9.8,"{""type"":""M"",""msg"":""FADE0"",""time"":19.4422,""dist"":0.37972}",3.141474,7.241474,0,13,17.9,0.494773,13,4.1,0.007731,-0.009766,-0.002035,-0.0052084375,0.00189365386586611,0.23646,0.494773,0.32827515625,0.0830062368586025,2.221954,-0.32075
19.673388,"P14","SO_1.2",100,5,5718.241699,8133.16748,-108.304878,-0.006063,-0.240293,27.7779,12.5,16.6,"{""type"":""M"",""msg"":""FADE0"",""time"":19.6695,""dist"":0.387509}",3.428486,15.928486,0,9.9,15,0.368153,9.9,12.5,0.011597,-0.015788,-0.004191,-0.0082578,0.00303438822984333,-0.240293,0.368153,0.0637127142857143,0.197170907547916,3.141474,0.479175
20.138586,"P14","SO_1.2",100,6,5716.489258,8122.011719,-107.508781,-0.006063,1.598923,27.7781,-1.214058,3.9,"{""type"":""M"",""msg"":""FADE0"",""time"":20.1313,""dist"":0.398586}",3.840038,2.62598,2.62598,3.9,6.2,0.224771,3.9,-1.214058,0.014119,-0.013102,0.001017,-0.00601589743589744,0.00401703297023321,0.222126,1.598923,0.827817743589744,0.452960261601083,3.428486,-0.240293
19.370173,"P14","SO_1.2",100,7,5721.386719,8141.513672,-108.096001,-0.012614,0.197034,27.7775,7.5,4.6,"{""type"":""M"",""msg"":""FADE0"",""time"":19.3294,""dist"":0.377551}",3.13156,7.73156,0,5.5,8.5,0.173205,5.5,4.6,0.015788,-0.018799,-0.003011,-0.009012875,0.00468818957938542,0.166254,0.260532,0.2243308125,0.0312121523670359,3.840038,1.598923
20.478525,"P14","SO_1.2",100,8,5711.843262,8113.393555,-108.999191,-0.008219,-0.086102,27.7779,55.1,12.3,"{""type"":""M"",""msg"":""FADE0"",""time"":20.3801,""dist"":0.405655}",4.139873,16.439873,0,9,15.8,0.364814,9,12.3,0.012085,-0.016805,-0.00472,-0.0087997619047619,0.00296484972522175,-0.086102,0.395607,0.202066952380952,0.168409615853141,3.13156,0.197034
20.913687,"P14","SO_1.2",100,9,5709.657227,8106.840332,-109.966576,-0.012248,-0.051869,27.777,5.8,3,"{""type"":""M"",""msg"":""FADE0"",""time"":20.8939,""dist"":0.414769}",4.441412,7.441412,0,6.7,10.2,0.29922,6.7,3,0.012777,-0.016968,-0.004191,-0.0094012,0.00422260032767402,-0.051869,0.29922,0.1878538,0.0708132878066103,4.139873,-0.086102
20.485476,"P14","SO_1.2",100,10,5713.188477,8111.804688,-108.020958,-0.012777,1.71783,27.7772,-1.208876,11.6,"{""type"":""M"",""msg"":""FADE0"",""time"":20.4629,""dist"":0.408888}",4.243634,3.034758,3.034758,3.5,6.1,0.252803,3.5,-1.208876,0.013753,-0.014445,-0.000692,-0.00709246511627907,0.00428369418536783,0.252803,1.71783,0.830436976744186,0.46710512404003,4.441412,-0.051869
19.484043,"P14","SO_1.2",100,11,5720.953125,8138.779297,-108.149597,-0.010742,0.616398,27.778,10.4,7,"{""type"":""M"",""msg"":""FADE0"",""time"":19.4116,""dist"":0.379446}",3.233478,10.233478,0,10,7.5,0.605323,7.5,7,0.006551,-0.014608,-0.008057,-0.0100048181818182,0.00176202107774257,0.605323,0.715746,0.684545545454545,0.0344392978034277,4.243634,1.71783
20.904253,"P14","SO_1.2",100,12,5710.942871,8110.249023,-109.394608,-0.010417,0.068708,27.7777,8.9,5,"{""type"":""M"",""msg"":""FADE0"",""time"":20.8795,""dist"":0.41098}",4.34444,9.34444,0,6.2,9.6,0.27898,6.2,5,0.010254,-0.014282,-0.004028,-0.00877147727272727,0.00300228447506876,0.068708,0.28893,0.239451659090909,0.0533682430472547,3.233478,0.616398
20.793703,"P14","SO_1.2",100,13,5710.693848,8105.635254,-109.00769,-0.010417,1.338847,27.7773,-1.315012,11.5,"{""type"":""M"",""msg"":""FADE0"",""time"":20.776,""dist"":0.415671}",4.448145,3.133133,3.133133,4.2,7.6,0.326417,4.2,-1.315012,0.01359,-0.017293,-0.003703,-0.00862448888888889,0.00371918479962174,0.326417,1.338847,0.825727422222222,0.351749029044178,4.34444,0.068708
18.682903,"P14","SO_1.2",100,14,5727.336914,8161.376953,-107.414749,-0.009074,-0.024652,27.778,12,6.1,"{""type"":""M"",""msg"":""FADE0"",""time"":18.6463,""dist"":0.356991}",2.424247,8.524247,0,8.4,11.7,0.40648,8.4,6.1,0.014445,-0.013102,0.001343,-0.00725916,0.00410119540174975,-0.024652,0.40648,0.17984868,0.11511559762934,4.448145,1.338847
19.491377,"P14","SO_1.2",100,15,5720.333008,8138.557617,-108.385475,-0.016113,0.089631,27.7779,5.4,3.2,"{""type"":""M"",""msg"":""FADE0"",""time"":19.4863,""dist"":0.381727}",3.233868,6.433868,0,5.8,9.1,0.323445,5.8,3.2,0.012573,-0.016113,-0.00354,-0.00926260606060606,0.00368290695255964,0.089631,0.327532,0.278006181818182,0.0671625121535698,2.424247,-0.024652
20.919989,"P14","SO_1.2",100,16,5709.572266,8101.794434,-108.174263,-0.0059,1.552896,27.7778,-0.906529,3.7,"{""type"":""M"",""msg"":""FADE0"",""time"":20.8383,""dist"":0.417844}",4.646262,3.739733,3.739733,5.8,9.3,0.220352,5.8,-0.906529,0.005574,-0.009928,-0.004354,-0.00631127659574468,0.00200058452004199,0.220352,1.552896,0.693517085106383,0.420564022964494,3.233868,0.089631
20.795845,"P14","SO_1.2",100,17,5709.217773,8106.438965,-110.113693,-0.010091,-0.339652,27.7784,6.1,2.4,"{""type"":""M"",""msg"":""FADE0"",""time"":20.7873,""dist"":0.415571}",4.452784,6.852784,0,6.2,10.2,0.330679,6.2,2.4,0.010416,-0.015462,-0.005046,-0.0101363333333333,0.00307239014893498,-0.339652,0.335725,0.184735244444444,0.186626401193078,4.646262,1.552896
19.269182,"P14","SO_1.2",100,18,5722.211426,8144.973633,-108.653412,-0.011271,-0.076271,27.7776,5.9,2.9,"{""type"":""M"",""msg"":""FADE0"",""time"":19.188,""dist"":0.372895}",2.929724,5.829724,0,23,16.1,0.427518,16.1,2.9,0.010579,-0.017822,-0.007243,-0.0113443666666667,0.00298465745141697,-0.076271,0.431782,0.298832833333333,0.156796092052612,4.452784,-0.339652
19.382175,"P14","SO_1.2",100,19,5721.091309,8142.294922,-108.723946,-0.012085,-0.334102,27.7777,5.2,2.2,"{""type"":""M"",""msg"":""FADE0"",""time"":19.3314,""dist"":0.376621}",3.125274,5.325274,0,5.4,8.2,0.201507,5.4,2.2,0.017953,-0.020313,-0.00236,-0.01026940625,0.0049414299736489,-0.334102,0.201507,0.0472524375,0.156995850013764,2.929724,-0.076271
19.693106,"P14","SO_1.2",100,20,5718.670898,8134.411133,-109.120094,-0.011108,-0.2325,27.778,5.5,2.4,"{""type"":""M"",""msg"":""FADE0"",""time"":19.6803,""dist"":0.385935}",3.330574,5.730574,0,5.9,9.5,0.263366,5.9,2.4,0.015463,-0.019491,-0.004028,-0.0108211176470588,0.00432283886636174,-0.2325,0.335593,0.1984915,0.16487744422178,3.125274,-0.334102
19.489597,"P14","SO_1.2",100,21,5721.951172,8142.262207,-108.486961,-0.019165,0.499497,27.7763,4.8,3.2,"{""type"":""M"",""msg"":""FADE0"",""time"":19.4185,""dist"":0.375878}",3.130384,6.330384,0,4.6,8.3,0.279282,4.6,3.2,0.015593,-0.020313,-0.00472,-0.01123328125,0.00519642983045696,0.279282,0.602642,0.5039861875,0.102640110105552,3.330574,-0.2325
19.950491,"P14","SO_1.2",100,22,5717.137207,8131.985352,-110.01329,-0.010254,-0.957744,27.7783,3,0.3,"{""type"":""M"",""msg"":""FADE0"",""time"":19.9002,""dist"":0.387688}",3.537239,3.837239,0,14.7,10.4,0.56601,10.4,0.3,0.006226,-0.015788,-0.009562,-0.0126816666666667,0.00203410232921412,-0.957744,0.56601,0.07141375,0.468051230285768,3.130384,0.499497
20.264481,"P14","SO_1.2",100,23,5713.736816,8119.878906,-109.448845,-0.010417,-0.373976,27.7781,6.3,2.5,"{""type"":""M"",""msg"":""FADE0"",""time"":20.2399,""dist"":0.400923}",3.933817,6.433817,0,6,9.2,0.15514,6,2.5,0.012613,-0.016479,-0.003866,-0.00993745,0.00332148186692441,-0.373976,0.15514,0.03191905,0.147451640414652,3.537239,-0.957744
19.60298,"P14","SO_1.2",100,24,5718.254395,8135.500488,-109.538231,-0.013265,-0.972285,27.7776,3,0.3,"{""type"":""M"",""msg"":""FADE0"",""time"":19.5765,""dist"":0.384621}",3.33425,3.63425,0,8.8,12.6,0.114923,8.8,0.3,0.010743,-0.015951,-0.005208,-0.0114434411764706,0.00351526754179171,-0.972285,0.114923,-0.252329029411765,0.322416445460092,3.933817,-0.373976
19.62295,"P14","SO_1.2",100,25,5718.270508,8134.740234,-109.075493,-0.007243,-0.714083,27.7782,8.2,1.5,"{""type"":""M"",""msg"":""FADE0"",""time"":19.6075,""dist"":0.385656}",3.440995,4.940995,0,31.3,37,0.33799,31.3,1.5,0.012451,-0.016479,-0.004028,-0.00946211428571429,0.00347406757504318,-0.714083,0.33799,-0.0753741714285714,0.302508768470532,3.33425,-0.972285
19.524117,"P14","SO_1.2",100,26,5721.155762,8138.398926,-107.006081,-0.002523,0.947895,27.7781,0.8,4.5,"{""type"":""M"",""msg"":""FADE0"",""time"":19.5024,""dist"":0.381127}",3.233958,4.033958,0,4.2,6.7,0.023015,4.2,0.8,0.012939,-0.014445,-0.001506,-0.00659921212121212,0.0040328406455436,0.023015,0.947895,0.441551939393939,0.292314669806031,3.440995,-0.714083
20.834681,"P14","SO_1.2",100,27,5710.050293,8105.971191,-109.411934,-0.009074,0.613506,27.7775,15,9.6,"{""type"":""M"",""msg"":""FADE0"",""time"":20.7432,""dist"":0.4135}",4.439824,14.039824,0,4.4,7.3,0.248976,4.4,9.6,0.017953,-0.020313,-0.00236,-0.00889062222222222,0.00437806727433303,0.248976,0.677106,0.475455244444444,0.139329919332783,3.233958,0.947895
19.484795,"P14","SO_1.2",100,28,5720.499023,8140.907227,-108.56546,-0.009766,-0.47343,27.7782,6.9,2.5,"{""type"":""M"",""msg"":""FADE0"",""time"":19.3926,""dist"":0.376972}",3.132225,5.632225,0,9.1,13.2,0.34604,9.1,2.5,0.011434,-0.016805,-0.005371,-0.0094033125,0.00310513002623702,-0.47343,0.34604,0.0174320625,0.248293297801786,4.439824,0.613506
19.573011,"P14","SO_1.2",100,29,5719.760742,8137.697754,-108.389999,-0.009928,-0.191877,27.7779,8.8,4.3,"{""type"":""M"",""msg"":""FADE0"",""time"":19.499,""dist"":0.380771}",3.237302,7.537302,0,9.6,14.6,0.336642,9.6,4.3,0.010742,-0.015462,-0.00472,-0.00907881818181818,0.00339245480307536,-0.191877,0.336642,0.125763454545455,0.1665976667859,3.132225,-0.47343
20.294888,"P14","SO_1.2",100,30,5714.023926,8118.442383,-109.523926,-0.010091,0.35377,27.7782,8,4.5,"{""type"":""M"",""msg"":""FADE0"",""time"":20.2118,""dist"":0.400623}",3.940999,8.440999,0,5.3,9.6,0.419775,5.3,4.5,0.014934,-0.018311,-0.003377,-0.010382075,0.00412327321051974,0.35377,0.696249,0.5537694,0.101451945225263,3.237302,-0.191877
18.178352,"P15","SO_1.2",100,1,5731.297852,8172.615723,-107.122009,-0.012777,0.536994,27.7779,7.3,4.8,"{""type"":""M"",""msg"":""FADE0"",""time"":18.0816,""dist"":0.343393}",1.916896,6.716896,0,9,6.9,0.553929,6.9,4.8,0.003337,-0.015788,-0.012451,-0.01392225,0.00129559353904728,0.536994,0.694818,0.63854605,0.050602184695374,NA,NA
18.898237,"P15","SO_1.2",100,2,5726.533203,8156.32373,-106.257805,-0.007243,0.710114,27.7778,2,7.8,"{""type"":""M"",""msg"":""FADE0"",""time"":18.8486,""dist"":0.361651}",2.530739,4.530739,0,5.3,8.4,-0.098981,5.3,2,0.003214,-0.007568,-0.004354,-0.00650742307692308,0.000818383048361923,-0.098981,0.710114,0.247987769230769,0.251791842129535,1.916896,0.536994
17.967663,"P15","SO_1.2",100,3,5733.146484,8179.093262,-106.374954,-0.009766,0.496425,27.7776,14.3,9.8,"{""type"":""M"",""msg"":""FADE0"",""time"":17.8697,""dist"":0.336605}",1.716278,11.516278,0,22.6,16.5,0.502689,16.5,9.8,0.00118,-0.009766,-0.008586,-0.00925044444444444,0.000452309397259965,0.496425,0.519583,0.510699166666667,0.00681715996800806,2.530739,0.710114
18.657547,"P15","SO_1.2",100,4,5728.239746,8163.272461,-107.299568,-0.012614,0.28939,27.7776,7.5,4.8,"{""type"":""M"",""msg"":""FADE0"",""time"":18.6558,""dist"":0.355857}",2.323982,7.123982,0,15.8,11.1,0.423982,11.1,4.8,0.004191,-0.012614,-0.008423,-0.009984375,0.00130275703672601,0.28939,0.426634,0.385831458333333,0.040063458919655,1.716278,0.496425
18.775045,"P15","SO_1.2",100,5,5726.652832,8158.560547,-107.958824,-0.013794,0.133411,27.7777,5.6,3.2,"{""type"":""M"",""msg"":""FADE0"",""time"":18.7633,""dist"":0.360533}",2.416883,5.616883,0,10.5,7.8,0.448306,7.8,3.2,0.003052,-0.013794,-0.010742,-0.0127246,0.00105532585804891,0.133411,0.502452,0.3984976,0.111508118142432,2.323982,0.28939
18.976719,"P15","SO_1.2",100,6,5725.335938,8153.569336,-106.818085,-0.006877,0.369515,27.7779,5.5,11.6,"{""type"":""M"",""msg"":""FADE0"",""time"":18.8994,""dist"":0.363865}",2.623547,8.123547,0,11.3,16.9,0.20353,11.3,5.5,0.001139,-0.007039,-0.0059,-0.00644848148148148,0.000414052335076541,0.179802,0.369515,0.230047555555556,0.057163246882761,2.416883,0.133411
19.506897,"P15","SO_1.2",100,7,5720.338867,8138.533691,-108.354652,-0.009074,0.102993,27.7781,11.6,6.2,"{""type"":""M"",""msg"":""FADE0"",""time"":19.4463,""dist"":0.380181}",3.129797,9.329797,0,10.2,7.3,0.555487,7.3,6.2,0.0035,-0.012248,-0.008748,-0.0096435625,0.000841532355673364,0.102993,0.555487,0.37858475,0.138659687366751,2.623547,0.369515
19.38784,"P15","SO_1.2",100,8,5722.460449,8143.762207,-107.737564,-0.008911,0.544588,27.7781,19.5,13.1,"{""type"":""M"",""msg"":""FADE0"",""time"":19.3517,""dist"":0.375232}",3.036396,16.136396,0,16.8,12.6,0.436926,12.6,13.1,0.001343,-0.010091,-0.008748,-0.00939409677419355,0.000409536514842385,0.436926,0.570303,0.538398225806452,0.0385057751743897,3.129797,0.102993
21.128386,"P15","SO_1.2",100,9,5706.918945,8096.94873,-109.039253,-0.006714,0.631122,27.7778,4.4,11,"{""type"":""M"",""msg"":""FADE0"",""time"":21.0589,""dist"":0.42364}",4.844746,9.244746,0,12,19.9,0.196525,12,4.4,0.003703,-0.009766,-0.006063,-0.00767559183673469,0.00125158411154237,0.196525,0.631122,0.400740959183673,0.133502350841967,3.036396,0.544588
19.304535,"P15","SO_1.2",100,10,5723.40918,8147.280762,-107.651314,-0.006063,0.390424,27.7782,9,14,"{""type"":""M"",""msg"":""FADE0"",""time"":19.2525,""dist"":0.371168}",2.931461,11.931461,0,11,8,0.633996,8,9,0.005696,-0.011759,-0.006063,-0.00892196666666667,0.00159316205819689,0.390424,0.638976,0.541714733333333,0.0836842308904105,4.844746,0.631122
19.274263,"P15","SO_1.2",100,11,5723.089844,8148.272461,-107.824196,-0.006226,-0.215337,27.7779,14.1,18.3,"{""type"":""M"",""msg"":""FADE0"",""time"":19.2393,""dist"":0.370778}",2.93502,17.03502,0,7.7,5.3,0.371516,5.3,14.1,0.007893,-0.014119,-0.006226,-0.00914303333333333,0.00240037569592953,-0.215337,0.371516,0.1002907,0.195156520362706,2.931461,0.390424
18.991863,"P15","SO_1.2",100,12,5726.632812,8155.963867,-106.203049,-0.005371,0.912569,27.7779,0.9,5.3,"{""type"":""M"",""msg"":""FADE0"",""time"":18.9681,""dist"":0.362681}",2.524276,3.424276,0,5.6,9.8,0.209889,5.6,0.9,0.00118,-0.006551,-0.005371,-0.00587357692307692,0.000435249553527805,0.209889,0.912569,0.494010692307692,0.215898226824357,2.93502,-0.215337
18.534903,"P15","SO_1.2",100,13,5729.535156,8165.780273,-106.24865,-0.008057,0.824127,27.7778,2.8,15.2,"{""type"":""M"",""msg"":""FADE0"",""time"":18.4609,""dist"":0.351059}",2.227616,5.027616,0,6.3,13.4,0.292923,6.3,2.8,0.001343,-0.008586,-0.007243,-0.00792773913043478,0.000494358097793244,0.292923,0.824127,0.549430739130435,0.162353833763626,2.524276,0.912569
18.868357,"P15","SO_1.2",100,14,5727.04248,8161.258301,-107.335999,-0.009074,-0.270456,27.7778,12,5.6,"{""type"":""M"",""msg"":""FADE0"",""time"":18.7849,""dist"":0.355804}",2.427141,8.027141,0,22,28.9,-0.017856,22,5.6,0.00472,-0.010417,-0.005697,-0.0086524,0.00141471599034341,-0.270456,-0.017856,-0.1332018,0.0702665111284648,2.227616,0.824127
18.480295,"P15","SO_1.2",100,15,5729.970703,8168.850586,-106.541512,-0.010091,0.352011,27.7778,14.6,10.3,"{""type"":""M"",""msg"":""FADE0"",""time"":18.3787,""dist"":0.347208}",2.123073,12.423073,0,6.4,11.1,0.106288,6.4,10.3,0.003865,-0.010091,-0.006226,-0.00900727272727273,0.0010025960199506,0.106288,0.352011,0.245686590909091,0.0753767957819148,2.427141,-0.270456
17.457569,"P15","SO_1.2",100,16,5736.983398,8193.449219,-105.214897,-0.007406,0.252041,27.7762,6.1,13,"{""type"":""M"",""msg"":""FADE0"",""time"":17.4302,""dist"":0.323702}",1.21015,7.31015,0,5.7,9.1,0.04685,5.7,6.1,0.003052,-0.007406,-0.004354,-0.00563730769230769,0.00127518680883857,0.04685,0.252041,0.131409846153846,0.0686566302404535,2.123073,0.352011
17.979996,"P15","SO_1.2",100,17,5734.067871,8182.077148,-106.059952,-0.010091,0.553988,27.777,14.9,10.8,"{""type"":""M"",""msg"":""FADE0"",""time"":17.9767,""dist"":0.336111}",1.617075,12.417075,0,4.8,9.2,0.361456,4.8,10.8,0.004557,-0.010091,-0.005534,-0.0093275294117647,0.00127310948653518,0.361456,0.553988,0.472487588235294,0.0626048916789443,1.21015,0.252041
18.374142,"P15","SO_1.2",100,18,5730.769531,8170.919922,-106.504616,-0.007731,0.525717,27.7778,13.7,25.5,"{""type"":""M"",""msg"":""FADE0"",""time"":18.3113,""dist"":0.346124}",2.020396,15.720396,0,14.5,24.2,0.453086,14.5,13.7,0.002848,-0.009074,-0.006226,-0.00776219047619048,0.0010964234409683,0.449292,0.525717,0.479653238095238,0.0273471257848147,1.617075,0.553988
17.884926,"P15","SO_1.2",100,19,5733.843262,8181.606934,-106.25219,-0.010742,0.465691,27.7772,11.6,8,"{""type"":""M"",""msg"":""FADE0"",""time"":17.8601,""dist"":0.336053}",1.618195,9.618195,0,8.1,16.7,0.352734,8.1,8,0.003174,-0.010742,-0.007568,-0.0101962352941176,0.000878162109850152,0.352734,0.469198,0.433041058823529,0.0390612194837645,2.020396,0.525717
18.709248,"P15","SO_1.2",100,20,5728.247559,8162.769531,-106.811211,-0.009928,0.451697,27.7776,15.1,10.7,"{""type"":""M"",""msg"":""FADE0"",""time"":18.6922,""dist"":0.355892}",2.327742,13.027742,0,7.7,13,0.277708,7.7,10.7,0.004191,-0.010579,-0.006388,-0.00821075,0.00127005355073679,0.277708,0.451697,0.35630875,0.0582349940710611,1.618195,0.465691
17.876509,"P15","SO_1.2",100,21,5733.964355,8182.51709,-106.136909,-0.008219,0.33051,27.7775,50.8,55.9,"{""type"":""M"",""msg"":""FADE0"",""time"":17.841,""dist"":0.334826}",1.515177,52.315177,0,15.2,10.6,0.315193,10.6,50.8,0.001709,-0.009928,-0.008219,-0.0087761875,0.000532439945752883,0.315193,0.331048,0.3277928125,0.00488168017822758,2.327742,0.451697
16.769629,"P15","SO_1.2",100,22,5741.589844,8211.858398,-104.942642,-0.003377,-0.176109,27.7716,5.8,8.6,"{""type"":""M"",""msg"":""FADE0"",""time"":16.7346,""dist"":0.304518}",0.505092999999999,6.305093,0,7.5,10.5,-0.158966,7.5,5.8,0.000814,-0.004191,-0.003377,-0.00383833333333333,0.000404250747267914,-0.178056,-0.158966,-0.1715595,0.00735107825424271,1.515177,0.33051
18.161821,"P15","SO_1.2",100,23,5731.835449,8176.365723,-106.710892,-0.008423,-0.001105,27.7778,19.3,9.5,"{""type"":""M"",""msg"":""FADE0"",""time"":18.1351,""dist"":0.341549}",1.819198,11.319198,0,12.8,8,0.237842,8,9.5,0.001709,-0.009766,-0.008057,-0.00875694736842105,0.000463331951279019,-0.001105,0.237842,0.124215157894737,0.0744616148228686,0.505092999999999,-0.176109
18.079916,"P15","SO_1.2",100,24,5733.276855,8178.75293,-105.913261,-0.009074,0.726103,27.7776,28.1,22.4,"{""type"":""M"",""msg"":""FADE0"",""time"":18.0152,""dist"":0.337826}",1.717691,24.117691,0,5.7,12.9,0.389006,5.7,22.4,0.001831,-0.009237,-0.007406,-0.00871005555555556,0.000605604265295243,0.389006,0.726103,0.563725055555556,0.104624209446432,1.819198,-0.001105
17.874523,"P15","SO_1.2",100,25,5733.703125,8181.831543,-105.963852,-0.007731,0.274253,27.7775,12,22.5,"{""type"":""M"",""msg"":""FADE0"",""time"":17.8026,""dist"":0.334514}",1.621664,13.621664,0,13.3,21.1,0.18677,13.3,12,0.000488,-0.007731,-0.007243,-0.00734841176470588,0.000127915528193184,0.18677,0.274253,0.218737294117647,0.028051027420499,1.717691,0.726103
18.580067,"P15","SO_1.2",100,26,5728.932617,8164.57373,-106.728935,-0.009399,0.586446,27.7778,18.7,13.6,"{""type"":""M"",""msg"":""FADE0"",""time"":18.5691,""dist"":0.354143}",2.224165,15.824165,0,23.2,17.6,0.387721,17.6,13.6,0.000813,-0.009399,-0.008586,-0.008975,0.000335399761478746,0.387721,0.586446,0.498232086956522,0.0603665426509458,1.621664,0.274253
18.368494,"P15","SO_1.2",100,27,5731.269531,8173.07666,-106.324837,-0.007568,0.394178,27.7778,10.4,19.9,"{""type"":""M"",""msg"":""FADE0"",""time"":18.314,""dist"":0.344107}",1.917318,12.317318,0,6.4,10.8,0.278301,6.4,10.4,0.003214,-0.008748,-0.005534,-0.00766815,0.000871787351847975,0.278301,0.394178,0.330413,0.0358989845934687,2.224165,0.586446
18.623674,"P15","SO_1.2",100,28,5728.949707,8165.065918,-106.357758,-0.007568,0.467446,27.7778,5.8,14.2,"{""type"":""M"",""msg"":""FADE0"",""time"":18.5813,""dist"":0.352768}",2.224306,8.024306,0,7.1,12,0.020248,7.1,5.8,0.002197,-0.008748,-0.006551,-0.00779117391304348,0.000683830298736723,0.020248,0.467446,0.235993434782609,0.139457976031826,1.917318,0.394178
18.107056,"P15","SO_1.2",100,29,5733.389648,8178.819336,-105.829063,-0.008423,0.817387,27.7772,3.8,48.4,"{""type"":""M"",""msg"":""FADE0"",""time"":18.1027,""dist"":0.339422}",1.717461,5.517461,0,3.4,6.9,0.347079,3.4,3.8,0.005737,-0.010091,-0.004354,-0.00880933333333333,0.00165295475188062,0.347079,0.817387,0.596036666666667,0.149840614150307,2.224306,0.467446
17.904224,"P15","SO_1.2",100,30,5733.806641,8181.682617,-106.348122,-0.010905,0.407826,27.7772,10.6,7.1,"{""type"":""M"",""msg"":""FADE0"",""time"":17.8635,""dist"":0.335506}",1.615064,8.715064,0,38.7,28.3,0.374271,28.3,7.1,0.002319,-0.010905,-0.008586,-0.0101605294117647,0.000789664811616854,0.374271,0.429821,0.413060647058824,0.0170682568198292,1.717461,0.817387
19.98831,"P16","SO_1.2",100,1,5715.625,8126.757812,-108.733078,-0.008219,-0.739404,27.778,13.4,2.8,"{""type"":""M"",""msg"":""FADE0"",""time"":19.9242,""dist"":0.392669}",3.634379,6.434379,0,21.1,9.7,0.13736,9.7,2.8,0.002685,-0.009562,-0.006877,-0.00819083783783784,0.000620857762987515,-0.739404,0.13736,-0.308580351351351,0.266322164454091,NA,NA
22.958851,"P16","SO_1.2",100,2,5695.536621,8059.301758,-109.453796,-0.008586,-0.88794,27.7781,-3.130175,-0.303131,"{""type"":""M"",""msg"":""FADE0"",""time"":22.8733,""dist"":0.462558}",6.160679,3.030504,3.030504,6.1,10.6,0.246009,6.1,-3.130175,0.003052,-0.008586,-0.005534,-0.00688988709677419,0.000951920855382812,-1.825287,1.870136,0.308412661290323,1.09925136852311,3.634379,-0.739404
22.336302,"P16","SO_1.2",100,3,5699.649902,8079.585938,-110.764412,-0.008219,-0.387665,27.7777,11.2,3.7,"{""type"":""M"",""msg"":""FADE0"",""time"":22.264,""dist"":0.442329}",5.47333,9.17333,0,13.3,19.7,0.211087,13.3,3.7,0.003703,-0.010742,-0.007039,-0.00899165454545455,0.00138218596618467,-0.387665,0.211087,0.0582624727272728,0.171909186617351,6.160679,-0.88794
22.721262,"P16","SO_1.2",100,4,5689.143066,8053.656738,-111.958488,-0.008748,-1.141846,27.7776,5.6,0,"{""type"":""M"",""msg"":""FADE0"",""time"":22.6736,""dist"":0.470983}",6.469036,6.469036,6.469036,15.8,21.8,0.52167,15.8,0,0.004882,-0.011759,-0.006877,-0.00873778461538461,0.00113932143308402,-1.141846,0.52167,-0.176529461538462,0.473657066753174,5.47333,-0.387665
25.145561,"P16","SO_1.2",100,5,5666.019531,7995.118164,-113.565498,-0.009074,-0.475362,27.7777,12.8,5.3,"{""type"":""M"",""msg"":""FADE0"",""time"":25.1224,""dist"":0.534651}",8.701038,14.001038,0,32.6,16.1,0.26883,16.1,5.3,0.003866,-0.010417,-0.006551,-0.008057,0.00111882845703846,-0.475362,0.26883,-0.0643283908045977,0.200820717929813,6.469036,-1.141846
27.656073,"P16","SO_1.2",100,6,5630.351074,7932.553223,-118.24955,-0.009399,-0.944167,27.7774,-4.585328,-7.113985,"{""type"":""M"",""msg"":""FADE0"",""time"":27.6127,""dist"":0.605616}",11.261603,4.147618,4.147618,21.4,10.1,0.190011,10.1,-7.113985,0.003703,-0.011922,-0.008219,-0.00955154464285714,0.000941714488669066,-1.874507,1.81309,-0.139774607142857,0.872168505556653,8.701038,-0.475362
22.969343,"P16","SO_1.2",100,7,5687.126953,8048.341797,-112.503052,-0.011271,-1.113635,27.7774,3.6,0,"{""type"":""M"",""msg"":""FADE0"",""time"":22.913,""dist"":0.476479}",6.666216,6.666216,6.666216,6.7,11.3,0.557511,6.7,0,0.008423,-0.013794,-0.005371,-0.00945161194029851,0.00125608586315301,-1.113635,0.557511,-0.00424304477611944,0.48764414131884,11.261603,-0.944167
25.443373,"P16","SO_1.2",100,8,5662.834961,7989.071777,-114.574135,-0.010091,-1.011039,27.7779,4.7,0.4,"{""type"":""M"",""msg"":""FADE0"",""time"":25.3871,""dist"":0.540529}",8.984152,9.384152,0,13.4,9.6,0.456795,9.6,0.4,0.003214,-0.011271,-0.008057,-0.009172,0.000789356073794301,-1.011039,0.535209,0.153519277777778,0.455003453301355,6.666216,-1.113635
26.267021,"P16","SO_1.2",100,9,5652.846191,7965.010742,-115.071114,-0.008911,-0.345977,27.7776,10.4,4.2,"{""type"":""M"",""msg"":""FADE0"",""time"":26.1823,""dist"":0.565821}",9.915212,14.115212,0,8.8,12.6,0.102327,8.8,4.2,0.006877,-0.012085,-0.005208,-0.00831723232323232,0.00142655790119965,-0.345977,0.15201,0.0307570101010101,0.1125731914411,8.984152,-1.011039
28.594835,"P16","SO_1.2",100,10,5624.354004,7907.359863,-117.665916,-0.009399,-1.121996,27.7774,5.4,0,"{""type"":""M"",""msg"":""FADE0"",""time"":28.5372,""dist"":0.630899}",12.263317,12.263317,12.263317,8.3,14.6,0.334817,8.3,0,0.005208,-0.012085,-0.006877,-0.00874681967213115,0.00101553548156652,-1.121996,0.472559,0.101650172131148,0.459082740817823,9.915212,-0.345977
26.274363,"P16","SO_1.2",100,11,5650.271973,7963.071777,-115.581818,-0.008219,1.858614,27.7778,2.8,-1.730553,"{""type"":""M"",""msg"":""FADE0"",""time"":26.1878,""dist"":0.568596}",10.027602,8.297049,8.297049,19,13.5,0.617729,13.5,-1.730553,0.00472,-0.012451,-0.007731,-0.00889855,0.00108119120964711,-1.844292,1.858614,-0.2159966,0.771538011268257,12.263317,-1.121996
24.458807,"P16","SO_1.2",100,12,5675.39502,8012.373047,-111.968292,-0.006714,1.453089,27.7778,-1.210682,5.8,"{""type"":""M"",""msg"":""FADE0"",""time"":24.443,""dist"":0.515392}",7.98591,6.775228,6.775228,10.5,16.4,0.16158,10.5,-1.210682,0.003865,-0.009562,-0.005697,-0.0074377,0.000929613359127521,0.16158,1.453089,0.6587388625,0.382818539695872,10.027602,1.858614
26.162512,"P16","SO_1.2",100,13,5649.483398,7970.573242,-116.774185,-0.010254,0.258956,27.7773,-3.337612,-5.962763,"{""type"":""M"",""msg"":""FADE0"",""time"":26.1223,""dist"":0.563074}",9.808672,3.845909,3.845909,12.1,6.4,0.071627,6.4,-5.962763,0.005533,-0.01359,-0.008057,-0.00972835714285714,0.00128776633317772,-1.835661,1.856073,-0.159066724489796,0.939692551571899,7.98591,1.453089
25.458607,"P16","SO_1.2",100,14,5664.016113,7987.40918,-113.58313,-0.010091,0.755595,27.7774,14.7,10.7,"{""type"":""M"",""msg"":""FADE0"",""time"":25.3918,""dist"":0.541462}",8.991074,19.691074,0,9.1,13.5,0.357355,9.1,10.7,0.00708,-0.012777,-0.005697,-0.00778772222222222,0.0014176010676989,0.234458,0.755595,0.432599333333333,0.171092002552868,9.808672,0.258956
28.003653,"P16","SO_1.2",100,15,5631.893066,7920.786133,-116.690697,-0.009237,-0.356066,27.7773,10.9,4.6,"{""type"":""M"",""msg"":""FADE0"",""time"":27.933,""dist"":0.615124}",11.737885,16.337885,0,9.1,13.3,-0.014673,9.1,4.6,0.008219,-0.014119,-0.0059,-0.00833105982905983,0.00180913469643305,-0.356066,0.208246,0.0181185811965812,0.146078481141146,8.991074,0.755595
28.309237,"P16","SO_1.2",100,16,5624.17627,7915.701172,-118.256447,-0.009562,0.962853,27.7776,-3.465325,-6.397168,"{""type"":""M"",""msg"":""FADE0"",""time"":28.2929,""dist"":0.624365}",11.952542,5.555374,5.555374,23.2,14.5,0.386185,14.5,-6.397168,0.004029,-0.012248,-0.008219,-0.00917033613445378,0.00104070229121371,-1.833194,1.864595,-0.0844983781512605,0.898952432829589,11.737885,-0.356066
26.251261,"P16","SO_1.2",100,17,5656.455566,7964.526367,-112.506409,-0.0059,-0.560775,27.7783,-3.327374,-0.604933,"{""type"":""M"",""msg"":""FADE0"",""time"":26.1872,""dist"":0.565566}",9.893301,6.565927,6.565927,10.2,15.4,0.287396,10.2,-3.327374,0.006551,-0.010254,-0.003703,-0.00646075757575758,0.00119954357893895,-1.851597,1.842325,0.317982727272727,0.875287923417772,11.952542,0.962853
24.546377,"P16","SO_1.2",100,18,5666.082031,8001.469727,-114.015442,-0.007731,0.819463,27.7777,-0.708717,-3.536753,"{""type"":""M"",""msg"":""FADE0"",""time"":24.4664,""dist"":0.527001}",8.49377,4.957017,4.957017,14.1,8.9,0.338852,8.9,-3.536753,0.008056,-0.013102,-0.005046,-0.00872925882352941,0.00154183192797323,-1.857152,1.835774,-0.0925117999999999,0.992582374386904,9.893301,-0.560775
25.306046,"P16","SO_1.2",100,19,5661.702637,7991.825195,-114.717224,-0.008219,0.599147,27.7777,-0.908129,-4.449753,"{""type"":""M"",""msg"":""FADE0"",""time"":25.2593,""dist"":0.538531}",8.903189,4.453436,4.453436,21.6,9.7,0.075401,9.7,-4.449753,0.004842,-0.012248,-0.007406,-0.0088385393258427,0.00108036581616199,-1.843624,1.861587,-0.211706561797753,1.05788177251817,8.49377,0.819463
26.850115,"P16","SO_1.2",100,20,5651.208496,7949.352539,-112.85273,-0.008219,1.018391,27.778,-5.550055,-2.420263,"{""type"":""M"",""msg"":""FADE0"",""time"":26.8308,""dist"":0.582843}",10.501131,4.951076,4.951076,7.7,12.3,0.164541,7.7,-5.550055,0.00472,-0.010254,-0.005534,-0.00682194285714286,0.0010744470745151,-1.866785,1.834749,0.263220552380952,0.935144866066215,8.903189,0.599147
24.743708,"P16","SO_1.2",100,21,5668.602539,8002.175781,-113.545952,-0.009237,-0.880429,27.7777,8.3,1.5,"{""type"":""M"",""msg"":""FADE0"",""time"":24.6507,""dist"":0.525187}",8.488753,9.988753,0,17.2,11,0.336217,11,1.5,0.001831,-0.009237,-0.007406,-0.00843101176470588,0.000573587654573381,-0.880429,0.336217,-0.209797470588235,0.353749872947061,10.501131,1.018391
26.917425,"P16","SO_1.2",100,22,5648.338867,7944.022461,-112.975929,-0.007039,0.682635,27.778,-5.043407,-1.811729,"{""type"":""M"",""msg"":""FADE0"",""time"":26.8977,""dist"":0.588857}",10.606499,5.563092,5.563092,35.4,23.4,0.606488,23.4,-5.043407,0.004394,-0.008748,-0.004354,-0.00658296226415094,0.0012393497674916,-1.854428,1.846048,0.440725245283019,0.92720433791268,8.488753,-0.880429
23.455957,"P16","SO_1.2",100,23,5681.81543,8035.391602,-112.512756,-0.009399,-1.30698,27.7774,5.2,-0.508165,"{""type"":""M"",""msg"":""FADE0"",""time"":23.3985,""dist"":0.490467}",7.175655,6.66749,6.66749,16.6,11,0.658693,11,-0.508165,0.00236,-0.009766,-0.007406,-0.00866654166666667,0.000593934219753641,-1.30698,0.658693,-0.193400027777778,0.594997327337659,10.606499,0.682635
23.347782,"P16","SO_1.2",100,24,5686.342773,8040.145996,-111.016243,-0.006714,1.175169,27.778,-0.202124,7.6,"{""type"":""M"",""msg"":""FADE0"",""time"":23.2883,""dist"":0.484393}",6.968054,6.76593,6.76593,6.8,11.7,0.444491,6.8,-0.202124,0.003337,-0.009237,-0.0059,-0.0074324,0.00104341317562721,0.443724,1.175169,0.685861685714286,0.216679872681412,7.175655,-1.30698
24.778009,"P16","SO_1.2",100,25,5670.199707,8002.279297,-112.657715,-0.007894,0.566519,27.7777,6.9,18.5,"{""type"":""M"",""msg"":""FADE0"",""time"":24.7344,""dist"":0.525866}",8.38894,15.28894,0,14,20.5,0.324163,14,6.9,0.004883,-0.009766,-0.004883,-0.00751569047619048,0.00123089884853707,0.178966,0.566519,0.26606205952381,0.0912798903273724,6.968054,1.175169
26.041395,"P16","SO_1.2",100,26,5655.58252,7969.96875,-113.802483,-0.008911,0.122843,27.7773,50,58.1,"{""type"":""M"",""msg"":""FADE0"",""time"":25.9503,""dist"":0.559889}",9.686083,59.686083,0,13,7.5,0.125549,7.5,50,0.003865,-0.009399,-0.005534,-0.00739596907216495,0.00112842044334112,-0.47616,0.125549,-0.262972216494845,0.186491026034221,8.38894,0.566519
23.339481,"P16","SO_1.2",100,27,5682.771484,8038.355469,-112.239067,-0.008219,-1.509353,27.7775,6.7,-1.318184,"{""type"":""M"",""msg"":""FADE0"",""time"":23.2639,""dist"":0.486757}",7.07574,5.757556,5.757556,16.5,10.6,0.658946,10.6,-1.318184,0.00472,-0.011108,-0.006388,-0.00835867605633803,0.00106954203516736,-1.509353,0.658946,-0.394192098591549,0.675119111197618,9.686083,0.122843
23.331385,"P16","SO_1.2",100,28,5684.482422,8041.330078,-112.463951,-0.010417,-1.017295,27.7777,4.8,0.4,"{""type"":""M"",""msg"":""FADE0"",""time"":23.2431,""dist"":0.483055}",6.97839,7.37839,0,27.4,15.2,0.644141,15.2,0.4,0.00354,-0.010417,-0.006877,-0.00877238571428571,0.00127926076131692,-1.017295,0.644141,-0.0740859714285714,0.471680541607453,7.07574,-1.509353
23.717333,"P16","SO_1.2",100,29,5683.824707,8029.865234,-110.743973,-0.008911,-1.101349,27.7775,-3.236223,0,"{""type"":""M"",""msg"":""FADE0"",""time"":23.6576,""dist"":0.494919}",7.374239,4.138016,4.138016,7.4,13,0.524517,7.4,-3.236223,0.00354,-0.009237,-0.005697,-0.00689924324324324,0.00115326630614916,-1.833789,1.868818,0.495399283783784,1.03551073342132,6.97839,-1.017295
22.321316,"P16","SO_1.2",100,30,5696.798828,8063.758789,-109.375328,-0.006877,-1.282137,27.7779,-2.221951,0.5,"{""type"":""M"",""msg"":""FADE0"",""time"":22.2314,""dist"":0.457794}",6.063452,3.841501,3.841501,11.3,17.7,0.416768,11.3,-2.221951,0.006551,-0.010091,-0.00354,-0.00635373770491803,0.00182264909679692,-1.819893,1.868259,0.424426590163934,0.980753133197381,7.374239,-1.101349
18.799253,"P17","SO_1.2",100,1,5726.698242,8158.31543,-106.725372,-0.010417,0.273399,27.778,14.9,10.9,"{""type"":""M"",""msg"":""FADE0"",""time"":18.725,""dist"":0.35896}",2.532959,13.432959,0,17.2,11.8,-0.167476,11.8,10.9,0.005371,-0.010742,-0.005371,-0.00825392307692308,0.00176602903539159,-0.167476,0.273399,0.0437363846153846,0.14222244093534,NA,NA
20.63282,"P17","SO_1.2",100,2,5712.288574,8112.946289,-108.457413,-0.007406,0.489344,27.7777,6.7,15.1,"{""type"":""M"",""msg"":""FADE0"",""time"":20.6243,""dist"":0.408396}",4.141954,10.841954,0,30.2,38.3,0.105553,30.2,6.7,0.004883,-0.009237,-0.004354,-0.00706659523809524,0.00137658363011787,0.053863,0.489344,0.20697019047619,0.141523049987684,2.532959,0.273399
20.103445,"P17","SO_1.2",100,3,5719.798828,8135.017578,-107.264145,-0.007568,0.689497,27.7776,2.8,10.3,"{""type"":""M"",""msg"":""FADE0"",""time"":20.0538,""dist"":0.383949}",3.331762,6.131762,0,13.6,8.9,-0.06849,8.9,2.8,0.006225,-0.010579,-0.004354,-0.00690897058823529,0.0019351458090126,-0.06849,0.689497,0.222161441176471,0.236233492925216,4.141954,0.489344
19.929415,"P17","SO_1.2",100,4,5715.320801,8127.296875,-109.545288,-0.014282,-1.213028,27.7774,2.9,-0.10084,"{""type"":""M"",""msg"":""FADE0"",""time"":19.9187,""dist"":0.393711}",3.644945,3.544105,3.544105,19.6,8.1,-0.079141,8.1,-0.10084,0.008056,-0.014282,-0.006226,-0.0102098918918919,0.00239138394128895,-1.213028,-0.079141,-0.529123351351351,0.328097816251937,3.331762,0.689497
19.321552,"P17","SO_1.2",100,5,5722.008301,8143.688965,-107.360138,-0.007731,0.143393,27.7775,12.2,22.1,"{""type"":""M"",""msg"":""FADE0"",""time"":19.266,""dist"":0.374822}",3.034975,15.234975,0,12,7.4,-0.018067,7.4,12.2,0.006022,-0.010579,-0.004557,-0.00733470967741936,0.00192102984869312,-0.081601,0.143393,-0.00914732258064516,0.0693561569852248,3.644945,-1.213028
18.587664,"P17","SO_1.2",100,6,5729.994141,8170.535645,-106.769753,-0.007406,-0.112947,27.7779,20.9,27.6,"{""type"":""M"",""msg"":""FADE0"",""time"":18.5676,""dist"":0.347827}",2.017516,22.917516,0,13.5,7.9,0.057573,7.9,20.9,0.004028,-0.009399,-0.005371,-0.00792480952380952,0.00120921121476141,-0.112947,0.057573,-0.0402726666666667,0.0510040869797052,3.034975,0.143393
19.282784,"P17","SO_1.2",100,7,5721.533203,8143.150879,-108.045494,-0.009562,-0.159572,27.7777,10.6,5.3,"{""type"":""M"",""msg"":""FADE0"",""time"":19.21,""dist"":0.375072}",3.028084,8.328084,0,10,15.2,0.252412,10,5.3,0.004029,-0.010417,-0.006388,-0.00887170967741936,0.00114785324827257,-0.159572,0.252412,0.0701325806451613,0.128935372634452,2.017516,-0.112947
19.581167,"P17","SO_1.2",100,8,5720.710449,8137.581543,-107.412651,-0.007243,0.766593,27.7777,3.4,11.5,"{""type"":""M"",""msg"":""FADE0"",""time"":19.5772,""dist"":0.382528}",3.229034,6.629034,0,12.7,9.1,0.24265,9.1,3.4,0.006062,-0.011108,-0.005046,-0.00778284848484849,0.00161866389966409,0.24265,0.766593,0.455587212121212,0.158517173598746,3.028084,-0.159572
19.377846,"P17","SO_1.2",100,9,5723.431641,8147.55957,-107.306129,-0.008586,0.334723,27.778,36.4,24.7,"{""type"":""M"",""msg"":""FADE0"",""time"":19.3722,""dist"":0.372114}",2.927893,27.627893,0,17.6,11.5,0.156399,11.5,24.7,0.005208,-0.010091,-0.004883,-0.00775693333333333,0.00165329265893609,0.139168,0.334723,0.209499366666667,0.0690457832598368,3.229034,0.766593
19.081987,"P17","SO_1.2",100,10,5726.069824,8155.96582,-107.278648,-0.011434,0.352845,27.7779,9.9,6.6,"{""type"":""M"",""msg"":""FADE0"",""time"":18.9937,""dist"":0.361022}",2.534431,9.134431,0,19.4,14.2,0.164065,14.2,6.6,0.006185,-0.012248,-0.006063,-0.00974207692307692,0.00159581176642051,0.164065,0.366606,0.298476384615385,0.0682431613459265,2.927893,0.334723
19.629766,"P17","SO_1.2",100,11,5720.041992,8135.932129,-107.826477,-0.011922,0.628268,27.7773,10.6,7.7,"{""type"":""M"",""msg"":""FADE0"",""time"":19.6189,""dist"":0.384065}",3.33295,11.03295,0,12.3,8.4,0.091949,8.4,7.7,0.007568,-0.012451,-0.004883,-0.00859529411764706,0.00241828004906833,0.091949,0.628268,0.350447,0.185024498034802,2.534431,0.352845
19.41568,"P17","SO_1.2",100,12,5721.720215,8142.217773,-107.574654,-0.010742,0.31073,27.778,12.2,8.5,"{""type"":""M"",""msg"":""FADE0"",""time"":19.4087,""dist"":0.377701}",3.13127,11.63127,0,27.9,19.4,0.075217,19.4,8.5,0.005534,-0.010742,-0.005208,-0.0083809375,0.00166329356393834,0.075217,0.31073,0.192192,0.0809806069703748,3.33295,0.628268
19.747242,"P17","SO_1.2",100,13,5718.831055,8134.586914,-108.695526,-0.01359,-0.125965,27.7777,5.6,3,"{""type"":""M"",""msg"":""FADE0"",""time"":19.6598,""dist"":0.383606}",3.32991,6.32991,0,10.2,6.8,0.144556,6.8,3,0.008422,-0.014119,-0.005697,-0.0102622941176471,0.00266519356883478,-0.125965,0.145824,0.0893446764705882,0.0725551017117839,3.13127,0.31073
19.803799,"P17","SO_1.2",100,14,5718.644043,8133.82666,-108.12352,-0.009074,-0.058091,27.7779,15.8,9,"{""type"":""M"",""msg"":""FADE0"",""time"":19.7294,""dist"":0.384748}",3.337084,12.337084,0,9.8,5.9,0.0306,5.9,9,0.006714,-0.010905,-0.004191,-0.00805308823529412,0.00212790395328428,-0.064617,0.0306,-0.0334800294117647,0.0232418680513047,3.32991,-0.125965
19.111212,"P17","SO_1.2",100,15,5724.081543,8150.309082,-107.704155,-0.011434,0.124289,27.7777,8.6,5.2,"{""type"":""M"",""msg"":""FADE0"",""time"":19.0983,""dist"":0.369132}",2.732428,7.932428,0,18.1,26.8,0.154185,18.1,5.2,0.007894,-0.013102,-0.005208,-0.00911596428571429,0.00241698099844111,0.124289,0.210449,0.173755571428571,0.0252350389023302,3.337084,-0.058091
19.284409,"P17","SO_1.2",100,16,5723.972656,8149.878418,-107.672005,-0.010579,0.149402,27.7781,10,6.1,"{""type"":""M"",""msg"":""FADE0"",""time"":19.2556,""dist"":0.369113}",2.828097,8.928097,0,5.9,10.1,0.136059,5.9,6.1,0.007568,-0.013265,-0.005697,-0.00989886206896552,0.00171766813949564,0.136059,0.261347,0.213467413793103,0.0383786185083358,2.732428,0.124289
20.292633,"P17","SO_1.2",100,17,5713.616211,8116.874023,-108.702362,-0.008423,0.483463,27.7774,34.7,20.2,"{""type"":""M"",""msg"":""FADE0"",""time"":20.2266,""dist"":0.402677}",4.041756,24.241756,0,13,19.2,0.386227,13,20.2,0.006754,-0.011108,-0.004354,-0.00783141463414634,0.00205996814266155,0.334572,0.486706,0.389556292682927,0.0552639514191864,2.828097,0.149402
20.310907,"P17","SO_1.2",100,18,5715.012207,8122.649902,-108.550064,-0.012939,-0.024387,27.7776,7.6,4.7,"{""type"":""M"",""msg"":""FADE0"",""time"":20.2748,""dist"":0.397532}",3.84202,8.54202,0,52.6,58,-0.183908,52.6,4.7,0.007242,-0.012939,-0.005697,-0.00865866666666667,0.00200030344189304,-0.183908,-0.017433,-0.102748897435897,0.0624577596185466,4.041756,0.483463
19.99057,"P17","SO_1.2",100,19,5717.418457,8128.653809,-108.307877,-0.011108,0.380012,27.7776,10.4,7,"{""type"":""M"",""msg"":""FADE0"",""time"":19.8929,""dist"":0.389402}",3.633749,10.633749,0,11.2,16.2,0.244825,11.2,7,0.008545,-0.012085,-0.00354,-0.00796535135135135,0.00250701484966812,0.200421,0.389005,0.288937405405405,0.0689865530191933,3.84202,-0.024387
20.495338,"P17","SO_1.2",100,20,5712.650391,8115.459961,-109.064697,-0.010417,0.013407,27.7778,9.5,5.4,"{""type"":""M"",""msg"":""FADE0"",""time"":20.467,""dist"":0.40533}",4.041256,9.441256,0,8.3,12.9,0.125075,8.3,5.4,0.004842,-0.010905,-0.006063,-0.00896085365853659,0.00137829127112116,0.013407,0.185408,0.141713634146341,0.0440929769701231,3.633749,0.380012
19.526762,"P17","SO_1.2",100,21,5721.157715,8139.551758,-107.622887,-0.008057,0.585823,27.7779,19,35.9,"{""type"":""M"",""msg"":""FADE0"",""time"":19.5076,""dist"":0.380055}",3.130613,22.130613,0,5.7,9.1,0.116155,5.7,19,0.007528,-0.010905,-0.003377,-0.007993,0.00240805789770713,0.116155,0.585823,0.3603931875,0.159768924031419,4.041256,0.013407
20.312124,"P17","SO_1.2",100,22,5714.323242,8120.13623,-108.849403,-0.008748,0.11211,27.7779,15.7,8.6,"{""type"":""M"",""msg"":""FADE0"",""time"":20.3042,""dist"":0.400942}",3.943132,12.543132,0,13.5,19.8,0.153571,13.5,8.6,0.005045,-0.010742,-0.005697,-0.008642575,0.00170242742060738,0.11211,0.221737,0.176519675,0.0320397484451755,3.130613,0.585823
19.787102,"P17","SO_1.2",100,23,5718.164551,8130.816406,-107.837097,-0.007894,0.424428,27.7778,11,24.1,"{""type"":""M"",""msg"":""FADE0"",""time"":19.6969,""dist"":0.387344}",3.433756,14.433756,0,7.1,10.7,0.106128,7.1,11,0.005045,-0.009399,-0.004354,-0.00718348571428571,0.0016318570145593,0.091742,0.424428,0.215488514285714,0.114705092087946,3.943132,0.11211
19.982178,"P17","SO_1.2",100,24,5716.852539,8127.524414,-108.240547,-0.007894,0.195552,27.7776,27.3,36.3,"{""type"":""M"",""msg"":""FADE0"",""time"":19.9242,""dist"":0.391758}",3.637928,30.937928,0,13.9,20.2,0.190507,13.9,27.3,0.006917,-0.011271,-0.004354,-0.00779164864864865,0.00195163900088869,0.069072,0.195791,0.1317,0.0443802555103806,3.433756,0.424428
20.2286,"P17","SO_1.2",100,25,5716.306641,8125.006348,-108.017517,-0.009074,0.472004,27.7776,25.6,19.4,"{""type"":""M"",""msg"":""FADE0"",""time"":20.1878,""dist"":0.394805}",3.745097,23.145097,0,14.1,22.4,0.010565,14.1,19.4,0.003011,-0.009074,-0.006063,-0.007759,0.000981036049148924,0.010565,0.472004,0.204661973684211,0.142984549107159,3.637928,0.195552
20.389437,"P17","SO_1.2",100,26,5711.537598,8115.012207,-109.337677,-0.010905,-0.902183,27.7779,5.8,1.1,"{""type"":""M"",""msg"":""FADE0"",""time"":20.3587,""dist"":0.405977}",4.142763,5.242763,0,11.3,14.9,-0.24806,11.3,1.1,0.005534,-0.010905,-0.005371,-0.00865628571428571,0.0019268237263626,-0.902183,-0.24806,-0.520776595238095,0.179481678154822,3.745097,0.472004
19.605562,"P17","SO_1.2",100,27,5721.836914,8142.301758,-107.405479,-0.009399,0.399779,27.7778,20.4,15.1,"{""type"":""M"",""msg"":""FADE0"",""time"":19.5252,""dist"":0.375567}",3.034326,18.134326,0,27.3,19,0.121953,19,15.1,0.003703,-0.009766,-0.006063,-0.00785051612903226,0.0011706861484038,0.121953,0.399779,0.235876741935484,0.0846615949192107,4.142763,-0.902183
20.391453,"P17","SO_1.2",100,28,5713.489746,8118.769531,-109.178207,-0.007731,-0.250069,27.7781,45.1,5.7,"{""type"":""M"",""msg"":""FADE0"",""time"":20.382,""dist"":0.402455}",3.939175,9.639175,0,22.8,31.1,0.251923,22.8,5.7,0.006713,-0.011759,-0.005046,-0.00898135,0.00195590063915742,-0.250069,0.251923,0.09094425,0.139791070141736,3.034326,0.399779
20.336761,"P17","SO_1.2",100,29,5714.832031,8120.631348,-108.559196,-0.010417,0.44324,27.7777,12.2,8.4,"{""type"":""M"",""msg"":""FADE0"",""time"":20.2473,""dist"":0.398091}",3.840732,12.240732,0,14.2,26.3,0.135603,14.2,8.4,0.003865,-0.010579,-0.006714,-0.00881617948717949,0.00133329690048065,0.135603,0.445382,0.329273948717949,0.108814065569124,3.939175,-0.250069
20.033541,"P17","SO_1.2",100,30,5716.77832,8127.105957,-108.49707,-0.01359,0.251462,27.7775,7.3,4.7,"{""type"":""M"",""msg"":""FADE0"",""time"":19.9699,""dist"":0.391982}",3.642025,8.342025,0,5.8,10.1,-0.077531,5.8,4.7,0.008544,-0.01359,-0.005046,-0.0100680540540541,0.00222901102816107,-0.077531,0.276304,0.186683432432432,0.102484479656824,3.840732,0.44324
18.871422,"P18","SO_1.2",100,1,5726.942871,8157.778809,-106.154129,-0.004028,0.675841,27.7777,1.7,5.2,"{""type"":""M"",""msg"":""FADE0"",""time"":18.7933,""dist"":0.35931}",2.52277,4.22277,0,5.3,7.7,-0.146122,5.3,1.7,0.011922,-0.010905,0.001017,-0.00490623076923077,0.00416984099752201,-0.146634,0.675841,0.189693538461538,0.275872880027774,NA,NA
18.748489,"P18","SO_1.2",100,2,5727.088867,8160.424316,-107.42514,-0.006388,0.015475,27.7777,15,19.5,"{""type"":""M"",""msg"":""FADE0"",""time"":18.6725,""dist"":0.356797}",2.321901,17.321901,0,8,12.6,0.07521,8,15,0.010579,-0.016479,-0.0059,-0.00986395833333333,0.00362568000793334,0.015475,0.148612,0.105571416666667,0.0366431631180648,2.52277,0.675841
20.201332,"P18","SO_1.2",100,3,5715.057129,8122.27002,-108.418015,-0.010091,0.140689,27.7773,13,8.5,"{""type"":""M"",""msg"":""FADE0"",""time"":20.1932,""dist"":0.398676}",3.935951,12.435951,0,5.1,7.5,-0.179356,5.1,8.5,0.013631,-0.014974,-0.001343,-0.007984475,0.00377101099813789,-0.180434,0.140689,-0.0130917,0.0917010684699097,2.321901,0.015475
21.120457,"P18","SO_1.2",100,4,5706.868652,8099.305664,-109.944878,-0.008911,-0.214431,27.7777,10.2,4.4,"{""type"":""M"",""msg"":""FADE0"",""time"":21.0312,""dist"":0.420811}",4.751162,9.151162,0,5.8,8.4,-0.328556,5.8,4.4,0.016317,-0.019328,-0.003011,-0.00944183333333333,0.00443774770999757,-0.328556,0.069857,-0.0615077708333333,0.12828873057275,3.935951,0.140689
21.304043,"P18","SO_1.2",100,5,5702.496094,8091.375977,-110.846436,-0.007568,-1.713013,27.7785,3,-0.905663,"{""type"":""M"",""msg"":""FADE0"",""time"":21.211,""dist"":0.429614}",4.946291,4.040628,4.040628,8.5,5.3,0.431113,5.3,-0.905663,0.017465,-0.020313,-0.002848,-0.00912936,0.00421366331365195,-1.713013,0.431113,-0.49013754,0.61595748429169,4.751162,-0.214431
19.701731,"P18","SO_1.2",100,6,5720.117188,8138.938965,-108.221489,-0.00236,-0.229496,27.779,7,9.5,"{""type"":""M"",""msg"":""FADE0"",""time"":19.6816,""dist"":0.380905}",3.232861,10.232861,0,6.4,9.6,-0.073743,6.4,7,0.01879,-0.02115,-0.00236,-0.00914754545454545,0.00519933985046966,-0.229496,0.11637,-0.0134777272727273,0.097331863474042,4.946291,-1.713013
19.580639,"P18","SO_1.2",100,7,5720.835449,8138.799805,-107.251007,-0.006063,0.515911,27.7785,3.6,8.5,"{""type"":""M"",""msg"":""FADE0"",""time"":19.5147,""dist"":0.379579}",3.24226,6.84226,0,4.7,7,-0.249541,4.7,3.6,0.017823,-0.019491,-0.001668,-0.00733915151515152,0.00459420582174719,-0.249541,0.515911,0.161685787878788,0.242140161476746,3.232861,-0.229496
19.880844,"P18","SO_1.2",100,8,5718.161621,8131.491211,-106.885941,0.001343,0.23057,27.7783,2,4.1,"{""type"":""M"",""msg"":""FADE0"",""time"":19.8204,""dist"":0.387489}",3.43461,5.43461,0,5.7,7.8,-0.217934,5.7,2,0.019653,-0.017985,0.001668,-0.00413537142857143,0.00576053996185261,-0.26532,0.23057,-0.103315028571429,0.129438870655449,3.24226,0.515911
19.975639,"P18","SO_1.2",100,9,5717.609863,8131.279785,-107.60923,-0.006714,-0.243029,27.7782,7.6,12.4,"{""type"":""M"",""msg"":""FADE0"",""time"":19.9739,""dist"":0.389493}",3.536285,11.136285,0,10.7,6.6,-0.08618,6.6,7.6,0.013265,-0.014119,-0.000854,-0.00707327777777778,0.00389707140307115,-0.361483,-0.08618,-0.22715075,0.0989494695273083,3.43461,0.23057
21.119343,"P18","SO_1.2",100,10,5710.016602,8102.969238,-108.627243,-0.008057,1.578638,27.7777,-1.310017,9.6,"{""type"":""M"",""msg"":""FADE0"",""time"":21.1068,""dist"":0.418527}",4.541493,3.231476,3.231476,5.6,9.8,0.094018,5.6,-1.310017,0.012939,-0.015625,-0.002686,-0.00800980434782609,0.0035844646500609,0.094018,1.578638,0.799927847826087,0.462537145599835,3.536285,-0.243029
20.400841,"P18","SO_1.2",100,11,5713.692383,8116.025879,-107.98951,-0.008586,0.840277,27.7779,2.2,41,"{""type"":""M"",""msg"":""FADE0"",""time"":20.348,""dist"":0.403795}",4.045069,6.245069,0,12.6,7.9,0.01917,7.9,2.2,0.015625,-0.016968,-0.001343,-0.0067139512195122,0.0039832056810515,0.012509,0.840277,0.349029097560976,0.26136013560285,4.541493,1.578638
19.397429,"P18","SO_1.2",100,12,5721.195801,8143.353516,-107.798965,-0.001017,-0.537659,27.7792,6,8.1,"{""type"":""M"",""msg"":""FADE0"",""time"":19.3481,""dist"":0.375545}",3.032248,9.032248,0,5.2,7.1,-0.316856,5.2,6,0.023765,-0.022911,0.000854,-0.00741906451612903,0.00719477875469651,-0.537659,-0.209467,-0.334221451612903,0.0974059932915967,4.045069,0.840277
19.812109,"P18","SO_1.2",100,13,5721.260254,8141.226562,-107.803291,-0.007243,0.169671,27.7783,15.3,22.3,"{""type"":""M"",""msg"":""FADE0"",""time"":19.7695,""dist"":0.377783}",3.138912,18.438912,0,5.5,8.2,0.06026,5.5,15.3,0.015788,-0.017985,-0.002197,-0.007845625,0.00443715636016088,0.040989,0.245254,0.1527093125,0.0748616254309059,3.032248,-0.537659
19.87863,"P18","SO_1.2",100,14,5715.972168,8129.05957,-109.351837,-0.006063,-1.141056,27.7787,24.8,0,"{""type"":""M"",""msg"":""FADE0"",""time"":19.818,""dist"":0.390457}",3.535153,3.535153,3.535153,11.5,7.8,-0.022046,7.8,0,0.016087,-0.021987,-0.0059,-0.0114085555555556,0.00402622350841114,-1.141056,0.023255,-0.350519277777778,0.386117101984552,3.138912,0.169671
19.083853,"P18","SO_1.2",100,15,5724.131348,8149.696777,-107.268173,-0.004557,0.362944,27.7786,5,8.9,"{""type"":""M"",""msg"":""FADE0"",""time"":19.0102,""dist"":0.367949}",2.729527,7.729527,0,4.2,7.2,-0.158836,4.2,5,0.013591,-0.018148,-0.004557,-0.0101259642857143,0.00429650421623891,-0.158836,0.362944,0.223525928571429,0.164438481271744,3.535153,-1.141056
19.103743,"P18","SO_1.2",100,16,5725.187988,8150.010742,-106.231415,-0.003866,1.298004,27.7781,-0.303595,3.5,"{""type"":""M"",""msg"":""FADE0"",""time"":19.0796,""dist"":0.368753}",2.728733,2.425138,2.425138,3.4,5.4,-0.00514,3.4,-0.303595,0.019785,-0.016113,0.003672,-0.00534896428571429,0.00608834257980344,-0.00514,1.298004,0.611590285714286,0.427975704363197,2.729527,0.362944
19.481115,"P18","SO_1.2",100,17,5719.733887,8140.604004,-109.463692,-0.010742,-1.127455,27.1812,3,0,"{""type"":""M"",""msg"":""FADE0"",""time"":19.4084,""dist"":0.37803}",3.13404,3.13404,3.13404,7.2,10.3,-0.080422,7.2,0,0.018766,-0.022632,-0.003866,-0.0119199375,0.00562231632289374,-1.127455,-0.080422,-0.34517225,0.32844253017164,2.728733,1.298004
19.77367,"P18","SO_1.2",100,18,5719.609375,8137.452148,-108.723793,-0.012085,-0.26747,27.778,5.7,2.7,"{""type"":""M"",""msg"":""FADE0"",""time"":19.7253,""dist"":0.381717}",3.230032,5.930032,0,26.2,20.5,0.108133,20.5,2.7,0.008912,-0.017131,-0.008219,-0.0116842424242424,0.00254979111926721,-0.26747,0.28083,0.112314303030303,0.163372659598861,3.13404,-1.127455
19.583515,"P18","SO_1.2",100,19,5720.419434,8141.145508,-108.465416,-0.006063,-0.619647,27.7792,18.6,3.6,"{""type"":""M"",""msg"":""FADE0"",""time"":19.5305,""dist"":0.377803}",3.139173,6.739173,0,6.2,10.7,0.028021,6.2,3.6,0.021068,-0.024934,-0.003866,-0.0109445625,0.00620823644865588,-0.619647,0.204828,-0.0677346875,0.268830926674746,3.230032,-0.26747
19.39879,"P18","SO_1.2",100,20,5721.537598,8142.59082,-107.545898,-0.004883,0.02475,27.7784,6.4,10,"{""type"":""M"",""msg"":""FADE0"",""time"":19.3705,""dist"":0.376779}",3.039159,9.439159,0,11,6.9,0.07815,6.9,6.4,0.009562,-0.014445,-0.004883,-0.00742803225806452,0.00304246609933314,0.012856,0.07815,0.0331965483870968,0.0178695124235642,3.139173,-0.619647
20.701435,"P18","SO_1.2",100,21,5708.995117,8108.382812,-110.076042,-0.006714,-1.182133,27.7778,6.7,-0.100218,"{""type"":""M"",""msg"":""FADE0"",""time"":20.6204,""dist"":0.411698}",4.338802,4.238584,4.238584,24.6,17,-0.021574,17,-0.100218,0.01123,-0.017293,-0.006063,-0.0105840681818182,0.00336500720755113,-1.182133,0.016026,-0.398099886363636,0.386045614543105,3.039159,0.02475
19.904701,"P18","SO_1.2",100,22,5716.34668,8130.344727,-108.486839,-0.002197,-1.169425,27.7785,8.3,-0.20208,"{""type"":""M"",""msg"":""FADE0"",""time"":19.8035,""dist"":0.387999}",3.536045,3.333965,3.333965,13.9,18.2,-0.071618,13.9,-0.20208,0.020069,-0.022266,-0.002197,-0.00780163888888889,0.00591299829263717,-1.169425,-0.071618,-0.538661583333333,0.371831393778292,4.338802,-1.182133
18.986019,"P18","SO_1.2",100,23,5724.75293,8153.790527,-107.693176,-0.010254,-0.269719,27.7783,8.7,4.2,"{""type"":""M"",""msg"":""FADE0"",""time"":18.941,""dist"":0.364645}",2.626928,6.826928,0,9.2,13.2,-0.115573,9.2,4.2,0.011596,-0.017293,-0.005697,-0.00928348148148148,0.00350449000317253,-0.269719,-0.08849,-0.138907592592593,0.0496737102889053,3.536045,-1.169425
19.489927,"P18","SO_1.2",100,24,5721.514648,8139.643066,-107.140129,-0.005046,0.906856,27.7786,1.3,6.2,"{""type"":""M"",""msg"":""FADE0"",""time"":19.4352,""dist"":0.378858}",3.132469,4.432469,0,3.8,23.7,-0.00664,3.8,1.3,0.016276,-0.018473,-0.002197,-0.0106721875,0.00596987341108292,-0.00664,0.906856,0.60254709375,0.241028620712034,2.626928,-0.269719
19.384792,"P18","SO_1.2",100,25,5725.751465,8153.469727,-106.291199,-0.005208,0.80607,27.778,1.3,5.4,"{""type"":""M"",""msg"":""FADE0"",""time"":19.3441,""dist"":0.364833}",2.632431,3.932431,0,21.3,14.5,0.034922,14.5,1.3,0.008382,-0.011759,-0.003377,-0.00563325925925926,0.00258171014568895,0.034922,0.80607,0.342994037037037,0.249198060204279,3.132469,0.906856
18.969128,"P18","SO_1.2",100,26,5724.812988,8153.04541,-107.091156,-0.004557,0.019805,27.7788,5.9,9.3,"{""type"":""M"",""msg"":""FADE0"",""time"":18.9038,""dist"":0.364799}",2.720991,8.620991,0,4.5,6.6,-0.179162,4.5,5.9,0.020639,-0.020313,0.000326,-0.00736082142857143,0.00596910645992297,-0.179531,0.060686,-0.0320773214285714,0.0857833476165407,2.632431,0.80607
19.998198,"P18","SO_1.2",100,27,5720.750488,8139.39209,-107.598465,-0.0059,0.247135,27.7784,6.5,11.1,"{""type"":""M"",""msg"":""FADE0"",""time"":19.9885,""dist"":0.38057}",3.13325,9.63325,0,4.8,8,-0.139615,4.8,6.5,0.013753,-0.018473,-0.00472,-0.00921121875,0.00417439651991082,-0.139615,0.247135,0.1556805625,0.116948717781642,2.720991,0.019805
20.10412,"P18","SO_1.2",100,28,5715.367188,8125.544434,-108.310722,-0.005697,-0.594911,27.7784,10.1,13.7,"{""type"":""M"",""msg"":""FADE0"",""time"":20.0852,""dist"":0.395101}",3.736755,13.836755,0,9.1,12.8,-0.301328,9.1,10.1,0.015299,-0.019653,-0.004354,-0.00795502631578947,0.00464936672518255,-0.594911,-0.229608,-0.379508789473684,0.13096862789938,3.13325,0.247135
19.591778,"P18","SO_1.2",100,29,5719.926758,8138.953613,-107.921585,-0.006063,-0.409742,27.7783,11.5,15.5,"{""type"":""M"",""msg"":""FADE0"",""time"":19.4992,""dist"":0.378949}",3.132939,14.632939,0,7,10.3,-0.199449,7,11.5,0.01294,-0.01766,-0.00472,-0.00856015625,0.00434234161677013,-0.409742,-0.114147,-0.22837609375,0.0997586906959891,3.736755,-0.594911
18.576944,"P19","SO_1.2",100,1,5727.888672,8161.65332,-106.90152,-0.009399,0.431885,27.7778,17.4,12.2,"{""type"":""M"",""msg"":""FADE0"",""time"":18.4797,""dist"":0.354819}",2.326034,14.526034,0,9.3,15.1,0.410424,9.3,12.2,0.003173,-0.009399,-0.006226,-0.007759875,0.00125817114728862,0.395348,0.431885,0.407047541666667,0.0109539340520007,NA,NA
18.870096,"P19","SO_1.2",100,2,5725.14502,8153.006348,-107.443031,-0.0059,0.34168,27.7782,8.8,13.6,"{""type"":""M"",""msg"":""FADE0"",""time"":18.8632,""dist"":0.366408}",2.625091,11.425091,0,9.7,7,0.583356,7,8.8,0.006551,-0.012451,-0.0059,-0.00881618518518519,0.00186415194240906,0.34168,0.584353,0.474800037037037,0.0812528176488864,2.326034,0.431885
18.571234,"P19","SO_1.2",100,3,5729.291992,8167.080566,-106.955605,-0.008219,0.202032,27.7782,59.1,16.3,"{""type"":""M"",""msg"":""FADE0"",""time"":18.5364,""dist"":0.35094}",2.125311,18.425311,0,14.1,9.9,0.314238,9.9,16.3,0.003377,-0.011434,-0.008057,-0.00955118181818182,0.00120547728687748,0.202032,0.32286,0.284319181818182,0.0385603503276869,2.625091,0.34168
18.607653,"P19","SO_1.2",100,4,5727.999512,8163.125488,-106.791611,-0.008586,0.111883,27.7779,30.5,19.9,"{""type"":""M"",""msg"":""FADE0"",""time"":18.5993,""dist"":0.355827}",2.218111,22.118111,0,19.9,26.5,0.214635,19.9,19.9,0.003703,-0.009074,-0.005371,-0.006737,0.00133795753431728,0.096421,0.214635,0.125412173913043,0.0352515455440057,2.125311,0.202032
18.363638,"P19","SO_1.2",100,5,5729.350586,8168.512695,-107.193047,-0.007894,-0.157991,27.7778,51.5,7.5,"{""type"":""M"",""msg"":""FADE0"",""time"":18.3124,""dist"":0.34908}",2.119282,9.619282,0,12.9,8.1,0.264747,8.1,7.5,0.003174,-0.010742,-0.007568,-0.009294,0.00111914035887244,-0.157991,0.264747,0.0719804545454545,0.132859685062933,2.218111,0.111883
18.686636,"P19","SO_1.2",100,6,5727.138184,8160.97998,-107.550896,-0.010905,-0.101968,27.7777,7.7,4,"{""type"":""M"",""msg"":""FADE0"",""time"":18.6222,""dist"":0.356572}",2.325626,6.325626,0,12.6,8.2,0.349032,8.2,4,0.00472,-0.011597,-0.006877,-0.00966058333333333,0.00159883155478609,-0.101968,0.349032,0.143999791666667,0.142093034070297,2.119282,-0.157991
18.797081,"P19","SO_1.2",100,7,5726.166016,8156.47168,-107.039375,-0.008423,0.300354,27.7778,1e+06,28.3,"{""type"":""M"",""msg"":""FADE0"",""time"":18.7608,""dist"":0.361932}",2.52944,30.82944,0,13.6,9.1,0.208909,9.1,28.3,0.003214,-0.010091,-0.006877,-0.00797542307692308,0.00108352145057039,0.208843,0.300354,0.244699961538462,0.0294594552176116,2.325626,-0.101968
19.197262,"P19","SO_1.2",100,8,5723.005859,8147.886719,-107.910172,-0.007894,-0.180994,27.778,48.5,8.3,"{""type"":""M"",""msg"":""FADE0"",""time"":19.1764,""dist"":0.371504}",2.836378,11.136378,0,11.6,7.4,0.292206,7.4,8.3,0.003215,-0.010254,-0.007039,-0.00887744827586207,0.00103906769978143,-0.180994,0.292206,0.0768928620689655,0.145209266067415,2.52944,0.300354
19.125389,"P19","SO_1.2",100,9,5723.141602,8146.907715,-107.541382,-0.008423,0.249508,27.7779,33.1,19.4,"{""type"":""M"",""msg"":""FADE0"",""time"":19.0523,""dist"":0.370934}",2.935898,22.335898,0,21.3,15.6,0.063169,15.6,19.4,0.003337,-0.010905,-0.007568,-0.00921223333333333,0.00115739316728507,0.063169,0.250712,0.191033866666667,0.0587633017896628,2.836378,-0.180994
19.191778,"P19","SO_1.2",100,10,5722.751953,8146.532715,-107.969673,-0.008219,-0.017215,27.7778,18.6,8.1,"{""type"":""M"",""msg"":""FADE0"",""time"":19.1008,""dist"":0.370927}",2.932543,11.032543,0,12.9,8.8,0.337951,8.8,8.1,0.003702,-0.010579,-0.006877,-0.00932753333333333,0.00114007089112108,-0.017215,0.337951,0.193125533333333,0.109079135664713,2.935898,0.249508
19.575113,"P19","SO_1.2",100,11,5723.722656,8149.037109,-107.550911,-0.008586,0.164758,27.7778,22.4,13.2,"{""type"":""M"",""msg"":""FADE0"",""time"":19.4992,""dist"":0.36865}",2.833679,16.033679,0,11.4,17.5,0.255183,11.4,13.2,0.003214,-0.010091,-0.006877,-0.00834427586206896,0.00116362450670774,0.164758,0.255183,0.214465724137931,0.026050567675329,2.932543,-0.017215
19.106312,"P19","SO_1.2",100,12,5723.547852,8149.437988,-108.049385,-0.008911,-0.131511,27.7781,10.4,4.8,"{""type"":""M"",""msg"":""FADE0"",""time"":19.0715,""dist"":0.369464}",2.828461,7.628461,0,12.6,20.8,0.321259,12.6,4.8,0.004679,-0.012085,-0.007406,-0.010136,0.00130642210417832,-0.131511,0.322318,0.170927034482759,0.146765914828556,2.833679,0.164758
19.276537,"P19","SO_1.2",100,13,5722.529297,8146.004883,-108.092239,-0.008423,-0.073581,27.7781,13.8,6.1,"{""type"":""M"",""msg"":""FADE0"",""time"":19.2108,""dist"":0.37217}",2.936293,9.036293,0,14.6,10.6,0.16805,10.6,6.1,0.004842,-0.013265,-0.008423,-0.0107435666666667,0.00180179787000868,-0.073581,0.227684,0.137954366666667,0.0901032716247396,2.828461,-0.131511
18.969261,"P19","SO_1.2",100,14,5724.680176,8153.068359,-107.500237,-0.008057,-0.121765,27.778,49.9,15.2,"{""type"":""M"",""msg"":""FADE0"",""time"":18.9253,""dist"":0.365382}",2.621786,17.821786,0,15.7,9.9,0.227672,9.9,15.2,0.004191,-0.010579,-0.006388,-0.00846507407407407,0.00151831156035314,-0.121765,0.227672,0.0553624444444444,0.110298523361806,2.936293,-0.073581
19.394968,"P19","SO_1.2",100,15,5721.566406,8142.188477,-107.442818,-0.006226,0.175273,27.7779,6.9,11.8,"{""type"":""M"",""msg"":""FADE0"",""time"":19.3275,""dist"":0.376041}",3.032639,9.932639,0,33.3,22.5,-0.081885,22.5,6.9,0.003662,-0.009562,-0.0059,-0.00785706451612903,0.00131679107265817,-0.081885,0.175273,0.0211626774193548,0.0794895891352602,2.621786,-0.121765
19.400843,"P19","SO_1.2",100,16,5721.077148,8142.251953,-108.050949,-0.006226,-0.321532,27.778,14.4,18.5,"{""type"":""M"",""msg"":""FADE0"",""time"":19.3667,""dist"":0.377061}",3.027356,17.427356,0,22.8,13.7,0.222307,13.7,14.4,0.006388,-0.012614,-0.006226,-0.00863948387096774,0.00188078240582597,-0.321532,0.222307,-0.0338279677419355,0.173773329530068,3.032639,0.175273
19.778915,"P19","SO_1.2",100,17,5717.664551,8131.063477,-108.433838,-0.007731,-0.139583,27.778,36.5,41.7,"{""type"":""M"",""msg"":""FADE0"",""time"":19.6823,""dist"":0.387032}",3.432035,39.932035,0,19.7,28.3,0.164142,19.7,36.5,0.007405,-0.013102,-0.005697,-0.00869831428571429,0.00188500631566158,-0.139583,0.164142,0.0432098,0.083744691403589,3.027356,-0.321532
19.98867,"P19","SO_1.2",100,18,5717.577637,8132.158691,-108.676674,-0.009074,-0.566257,27.7779,8.8,2.9,"{""type"":""M"",""msg"":""FADE0"",""time"":19.8924,""dist"":0.385978}",3.435186,6.335186,0,10.6,6.5,0.023678,6.5,2.9,0.003052,-0.011271,-0.008219,-0.00944934285714286,0.000966097910726052,-0.566257,0.023678,-0.205142285714286,0.179526373224361,3.432035,-0.139583
19.087814,"P19","SO_1.2",100,19,5724.786133,8152.924316,-107.232422,-0.010254,0.027231,27.7778,12.5,8,"{""type"":""M"",""msg"":""FADE0"",""time"":18.9871,""dist"":0.363921}",2.72578,10.72578,0,18.3,25.5,-0.012265,18.3,8,0.00472,-0.010254,-0.005534,-0.00777042857142857,0.00161936673559099,-0.053094,0.027231,-0.0255838928571429,0.0251861000970616,3.435186,-0.566257
19.568441,"P19","SO_1.2",100,20,5719.225098,8135.383789,-108.001297,-0.008219,0.016343,27.7775,51.5,24.4,"{""type"":""M"",""msg"":""FADE0"",""time"":19.5667,""dist"":0.385073}",3.333355,27.733355,0,29.5,39.6,0.029398,29.5,24.4,0.005574,-0.011108,-0.005534,-0.00822297058823529,0.00149922583022633,-0.02221,0.029398,0.00552255882352941,0.0164732636114277,2.72578,0.027231
19.591299,"P19","SO_1.2",100,21,5719.112793,8136.634766,-108.363411,-0.008911,-0.482108,27.7778,10.8,4,"{""type"":""M"",""msg"":""FADE0"",""time"":19.5851,""dist"":0.383778}",3.229525,7.229525,0,12.5,16.9,-0.042663,12.5,4,0.004882,-0.011108,-0.006226,-0.00858439393939394,0.00165402871686441,-0.482108,-0.042663,-0.239570727272727,0.128328747911437,3.333355,0.016343
19.322462,"P19","SO_1.2",100,22,5722.225098,8143.928711,-107.247955,-0.006877,0.2801,27.7778,6.5,12.5,"{""type"":""M"",""msg"":""FADE0"",""time"":19.2515,""dist"":0.374094}",3.02821,9.52821,0,22.3,30.5,0.135963,22.3,6.5,0.004557,-0.008911,-0.004354,-0.00665487096774194,0.00153586726296981,0.083698,0.2801,0.130924419354839,0.057028532700029,3.229525,-0.482108
19.399687,"P19","SO_1.2",100,23,5722.503418,8145.546875,-107.697357,-0.010417,0.047767,27.7778,10.9,6.7,"{""type"":""M"",""msg"":""FADE0"",""time"":19.3857,""dist"":0.374072}",2.930622,9.630622,0,18.3,25,0.189777,18.3,6.7,0.005534,-0.010905,-0.005371,-0.00794013333333333,0.0016685898802599,0.047767,0.189777,0.103201733333333,0.0390175370269649,3.02821,0.2801
19.816473,"P19","SO_1.2",100,24,5718.149902,8131.915039,-107.959999,-0.006551,0.067221,27.7779,9.1,14.3,"{""type"":""M"",""msg"":""FADE0"",""time"":19.7368,""dist"":0.386541}",3.429352,12.529352,0,27,18.4,0.005104,18.4,9.1,0.005046,-0.010254,-0.005208,-0.00822528571428571,0.00170070489834671,0.005104,0.067221,0.0356509714285714,0.01870132802061,2.930622,0.047767
19.716568,"P19","SO_1.2",100,25,5718.858887,8133.304688,-107.838188,-0.006226,0.313062,27.7776,6.7,11.9,"{""type"":""M"",""msg"":""FADE0"",""time"":19.6908,""dist"":0.386515}",3.333181,10.033181,0,12,8,0.258014,8,6.7,0.00472,-0.010417,-0.005697,-0.00751691176470588,0.00146213818871121,0.211646,0.313062,0.239696705882353,0.0278467161912881,3.429352,0.067221
19.683294,"P19","SO_1.2",100,26,5719.590332,8137.212402,-108.155495,-0.009928,-0.200327,27.7775,10.4,5.4,"{""type"":""M"",""msg"":""FADE0"",""time"":19.5811,""dist"":0.380397}",3.23526,8.63526,0,13.7,8.2,-0.00664,8.2,5.4,0.004028,-0.010905,-0.006877,-0.00860172727272727,0.00137944251132313,-0.200327,-0.00664,-0.0976025454545454,0.0518503672956439,3.333181,0.313062
19.414522,"P19","SO_1.2",100,27,5721.567871,8143.550781,-108.300468,-0.008911,-0.252537,27.7779,9.8,4.1,"{""type"":""M"",""msg"":""FADE0"",""time"":19.3964,""dist"":0.376109}",3.035744,7.135744,0,11.7,18.7,0.15005,11.7,4.1,0.004679,-0.011922,-0.007243,-0.0101422903225806,0.00116535800489373,-0.252537,0.157963,0.030397,0.129185403210528,3.23526,-0.200327
19.682264,"P19","SO_1.2",100,28,5720.177246,8137.44043,-107.707367,-0.008586,0.296288,27.7781,35.2,23.5,"{""type"":""M"",""msg"":""FADE0"",""time"":19.6391,""dist"":0.381666}",3.237081,26.737081,0,15.1,9.9,0.011811,9.9,23.5,0.006185,-0.010905,-0.00472,-0.008101,0.00192343382716952,0.011811,0.296288,0.151030363636364,0.103452983789684,3.035744,-0.252537
19.279377,"P19","SO_1.2",100,29,5722.333008,8143.995605,-107.434181,-0.010091,0.35873,27.7778,14.9,10.7,"{""type"":""M"",""msg"":""FADE0"",""time"":19.1918,""dist"":0.373546}",3.027811,13.727811,0,15.6,10.4,0.242494,10.4,10.7,0.005737,-0.010091,-0.004354,-0.00772067741935484,0.0018397199675874,0.230621,0.35873,0.258951741935484,0.0394163181021666,3.237081,0.296288
20.993532,"P20","SO_1.2",100,1,5708.298828,8098.946777,-108.30957,-0.005697,1.286686,27.7779,-0.303568,4.4,"{""type"":""M"",""msg"":""FADE0"",""time"":20.9732,""dist"":0.422642}",4.643673,4.340105,4.340105,7.4,11.6,-0.001814,7.4,-0.303568,0.00236,-0.007894,-0.005534,-0.00664123404255319,0.000582328430144916,-0.001814,1.286686,0.509666574468085,0.392496915834448,NA,NA
19.22607,"P20","SO_1.2",100,2,5726.415527,8156.34668,-106.231491,-0.004883,0.591596,27.7779,2.1,5.8,"{""type"":""M"",""msg"":""FADE0"",""time"":19.1812,""dist"":0.361738}",2.522874,4.622874,0,7.6,12,-0.142721,7.6,2.1,0.002157,-0.006877,-0.00472,-0.00612084615384615,0.000494672311115768,-0.142721,0.591596,0.163480192307692,0.227543326393901,4.643673,1.286686
18.772837,"P20","SO_1.2",100,3,5728.015137,8161.42041,-107.119804,-0.013957,0.616938,27.7778,7.8,5.5,"{""type"":""M"",""msg"":""FADE0"",""time"":18.6742,""dist"":0.35497}",2.32378,7.82378,0,17.2,13.6,0.247027,13.6,5.5,0.004191,-0.013957,-0.009766,-0.0116186666666667,0.000980067551649937,0.247027,0.629112,0.510411791666667,0.123776857766034,2.522874,0.591596
19.297619,"P20","SO_1.2",100,4,5722.226562,8144.765625,-108.078224,-0.010742,0.011621,27.7779,8.4,4.7,"{""type"":""M"",""msg"":""FADE0"",""time"":19.2213,""dist"":0.373174}",2.925795,7.625795,0,10.9,7.3,0.395401,7.3,4.7,0.003337,-0.010905,-0.007568,-0.00932203333333333,0.000758208527559779,0.011621,0.395401,0.234366666666667,0.11346177897708,2.32378,0.616938
19.914095,"P20","SO_1.2",100,5,5715.981445,8126.94043,-109.21151,-0.011271,-0.467045,27.7778,5.5,2.1,"{""type"":""M"",""msg"":""FADE0"",""time"":19.8569,""dist"":0.392581}",3.638622,5.738622,0,9,6.1,0.312693,6.1,2.1,0.004191,-0.012614,-0.008423,-0.010386972972973,0.00111081150232328,-0.467045,0.312693,0.0470701351351351,0.236639943059089,2.925795,0.011621
19.384436,"P20","SO_1.2",100,6,5721.425293,8141.479004,-107.780571,-0.007894,0.250486,27.7779,30.9,39.2,"{""type"":""M"",""msg"":""FADE0"",""time"":19.3664,""dist"":0.378183}",3.135146,34.035146,0,16.5,10.8,0.340436,10.8,30.9,0.002848,-0.009399,-0.006551,-0.0080845625,0.000865073032065184,0.250486,0.340436,0.2765803125,0.0250042145162893,3.638622,-0.467045
19.984758,"P20","SO_1.2",100,7,5716.347656,8126.009766,-108.068604,-0.006226,0.194408,27.7779,6.9,11.8,"{""type"":""M"",""msg"":""FADE0"",""time"":19.975,""dist"":0.39466}",3.629778,10.529778,0,6.8,9.9,-0.327798,6.8,6.9,0.006917,-0.011271,-0.004354,-0.0078642972972973,0.00183698368203097,-0.327798,0.194408,-0.0557627837837838,0.176145247446869,3.135146,0.250486
20.390207,"P20","SO_1.2",100,8,5712.597656,8117.375488,-109.200378,-0.008586,-0.651769,27.7779,10.1,2.7,"{""type"":""M"",""msg"":""FADE0"",""time"":20.3193,""dist"":0.402353}",4.041889,6.741889,0,11.1,6.8,0.249789,6.8,2.7,0.002848,-0.010091,-0.007243,-0.00867092682926829,0.000548153645898844,-0.651769,0.249789,-0.165240853658537,0.268643422030259,3.629778,0.194408
20.131596,"P20","SO_1.2",100,9,5717.029785,8130.098145,-108.761398,-0.009766,-0.448594,27.7778,8,3.1,"{""type"":""M"",""msg"":""FADE0"",""time"":20.0998,""dist"":0.389954}",3.537806,6.637806,0,15.2,9.3,0.182271,9.3,3.1,0.002034,-0.010091,-0.008057,-0.00921066666666667,0.000551629171506677,-0.448594,0.182271,-0.0766391944444444,0.186228772687914,4.041889,-0.651769
19.498787,"P20","SO_1.2",100,10,5720.818359,8139.73877,-108.026077,-0.009074,0.197494,27.7778,15,8.9,"{""type"":""M"",""msg"":""FADE0"",""time"":19.4134,""dist"":0.378152}",3.126589,12.026589,0,19.4,13.8,0.206256,13.8,8.9,0.002198,-0.010417,-0.008219,-0.0094056875,0.000571753411629241,0.197494,0.295172,0.259162875,0.0298555591373403,3.537806,-0.448594
21.305595,"P20","SO_1.2",100,11,5706.44873,8094.500488,-108.774437,-0.008586,1.006954,27.7777,0.8,19,"{""type"":""M"",""msg"":""FADE0"",""time"":21.2205,""dist"":0.425622}",4.859224,5.659224,0,16.8,11.1,0.145688,11.1,0.8,0.004028,-0.009399,-0.005371,-0.00698971428571429,0.00100280940778063,0.140788,1.006954,0.400063448979592,0.276872463859796,3.126589,0.197494
19.195749,"P20","SO_1.2",100,12,5722.416016,8145.979004,-107.849777,-0.009074,-0.16889,27.7779,13,6.6,"{""type"":""M"",""msg"":""FADE0"",""time"":19.1058,""dist"":0.371584}",2.933538,9.533538,0,14.8,9.2,0.16653,9.2,6.6,0.002523,-0.009766,-0.007243,-0.00866016666666667,0.000739715792735959,-0.16889,0.16653,0.0100409333333333,0.0986000638706981,4.859224,1.006954
19.396973,"P20","SO_1.2",100,13,5720.754883,8141.649414,-108.427406,-0.010579,-0.45311,27.7775,6.7,2.6,"{""type"":""M"",""msg"":""FADE0"",""time"":19.3374,""dist"":0.377038}",3.029913,5.629913,0,12.5,7.7,0.195784,7.7,2.6,0.002034,-0.011108,-0.009074,-0.00953732258064516,0.000697964200949054,-0.45311,0.195784,-0.0868792903225806,0.195179744189844,2.933538,-0.16889
19.892387,"P20","SO_1.2",100,14,5718.098633,8131.495605,-108.506851,-0.006714,0.137531,27.7783,16.8,21.9,"{""type"":""M"",""msg"":""FADE0"",""time"":19.8095,""dist"":0.386921}",3.544664,20.344664,0,16.8,12.5,0.347834,12.5,16.8,0.005045,-0.011759,-0.006714,-0.00996566666666667,0.001243213692699,0.137531,0.454275,0.360440583333333,0.0944317861102091,3.029913,-0.45311
20.229273,"P20","SO_1.2",100,15,5715.151855,8123.440918,-108.461205,-0.005534,-0.139687,27.7781,9,12.8,"{""type"":""M"",""msg"":""FADE0"",""time"":20.157,""dist"":0.395732}",3.738218,12.738218,0,13.6,21.7,-0.059742,13.6,9,0.007405,-0.012939,-0.005534,-0.00859731578947368,0.00186360270248702,-0.139687,0.024992,-0.0369611315789474,0.0507191573823621,3.544664,0.137531
20.100311,"P20","SO_1.2",100,16,5715.213379,8124.35791,-109.100121,-0.009074,-0.38293,27.7776,8.5,3.2,"{""type"":""M"",""msg"":""FADE0"",""time"":20.0668,""dist"":0.395933}",3.739036,6.939036,0,28.9,17,0.180561,17,3.2,0.005371,-0.01359,-0.008219,-0.00949142105263158,0.00131686003753768,-0.38293,0.180561,-0.03113,0.162629343838199,3.738218,-0.139687
19.888763,"P20","SO_1.2",100,17,5716.789551,8129.388184,-109.487816,-0.013428,-0.470332,27.7776,4.1,1.6,"{""type"":""M"",""msg"":""FADE0"",""time"":19.8193,""dist"":0.389667}",3.636039,5.236039,0,11.9,8.6,0.355108,8.6,1.6,0.002849,-0.013428,-0.010579,-0.0119914324324324,0.00056514002888864,-0.470332,0.401835,0.162139189189189,0.266282574146112,3.739036,-0.38293
19.6989,"P20","SO_1.2",100,18,5719.90625,8135.120605,-106.799515,-0.005046,0.769059,27.7777,1.2,4.9,"{""type"":""M"",""msg"":""FADE0"",""time"":19.6819,""dist"":0.384695}",3.331358,4.531358,0,6.8,9.8,-0.306326,6.8,1.2,0.004558,-0.008586,-0.004028,-0.005291,0.00120220370885127,-0.306326,0.769059,0.0739855,0.340617620030478,3.636039,-0.470332
20.820326,"P20","SO_1.2",100,19,5717.425781,8130.758789,-108.322945,-0.009562,-0.269738,27.7775,11.8,6.1,"{""type"":""M"",""msg"":""FADE0"",""time"":20.748,""dist"":0.388096}",3.458788,9.558788,0,15.5,20.3,0.104161,15.5,6.1,0.003011,-0.009562,-0.006551,-0.00761357142857143,0.000973672649596068,-0.269738,0.104161,-0.1244216,0.106006184375974,3.331358,0.769059
20.92297,"P20","SO_1.2",100,20,5707.646973,8101.714355,-109.376526,-0.005208,-0.262488,27.7781,9.3,12.8,"{""type"":""M"",""msg"":""FADE0"",""time"":20.8685,""dist"":0.419227}",4.64246,13.94246,0,18.7,12.6,0.117878,12.6,9.3,0.005371,-0.010579,-0.005208,-0.00852672340425532,0.00154409525644051,-0.262488,0.12828,0.0047876595744681,0.134607355415713,3.458788,-0.269738
19.737965,"P20","SO_1.2",100,21,5718.769043,8133.67334,-108.41777,-0.009074,0.102319,27.7781,12.8,7,"{""type"":""M"",""msg"":""FADE0"",""time"":19.684,""dist"":0.385413}",3.331877,10.331877,0,7.5,13.2,0.231278,7.5,7,0.004191,-0.010905,-0.006714,-0.00970691176470588,0.000793531667377002,0.102319,0.314198,0.2564105,0.0594187522396097,4.64246,-0.262488
20.313993,"P20","SO_1.2",100,22,5714.827637,8120.079102,-108.364716,-0.002035,0.618115,27.7782,3,6.3,"{""type"":""M"",""msg"":""FADE0"",""time"":20.2126,""dist"":0.398249}",3.946798,6.946798,0,29.3,24.1,0.302069,24.1,3,0.009887,-0.011922,-0.002035,-0.009012875,0.00240239530242268,0.302069,0.633979,0.560021525,0.0930178407880507,3.331877,0.102319
19.786688,"P20","SO_1.2",100,23,5718.401367,8134.143555,-108.561974,-0.009074,-0.395739,27.778,9.7,3.8,"{""type"":""M"",""msg"":""FADE0"",""time"":19.7503,""dist"":0.38556}",3.337166,7.137166,0,14.4,20.6,0.15166,14.4,3.8,0.003378,-0.010417,-0.007039,-0.009178,0.000716691176466016,-0.395739,0.15166,-0.0623570588235294,0.165608647312095,3.946798,0.618115
20.905888,"P20","SO_1.2",100,24,5709.150879,8107.035156,-109.390556,-0.009399,-0.583087,27.7779,9.8,3.6,"{""type"":""M"",""msg"":""FADE0"",""time"":20.8949,""dist"":0.41488}",4.349131,7.949131,0,32.5,39.9,-0.040886,32.5,3.6,0.002848,-0.009562,-0.006714,-0.00840904545454545,0.000705542672701031,-0.583087,-0.040886,-0.293305068181818,0.157222595664872,3.337166,-0.395739
20.630886,"P20","SO_1.2",100,25,5710.894043,8110.256836,-108.554169,-0.007243,0.036048,27.7779,9,15.6,"{""type"":""M"",""msg"":""FADE0"",""time"":20.5731,""dist"":0.409996}",4.241489,13.241489,0,15.5,21.1,0.052484,15.5,9,0.002889,-0.008586,-0.005697,-0.00695518604651163,0.000696170725360011,-0.113953,0.052484,-0.055901976744186,0.0498477742477217,4.349131,-0.583087
21.440279,"P20","SO_1.2",100,26,5704.257324,8088.737793,-108.930534,-0.00472,0.870099,27.7778,1.2,5.6,"{""type"":""M"",""msg"":""FADE0"",""time"":21.3828,""dist"":0.432525}",5.054415,6.254415,0,15.4,10.6,0.363817,10.6,1.2,0.005046,-0.009766,-0.00472,-0.00689182352941176,0.00134220419766714,0.346831,0.870099,0.469460882352941,0.148968072462343,4.241489,0.036048
20.587162,"P20","SO_1.2",100,27,5712.22998,8112.912109,-108.546959,-0.006877,0.443674,27.7777,6.7,13.3,"{""type"":""M"",""msg"":""FADE0"",""time"":20.5287,""dist"":0.407077}",4.241005,10.941005,0,12.8,9,0.186006,9,6.7,0.004679,-0.010742,-0.006063,-0.00805288372093023,0.00128391972767367,0.186006,0.443674,0.291057093023256,0.0684839905649884,5.054415,0.870099
21.424938,"P20","SO_1.2",100,28,5702.339355,8089.785645,-110.898056,-0.009928,-1.326733,27.7776,3.5,-0.304857,"{""type"":""M"",""msg"":""FADE0"",""time"":21.4076,""dist"":0.433257}",5.059562,4.754705,4.754705,17.1,10.4,0.28015,10.4,-0.304857,0.002319,-0.010905,-0.008586,-0.00975041176470588,0.00063338235455278,-1.326733,0.28015,-0.33560962745098,0.476019180498306,4.241005,0.443674
19.223274,"P20","SO_1.2",100,29,5724.444824,8150.59375,-107.433853,-0.009399,0.391178,27.778,15.9,10.6,"{""type"":""M"",""msg"":""FADE0"",""time"":19.1728,""dist"":0.367696}",2.725538,13.325538,0,9.2,17,0.287545,9.2,10.6,0.002685,-0.010091,-0.007406,-0.00909128571428571,0.000617513104203007,0.287545,0.398549,0.369057607142857,0.0348137877096388,5.059562,-1.326733
19.704456,"P20","SO_1.2",100,30,5719.07959,8133.080078,-107.590027,-0.007039,0.597328,27.7777,4.4,11.4,"{""type"":""M"",""msg"":""FADE0"",""time"":19.665,""dist"":0.386319}",3.432132,7.832132,0,19.5,13.1,0.292542,13.1,4.4,0.002523,-0.009074,-0.006551,-0.00711485714285714,0.000670780280623953,0.281649,0.597328,0.372580428571429,0.0996374034830311,2.725538,0.391178
18.591619,"P21","SO_1.2",100,1,5727.604004,8162.660645,-107.110306,-0.007243,-0.137658,27.7778,19.5,25.6,"{""type"":""M"",""msg"":""FADE0"",""time"":18.5657,""dist"":0.355885}",2.221748,21.721748,0,15.4,9.5,0.151792,9.5,19.5,0.003662,-0.010905,-0.007243,-0.00832204347826087,0.0011367189817533,-0.137658,0.151792,0.00411630434782608,0.0938297583956443,NA,NA
19.22538,"P21","SO_1.2",100,2,5721.775879,8144.046875,-107.684929,-0.007568,-0.192443,27.7779,22.2,29.4,"{""type"":""M"",""msg"":""FADE0"",""time"":19.1319,""dist"":0.373489}",3.036064,25.236064,0,13.2,18.2,0.034666,13.2,22.2,0.001506,-0.008057,-0.006551,-0.00759593548387097,0.00042894319246911,-0.192443,0.034666,-0.103259548387097,0.0677785439943147,2.221748,-0.137658
19.418652,"P21","SO_1.2",100,3,5720.729492,8139.087891,-107.093597,-0.0059,0.329915,27.7776,3.7,8,"{""type"":""M"",""msg"":""FADE0"",""time"":19.4015,""dist"":0.38066}",3.227625,6.927625,0,12.7,16.9,-0.024449,12.7,3.7,0.004028,-0.006063,-0.002035,-0.00533406060606061,0.000982937814010693,-0.103649,0.329915,0.0184667575757576,0.131850122790289,3.036064,-0.192443
18.919136,"P21","SO_1.2",100,4,5725.99707,8157.568848,-107.058884,-0.008057,-0.184348,27.7778,37.7,45.1,"{""type"":""M"",""msg"":""FADE0"",""time"":18.8684,""dist"":0.360532}",2.526304,40.226304,0,30.7,37.2,-0.033121,30.7,37.7,0.001994,-0.008057,-0.006063,-0.00690638461538462,0.000626851885339628,-0.19395,-0.033121,-0.154353769230769,0.0492483690713166,3.227625,0.329915
19.881712,"P21","SO_1.2",100,5,5717.638672,8132.567871,-108.604706,-0.009074,-0.63386,27.7778,9,2.7,"{""type"":""M"",""msg"":""FADE0"",""time"":19.8552,""dist"":0.387563}",3.437595,6.137595,0,15.1,20,0.139069,15.1,2.7,0.002523,-0.009074,-0.006551,-0.00847531428571428,0.000394474093045454,-0.63386,0.139069,-0.234562514285714,0.230037101146797,2.526304,-0.184348
19.588797,"P21","SO_1.2",100,6,5720.116211,8138.191895,-107.931427,-0.008748,0.003796,27.7778,19.7,11.4,"{""type"":""M"",""msg"":""FADE0"",""time"":19.5757,""dist"":0.381873}",3.234248,14.634248,0,12.9,19,0.037814,12.9,11.4,0.001872,-0.008911,-0.007039,-0.00829684848484849,0.000554644149501063,0.003796,0.037814,0.0253949393939394,0.00708674720402189,3.437595,-0.63386
19.412945,"P21","SO_1.2",100,7,5722.474609,8146.57666,-107.644936,-0.007568,-0.28871,27.778,24.5,31.3,"{""type"":""M"",""msg"":""FADE0"",""time"":19.387,""dist"":0.372758}",2.930872,27.430872,0,22.9,28.9,0.064055,22.9,24.5,0.000691,-0.007568,-0.006877,-0.0073851,0.000286395476510222,-0.28871,0.064055,-0.147033833333333,0.106116831613373,3.234248,0.003796
20.301924,"P21","SO_1.2",100,8,5714.060547,8122.019531,-108.848618,-0.008423,-0.734188,27.7778,13,3.1,"{""type"":""M"",""msg"":""FADE0"",""time"":20.2467,""dist"":0.397905}",3.842453,6.942453,0,51.9,10.8,0.027162,10.8,3.1,0.000692,-0.008423,-0.007731,-0.00800566666666667,0.000191080905065634,-0.734188,0.027162,-0.370104,0.224866137680551,2.930872,-0.28871
20.295238,"P21","SO_1.2",100,9,5715.500488,8125.29248,-108.550728,-0.008423,-0.393432,27.7777,19.3,7.7,"{""type"":""M"",""msg"":""FADE0"",""time"":20.216,""dist"":0.393669}",3.739995,11.439995,0,27.1,12.2,0.034624,12.2,7.7,0.000692,-0.008423,-0.007731,-0.00800305263157895,0.00030458522504746,-0.393432,0.034624,-0.201836947368421,0.12469860198461,3.842453,-0.734188
20.293854,"P21","SO_1.2",100,10,5713.724609,8120.496582,-108.946098,-0.009237,-0.571743,27.778,9.7,3.4,"{""type"":""M"",""msg"":""FADE0"",""time"":20.2873,""dist"":0.400833}",3.935164,7.335164,0,25,12.8,-0.095402,12.8,3.4,0.001018,-0.009237,-0.008219,-0.00877365,0.000333937162060661,-0.571743,-0.095402,-0.295107675,0.138396920568303,3.739995,-0.393432
20.577206,"P21","SO_1.2",100,11,5711.666992,8112.651367,-108.829071,-0.008057,-0.011265,27.7777,38.5,44.7,"{""type"":""M"",""msg"":""FADE0"",""time"":20.5462,""dist"":0.408243}",4.241595,42.741595,0,15.8,22.5,0.094787,15.8,38.5,0.000814,-0.008057,-0.007243,-0.00795097674418605,0.000260791605215835,-0.011265,0.094787,0.0257766976744186,0.0287140346019278,3.935164,-0.571743
20.733784,"P21","SO_1.2",100,12,5709.850098,8106.763184,-109.456848,-0.010905,0.165494,27.7778,8.8,5.3,"{""type"":""M"",""msg"":""FADE0"",""time"":20.6853,""dist"":0.413934}",4.442135,9.742135,0,33.9,23.9,0.22694,23.9,5.3,0.002319,-0.010905,-0.008586,-0.00924046666666667,0.000894075337480522,0.165494,0.311445,0.273329933333333,0.035574814570781,4.241595,-0.011265
21.440529,"P21","SO_1.2",100,13,5703.573242,8092.412598,-110.428986,-0.009928,-1.037914,27.7778,5.2,0.4,"{""type"":""M"",""msg"":""FADE0"",""time"":21.3611,""dist"":0.428623}",4.950026,5.350026,0,21.3,11.8,0.015693,11.8,0.4,0.001342,-0.009928,-0.008586,-0.00927984,0.00042617144006436,-1.037914,0.015693,-0.38128304,0.307018945965479,4.442135,0.165494
19.85714,"P21","SO_1.2",100,14,5718.55127,8131.42041,-107.588158,-0.007568,0.609127,27.7778,4.4,13.1,"{""type"":""M"",""msg"":""FADE0"",""time"":19.814,""dist"":0.387937}",3.433869,7.833869,0,9.5,15.5,-0.002263,9.5,4.4,0.000529,-0.007568,-0.007039,-0.00747397142857143,0.000157334130345035,-0.002263,0.609127,0.262663742857143,0.188003213713199,4.950026,-1.037914
19.576069,"P21","SO_1.2",100,15,5719.435547,8138.208496,-109.139946,-0.011597,-0.672852,27.7778,4.3,1.2,"{""type"":""M"",""msg"":""FADE0"",""time"":19.5011,""dist"":0.380272}",3.229893,4.429893,0,22.9,15.5,0.117081,15.5,1.2,0.00354,-0.012451,-0.008911,-0.0117914848484848,0.00118437766150656,-0.672852,0.129536,-0.0936065454545455,0.249891480411134,3.433869,0.609127
19.217297,"P21","SO_1.2",100,16,5722.67627,8147.306152,-107.19207,-0.006551,-0.307394,27.7778,8.9,13.6,"{""type"":""M"",""msg"":""FADE0"",""time"":19.1771,""dist"":0.371637}",2.931378,11.831378,0,12.9,16.1,-0.051881,12.9,8.9,0.003865,-0.006551,-0.002686,-0.00498586666666667,0.00105315777163444,-0.394512,-0.051881,-0.311054666666667,0.0962860708615427,3.229893,-0.672852
19.223352,"P21","SO_1.2",100,17,5723.855469,8150.555176,-107.60144,-0.009237,-0.163424,27.7779,13.1,6.9,"{""type"":""M"",""msg"":""FADE0"",""time"":19.1561,""dist"":0.367404}",2.731479,9.631479,0,1e+06,22,0.06386,22,6.9,0.001018,-0.009237,-0.008219,-0.00854214285714286,0.000218019658353487,-0.163424,0.06386,-0.0416806428571429,0.0682262977517083,2.931378,-0.307394
19.756304,"P21","SO_1.2",100,18,5719.54834,8135.106934,-107.617874,-0.007406,0.417021,27.778,7.2,15.4,"{""type"":""M"",""msg"":""FADE0"",""time"":19.7486,""dist"":0.385098}",3.427241,10.627241,0,18.2,12.1,0.14829,12.1,7.2,0.001994,-0.009237,-0.007243,-0.00746514285714286,0.000469605475395047,0.14829,0.417021,0.232480571428571,0.0859169184446044,2.731479,-0.163424
19.180231,"P21","SO_1.2",100,19,5723.346191,8149.821777,-108.016464,-0.009237,-0.438179,27.7781,8.9,3.4,"{""type"":""M"",""msg"":""FADE0"",""time"":19.1592,""dist"":0.369532}",2.827528,6.227528,0,12.1,7.3,0.187871,7.3,3.4,0.000692,-0.009766,-0.009074,-0.0091891724137931,0.000178473701337103,-0.438179,0.187871,-0.0939029655172414,0.190007712523256,3.427241,0.417021
19.686018,"P21","SO_1.2",100,20,5719.044434,8136.456543,-108.4534,-0.009399,-0.494082,27.778,8.8,3.3,"{""type"":""M"",""msg"":""FADE0"",""time"":19.623,""dist"":0.382406}",3.338295,6.638295,0,16.7,9.7,0.096128,9.7,3.3,0.000487999999999999,-0.009399,-0.008911,-0.00904520588235294,0.000147205438678299,-0.494082,0.096128,-0.160460588235294,0.176413935239292,2.827528,-0.438179
20.187984,"P21","SO_1.2",100,21,5714.313477,8122.558594,-109.044426,-0.008911,-0.66827,27.7777,8.8,2.4,"{""type"":""M"",""msg"":""FADE0"",""time"":20.1122,""dist"":0.396718}",3.845317,6.245317,0,13.3,8,0.077554,8,2.4,0.000650999999999999,-0.009562,-0.008911,-0.00908651282051282,8.66292377393971e-05,-0.66827,0.077554,-0.237531743589744,0.223663420578629,3.338295,-0.494082
21.320084,"P21","SO_1.2",100,22,5705.578613,8095.152344,-109.635735,-0.008219,-0.047518,27.7778,51.6,15,"{""type"":""M"",""msg"":""FADE0"",""time"":21.3066,""dist"":0.427277}",4.847016,19.847016,0,16.3,23.4,0.298433,16.3,15,0.000976,-0.008219,-0.007243,-0.00808969387755102,0.000267634016591192,-0.047518,0.298433,0.123447918367347,0.0966907189407798,3.845317,-0.66827
21.225096,"P21","SO_1.2",100,23,5706.47168,8098.942383,-109.853371,-0.009237,-0.466769,27.7778,9.4,3.6,"{""type"":""M"",""msg"":""FADE0"",""time"":21.1914,""dist"":0.422787}",4.753628,8.353628,0,30.9,18.3,0.087129,18.3,3.6,0.000814,-0.009237,-0.008423,-0.00895204166666667,0.000356226676479262,-0.466769,0.087129,-0.103442666666667,0.160122783675174,4.847016,-0.047518
21.743448,"P21","SO_1.2",100,24,5700.577148,8084.24707,-110.810097,-0.010254,-1.109064,27.7775,4.7,0.1,"{""type"":""M"",""msg"":""FADE0"",""time"":21.6552,""dist"":0.437133}",5.261362,5.361362,0,11.4,7.2,0.166637,7.2,0.1,0.001506,-0.010417,-0.008911,-0.00941622641509434,0.000417950707505333,-1.109064,0.166637,-0.322838679245283,0.375590874614805,4.753628,-0.466769
19.909155,"P21","SO_1.2",100,25,5717.851074,8129.578125,-107.70784,-0.008057,0.514056,27.7776,6.9,21,"{""type"":""M"",""msg"":""FADE0"",""time"":19.8626,""dist"":0.3898}",3.536064,10.436064,0,12.2,19,0.060127,12.2,6.9,0.000814,-0.008057,-0.007243,-0.00729730555555556,0.000145642580007054,0.060127,0.514056,0.229259194444444,0.141445930807463,5.261362,-1.109064
19.575413,"P21","SO_1.2",100,26,5720.497559,8141.038086,-108.374817,-0.009928,-0.511047,27.7779,7.5,2.8,"{""type"":""M"",""msg"":""FADE0"",""time"":19.5006,""dist"":0.37727}",3.127396,5.927396,0,13.9,8.2,0.172191,8.2,2.8,0.00118,-0.009928,-0.008748,-0.00913090625,0.000311590028348355,-0.511047,0.172191,-0.13398021875,0.203755113156936,3.536064,0.514056
19.598211,"P21","SO_1.2",100,27,5720.296387,8139.485352,-107.843269,-0.008219,-0.218801,27.7778,52.3,20.1,"{""type"":""M"",""msg"":""FADE0"",""time"":19.5078,""dist"":0.378384}",3.137972,23.237972,0,16.9,22.7,-0.047289,16.9,20.1,0.00118,-0.008219,-0.007039,-0.0076715,0.000447512912050158,-0.218801,-0.047289,-0.1596980625,0.0489220976945457,3.127396,-0.511047
20.014761,"P21","SO_1.2",100,28,5714.872559,8126.030762,-109.168114,-0.009074,-1.233685,27.7779,5.1,-0.201611,"{""type"":""M"",""msg"":""FADE0"",""time"":19.9693,""dist"":0.3941}",3.741903,3.540292,3.540292,11.8,6.1,0.020406,6.1,-0.201611,0.000163,-0.009074,-0.008911,-0.00894102631578947,6.40360906863003e-05,-1.233685,0.020406,-0.563693657894737,0.376029695477184,3.137972,-0.218801
22.366587,"P22","SO_1.2",100,1,5697.983398,8077.157715,-111.070984,-0.010254,-1.123922,27.7778,4.7,0,"{""type"":""M"",""msg"":""FADE0"",""time"":22.3039,""dist"":0.445387}",5.569443,5.569443,5.569443,59.2,13.1,0.221538,13.1,0,0.00236,-0.010254,-0.007894,-0.00890380357142857,0.0008335832928801,-1.123922,0.221538,-0.358954196428571,0.374840039811574,NA,NA
18.91054,"P22","SO_1.2",100,2,5725.601562,8155.351074,-107.403763,-0.008911,0.084436,27.7778,16.2,9.3,"{""type"":""M"",""msg"":""FADE0"",""time"":18.8551,""dist"":0.362704}",2.528273,11.828273,0,19.3,26.9,0.285299,19.3,9.3,0.001668,-0.009074,-0.007406,-0.00822738461538462,0.000754788292273964,0.084436,0.285299,0.1810875,0.0568043748753562,5.569443,-1.123922
19.03899,"P22","SO_1.2",100,3,5724.871582,8152.927734,-107.275482,-0.009074,0.107171,27.7775,18.3,11.7,"{""type"":""M"",""msg"":""FADE0"",""time"":18.9603,""dist"":0.364531}",2.623781,14.323781,0,8.4,12.7,0.032117,8.4,11.7,0.003174,-0.009074,-0.0059,-0.00816507407407407,0.000912712185063579,0.031082,0.107171,0.0676979259259259,0.0275097733694855,2.528273,0.084436
19.18379,"P22","SO_1.2",100,4,5723.148926,8146.079102,-107.247879,-0.008219,0.511334,27.7778,16.4,40.4,"{""type"":""M"",""msg"":""FADE0"",""time"":19.1287,""dist"":0.372229}",2.931532,19.331532,0,9.5,15.8,0.185315,9.5,16.4,0.00118,-0.008219,-0.007039,-0.0077813,0.000400123786880493,0.185315,0.511334,0.3285781,0.101053266012961,2.623781,0.107171
20.290091,"P22","SO_1.2",100,5,5714.791504,8122.766602,-109.118584,-0.009562,-0.282093,27.7778,8.3,3.6,"{""type"":""M"",""msg"":""FADE0"",""time"":20.2828,""dist"":0.398324}",3.838591,7.438591,0,15.7,10.2,0.456837,10.2,3.6,0.001505,-0.010091,-0.008586,-0.00922007692307692,0.000549573872464427,-0.282093,0.456837,0.150057794871795,0.214171229557491,2.931532,0.511334
19.312244,"P22","SO_1.2",100,6,5722.394043,8144.412598,-107.777115,-0.009562,0.283901,27.778,13.7,8.7,"{""type"":""M"",""msg"":""FADE0"",""time"":19.2963,""dist"":0.375147}",2.929216,11.629216,0,21.5,32,0.391658,21.5,8.7,0.003011,-0.009562,-0.006551,-0.00850283333333333,0.000735119604780973,0.283901,0.391658,0.349224933333333,0.0285652721927112,3.838591,-0.282093
18.780001,"P22","SO_1.2",100,7,5727.395508,8158.980469,-107.106384,-0.009399,0.736737,27.778,17,12.1,"{""type"":""M"",""msg"":""FADE0"",""time"":18.767,""dist"":0.359874}",2.424153,14.524153,0,19.9,15.5,0.561424,15.5,12.1,0.000529,-0.009928,-0.009399,-0.00979332,0.000134699888641379,0.561424,0.742421,0.68911024,0.0569460784436178,2.929216,0.283901
18.285028,"P22","SO_1.2",100,8,5730.632324,8171.941406,-106.728081,-0.007243,0.099061,27.7779,17.5,24.2,"{""type"":""M"",""msg"":""FADE0"",""time"":18.2742,""dist"":0.34655}",2.018011,19.518011,0,41.4,48.1,0.34638,41.4,17.5,0.000976,-0.008219,-0.007243,-0.007824,0.000397095076776331,0.099061,0.34638,0.214812238095238,0.078609941636478,2.424153,0.736737
18.116179,"P22","SO_1.2",100,9,5731.708008,8174.206543,-106.582207,-0.009074,0.48929,27.7778,18,12.1,"{""type"":""M"",""msg"":""FADE0"",""time"":18.0688,""dist"":0.343098}",1.818446,13.918446,0,21.7,15.1,0.564451,15.1,12.1,0.001506,-0.009074,-0.007568,-0.00860057894736842,0.000577001667221689,0.48929,0.564451,0.527397421052632,0.0237416207237552,2.018011,0.099061
18.714365,"P22","SO_1.2",100,10,5727.495605,8161.053711,-107.235298,-0.008057,0.224721,27.778,50.9,18.6,"{""type"":""M"",""msg"":""FADE0"",""time"":18.6501,""dist"":0.356404}",2.318184,20.918184,0,17.2,11.6,0.474818,11.6,18.6,0.00118,-0.009237,-0.008057,-0.00877558333333333,0.000384752649697537,0.224721,0.474818,0.36188025,0.0785230278947575,1.818446,0.48929
20.392342,"P22","SO_1.2",100,11,5712.554199,8116.255371,-109.15078,-0.008586,-0.333721,27.7778,12.6,5,"{""type"":""M"",""msg"":""FADE0"",""time"":20.3746,""dist"":0.404928}",4.046322,9.046322,0,18,11.2,0.307249,11.2,5,0.000488000000000001,-0.009074,-0.008586,-0.00877234146341463,0.000197695929365794,-0.333721,0.307249,0.0323299512195122,0.190077395937806,2.318184,0.224721
18.417818,"P22","SO_1.2",100,12,5730.532715,8172.652344,-107.516457,-0.010905,-0.214109,27.778,6.1,2.8,"{""type"":""M"",""msg"":""FADE0"",""time"":18.3446,""dist"":0.344164}",1.918224,4.718224,0,8.5,5.5,0.463185,5.5,2.8,0.001342,-0.011759,-0.010417,-0.0107972,0.000449648353833597,-0.214109,0.463185,0.1622666,0.2134052156844,4.046322,-0.333721
18.987186,"P22","SO_1.2",100,13,5725.304199,8154.273438,-107.23365,-0.007406,0.122068,27.7782,15.6,23.3,"{""type"":""M"",""msg"":""FADE0"",""time"":18.9542,""dist"":0.364404}",2.627632,18.227632,0,28.7,17.4,0.310839,17.4,15.6,0.002197,-0.008423,-0.006226,-0.00779607407407407,0.000862707184744445,0.122068,0.310839,0.204766777777778,0.0627201189659472,1.918224,-0.214109
20.027262,"P22","SO_1.2",100,14,5717.062988,8129.569336,-108.67804,-0.009399,-0.250585,27.7777,9.8,4.5,"{""type"":""M"",""msg"":""FADE0"",""time"":19.9418,""dist"":0.388981}",3.538304,8.038304,0,13.1,8.7,0.253199,8.7,4.5,0.001017,-0.010091,-0.009074,-0.00930905555555556,0.000295704190457234,-0.250585,0.253199,0.0569447777777778,0.154479907058881,2.627632,0.122068
20.385576,"P22","SO_1.2",100,15,5711.375977,8117.289062,-110.384178,-0.010579,-1.804585,27.778,1.7,-0.905164,"{""type"":""M"",""msg"":""FADE0"",""time"":20.3645,""dist"":0.404191}",4.032888,3.127724,3.127724,8.6,5.5,0.466547,5.5,-0.905164,0.000854000000000001,-0.011108,-0.010254,-0.0105614146341463,0.000300904135532378,-1.804585,0.466547,-0.498571414634146,0.682293656062072,3.538304,-0.250585
18.414555,"P22","SO_1.2",100,16,5730.345703,8171.23291,-106.954239,-0.008748,0.021592,27.778,14.9,7.8,"{""type"":""M"",""msg"":""FADE0"",""time"":18.3251,""dist"":0.345132}",2.023308,9.823308,0,7.2,4.7,0.449909,4.7,7.8,0.006876,-0.01359,-0.006714,-0.00811290476190476,0.00149611967785876,0.021592,0.449909,0.221027619047619,0.134509622889025,4.032888,-1.804585
20.097303,"P22","SO_1.2",100,17,5714.785156,8123.898926,-108.953049,-0.008586,-0.642182,27.778,10.1,2.8,"{""type"":""M"",""msg"":""FADE0"",""time"":20.026,""dist"":0.395456}",3.739893,6.539893,0,16,8.7,0.268407,8.7,2.8,0.000529,-0.008586,-0.008057,-0.00838342105263158,0.000201335222892668,-0.642182,0.268407,-0.179300315789474,0.268647374413063,2.023308,0.021592
19.087049,"P22","SO_1.2",100,18,5724.523438,8151.944824,-107.319145,-0.007039,0.066038,27.7779,12.7,18.9,"{""type"":""M"",""msg"":""FADE0"",""time"":19.0712,""dist"":0.367326}",2.626861,15.326861,0,17.9,10.9,0.202461,10.9,12.7,0.001872,-0.008911,-0.007039,-0.00764662962962963,0.000364631230797548,0.066038,0.202461,0.112903148148148,0.0423804411952057,3.739893,-0.642182
18.909264,"P22","SO_1.2",100,19,5725.520996,8156.029785,-107.870773,-0.009074,-0.202234,27.7779,9.3,4.1,"{""type"":""M"",""msg"":""FADE0"",""time"":18.8248,""dist"":0.361253}",2.621487,6.721487,0,10.5,7,0.453054,7,4.1,0.001831,-0.010905,-0.009074,-0.00975033333333333,0.000578144445618913,-0.202234,0.453054,0.167271888888889,0.203752881317491,2.626861,0.066038
18.408226,"P22","SO_1.2",100,20,5730.439941,8171.192383,-106.719551,-0.005697,0.128108,27.7781,8.8,13.1,"{""type"":""M"",""msg"":""FADE0"",""time"":18.3327,""dist"":0.345535}",1.918608,10.718608,0,9,6,0.368599,6,8.8,0.006388,-0.012085,-0.005697,-0.0079835,0.00167135899636698,0.128108,0.368599,0.2404515,0.0791570056809151,2.621487,-0.202234
20.033777,"P22","SO_1.2",100,21,5714.609863,8122.979492,-109.233231,-0.009237,-0.52359,27.7778,7.4,2.4,"{""type"":""M"",""msg"":""FADE0"",""time"":19.9521,""dist"":0.396105}",3.738502,6.138502,0,9.7,6.6,0.429387,6.6,2.4,0.00236,-0.011597,-0.009237,-0.00966068421052632,0.000488433962188984,-0.52359,0.429387,0.0405255789473684,0.290494695728532,1.918608,0.128108
18.47533,"P22","SO_1.2",100,22,5728.755859,8166.692871,-107.234093,-0.008911,-0.204856,27.778,11.8,5.4,"{""type"":""M"",""msg"":""FADE0"",""time"":18.4658,""dist"":0.352178}",2.122175,7.522175,0,19.2,10.2,0.238266,10.2,5.4,0.000692,-0.008911,-0.008219,-0.00854295454545455,0.000292812548077586,-0.204856,0.238266,0.0190139090909091,0.136283209428332,3.738502,-0.52359
18.769255,"P22","SO_1.2",100,23,5726.828125,8160.124023,-107.523956,-0.009074,-0.148063,27.7778,11,5.2,"{""type"":""M"",""msg"":""FADE0"",""time"":18.6856,""dist"":0.356973}",2.419058,7.619058,0,13.1,7.9,0.385511,7.9,5.2,0.001343,-0.009237,-0.007894,-0.00852864,0.000495771862856294,-0.148063,0.385511,0.12079632,0.161365650260705,2.122175,-0.204856
19.085413,"P22","SO_1.2",100,24,5724.33252,8151.01709,-107.248993,-0.006877,0.161872,27.7778,9.9,15.9,"{""type"":""M"",""msg"":""FADE0"",""time"":19.0432,""dist"":0.367523}",2.727831,12.627831,0,11.8,17.1,0.237741,11.8,9.9,0.002197,-0.008748,-0.006551,-0.00717903571428571,0.000606408032912619,0.145556,0.237741,0.167639964285714,0.0265855424919498,2.419058,-0.148063
18.694824,"P22","SO_1.2",100,25,5728.169434,8163.862793,-106.987503,-0.008423,0.057028,27.778,26.4,14.5,"{""type"":""M"",""msg"":""FADE0"",""time"":18.6554,""dist"":0.354187}",2.227377,16.727377,0,26.7,17,0.149252,17,14.5,0.000163,-0.008586,-0.008423,-0.00857891304347826,3.39878494913032e-05,0.057028,0.149252,0.108350434782609,0.0286086974598255,2.727831,0.161872
21.33112,"P22","SO_1.2",100,26,5703.334473,8091.116211,-110.292419,-0.009562,-0.825612,27.7778,6.9,1.5,"{""type"":""M"",""msg"":""FADE0"",""time"":21.2824,""dist"":0.430816}",4.94851,6.44851,0,14.4,8.6,0.181013,8.6,1.5,0.001139,-0.009562,-0.008423,-0.00885238,0.000300934319907117,-0.825612,0.181013,-0.24456636,0.292586496133684,2.227377,0.057028
20.943871,"P22","SO_1.2",100,27,5707.646484,8100.92041,-109.161995,-0.007731,0.002865,27.7778,19.1,27.8,"{""type"":""M"",""msg"":""FADE0"",""time"":20.8476,""dist"":0.418802}",4.651831,23.751831,0,21.4,29.6,0.081731,21.4,19.1,0.000489,-0.008057,-0.007568,-0.007731,0.000192264310825986,-0.027976,0.081731,0.000388936170212763,0.0301124642295196,4.94851,-0.825612
19.783655,"P22","SO_1.2",100,28,5717.745605,8130.255859,-107.923019,-0.007406,0.198604,27.778,10.6,18.4,"{""type"":""M"",""msg"":""FADE0"",""time"":19.7793,""dist"":0.390329}",3.536119,14.136119,0,21.6,29.9,0.134754,21.6,10.6,0.000529,-0.007568,-0.007039,-0.00729611111111111,0.000163582181666373,0.072471,0.198604,0.110597111111111,0.0359479709570674,4.651831,0.002865
20.903311,"P22","SO_1.2",100,29,5708.067871,8102.530273,-109.318703,-0.008911,-0.131798,27.778,16.6,9.1,"{""type"":""M"",""msg"":""FADE0"",""time"":20.8602,""dist"":0.418597}",4.549034,13.649034,0,16.6,23.1,-0.079769,16.6,9.1,0.001831,-0.009074,-0.007243,-0.00817167391304348,0.000638521523324619,-0.131798,-0.079769,-0.108561586956522,0.0115254571074953,3.536119,0.198604
19.725262,"P23","SO_1.2",100,1,5718.870605,8133.978027,-108.692291,-0.009562,0.099193,27.7779,9.3,4.9,"{""type"":""M"",""msg"":""FADE0"",""time"":19.6844,""dist"":0.385592}",3.341938,8.241938,0,15.6,11.2,0.643732,11.2,4.9,0.002685,-0.010742,-0.008057,-0.00984105882352941,0.000760521748386113,0.099193,0.643732,0.455058470588235,0.165334696095661,NA,NA
20.497568,"P23","SO_1.2",100,2,5714.213379,8119.134766,-108.169823,-0.006551,0.33946,27.7778,5.6,11.1,"{""type"":""M"",""msg"":""FADE0"",""time"":20.4704,""dist"":0.401464}",3.939201,9.539201,0,31,19,0.246364,19,5.6,0.004557,-0.008911,-0.004354,-0.007151275,0.00122321809673479,0.161038,0.33946,0.2123892,0.044903294336459,3.341938,0.099193
20.703377,"P23","SO_1.2",100,3,5710.590332,8106.808105,-108.30439,-0.005697,0.872566,27.7778,1.4,6.4,"{""type"":""M"",""msg"":""FADE0"",""time"":20.6198,""dist"":0.412808}",4.352087,5.752087,0,18.7,12.6,0.472339,12.6,1.4,0.004191,-0.009074,-0.004883,-0.00658170454545455,0.00107921445547634,0.424466,0.872566,0.529780636363636,0.128318797758695,3.939201,0.33946
19.303925,"P23","SO_1.2",100,4,5721.949707,8144.284668,-108.558319,-0.011434,-0.115926,27.7777,6.1,3,"{""type"":""M"",""msg"":""FADE0"",""time"":19.208,""dist"":0.373262}",3.031996,6.031996,0,14.6,10.2,0.512421,10.2,3,0.002686,-0.012085,-0.009399,-0.0108024193548387,0.000827389218131087,-0.115926,0.512421,0.301376967741936,0.191923060339898,4.352087,0.872566
20.181784,"P23","SO_1.2",100,5,5718.61377,8135.209473,-109.001396,-0.009074,-0.53056,27.7779,6.4,2,"{""type"":""M"",""msg"":""FADE0"",""time"":20.1243,""dist"":0.383982}",3.337958,5.337958,0,10.5,7,0.530584,7,2,0.001831,-0.010905,-0.009074,-0.0100013529411765,0.000710731159263939,-0.53056,0.530584,0.0849308823529412,0.31920535615444,3.031996,-0.115926
19.110329,"P23","SO_1.2",100,6,5724.29541,8150.629395,-107.246742,-0.007243,0.241663,27.7777,10.9,18.2,"{""type"":""M"",""msg"":""FADE0"",""time"":19.0091,""dist"":0.366388}",2.733002,13.633002,0,16.8,23.8,0.341839,16.8,10.9,0.001668,-0.007894,-0.006226,-0.00711071428571429,0.000486428393507803,0.211131,0.341839,0.245858964285714,0.0394560841419101,3.337958,-0.53056
19.096848,"P23","SO_1.2",100,7,5723.659668,8148.65332,-107.614822,-0.007039,0.218519,27.7781,15,21.2,"{""type"":""M"",""msg"":""FADE0"",""time"":19.0688,""dist"":0.370485}",2.830298,17.830298,0,16.3,10.7,0.642386,10.7,15,0.002035,-0.009074,-0.007039,-0.00782227586206896,0.000730404090533439,0.218519,0.642386,0.410824586206897,0.13368140870542,2.733002,0.241663
18.885267,"P23","SO_1.2",100,8,5725.631836,8157.498535,-108.023659,-0.009399,-0.531572,27.7779,6.7,2.2,"{""type"":""M"",""msg"":""FADE0"",""time"":18.8664,""dist"":0.361661}",2.528938,4.728938,0,10.7,6.5,0.354643,6.5,2.2,0.000529,-0.009928,-0.009399,-0.00964480769230769,0.000255461937553252,-0.531572,0.354643,-0.0495736538461539,0.2731483729492,2.830298,0.218519
19.383116,"P23","SO_1.2",100,9,5721.686523,8141.086914,-107.614792,-0.008423,0.621776,27.7778,57.6,33.1,"{""type"":""M"",""msg"":""FADE0"",""time"":19.3364,""dist"":0.377766}",3.131319,36.231319,0,23.4,16.8,0.567786,16.8,33.1,0.002523,-0.008911,-0.006388,-0.00801975,0.000777885429825938,0.562656,0.621776,0.57602175,0.016661385252017,2.528938,-0.531572
19.404854,"P23","SO_1.2",100,10,5720.81543,8141.563965,-107.961075,-0.006714,-0.359895,27.778,16.1,20.8,"{""type"":""M"",""msg"":""FADE0"",""time"":19.3205,""dist"":0.376511}",3.133591,19.233591,0,19.5,9.2,0.207424,9.2,16.1,0.001709,-0.008423,-0.006714,-0.00747665625,0.000567017585741679,-0.359895,0.207424,-0.1139694375,0.168871643231209,3.131319,0.621776
20.001896,"P23","SO_1.2",100,11,5714.361816,8126.371582,-109.995964,-0.011108,-1.841804,27.7779,1.6,-1.007231,"{""type"":""M"",""msg"":""FADE0"",""time"":19.9829,""dist"":0.394697}",3.735817,2.728586,2.728586,32.8,7.4,-0.046624,7.4,-1.007231,0.006022,-0.013265,-0.007243,-0.0103374210526316,0.00194352131843736,-1.841804,-0.046624,-0.796353789473684,0.517063080879137,3.133591,-0.359895
18.975044,"P23","SO_1.2",100,12,5724.965332,8153.571289,-107.279053,-0.006226,0.006096,27.7781,9.7,14.4,"{""type"":""M"",""msg"":""FADE0"",""time"":18.9205,""dist"":0.364659}",2.625543,12.325543,0,12.6,17.6,0.326099,12.6,9.7,0.001831,-0.008057,-0.006226,-0.00706514814814815,0.00073317327701646,0.006096,0.326099,0.132144518518519,0.103556650421723,3.735817,-1.841804
18.767199,"P23","SO_1.2",100,13,5726.716797,8159.729004,-106.934029,-0.006063,-0.127377,27.7778,8.8,13.2,"{""type"":""M"",""msg"":""FADE0"",""time"":18.7358,""dist"":0.358877}",2.422669,11.222669,0,17.3,8.4,0.280249,8.4,8.8,0.003173,-0.008219,-0.005046,-0.00584156,0.00117218574608862,-0.132298,0.280249,0.00136683999999998,0.135971940352498,2.625543,0.006096
19.18272,"P23","SO_1.2",100,14,5724.071777,8151.756836,-107.710747,-0.007406,-0.317168,27.7779,28.6,33.9,"{""type"":""M"",""msg"":""FADE0"",""time"":19.1503,""dist"":0.367208}",2.727964,31.327964,0,12.1,7.1,0.370026,7.1,28.6,0.00236,-0.009237,-0.006877,-0.00769221428571429,0.00080563066425985,-0.317168,0.370026,-0.00214999999999999,0.211609313519567,2.422669,-0.127377
19.270435,"P23","SO_1.2",100,15,5721.695312,8143.927734,-108.092064,-0.007731,-0.241447,27.7778,42.2,7.9,"{""type"":""M"",""msg"":""FADE0"",""time"":19.2367,""dist"":0.375376}",3.03515,10.93515,0,14.5,8.9,0.421331,8.9,7.9,0.001343,-0.009074,-0.007731,-0.00839545161290323,0.000356292748425568,-0.241447,0.421331,0.0936119032258064,0.200792924349499,2.727964,-0.317168
19.08672,"P23","SO_1.2",100,16,5723.427246,8148.84668,-108.04287,-0.008748,-0.069695,27.778,11.5,5.3,"{""type"":""M"",""msg"":""FADE0"",""time"":19.0603,""dist"":0.370406}",2.835557,8.135557,0,16.8,11,0.548807,11,5.3,0.001018,-0.009766,-0.008748,-0.00928141379310345,0.000341313483602201,-0.069695,0.548807,0.278959724137931,0.190071124046255,3.03515,-0.241447
19.107124,"P23","SO_1.2",100,17,5724.257324,8151.789551,-107.988319,-0.009766,-0.154814,27.7778,8.5,4.1,"{""type"":""M"",""msg"":""FADE0"",""time"":19.0061,""dist"":0.365228}",2.73481,6.83481,0,18,11.4,0.379546,11.4,4.1,0.00118,-0.010091,-0.008911,-0.00957810714285714,0.000490434451336976,-0.154814,0.379546,0.156777821428571,0.160802866720819,2.835557,-0.069695
19.271036,"P23","SO_1.2",100,18,5723.937012,8150.458984,-107.724503,-0.007731,-0.058661,27.7778,37.7,42.8,"{""type"":""M"",""msg"":""FADE0"",""time"":19.2056,""dist"":0.367616}",2.725853,40.425853,0,15.6,9.8,0.419337,9.8,37.7,0.001343,-0.009074,-0.007731,-0.00836492857142857,0.000415913624274492,-0.058661,0.419337,0.180708321428571,0.148145542118667,2.73481,-0.154814
18.257387,"P23","SO_1.2",100,19,5731.574219,8174.458008,-106.680069,-0.006877,0.287713,27.7779,13.9,19.9,"{""type"":""M"",""msg"":""FADE0"",""time"":18.1715,""dist"":0.341839}",1.822267,15.722267,0,12.9,8.7,0.547762,8.7,13.9,0.003051,-0.009928,-0.006877,-0.00816794736842105,0.000967235836672055,0.287713,0.547762,0.414493,0.0842185081123304,2.725853,-0.058661
18.702444,"P23","SO_1.2",100,20,5727.837402,8161.41748,-107.125572,-0.008911,0.44747,27.7779,18.3,11.8,"{""type"":""M"",""msg"":""FADE0"",""time"":18.6697,""dist"":0.356895}",2.325888,14.125888,0,21,15,0.540911,15,11.8,0.000163,-0.009074,-0.008911,-0.00896533333333333,7.84915762119215e-05,0.44747,0.542293,0.509358,0.0302801627716606,1.822267,0.287713
19.3491,"P23","SO_1.2",100,21,5723.21582,8148.323242,-108.211494,-0.008219,-0.11764,27.778,11.8,4.8,"{""type"":""M"",""msg"":""FADE0"",""time"":19.2542,""dist"":0.369058}",2.829355,7.629355,0,13.4,8.9,0.664236,8.9,4.8,0.001343,-0.009562,-0.008219,-0.00935841379310345,0.0002729653977602,-0.11764,0.664236,0.314139172413793,0.238570209374376,2.325888,0.44747
19.8237,"P23","SO_1.2",100,22,5730.127441,8170.061523,-106.002472,-0.00354,0.165276,27.7777,3.6,6.6,"{""type"":""M"",""msg"":""FADE0"",""time"":19.7882,""dist"":0.347905}",1.918545,5.518545,0,10.2,14.3,0.077478,10.2,3.6,0.002157,-0.005697,-0.00354,-0.00410975,0.000796362643854115,0.00311,0.165276,0.04901125,0.0465970062093162,2.829355,-0.11764
19.332331,"P23","SO_1.2",100,23,5723.355469,8147.559082,-107.868385,-0.010254,0.251081,27.7778,10.2,6.2,"{""type"":""M"",""msg"":""FADE0"",""time"":19.2309,""dist"":0.369497}",2.829842,9.029842,0,21.8,15.6,0.393911,15.6,6.2,0.00118,-0.010254,-0.009074,-0.009676,0.000474606679261891,0.251081,0.408586,0.37157824137931,0.0459049256636982,1.918545,0.165276
18.489475,"P23","SO_1.2",100,24,5729.630371,8167.16748,-107.071335,-0.010742,0.499378,27.7778,10.2,6.7,"{""type"":""M"",""msg"":""FADE0"",""time"":18.479,""dist"":0.351423}",2.122473,8.822473,0,13,9.7,0.521273,9.7,6.7,0.000529,-0.011271,-0.010742,-0.0109103181818182,0.000240662653910018,0.499378,0.591091,0.561571318181818,0.0276953602343964,2.829842,0.251081
18.272774,"P23","SO_1.2",100,25,5731.542969,8173.077148,-106.919518,-0.010417,0.644369,27.778,10.7,7.1,"{""type"":""M"",""msg"":""FADE0"",""time"":18.2239,""dist"":0.344141}",1.920693,9.020693,0,9.7,7.4,0.657758,7.4,7.1,0.003865,-0.014282,-0.010417,-0.0124207,0.00128465863169949,0.644369,0.763776,0.721336,0.0385304730488535,2.122473,0.499378
18.655994,"P23","SO_1.2",100,26,5727.021484,8161.514648,-107.521538,-0.008423,-0.368723,27.778,12.3,4.4,"{""type"":""M"",""msg"":""FADE0"",""time"":18.6108,""dist"":0.356592}",2.315046,6.715046,0,12.9,7.5,0.146737,7.5,4.4,0.000975999999999999,-0.009399,-0.008423,-0.00908758333333333,0.00019748019530128,-0.368723,0.146737,-0.0926067916666667,0.159242005188433,1.920693,0.644369
18.379816,"P23","SO_1.2",100,27,5730.798828,8175.306641,-107.071579,-0.008057,-0.703516,27.778,11.6,2.4,"{""type"":""M"",""msg"":""FADE0"",""time"":18.3493,""dist"":0.342696}",1.81818,4.21818,0,12.5,5.1,-0.083766,5.1,2.4,0.000651,-0.008219,-0.007568,-0.00770521052631579,0.000225622737956619,-0.703516,-0.083766,-0.404231263157895,0.194034611873999,2.315046,-0.368723
18.676926,"P23","SO_1.2",100,28,5728.106445,8164.52002,-107.268448,-0.008748,-0.199078,27.7777,13.1,6,"{""type"":""M"",""msg"":""FADE0"",""time"":18.6242,""dist"":0.353281}",2.228546,8.228546,0,39.2,45.2,0.231204,39.2,6,0.001017,-0.008748,-0.007731,-0.00828652173913044,0.000438832942904992,-0.199078,0.231204,0.0146081739130435,0.131207140621459,1.81818,-0.703516
18.978128,"P23","SO_1.2",100,29,5724.920898,8154.785645,-107.823914,-0.008586,-0.407009,27.7779,10.7,3.9,"{""type"":""M"",""msg"":""FADE0"",""time"":18.9061,""dist"":0.362937}",2.623415,6.523415,0,13.8,8.1,0.265481,8.1,3.9,0.000488000000000001,-0.009074,-0.008586,-0.008869,0.000189215790526625,-0.407009,0.265481,-0.0525331481481481,0.20624822013343,2.228546,-0.199078
18.474306,"P23","SO_1.2",100,30,5729.88916,8168.671387,-106.235374,-0.007406,0.330693,27.7778,6.5,13.9,"{""type"":""M"",""msg"":""FADE0"",""time"":18.4087,""dist"":0.348372}",2.019901,8.519901,0,6.9,10.7,0.03128,6.9,6.5,0.002035,-0.007406,-0.005371,-0.00685738095238095,0.000704162586068763,0.03128,0.330693,0.155243714285714,0.0958101579197858,2.623415,-0.407009
22.416613,"P24","SO_1.2",100,1,5691.848633,8060.912109,-111.861885,-0.010254,-1.204191,27.7778,4,-0.10133,"{""type"":""M"",""msg"":""FADE0"",""time"":22.3405,""dist"":0.462431}",6.167473,6.066143,6.066143,30.7,19.3,0.405497,19.3,-0.10133,0.005574,-0.012451,-0.006877,-0.00944203225806452,0.00113131380128377,-1.204191,0.405497,-0.13052535483871,0.494070026458024,NA,NA
20.302044,"P24","SO_1.2",100,2,5712.989746,8118.19043,-109.506409,-0.009562,-0.545435,27.7779,6.5,2.1,"{""type"":""M"",""msg"":""FADE0"",""time"":20.28,""dist"":0.40285}",3.944017,6.044017,0,56.4,17.5,0.284437,17.5,2.1,0.006551,-0.013428,-0.006877,-0.009376975,0.00174810927147018,-0.545435,0.284437,-0.042328575,0.227647226666205,6.167473,-1.204191
19.79702,"P24","SO_1.2",100,3,5718.279297,8129.928711,-107.907875,-0.010579,0.807902,27.7774,14.5,11.1,"{""type"":""M"",""msg"":""FADE0"",""time"":19.7884,""dist"":0.390468}",3.54134,14.64134,0,44.5,27.9,0.400663,27.9,11.1,0.010091,-0.012614,-0.002523,-0.00782941666666667,0.00228017790502659,0.400663,0.807902,0.546155555555556,0.134427227711915,3.944017,-0.545435
20.313358,"P24","SO_1.2",100,4,5716.39502,8126.435059,-108.410942,-0.008219,0.099576,27.7779,53,19.1,"{""type"":""M"",""msg"":""FADE0"",""time"":20.2616,""dist"":0.393097}",3.634195,22.734195,0,15.6,9.8,0.241632,9.8,19.1,0.005534,-0.010254,-0.00472,-0.00810948648648649,0.00139788504180068,0.099576,0.241632,0.155973648648649,0.0374327045503856,3.54134,0.807902
22.316048,"P24","SO_1.2",100,5,5694.169922,8065.419922,-111.025414,-0.010579,-0.609249,27.7776,7.5,2.8,"{""type"":""M"",""msg"":""FADE0"",""time"":22.2407,""dist"":0.457373}",5.967038,8.767038,0,26.9,35.7,0.106155,26.9,2.8,0.005208,-0.010905,-0.005697,-0.00851986666666667,0.00121810354777718,-0.609249,0.106155,-0.181623516666667,0.206338414503077,3.634195,0.099576
20.797039,"P24","SO_1.2",100,6,5712.375977,8112.902344,-108.442947,-0.006388,0.586988,27.7782,4.4,10.3,"{""type"":""M"",""msg"":""FADE0"",""time"":20.7901,""dist"":0.40849}",4.13941,8.53941,0,11.1,17.6,0.269217,11.1,4.4,0.005371,-0.010579,-0.005208,-0.00742778571428571,0.00138556278141929,0.268345,0.586988,0.393508071428571,0.101454851994803,5.967038,-0.609249
21.201576,"P24","SO_1.2",100,7,5706.953125,8097.309082,-109.317589,-0.007568,0.538958,27.7781,12.6,22.5,"{""type"":""M"",""msg"":""FADE0"",""time"":21.1934,""dist"":0.424939}",4.750818,17.350818,0,22.4,15.2,0.267094,15.2,12.6,0.00472,-0.011597,-0.006877,-0.0081040625,0.00116492590224133,0.267094,0.538958,0.396310354166667,0.104006555905986,4.13941,0.586988
21.923113,"P24","SO_1.2",100,8,5700.671875,8079.898926,-110.058197,-0.009399,0.479052,27.7775,16.8,11.6,"{""type"":""M"",""msg"":""FADE0"",""time"":21.865,""dist"":0.442046}",5.361494,16.961494,0,24.1,15.9,0.168789,15.9,11.6,0.004231,-0.011108,-0.006877,-0.00817183333333333,0.00126809842410104,0.166905,0.479052,0.29925987037037,0.10649433719094,4.750818,0.538958
22.931046,"P24","SO_1.2",100,9,5688.937012,8048.862305,-111.279037,-0.008748,0.408491,27.7781,23.3,15,"{""type"":""M"",""msg"":""FADE0"",""time"":22.8841,""dist"":0.475545}",6.572426,21.572426,0,12.2,19.7,0.06215,12.2,15,0.004557,-0.011434,-0.006877,-0.008355,0.00129456366275401,0.06215,0.470482,0.304787954545455,0.145992926425741,5.361494,0.479052
24.923386,"P24","SO_1.2",100,10,5668.770508,8002.585449,-113.640701,-0.010091,-0.887279,27.7777,6.5,1.2,"{""type"":""M"",""msg"":""FADE0"",""time"":24.854,""dist"":0.525327}",8.382594,9.582594,0,33,40.5,0.169321,33,1.2,0.004395,-0.011434,-0.007039,-0.00844258333333333,0.00128958387991372,-0.887279,0.169321,-0.255226202380952,0.283271494394173,6.572426,0.408491
24.564049,"P24","SO_1.2",100,11,5672.738281,8013.297852,-113.974533,-0.010742,-1.393915,27.7778,3,-0.406105,"{""type"":""M"",""msg"":""FADE0"",""time"":24.4815,""dist"":0.513612}",7.994425,7.58832,7.58832,16.4,11,0.396603,11,-0.406105,0.006876,-0.014282,-0.007406,-0.009437525,0.00134251820792405,-1.393915,0.396603,-0.1488133125,0.511047060756703,8.382594,-0.887279
21.210041,"P24","SO_1.2",100,12,5707.379883,8099.640625,-109.257317,-0.006714,0.170693,27.7776,10,15.7,"{""type"":""M"",""msg"":""FADE0"",""time"":21.1772,""dist"":0.421923}",4.75687,14.75687,0,12.7,19.1,0.207097,12.7,10,0.003865,-0.010579,-0.006714,-0.00789035416666667,0.00111470525614055,0.165302,0.207097,0.178215833333333,0.00960162672240033,7.994425,-1.393915
21.444017,"P24","SO_1.2",100,13,5704.219727,8089.314941,-109.456879,-0.007406,0.63017,27.7777,7,16.3,"{""type"":""M"",""msg"":""FADE0"",""time"":21.3485,""dist"":0.430969}",5.057193,12.057193,0,14.1,23.1,0.251971,14.1,7,0.002319,-0.009562,-0.007243,-0.00784278431372549,0.000581028030777362,0.251971,0.63017,0.40750137254902,0.118171703216457,4.75687,0.170693
21.522846,"P24","SO_1.2",100,14,5704.004883,8091.263184,-109.998703,-0.008748,-0.237422,27.7779,13.5,6.1,"{""type"":""M"",""msg"":""FADE0"",""time"":21.4588,""dist"":0.430058}",4.950176,11.050176,0,20.9,29.5,0.290958,20.9,6.1,0.002848,-0.010091,-0.007243,-0.00850578,0.000784410093962465,-0.237422,0.290958,0.07208352,0.150833657221408,5.057193,0.63017
22.108341,"P24","SO_1.2",100,15,5698.87207,8075.698242,-109.9785,-0.006877,0.235083,27.7777,8,14.2,"{""type"":""M"",""msg"":""FADE0"",""time"":22.0243,""dist"":0.445907}",5.566267,13.566267,0,55.2,19.5,0.250788,19.5,8,0.003377,-0.008748,-0.005371,-0.0073345,0.000963017247084297,0.085428,0.250788,0.137424214285714,0.0464008095465093,4.950176,-0.237422
22.82408,"P24","SO_1.2",100,16,5692.562012,8059.788574,-111.118668,-0.009562,-0.123402,27.7776,11.4,6.1,"{""type"":""M"",""msg"":""FADE0"",""time"":22.7923,""dist"":0.464473}",6.165942,12.265942,0,22.2,14.6,0.399618,14.6,6.1,0.004516,-0.010579,-0.006063,-0.00841832258064516,0.000971527895437338,-0.123402,0.399618,0.15022235483871,0.155720858782009,5.566267,0.235083
23.331478,"P24","SO_1.2",100,17,5684.349609,8041.885742,-112.403763,-0.007568,-1.343597,27.7778,6.1,-0.505195,"{""type"":""M"",""msg"":""FADE0"",""time"":23.238,""dist"":0.482378}",6.879583,6.374388,6.374388,25.2,34.6,0.2355,25.2,-0.505195,0.004191,-0.011759,-0.007568,-0.00900955072463768,0.00114048014316252,-1.343597,0.2355,-0.370246391304348,0.464588688215438,6.165942,-0.123402
22.123209,"P24","SO_1.2",100,18,5698.666016,8075.196289,-110.567192,-0.009237,0.203928,27.7776,13.1,7.7,"{""type"":""M"",""msg"":""FADE0"",""time"":22.0526,""dist"":0.446845}",5.569265,13.269265,0,39.6,48.6,0.261598,39.6,7.7,0.00472,-0.011597,-0.006877,-0.00859651785714286,0.00128232903153983,0.203928,0.326242,0.280874,0.0329840333246805,6.879583,-1.343597
23.21767,"P24","SO_1.2",100,19,5686.255859,8044.296387,-112.014244,-0.008748,-0.444393,27.7776,10.2,3.6,"{""type"":""M"",""msg"":""FADE0"",""time"":23.1266,""dist"":0.479533}",6.782646,10.382646,0,29.3,40,0.343122,29.3,3.6,0.002849,-0.010417,-0.007568,-0.00875308823529412,0.000773047076925531,-0.444393,0.343122,0.106940470588235,0.230976262479177,5.569265,0.203928
21.609804,"P24","SO_1.2",100,20,5704.025391,8086.807617,-108.940086,-0.004354,1.302823,27.7779,-0.505625,4.3,"{""type"":""M"",""msg"":""FADE0"",""time"":21.5958,""dist"":0.43571}",5.152462,4.646837,4.646837,9,15.7,0.354017,9,-0.505625,0.006225,-0.010579,-0.004354,-0.00694709615384615,0.00144374040711001,0.354017,1.302823,0.701615115384615,0.282442189626073,6.782646,-0.444393
20.698479,"P24","SO_1.2",100,21,5710.435547,8109.942383,-109.694618,-0.010417,-0.318083,27.7774,6.8,3,"{""type"":""M"",""msg"":""FADE0"",""time"":20.6099,""dist"":0.409634}",4.245497,7.245497,0,18.2,12,0.387502,12,3,0.004842,-0.013428,-0.008586,-0.00954146511627907,0.00126058499928439,-0.318083,0.387502,0.130518860465116,0.207450837038973,5.152462,1.302823
21.908411,"P24","SO_1.2",100,22,5702.129395,8081.175781,-109.331711,-0.006877,1.42582,27.7778,-1.011532,6.2,"{""type"":""M"",""msg"":""FADE0"",""time"":21.9053,""dist"":0.441976}",5.348858,4.337326,4.337326,8.4,16.9,0.488057,8.4,-1.011532,0.002849,-0.009237,-0.006388,-0.00740937037037037,0.000790734964931928,0.488057,1.42582,0.857321555555556,0.274324928134892,4.245497,-0.318083
21.637743,"P24","SO_1.2",100,23,5702.910156,8085.673828,-109.919449,-0.008057,0.618273,27.7778,37.1,43.5,"{""type"":""M"",""msg"":""FADE0"",""time"":21.6275,""dist"":0.437218}",5.14683,42.24683,0,30.7,23.2,0.562973,23.2,37.1,0.002889,-0.009928,-0.007039,-0.00858086538461538,0.000847206205166368,0.562973,0.679727,0.642968884615385,0.0295864146882327,5.348858,1.42582
20.691118,"P24","SO_1.2",100,24,5711.591309,8112.33252,-109.02462,-0.009074,0.016406,27.7777,14.8,8.4,"{""type"":""M"",""msg"":""FADE0"",""time"":20.6342,""dist"":0.407852}",4.241964,12.641964,0,18.7,12.4,0.341893,12.4,8.4,0.006388,-0.011434,-0.005046,-0.00844074418604651,0.00145738678549139,0.016406,0.341893,0.174998860465116,0.104988337225886,5.14683,0.618273
21.349047,"P24","SO_1.2",100,25,5705.113281,8094.609863,-109.919998,-0.009399,-0.310698,27.7777,10.2,4.6,"{""type"":""M"",""msg"":""FADE0"",""time"":21.2611,""dist"":0.425874}",4.85204,9.45204,0,18.2,11.5,0.35867,11.5,4.6,0.003377,-0.010254,-0.006877,-0.00855814285714286,0.000761381091613567,-0.310698,0.35867,0.0510611836734694,0.19572450888139,4.241964,0.016406
20.3002,"P24","SO_1.2",100,26,5715.478516,8122.825684,-108.261894,-0.006388,0.368451,27.7777,7,12.5,"{""type"":""M"",""msg"":""FADE0"",""time"":20.2915,""dist"":0.398055}",3.743413,10.743413,0,27.6,17.1,0.494096,17.1,7,0.003865,-0.009562,-0.005697,-0.00739592105263158,0.000914416115035545,0.341807,0.494096,0.385191526315789,0.0441331340009129,4.85204,-0.310698
21.937967,"P24","SO_1.2",100,27,5699.913574,8077.514648,-110.07119,-0.007243,0.5855,27.7779,9.5,17.8,"{""type"":""M"",""msg"":""FADE0"",""time"":21.8723,""dist"":0.444352}",5.463274,14.963274,0,17,27.8,0.302519,17,9.5,0.004028,-0.010905,-0.006877,-0.00809367272727273,0.000858558181003681,0.302519,0.5855,0.437995727272727,0.100463502970621,3.743413,0.368451
23.322323,"P24","SO_1.2",100,28,5684.885742,8039.151367,-111.814705,-0.008219,0.171221,27.7778,46.8,16.3,"{""type"":""M"",""msg"":""FADE0"",""time"":23.2419,""dist"":0.485121}",6.968565,23.268565,0,53,58.4,0.365649,53,16.3,0.002156,-0.009399,-0.007243,-0.00837267142857143,0.000587451477402413,0.171221,0.374748,0.329383214285714,0.0524316901202551,5.463274,0.5855
21.919174,"P24","SO_1.2",100,29,5699.274902,8075.226074,-109.700584,-0.006714,0.781533,27.7776,2.6,9.1,"{""type"":""M"",""msg"":""FADE0"",""time"":21.8341,""dist"":0.446223}",5.561361,8.161361,0,14.8,22.9,0.326223,14.8,2.6,0.003866,-0.009074,-0.005208,-0.00721821428571429,0.000698069408226216,0.306119,0.781533,0.427598517857143,0.13718630279388,6.968565,0.171221
22.4013,"P24","SO_1.2",100,30,5695.047363,8063.930176,-109.868111,-0.004557,0.758576,27.7777,1.7,5.7,"{""type"":""M"",""msg"":""FADE0"",""time"":22.3004,""dist"":0.457801}",5.962644,7.662644,0,20.3,30.5,0.230313,20.3,1.7,0.00704,-0.009237,-0.002197,-0.00693763333333333,0.00143953355165056,0.220158,0.758576,0.3471543,0.145546347268013,5.561361,0.781533
24.65662,"P25","SO_1.2",100,1,5673.12207,8000.164551,-111.424423,-0.008911,0.35715,27.7779,-4.142548,-1.919193,"{""type"":""M"",""msg"":""FADE0"",""time"":24.6093,""dist"":0.526786}",8.490114,4.347566,4.347566,45.6,54,0.206264,45.6,-4.142548,0.004354,-0.009074,-0.00472,-0.00702752941176471,0.00148990243039631,-1.853027,1.830541,0.167978729411765,0.900806352125686,NA,NA
20.48842,"P25","SO_1.2",100,2,5711.219238,8111.587891,-109.50695,-0.011108,-0.104595,27.7779,7.2,3.7,"{""type"":""M"",""msg"":""FADE0"",""time"":20.4424,""dist"":0.408971}",4.150321,7.850321,0,8.7,14.7,0.059796,8.7,3.7,0.004883,-0.011922,-0.007039,-0.0100194047619048,0.00111540840293707,-0.104595,0.224998,0.133764833333333,0.086677677789449,8.490114,0.35715
23.540525,"P25","SO_1.2",100,3,5680.398438,8032.116211,-113.056793,-0.010254,-1.415117,27.7779,3.3,-0.506816,"{""type"":""M"",""msg"":""FADE0"",""time"":23.4992,""dist"":0.494358}",7.282384,6.775568,6.775568,17.4,11.1,0.05429,11.1,-0.506816,0.004394,-0.011271,-0.006877,-0.0094646301369863,0.000910459217264216,-1.415117,0.05429,-0.32105997260274,0.440118027039496,4.150321,-0.104595
21.026333,"P25","SO_1.2",100,4,5707.746582,8099.171875,-109.389748,-0.008911,0.669888,27.7778,20.6,14.2,"{""type"":""M"",""msg"":""FADE0"",""time"":20.9391,""dist"":0.420792}",4.63982,18.83982,0,27.5,20.7,0.387414,20.7,14.2,0.000855,-0.009074,-0.008219,-0.00873185106382979,0.000385628565305111,0.387414,0.68554,0.579426595744681,0.0988040015942101,7.282384,-1.415117
22.34095,"P25","SO_1.2",100,5,5696.749023,8066.429199,-109.542824,-0.006714,1.479356,27.778,-0.748693,4.3,"{""type"":""M"",""msg"":""FADE0"",""time"":22.3057,""dist"":0.456685}",6.002254,5.253561,5.253561,9.5,14.2,-0.087263,9.5,-0.748693,0.004842,-0.009562,-0.00472,-0.00679325,0.00085586642837556,-0.087263,1.479356,0.465366133333333,0.484410562414985,4.63982,0.669888
21.851629,"P25","SO_1.2",100,6,5700.709961,8081.927246,-111.250351,-0.013265,-0.201761,27.7778,4.6,2.1,"{""type"":""M"",""msg"":""FADE0"",""time"":21.79,""dist"":0.44003}",5.361021,7.461021,0,6.4,12,0.196063,6.4,2.1,0.006388,-0.013265,-0.006877,-0.0108002037037037,0.0018094312812305,-0.201761,0.482686,0.323348833333333,0.168954729300289,6.002254,1.479356
22.199856,"P25","SO_1.2",100,7,5696.853516,8068.887207,-110.218391,-0.008586,0.703434,27.7777,53.7,58.8,"{""type"":""M"",""msg"":""FADE0"",""time"":22.0994,""dist"":0.452538}",5.866165,59.566165,0,11.8,18.7,0.130155,11.8,53.7,0.002034,-0.008911,-0.006877,-0.00788081355932203,0.000591635444444736,0.130155,0.703434,0.354762677966102,0.178313058498485,5.361021,-0.201761
22.324045,"P25","SO_1.2",100,8,5695.212402,8065.227539,-110.411697,-0.009237,0.446349,27.7775,21.1,15.3,"{""type"":""M"",""msg"":""FADE0"",""time"":22.3052,""dist"":0.45879}",5.956192,21.256192,0,33.7,20.6,0.132817,20.6,15.3,0.003011,-0.009237,-0.006226,-0.007818,0.000774196970513669,0.120484,0.446349,0.231488533333333,0.0964821433682475,5.866165,0.703434
22.936094,"P25","SO_1.2",100,9,5689.365234,8052.640137,-112.026848,-0.011271,-0.57087,27.4883,5.4,1.8,"{""type"":""M"",""msg"":""FADE0"",""time"":22.8628,""dist"":0.471101}",6.4692,8.2692,0,12.5,17.2,-0.197743,12.5,1.8,0.006714,-0.011434,-0.00472,-0.00916641538461539,0.0020177747868344,-0.57087,0.017359,-0.143054261538462,0.141549002301795,5.956192,0.446349
22.351673,"P25","SO_1.2",100,10,5694.26709,8067.246582,-112.037529,-0.010905,-1.179579,27.7781,3.1,-0.100422,"{""type"":""M"",""msg"":""FADE0"",""time"":22.2924,""dist"":0.456084}",5.967373,5.866951,5.866951,48,55.3,0.242265,48,-0.100422,0.005046,-0.013265,-0.008219,-0.0103793,0.00134204319691017,-1.179579,0.260826,-0.0913952499999999,0.416784521439818,6.4692,-0.57087
20.626749,"P25","SO_1.2",100,11,5712.323242,8112.836426,-108.303467,-0.0059,0.560961,27.7782,3.6,8.5,"{""type"":""M"",""msg"":""FADE0"",""time"":20.5732,""dist"":0.40725}",4.146906,7.746906,0,14.9,10.1,0.176811,10.1,3.6,0.005371,-0.010254,-0.004883,-0.00737454761904762,0.0012623350257318,0.176811,0.560961,0.287199857142857,0.1136076742984,5.967373,-1.179579
21.822453,"P25","SO_1.2",100,12,5700.6875,8081.853027,-110.193428,-0.009562,-0.177254,27.7777,11.9,6.4,"{""type"":""M"",""msg"":""FADE0"",""time"":21.7342,""dist"":0.439316}",5.353373,11.753373,0,33.7,22.9,-0.102934,22.9,6.4,0.002685,-0.009562,-0.006877,-0.00872790740740741,0.000769383440202155,-0.177254,-0.018218,-0.0702952222222222,0.0430510435004541,4.146906,0.560961
21.492016,"P25","SO_1.2",100,13,5703.574707,8088.062012,-109.729675,-0.008911,0.44,27.7778,21.5,14.6,"{""type"":""M"",""msg"":""FADE0"",""time"":21.4763,""dist"":0.434557}",5.148453,19.748453,0,19,13.7,0.121239,13.7,14.6,0.002727,-0.009766,-0.007039,-0.00861055769230769,0.000744894502688633,0.121239,0.44,0.314157019230769,0.0976251185781189,5.353373,-0.177254
22.520348,"P25","SO_1.2",100,14,5693.108398,8058.983887,-110.436386,-0.007406,0.686326,27.7779,4.4,13.1,"{""type"":""M"",""msg"":""FADE0"",""time"":22.461,""dist"":0.464219}",6.254019,10.654019,0,31.3,20.7,-0.057627,20.7,4.4,0.001709,-0.008586,-0.006877,-0.00773322222222222,0.0004912837838484,-0.057627,0.686326,0.256955063492063,0.221735696924461,5.148453,0.44
22.412476,"P25","SO_1.2",100,15,5700.91748,8081.683594,-110.325607,-0.010091,0.094012,27.7779,10.4,6.1,"{""type"":""M"",""msg"":""FADE0"",""time"":22.3259,""dist"":0.439513}",5.359667,11.459667,0,34.2,23.9,0.132473,23.9,6.1,0.004394,-0.010091,-0.005697,-0.00893448148148148,0.000741318120818834,0.094012,0.283715,0.220368722222222,0.0543260974289961,6.254019,0.686326
22.017464,"P25","SO_1.2",100,16,5698.239258,8076.17041,-110.592476,-0.007894,-0.533504,27.7778,43.7,5.4,"{""type"":""M"",""msg"":""FADE0"",""time"":21.9754,""dist"":0.446797}",5.558031,10.958031,0,16.1,23.8,0.178612,16.1,5.4,0.003662,-0.010905,-0.007243,-0.00860030357142857,0.000914393011180698,-0.533504,0.178612,-0.0784062857142858,0.219279459204808,5.359667,0.094012
23.132427,"P25","SO_1.2",100,17,5687.835449,8046.671875,-111.286407,-0.008057,0.175691,27.7779,30.4,37.8,"{""type"":""M"",""msg"":""FADE0"",""time"":23.0324,""dist"":0.47647}",6.678057,37.078057,0,12.2,17.1,-0.099078,12.2,30.4,0.002848,-0.009074,-0.006226,-0.00787029850746269,0.000805142694202737,-0.156378,0.175691,-0.0226697164179105,0.117097804627585,5.558031,-0.533504
23.21637,"P25","SO_1.2",100,18,5687.79834,8042.664551,-110.463715,-0.006714,1.617768,27.778,-1.112074,3.9,"{""type"":""M"",""msg"":""FADE0"",""time"":23.1685,""dist"":0.481715}",6.875718,5.763644,5.763644,35.3,24.8,0.071499,24.8,-1.112074,0.002523,-0.008586,-0.006063,-0.0071484347826087,0.000659223484337285,0.071499,1.617768,0.629493333333333,0.4471478440365,6.678057,0.175691
21.441454,"P25","SO_1.2",100,19,5701.668945,8090.238281,-111.862038,-0.009562,1.620475,27.7788,0.9,-1.012854,"{""type"":""M"",""msg"":""FADE0"",""time"":21.3701,""dist"":0.431552}",5.059155,4.046301,4.046301,32.1,21.8,0.063135,21.8,-1.012854,0.006714,-0.015137,-0.008423,-0.0119374117647059,0.00225835758175246,-1.811908,1.832783,-0.27266705882353,0.750615963028642,6.875718,1.617768
21.313766,"P25","SO_1.2",100,20,5705.166504,8093.412598,-109.342888,-0.008057,0.150376,27.7779,23,34.7,"{""type"":""M"",""msg"":""FADE0"",""time"":21.2416,""dist"":0.427391}",4.96063,27.96063,0,28.3,38.4,-0.134477,28.3,23,0.002319,-0.008219,-0.0059,-0.00782948,0.000539637604777313,-0.135682,0.150376,-0.0227183,0.0907184694234907,5.059155,1.620475
22.426422,"P25","SO_1.2",100,21,5696.164062,8068.924805,-110.693024,-0.009237,0.035153,27.7777,13.8,7.9,"{""type"":""M"",""msg"":""FADE0"",""time"":22.3603,""dist"":0.453637}",5.866638,13.766638,0,44.6,53.2,-0.104007,44.6,7.9,0.002198,-0.009237,-0.007039,-0.00870906779661017,0.000558826444725348,-0.104007,0.144874,0.0628966101694915,0.0755951631266083,4.96063,0.150376
21.758787,"P25","SO_1.2",100,22,5700.577148,8083.575195,-110.335312,-0.009766,-0.871006,27.7775,7.9,1.7,"{""type"":""M"",""msg"":""FADE0"",""time"":21.7529,""dist"":0.439986}",5.356428,7.056428,0,11.5,15.5,-0.381403,11.5,1.7,0.004354,-0.010417,-0.006063,-0.00853824074074074,0.00106265333517648,-0.871006,-0.381403,-0.552359611111111,0.138985990649719,5.866638,0.035153
21.423834,"P25","SO_1.2",100,23,5704.239746,8088.971191,-109.048782,-0.008057,0.772378,27.7777,2.6,13.1,"{""type"":""M"",""msg"":""FADE0"",""time"":21.3793,""dist"":0.43268}",5.051977,7.651977,0,11.6,7.8,0.153461,7.8,2.6,0.006022,-0.010905,-0.004883,-0.0072333137254902,0.00148770089050449,0.153461,0.772378,0.303821411764706,0.188757910803672,5.356428,-0.871006
22.917418,"P25","SO_1.2",100,24,5689.210938,8051.242188,-111.059776,-0.009399,-0.192189,27.7776,16,9.7,"{""type"":""M"",""msg"":""FADE0"",""time"":22.8607,""dist"":0.472883}",6.557625,16.257625,0,10.2,6.3,-0.031774,6.3,9.7,0.0059,-0.011108,-0.005208,-0.00800548484848485,0.00124134664150763,-0.286697,-0.031774,-0.191792712121212,0.0830964536884263,5.051977,0.772378
22.193956,"P25","SO_1.2",100,25,5694.975098,8071.597168,-111.581154,-0.009399,1.721322,27.7778,1.8,-1.71515,"{""type"":""M"",""msg"":""FADE0"",""time"":22.1889,""dist"":0.453223}",5.746904,4.031754,4.031754,11.9,7,0.089598,7,-1.71515,0.003866,-0.010905,-0.007039,-0.00948770689655172,0.0010378165001684,-1.85763,1.836187,-0.544981379310345,0.798280588633565,6.557625,-0.192189
22.124992,"P25","SO_1.2",100,26,5696.831055,8073.200684,-110.799042,-0.008219,-0.831562,27.7779,12.2,2.1,"{""type"":""M"",""msg"":""FADE0"",""time"":22.0911,""dist"":0.450271}",5.751625,7.851625,0,21.4,13.9,0.076972,13.9,2.1,0.004029,-0.010417,-0.006388,-0.00888377586206896,0.000901217734524334,-0.831562,0.079308,-0.24157624137931,0.297687711269525,5.746904,1.721322
20.91716,"P25","SO_1.2",100,27,5707.507324,8103.625,-109.975578,-0.011597,-1.033729,27.7778,4.5,0.4,"{""type"":""M"",""msg"":""FADE0"",""time"":20.8711,""dist"":0.417659}",4.551243,4.951243,0,19.1,11.8,-0.407434,11.8,0.4,0.003702,-0.011759,-0.008057,-0.010094652173913,0.00086594947805904,-1.033729,-0.357784,-0.548245739130435,0.20332469397498,5.751625,-0.831562
21.809464,"P25","SO_1.2",100,28,5701.006348,8079.736816,-109.228966,-0.0059,0.864653,27.7778,1.3,6.2,"{""type"":""M"",""msg"":""FADE0"",""time"":21.736,""dist"":0.441658}",5.457966,6.757966,0,22.4,14.9,0.093725,14.9,1.3,0.004028,-0.008911,-0.004883,-0.00696029090909091,0.00107241500867983,0.093725,0.864653,0.3120148,0.228062222989806,4.551243,-1.033729
21.406958,"P25","SO_1.2",100,29,5704.973145,8091.087402,-109.248558,-0.008423,0.748194,27.7776,8,45.2,"{""type"":""M"",""msg"":""FADE0"",""time"":21.3492,""dist"":0.430104}",5.051344,13.051344,0,22.9,15.5,0.141155,15.5,8,0.002523,-0.008911,-0.006388,-0.00770074509803922,0.000702485127049313,0.141155,0.748194,0.369164980392157,0.191903919567005,5.457966,0.864653
23.875498,"P25","SO_1.2",100,30,5679.039062,8025.44873,-111.987297,-0.007731,-0.155095,27.7778,17.4,25.2,"{""type"":""M"",""msg"":""FADE0"",""time"":23.8605,""dist"":0.501755}",7.578005,24.978005,0,13.9,7.3,-0.208679,7.3,17.4,0.005208,-0.009562,-0.004354,-0.0077231052631579,0.0012973179469346,-0.403745,-0.155095,-0.293806921052632,0.0706176450574525,5.051344,0.748194
18.91593,"P26","SO_1.2",100,1,5726.585938,8156.739746,-106.751076,-0.006877,0.628176,27.7779,4.4,11.2,"{""type"":""M"",""msg"":""FADE0"",""time"":18.8924,""dist"":0.362028}",2.526924,6.926924,0,16.9,12.2,0.410631,12.2,4.4,0.003378,-0.009766,-0.006388,-0.0075215,0.00130184045873525,0.410631,0.628176,0.486777269230769,0.0642281648235773,NA,NA
19.273685,"P26","SO_1.2",100,2,5722.95459,8146.633789,-107.295677,-0.008219,0.158381,27.7779,35.2,45.7,"{""type"":""M"",""msg"":""FADE0"",""time"":19.2591,""dist"":0.37287}",2.928237,38.128237,0,14.5,23.5,-0.142597,14.5,35.2,0.000855,-0.008586,-0.007731,-0.0082045,0.000202906934671861,-0.142597,0.158381,0.00274393333333332,0.0916257714924224,2.526924,0.628176
21.202581,"P26","SO_1.2",100,3,5707.197266,8099.728516,-109.720245,-0.009399,-0.039594,27.7779,11.1,5.8,"{""type"":""M"",""msg"":""FADE0"",""time"":21.134,""dist"":0.420856}",4.644386,10.444386,0,20,14.4,0.128039,14.4,5.8,0,-0.009399,-0.009399,-0.009399,0,-0.039594,0.238623,0.166968957446809,0.0750900911340497,2.928237,0.158381
20.948751,"P26","SO_1.2",100,4,5708.876953,8104.323242,-109.420364,-0.009074,0.04236,27.7777,13.8,7.6,"{""type"":""M"",""msg"":""FADE0"",""time"":20.8706,""dist"":0.415686}",4.449798,12.049798,0,20.9,15.1,0.000694,15.1,7.6,0.000324999999999999,-0.009399,-0.009074,-0.00936651111111111,9.54945553474649e-05,0.000694,0.194301,0.132788422222222,0.0557730189499811,4.644386,-0.039594
19.632975,"P26","SO_1.2",100,5,5719.854004,8138.772461,-107.584381,-0.008586,-0.416999,27.7776,35.2,21,"{""type"":""M"",""msg"":""FADE0"",""time"":19.5926,""dist"":0.380562}",3.234517,24.234517,0,16.7,20.7,-0.450918,16.7,21,0.0059,-0.008586,-0.002686,-0.00637260606060606,0.00215827082028927,-0.644229,-0.416999,-0.549442606060606,0.0722635944567437,4.449798,0.04236
22.353283,"P26","SO_1.2",100,6,5696.598145,8066.424805,-109.738663,-0.007568,1.335775,27.7775,-0.504021,6.4,"{""type"":""M"",""msg"":""FADE0"",""time"":22.3084,""dist"":0.456469}",5.96315,5.459129,5.459129,14.7,9.1,0.149342,9.1,-0.504021,0.004191,-0.009399,-0.005208,-0.0068001,0.000858515445109479,0.095613,1.335775,0.5043249,0.394313027831163,3.234517,-0.416999
21.601416,"P26","SO_1.2",100,7,5703.170898,8088.715332,-109.975449,-0.008219,-0.165365,27.7778,27.6,10.4,"{""type"":""M"",""msg"":""FADE0"",""time"":21.5542,""dist"":0.433327}",5.057476,15.457476,0,1e+06,20.7,0.395737,20.7,10.4,0,-0.008219,-0.008219,-0.008219,0,-0.165365,0.395737,0.12265537254902,0.162959737572072,5.96315,1.335775
24.734293,"P26","SO_1.2",100,8,5670.931152,8007.658203,-113.647644,-0.009562,-0.874627,27.7779,6.1,1.1,"{""type"":""M"",""msg"":""FADE0"",""time"":24.6888,""dist"":0.520505}",8.286493,9.386493,0,13.2,18.5,-0.217393,13.2,1.1,0.002685,-0.009562,-0.006877,-0.00887481927710843,0.00107536776629886,-0.874627,-0.003358,-0.221511698795181,0.221433418593751,5.057476,-0.165365
21.688332,"P26","SO_1.2",100,9,5702.660645,8085.245117,-109.525047,-0.007568,0.536493,27.7779,7,16.6,"{""type"":""M"",""msg"":""FADE0"",""time"":21.5908,""dist"":0.435294}",5.150023,12.150023,0,9.8,13.8,-0.208064,9.8,7,0.002523,-0.008423,-0.0059,-0.00748623076923077,0.0011455385344617,-0.215219,0.536493,0.101688634615385,0.255747584094163,8.286493,-0.874627
21.096321,"P26","SO_1.2",100,10,5709.083984,8100.697266,-108.517128,-0.008219,1.446117,27.7779,-0.905031,8.1,"{""type"":""M"",""msg"":""FADE0"",""time"":21.0317,""dist"":0.419549}",4.644686,3.739655,3.739655,6.1,9.5,0.123638,6.1,-0.905031,0.003865,-0.008219,-0.004354,-0.00686004255319149,0.00171454610494321,0.123516,1.446117,0.672770638297872,0.434676360879359,5.150023,0.536493
21.498381,"P26","SO_1.2",100,11,5705.373047,8093.584473,-109.592293,-0.008748,0.282754,27.7778,21.7,13.7,"{""type"":""M"",""msg"":""FADE0"",""time"":21.4247,""dist"":0.427206}",4.847979,18.547979,0,24,16.3,0.418931,16.3,13.7,0.003377,-0.008748,-0.005371,-0.00820922448979592,0.00111670158400581,0.278059,0.418931,0.326910346938776,0.0471798494290514,4.644686,1.446117
20.592484,"P26","SO_1.2",100,12,5712.461426,8114.836914,-108.900383,-0.007731,0.03734,27.7779,29.7,36.3,"{""type"":""M"",""msg"":""FADE0"",""time"":20.5485,""dist"":0.405619}",4.146176,33.846176,0,7.5,4.9,0.655081,4.9,29.7,0.00826,-0.012451,-0.004191,-0.00716066666666667,0.00169246170352129,0.03734,0.655081,0.25899719047619,0.166128230146686,4.847979,0.282754
20.895494,"P26","SO_1.2",100,13,5710.242676,8108.987793,-109.610283,-0.009399,-0.189157,27.7777,8.9,4.1,"{""type"":""M"",""msg"":""FADE0"",""time"":20.8045,""dist"":0.41057}",4.239959,8.339959,0,12.4,8.8,0.51404,8.8,4.1,0.001343,-0.010742,-0.009399,-0.00955611627906977,0.000406839105280976,-0.189157,0.514081,0.266869744186046,0.215408991360852,4.146176,0.03734
21.152283,"P26","SO_1.2",100,14,5706.972168,8099.121094,-109.355507,-0.006877,-0.044059,27.7779,12.8,18.4,"{""type"":""M"",""msg"":""FADE0"",""time"":21.06,""dist"":0.420939}",4.768088,17.568088,0,18.9,12.8,0.414744,12.8,12.8,0.002197,-0.009074,-0.006877,-0.0080763125,0.00105256071045908,-0.044059,0.414744,0.183491895833333,0.157326096200709,4.239959,-0.189157
22.615383,"P26","SO_1.2",100,15,5695.824707,8063.777344,-109.925972,-0.007731,1.538962,27.7777,-1.312115,6.4,"{""type"":""M"",""msg"":""FADE0"",""time"":22.5672,""dist"":0.459204}",6.063925,4.75181,4.75181,8.8,14.2,0.345815,8.8,-1.312115,0.001343,-0.007731,-0.006388,-0.00709622950819672,0.000460221989676093,0.339367,1.538962,0.770040754098361,0.378134873490207,4.768088,-0.044059
20.71945,"P26","SO_1.2",100,16,5713.14209,8113.730469,-107.310226,-0.005046,1.068344,27.7775,0.2,3.7,"{""type"":""M"",""msg"":""FADE0"",""time"":20.6306,""dist"":0.405062}",4.153656,4.353656,0,9.7,13.9,-0.343654,9.7,0.2,0.00118,-0.006226,-0.005046,-0.0053947380952381,0.000520531251118897,-0.343654,1.068344,0.129861642857143,0.433922504368977,6.063925,1.538962
22.131382,"P26","SO_1.2",100,17,5700.571777,8078.942383,-109.313263,-0.006877,0.727297,27.7777,2.1,7.9,"{""type"":""M"",""msg"":""FADE0"",""time"":22.1267,""dist"":0.444476}",5.45759,7.55759,0,14.2,9,0.208346,9,2.1,0.004516,-0.009562,-0.005046,-0.00674574545454545,0.0013636378662618,0.013916,0.727297,0.211696890909091,0.199344443223158,4.153656,1.068344
22.84676,"P26","SO_1.2",100,18,5690.004883,8055.064941,-111.90007,-0.009399,-0.841844,27.7778,6,1.1,"{""type"":""M"",""msg"":""FADE0"",""time"":22.7727,""dist"":0.468582}",6.365826,7.465826,0,17.9,12.7,0.21124,12.7,1.1,0.000163,-0.009562,-0.009399,-0.009549265625,4.40898225262568e-05,-0.841844,0.254863,-0.04394025,0.33306954956185,5.45759,0.727297
21.008074,"P26","SO_1.2",100,19,5707.762207,8102.291504,-109.722542,-0.009237,-0.349977,27.778,9.8,4.1,"{""type"":""M"",""msg"":""FADE0"",""time"":20.9102,""dist"":0.417486}",4.547062,8.647062,0,26.7,17.1,0.206345,17.1,4.1,0.000651,-0.009237,-0.008586,-0.00905632608695652,0.000161883504663464,-0.349977,0.206345,0.0136087608695652,0.166259111491429,6.365826,-0.841844
21.58741,"P26","SO_1.2",100,20,5703.481934,8091.849609,-110.185585,-0.009562,-0.930583,27.7778,7,1.1,"{""type"":""M"",""msg"":""FADE0"",""time"":21.5023,""dist"":0.428996}",4.94953,6.04953,0,10.4,14.1,-0.303908,10.4,1.1,0.004028,-0.009562,-0.005534,-0.0087158,0.00119409687502262,-0.930583,-0.303908,-0.53614526,0.172250165966427,4.547062,-0.349977
20.414,"P26","SO_1.2",100,21,5716.5,8125.269043,-107.842995,-0.007039,0.57578,27.7778,4.3,11.1,"{""type"":""M"",""msg"":""FADE0"",""time"":20.3206,""dist"":0.393052}",3.738011,8.038011,0,30.2,40.5,0.237288,30.2,4.3,0.00118,-0.007894,-0.006714,-0.0069206052631579,0.000291203053469446,0.211461,0.57578,0.314535394736842,0.113497582136299,4.94953,-0.930583
20.994772,"P26","SO_1.2",100,22,5707.836914,8101.410645,-109.480156,-0.008748,0.01524,27.7779,16.6,9,"{""type"":""M"",""msg"":""FADE0"",""time"":20.9485,""dist"":0.419757}",4.650314,13.650314,0,26.1,17.9,0.19408,17.9,9,0,-0.008748,-0.008748,-0.008748,0,0.01524,0.207752,0.161257574468085,0.0567837488657606,3.738011,0.57578
20.196321,"P26","SO_1.2",100,23,5714.63916,8121.916992,-109.159149,-0.009399,-0.158243,27.7778,8.8,4.1,"{""type"":""M"",""msg"":""FADE0"",""time"":20.1895,""dist"":0.399266}",3.840715,7.940715,0,10.4,7.8,0.577493,7.8,4.1,0.007243,-0.013794,-0.006551,-0.0104426666666667,0.00223759685863079,-0.158243,0.616954,0.332949051282051,0.251596790745885,4.650314,0.01524
20.623514,"P26","SO_1.2",100,24,5712.160156,8110.87207,-108.883614,-0.009074,1.028472,27.7778,21,15.5,"{""type"":""M"",""msg"":""FADE0"",""time"":20.5953,""dist"":0.409989}",4.244552,19.744552,0,4.8,10.5,0.67166,4.8,15.5,0.003011,-0.009074,-0.006063,-0.00846927906976744,0.00102833675986729,0.67166,1.03084,0.891857372093023,0.124011630198835,3.840715,-0.158243
19.910429,"P26","SO_1.2",100,25,5717.658691,8131.73877,-109.134537,-0.010905,-0.368011,27.778,5.6,2.3,"{""type"":""M"",""msg"":""FADE0"",""time"":19.8847,""dist"":0.388476}",3.53434,5.83434,0,11.3,17.8,0.492806,11.3,2.3,0.004028,-0.010905,-0.006877,-0.0102980555555556,0.00118515091129344,-0.368011,0.492806,0.196680666666667,0.259921813532674,4.244552,1.028472
20.890919,"P26","SO_1.2",100,26,5714.003418,8116.475098,-107.845085,-0.007568,0.994099,27.7778,0.7,7.9,"{""type"":""M"",""msg"":""FADE0"",""time"":20.7987,""dist"":0.402208}",4.049671,4.749671,0,7.9,12,-0.021612,7.9,0.7,0.001871,-0.007568,-0.005697,-0.00657880487804878,0.000786469682171926,-0.021612,0.994099,0.355569731707317,0.325880820752543,3.53434,-0.368011
20.182743,"P26","SO_1.2",100,27,5715.947754,8123.524414,-107.974953,-0.007568,0.598346,27.778,5.3,14.5,"{""type"":""M"",""msg"":""FADE0"",""time"":20.0994,""dist"":0.395186}",3.834543,9.134543,0,11.9,19.5,0.08944,11.9,5.3,0.000162,-0.007568,-0.007406,-0.00756384615384615,2.59407609164241e-05,0.08944,0.598346,0.298220333333333,0.156160566438645,4.049671,0.994099
21.397888,"P26","SO_1.2",100,28,5704.825195,8092.282715,-109.448799,-0.008423,0.204214,27.7776,52,56.3,"{""type"":""M"",""msg"":""FADE0"",""time"":21.3195,""dist"":0.428402}",4.948767,56.948767,0,28.6,16.2,0.0204,16.2,52,0.00118,-0.008423,-0.007243,-0.00776632,0.000538689734637743,-0.029802,0.204214,0.05093766,0.0772839495377103,3.834543,0.598346
20.90777,"P26","SO_1.2",100,29,5709.652832,8104.138184,-108.790359,-0.008748,0.84883,27.7776,41.2,29.7,"{""type"":""M"",""msg"":""FADE0"",""time"":20.8545,""dist"":0.416385}",4.449684,34.149684,0,12.6,21.9,0.329619,12.6,29.7,0.00118,-0.008748,-0.007568,-0.00771453333333333,0.000352644528720302,0.329619,0.84883,0.536049,0.162087762935981,4.948767,0.204214
20.786964,"P26","SO_1.2",100,30,5710.709473,8107.73291,-108.329216,-0.006877,0.684424,27.7778,2.7,8.8,"{""type"":""M"",""msg"":""FADE0"",""time"":20.7831,""dist"":0.413941}",4.343122,7.043122,0,24.2,16.5,-0.039572,16.5,2.7,0.002034,-0.008911,-0.006877,-0.00722831818181818,0.000742674230524387,-0.039572,0.684424,0.220934340909091,0.219162528799651,4.449684,0.84883
19.677498,"P27","SO_1.2",100,1,5718.334473,8133.141113,-108.343643,-0.009928,-0.14499,27.7779,10.3,5.5,"{""type"":""M"",""msg"":""FADE0"",""time"":19.6703,""dist"":0.387302}",3.44092,8.94092,0,8.5,12.8,-0.089692,8.5,5.5,0.004679,-0.010742,-0.006063,-0.00919708571428571,0.00108743609336037,-0.14499,-0.023313,-0.0592824857142857,0.0321368511913105,NA,NA
22.388256,"P27","SO_1.2",100,2,5704.878418,8089.577148,-109.28418,-0.009237,1.165618,27.7776,-0.202383,21.6,"{""type"":""M"",""msg"":""FADE0"",""time"":22.3134,""dist"":0.431034}",5.056929,4.854546,4.854546,5.6,9.5,0.006294,5.6,-0.202383,0.004394,-0.010091,-0.005697,-0.00828080392156863,0.000942206198655217,0.006294,1.165618,0.609085117647059,0.351234077562337,3.44092,-0.14499
20.37289,"P27","SO_1.2",100,3,5712.458008,8115.729004,-109.165649,-0.011597,-0.256543,27.7778,7.1,3.6,"{""type"":""M"",""msg"":""FADE0"",""time"":20.2823,""dist"":0.403358}",4.037208,7.637208,0,8.3,12.7,-0.035962,8.3,3.6,0.005534,-0.011597,-0.006063,-0.00939443902439024,0.00117638667216142,-0.256543,-0.001227,-0.0626297317073171,0.0722294749946393,5.056929,1.165618
19.79044,"P27","SO_1.2",100,4,5717.564453,8130.393066,-108.655357,-0.012085,-0.030223,27.7776,7,3.9,"{""type"":""M"",""msg"":""FADE0"",""time"":19.7182,""dist"":0.388348}",3.535738,7.435738,0,21,14.7,0.022681,14.7,3.9,0.005045,-0.013102,-0.008057,-0.0100221666666667,0.00137197470822169,-0.030223,0.148495,0.0924955555555556,0.0481608830195772,4.037208,-0.256543
21.102055,"P27","SO_1.2",100,5,5707.766113,8102.246582,-109.942482,-0.010254,-0.335691,27.778,7.1,3,"{""type"":""M"",""msg"":""FADE0"",""time"":21.066,""dist"":0.419165}",4.549946,7.549946,0,14.6,10.2,0.035785,10.2,3,0.004191,-0.012085,-0.007894,-0.0100185434782609,0.00102273182553225,-0.335691,0.121311,0.0181388478260869,0.126751802160665,3.535738,-0.030223
21.93416,"P27","SO_1.2",100,6,5698.112793,8074.164062,-110.436295,-0.009766,0.044548,27.7777,12.3,7.4,"{""type"":""M"",""msg"":""FADE0"",""time"":21.8972,""dist"":0.448877}",5.667669,13.067669,0,43.3,26.3,0.120649,26.3,7.4,0.004028,-0.010579,-0.006551,-0.00848564912280702,0.00116612887506405,0.044548,0.138378,0.119420192982456,0.024357822681136,4.549946,-0.335691
23.584238,"P27","SO_1.2",100,7,5681.60498,8031.069824,-111.981506,-0.010091,0.115685,27.7778,12.4,7.9,"{""type"":""M"",""msg"":""FADE0"",""time"":23.5304,""dist"":0.494517}",7.282019,15.182019,0,32.6,44.5,0.077133,32.6,7.9,0.004517,-0.010417,-0.0059,-0.00828735616438356,0.00115190160857146,0.077133,0.164368,0.125170643835616,0.0297476965473192,5.667669,0.044548
23.645868,"P27","SO_1.2",100,8,5681.526855,8031.414551,-112.394783,-0.009399,-0.092978,27.7781,10.5,5.3,"{""type"":""M"",""msg"":""FADE0"",""time"":23.57,""dist"":0.49366}",7.270969,12.570969,0,19.1,14,0.275753,14,5.3,0.004883,-0.011271,-0.006388,-0.00898072602739726,0.00118936612740048,-0.092978,0.405701,0.295044315068493,0.135618727936066,7.282019,0.115685
26.166849,"P27","SO_1.2",100,9,5652.773926,7965.648438,-115.085312,-0.010254,-0.676042,27.7777,6.9,2.1,"{""type"":""M"",""msg"":""FADE0"",""time"":26.1567,""dist"":0.567239}",9.895679,11.995679,0,15.2,10.5,0.08382,10.5,2.1,0.004191,-0.010905,-0.006714,-0.00881824242424242,0.0011863485230664,-0.676042,0.20578,-0.0206896262626262,0.250735329262713,7.270969,-0.092978
23.923662,"P27","SO_1.2",100,10,5679.657715,8024.208984,-111.806931,-0.008057,0.888272,27.7775,3.5,20,"{""type"":""M"",""msg"":""FADE0"",""time"":23.8256,""dist"":0.500412}",7.57424,11.07424,0,13.5,8.8,-0.000541,8.8,3.5,0.00472,-0.010091,-0.005371,-0.00777444736842105,0.00128997344049906,-0.000541,0.888272,0.339243881578947,0.268222801403806,9.895679,-0.676042
21.419857,"P27","SO_1.2",100,11,5703.71582,8088.981934,-109.444527,-0.008911,0.268132,27.7776,27.1,19.4,"{""type"":""M"",""msg"":""FADE0"",""time"":21.409,""dist"":0.433683}",5.063234,24.463234,0,23.7,34.6,-0.249472,23.7,19.4,0.003011,-0.009562,-0.006551,-0.00787956862745098,0.000965589172576038,-0.249472,0.268132,-0.0346415098039216,0.162723625906796,7.57424,0.888272
21.852745,"P27","SO_1.2",100,12,5699.01709,8078.220215,-110.774147,-0.009237,-0.513225,27.7777,8.3,2.9,"{""type"":""M"",""msg"":""FADE0"",""time"":21.8236,""dist"":0.444901}",5.459427,8.359427,0,19.8,12.5,-0.14376,12.5,2.9,0.005534,-0.011922,-0.006388,-0.00926316363636364,0.00148435188205638,-0.513225,-0.081087,-0.175025581818182,0.115630655812294,5.063234,0.268132
23.774376,"P27","SO_1.2",100,13,5680.433594,8031.67334,-112.472626,-0.011108,-1.205189,27.7777,5.1,-0.302961,"{""type"":""M"",""msg"":""FADE0"",""time"":23.7163,""dist"":0.494172}",7.284336,6.981375,6.981375,16.1,8.3,-0.403225,8.3,-0.302961,0.004231,-0.011108,-0.006877,-0.00871606849315069,0.00114570396031784,-1.205189,-0.403225,-0.674001315068493,0.230200933369866,5.459427,-0.513225
20.63553,"P27","SO_1.2",100,14,5710.48291,8108.770996,-109.459053,-0.009237,0.110705,27.7779,11.3,6.1,"{""type"":""M"",""msg"":""FADE0"",""time"":20.5434,""dist"":0.410586}",4.353132,10.453132,0,7.6,15,0.396255,7.6,6.1,0.006876,-0.01359,-0.006714,-0.00961670454545455,0.00166398578062386,0.110705,0.509382,0.398139795454545,0.117484034973105,7.284336,-1.205189
23.048782,"P27","SO_1.2",100,15,5689.035645,8049.506348,-111.06649,-0.009928,0.271273,27.7779,15.1,10.5,"{""type"":""M"",""msg"":""FADE0"",""time"":22.9814,""dist"":0.474229}",6.573528,17.073528,0,11.2,16.6,-0.164426,11.2,10.5,0.003702,-0.009928,-0.006226,-0.00807943939393939,0.00102764280128828,-0.164426,0.271273,0.0478229393939394,0.141373043172461,4.353132,0.110705
22.103233,"P27","SO_1.2",100,16,5697.026855,8073.070312,-110.791756,-0.010091,-0.601515,27.7781,7.9,2.8,"{""type"":""M"",""msg"":""FADE0"",""time"":22.0374,""dist"":0.449405}",5.655122,8.455122,0,13.2,19.8,-0.051058,13.2,2.8,0.003703,-0.010742,-0.007039,-0.00893682456140351,0.00112156800511616,-0.601515,-0.042381,-0.206176894736842,0.173601225627944,6.573528,0.271273
23.94442,"P27","SO_1.2",100,17,5679.28418,8024.155273,-111.99102,-0.008219,0.559044,27.7777,23.5,35.7,"{""type"":""M"",""msg"":""FADE0"",""time"":23.8956,""dist"":0.501931}",7.595202,31.095202,0,28.7,17.6,-0.211126,17.6,23.5,0.004191,-0.010417,-0.006226,-0.00798061842105263,0.000983849486687949,-0.211126,0.559044,0.113729434210526,0.244159955835477,5.655122,-0.601515
23.334763,"P27","SO_1.2",100,18,5684.52832,8038.967773,-111.886681,-0.008586,-0.094902,27.7779,17.7,8.7,"{""type"":""M"",""msg"":""FADE0"",""time"":23.3234,""dist"":0.487282}",6.972453,15.672453,0,29.3,19.7,0.279847,19.7,8.7,0.003052,-0.010091,-0.007039,-0.00846875714285714,0.000855068561294039,-0.094902,0.280904,0.1599843,0.111216949076282,7.595202,0.559044
23.610992,"P27","SO_1.2",100,19,5680.73877,8031.171875,-112.353256,-0.010091,-0.732621,27.7777,7.8,2.3,"{""type"":""M"",""msg"":""FADE0"",""time"":23.5591,""dist"":0.494751}",7.374752,9.674752,0,12.6,19.1,-0.086716,12.6,2.3,0.003703,-0.010254,-0.006551,-0.00872360810810811,0.000935207717276705,-0.732621,-0.054145,-0.239372202702703,0.207738769659435,6.972453,-0.094902
26.410706,"P27","SO_1.2",100,20,5651.411133,7959.379883,-114.39785,-0.008911,0.705701,27.7778,57.6,30.5,"{""type"":""M"",""msg"":""FADE0"",""time"":26.3628,""dist"":0.572457}",10.123612,40.623612,0,21,11.2,-0.379652,11.2,30.5,0.004028,-0.009928,-0.0059,-0.00781334653465347,0.0011356432488739,-0.386717,0.705701,0.00286981188118812,0.344876131620868,7.374752,-0.732621
22.802355,"P27","SO_1.2",100,21,5688.090332,8051.428223,-111.899628,-0.009562,-1.320241,27.7778,5,-0.503336,"{""type"":""M"",""msg"":""FADE0"",""time"":22.7615,""dist"":0.473455}",6.564074,6.060738,6.060738,11.5,6.9,-0.146263,6.9,-0.503336,0.003866,-0.010905,-0.007039,-0.00908062121212121,0.000898406927933277,-1.320241,-0.146263,-0.542226348484849,0.352918969691409,10.123612,0.705701
20.819052,"P27","SO_1.2",100,22,5709.70752,8104.931152,-108.614197,-0.008219,0.644252,27.7776,5.5,24.1,"{""type"":""M"",""msg"":""FADE0"",""time"":20.7407,""dist"":0.414849}",4.444992,9.944992,0,20.1,13.7,-0.046747,13.7,5.5,0.004028,-0.009562,-0.005534,-0.00761908888888889,0.00102758193263741,-0.046747,0.644252,0.243013977777778,0.208803466330237,6.564074,-1.320241
22.73299,"P27","SO_1.2",100,23,5691.426758,8056.534668,-110.824982,-0.009562,-0.018868,27.7775,15.9,10.3,"{""type"":""M"",""msg"":""FADE0"",""time"":22.7114,""dist"":0.468038}",6.365843,16.665843,0,13.8,19.3,-0.369953,13.8,10.3,0.003702,-0.009928,-0.006226,-0.008024265625,0.000978146096176982,-0.369953,-0.018868,-0.24043328125,0.117114559538326,4.444992,0.644252
24.237892,"P27","SO_1.2",100,24,5675.269531,8014.038086,-112.255188,-0.009766,0.692174,27.7777,19.2,14.7,"{""type"":""M"",""msg"":""FADE0"",""time"":24.157,""dist"":0.51191}",7.983581,22.683581,0,21.5,14.2,-0.225325,14.2,14.7,0.004883,-0.010254,-0.005371,-0.008016425,0.0010579595332765,-0.225325,0.692174,0.1872630125,0.273738004630525,6.365843,-0.018868
19.593702,"P27","SO_1.2",100,25,5720.148438,8135.554688,-107.178833,-0.009399,0.85879,27.7776,2,25.4,"{""type"":""M"",""msg"":""FADE0"",""time"":19.5471,""dist"":0.383359}",3.331834,5.331834,0,8.5,14.3,-0.35832,8.5,2,0.005208,-0.010579,-0.005371,-0.00775976470588235,0.00160509848765744,-0.35832,0.85879,0.217317911764706,0.377955425858287,7.983581,0.692174
23.538946,"P27","SO_1.2",100,26,5681.900391,8034.161621,-112.137421,-0.009237,-0.764176,27.7778,10,2.8,"{""type"":""M"",""msg"":""FADE0"",""time"":23.5028,""dist"":0.491998}",7.185356,9.985356,0,14.9,9.6,0.182431,9.6,2.8,0.004679,-0.010579,-0.0059,-0.00842566666666667,0.00121074527158939,-0.764176,0.182431,-0.206149416666667,0.295405059379264,3.331834,0.85879
26.072493,"P27","SO_1.2",100,27,5655.142578,7968.716309,-114.562683,-0.008748,0.223596,27.7779,19.6,11,"{""type"":""M"",""msg"":""FADE0"",""time"":26.0073,""dist"":0.561964}",9.816594,20.816594,0,16.2,11.3,0.03055,11.3,11,0.005371,-0.011271,-0.0059,-0.00850917346938775,0.00147385997898016,0.03055,0.481515,0.345456510204082,0.128115214230411,7.185356,-0.764176
24.042036,"P27","SO_1.2",100,28,5677.054199,8022.530273,-112.989616,-0.008748,-0.909684,27.7777,7.3,1,"{""type"":""M"",""msg"":""FADE0"",""time"":24.0378,""dist"":0.50545}",7.691812,8.691812,0,12.5,8.5,0.025862,8.5,1,0.005859,-0.012085,-0.006226,-0.00912042857142857,0.00164239676779308,-0.909684,0.09111,-0.168490753246753,0.299875489344203,9.816594,0.223596
24.152489,"P27","SO_1.2",100,29,5680.797852,8020.523926,-110.816551,-0.006877,-0.392946,27.7782,-4.146731,-1.008911,"{""type"":""M"",""msg"":""FADE0"",""time"":24.0551,""dist"":0.503583}",7.694344,3.547613,3.547613,6,10.6,0.030823,6,-4.146731,0.004191,-0.009399,-0.005208,-0.00737441558441558,0.00118829276419498,-1.872318,1.8272,0.167932532467532,1.06848340113925,7.691812,-0.909684
20.809799,"P27","SO_1.2",100,30,5708.60498,8105.009766,-109.375122,-0.008423,-0.43809,27.7779,17.4,6.5,"{""type"":""M"",""msg"":""FADE0"",""time"":20.8078,""dist"":0.417157}",4.553257,11.053257,0,13.9,20.8,-0.252918,13.9,6.5,0.00586,-0.012248,-0.006388,-0.00893136956521739,0.00159759535077908,-0.43809,-0.214921,-0.275178108695652,0.0660185429618842,7.694344,-0.392946
22.029169,"P28","SO_1.2",100,1,5696.333984,8071.958496,-110.867317,-0.008219,-0.866367,27.7776,11.6,1.7,"{""type"":""M"",""msg"":""FADE0"",""time"":22.0036,""dist"":0.45188}",5.765789,7.465789,0,30.7,14.9,0.202617,14.9,1.7,0.002523,-0.009562,-0.007039,-0.00845713793103448,0.0008261592694729,-0.866367,0.202617,-0.246599706896552,0.320646194700311,NA,NA
22.919914,"P28","SO_1.2",100,2,5693.470703,8067.754395,-112.40416,-0.010905,1.638869,27.7779,1,-1.210325,"{""type"":""M"",""msg"":""FADE0"",""time"":22.8622,""dist"":0.455956}",5.970543,4.760218,4.760218,16.5,10.9,0.652862,10.9,-1.210325,0.002197,-0.011271,-0.009074,-0.0103663833333333,0.000736400708247449,-1.844687,1.81848,-0.141740933333333,0.837022843435719,5.765789,-0.866367
20.786892,"P28","SO_1.2",100,3,5711.932129,8113.004395,-109.152092,-0.008423,0.120078,27.7777,18.5,9.4,"{""type"":""M"",""msg"":""FADE0"",""time"":20.72,""dist"":0.406866}",4.139271,13.539271,0,16.3,11.8,0.551122,11.8,9.4,0.002156,-0.010579,-0.008423,-0.00904216666666667,0.000634682863640081,0.120078,0.554475,0.394062952380952,0.137301600046981,5.970543,1.638869
20.933699,"P28","SO_1.2",100,4,5708.524414,8104.773926,-109.601128,-0.009074,-0.441222,27.7779,10.1,3.9,"{""type"":""M"",""msg"":""FADE0"",""time"":20.9166,""dist"":0.417071}",4.444987,8.344987,0,27.7,16,0.158686,16,3.9,0.000651,-0.009074,-0.008423,-0.00882791111111111,0.000226554410705466,-0.441222,0.158686,-0.0823052,0.174611642087337,4.139271,0.120078
21.326824,"P28","SO_1.2",100,5,5705.245117,8093.383789,-109.798264,-0.008748,0.225296,27.7777,17.3,10,"{""type"":""M"",""msg"":""FADE0"",""time"":21.2524,""dist"":0.427359}",4.957624,14.957624,0,22.6,16.3,0.399969,16.3,10,0.000326,-0.009074,-0.008748,-0.00883602,0.000124137101625582,0.225296,0.43888,0.3865602,0.0613367585543871,4.444987,-0.441222
22.918062,"P28","SO_1.2",100,6,5687.567871,8052.082031,-112.517319,-0.009562,1.694388,27.7778,1.5,-1.514709,"{""type"":""M"",""msg"":""FADE0"",""time"":22.8903,""dist"":0.47349}",6.567592,5.052883,5.052883,12.3,8.3,0.466889,8.3,-1.514709,0.000855,-0.010254,-0.009399,-0.00969293939393939,0.000222669460362414,-1.858459,1.826163,-0.311997984848485,0.824300189698324,4.957624,0.225296
21.393042,"P28","SO_1.2",100,7,5710.605469,8106.394043,-108.096092,-0.005371,1.026109,27.7779,0.4,5.1,"{""type"":""M"",""msg"":""FADE0"",""time"":21.3644,""dist"":0.414597}",4.437054,4.837054,0,8.1,12.5,0.031568,8.1,0.4,0.001872,-0.007243,-0.005371,-0.00641277777777778,0.00063884408714237,0.031568,1.026109,0.389894,0.304834780661367,6.567592,1.694388
20.308178,"P28","SO_1.2",100,8,5713.643555,8118.466309,-108.767174,-0.007243,0.000255,27.7779,18.6,24.9,"{""type"":""M"",""msg"":""FADE0"",""time"":20.2504,""dist"":0.401342}",3.941422,22.541422,0,34.7,21.7,0.229162,21.7,18.6,0.001505,-0.008748,-0.007243,-0.008467525,0.000350686505300675,0.000255,0.229162,0.13131775,0.0695409716902791,4.437054,1.026109
20.886364,"P28","SO_1.2",100,9,5709.091309,8105.162598,-109.034363,-0.007568,-0.022119,27.7779,17.3,25.2,"{""type"":""M"",""msg"":""FADE0"",""time"":20.8759,""dist"":0.416741}",4.44241,21.74241,0,13.5,18.6,0.159512,13.5,17.3,0.001668,-0.008219,-0.006551,-0.00744095555555556,0.000508052160688052,-0.032823,0.159512,0.00769135555555556,0.0541612676609718,3.941422,0.000255
21.105478,"P28","SO_1.2",100,10,5707.077148,8099.723633,-109.493195,-0.008748,-0.146716,27.7777,16.9,8.7,"{""type"":""M"",""msg"":""FADE0"",""time"":21.0467,""dist"":0.421218}",4.652513,13.352513,0,24.8,32.8,0.308798,24.8,8.7,0.001709,-0.008748,-0.007039,-0.00801844680851064,0.000457010598702644,-0.146716,0.308798,0.0733140212765957,0.132367989164182,4.44241,-0.022119
22.109524,"P28","SO_1.2",100,11,5696.231445,8070.868652,-111.322578,-0.009928,-0.592213,27.7776,6.1,1.9,"{""type"":""M"",""msg"":""FADE0"",""time"":22.0555,""dist"":0.452213}",5.769633,7.669633,0,19.4,13.5,0.633389,13.5,1.9,0.001506,-0.010417,-0.008911,-0.00935813793103448,0.000461367663574437,-0.592213,0.633389,0.188746051724138,0.361331262762231,4.652513,-0.146716
20.794329,"P28","SO_1.2",100,12,5710.296875,8107.32959,-109.241714,-0.009399,0.408062,27.7779,14.1,9,"{""type"":""M"",""msg"":""FADE0"",""time"":20.7279,""dist"":0.412837}",4.351137,13.351137,0,20.8,14.8,0.588631,14.8,9,0.001342,-0.009399,-0.008057,-0.00865134090909091,0.00050333104105765,0.408062,0.588791,0.520020181818182,0.0485934690799287,5.769633,-0.592213
22.793945,"P28","SO_1.2",100,13,5690.418945,8053.751953,-111.042923,-0.007039,0.031603,27.7777,12.7,18.7,"{""type"":""M"",""msg"":""FADE0"",""time"":22.6968,""dist"":0.469005}",6.460199,19.160199,0,17.3,11.6,0.195374,11.6,12.7,0.002685,-0.009399,-0.006714,-0.00817253846153846,0.000634153251315363,0.031603,0.1974,0.100605061538462,0.0586551141013821,4.351137,0.408062
22.514437,"P28","SO_1.2",100,14,5693.956543,8062.535156,-110.889854,-0.008748,0.211084,27.7778,19,11.2,"{""type"":""M"",""msg"":""FADE0"",""time"":22.4624,""dist"":0.460865}",6.066147,17.266147,0,23.1,16.3,0.457042,16.3,11.2,0.001343,-0.008911,-0.007568,-0.00842624590163934,0.000381591826246218,0.211084,0.46023,0.387279163934426,0.0794672688682119,6.460199,0.031603
23.909542,"P28","SO_1.2",100,15,5679.26709,8025.82959,-112.429871,-0.008219,-0.09609,27.7778,48.9,10.1,"{""type"":""M"",""msg"":""FADE0"",""time"":23.8355,""dist"":0.499815}",7.477985,17.577985,0,38.4,25.4,0.58516,25.4,10.1,0.001343,-0.009074,-0.007731,-0.00842732,0.000334348505669224,-0.09609,0.58516,0.335292706666667,0.210992671006811,6.066147,0.211084
23.255571,"P28","SO_1.2",100,16,5687.789062,8043.506348,-110.926094,-0.007894,1.292939,27.7778,-0.707914,11.2,"{""type"":""M"",""msg"":""FADE0"",""time"":23.1582,""dist"":0.479651}",6.780115,6.072201,6.072201,8.3,13.7,0.250487,8.3,-0.707914,0.001506,-0.008057,-0.006551,-0.00760367647058824,0.000347670518291168,0.250487,1.292939,0.660867367647059,0.314085173508188,7.477985,-0.09609
21.192581,"P28","SO_1.2",100,17,5706.595215,8096.581543,-109.383331,-0.009766,0.440781,27.7773,15.1,10.5,"{""type"":""M"",""msg"":""FADE0"",""time"":21.1653,""dist"":0.425238}",4.742147,15.242147,0,10.6,17.3,0.349298,10.6,10.5,0.002727,-0.009766,-0.007039,-0.00810133333333333,0.000674136274288854,0.347152,0.440781,0.378499541666667,0.0292344829581098,6.780115,1.292939
21.298048,"P28","SO_1.2",100,18,5705.270996,8094.31543,-109.566803,-0.008423,-0.057357,27.7777,29.9,15.1,"{""type"":""M"",""msg"":""FADE0"",""time"":21.2911,""dist"":0.428323}",4.844902,19.944902,0,26.4,37.2,-0.002326,26.4,15.1,0.001342,-0.008748,-0.007406,-0.0082750612244898,0.000400896776415247,-0.057357,-0.002321,-0.0178604897959184,0.0141348879227405,4.742147,0.440781
21.899134,"P28","SO_1.2",100,19,5699.428711,8078.10791,-110.269234,-0.008748,-0.0782,27.7777,18.2,9.9,"{""type"":""M"",""msg"":""FADE0"",""time"":21.8516,""dist"":0.444437}",5.4506,15.3506,0,57.8,30.2,0.083012,30.2,9.9,0.001343,-0.009074,-0.007731,-0.00827274545454545,0.000431146413997647,-0.0782,0.083012,0.026479,0.0412118326014553,4.844902,-0.057357
22.830786,"P28","SO_1.2",100,20,5698.23291,8076.28125,-110.688614,-0.009237,-0.579671,27.7778,9.2,3.1,"{""type"":""M"",""msg"":""FADE0"",""time"":22.7528,""dist"":0.445691}",5.557425,8.657425,0,22.9,14.4,0.039253,14.4,3.1,0.001547,-0.009766,-0.008219,-0.00886814285714286,0.000358206209203146,-0.579671,0.039253,-0.162929589285714,0.184119406199818,5.4506,-0.0782
22.132168,"P28","SO_1.2",100,21,5697.394043,8072.862793,-110.771851,-0.008911,-0.184874,27.7779,12,5.6,"{""type"":""M"",""msg"":""FADE0"",""time"":22.0792,""dist"":0.449959}",5.668064,11.268064,0,27.9,18.5,0.28925,18.5,5.6,0.001342,-0.009399,-0.008057,-0.00877349122807018,0.000371800931894197,-0.184874,0.28925,0.145927421052632,0.135657939706026,5.557425,-0.579671
22.123753,"P28","SO_1.2",100,22,5696.035645,8072.078125,-111.513847,-0.010091,-1.200377,27.7776,3.9,-0.100115,"{""type"":""M"",""msg"":""FADE0"",""time"":22.0469,""dist"":0.450493}",5.760964,5.660849,5.660849,13.7,9.6,0.722168,9.6,-0.100115,0.001343,-0.010254,-0.008911,-0.00955305172413793,0.000410628676005924,-1.200377,0.722168,-0.0384281034482759,0.582837565247413,5.668064,-0.184874
21.639105,"P28","SO_1.2",100,23,5700.772949,8084.373535,-110.534737,-0.007568,-0.962315,27.7778,14.5,0.9,"{""type"":""M"",""msg"":""FADE0"",""time"":21.5519,""dist"":0.436995}",5.25794,6.15794,0,59.5,14.2,0.39537,14.2,0.9,0.001831,-0.009074,-0.007243,-0.00846598113207547,0.000483801830479812,-0.962315,0.39537,-0.222007735849057,0.401096190666862,5.760964,-1.200377
21.523123,"P28","SO_1.2",100,24,5702.653809,8088.198242,-110.557541,-0.008748,-0.489444,27.7778,8.2,2.7,"{""type"":""M"",""msg"":""FADE0"",""time"":21.495,""dist"":0.434426}",5.154122,7.854122,0,19.8,13.9,0.580211,13.9,2.7,0.00118,-0.009928,-0.008748,-0.00939705769230769,0.000387171513569968,-0.489444,0.580211,0.195823038461538,0.320517559749116,5.25794,-0.962315
21.101421,"P28","SO_1.2",100,25,5706.8125,8097.263184,-109.227562,-0.007406,0.422834,27.7778,10,18.5,"{""type"":""M"",""msg"":""FADE0"",""time"":21.0807,""dist"":0.424657}",4.752079,14.752079,0,33.4,23.4,0.221462,23.4,10,0.001343,-0.008586,-0.007243,-0.00807291666666667,0.000470622576943646,0.221462,0.422834,0.309863541666667,0.0542148411030413,5.154122,-0.489444
21.025925,"P28","SO_1.2",100,26,5708.585938,8104.195312,-109.345734,-0.007243,-0.188763,27.7781,20.4,26.1,"{""type"":""M"",""msg"":""FADE0"",""time"":21.0128,""dist"":0.417711}",4.447501,24.847501,0,57.8,29.9,0.068834,29.9,20.4,0.001994,-0.009237,-0.007243,-0.00842733333333333,0.000482513494865452,-0.188763,0.068834,-0.0275914,0.0733202203449176,4.752079,0.422834
21.845913,"P28","SO_1.2",100,27,5698.504395,8077.711426,-110.865036,-0.008586,-0.82123,27.7779,8,1.5,"{""type"":""M"",""msg"":""FADE0"",""time"":21.7779,""dist"":0.444569}",5.458099,6.958099,0,16,10.4,0.429678,10.4,1.5,0.001343,-0.009562,-0.008219,-0.0089422,0.000390253687670905,-0.82123,0.429678,-0.078952,0.370963500762242,4.447501,-0.188763
22.01351,"P28","SO_1.2",100,28,5698.561035,8074.513184,-110.252853,-0.008748,0.347568,27.7779,23.9,15.6,"{""type"":""M"",""msg"":""FADE0"",""time"":21.964,""dist"":0.448092}",5.666233,21.266233,0,24.2,17.1,0.253129,17.1,15.6,0.001505,-0.008911,-0.007406,-0.00832636842105263,0.000461367711715432,0.253129,0.347568,0.312214035087719,0.0251046834062355,5.458099,-0.82123
20.593542,"P28","SO_1.2",100,29,5711.567383,8111.273438,-108.713959,-0.008586,0.341724,27.7778,36,23.2,"{""type"":""M"",""msg"":""FADE0"",""time"":20.5567,""dist"":0.409433}",4.244253,27.444253,0,14.3,21.3,0.145915,14.3,23.2,0.001871,-0.008748,-0.006877,-0.00773874418604651,0.000748977814313909,0.125944,0.341724,0.205663720930233,0.0704021283868354,5.666233,0.347568
22.526484,"P28","SO_1.2",100,30,5693.255859,8063.326172,-110.964142,-0.007894,-0.725538,27.7779,40,5,"{""type"":""M"",""msg"":""FADE0"",""time"":22.4889,""dist"":0.460658}",6.061545,11.061545,0,1e+06,16.3,-0.033014,16.3,5,0.001018,-0.008586,-0.007568,-0.00823131147540984,0.000291559916139811,-0.725538,-0.033014,-0.349320032786885,0.201307993266368,4.244253,0.341724
23.77108,"P29","SO_1.2",100,1,5684.25293,8027.003906,-109.547295,-0.006063,0.389181,27.7782,-3.428928,-1.411438,"{""type"":""M"",""msg"":""FADE0"",""time"":23.6853,""dist"":0.496706}",7.369629,3.940701,3.940701,18.5,27.7,0.376632,18.5,-3.428928,0.005046,-0.007894,-0.002848,-0.00549263513513513,0.00103765011885489,-1.821244,1.851794,0.267369648648649,0.895032883643725,NA,NA
22.617939,"P29","SO_1.2",100,2,5689.459473,8056.448242,-112.212822,-0.009562,-1.85254,27.7776,2.2,-1.308966,"{""type"":""M"",""msg"":""FADE0"",""time"":22.575,""dist"":0.468315}",6.360952,5.051986,5.051986,25.1,16.1,0.348503,16.1,-1.308966,0.005005,-0.012248,-0.007243,-0.009621875,0.0010869139143202,-1.85254,0.348503,-0.441677609375,0.678901598306204,7.369629,0.389181
22.939438,"P29","SO_1.2",100,3,5690.195312,8052.660645,-110.98687,-0.008586,0.216852,27.7778,58.7,21.4,"{""type"":""M"",""msg"":""FADE0"",""time"":22.8384,""dist"":0.470022}",6.477614,27.877614,0,16.9,27.9,0.352247,16.9,21.4,0.00472,-0.011271,-0.006551,-0.00799466153846154,0.00114846962406667,0.142768,0.352247,0.236452,0.0725965473369774,6.360952,-1.85254
22.836916,"P29","SO_1.2",100,4,5692.341309,8051.470703,-109.406525,-0.005046,-1.072657,27.7776,-2.626059,0,"{""type"":""M"",""msg"":""FADE0"",""time"":22.82,""dist"":0.472851}",6.462807,3.836748,3.836748,8,14.1,0.299008,8,-2.626059,0.00354,-0.008586,-0.005046,-0.00626824615384615,0.0009137139020019,-1.823073,1.862737,0.460961584615385,0.977189925890415,6.477614,0.216852
23.315279,"P29","SO_1.2",100,5,5685.112793,8041.318848,-112.190193,-0.009766,-0.421797,27.7778,7.8,3.1,"{""type"":""M"",""msg"":""FADE0"",""time"":23.2303,""dist"":0.482847}",6.975323,10.075323,0,16.3,22.9,0.038081,16.3,3.1,0.005371,-0.011434,-0.006063,-0.00876397142857143,0.00148199521769093,-0.421797,0.038081,-0.0505486571428571,0.110970882676348,6.462807,-1.072657
23.083857,"P29","SO_1.2",100,6,5687.580078,8046.397949,-111.499168,-0.008748,0.033725,27.7776,18.5,10.4,"{""type"":""M"",""msg"":""FADE0"",""time"":23.0072,""dist"":0.477464}",6.681147,17.081147,0,16.4,11.8,0.241792,11.8,10.4,0.004069,-0.011108,-0.007039,-0.00864567164179104,0.00116816145869377,0.033725,0.36755,0.232052044776119,0.105285340237481,6.975323,-0.421797
24.839432,"P29","SO_1.2",100,7,5669.875488,8005.64502,-113.49987,-0.009399,-1.061987,27.7777,6.8,0.4,"{""type"":""M"",""msg"":""FADE0"",""time"":24.7855,""dist"":0.522526}",8.284493,8.684493,0,22.9,16.6,0.28309,16.6,0.4,0.006551,-0.013265,-0.006714,-0.00886206024096385,0.00134757106106485,-1.061987,0.334131,-0.177437771084337,0.460693868287966,6.681147,0.033725
25.835169,"P29","SO_1.2",100,8,5657.603027,7978.495605,-115.185089,-0.008748,-1.547079,27.7778,3.3,-0.704754,"{""type"":""M"",""msg"":""FADE0"",""time"":25.767,""dist"":0.551935}",9.37249,8.667736,8.667736,13.6,9.7,0.255355,9.7,-0.704754,0.004191,-0.012248,-0.008057,-0.00936132978723404,0.00106653918648472,-1.547079,0.312761,-0.0903900106382979,0.549230054277149,8.284493,-1.061987
26.470032,"P29","SO_1.2",100,9,5655.041992,7959.102539,-112.859253,-0.006877,0.401479,27.778,-5.364279,-1.93228,"{""type"":""M"",""msg"":""FADE0"",""time"":26.4547,""dist"":0.572408}",10.109492,4.745213,4.745213,8.9,14.7,0.126074,8.9,-5.364279,0.002686,-0.009074,-0.006388,-0.00713090099009901,0.000647858233025567,-1.8739,1.829821,0.244376752475248,0.977286657845408,9.37249,-1.547079
23.459751,"P29","SO_1.2",100,10,5683.584961,8035.731445,-111.879951,-0.009399,0.222767,27.7777,14.6,9.2,"{""type"":""M"",""msg"":""FADE0"",""time"":23.3834,""dist"":0.488846}",7.074859,16.274859,0,28.7,18.2,-0.065759,18.2,9.2,0.002889,-0.009928,-0.007039,-0.00836081690140845,0.00101500744979475,-0.065759,0.252058,0.127598845070423,0.125218314386246,10.109492,0.401479
24.544334,"P29","SO_1.2",100,11,5672.539551,8008.120605,-112.996712,-0.009766,0.440339,27.7779,13.3,8.7,"{""type"":""M"",""msg"":""FADE0"",""time"":24.5169,""dist"":0.519966}",8.192689,16.892689,0,26.2,34.9,-0.060363,26.2,8.7,0.004231,-0.011108,-0.006877,-0.00819912195121951,0.00129200901451432,-0.087804,0.499279,0.201944756097561,0.220888031799956,7.074859,0.222767
25.343727,"P29","SO_1.2",100,12,5665.855469,7987.631348,-112.574219,-0.006877,-1.378215,27.7778,-3.835359,1.1,"{""type"":""M"",""msg"":""FADE0"",""time"":25.3176,""dist"":0.541616}",8.984754,5.149395,5.149395,20.6,15.1,0.231849,15.1,-3.835359,0.002848,-0.009399,-0.006551,-0.00758337777777778,0.000822402954594245,-1.8364,1.874227,0.615132255555556,0.949087452293104,8.192689,0.440339
23.717064,"P29","SO_1.2",100,13,5683.428711,8034.633301,-111.634178,-0.008586,0.489901,27.7776,53.2,27.9,"{""type"":""M"",""msg"":""FADE0"",""time"":23.6309,""dist"":0.489704}",7.170035,35.070035,0,29.6,20,0.24132,20,27.9,0.00236,-0.009399,-0.007039,-0.00798706944444444,0.000754695448814725,0.24132,0.489901,0.336728138888889,0.0675484845268031,8.984754,-1.378215
23.129557,"P29","SO_1.2",100,14,5684.974121,8046.211914,-113.018982,-0.010579,1.394889,27.7779,0.6,-1.718928,"{""type"":""M"",""msg"":""FADE0"",""time"":23.0754,""dist"":0.479169}",6.782708,5.06378,5.06378,16.5,11.8,0.417705,11.8,-1.718928,0.003377,-0.012614,-0.009237,-0.0103137647058824,0.00103960355701135,-1.828459,1.849697,-0.102998720588235,0.893945792383723,7.170035,0.489901
25.57424,"P29","SO_1.2",100,15,5662.713379,7986.57373,-113.725655,-0.007406,-0.106007,27.7778,17.8,23.7,"{""type"":""M"",""msg"":""FADE0"",""time"":25.4908,""dist"":0.5421}",9.021027,26.821027,0,20.1,37.5,0.27312,20.1,17.8,0.003378,-0.010417,-0.007039,-0.00831251111111111,0.000963526542837072,-0.106007,0.382253,0.193053077777778,0.167251345022201,6.782708,1.394889
24.470934,"P29","SO_1.2",100,16,5672.225098,8010.493652,-113.12822,-0.008057,-0.769842,27.778,19.3,3,"{""type"":""M"",""msg"":""FADE0"",""time"":24.4585,""dist"":0.518303}",8.078131,11.078131,0,14.8,10.4,0.296152,10.4,3,0.004028,-0.010905,-0.006877,-0.00865438271604938,0.000998019733871796,-0.769842,0.309915,-0.0755546543209877,0.357551650523884,9.021027,-0.106007
24.958517,"P29","SO_1.2",100,17,5669.041504,7997.243164,-112.561615,-0.007243,1.480692,27.7778,-1.113974,6.4,"{""type"":""M"",""msg"":""FADE0"",""time"":24.9027,""dist"":0.530653}",8.689958,7.575984,7.575984,45.8,52.4,0.196267,45.8,-1.113974,0.00354,-0.009766,-0.006226,-0.00741458620689655,0.000830041867138572,0.160988,1.480692,0.554825850574713,0.405011409691781,8.078131,-0.769842
25.577541,"P29","SO_1.2",100,18,5667.349609,7988.907715,-112.094063,-0.006877,-0.50858,27.7782,-4.476848,-0.934921,"{""type"":""M"",""msg"":""FADE0"",""time"":25.5089,""dist"":0.538679}",8.92498,4.448132,4.448132,9.5,16.1,0.054945,9.5,-4.476848,0.002035,-0.008586,-0.006551,-0.00733385393258427,0.000540336543919238,-1.865895,1.839413,0.220786797752809,1.05213558264321,8.689958,1.480692
21.202412,"P29","SO_1.2",100,19,5704.770508,8096.135254,-110.757805,-0.011271,-1.158017,27.7779,3.4,0,"{""type"":""M"",""msg"":""FADE0"",""time"":21.1144,""dist"":0.42448}",4.850964,4.850964,4.850964,16.4,11.7,0.139498,11.7,0,0.005046,-0.013794,-0.008748,-0.010901612244898,0.00144946890872034,-1.158017,0.182201,-0.23870206122449,0.406013004637906,8.92498,-0.50858
23.808256,"P29","SO_1.2",100,20,5678.418457,8027.603516,-112.941841,-0.009399,-1.559421,27.7778,3.9,-1.108532,"{""type"":""M"",""msg"":""FADE0"",""time"":23.7234,""dist"":0.498035}",7.470739,6.362207,6.362207,18.2,11.1,0.154258,11.1,-1.108532,0.002523,-0.010091,-0.007568,-0.00893396,0.000494969462339495,-1.559421,0.154258,-0.48921948,0.510411114600011,4.850964,-1.158017
20.788244,"P29","SO_1.2",100,21,5708.895508,8104.658691,-109.326057,-0.007894,-0.047603,27.7777,38.2,43.4,"{""type"":""M"",""msg"":""FADE0"",""time"":20.699,""dist"":0.415068}",4.437843,42.637843,0,16.5,11,0.249486,11,38.2,0.001831,-0.009399,-0.007568,-0.00850777777777778,0.000423840873275084,-0.047603,0.249486,0.127136355555556,0.0881118741828085,7.470739,-1.559421
20.905357,"P29","SO_1.2",100,22,5707.853516,8102.404785,-109.790733,-0.007731,-0.302472,27.778,44.1,5.4,"{""type"":""M"",""msg"":""FADE0"",""time"":20.8066,""dist"":0.417254}",4.647712,10.047712,0,16.9,12.1,0.242419,12.1,5.4,0.004028,-0.011759,-0.007731,-0.00958372340425532,0.000928099195928868,-0.302472,0.30639,0.139804361702128,0.188599055020043,4.437843,-0.047603
23.236767,"P29","SO_1.2",100,23,5686.894531,8042.851074,-111.405815,-0.009074,0.690344,27.7778,21.6,15.4,"{""type"":""M"",""msg"":""FADE0"",""time"":23.2013,""dist"":0.482218}",6.876112,22.276112,0,50.8,57,0.231281,50.8,15.4,0.002727,-0.009766,-0.007039,-0.0081271884057971,0.000731945941337247,0.231281,0.690344,0.42431563768116,0.156223717135073,4.647712,-0.302472
20.937061,"P29","SO_1.2",100,24,5707.990723,8102.806641,-109.622833,-0.008748,-0.301299,27.7779,12.4,5.2,"{""type"":""M"",""msg"":""FADE0"",""time"":20.8433,""dist"":0.416972}",4.543245,9.743245,0,12.9,9,0.28869,9,5.2,0.007243,-0.012777,-0.005534,-0.00919682608695652,0.00152806832750586,-0.301299,0.3002,0.108104913043478,0.196868402441815,6.876112,0.690344
22.422308,"P29","SO_1.2",100,25,5693.726074,8065.467773,-111.529373,-0.009562,-1.05162,27.7779,5.2,0.3,"{""type"":""M"",""msg"":""FADE0"",""time"":22.4138,""dist"":0.459328}",5.975792,6.275792,0,19.5,13.1,0.288512,13.1,0.3,0.001831,-0.010742,-0.008911,-0.00941573333333333,0.00053580067969496,-1.05162,0.288512,-0.156049816666667,0.413151610378715,4.543245,-0.301299
22.000929,"P29","SO_1.2",100,26,5698.185059,8074.658203,-110.473091,-0.008586,-0.059536,27.7776,18.7,9.6,"{""type"":""M"",""msg"":""FADE0"",""time"":21.9915,""dist"":0.449163}",5.651816,15.251816,0,27.5,42.3,0.259885,27.5,9.6,0.002848,-0.010091,-0.007243,-0.0086070350877193,0.000749700558435363,-0.059536,0.277514,0.162680333333333,0.103319426646087,5.975792,-1.05162
23.05858,"P29","SO_1.2",100,27,5687.254395,8050.028809,-112.262016,-0.008057,-1.60147,27.7779,3.7,-0.910822,"{""type"":""M"",""msg"":""FADE0"",""time"":23.044,""dist"":0.475893}",6.57468,5.663858,5.663858,41.8,52.1,0.177462,41.8,-0.910822,0.003865,-0.011922,-0.008057,-0.00967621212121212,0.000977650362468828,-1.60147,0.206331,-0.366344757575758,0.566933547560777,5.651816,-0.059536
22.309214,"P29","SO_1.2",100,28,5695.620605,8065.010254,-110.002251,-0.006877,0.91238,27.7778,1.5,8.4,"{""type"":""M"",""msg"":""FADE0"",""time"":22.2153,""dist"":0.456782}",5.960764,7.460764,0,38.8,48.1,0.228159,38.8,1.5,0.004679,-0.009399,-0.00472,-0.0072483,0.000847141020417838,0.225917,0.91238,0.429519316666667,0.201405067971471,6.57468,-1.60147
20.621883,"P29","SO_1.2",100,29,5712.328125,8112.282227,-108.584404,-0.008219,0.738596,27.7775,18,40.3,"{""type"":""M"",""msg"":""FADE0"",""time"":20.5708,""dist"":0.407836}",4.241577,22.241577,0,20.1,14.8,0.471861,14.8,18,0.004231,-0.009928,-0.005697,-0.0081163023255814,0.00142417559335524,0.471861,0.738596,0.568150488372093,0.072259760948286,5.960764,0.91238
22.314894,"P29","SO_1.2",100,30,5694.451172,8064.577148,-110.656631,-0.008586,-0.04227,27.7777,25.6,14.3,"{""type"":""M"",""msg"":""FADE0"",""time"":22.2484,""dist"":0.458292}",6.073033,20.373033,0,1e+06,31.4,-0.032425,31.4,14.3,0.003052,-0.009766,-0.006714,-0.00836754098360656,0.000870328914333933,-0.043675,0.042737,-0.00419334426229508,0.0308426855147674,4.241577,0.738596
18.60829,"P30","SO_1.2",100,1,5729.119141,8163.332031,-105.157562,-0.003011,1.155163,27.778,0,2.8,"{""type"":""M"",""msg"":""FADE0"",""time"":18.58,""dist"":0.354759}",2.22317,2.22317,2.22317,4.4,7.6,0.070309,4.4,0,0.003703,-0.0059,-0.002197,-0.00343734782608696,0.00112800844648255,0.070309,1.155163,0.497501782608696,0.335690082014776,NA,NA
17.700457,"P30","SO_1.2",100,2,5735.976074,8189.692383,-106.017296,-0.011108,0.289456,27.7768,10.2,6.7,"{""type"":""M"",""msg"":""FADE0"",""time"":17.6693,""dist"":0.327448}",1.217114,7.917114,0,13.3,9.5,0.264064,9.5,6.7,0.000366,-0.011108,-0.010742,-0.0109393076923077,0.000106024670568839,0.264064,0.305547,0.293424076923077,0.0126962090763447,2.22317,1.155163
18.593239,"P30","SO_1.2",100,3,5731.120117,8173.111816,-106.620834,-0.012085,0.235357,27.7772,8.9,5.9,"{""type"":""M"",""msg"":""FADE0"",""time"":18.5171,""dist"":0.343469}",1.917326,7.817326,0,5.6,9.3,0.026098,5.6,5.9,0.006877,-0.012085,-0.005208,-0.0102539,0.00204316779072416,0.026098,0.240939,0.1652809,0.0729659502896638,1.217114,0.289456
18.991325,"P30","SO_1.2",100,4,5725.41748,8153.743652,-106.80336,-0.004883,0.395497,27.778,3.9,7.9,"{""type"":""M"",""msg"":""FADE0"",""time"":18.9826,""dist"":0.36553}",2.627975,6.527975,0,7.9,13.6,0.079624,7.9,3.9,0.005371,-0.010254,-0.004883,-0.00763022222222222,0.00154801494062889,0.079624,0.395497,0.219094148148148,0.0898462014332115,1.917326,0.235357
18.982292,"P30","SO_1.2",100,5,5727.865234,8161.512207,-106.551285,-0.009237,0.457272,27.7776,24.7,19.2,"{""type"":""M"",""msg"":""FADE0"",""time"":18.9674,""dist"":0.35721}",2.331392,21.531392,0,15,10.4,0.117322,10.4,19.2,0.005208,-0.010091,-0.004883,-0.007597125,0.00189897329954671,0.117322,0.457272,0.248838583333333,0.108511230570816,2.627975,0.395497
18.49774,"P30","SO_1.2",100,6,5729.224609,8166.080078,-106.384888,-0.006551,0.437298,27.7778,5,10.7,"{""type"":""M"",""msg"":""FADE0"",""time"":18.3999,""dist"":0.35015}",2.120768,7.120768,0,13,9.2,0.199293,9.2,5,0.004354,-0.010905,-0.006551,-0.00781981818181818,0.00160948757406892,0.199293,0.437298,0.302393363636364,0.0689715411245795,2.331392,0.457272
18.02136,"P30","SO_1.2",100,7,5732.703613,8178.224121,-106.251549,-0.008911,0.317803,27.7775,22.4,15.5,"{""type"":""M"",""msg"":""FADE0"",""time"":18.0131,""dist"":0.340032}",1.613327,17.113327,0,34.9,24.8,0.23594,24.8,15.5,0.000325000000000001,-0.008911,-0.008586,-0.0087484705882353,0.000162500045248863,0.23594,0.317803,0.280982647058824,0.0260941571667423,2.120768,0.437298
18.394102,"P30","SO_1.2",100,8,5729.677734,8169.206543,-106.64576,-0.009766,-0.032934,27.7778,13.9,8.7,"{""type"":""M"",""msg"":""FADE0"",""time"":18.3548,""dist"":0.348604}",2.021583,10.721583,0,5.5,8.2,-0.171855,5.5,8.7,0.00708,-0.009766,-0.002686,-0.00834742857142857,0.00226613575434987,-0.171855,-0.032934,-0.094285,0.0491038956733577,1.613327,0.317803
18.157598,"P30","SO_1.2",100,9,5731.710449,8174.301758,-106.421913,-0.012085,0.467562,27.7774,9.9,7,"{""type"":""M"",""msg"":""FADE0"",""time"":18.1182,""dist"":0.343186}",1.815629,8.815629,0,5.4,10.1,0.127662,5.4,7,0.005534,-0.012085,-0.006551,-0.0106501052631579,0.00181481835316121,0.127662,0.467562,0.335166947368421,0.111947890625988,2.021583,-0.032934
18.557222,"P30","SO_1.2",100,10,5728.23877,8165.251953,-107.12645,-0.007243,-0.282186,27.778,22.9,28.5,"{""type"":""M"",""msg"":""FADE0"",""time"":18.4789,""dist"":0.351732}",2.124441,25.024441,0,11.6,7.2,0.0215,7.2,22.9,0.006225,-0.012939,-0.006714,-0.00917004545454546,0.00194593080866746,-0.282186,0.0215,-0.114244045454545,0.10227639446104,1.815629,0.467562
18.412271,"P30","SO_1.2",100,11,5729.500488,8169.17627,-106.814919,-0.008423,-0.197907,27.7778,23.5,11.4,"{""type"":""M"",""msg"":""FADE0"",""time"":18.397,""dist"":0.349369}",2.019096,13.419096,0,14.3,19.5,-0.029253,14.3,11.4,0.001709,-0.008423,-0.006714,-0.00781638095238095,0.000691506433534098,-0.197907,-0.029253,-0.123126666666667,0.050416815912286,2.124441,-0.282186
19.10784,"P30","SO_1.2",100,12,5724.515137,8151.316895,-107.4347,-0.008219,0.24244,27.7781,53.7,24.3,"{""type"":""M"",""msg"":""FADE0"",""time"":19.1038,""dist"":0.36824}",2.728825,27.028825,0,10,17.3,0.086812,10,24.3,0.004028,-0.010905,-0.006877,-0.00924239285714286,0.00124869132500081,0.086812,0.262037,0.21179225,0.0565367086404767,2.019096,-0.197907
19.189013,"P30","SO_1.2",100,13,5726.84082,8159.358398,-107.034149,-0.008586,0.097738,27.7782,26.2,16.3,"{""type"":""M"",""msg"":""FADE0"",""time"":19.104,""dist"":0.357603}",2.426844,18.726844,0,4.8,7.6,-0.186185,4.8,16.3,0.008382,-0.012085,-0.003703,-0.00983404,0.00216754151209767,-0.186185,0.097738,0.02014756,0.0918053195917317,2.728825,0.24244
19.292933,"P30","SO_1.2",100,14,5722.941895,8145.618164,-107.08165,-0.007894,0.456143,27.7776,6.5,17.4,"{""type"":""M"",""msg"":""FADE0"",""time"":19.2815,""dist"":0.373943}",2.936877,9.436877,0,6.5,10.2,-0.036259,6.5,6.5,0.004883,-0.009766,-0.004883,-0.00735536666666667,0.00168451993536547,-0.036259,0.456143,0.1746138,0.146133779819159,2.426844,0.097738
19.576263,"P30","SO_1.2",100,15,5720.747559,8139.190918,-107.524536,-0.008911,0.307081,27.7774,27.2,20,"{""type"":""M"",""msg"":""FADE0"",""time"":19.5641,""dist"":0.380688}",3.132978,23.132978,0,15.7,9.5,0.05311,9.5,20,0.005046,-0.009237,-0.004191,-0.00719071875,0.00137332218418424,0.019898,0.307081,0.1157940625,0.0953070442337638,2.936877,0.456143
19.310486,"P30","SO_1.2",100,16,5722.330078,8144.167969,-106.872772,-0.007731,0.314808,27.7775,4.8,12,"{""type"":""M"",""msg"":""FADE0"",""time"":19.2576,""dist"":0.374335}",3.030522,7.830522,0,13.6,18.9,-0.289696,13.6,4.8,0.005046,-0.008057,-0.003011,-0.00601051612903226,0.00154641438756386,-0.299899,0.314808,-0.102049967741936,0.202409593307314,3.132978,0.307081
19.400919,"P30","SO_1.2",100,17,5722.983887,8146.250977,-107.161018,-0.0059,0.30391,27.7776,5.2,9.8,"{""type"":""M"",""msg"":""FADE0"",""time"":19.3469,""dist"":0.372137}",2.931252,8.131252,0,44.9,53.5,0.063738,44.9,5.2,0.003702,-0.009399,-0.005697,-0.00752626666666667,0.00128008709114636,0.063738,0.30391,0.155760833333333,0.0686569467334833,3.030522,0.314808
19.306522,"P30","SO_1.2",100,18,5722.726562,8146.680664,-107.846695,-0.008219,-0.084091,27.7786,22.7,9.6,"{""type"":""M"",""msg"":""FADE0"",""time"":19.2148,""dist"":0.370759}",2.928348,12.528348,0,4.7,7.4,-0.034842,4.7,9.6,0.010416,-0.013102,-0.002686,-0.0097968,0.00280815706408166,-0.084091,0.127144,0.0470237,0.065030248076091,2.931252,0.30391
18.491379,"P30","SO_1.2",100,19,5729.365234,8167.137695,-106.39222,-0.007406,0.266794,27.7778,8,15.6,"{""type"":""M"",""msg"":""FADE0"",""time"":18.4757,""dist"":0.351366}",2.123202,10.123202,0,29.3,47.4,-0.012501,29.3,8,0.000813,-0.008219,-0.007406,-0.00790122727272727,0.000390242407182557,-0.012501,0.266794,0.119910227272727,0.0843479231917147,2.928348,-0.084091
19.225534,"P30","SO_1.2",100,20,5723.79541,8149.840332,-107.520554,-0.008911,-0.005152,27.7781,17.3,10,"{""type"":""M"",""msg"":""FADE0"",""time"":19.1564,""dist"":0.368046}",2.724508,12.724508,0,14.7,10.2,-0.000639,10.2,10,0.003499,-0.010905,-0.007406,-0.00947642857142857,0.00115294008801882,-0.005152,0.064275,0.0355909642857143,0.0220569519845905,2.123202,0.266794
19.714705,"P30","SO_1.2",100,21,5719.035156,8135.006836,-107.8302,-0.007894,-0.044148,27.7778,22.3,32.5,"{""type"":""M"",""msg"":""FADE0"",""time"":19.6475,""dist"":0.383651}",3.340525,25.640525,0,12.2,6.9,-0.027562,6.9,22.3,0.005371,-0.009562,-0.004191,-0.0072309705882353,0.00116225430079428,-0.132068,-0.027562,-0.0973588235294118,0.0315013352833587,2.724508,-0.005152
19.069954,"P30","SO_1.2",100,22,5725.125977,8153.886719,-106.899094,-0.007568,0.072871,27.7779,10,18.1,"{""type"":""M"",""msg"":""FADE0"",""time"":18.9702,""dist"":0.362918}",2.622788,12.622788,0,15.5,20.1,-0.087974,15.5,10,0.007731,-0.008423,-0.000692,-0.00591066666666667,0.00254460881079981,-0.160105,0.072871,-0.0772998148148148,0.0718319941760671,3.340525,-0.044148
19.636686,"P30","SO_1.2",100,23,5719.611816,8135.703613,-107.423103,-0.007406,0.297307,27.7778,6.2,13.4,"{""type"":""M"",""msg"":""FADE0"",""time"":19.5617,""dist"":0.382655}",3.341924,9.541924,0,8.5,12.5,-0.097935,8.5,6.2,0.002197,-0.007731,-0.005534,-0.00687426470588235,0.00071295370706207,-0.099262,0.297307,0.0267560882352941,0.122980412236423,2.622788,0.072871
19.259138,"P30","SO_1.2",100,24,5723.717773,8149.639648,-107.49025,-0.009928,-0.018784,27.7777,12.3,7.5,"{""type"":""M"",""msg"":""FADE0"",""time"":19.1903,""dist"":0.368238}",2.833122,10.333122,0,10.9,16.1,-0.078243,10.9,7.5,0.003703,-0.010417,-0.006714,-0.00856593103448276,0.00119985552496464,-0.078243,-0.013257,-0.0478914137931035,0.0230838152972987,3.341924,0.297307
19.090664,"P30","SO_1.2",100,25,5725.706543,8154.475098,-106.442101,-0.005371,0.462535,27.7778,2.9,6.9,"{""type"":""M"",""msg"":""FADE0"",""time"":19.0602,""dist"":0.364128}",2.627649,5.527649,0,18.6,11.4,0.108279,11.4,2.9,0.005371,-0.008911,-0.00354,-0.0054072962962963,0.00136189127022271,0.074457,0.462535,0.183840703703704,0.120839220309408,2.833122,-0.018784
19.107361,"P30","SO_1.2",100,26,5726.02002,8155.953125,-106.457336,-0.007406,0.324628,27.7778,4.6,11,"{""type"":""M"",""msg"":""FADE0"",""time"":19.0076,""dist"":0.360702}",2.522667,7.122667,0,13.9,8.3,-0.019643,8.3,4.6,0.007039,-0.009562,-0.002523,-0.00559188461538462,0.0020382367345708,-0.059319,0.324628,0.0476172307692308,0.12207915474357,2.627649,0.462535
19.006525,"P30","SO_1.2",100,27,5726.38623,8158.287109,-107.214813,-0.008748,-0.026214,27.7779,18.7,10.5,"{""type"":""M"",""msg"":""FADE0"",""time"":18.9356,""dist"":0.359178}",2.427391,12.927391,0,41.8,48.2,0.152297,41.8,10.5,0.001709,-0.008748,-0.007039,-0.00785308,0.000700765112811228,-0.026214,0.152297,0.04681072,0.0517772624876016,2.522667,0.324628
18.868898,"P30","SO_1.2",100,28,5727.456055,8161.216797,-106.698143,-0.009237,0.149576,27.7776,21.3,15.3,"{""type"":""M"",""msg"":""FADE0"",""time"":18.7743,""dist"":0.355407}",2.316591,17.616591,0,9.1,13,-0.039221,9.1,15.3,0.00468,-0.009237,-0.004557,-0.00675125,0.00167378312059317,-0.060252,0.149576,0.00996066666666667,0.0703733305454415,2.427391,-0.026214
18.670862,"P30","SO_1.2",100,29,5727.811523,8162.713379,-106.788284,-0.008586,0.051794,27.7778,31.1,20.2,"{""type"":""M"",""msg"":""FADE0"",""time"":18.5842,""dist"":0.354082}",2.324673,22.524673,0,15.1,20.7,0.051079,15.1,20.2,0.005371,-0.009562,-0.004191,-0.00690391666666667,0.00164177999682388,-0.004988,0.051794,0.0143130833333333,0.0193891816449875,2.316591,0.149576
19.28816,"P30","SO_1.2",100,30,5723.952637,8149.802246,-107.144447,-0.007406,0.163531,27.7779,10.1,17.8,"{""type"":""M"",""msg"":""FADE0"",""time"":19.2405,""dist"":0.36863}",2.734174,12.834174,0,13.4,20.7,-0.002595,13.4,10.1,0.002197,-0.008911,-0.006714,-0.00770514285714286,0.000713251486181194,-0.002595,0.163531,0.0573466428571429,0.0494542097277234,2.324673,0.051794
