"t","id","drive","speed.kmh","occ_nr","x","y","yaw","steer","off","speed","leftTLC","rightTLC","report","OT","OTTLC","true.TLC","FADE1.leftTLC","FADE1.rightTLC","FADE1.off","FADE1.TLC.min","FADE0.TLC.min","steer.ampl","steer.min","steer.max","steer.avg","steer.sd","offset.min","offset.max","offset.avg","offset.sd"
13.151443,"P01","Occ_MO_1.2",100,1,5765.777832,8312.948242,-100.740921,-0.012451,0.571028,27.3894,11.4,8.6,"{""type"":""M"",""msg"":""FADE0"",""time"":13.0583,""dist"":0.198999}",0.403159,9.003159,0,9,6.8,0.471993,6.8,8.6,0.002848,-0.015299,-0.012451,-0.0135498,0.00137504298114641,0.471993,0.571028,0.5242142,0.0391225427688436
13.961686,"P01","Occ_MO_1.2",100,2,5761.414551,8291.068359,-101.997185,-0.01359,0.652983,27.6026,8.7,6.3,"{""type"":""M"",""msg"":""FADE0"",""time"":13.9081,""dist"":0.222376}",0.303884,6.603884,0,9.9,7.3,0.639703,7.3,6.3,0.000650999999999999,-0.01359,-0.012939,-0.01326475,0.000265769793869305,0.639703,0.652983,0.6476225,0.00592941618823752
14.773736,"P01","Occ_MO_1.2",100,3,5756.526367,8269.163086,-103.332039,-0.012451,0.559124,27.6543,8,5.3,"{""type"":""M"",""msg"":""FADE0"",""time"":14.7,""dist"":0.244263}",0.305271999999999,5.605272,0,7.8,5.4,0.616977,5.4,5.3,0.001139,-0.01359,-0.012451,-0.013224,0.000537625024219173,0.559124,0.616977,0.58946875,0.024926127769538
15.884655,"P01","Occ_MO_1.2",100,4,5749.121094,8239.282227,-104.398781,-0.005208,0.26273,27.7435,9.1,13,"{""type"":""M"",""msg"":""FADE0"",""time"":15.8215,""dist"":0.275335}",0.606849,9.706849,0,22.7,28.4,0.41914,22.7,9.1,0.001831,-0.007039,-0.005208,-0.00549285714285714,0.000684485799358767,0.26273,0.41914,0.336383857142857,0.0565018285173987
17.297897,"P01","Occ_MO_1.2",100,5,5739.080078,8201.339844,-105.26725,-0.004557,0.154005,27.775,5.5,9,"{""type"":""M"",""msg"":""FADE0"",""time"":17.2925,""dist"":0.316187}",0.908425999999999,6.408426,0,7.4,11.1,0.180461,7.4,5.5,0.000163,-0.00472,-0.004557,-0.0045733,5.15451258607446e-05,0.143572,0.180461,0.154888,0.0119748016638644
19.022585,"P01","Occ_MO_1.2",100,6,5726.030762,8155.230957,-106.41198,-0.005371,0.549277,27.7779,2.6,6.7,"{""type"":""M"",""msg"":""FADE0"",""time"":18.9803,""dist"":0.363081}",1.218758,3.818758,0,4.9,8.9,0.214993,4.9,2.6,0.000163,-0.005371,-0.005208,-0.00533338461538462,7.14802285735229e-05,0.214993,0.549277,0.363403,0.109340528211943
20.132526,"P01","Occ_MO_1.2",100,7,5716.992676,8125.74707,-108.224754,-0.017456,0.886505,27.7762,6.9,5.2,"{""type"":""M"",""msg"":""FADE0"",""time"":20.0649,""dist"":0.393218}",0.605851999999999,5.805852,0,7.5,5.8,0.751499,5.8,5.2,0.001546,-0.019002,-0.017456,-0.0178631428571429,0.000552791530498141,0.751499,0.886505,0.833543571428571,0.0500808875016446
21.549726,"P01","Occ_MO_1.2",100,8,5703.847168,8088.631836,-110.760674,-0.011434,0.483977,27.7784,6.8,4.1,"{""type"":""M"",""msg"":""FADE0"",""time"":21.4921,""dist"":0.432874}",0.913795,5.013795,0,6.2,4.4,0.83904,4.4,4.1,0.005208,-0.016642,-0.011434,-0.0131712,0.00151514860290629,0.483977,0.83904,0.6797728,0.120852834719477
23.876284,"P01","Occ_MO_1.2",100,9,5680.393066,8028.390137,-111.724289,-0.00354,-0.00089,27.778,4.9,7.9,"{""type"":""M"",""msg"":""FADE0"",""time"":23.7808,""dist"":0.49647}",1.820757,6.720757,0,5.2,7.2,0.218664,5.2,4.9,0.006846,-0.004191,0.002655,-0.00190705263157895,0.00224108528950904,-0.043627,0.218664,0.0200162105263158,0.0788409249886398
27.013449,"P01","Occ_MO_1.2",100,10,5645.880859,7948.364258,-115.537811,-0.01359,0.310561,27.7771,7.1,4.5,"{""type"":""M"",""msg"":""FADE0"",""time"":26.9299,""dist"":0.583968}",2.633375,7.133375,0,27.4,20.5,0.099448,20.5,4.5,0.004353,-0.01359,-0.009237,-0.0108823703703704,0.00135576947065121,0.099448,0.369911,0.289948444444444,0.0835789671132513
29.838634,"P01","Occ_MO_1.2",100,11,5609.64502,7878.743652,-119.429771,-0.010254,-1.05084,27.7779,3.6,0.2,"{""type"":""M"",""msg"":""FADE0"",""time"":29.75,""dist"":0.662327}",2.321022,2.521022,0,6.2,3.7,0.180356,3.7,0.2,0.003174,-0.013428,-0.010254,-0.0107845416666667,0.000664856243315322,-1.05084,0.180356,-0.373818291666667,0.379953493658904
30.848244,"P01","Occ_MO_1.2",100,12,5595.853027,7854.316406,-118.560303,0.017588,-1.50862,27.7763,3.3,-0.908865,"{""type"":""M"",""msg"":""FADE0"",""time"":30.8192,""dist"":0.692036}",0.504973,-0.403892,0,4.3,-0.403892,-1.400789,-0.403892,-0.908865,0.000366999999999999,0.017588,0.017955,0.0176491666666667,0.000149827122600237,-1.517561,-1.400789,-1.479303,0.0455314825895226
31.764601,"P01","Occ_MO_1.2",100,13,5583.960449,7831.804688,-117.083595,0.008026,-0.758927,27.7775,2,3.1,"{""type"":""M"",""msg"":""FADE0"",""time"":31.7355,""dist"":0.717496}",0.40671,2.40671,0,2.6,-1.418512,-1.225898,-1.418512,2,0.003866,0.008026,0.011892,0.0105164,0.00164059083869196,-1.225898,-0.758927,-1.00455,0.185027200353083
33.077068,"P01","Occ_MO_1.2",100,14,5566.928711,7799.562012,-119.228127,-0.015137,0.958732,27.7773,0.4,12.9,"{""type"":""M"",""msg"":""FADE0"",""time"":33.0468,""dist"":0.753931}",0.808951999999998,1.208952,0,2.4,10.1,-0.015433,2.4,0.4,0.003662,-0.018799,-0.015137,-0.0171756666666667,0.00165164168329574,-0.015433,0.958732,0.498987888888889,0.333160444906596
33.985172,"P01","Occ_MO_1.2",100,15,5554.277832,7777.733398,-121.850471,-0.031839,1.63912,27.7733,-0.70602,4,"{""type"":""M"",""msg"":""FADE0"",""time"":33.8917,""dist"":0.777408}",0.402816999999999,-0.303203000000001,0,-0.303203,5.2,1.422982,-0.303203,-0.70602,0.002022,-0.031839,-0.029817,-0.031323,0.000853358951438373,1.422982,1.63912,1.5443298,0.0865430844591294
34.99865,"P01","Occ_MO_1.2",100,16,5538.671387,7754.305176,-125.046669,-0.010742,1.13215,27.7801,6.7,4.3,"{""type"":""M"",""msg"":""FADE0"",""time"":34.9375,""dist"":0.806459}",0.505699999999997,4.8057,0,-1.213798,2.9,1.547148,-1.213798,4.3,0.019075,-0.029817,-0.010742,-0.015135,0.0074613759857013,1.13215,1.547148,1.34803516666667,0.156155790787811
35.909653,"P01","Occ_MO_1.2",100,17,5524.047363,7733.638672,-125.097809,0.001017,0.459474,27.7823,4.7,7,"{""type"":""M"",""msg"":""FADE0"",""time"":35.8566,""dist"":0.832002}",0.405903000000002,5.105903,0,3.6,5.4,0.698021,3.6,4.7,0.007864,0.001017,0.008881,0.004411,0.00315727311140484,0.459474,0.698021,0.5714678,0.0943967123405259
38.334011,"P01","Occ_MO_1.2",100,18,5484.972168,7678.763184,-125.961624,-0.003866,0.559172,27.7778,2,5.1,"{""type"":""M"",""msg"":""FADE0"",""time"":38.2517,""dist"":0.898557}",1.919754,3.919754,0,5.3,7.9,0.296496,5.3,2,0.002523,-0.004354,-0.001831,-0.00278735,0.0011444688620997,0.233904,0.559172,0.32551205,0.101469655827934
40.052895,"P01","Occ_MO_1.2",100,19,5456.129883,7640.705566,-129.023682,-0.019165,1.049701,27.7765,6.4,4.7,"{""type"":""M"",""msg"":""FADE0"",""time"":39.9706,""dist"":0.946317}",1.215668,5.915668,0,9.5,7.6,0.807974,7.6,4.7,0.001872,-0.019165,-0.017293,-0.0176030769230769,0.00048304545361323,0.807974,1.060403,0.985435846153846,0.0850116423280229
42.074471,"P01","Occ_MO_1.2",100,20,5419.297363,7598.310547,-132.953766,-0.014771,-0.060341,27.7785,4,1.9,"{""type"":""M"",""msg"":""FADE0"",""time"":42.0538,""dist"":1.0042}",1.513241,3.413241,0,6.5,4.5,0.920166,4.5,1.9,0.000691000000000001,-0.015462,-0.014771,-0.015078375,0.000214576753944442,-0.060341,0.920166,0.487925625,0.313399036823212
43.393353,"P01","Occ_MO_1.2",100,21,5394.215332,7571.592285,-132.582565,0.010386,-0.899592,27.778,3.5,4.7,"{""type"":""M"",""msg"":""FADE0"",""time"":43.3895,""dist"":1.04131}",0.813590999999995,4.313591,0,5.4,6.6,-0.534404,5.4,3.5,0.004028,0.009206,0.013234,0.0106662222222222,0.00113149909166753,-0.899592,-0.534404,-0.772388777777778,0.13086882247768
45.415287,"P01","Occ_MO_1.2",100,22,5356.390137,7530.052734,-132.989319,-0.010417,0.598554,27.7773,1.1,4.3,"{""type"":""M"",""msg"":""FADE0"",""time"":45.3587,""dist"":1.09603}",1.517456,2.617456,0,3,4.4,-0.747528,3,1.1,0.014578,-0.010417,0.004161,-0.0048568125,0.00433577687339113,-0.747528,0.598554,-0.124360875,0.435441983123795
46.432022,"P01","Occ_MO_1.2",100,23,5336.718262,7509.785156,-136.195084,-0.030933,1.319169,27.7724,-0.406071,3.8,"{""type"":""M"",""msg"":""FADE0"",""time"":46.3795,""dist"":1.12439}",0.507728,0.101656999999996,0.101656999999996,0.1,4.7,1.088965,0.1,-0.406071,0.001185,-0.032118,-0.030933,-0.0311305,0.000483774224199679,1.088965,1.319169,1.22716033333333,0.0884222266778363
47.846973,"P01","Occ_MO_1.2",100,24,5307.510254,7483.475586,-139.165329,-0.008423,0.702934,27.7815,16.9,7.6,"{""type"":""M"",""msg"":""FADE0"",""time"":47.7777,""dist"":1.16324}",0.909045999999996,8.509046,0,-0.911976,4.6,1.204864,-0.911976,7.6,0.006551,-0.014974,-0.008423,-0.0101521,0.0018538051827405,0.702934,1.204864,0.9544631,0.170229965563221
49.764629,"P01","Occ_MO_1.2",100,25,5266.959473,7448.90625,-140.503494,-0.012451,0.301821,27.7775,9.1,5.9,"{""type"":""M"",""msg"":""FADE0"",""time"":49.6875,""dist"":1.21631}",1.413856,7.313856,0,4.2,6.6,0.47203,4.2,5.9,0.012777,-0.012451,0.000326,-0.00700673333333333,0.0048048954272353,0.301821,0.47203,0.366829,0.0478357875131162
52.492577,"P01","Occ_MO_1.2",100,26,5207.102051,7402.419922,-143.719162,-0.008586,-0.266108,27.778,20.3,7.6,"{""type"":""M"",""msg"":""FADE0"",""time"":52.4237,""dist"":1.29234}",2.22197,9.82197,0,10.4,6.2,0.217265,6.2,7.6,0.002156,-0.010742,-0.008586,-0.008929,0.000535560284358183,-0.266108,0.217265,-0.0274757391304348,0.149589905472266
55.727814,"P01","Occ_MO_1.2",100,27,5133.54248,7350.762695,-146.517944,-0.009766,-0.125607,27.7774,17.6,12.2,"{""type"":""M"",""msg"":""FADE0"",""time"":55.714,""dist"":1.38377}",2.729836,14.929836,0,8.9,12,-0.35726,8.9,12.2,0.00472,-0.009766,-0.005046,-0.007089,0.00199265999404109,-0.398532,-0.125607,-0.303910607142857,0.0920292638580107
59.361053,"P01","Occ_MO_1.2",100,28,5047.002441,7298.854492,-152.074402,-0.01766,-0.90348,27.7771,2.8,0.5,"{""type"":""M"",""msg"":""FADE0"",""time"":59.2922,""dist"":1.48319}",3.130516,3.630516,0,7.6,4.9,-0.070225,4.9,0.5,0.006063,-0.01766,-0.011597,-0.01297778125,0.00181607740588149,-0.90348,-0.060444,-0.3021224375,0.256740772504465
60.269066,"P01","Occ_MO_1.2",100,29,5024.623535,7287.204102,-152.084595,0.012583,-1.563639,27.7779,4.5,-0.605644,"{""type"":""M"",""msg"":""FADE0"",""time"":60.1892,""dist"":1.50811}",0.403492,-0.202152,0,5.8,-0.202152,-1.323479,-0.202152,-0.605644,0.002035,0.010874,0.012909,0.0124042,0.000866018879701823,-1.563639,-1.323479,-1.455269,0.0957752891642724
61.076042,"P01","Occ_MO_1.2",100,30,5004.90332,7276.534668,-150.659256,0.016937,-1.423124,27.7768,2.7,-1.41262,"{""type"":""M"",""msg"":""FADE0"",""time"":61.026,""dist"":1.53136}",0.302368000000001,-1.110252,0,3.2,-1.110252,-1.581116,-1.110252,-1.41262,0.000854999999999998,0.016937,0.017792,0.01752725,0.000405080547545793,-1.581116,-1.423124,-1.509498,0.0685565682143828
63.292042,"P01","Occ_MO_1.2",100,31,4950.95166,7246.872559,-152.734451,-0.012777,0.888062,27.7777,0.6,15.3,"{""type"":""M"",""msg"":""FADE0"",""time"":63.2511,""dist"":1.59319}",1.71259300000001,2.31259300000001,0,4.5,24.7,-0.904998,4.5,0.6,0.004191,-0.012777,-0.008586,-0.0111920555555556,0.00143278968828285,-0.904998,0.888062,0.0346797222222223,0.56653614766889
64.301712,"P01","Occ_MO_1.2",100,32,4925.778809,7234.499023,-155.793594,-0.028073,1.404008,27.7726,-0.707405,3.7,"{""type"":""M"",""msg"":""FADE0"",""time"":64.2105,""dist"":1.61985}",0.504584999999992,-0.202820000000008,0,-0.20282,4.5,1.274665,-0.20282,-0.707405,0.002581,-0.030654,-0.028073,-0.0300378333333333,0.00100063188369483,1.274665,1.406561,1.36254366666667,0.0522541313071671
65.415871,"P01","Occ_MO_1.2",100,33,4897.228516,7222.542969,-158.722336,-0.016642,0.688865,27.7801,4.1,2.5,"{""type"":""M"",""msg"":""FADE0"",""time"":65.3878,""dist"":1.65255}",0.60743699999999,3.10743699999999,0,-1.214127,3.4,1.206595,-1.214127,2.5,0.002849,-0.019491,-0.016642,-0.0176944285714286,0.00124071523151539,0.688865,1.206595,0.963109857142857,0.187114645204866
68.44767,"P01","Occ_MO_1.2",100,34,4818.5625,7192.393066,-158.810577,0.002197,-0.654663,27.7777,3.7,5.3,"{""type"":""M"",""msg"":""FADE0"",""time"":68.4215,""dist"":1.73686}",2.52733600000001,6.227336,0,6.7,8.3,0.142516,6.7,3.7,0.003835,0.001343,0.005178,0.00205615384615385,0.00100943151099251,-0.78884,0.142516,-0.542171653846154,0.281706798127549
71.276489,"P01","Occ_MO_1.2",100,35,4744.737793,7165.492676,-163.350235,-0.024585,0.715,27.7758,4.2,2.9,"{""type"":""M"",""msg"":""FADE0"",""time"":71.2021,""dist"":1.81411}",2.3246,5.2246,0,2.5,4,-0.375705,2.5,2.9,0.02842,-0.024585,0.003835,-0.016178,0.00860638862807108,-0.375705,0.797606,0.411858625,0.394455374266057
74.306847,"P01","Occ_MO_1.2",100,36,4663.269531,7144.224609,-165.661087,0.004486,-1.363572,27.7782,5.2,-0.709015,"{""type"":""M"",""msg"":""FADE0"",""time"":74.2563,""dist"":1.89898}",2.526741,1.81772599999999,1.81772599999999,4.4,2.4,0.366015,2.4,-0.709015,0.0171,-0.012614,0.004486,-0.00203061538461538,0.00449239357204529,-1.363572,0.366015,-0.681379307692308,0.560303845686518
75.31514,"P01","Occ_MO_1.2",100,37,4636.165527,7137.136719,-164.848236,0.007172,-0.994208,27.7771,2.8,4,"{""type"":""M"",""msg"":""FADE0"",""time"":75.2593,""dist"":1.92685}",0.505279999999999,3.30528,0,3.7,-1.212028,-1.293789,-1.212028,2.8,0.000854,0.007172,0.008026,0.00782933333333333,0.000331779243875603,-1.293789,-0.994208,-1.15990366666667,0.113076502868928
77.537888,"P01","Occ_MO_1.2",100,38,4576.314453,7121.943848,-168.1689,-0.024934,1.078457,27.7752,6,4.8,"{""type"":""M"",""msg"":""FADE0"",""time"":77.536,""dist"":1.99011}",1.71485899999999,6.51485899999999,0,3,5.9,-0.484692,3,4.8,0.018546,-0.024934,-0.006388,-0.0159361666666667,0.00605665967199354,-0.484692,1.078457,0.39476,0.509516044979593
79.963524,"P01","Occ_MO_1.2",100,39,4509.633789,7112.477051,-175.308044,-0.016317,-1.077368,27.7803,1.5,0,"{""type"":""M"",""msg"":""FADE0"",""time"":79.8937,""dist"":2.05562}",1.920883,1.920883,0,-0.303444,3.1,1.140935,-0.303444,0,0.01608,-0.032397,-0.016317,-0.02251505,0.00504812650474359,-1.077368,1.140935,0.2761992,0.719853960733016
80.77037,"P01","Occ_MO_1.2",100,40,4487.279785,7110.745117,-175.037079,0.017792,1.265363,27.7794,0.2,-0.806846,"{""type"":""M"",""msg"":""FADE0"",""time"":80.7253,""dist"":2.07873}",0.302345000000003,-0.504500999999997,0,0.9,-0.504501,1.73687,-0.504501,-0.806846,0.003214,0.014903,0.018117,0.0171,0.00148077749847842,1.265363,1.73687,1.4944095,0.202966555892837
81.578331,"P01","Occ_MO_1.2",100,41,4464.94873,7108.463867,-172.52182,0.030584,0.798467,27.7736,-0.70665,-1.614807,"{""type"":""M"",""msg"":""FADE0"",""time"":81.5688,""dist"":2.10216}",0.302315000000007,-1.31249199999999,0,-0.404335,-1.312492,0.812148,-1.312492,-1.614807,0.001116,0.029468,0.030584,0.03023525,0.000528138476159425,0.779466,0.812148,0.7935845,0.0147735872082579
82.386635,"P01","Occ_MO_1.2",100,42,4442.762695,7105.015625,-169.574127,0.007009,1.870311,27.7758,2.1,-2.423111,"{""type"":""M"",""msg"":""FADE0"",""time"":82.3734,""dist"":2.12452}",0.303505000000001,-2.119606,0,2.2,-2.119606,1.281658,-2.119606,-2.423111,0.026435,0.007009,0.033444,0.018917,0.0113875412330026,1.281658,1.870311,1.56722025,0.253789186509033
83.291756,"P01","Occ_MO_1.2",100,43,4417.979004,7100.746582,-172.05928,-0.040768,0.043333,27.7738,5.1,4.1,"{""type"":""M"",""msg"":""FADE0"",""time"":83.2427,""dist"":2.14867}",0.401818000000006,4.50181800000001,0,2.5,9.6,-0.733656,2.5,4.1,0.016462,-0.041047,-0.024585,-0.035104,0.00739080459084124,-0.733656,0.043333,-0.3294566,0.307717301792246
84.908119,"P01","Occ_MO_1.2",100,44,4373.236816,7097.271484,-179.248734,-0.031212,0.394358,27.7798,2.8,1.7,"{""type"":""M"",""msg"":""FADE0"",""time"":84.8812,""dist"":2.1942}",1.111419,2.811419,0,4,3,0.623797,3,1.7,0.014648,-0.044465,-0.029817,-0.0338450833333333,0.0054129975472902,0.394358,0.749544,0.644913,0.112212111630365
86.119324,"P01","Occ_MO_1.2",100,45,4339.577148,7097.362305,-179.990082,0.009369,-0.979671,27.7835,5.1,0.6,"{""type"":""M"",""msg"":""FADE0"",""time"":86.0646,""dist"":2.22708}",0.706344999999999,1.306345,0,8.7,1.7,-0.239061,1.7,0.6,0.006226,0.003143,0.009369,0.00700875,0.00181423724625923,-0.979671,-0.239061,-0.6437005,0.260922284805265
87.533142,"P01","Occ_MO_1.2",100,46,4300.294922,7096.79248,-178.831223,-0.004191,-0.776853,27.7792,3.7,5.8,"{""type"":""M"",""msg"":""FADE0"",""time"":87.4811,""dist"":2.26644}",0.909774999999996,4.609775,0,3.4,-0.202453,-1.171399,-0.202453,3.7,0.018443,-0.004191,0.014252,0.0036835,0.00690866649377593,-1.171399,-0.776853,-1.0246619,0.140888965055977
89.85804,"P01","Occ_MO_1.2",100,47,4235.710449,7097.391602,177.472214,-0.013794,0.484949,27.7778,11.3,8.7,"{""type"":""M"",""msg"":""FADE0"",""time"":89.7902,""dist"":2.33061}",1.819985,10.519985,0,10.7,8.2,-0.403206,8.2,8.7,0.003012,-0.015951,-0.012939,-0.0135454736842105,0.000668589840088081,-0.403206,0.484949,0.095312052631579,0.279725749485788
93.196747,"P01","Occ_MO_1.2",100,48,4143.691406,7108.346191,168.519897,-0.020592,1.209064,27.7781,0.1,-0.706894,"{""type"":""M"",""msg"":""FADE0"",""time"":93.1213,""dist"":2.42316}",2.835129,2.12823499999999,2.12823499999999,5.1,3.7,0.582494,3.7,-0.706894,0.003714,-0.024306,-0.020592,-0.0218192068965517,0.000978391989049611,-1.717494,1.838266,0.0340374137931034,0.915309177622845
94.009193,"P01","Occ_MO_1.2",100,49,4121.605469,7113.020996,168.709061,0.026817,-0.589608,27.7776,-0.708,-1.51934,"{""type"":""M"",""msg"":""FADE0"",""time"":93.934,""dist"":2.44574}",0.30206299999999,-1.21727700000001,0,-0.405937,-1.217277,0.029775,-1.217277,-1.51934,0.01095,0.016774,0.027724,0.024533,0.00519030744111881,-0.589608,0.029775,-0.288509,0.266846901421021
94.815384,"P01","Occ_MO_1.2",100,50,4099.547852,7116.870605,172.836075,0.056533,1.102357,27.7624,-1.514191,-2.325531,"{""type"":""M"",""msg"":""FADE0"",""time"":94.7495,""dist"":2.4684}",0.302009999999996,-2.023521,0,-1.212181,-2.023521,1.074635,-2.023521,-2.325531,0.003488,0.053045,0.056533,0.055591,0.00170245783109793,1.047265,1.102357,1.07009425,0.0243444570470707
95.523109,"P01","Occ_MO_1.2",100,51,4079.984131,7118.702148,177.237122,0.051022,0.220919,27.7667,-2.221916,-3.033256,"{""type"":""M"",""msg"":""FADE0"",""time"":95.4901,""dist"":2.48897}",0.201118000000008,-2.83213799999999,0,-2.020798,-2.832138,-0.349767,-2.832138,-3.033256,0.000907000000000005,0.051022,0.051929,0.0513243333333333,0.000523656694154993,-0.349767,0.220919,-0.0705143333333333,0.285537920650364
96.335861,"P01","Occ_MO_1.2",100,52,4057.410889,7119.243652,178.242264,-0.066368,-0.157207,27.7816,0.8,4.9,"{""type"":""M"",""msg"":""FADE0"",""time"":96.2662,""dist"":2.51053}",0.304328999999996,1.104329,0,1.1,-3.541679,-1.506935,-3.541679,0.8,0.057294,-0.066368,-0.009074,-0.035844,0.0247794510027967,-1.506935,-0.157207,-0.82813025,0.581642865052302
96.94339,"P01","Occ_MO_1.2",100,53,4040.586426,7120.401855,172.637146,-0.08569,1.707586,27.7481,-0.202973,2.9,"{""type"":""M"",""msg"":""FADE0"",""time"":96.9292,""dist"":2.52894}",0.101554999999991,-0.101418000000009,0,-0.101418,2.9,1.500913,-0.101418,-0.202973,0.005162,-0.090852,-0.08569,-0.088271,0.00365008520448496,1.500913,1.707586,1.6042495,0.146139879788167
97.749886,"P01","Occ_MO_1.2",100,54,4018.574951,7124.44043,165.606583,-0.077598,-1.785804,27.7663,-1.009469,1.8,"{""type"":""M"",""msg"":""FADE0"",""time"":97.7115,""dist"":2.55066}",0.302391,-0.707078,0,-0.707078,2.2,-1.601092,-0.707078,-1.009469,0.002581,-0.080179,-0.077598,-0.07953375,0.0012905,-1.785804,-1.601092,-1.67525175,0.0821187673246297
99.568893,"P01","Occ_MO_1.2",100,55,3969.87085,7138.075195,165.043152,0.010061,-0.567167,27.7936,4.6,5.9,"{""type"":""M"",""msg"":""FADE0"",""time"":99.548,""dist"":2.60173}",1.314086,5.914086,0,7.1,8.4,1.09359,7.1,4.6,0.002889,0.007172,0.010061,0.00860457142857143,0.000791463951682695,-0.567167,1.09359,0.136212714285714,0.538337422780464
101.390076,"P01","Occ_MO_1.2",100,56,3920.776367,7150.374512,166.264175,-0.001506,-0.014025,27.779,2,4,"{""type"":""M"",""msg"":""FADE0"",""time"":101.369,""dist"":2.65235}",1.316239,3.316239,0,3.3,4.4,-0.737719,3.3,2,0.01592,-0.00236,0.01356,0.00375942857142857,0.00635434289666144,-0.737719,-0.014025,-0.463854928571429,0.247080986309056
102.601944,"P01","Occ_MO_1.2",100,57,3888.179932,7158.805664,163.660645,-0.035257,0.945682,27.7731,4.3,3.3,"{""type"":""M"",""msg"":""FADE0"",""time"":102.505,""dist"":2.68391}",0.706299000000001,4.006299,0,2.4,9.3,0.467047,2.4,3.3,0.019144,-0.035257,-0.016113,-0.024661375,0.00685475101011804,0.467047,0.945682,0.7398005,0.171567471665565
104.01738,"P01","Occ_MO_1.2",100,58,3850.959229,7171.472168,159.738571,-0.006388,0.010385,27.7825,6.2,2.4,"{""type"":""M"",""msg"":""FADE0"",""time"":103.918,""dist"":2.72316}",0.911507,3.311507,0,4.3,2.8,0.82859,2.8,2.4,0.01294,-0.019328,-0.006388,-0.0118815,0.00386755277921323,0.010385,0.82859,0.4345074,0.278789763478265
105.432655,"P01","Occ_MO_1.2",100,59,3814.050537,7185.056641,159.682709,-0.003215,-0.849055,27.7794,10,12.3,"{""type"":""M"",""msg"":""FADE0"",""time"":105.382,""dist"":2.76384}",1.011444,11.011444,0,4.6,5.9,-0.354059,4.6,10,0.015106,-0.003703,0.011403,-0.000198090909090909,0.00481826465554862,-0.849055,-0.354059,-0.633220454545455,0.162353093692337
106.846451,"P01","Occ_MO_1.2",100,60,3777.241211,7198.780273,159.623383,0.003672,-0.902066,27.7776,3.9,5.4,"{""type"":""M"",""msg"":""FADE0"",""time"":106.805,""dist"":2.80338}",0.909744000000003,4.809744,0,6.1,7.9,-0.971558,6.1,3.9,0.002655,0.001017,0.003672,0.0016132,0.000987181487310661,-0.997064,-0.902066,-0.969457,0.0309779015536344
108.463081,"P01","Occ_MO_1.2",100,61,3735.154053,7214.472168,158.527863,-0.014974,0.198334,27.7763,10.4,8.2,"{""type"":""M"",""msg"":""FADE0"",""time"":108.361,""dist"":2.84662}",1.111755,9.311755,0,3,4.6,-0.640667,3,8.2,0.01648,-0.014974,0.001506,-0.00996558333333333,0.00642208318592726,-0.640667,0.198334,-0.207582833333333,0.280736839679192
109.975037,"P01","Occ_MO_1.2",100,62,3696.467773,7230.834473,155.474365,-0.014771,0.515468,27.7777,6.8,4.7,"{""type"":""M"",""msg"":""FADE0"",""time"":109.953,""dist"":2.89085}",1.107811,5.807811,0,6.5,4.8,0.405604,4.8,4.7,0.0061,-0.020871,-0.014771,-0.0165335,0.00190956694281476,0.405604,0.543222,0.506150416666667,0.0440780874615171
111.996025,"P01","Occ_MO_1.2",100,63,3646.029785,7255.506348,152.339981,-0.011597,-0.395024,27.7781,4.5,1.7,"{""type"":""M"",""msg"":""FADE0"",""time"":111.911,""dist"":2.94525}",1.51346600000001,3.21346600000001,0,6.8,4.3,0.39095,4.3,1.7,0.001342,-0.012939,-0.011597,-0.0123010625,0.000436485581090601,-0.395024,0.39095,0.0398729375,0.250845788232922
113.307281,"P01","Occ_MO_1.2",100,64,3613.858887,7272.610352,152.235489,0.007701,-1.122136,27.7783,4.5,0,"{""type"":""M"",""msg"":""FADE0"",""time"":113.297,""dist"":2.98376}",0.804687000000001,0.804687000000001,0.804687000000001,8.3,1.4,-0.762892,1.4,0,0.006521,0.00118,0.007701,0.00467966666666667,0.00223831817443365,-1.122136,-0.762892,-0.976196888888889,0.12597182617201
114.920769,"P01","Occ_MO_1.2",100,65,3573.964355,7293.061035,153.031647,-0.003866,-0.169131,27.7778,2.2,4.2,"{""type"":""M"",""msg"":""FADE0"",""time"":114.822,""dist"":3.02613}",1.10995500000001,3.30995500000001,0,3.2,4.4,-1.066409,3.2,2.2,0.014252,-0.003866,0.010386,0.00231325,0.00565397781333075,-1.066409,-0.169131,-0.674412833333333,0.30155545321333
116.030396,"P01","Occ_MO_1.2",100,66,3546.731934,7307.507324,150.28096,-0.024934,0.731147,27.7742,5.5,4.2,"{""type"":""M"",""msg"":""FADE0"",""time"":116.006,""dist"":3.05905}",0.706848999999991,4.90684899999999,0,8.7,7.1,0.257762,7.1,4.2,0.004342,-0.024934,-0.020592,-0.02439125,0.001535128821956,0.257762,0.731147,0.53036425,0.167986360388277
118.65992,"P01","Occ_MO_1.2",100,67,3485.321777,7347.042969,144.648117,-0.013794,-0.815903,27.7788,2.6,0.5,"{""type"":""M"",""msg"":""FADE0"",""time"":118.605,""dist"":3.13125}",2.120476,2.620476,0,5.1,3.6,0.74633,3.6,0.5,0.006798,-0.020592,-0.013794,-0.0155232272727273,0.00164741361307782,-0.815903,0.74633,0.109571909090909,0.494203047332139
119.468605,"P01","Occ_MO_1.2",100,68,3467.045654,7360.116211,144.929214,0.013234,-1.648639,27.7779,5,-0.507027,"{""type"":""M"",""msg"":""FADE0"",""time"":119.388,""dist"":3.15301}",0.30364999999999,-0.20337700000001,0,5.2,-0.203377,-1.393632,-0.203377,-0.507027,0.002849,0.013234,0.016083,0.0143635,0.00139035738810806,-1.648639,-1.393632,-1.52744575,0.109973728445707
120.175766,"P01","Occ_MO_1.2",100,69,3450.893799,7371.305176,145.935715,0.014252,-1.789639,27.7776,3.6,-1.214188,"{""type"":""M"",""msg"":""FADE0"",""time"":120.162,""dist"":3.17452}",0.201026999999996,-1.013161,0,4.1,-1.013161,-1.813252,-1.013161,-1.214188,0.000855000000000002,0.013397,0.014252,0.0137363333333333,0.000453956312141746,-1.813252,-1.789639,-1.80367733333333,0.0124232315575833
121.081696,"P01","Occ_MO_1.2",100,70,3429.89209,7385.179199,147.144547,-0.009399,-1.036535,27.778,3.4,5.9,"{""type"":""M"",""msg"":""FADE0"",""time"":120.995,""dist"":3.19765}",0.402503999999993,3.80250399999999,0,2.7,-1.717614,-1.497633,-1.717614,3.4,0.024302,-0.009399,0.014903,0.0050518,0.0102773272157697,-1.497633,-1.036535,-1.27701,0.183018191862175
122.497543,"P01","Occ_MO_1.2",100,71,3397.382324,7407.322266,144.038239,-0.01766,0.35665,27.777,9,7.1,"{""type"":""M"",""msg"":""FADE0"",""time"":122.4,""dist"":3.23669}",0.908324999999991,8.00832499999999,0,11.1,9,-0.407083,9,7.1,0.001546,-0.019002,-0.017456,-0.0181029,0.000562249144063377,-0.407083,0.35665,0.00961540000000003,0.256944593351779
124.92421,"P01","Occ_MO_1.2",100,72,3344.638916,7449.289062,138.71463,-0.017822,0.235386,27.7781,4.3,2.5,"{""type"":""M"",""msg"":""FADE0"",""time"":124.887,""dist"":3.3058}",1.922692,4.422692,0,7.3,5.5,0.59036,5.5,2.5,0.001506,-0.019328,-0.017822,-0.01792985,0.000359766338643643,0.235386,0.683393,0.56227215,0.13648863919496
128.464996,"P01","Occ_MO_1.2",100,73,3272.116211,7515.771484,137.670395,0.003835,-0.7805,27.7776,2.7,4,"{""type"":""M"",""msg"":""FADE0"",""time"":128.451,""dist"":3.40485}",3.03609400000002,1.41510700000001,1.41510700000001,4.8,2,-0.156719,2,2.7,0.015106,-0.011271,0.003835,1.77741935483878e-05,0.00420512342038199,-1.217368,-0.156719,-0.905749548387097,0.312561218246372
129.2733,"P01","Occ_MO_1.2",100,74,3255.521729,7530.904785,137.015366,-0.02891,0.057505,27.7757,6.1,4.7,"{""type"":""M"",""msg"":""FADE0"",""time"":129.253,""dist"":3.42711}",0.304428000000001,5.004428,0,3.1,17.3,-0.275321,3.1,4.7,0.014628,-0.02891,-0.014282,-0.02000925,0.00679826729762813,-0.275321,0.057505,-0.10808475,0.143320453298137
131.603241,"P01","Occ_MO_1.2",100,75,3210.384521,7577.293457,133.12326,-0.001343,0.730821,27.7797,1.3,4,"{""type"":""M"",""msg"":""FADE0"",""time"":131.586,""dist"":3.49194}",1.82635500000001,3.12635500000001,0,5.5,3.9,0.384944,3.9,1.3,0.022684,-0.024027,-0.001343,-0.00738752631578947,0.00628943202141869,0.384944,0.730821,0.513465736842105,0.0979652828011831
132.508316,"P01","Occ_MO_1.2",100,76,3193.265625,7595.716797,131.984192,-0.02319,1.265513,27.7763,-0.202042,5.6,"{""type"":""M"",""msg"":""FADE0"",""time"":132.454,""dist"":3.51607}",0.402420000000006,0.200378000000001,0.200378000000001,0.3,14.4,1.025626,0.3,-0.202042,0.0096,-0.02319,-0.01359,-0.019706,0.00419685495341452,1.025626,1.265513,1.1504772,0.0952819604211627
133.316666,"P01","Occ_MO_1.2",100,77,3178.686523,7612.790527,128.438721,-0.017131,1.142572,27.7711,5,3.4,"{""type"":""M"",""msg"":""FADE0"",""time"":133.3,""dist"":3.53955}",0.304077000000007,3.70407700000001,0,-0.706315,2.5,1.324902,-0.706315,3.4,0.027055,-0.044186,-0.017131,-0.0288475,0.0127558815323233,1.142572,1.324902,1.24061475,0.0791012457608391
134.227859,"P01","Occ_MO_1.2",100,78,3163.093506,7632.738281,127.872238,-0.004883,0.413785,27.7827,12.3,15.3,"{""type"":""M"",""msg"":""FADE0"",""time"":134.169,""dist"":3.56372}",0.406036,12.706036,0,6.2,8.3,0.708588,6.2,12.3,0.009735,-0.004883,0.004852,-0.0005432,0.00409762683757318,0.413785,0.708588,0.5563806,0.116336310371268
136.64946,"P01","Occ_MO_1.2",100,79,3122.110107,7686.108887,127.2444,-0.001668,0.109944,27.7779,2.9,5.3,"{""type"":""M"",""msg"":""FADE0"",""time"":136.594,""dist"":3.6311}",1.91426100000001,4.81426100000001,0,5.5,7.6,0.134793,5.5,2.9,0.002319,-0.001668,0.000651,-0.00145485,0.00050178788504601,-0.073199,0.134793,-0.001565,0.0663177409589224
138.266998,"P01","Occ_MO_1.2",100,80,3095.390381,7722.241211,124.42849,-0.029259,0.780579,27.7737,4.3,3.1,"{""type"":""M"",""msg"":""FADE0"",""time"":138.166,""dist"":3.67476}",1.11346399999999,4.21346399999999,0,2.4,5.8,0.354401,2.4,3.1,0.023359,-0.029259,-0.0059,-0.0189890833333333,0.00820790137565165,0.354401,0.78338,0.623364083333333,0.151421936361136
140.390198,"P01","Occ_MO_1.2",100,81,3064.064209,7772.216309,120.176819,-0.009074,-0.821627,27.7791,3,0.5,"{""type"":""M"",""msg"":""FADE0"",""time"":140.378,""dist"":3.73625}",1.719605,2.219605,0,4.6,3.1,0.655819,3.1,0.5,0.011239,-0.020313,-0.009074,-0.0142533888888889,0.002788069227322,-0.821627,0.655819,-0.00684188888888886,0.471064718586322
141.195312,"P01","Occ_MO_1.2",100,82,3052.874268,7791.587891,120.377144,0.011892,-1.6033,27.7784,5.2,-0.503997,"{""type"":""M"",""msg"":""FADE0"",""time"":141.165,""dist"":3.7581}",0.303482000000002,-0.200514999999998,0,6,-0.200515,-1.355718,-0.200515,-0.503997,0.001994,0.011403,0.013397,0.0121865,0.000853125430402821,-1.6033,-1.355718,-1.485065,0.106768950508407
141.898956,"P01","Occ_MO_1.2",100,83,3042.87793,7808.390625,121.442703,0.015106,-1.756119,27.7771,3.6,-1.207641,"{""type"":""M"",""msg"":""FADE0"",""time"":141.894,""dist"":3.77836}",0.201369999999997,-1.006271,0,4,-1.006271,-1.777311,-1.006271,-1.207641,0.000203,0.014903,0.015106,0.0149706666666667,0.000117202104645494,-1.777311,-1.756119,-1.76881866666667,0.0112049746243949
142.814651,"P01","Occ_MO_1.2",100,84,3029.408447,7829.975098,122.185768,-0.008748,-1.049402,27.7782,4.3,7.4,"{""type"":""M"",""msg"":""FADE0"",""time"":142.729,""dist"":3.80155}",0.403579000000008,4.70357900000001,0,3.3,-1.719757,-1.459231,-1.719757,4.3,0.013234,-0.008748,0.004486,-0.001363,0.00590783276675974,-1.459231,-1.049402,-1.2598026,0.162534275183113
144.934006,"P01","Occ_MO_1.2",100,85,2999.67334,7880.791992,118.842781,-0.004557,0.411044,27.7789,2.3,5.6,"{""type"":""M"",""msg"":""FADE0"",""time"":144.889,""dist"":3.86157}",1.61282400000002,3.91282400000002,0,7.7,5.7,-0.532311,5.7,2.3,0.014934,-0.019491,-0.004557,-0.0117378823529412,0.00463661798731512,-0.532311,0.411044,-0.0139755882352941,0.290043135264407
146.96109,"P01","Occ_MO_1.2",100,86,2973.577881,7930.695312,115.351089,-0.019002,1.164472,27.7761,-0.610718,4.5,"{""type"":""M"",""msg"":""FADE0"",""time"":146.865,""dist"":3.91649}",1.51890600000002,0.908187999999996,0.908187999999996,1.7,17.7,0.698228,1.7,-0.610718,0.009763,-0.020871,-0.011108,-0.0170615625,0.00340219979755746,0.698228,1.182616,1.0250675625,0.163835150142643
149.378952,"P01","Occ_MO_1.2",100,87,2947.282227,7992.498047,110.537582,-0.015951,-0.689563,27.7776,2.3,0.6,"{""type"":""M"",""msg"":""FADE0"",""time"":149.28,""dist"":3.98358}",1.91296399999999,2.51296399999999,0,5.3,3.8,1.004319,3.8,0.6,0.003703,-0.017822,-0.014119,-0.01593415,0.0013506897370564,-0.689563,1.004319,0.28349775,0.528184880163324
150.087524,"P01","Occ_MO_1.2",100,88,2940.431152,8010.956543,110.860046,0.01474,-1.581058,27.7781,5.3,-0.403793,"{""type"":""M"",""msg"":""FADE0"",""time"":150.024,""dist"":4.00426}",0.302444000000008,-0.101348999999992,0,5.8,-0.101349,-1.243591,-0.101349,-0.403793,0.002848,0.01474,0.017588,0.01566575,0.00131510262590669,-1.581058,-1.243591,-1.418591,0.145432774909922
150.797836,"P01","Occ_MO_1.2",100,89,2933.243408,8029.336914,112.258064,0.018443,-1.870644,27.777,3.6,-1.114105,"{""type"":""M"",""msg"":""FADE0"",""time"":150.713,""dist"":4.02341}",0.201583999999997,-0.912521000000003,0,3.9,-0.912521,-1.865221,-0.912521,-1.114105,0,0.018443,0.018443,0.018443,0,-1.870644,1.874159,-0.620568666666667,2.16049923637023
151.506073,"P01","Occ_MO_1.2",100,90,2925.60376,8047.470703,113.626015,0.009206,-1.408494,27.7773,2.7,-1.822342,"{""type"":""M"",""msg"":""FADE0"",""time"":151.502,""dist"":4.04533}",0.204146999999978,-1.61819500000002,0,2.8,-1.618195,-1.614264,-1.618195,-1.822342,0.006063,0.009206,0.015269,0.0124613333333333,0.00305618983921702,-1.614264,-1.408494,-1.51387266666667,0.102975620150273
152.819901,"P01","Occ_MO_1.2",100,91,2911.269043,8081.04248,111.8563,-0.017456,0.172383,27.7771,10.2,8.4,"{""type"":""M"",""msg"":""FADE0"",""time"":152.766,""dist"":4.08046}",0.807357999999994,9.20735799999999,0,4.1,16.6,-0.760201,4.1,8.4,0.004517,-0.017456,-0.012939,-0.0159324444444444,0.00203896984474459,-0.760201,0.172383,-0.271028333333333,0.32029890679801
154.033737,"P01","Occ_MO_1.2",100,92,2899.449951,8112.625977,108.849251,-0.01766,0.827651,27.7773,6.9,5.2,"{""type"":""M"",""msg"":""FADE0"",""time"":153.936,""dist"":4.11295}",0.708159999999992,5.90815999999999,0,6.7,5.3,0.581416,5.3,5.2,0.004972,-0.022632,-0.01766,-0.020302125,0.00172167563209301,0.581416,0.827651,0.7322035,0.0880766408954643
155.949707,"P01","Occ_MO_1.2",100,93,2883.712891,8163.477051,105.455727,-0.01359,0.25098,27.7785,5.1,2.9,"{""type"":""M"",""msg"":""FADE0"",""time"":155.942,""dist"":4.1687}",1.413116,4.313116,0,7.3,5.2,0.809443,5.2,2.9,0.001181,-0.014771,-0.01359,-0.0142065,0.000391562108247701,0.25098,0.809443,0.597883857142857,0.178252464627198
157.777069,"P01","Occ_MO_1.2",100,94,2870.86499,8212.599609,104.074997,-0.003866,-0.831045,27.7784,11.3,1.9,"{""type"":""M"",""msg"":""FADE0"",""time"":157.774,""dist"":4.21959}",1.322372,3.222372,0,13.7,16,-0.091232,13.7,1.9,0.001342,-0.005208,-0.003866,-0.004499,0.000562380517224633,-0.831045,-0.091232,-0.488324214285714,0.239221224001222
15.64856,"P02","Occ_MO_1.2",100,1,5750.663086,8245.631836,-103.159027,-0.004883,0.26275,27.7292,3.9,7.5,"{""type"":""M"",""msg"":""FADE0"",""time"":15.5653,""dist"":0.268124}",2.224106,6.124106,0,10.5,6.7,0.03628,6.7,3.9,0.006388,-0.011271,-0.004883,-0.00626817391304348,0.00149557063150959,0.035046,0.26275,0.0962902608695652,0.0714201698963238
17.160761,"P02","Occ_MO_1.2",100,2,5740.446777,8204.910156,-105.367188,-0.008423,0.52698,27.7737,33.6,21.7,"{""type"":""M"",""msg"":""FADE0"",""time"":17.07,""dist"":0.309902}",1.007994,22.707994,0,8.8,6.7,0.423053,6.7,21.7,0.00887,-0.017293,-0.008423,-0.014112,0.0031654047766439,0.423053,0.534726,0.505483454545455,0.037599265073572
21.908707,"P02","Occ_MO_1.2",100,3,5699.819824,8079.44873,-110.673294,-0.008911,-0.179036,27.7779,10.5,4.7,"{""type"":""M"",""msg"":""FADE0"",""time"":21.8117,""dist"":0.441653}",4.240687,8.940687,0,18.5,12.9,0.510166,12.9,4.7,0.002034,-0.009928,-0.007894,-0.0092496976744186,0.000640384985951855,-0.179036,0.510166,0.276767,0.21608266712005
26.255571,"P02","Occ_MO_1.2",100,4,5653.217285,7968.058105,-115.140625,-0.008219,-1.270017,27.7781,6.6,-0.403772,"{""type"":""M"",""msg"":""FADE0"",""time"":26.1683,""dist"":0.562704}",3.841207,3.437435,3.437435,7.3,9.7,-0.326168,7.3,-0.403772,0.008382,-0.010417,-0.002035,-0.00848351282051282,0.00232824530575682,-1.270017,-0.326168,-0.707852051282051,0.281470929879179
27.164131,"P02","Occ_MO_1.2",100,5,5642.47168,7945.214355,-114.732155,0.001994,-1.41573,27.7777,4.9,-1.312332,"{""type"":""M"",""msg"":""FADE0"",""time"":27.1473,""dist"":0.589908}",0.404835000000002,-0.907496999999998,0,4.1,-0.907497,-1.431958,-0.907497,-1.312332,0.012095,0.001994,0.014089,0.0085694,0.00449865950034007,-1.443711,-1.41573,-1.434014,0.011428429791533
28.579721,"P02","Occ_MO_1.2",100,6,5625.889648,7909.547852,-115.64209,-0.011922,-0.696465,27.7769,13.8,10,"{""type"":""M"",""msg"":""FADE0"",""time"":28.5621,""dist"":0.62922}",0.909859999999998,10.90986,0,3.4,-1.818062,-1.237434,-1.818062,10,0.021454,-0.011922,0.009532,-0.0072162,0.00814376217727409,-1.237434,-0.696465,-0.9664953,0.18566095074867
32.7244,"P02","Occ_MO_1.2",100,7,5571.753418,7807.939453,-120.58844,-0.011759,0.736054,27.7776,13.1,10,"{""type"":""M"",""msg"":""FADE0"",""time"":32.703,""dist"":0.744277}",3.639336,13.639336,0,15.8,11.6,-0.456084,11.6,10,0.005574,-0.012451,-0.006877,-0.00952918918918919,0.00144632269024735,-0.456084,0.736054,0.196654675675676,0.370253856348891
34.339809,"P02","Occ_MO_1.2",100,8,5548.128418,7769.778809,-122.762566,-0.004557,0.695561,27.7785,4.7,8.8,"{""type"":""M"",""msg"":""FADE0"",""time"":34.2465,""dist"":0.787165}",1.110733,5.810733,0,6.7,5,0.793578,5,4.7,0.013591,-0.018148,-0.004557,-0.00981658333333333,0.00447828965846913,0.695561,0.794821,0.7520095,0.0362660910882078
39.388222,"P02","Occ_MO_1.2",100,9,5466.141602,7656.051758,-129.324112,-0.012777,-0.644648,27.7777,4.3,1.3,"{""type"":""M"",""msg"":""FADE0"",""time"":39.3151,""dist"":0.928001}",4.543675,5.843675,0,9.8,6.9,0.677296,6.9,1.3,0.004191,-0.012777,-0.008586,-0.0109624565217391,0.00132555621376289,-0.644648,0.677296,0.193756695652174,0.384828962038223
40.396858,"P02","Occ_MO_1.2",100,10,5448.227051,7634.499023,-129.667542,-0.001017,-1.202084,27.7787,7.1,-0.20248,"{""type"":""M"",""msg"":""FADE0"",""time"":40.358,""dist"":0.95698}",0.505695000000003,0.303215000000002,0.303215000000002,6,0.6,-0.975112,0.6,-0.20248,0.007863,-0.001017,0.006846,0.00360783333333333,0.00315567485122702,-1.202084,-0.975112,-1.10090966666667,0.0855832082003629
41.710396,"P02","Occ_MO_1.2",100,11,5424.911621,7606.418945,-129.952423,-0.009928,-1.066329,27.7771,16.7,40.7,"{""type"":""M"",""msg"":""FADE0"",""time"":41.6542,""dist"":0.992996}",0.806420000000003,17.50642,0,4,-0.709598,-1.28709,-0.709598,16.7,0.021657,-0.009928,0.011729,-0.000610222222222221,0.00959736205654681,-1.28709,-1.066329,-1.20243033333333,0.0813991735369592
46.457581,"P02","Occ_MO_1.2",100,12,5334.020508,7510.958496,-136.988647,-0.005046,-1.40714,27.7787,11.4,-0.806702,"{""type"":""M"",""msg"":""FADE0"",""time"":46.3576,""dist"":1.12368}",4.241696,3.434994,3.434994,7.9,4,-0.887607,4,-0.806702,0.010579,-0.015625,-0.005046,-0.0121388139534884,0.00290391412584409,-1.40714,-0.676492,-0.903892837209302,0.2204735672457
47.365376,"P02","Occ_MO_1.2",100,13,5315.542969,7493.787598,-137.022232,0.00351,-1.48497,27.7781,4.6,-1.714497,"{""type"":""M"",""msg"":""FADE0"",""time"":47.2671,""dist"":1.14896}",0.504123999999997,-1.210373,0,5.2,-1.210373,-1.501917,-1.210373,-1.714497,0.004161,0.000854,0.005015,0.00287383333333333,0.0017775512838359,-1.515755,-1.48497,-1.50489833333333,0.0112821786843972
48.370998,"P02","Occ_MO_1.2",100,14,5295.069336,7474.772461,-137.730515,-0.014608,-1.035204,27.7769,9.2,5.3,"{""type"":""M"",""msg"":""FADE0"",""time"":48.346,""dist"":1.17893}",0.502330000000001,5.80233,0,4.2,-2.217789,-1.302795,-2.217789,5.3,0.015096,-0.014608,0.000488,-0.0111153333333333,0.00611848463810008,-1.302795,-1.035204,-1.16769183333333,0.100609565834302
52.813461,"P02","Occ_MO_1.2",100,15,5199.415527,7396.867188,-144.192719,-0.010254,-0.388463,27.7784,8.9,3.8,"{""type"":""M"",""msg"":""FADE0"",""time"":52.7967,""dist"":1.3026}",3.939373,7.739373,0,11.5,36.2,-0.809066,11.5,3.8,0.006063,-0.015137,-0.009074,-0.0121623,0.00173776398031552,-0.809066,-0.146809,-0.332489275,0.190549524990491
57.461323,"P02","Occ_MO_1.2",100,16,5091.425781,7326.132812,-149.641281,-0.009399,1.873031,27.7777,2.5,-1.720253,"{""type"":""M"",""msg"":""FADE0"",""time"":57.4082,""dist"":1.43074}",4.14275,2.422497,2.422497,45.4,6.7,-0.513927,6.7,-1.720253,0.003866,-0.011434,-0.007568,-0.00970638095238095,0.00123321538783745,-1.826568,1.873031,-0.988033380952381,0.597091771621903
58.272068,"P02","Occ_MO_1.2",100,17,5071.961426,7314.791992,-149.246841,0.015594,1.587016,27.7767,4,-2.530998,"{""type"":""M"",""msg"":""FADE0"",""time"":58.2671,""dist"":1.4546}",0.305156999999994,-2.22584100000001,0,5,-2.225841,1.635729,-2.225841,-2.530998,0.002685,0.013072,0.015757,0.01466875,0.0012601146442553,1.587016,1.635729,1.6048475,0.0224241410463515
59.385017,"P02","Occ_MO_1.2",100,18,5045.53125,7298.740234,-148.759949,-0.011271,-1.46256,27.7775,20.7,-3.643947,"{""type"":""M"",""msg"":""FADE0"",""time"":59.3098,""dist"":1.48357}",0.607127999999996,-3.036819,0,3.2,-3.036819,1.765697,-3.036819,-3.643947,0.028371,-0.011271,0.0171,-0.00184557142857143,0.0107829505680208,-1.82748,1.838913,-0.661011142857143,1.6870280170372
60.499008,"P02","Occ_MO_1.2",100,19,5018.846191,7283.05957,-150.49498,-0.009399,-0.636373,27.7776,9.3,32.2,"{""type"":""M"",""msg"":""FADE0"",""time"":60.4408,""dist"":1.515}",0.605491000000001,9.905491,0,9.5,6.6,-1.034151,6.6,9.3,0.0059,-0.015299,-0.009399,-0.0122418571428571,0.00241890956345839,-1.034151,-0.636373,-0.829169571428571,0.142954007874161
62.012547,"P02","Occ_MO_1.2",100,20,4981.875977,7263.020508,-152.790741,-0.009928,0.013607,27.7781,17.7,13,"{""type"":""M"",""msg"":""FADE0"",""time"":61.9691,""dist"":1.55747}",1.009236,14.009236,0,10.9,8.1,-0.347179,8.1,13,0.007365,-0.017293,-0.009928,-0.0132130909090909,0.00215241327140238,-0.347179,0.013607,-0.143274181818182,0.119463149245965
66.962372,"P02","Occ_MO_1.2",100,21,4856.569336,7206.477051,-158.748505,-0.005208,-0.114059,27.7778,11.8,15.1,"{""type"":""M"",""msg"":""FADE0"",""time"":66.9246,""dist"":1.69516}",4.444386,16.244386,0,15.6,11.3,0.11835,11.3,11.8,0.005697,-0.010905,-0.005208,-0.00975826666666667,0.00100211887790548,-0.114059,0.267318,0.165991777777778,0.10563926396595
68.882446,"P02","Occ_MO_1.2",100,22,4806.534668,7187.974121,-161.103317,-0.012248,-0.69102,27.7773,4.6,1.3,"{""type"":""M"",""msg"":""FADE0"",""time"":68.8447,""dist"":1.74851}",1.412819,2.712819,0,42.5,7.5,-0.233102,7.5,1.3,0.004191,-0.012248,-0.008057,-0.0114449333333333,0.0011422334304002,-0.69102,-0.233102,-0.430868466666667,0.146247474278492
69.688263,"P02","Occ_MO_1.2",100,23,4785.304688,7180.858887,-161.492447,0.001343,-1.081045,27.7785,6.7,0.4,"{""type"":""M"",""msg"":""FADE0"",""time"":69.6805,""dist"":1.77174}",0.301186000000001,0.701186000000001,0,6.3,1.2,-0.955689,1.2,0.4,0.00298,0.001343,0.004323,0.00283325,0.0016293876917419,-1.081045,-0.955689,-1.02118425,0.0541311186002716
70.596077,"P02","Occ_MO_1.2",100,24,4761.387207,7172.845215,-161.316925,-0.007039,-1.134363,27.778,11.1,-0.70636,"{""type"":""M"",""msg"":""FADE0"",""time"":70.5465,""dist"":1.7958}",0.403541999999987,-0.302818000000013,0,4.6,-0.302818,-1.175013,-0.302818,-0.70636,0.014211,-0.007039,0.007172,0.0012838,0.00619239918771392,-1.175337,-1.134363,-1.1607526,0.0174846974609228
74.942421,"P02","Occ_MO_1.2",100,25,4645.285156,7139.827148,-167.447983,-0.013102,-1.517024,27.7779,2.6,-0.805397,"{""type"":""M"",""msg"":""FADE0"",""time"":74.85,""dist"":1.91537}",3.83745599999999,3.03205899999999,3.03205899999999,5.9,8,-1.026208,5.9,-0.805397,0.010905,-0.013102,-0.002197,-0.0119065384615385,0.00204399928991328,-1.517024,-0.811102,-0.996605717948718,0.199249969434185
75.853973,"P02","Occ_MO_1.2",100,26,4620.54248,7134.413574,-167.047989,0.0171,1.81915,27.7772,3.8,-1.716949,"{""type"":""M"",""msg"":""FADE0"",""time"":75.752,""dist"":1.94044}",0.407736999999997,-1.309212,0,5,-1.309212,-1.821468,-1.309212,-1.716949,0.004191,0.013397,0.017588,0.0153176,0.00192163818134424,-1.867954,1.84702,0.3604044,2.01307947815152
76.662163,"P02","Occ_MO_1.2",100,27,4598.687012,7129.255371,-166.505371,-0.010254,-1.580595,27.7781,13.9,-2.525139,"{""type"":""M"",""msg"":""FADE0"",""time"":76.6498,""dist"":1.96538}",0.404282000000009,-2.12085699999999,0,3.8,-2.120857,-1.8291,-2.120857,-2.525139,0.020477,-0.010254,0.010223,0.0006224,0.00895215573479372,-1.8291,-1.580595,-1.7108448,0.099012579009942
77.971756,"P02","Occ_MO_1.2",100,28,4563.212891,7121.151855,-167.577148,-0.006226,-0.596166,27.7781,3.5,5.9,"{""type"":""M"",""msg"":""FADE0"",""time"":77.9348,""dist"":2.00109}",0.805106999999992,4.30510699999999,0,5.2,-3.029625,-1.235174,-3.029625,3.5,0.007365,-0.006714,0.000651,-0.00345422222222222,0.00282847422552238,-1.235174,-0.596166,-0.932225555555556,0.219511430066358
78.983109,"P02","Occ_MO_1.2",100,29,4535.712402,7115.380371,-169.314453,-0.020871,0.251918,27.7757,7.1,5.4,"{""type"":""M"",""msg"":""FADE0"",""time"":78.9167,""dist"":2.02837}",0.506752000000006,5.90675200000001,0,12.2,10.1,-0.136601,10.1,5.4,0.005083,-0.020871,-0.015788,-0.0192531666666667,0.00186717416613091,-0.136601,0.251918,0.0678986666666667,0.14571896794538
80.095985,"P02","Occ_MO_1.2",100,30,4505.217773,7110.284668,-172.022263,-0.014771,0.511193,27.7769,7.3,5,"{""type"":""M"",""msg"":""FADE0"",""time"":80.0576,""dist"":2.06007}",0.607604999999992,5.60760499999999,0,5.9,4.4,0.475013,4.4,5,0.008419,-0.02319,-0.014771,-0.0199027142857143,0.00335387401444388,0.475013,0.527461,0.511126,0.0185085618025821
81.414787,"P02","Occ_MO_1.2",100,31,4468.859863,7105.715332,-173.503265,-0.005046,0.219826,27.7795,7.1,10.3,"{""type"":""M"",""msg"":""FADE0"",""time"":81.3349,""dist"":2.09556}",0.812629000000001,7.912629,0,7.3,4.7,0.412,4.7,7.1,0.008748,-0.013794,-0.005046,-0.00712555555555556,0.00294629806329532,0.219826,0.412,0.310316777777778,0.0668758008564716
86.471672,"P02","Occ_MO_1.2",100,32,4328.719238,7096.383789,-178.910614,-0.005534,-0.206358,27.7781,6.1,9.1,"{""type"":""M"",""msg"":""FADE0"",""time"":86.422,""dist"":2.23691}",4.551712,10.651712,0,20.6,12,0.170378,12,6.1,0.004883,-0.010417,-0.005534,-0.00904117391304348,0.00146915636115649,-0.214291,0.170378,-0.038518347826087,0.131123390685469
91.323296,"P02","Occ_MO_1.2",100,33,4194.055664,7100.865234,175.101349,-0.008057,-0.141269,27.7778,15.7,23.9,"{""type"":""M"",""msg"":""FADE0"",""time"":91.2681,""dist"":2.37157}",4.346947,20.046947,0,12.3,43.6,-0.142068,12.3,15.7,0.005534,-0.013102,-0.007568,-0.0104684318181818,0.00174751430639554,-0.142068,-0.001991,-0.0687383181818182,0.0488153378735655
95.462914,"P02","Occ_MO_1.2",100,34,4079.98999,7115.35498,169.986176,-0.009766,-0.368447,27.7778,9.4,3.9,"{""type"":""M"",""msg"":""FADE0"",""time"":95.4499,""dist"":2.48776}",3.635254,7.535254,0,28.6,21.4,-0.129516,21.4,3.9,0.002685,-0.011922,-0.009237,-0.0105178378378378,0.000739749188483409,-0.368447,-0.078872,-0.151263081081081,0.0825823767772985
100.824982,"P02","Occ_MO_1.2",100,35,3935.256104,7150.220703,162.467682,-0.011597,-0.022608,27.7781,-1.012551,-3.028961,"{""type"":""M"",""msg"":""FADE0"",""time"":100.822,""dist"":2.63703}",4.854264,1.82530299999999,1.82530299999999,12.6,4.3,-0.495349,4.3,-3.028961,0.004517,-0.013428,-0.008911,-0.0118599387755102,0.000938452325377695,-1.861828,1.807254,-0.273772306122449,1.09034817627999
101.834297,"P02","Occ_MO_1.2",100,36,3908.542725,7158.759277,162.979996,0.017588,-1.048801,27.7766,-2.021866,-4.038276,"{""type"":""M"",""msg"":""FADE0"",""time"":101.747,""dist"":2.66273}",0.503288000000012,-3.53498799999999,0,-1.518578,-3.534988,-0.620583,-3.534988,-4.038276,0.013428,0.005178,0.018606,0.0150858333333333,0.00514104341225268,-1.048801,-0.620583,-0.857317666666667,0.161884036399722
102.642807,"P02","Occ_MO_1.2",100,37,3886.967529,7165.004395,165.520782,0.014414,-0.847403,27.7728,0,0,"{""type"":""M"",""msg"":""FADE0"",""time"":102.606,""dist"":2.6866}",0.303215000000009,0.303215000000009,0,-2.527161,-4.543571,-1.084747,-4.543571,0,0.01903,0.014414,0.033444,0.02589625,0.00897315115125859,-1.084747,-0.847403,-0.977085,0.102935207413855
103.350403,"P02","Occ_MO_1.2",100,38,3867.931641,7169.921387,165.787567,0.014577,0.122412,27.7792,-0.707596,-0.607025,"{""type"":""M"",""msg"":""FADE0"",""time"":103.339,""dist"":2.70696}",0.203902999999997,-0.503693000000003,0,-0.503693,-0.403122,-0.192832,-0.503693,-0.707596,0.004191,0.010386,0.014577,0.0130716666666667,0.00233152532333092,-0.192832,0.122412,-0.0360383333333333,0.157628529436563
104.36116,"P02","Occ_MO_1.2",100,39,3840.71875,7176.867188,165.061172,-0.014771,-1.763034,27.7782,4.5,-1.617782,"{""type"":""M"",""msg"":""FADE0"",""time"":104.281,""dist"":2.73314}",0.505431999999999,-1.11235,0,-1.212921,-1.11235,1.047639,-1.212921,-1.617782,0.005005,-0.014771,-0.009766,-0.0115968333333333,0.00206262933331868,-1.763034,1.803485,0.894947833333333,1.32929183833038
105.167107,"P02","Occ_MO_1.2",100,40,3819.169922,7182.954102,162.939758,-0.013102,-0.518875,27.7759,4.2,16,"{""type"":""M"",""msg"":""FADE0"",""time"":105.087,""dist"":2.75555}",0.303460000000001,4.50346,0,7.7,6,-0.925387,6,4.2,0.011832,-0.024934,-0.013102,-0.0207335,0.00532743449826775,-0.925387,-0.518875,-0.71645025,0.174817723009568
106.176041,"P02","Occ_MO_1.2",100,41,3792.528564,7191.664062,160.061798,-0.010905,0.337884,27.7754,14.7,11.2,"{""type"":""M"",""msg"":""FADE0"",""time"":106.077,""dist"":2.78304}",0.504104999999996,11.704105,0,5.2,3.9,0.044882,3.9,11.2,0.026375,-0.03728,-0.010905,-0.0258618333333333,0.011325135238339,0.044882,0.337884,0.212526,0.10995383885795
107.18499,"P02","Occ_MO_1.2",100,42,3766.281006,7201.513184,158.625031,-0.008748,0.509054,27.7803,29.8,20,"{""type"":""M"",""msg"":""FADE0"",""time"":107.127,""dist"":2.81223}",0.505416999999994,20.505417,0,6,4.4,0.466537,4.4,20,0.011565,-0.020313,-0.008748,-0.0119575,0.00458365852785741,0.466537,0.509054,0.491796666666667,0.0159276105510735
108.097694,"P02","Occ_MO_1.2",100,43,3742.753174,7210.981934,157.459274,-0.0059,0.487978,27.7792,8,13,"{""type"":""M"",""msg"":""FADE0"",""time"":108.039,""dist"":2.83756}",0.408225999999999,8.408226,0,6.4,4.5,0.519117,4.5,8,0.011068,-0.016968,-0.0059,-0.0090496,0.00469832547829543,0.487978,0.519117,0.50449,0.0123694360825383
112.636925,"P02","Occ_MO_1.2",100,44,3629.254395,7265.779785,150.307541,-0.010579,1.626554,27.7782,0.7,-0.806847,"{""type"":""M"",""msg"":""FADE0"",""time"":112.574,""dist"":2.96356}",4.032357,3.22551,3.22551,13.7,9.5,0.469261,9.5,-0.806847,0.005208,-0.015299,-0.010091,-0.0137263414634146,0.00141602084394539,-1.858015,1.762101,-0.177469951219512,0.82765112573049
113.548523,"P02","Occ_MO_1.2",100,45,3607.257568,7278.338379,151.186066,0.016937,0.600595,27.7762,-0.50956,-1.718445,"{""type"":""M"",""msg"":""FADE0"",""time"":113.534,""dist"":2.99024}",0.408996999999999,-1.309448,0,-0.100563,-1.309448,0.958066,-1.309448,-1.718445,0.009368,0.016612,0.02598,0.0204754,0.00478315918614466,0.600595,0.958066,0.7634442,0.141943778923911
114.659988,"P02","Occ_MO_1.2",100,46,3579.978271,7292.808594,153.195374,-0.001017,0.883631,27.7771,-1.621025,-2.82991,"{""type"":""M"",""msg"":""FADE0"",""time"":114.604,""dist"":3.01997}",0.605705,-2.224205,0,-1.01532,-2.224205,0.497983,-2.224205,-2.82991,0.027276,-0.001017,0.026259,0.0150432857142857,0.00993391223225247,0.497983,0.883631,0.653357714285714,0.143322003367376
115.370361,"P02","Occ_MO_1.2",100,47,3562.397949,7301.783203,152.814941,-0.015788,1.66037,27.779,11.3,-3.540283,"{""type"":""M"",""msg"":""FADE0"",""time"":115.317,""dist"":3.03979}",0.204559000000003,-3.335724,0,4,-3.335724,1.423831,-3.335724,-3.540283,0.017294,-0.015788,0.001506,-0.007731,0.00870717571891139,1.423831,1.66037,1.54174166666667,0.118271133055929
116.482864,"P02","Occ_MO_1.2",100,48,3535.156982,7316.391113,150.77327,-0.011108,-1.024794,27.7778,25.3,20.9,"{""type"":""M"",""msg"":""FADE0"",""time"":116.469,""dist"":3.07179}",0.605491000000001,21.505491,0,8.2,-4.047295,-1.555006,-4.047295,20.9,0.005208,-0.014974,-0.009766,-0.0122768571428571,0.00208851066780225,-1.555006,-1.024794,-1.282785,0.190809350785891
117.290932,"P02","Occ_MO_1.2",100,49,3515.669678,7327.541992,149.550583,-0.011108,-0.475002,27.7782,21.9,17.4,"{""type"":""M"",""msg"":""FADE0"",""time"":117.287,""dist"":3.09454}",0.303146999999996,17.703147,0,10.1,7.1,-0.658134,7.1,17.4,0.00822,-0.014771,-0.006551,-0.01016225,0.00360334875497779,-0.658134,-0.475002,-0.56653075,0.0787274176780237
118.407661,"P02","Occ_MO_1.2",100,50,3489.135742,7343.626953,147.832428,-0.011108,0.040432,27.7781,17.3,12.9,"{""type"":""M"",""msg"":""FADE0"",""time"":118.327,""dist"":3.12342}",0.610382000000001,13.510382,0,39.8,32.5,-0.20626,32.5,12.9,0.004191,-0.014282,-0.010091,-0.0122941428571429,0.00152332054282429,-0.20626,0.040432,-0.0763855714285714,0.0889540861978005
119.519402,"P02","Occ_MO_1.2",100,51,3463.181885,7360.377441,146.282684,-0.012777,0.316944,27.7782,10.7,7.6,"{""type"":""M"",""msg"":""FADE0"",""time"":119.43,""dist"":3.15406}",0.608390999999997,8.208391,0,19.2,14,0.189236,14,7.6,0.002035,-0.012777,-0.010742,-0.0119571428571429,0.000956313656455773,0.189236,0.316944,0.258252142857143,0.0463414072597016
124.265457,"P02","Occ_MO_1.2",100,52,3357.085693,7438.619141,141.027313,-0.006551,0.587864,27.778,4.3,8.9,"{""type"":""M"",""msg"":""FADE0"",""time"":124.198,""dist"":3.28654}",4.241005,8.541005,0,10.3,17.2,0.370527,10.3,4.3,0.00354,-0.010091,-0.006551,-0.00876623255813954,0.00109588667812675,0.370527,0.587864,0.485663953488372,0.0538972565592798
128.008026,"P02","Occ_MO_1.2",100,53,3279.018066,7507.268555,136.453613,-0.007039,0.554886,27.7783,5.5,10.2,"{""type"":""M"",""msg"":""FADE0"",""time"":127.984,""dist"":3.39174}",3.233841,8.733841,0,16.7,12.8,0.663522,12.8,5.5,0.008911,-0.014974,-0.006063,-0.0103364545454545,0.00255698865967016,0.553372,0.732609,0.650019454545455,0.0658496957097615
133.572571,"P02","Occ_MO_1.2",100,54,3173.166504,7619.86084,130.296188,-0.006063,0.866325,27.778,1.7,6.7,"{""type"":""M"",""msg"":""FADE0"",""time"":133.479,""dist"":3.54445}",5.05886900000002,6.75886900000002,0,16,12.2,0.585381,12.2,1.7,0.006551,-0.012614,-0.006063,-0.0091321568627451,0.00191171808980874,0.574595,0.866325,0.638792803921569,0.0762396061348744
135.087936,"P02","Occ_MO_1.2",100,55,3146.601074,7652.520996,127.644516,-0.010579,0.955953,27.7776,12.3,8.7,"{""type"":""M"",""msg"":""FADE0"",""time"":135.068,""dist"":3.58859}",1.00955200000001,9.70955200000001,0,8.3,6.5,0.994982,6.5,8.7,0.008423,-0.019002,-0.010579,-0.0155361818181818,0.00312677270738318,0.955953,1.03657,1.00902727272727,0.026214276725063
138.922394,"P02","Occ_MO_1.2",100,56,3084.385742,7738.993652,124.068871,-0.007406,0.424145,27.7775,8.2,15.7,"{""type"":""M"",""msg"":""FADE0"",""time"":138.889,""dist"":3.69475}",3.33010899999999,11.530109,0,10.8,7.4,0.841569,7.4,8.2,0.005534,-0.010905,-0.005371,-0.00706588235294118,0.0012866551600531,0.392049,0.841569,0.528210323529412,0.143766384312699
143.473557,"P02","Occ_MO_1.2",100,57,3017.978271,7846.563477,119.171288,-0.008586,0.652239,27.7777,29.3,20.4,"{""type"":""M"",""msg"":""FADE0"",""time"":143.432,""dist"":3.821}",4.047349,24.447349,0,6.6,13.6,0.472994,6.6,20.4,0.002523,-0.009766,-0.007243,-0.00887041463414634,0.000690684188888444,0.472994,0.653567,0.615126390243902,0.0549240626642267
148.121811,"P02","Occ_MO_1.2",100,58,2960.177734,7962.010254,113.858536,-0.009562,-0.038627,27.7779,9.1,4.6,"{""type"":""M"",""msg"":""FADE0"",""time"":148.053,""dist"":3.9494}",4.14123499999999,8.74123499999999,0,28.5,19.7,0.64866,19.7,4.6,0.000975999999999999,-0.009562,-0.008586,-0.00937985714285714,0.000227816204420396,-0.038627,0.64866,0.409324928571429,0.212017903422282
151.454132,"P02","Occ_MO_1.2",100,59,2924.77832,8047.557129,110.830406,-0.009562,-0.725102,27.7775,9,2.7,"{""type"":""M"",""msg"":""FADE0"",""time"":151.429,""dist"":4.04318}",2.82897899999998,5.52897899999998,0,28.3,5.8,-0.216065,5.8,2.7,0.007039,-0.009562,-0.002523,-0.00696503448275862,0.002201312311242,-0.725102,-0.216065,-0.511263482758621,0.140064540255713
152.768051,"P02","Occ_MO_1.2",100,60,2912.134521,8081.805664,109.602333,-0.009074,-0.944827,27.7775,10.4,1.7,"{""type"":""M"",""msg"":""FADE0"",""time"":152.739,""dist"":4.0796}",0.807861000000003,2.507861,0,7.6,9.7,-0.827492,7.6,1.7,0.007406,-0.009074,-0.001668,-0.00681322222222222,0.00273591871122745,-0.944827,-0.827492,-0.889504111111111,0.0394741521677301
153.876877,"P02","Occ_MO_1.2",100,61,2901.990479,8110.897461,109.202026,0.004486,-1.015875,27.7783,4.2,5.6,"{""type"":""M"",""msg"":""FADE0"",""time"":153.841,""dist"":4.11022}",0.604904000000005,4.804904,0,8.3,10.5,-1.018594,8.3,4.2,0.007172,-0.002686,0.004486,0.00194585714285714,0.00237783721257865,-1.041878,-1.015875,-1.031112,0.0103617641676824
155.99588,"P02","Occ_MO_1.2",100,62,2883.446533,8166.773438,106.908234,-0.011759,-0.413577,27.7774,10,5.9,"{""type"":""M"",""msg"":""FADE0"",""time"":155.915,""dist"":4.16784}",1.61685199999999,7.516852,0,6.7,9.6,-0.866344,6.7,5.9,0.006877,-0.012248,-0.005371,-0.010531,0.00196554192696739,-0.866344,-0.413577,-0.617118625,0.146777668642463
157.316284,"P02","Occ_MO_1.2",100,63,2873.264648,8201.943359,105.644623,-0.00236,-0.336721,26.8256,5.2,7.7,"{""type"":""M"",""msg"":""FADE0"",""time"":157.229,""dist"":4.20434}",0.810867000000002,6.010867,0,9,5,-0.372744,5,5.2,0.009399,-0.011759,-0.00236,-0.005656,0.00328964260976781,-0.372744,-0.336721,-0.362170888888889,0.0122753176684398
14.88909,"P03","Occ_MO_1.2",100,1,5754.878418,8264.395508,-103.618607,-0.007731,0.013435,27.671,48.7,9.1,"{""type"":""M"",""msg"":""FADE0"",""time"":14.8459,""dist"":0.250068}",1.417365,10.517365,0,12.4,7.1,0.468632,7.1,9.1,0.001505,-0.008911,-0.007406,-0.00773653333333333,0.000469589466094233,0.013435,0.468632,0.233746933333333,0.145573718818467
17.115389,"P03","Occ_MO_1.2",100,2,5739.77002,8204.495117,-104.903999,-0.006226,-0.008327,27.7738,6.4,10.8,"{""type"":""M"",""msg"":""FADE0"",""time"":17.0825,""dist"":0.312127}",1.721378,8.121378,0,4.2,6,-0.120819,4.2,6.4,0.010387,-0.006226,0.004161,-0.00419922222222222,0.00343336788103692,-0.156708,-0.008327,-0.107152777777778,0.0470580806932874
19.035892,"P03","Occ_MO_1.2",100,3,5725.179199,8153.171387,-106.977501,-0.009237,0.33421,27.778,22.3,16.5,"{""type"":""M"",""msg"":""FADE0"",""time"":18.9731,""dist"":0.364658}",1.414083,17.914083,0,17,12.8,0.102508,12.8,16.5,0.006755,-0.014974,-0.008219,-0.009554,0.00194339687881077,0.102508,0.33421,0.227511733333333,0.0721480333604524
20.955408,"P03","Occ_MO_1.2",100,4,5708.48877,8102.520996,-109.666878,-0.010579,0.262025,27.7779,9.2,5.6,"{""type"":""M"",""msg"":""FADE0"",""time"":20.8576,""dist"":0.417019}",1.414188,7.014188,0,14.1,10.2,0.396472,10.2,5.6,0.006714,-0.017131,-0.010417,-0.0121066,0.00206813124065457,0.262025,0.41471,0.366995333333333,0.0504680583221657
23.179819,"P03","Occ_MO_1.2",100,5,5686.779785,8044.65332,-111.469536,-0.006388,-0.075637,27.7777,11,15.7,"{""type"":""M"",""msg"":""FADE0"",""time"":23.1277,""dist"":0.480098}",1.816131,12.816131,0,7.6,10.5,0.15547,7.6,11,0.007894,-0.007568,0.000326,-0.00572868421052632,0.00191007859211871,-0.075637,0.15547,0.0111268421052632,0.0720121460058133
25.706707,"P03","Occ_MO_1.2",100,6,5659.967285,7979.76709,-113.50383,-0.006551,0.130272,27.7776,6.4,11.4,"{""type"":""M"",""msg"":""FADE0"",""time"":25.7029,""dist"":0.551653}",2.023067,8.423067,0,10.9,15.8,-0.084501,10.9,6.4,0.000854000000000001,-0.006551,-0.005697,-0.00632233333333333,0.000263991919068242,-0.084501,0.130272,-0.00912090476190477,0.0694007182094716
28.737873,"P03","Occ_MO_1.2",100,7,5624.207031,7903.526855,-116.858398,-0.008911,0.494842,27.7778,58.1,20.7,"{""type"":""M"",""msg"":""FADE0"",""time"":28.7362,""dist"":0.635934}",2.52531,23.22531,0,12.2,8.9,0.239665,8.9,20.7,0.00586,-0.014608,-0.008748,-0.00937734615384615,0.00143034815180942,0.239665,0.494842,0.39614,0.0758092055919332
31.156857,"P03","Occ_MO_1.2",100,8,5592.395996,7844.32666,-119.712456,-0.009074,0.323565,27.7778,17.4,9.7,"{""type"":""M"",""msg"":""FADE0"",""time"":31.1491,""dist"":0.702981}",1.91597,11.61597,0,26.8,16.6,0.510364,16.6,9.7,0.004354,-0.013102,-0.008748,-0.00976135,0.00127589544510595,0.323565,0.512044,0.44273175,0.0634213451415672
33.983913,"P03","Occ_MO_1.2",100,9,5551.913086,7777.01709,-122.296738,-0.006877,0.013448,27.7779,9.8,14.3,"{""type"":""M"",""msg"":""FADE0"",""time"":33.9248,""dist"":0.780107}",2.324104,12.124104,0,35.3,12.8,0.238887,12.8,9.8,0.001546,-0.008423,-0.006877,-0.00695666666666667,0.000321122307278526,0.013363,0.238887,0.0903429583333333,0.0728604101257593
37.112724,"P03","Occ_MO_1.2",100,10,5503.734863,7704.662109,-125.158379,-0.007568,0.396691,27.7778,5.1,10.7,"{""type"":""M"",""msg"":""FADE0"",""time"":37.0928,""dist"":0.868132}",2.623874,7.723874,0,8.8,13.3,0.027877,8.8,5.1,0.000691,-0.007568,-0.006877,-0.007428,0.000274830717127695,0.027877,0.396691,0.177686888888889,0.113952766118022
39.534313,"P03","Occ_MO_1.2",100,11,5463.516602,7650.731934,-128.376282,-0.010254,0.596319,27.7779,21.1,13.5,"{""type"":""M"",""msg"":""FADE0"",""time"":39.5172,""dist"":0.935494}",1.915836,15.415836,0,8,6,0.517669,6,13.5,0.007039,-0.017293,-0.010254,-0.01145425,0.00227341065072769,0.517669,0.609753,0.58972125,0.0260587390692946
42.159313,"P03","Occ_MO_1.2",100,12,5416.650879,7594.857422,-131.720184,-0.009562,0.245632,27.778,25.5,12.4,"{""type"":""M"",""msg"":""FADE0"",""time"":42.1512,""dist"":1.00868}",2.119865,14.519865,0,20.1,12.6,0.566081,12.6,12.4,0.002523,-0.012085,-0.009562,-0.0104091818181818,0.00073394781417986,0.245632,0.566081,0.432465090909091,0.100304092332556
45.497581,"P03","Occ_MO_1.2",100,13,5353.220215,7527.191406,-134.700195,-0.008748,0.362348,27.7777,4.8,11.3,"{""type"":""M"",""msg"":""FADE0"",""time"":45.4447,""dist"":1.1002}",2.832317,7.632317,0,8.6,12.1,0.141365,8.6,4.8,0.003377,-0.008911,-0.005534,-0.00688224137931035,0.00100334948530169,0.050994,0.362348,0.138387206896552,0.0922016806150592
48.426426,"P03","Occ_MO_1.2",100,14,5294.091797,7471.300781,-138.578537,-0.010254,0.913735,27.7779,21.3,17.2,"{""type"":""M"",""msg"":""FADE0"",""time"":48.3547,""dist"":1.18105}",2.424748,19.624748,0,8.4,6.4,0.522647,6.4,17.2,0.007406,-0.01766,-0.010254,-0.01115896,0.00219738278944141,0.522647,0.913735,0.74410144,0.115261920900139
50.35051,"P03","Occ_MO_1.2",100,15,5252.98877,7437.128418,-141.908951,-0.010254,0.515309,27.7785,9.4,5.5,"{""type"":""M"",""msg"":""FADE0"",""time"":50.2727,""dist"":1.23435}",1.419178,6.919178,0,6,4.5,0.958452,4.5,5.5,0.01754,-0.027794,-0.010254,-0.01455,0.00567247896174402,0.515309,0.958452,0.779339066666667,0.15169672071155
52.881252,"P03","Occ_MO_1.2",100,16,5197.016602,7394.564453,-143.624451,-0.006226,0.060101,27.7778,6.8,11.1,"{""type"":""M"",""msg"":""FADE0"",""time"":52.85,""dist"":1.30596}",2.02425400000001,8.82425400000001,0,4.6,6.7,0.299172,4.6,6.8,0.007894,-0.006226,0.001668,-0.00500109523809524,0.00174108471662817,0.042765,0.299172,0.114504142857143,0.0805724545172143
56.11903,"P03","Occ_MO_1.2",100,17,5123.107422,7343.29541,-147.112885,-0.011434,0.446453,27.7775,11.8,8.5,"{""type"":""M"",""msg"":""FADE0"",""time"":56.1173,""dist"":1.39674}",2.731335,11.231335,0,23.2,17.3,0.114875,17.3,8.5,0.00354,-0.011434,-0.007894,-0.008965,0.00113335839841564,0.114875,0.446453,0.275852357142857,0.104441856744852
59.552361,"P03","Occ_MO_1.2",100,18,5041.047363,7294.685547,-151.288193,-0.008219,-0.171365,27.778,17.5,6.9,"{""type"":""M"",""msg"":""FADE0"",""time"":59.5423,""dist"":1.49191}",2.926564,9.826564,0,6.7,4.7,0.464629,4.7,6.9,0.010417,-0.018636,-0.008219,-0.00959583333333333,0.00285572606968131,-0.171365,0.464629,0.170361333333333,0.203632869659631
62.581429,"P03","Occ_MO_1.2",100,19,4966.498047,7255.632812,-153.792236,-0.009562,-0.241642,27.7777,14.6,8.7,"{""type"":""M"",""msg"":""FADE0"",""time"":62.5058,""dist"":1.57426}",2.525296,11.225296,0,14,17.7,-0.289342,14,8.7,0.01356,-0.009562,0.003998,-0.00631561538461538,0.00360096921483006,-0.356569,-0.241642,-0.307132961538462,0.038596038611734
65.920189,"P03","Occ_MO_1.2",100,20,4882.122559,7217.101562,-157.233414,-0.009399,-0.206029,27.7777,14.4,8.1,"{""type"":""M"",""msg"":""FADE0"",""time"":65.8886,""dist"":1.66825}",2.834774,10.934774,0,14.2,8,-0.239634,8,8.1,0.002522,-0.009399,-0.006877,-0.00809462068965517,0.000943506431721325,-0.253344,-0.20264,-0.229318,0.019462556870272
70.076141,"P03","Occ_MO_1.2",100,21,4774.471191,7175.347656,-160.438019,-0.010417,0.645819,27.7774,3.9,18.5,"{""type"":""M"",""msg"":""FADE0"",""time"":70.0368,""dist"":1.78351}",3.65193900000001,7.55193900000001,0,14.2,7.6,-0.226825,7.6,3.9,0.008057,-0.010417,-0.00236,-0.00581867567567568,0.00229894330863907,-0.26273,0.645819,0.0183857027027026,0.299570150725619
72.300308,"P03","Occ_MO_1.2",100,22,4715.516113,7156.866211,-164.261978,-0.007243,0.403924,27.7794,22.3,26.2,"{""type"":""M"",""msg"":""FADE0"",""time"":72.2906,""dist"":1.84613}",1.717743,24.017743,0,4.5,3.5,0.846842,3.5,22.3,0.032618,-0.039861,-0.007243,-0.0141032777777778,0.0101325275913214,0.403924,0.873915,0.685823277777778,0.161143976075399
75.531319,"P03","Occ_MO_1.2",100,23,4628.603516,7134.395508,-166.745056,-0.006551,-0.097688,27.7778,8.5,12.6,"{""type"":""M"",""msg"":""FADE0"",""time"":75.4881,""dist"":1.93498}",2.725785,11.225785,0,10.2,13.5,0.236654,10.2,8.5,0.001505,-0.006551,-0.005046,-0.00593803571428571,0.000448153122157451,-0.117822,0.236654,-0.0137515714285714,0.112016631041813
80.787743,"P03","Occ_MO_1.2",100,24,4485.175781,7107.0625,-171.635483,-0.008219,0.955244,27.7775,0.9,7,"{""type"":""M"",""msg"":""FADE0"",""time"":80.7199,""dist"":2.08035}",4.75081700000001,5.65081700000001,0,8.4,12.8,-0.05536,8.4,0.9,0.003051,-0.008748,-0.005697,-0.00749889583333333,0.00106212282896662,-0.05536,0.955244,0.315594458333333,0.286045166118618
82.108017,"P03","Occ_MO_1.2",100,25,4448.762695,7102.710938,-175.110764,-0.012451,0.922393,27.7773,7.4,4.9,"{""type"":""M"",""msg"":""FADE0"",""time"":82.1044,""dist"":2.11882}",0.80995200000001,5.70995200000001,0,-0.102302,3.4,1.161812,-0.102302,4.9,0.026015,-0.038466,-0.012451,-0.0250817777777778,0.0123040398322845,0.922393,1.180697,1.09403477777778,0.094377356706704
84.435394,"P03","Occ_MO_1.2",100,26,4384.252441,7098.146484,-176.369537,-0.00236,0.17286,27.7785,3.6,6.1,"{""type"":""M"",""msg"":""FADE0"",""time"":84.3762,""dist"":2.18195}",1.821617,5.421617,0,8.5,11,0.617692,8.5,3.6,0.002523,-0.00354,-0.001017,-0.00231931578947368,0.000794388797380419,0.149031,0.617692,0.286183052631579,0.152778335002227
87.26329,"P03","Occ_MO_1.2",100,27,4305.755859,7094.880371,-179.372635,-0.012777,1.107422,27.7772,0.1,13.2,"{""type"":""M"",""msg"":""FADE0"",""time"":87.165,""dist"":2.25944}",2.320571,2.420571,0,3.2,6.5,0.296592,3.2,0.1,0.007405,-0.013102,-0.005697,-0.00994020833333333,0.00173161661032254,0.296592,1.107422,0.704070916666667,0.246412420736829
88.474228,"P03","Occ_MO_1.2",100,28,4272.126465,7095.440918,177.179657,-0.011108,0.951129,27.7766,8.3,5.2,"{""type"":""M"",""msg"":""FADE0"",""time"":88.4366,""dist"":2.29477}",0.707702999999995,5.907703,0,-0.402832,3,1.248909,-0.402832,5.2,0.037124,-0.048232,-0.011108,-0.026688,0.0159504940720611,0.951129,1.250015,1.1396785,0.112372350456609
91.309235,"P03","Occ_MO_1.2",100,29,4193.545898,7100.957031,174.913284,-0.0059,-0.193306,27.7781,8.9,12.4,"{""type"":""M"",""msg"":""FADE0"",""time"":91.2172,""dist"":2.37203}",2.327271,11.227271,0,7.4,10,0.619226,7.4,8.9,0.003703,-0.006063,-0.00236,-0.00556795833333333,0.000986397815469154,-0.193306,0.619226,0.122845083333333,0.25382593817005
94.038666,"P03","Occ_MO_1.2",100,30,4118.07373,7108.390625,173.438202,-0.007568,0.822757,27.7776,0.9,5,"{""type"":""M"",""msg"":""FADE0"",""time"":93.9747,""dist"":2.44865}",2.22568500000001,3.12568500000001,0,4.5,6.5,-0.220593,4.5,0.9,0.016774,-0.007568,0.009206,-0.00393865217391304,0.00481923809150458,-0.220593,0.822757,0.202654217391304,0.339061079114604
95.353264,"P03","Occ_MO_1.2",100,31,4081.929199,7113.560059,169.608734,-0.01359,1.076798,27.7754,6.9,4.8,"{""type"":""M"",""msg"":""FADE0"",""time"":95.3028,""dist"":2.48555}",0.805351000000002,5.605351,0,0,3.9,1.156987,0,4.8,0.028294,-0.041884,-0.01359,-0.028819,0.0121352786123764,1.076798,1.243059,1.18396966666667,0.0559509330708613
98.286263,"P03","Occ_MO_1.2",100,32,4002.112305,7130.029297,167.673599,-0.004028,0.010854,27.778,5.4,8.5,"{""type"":""M"",""msg"":""FADE0"",""time"":98.1925,""dist"":2.56585}",2.42804000000001,7.82804000000001,0,10.2,5.6,0.786045,5.6,5.4,0.008586,-0.008423,0.000163,-0.00352684,0.00204624755507897,0.000391,0.786045,0.24509884,0.255791263150849
100.508621,"P03","Occ_MO_1.2",100,33,3942.028809,7144.259766,165.513351,-0.008423,0.299604,27.7775,55.5,1e+06,"{""type"":""M"",""msg"":""FADE0"",""time"":100.473,""dist"":2.6292}",1.71682700000001,57.216827,0,7.5,12,0.064029,7.5,55.5,0.00354,-0.008748,-0.005208,-0.00772427777777778,0.00110444821493682,0.064029,0.299604,0.177071944444444,0.0752220938855476
103.341446,"P03","Occ_MO_1.2",100,34,3866.415283,7166.088379,162.43631,-0.006551,0.418942,27.7783,7.4,13.3,"{""type"":""M"",""msg"":""FADE0"",""time"":103.318,""dist"":2.70826}",2.32781200000001,9.72781200000001,0,19.8,14.8,0.375689,14.8,7.4,0.006714,-0.013102,-0.006388,-0.008819375,0.00236446384790368,0.375689,0.427708,0.413378375,0.0120620087656226
106.066986,"P03","Occ_MO_1.2",100,35,3794.892334,7190.94873,159.194687,-0.008911,0.166396,27.778,13.7,7.6,"{""type"":""M"",""msg"":""FADE0"",""time"":106.045,""dist"":2.78404}",2.22101600000001,9.821016,0,10.9,7.9,0.453173,7.9,7.6,0.008748,-0.016805,-0.008057,-0.0102361739130435,0.00250267608865852,0.166396,0.462647,0.34892752173913,0.0993735431115023
108.693062,"P03","Occ_MO_1.2",100,36,3727.122559,7217.992676,157.93811,-0.00118,0.060862,27.7776,2.9,5.2,"{""type"":""M"",""msg"":""FADE0"",""time"":108.633,""dist"":2.85594}",2.122528,5.022528,0,20.2,7.2,0.046067,7.2,2.9,0.00822,-0.007894,0.000326,-0.00193086363636364,0.00232578200459554,-0.160357,0.060862,-0.0801092727272727,0.0721198672774192
111.320534,"P03","Occ_MO_1.2",100,37,3660.227783,7247.196777,154.437897,-0.010417,0.912521,27.7777,14.5,10.8,"{""type"":""M"",""msg"":""FADE0"",""time"":111.286,""dist"":2.92965}",2.1232,12.9232,0,16.5,13.6,0.322632,13.6,10.8,0.002522,-0.012939,-0.010417,-0.0120942272727273,0.000758747648106071,0.322632,0.912521,0.707518181818182,0.18690495664034
113.844185,"P03","Occ_MO_1.2",100,38,3598.28418,7280.02002,150.284775,-0.007568,-0.440725,27.7792,5.9,1.7,"{""type"":""M"",""msg"":""FADE0"",""time"":113.746,""dist"":2.99802}",2.01889799999999,3.71889799999999,0,4.2,3.1,0.913459,3.1,1.7,0.028596,-0.036164,-0.007568,-0.0133761428571429,0.00896506415083414,-0.440725,0.913459,0.306550714285714,0.444381033023029
115.160133,"P03","Occ_MO_1.2",100,39,3566.504883,7298.105469,150.677643,-0.000692,-0.960399,27.7782,5.7,7.6,"{""type"":""M"",""msg"":""FADE0"",""time"":115.062,""dist"":3.03457}",0.810806,6.510806,0,4.2,5.3,-0.805887,4.2,5.7,0.015798,-0.000692,0.015106,0.00651166666666667,0.00666370630730377,-0.970262,-0.805887,-0.925095333333333,0.0577561196844109
116.26931,"P03","Occ_MO_1.2",100,40,3539.668701,7313.260254,150.348663,-0.002523,-0.646249,27.7779,4.3,6.4,"{""type"":""M"",""msg"":""FADE0"",""time"":116.241,""dist"":3.06733}",0.705856000000011,5.00585600000001,0,5.9,8.1,-0.892283,5.9,4.3,0.000692,-0.003215,-0.002523,-0.0026095,0.000244658946290545,-0.892283,-0.646249,-0.780897625,0.0866259517992443
119.093994,"P03","Occ_MO_1.2",100,41,3472.59082,7353.973633,146.324066,-0.015625,0.409581,27.7773,7.1,4.8,"{""type"":""M"",""msg"":""FADE0"",""time"":119.002,""dist"":3.14406}",2.321174,7.121174,0,4.3,7.5,-0.373054,4.3,4.8,0.010254,-0.016805,-0.006551,-0.013342875,0.00226257589471554,-0.373054,0.411739,0.143221375,0.254975546385516
121.524567,"P03","Occ_MO_1.2",100,42,3417.265381,7392.700684,144.133484,-0.004557,0.213241,27.7783,4.4,7.6,"{""type"":""M"",""msg"":""FADE0"",""time"":121.438,""dist"":3.21175}",1.92171500000001,6.32171500000001,0,13.3,7.7,0.346967,7.7,4.4,0.005371,-0.009928,-0.004557,-0.00558445,0.00182223825569718,0.168115,0.346967,0.2207407,0.0565095073939356
124.15239,"P03","Occ_MO_1.2",100,43,3359.289795,7437.067383,140.672363,-0.015299,0.393579,27.7775,7.2,4.8,"{""type"":""M"",""msg"":""FADE0"",""time"":124.147,""dist"":3.28702}",2.121911,6.921911,0,7.8,5.7,0.315451,5.7,4.8,0.006388,-0.016642,-0.010254,-0.0118387727272727,0.00202180006858147,0.315451,0.421929,0.395430636363636,0.0302449532028473
126.880661,"P03","Occ_MO_1.2",100,44,3302.06665,7486.776367,137.61972,-0.007731,-0.107906,27.778,10.7,15.1,"{""type"":""M"",""msg"":""FADE0"",""time"":126.808,""dist"":3.36096}",2.224754,12.924754,0,15.8,7.9,0.299772,7.9,10.7,0.002889,-0.009928,-0.007039,-0.00799826086956522,0.000619085118056644,-0.107906,0.299772,0.0617144347826087,0.130145041089766
129.304001,"P03","Occ_MO_1.2",100,45,3253.159424,7533.055176,135.68457,-0.006551,0.186612,27.7777,3.4,6.8,"{""type"":""M"",""msg"":""FADE0"",""time"":129.278,""dist"":3.42959}",1.918381,5.318381,0,8.3,11.5,-0.143474,8.3,3.4,0.003336,-0.006551,-0.003215,-0.0052918,0.000768498234768373,-0.157116,0.186612,-0.0546087,0.111150456774448
132.133636,"P03","Occ_MO_1.2",100,46,3198.80542,7589.837891,131.446686,-0.015951,0.969029,27.7773,8.2,6.2,"{""type"":""M"",""msg"":""FADE0"",""time"":132.04,""dist"":3.50634}",2.325973,8.525973,0,8.7,6.8,0.413896,6.8,6.2,0.006225,-0.017822,-0.011597,-0.013071875,0.00191346190501837,0.413896,0.969029,0.753569583333333,0.174999850437679
134.763275,"P03","Occ_MO_1.2",100,47,3152.54834,7646.381348,127.838142,-0.0059,0.090629,27.7787,11.1,14.9,"{""type"":""M"",""msg"":""FADE0"",""time"":134.747,""dist"":3.58154}",2.12164300000001,13.221643,0,5,3.7,0.932643,3.7,11.1,0.01833,-0.024027,-0.005697,-0.00989404545454545,0.00563980513406416,0.090629,0.932643,0.504931954545455,0.277064177056418
137.389084,"P03","Occ_MO_1.2",100,48,3108.425781,7704.487305,126.664726,-0.003215,0.372862,27.7777,2.1,4.8,"{""type"":""M"",""msg"":""FADE0"",""time"":137.303,""dist"":3.65256}",2.11961399999998,4.21961399999998,0,6.9,9.8,-0.02545,6.9,2.1,0.001669,-0.003866,-0.002197,-0.00301863636363636,0.000501124976851326,-0.071107,0.372862,0.0514044545454546,0.139751611234166
139.813492,"P03","Occ_MO_1.2",100,49,3069.92041,7759.740723,122.539429,-0.018148,1.034726,27.7772,6.2,4.5,"{""type"":""M"",""msg"":""FADE0"",""time"":139.783,""dist"":3.72148}",1.921066,6.421066,0,7,5.6,0.678705,5.6,4.5,0.010971,-0.023748,-0.012777,-0.01602215,0.00361273034632578,0.678705,1.065199,0.95637505,0.11926030259301
142.639999,"P03","Occ_MO_1.2",100,50,3029.714355,7827.198242,119.623734,-0.005534,0.02334,27.778,10.6,14.5,"{""type"":""M"",""msg"":""FADE0"",""time"":142.545,""dist"":3.79823}",2.32170099999999,12.921701,0,6.3,4.3,0.882606,4.3,10.6,0.00944,-0.014974,-0.005534,-0.00675804166666667,0.00264167363746623,0.02334,0.882606,0.397778416666667,0.272384070958784
145.372391,"P03","Occ_MO_1.2",100,51,2993.388428,7893.857422,117.004097,-0.010091,-0.092069,27.7774,10.6,5.9,"{""type"":""M"",""msg"":""FADE0"",""time"":145.277,""dist"":3.87413}",2.22496099999998,8.12496099999998,0,4.9,7.1,-0.052846,4.9,5.9,0.011108,-0.011271,-0.000163,-0.00828834782608696,0.00294806037326695,-0.092069,-0.040637,-0.0553979130434783,0.0130881046787915
148.001175,"P03","Occ_MO_1.2",100,52,2961.673828,7959.648926,114.271774,-0.009766,-0.408097,27.7777,9.6,4.3,"{""type"":""M"",""msg"":""FADE0"",""time"":147.976,""dist"":3.94912}",2.121613,6.421613,0,13.4,17.6,-0.16616,13.4,4.3,0.004882,-0.011108,-0.006226,-0.00824727272727273,0.0014230381376216,-0.408097,-0.16616,-0.283018818181818,0.068424166010636
150.323212,"P03","Occ_MO_1.2",100,53,2935.733154,8018.724121,113.444145,-0.002686,-0.158148,27.7778,3.2,5.6,"{""type"":""M"",""msg"":""FADE0"",""time"":150.227,""dist"":4.01168}",1.81688000000003,5.01688000000003,0,7.1,9.4,-0.508273,7.1,3.2,0.003174,-0.002686,0.000488,-0.00101078947368421,0.000826224853639692,-0.552196,-0.158148,-0.441192842105263,0.125517272367973
152.944946,"P03","Occ_MO_1.2",100,54,2908.633545,8086.325684,109.75251,-0.010905,0.820166,27.7779,12.8,9.4,"{""type"":""M"",""msg"":""FADE0"",""time"":152.85,""dist"":4.08456}",2.11776699999999,11.517767,0,10.4,8.3,0.150105,8.3,9.4,0.00472,-0.015625,-0.010905,-0.0130265909090909,0.000937268404871605,0.150105,0.820166,0.585015909090909,0.211910452521344
155.881226,"P03","Occ_MO_1.2",100,55,2883.813477,8164.030762,105.981415,-0.009074,0.005071,27.778,9.9,4.7,"{""type"":""M"",""msg"":""FADE0"",""time"":155.819,""dist"":4.16705}",2.43121400000001,7.13121400000001,0,5.6,4.1,0.821324,4.1,4.7,0.012861,-0.020592,-0.007731,-0.0103285833333333,0.00393678306010362,0.005071,0.821324,0.459872666666667,0.258747870393365
13.229253,"P04","Occ_MO_1.2",100,1,5764.208008,8308.288086,-100.865791,-0.007731,-0.064954,27.4983,9,16.6,"{""type"":""M"",""msg"":""FADE0"",""time"":13.1714,""dist"":0.204756}",0.606591999999999,9.606592,0,7.9,12.9,-0.185603,7.9,9,0.001017,-0.007731,-0.006714,-0.00749271428571429,0.000387629855354183,-0.185603,-0.064954,-0.127209,0.0432911354282452
14.139337,"P04","Occ_MO_1.2",100,2,5759.297852,8283.672852,-101.845818,-0.009399,0.140176,27.6325,23.6,18.3,"{""type"":""M"",""msg"":""FADE0"",""time"":14.1153,""dist"":0.230785}",0.402621999999999,18.702622,0,24.4,19.1,0.04925,19.1,18.3,0.000163,-0.009562,-0.009399,-0.0094968,8.92787768733421e-05,0.04925,0.140176,0.095239,0.0357726831045702
15.450928,"P04","Occ_MO_1.2",100,3,5751.390625,8248.246094,-103.688049,-0.014974,0.340596,27.722,7.2,4.9,"{""type"":""M"",""msg"":""FADE0"",""time"":15.4058,""dist"":0.266497}",0.804342,5.704342,0,17.7,13.4,0.244785,13.4,4.9,0.004883,-0.014974,-0.010091,-0.0131926666666667,0.00199291030907063,0.244785,0.340596,0.305255777777778,0.0347854979904621
16.860645,"P04","Occ_MO_1.2",100,4,5741.360352,8210.419922,-106.074768,-0.009766,-0.0464,27.7726,7.4,3.5,"{""type"":""M"",""msg"":""FADE0"",""time"":16.7809,""dist"":0.304669}",0.905504000000002,4.405504,0,6.3,4,0.287502,4,3.5,0.005208,-0.014974,-0.009766,-0.0132162,0.00221917951805016,-0.0464,0.287502,0.1403202,0.113983920823948
18.075567,"P04","Occ_MO_1.2",100,5,5731.727539,8178.067871,-106.842033,-0.000854,-0.586461,27.7785,6.9,8.9,"{""type"":""M"",""msg"":""FADE0"",""time"":18.0153,""dist"":0.338967}",0.708525999999999,7.608526,0,26.6,3.6,-0.29987,3.6,6.9,0.005697,-0.006551,-0.000854,-0.002130875,0.00202378347497242,-0.586461,-0.29987,-0.45645125,0.101358363801415
19.289192,"P04","Occ_MO_1.2",100,6,5721.848145,8145.825684,-107.27301,-0.006388,-0.652544,27.7778,9.9,14,"{""type"":""M"",""msg"":""FADE0"",""time"":19.2677,""dist"":0.373767}",0.709579000000002,10.609579,0,6.6,8.7,-0.673019,6.6,9.9,0.005696,-0.006388,-0.000692,-0.0027365,0.00247805718831738,-0.686623,-0.652544,-0.67526525,0.0116163968319416
20.602318,"P04","Occ_MO_1.2",100,7,5710.730469,8111.074707,-108.149887,-0.00472,-0.375805,27.7779,5.2,8.2,"{""type"":""M"",""msg"":""FADE0"",""time"":20.5694,""dist"":0.409937}",0.810110000000002,6.01011,0,8.4,12.1,-0.576533,8.4,5.2,0.002197,-0.0059,-0.003703,-0.00420922222222222,0.000742988858896582,-0.576533,-0.375805,-0.487177888888889,0.0691676924030368
21.911524,"P04","Occ_MO_1.2",100,8,5699.093262,8076.610352,-109.38414,-0.008911,0.139515,27.7772,8.4,1e+06,"{""type"":""M"",""msg"":""FADE0"",""time"":21.8693,""dist"":0.446054}",0.805454000000001,9.205454,0,5.7,10.4,-0.184574,5.7,8.4,0.002035,-0.009074,-0.007039,-0.00857211111111111,0.000798967058839794,-0.184574,0.139515,-0.0210358888888889,0.111213286904538
23.323925,"P04","Occ_MO_1.2",100,9,5685.429199,8039.825684,-111.74369,-0.012085,0.429908,27.7772,9,6.1,"{""type"":""M"",""msg"":""FADE0"",""time"":23.3078,""dist"":0.486022}",0.908456999999999,7.008457,0,8.6,6.4,0.323357,6.4,6.1,0.005046,-0.017131,-0.012085,-0.0154418,0.00150086995513343,0.323357,0.437832,0.4043223,0.0397797826234215
24.840998,"P04","Occ_MO_1.2",100,10,5669.138184,8000.950195,-113.828178,-0.009237,0.087575,27.7784,9.6,4.9,"{""type"":""M"",""msg"":""FADE0"",""time"":24.8344,""dist"":0.528442}",1.009589,5.909589,0,7.7,5,0.36982,5,4.9,0.004191,-0.013428,-0.009237,-0.0112897272727273,0.00155492206177089,0.087575,0.36982,0.243575,0.0949336164496012
26.359514,"P04","Occ_MO_1.2",100,11,5651.708496,7962.525391,-115.090248,-0.008911,-0.348705,27.7779,11.2,4.6,"{""type"":""M"",""msg"":""FADE0"",""time"":26.3325,""dist"":0.570068}",1.012811,5.612811,0,11.5,14.7,-0.087861,11.5,4.6,0.004191,-0.008911,-0.00472,-0.00663609090909091,0.00165975639504992,-0.348705,-0.087861,-0.225669545454545,0.0853847778100566
27.777052,"P04","Occ_MO_1.2",100,12,5634.761719,7926.970215,-115.279289,0.006846,-0.476746,27.7778,3,4.5,"{""type"":""M"",""msg"":""FADE0"",""time"":27.6996,""dist"":0.608055}",0.907122000000001,3.907122,0,13.3,16.5,-0.475013,13.3,3,0.01238,-0.005534,0.006846,0.0037272,0.00393742952811716,-0.549129,-0.475013,-0.5183786,0.0277146989888839
29.087551,"P04","Occ_MO_1.2",100,13,5619.208984,7894.046875,-116.096436,-0.01359,0.384403,27.7767,12.8,10.4,"{""type"":""M"",""msg"":""FADE0"",""time"":29.0595,""dist"":0.645839}",0.805982,11.205982,0,2.8,5.3,-0.191403,2.8,10.4,0.009033,-0.01359,-0.004557,-0.0118088888888889,0.0029265746378849,-0.191403,0.384403,0.107364666666667,0.198612520412234
30.3983,"P04","Occ_MO_1.2",100,14,5602.418945,7861.736816,-119.540154,-0.019165,0.64867,27.7752,4.9,3.3,"{""type"":""M"",""msg"":""FADE0"",""time"":30.3306,""dist"":0.681156}",0.807580999999999,4.107581,0,7.2,5.5,0.643234,5.5,3.3,0.008908,-0.028073,-0.019165,-0.0237111111111111,0.00367901238257105,0.643234,0.735071,0.696982111111111,0.0346195261357101
31.914961,"P04","Occ_MO_1.2",100,15,5581.07959,7825.396484,-120.751167,-0.001506,-0.111735,27.7797,6.4,8.7,"{""type"":""M"",""msg"":""FADE0"",""time"":31.887,""dist"":0.724406}",1.012598,7.412598,0,19.3,6.9,0.372836,6.9,6.4,0.005574,-0.0059,-0.000326,-0.00192354545454545,0.0016445676856631,-0.111735,0.372836,0.100897363636364,0.163201156615554
33.630566,"P04","Occ_MO_1.2",100,16,5556.485352,7784.560059,-121.456345,-0.004191,-0.111059,27.7777,4.7,7.6,"{""type"":""M"",""msg"":""FADE0"",""time"":33.5394,""dist"":0.77032}",1.211129,5.911129,0,6.3,8.8,-0.206728,6.3,4.7,0.001668,-0.004191,-0.002523,-0.00325530769230769,0.00075548300053844,-0.225554,-0.111059,-0.192868230769231,0.0374764459386467
34.944912,"P04","Occ_MO_1.2",100,17,5537.129883,7753.592285,-122.917442,-0.011922,0.276806,27.7773,13,9.4,"{""type"":""M"",""msg"":""FADE0"",""time"":34.8459,""dist"":0.806621}",0.807343000000003,10.207343,0,23.5,58.5,0.043129,23.5,9.4,0.00236,-0.011922,-0.009562,-0.0111986666666667,0.000991028758412187,0.043129,0.276806,0.167583555555556,0.0806995025621458
36.76569,"P04","Occ_MO_1.2",100,18,5508.685059,7711.759766,-125.272644,-0.006877,0.310931,27.7782,7.8,12.5,"{""type"":""M"",""msg"":""FADE0"",""time"":36.7154,""dist"":0.858567}",1.416081,9.216081,0,7.7,5.4,0.341214,5.4,7.8,0.008585,-0.015462,-0.006877,-0.0095894,0.00335435920642293,0.310526,0.351694,0.330764266666667,0.0157387229308873
38.585747,"P04","Occ_MO_1.2",100,19,5478.832031,7670.942871,-127.297043,-0.010905,0.346518,27.7777,14.7,9.5,"{""type"":""M"",""msg"":""FADE0"",""time"":38.5048,""dist"":0.908287}",1.316807,10.816807,0,16.1,23,0.324409,16.1,9.5,0.002157,-0.010905,-0.008748,-0.00958242857142857,0.000568258299108332,0.324409,0.347724,0.340171642857143,0.00794205218206462
40.507969,"P04","Occ_MO_1.2",100,20,5445.604492,7629.131348,-129.655716,-0.008911,0.167726,27.7778,22.1,32.4,"{""type"":""M"",""msg"":""FADE0"",""time"":40.4461,""dist"":0.962227}",1.418373,23.518373,0,12.2,7.8,0.325473,7.8,22.1,0.00236,-0.011271,-0.008911,-0.0095702,0.000784825294480971,0.167726,0.325473,0.250038133333333,0.0517839710954029
42.632191,"P04","Occ_MO_1.2",100,21,5407.005371,7584.484863,-132.12944,-0.008586,-0.0944,27.7777,17.3,24.4,"{""type"":""M"",""msg"":""FADE0"",""time"":42.6171,""dist"":1.02255}",1.618519,18.918519,0,15.1,8.4,0.111282,8.4,17.3,0.001993,-0.010579,-0.008586,-0.00949529411764706,0.000601021293789359,-0.0944,0.111282,0.00815482352941176,0.0659229538478777
44.348866,"P04","Occ_MO_1.2",100,22,5374.551758,7549.529785,-133.553314,-0.0059,-0.109521,27.7779,5.3,8.4,"{""type"":""M"",""msg"":""FADE0"",""time"":44.3089,""dist"":1.06956}",1.210301,6.510301,0,45.8,39.6,-0.1422,39.6,5.3,0.005046,-0.009237,-0.004191,-0.00611615384615385,0.00163165809562716,-0.168931,-0.109521,-0.151337692307692,0.0179436351871846
46.17001,"P04","Occ_MO_1.2",100,23,5339.047363,7513.480957,-135.990921,-0.012939,0.263389,27.7772,10.9,7.7,"{""type"":""M"",""msg"":""FADE0"",""time"":46.0813,""dist"":1.11881}",1.314434,9.014434,0,17.8,13.9,0.006567,13.9,7.7,0.001342,-0.012939,-0.011597,-0.0124887857142857,0.000445492152839709,0.006567,0.263389,0.152599714285714,0.0844019811173143
48.396976,"P04","Occ_MO_1.2",100,24,5293.375,7471.743652,-139.020279,-0.008586,0.0997,27.7782,55.6,44.8,"{""type"":""M"",""msg"":""FADE0"",""time"":48.3284,""dist"":1.18124}",1.719791,46.519791,0,8.6,5.9,0.285695,5.9,44.8,0.005696,-0.014282,-0.008586,-0.0105432777777778,0.00209125902988256,0.0997,0.285695,0.201110222222222,0.0636966050545641
50.619049,"P04","Occ_MO_1.2",100,25,5245.871582,7432.312988,-141.740021,-0.009766,-0.192548,27.7779,12.3,6,"{""type"":""M"",""msg"":""FADE0"",""time"":50.6069,""dist"":1.24456}",1.718555,7.718555,0,14.4,8.6,0.052792,8.6,6,0.000324999999999999,-0.010091,-0.009766,-0.0100729444444444,7.66032346285424e-05,-0.192548,0.052792,-0.0586667777777778,0.0771328079472676
52.745979,"P04","Occ_MO_1.2",100,26,5198.851562,7396.515625,-143.75383,-0.008911,-0.430635,27.7777,23.1,12.4,"{""type"":""M"",""msg"":""FADE0"",""time"":52.7405,""dist"":1.30384}",1.62241,14.02241,0,1e+06,1e+06,-0.28094,1e+06,12.4,0.001872,-0.008911,-0.007039,-0.00745317647058824,0.000616884534910517,-0.430635,-0.28094,-0.375233470588235,0.0480066278745936
55.366009,"P04","Occ_MO_1.2",100,27,5139.419434,7354.478516,-145.719345,-0.008586,0.018085,27.7776,6.7,17.8,"{""type"":""M"",""msg"":""FADE0"",""time"":55.3228,""dist"":1.37559}",2.114563,8.814563,0,10.7,14.7,-0.445799,10.7,6.7,0.005371,-0.008586,-0.003215,-0.00535822727272727,0.0015322062503157,-0.447837,0.018085,-0.287946863636364,0.153943199499437
58.090244,"P04","Occ_MO_1.2",100,28,5075.392578,7314.141602,-150.102127,-0.012085,0.127111,27.7783,6.8,3.9,"{""type"":""M"",""msg"":""FADE0"",""time"":58.0132,""dist"":1.45035}",2.219833,6.119833,0,9.8,7.3,0.207793,7.3,3.9,0.002889,-0.014974,-0.012085,-0.0138913043478261,0.00130725644123946,0.127111,0.38117,0.298723652173913,0.0760899704187619
60.718243,"P04","Occ_MO_1.2",100,29,5011.238281,7279.27832,-152.885971,-0.009237,-0.933637,27.7777,6,0.8,"{""type"":""M"",""msg"":""FADE0"",""time"":60.6653,""dist"":1.52404}",2.125786,2.925786,0,8.8,3.9,-0.077836,3.9,0.8,0.00236,-0.009237,-0.006877,-0.00801977272727273,0.000913608800923864,-0.933637,-0.077836,-0.515783227272727,0.26132496671075
62.537994,"P04","Occ_MO_1.2",100,30,4966.21582,7256.266602,-152.343857,0.000651,-0.90732,27.7777,3.4,5,"{""type"":""M"",""msg"":""FADE0"",""time"":62.5293,""dist"":1.57583}",1.314079,4.714079,0,6.5,0,-1.144691,0,3.4,0.007904,0.000651,0.008555,0.00639485714285714,0.0027743274405255,-1.238018,-0.90732,-1.14412457142857,0.103663598485096
64.357185,"P04","Occ_MO_1.2",100,31,4920.978516,7233.734375,-155.757751,-0.022911,0.117521,27.7755,4.6,3,"{""type"":""M"",""msg"":""FADE0"",""time"":64.2734,""dist"":1.62429}",1.309837,4.309837,0,5.4,39.6,-0.51212,5.4,3,0.013349,-0.022911,-0.009562,-0.0184478571428571,0.00441856960595138,-0.51212,0.117521,-0.114770142857143,0.214360660485962
66.379555,"P04","Occ_MO_1.2",100,32,4869.085938,7212.183594,-158.517548,-0.005371,-0.693307,27.7791,15.9,2.6,"{""type"":""M"",""msg"":""FADE0"",""time"":66.3597,""dist"":1.68226}",1.51751,4.11751,0,5.7,3,-0.006229,3,2.6,0.00708,-0.012451,-0.005371,-0.007314,0.00154772590165916,-0.693307,-0.006229,-0.359299875,0.219562487621747
68.408569,"P04","Occ_MO_1.2",100,33,4816.595703,7191.609375,-158.458694,-0.005534,-0.596425,27.7777,4.6,7.4,"{""type"":""M"",""msg"":""FADE0"",""time"":68.3372,""dist"":1.73721}",1.523391,6.123391,0,6.5,8.1,-0.880385,6.5,4.6,0.010549,-0.005534,0.005015,0.00217375,0.00335988050382748,-0.961661,-0.596425,-0.8568334375,0.115366106776626
70.022476,"P04","Occ_MO_1.2",100,34,4774.578613,7175.960449,-161.399582,-0.019491,0.081203,27.7759,5.2,3.4,"{""type"":""M"",""msg"":""FADE0"",""time"":69.9592,""dist"":1.78228}",1.107597,4.507597,0,14.4,11.3,-0.283905,11.3,3.4,0.007243,-0.019491,-0.012248,-0.0176426666666667,0.00242705400671579,-0.283905,0.081203,-0.046957,0.126317519008108
71.944206,"P04","Occ_MO_1.2",100,35,4723.562988,7160.20166,-163.601334,-0.002523,-0.47985,27.7793,7.3,9.6,"{""type"":""M"",""msg"":""FADE0"",""time"":71.8572,""dist"":1.83502}",1.415481,8.715481,0,6.3,3.4,-0.018658,3.4,7.3,0.009725,-0.012248,-0.002523,-0.0056912,0.00292275592060448,-0.47985,-0.018658,-0.2717678,0.1520847374775
74.267097,"P04","Occ_MO_1.2",100,36,4661.468262,7142.59668,-165.229095,-0.009562,-0.226408,27.7774,35,18.3,"{""type"":""M"",""msg"":""FADE0"",""time"":74.1813,""dist"":1.89959}",1.817649,20.117649,0,5.2,7.2,-0.53357,5.2,18.3,0.009725,-0.009562,0.000163,-0.00628131578947368,0.00325729741508085,-0.534022,-0.226408,-0.406096210526316,0.104712768330312
76.491768,"P04","Occ_MO_1.2",100,37,4601.342773,7128.278809,-168.121689,-0.010417,-0.102952,27.7779,11.7,6.5,"{""type"":""M"",""msg"":""FADE0"",""time"":76.4459,""dist"":1.96252}",1.718819,8.218819,0,13.7,9,-0.1353,9,6.5,0.002157,-0.012085,-0.009928,-0.0108641111111111,0.000861613390092638,-0.1353,-0.066888,-0.0861328333333333,0.0194498640014904
78.615524,"P04","Occ_MO_1.2",100,38,4543.344727,7117.432129,-171.032654,-0.011434,-0.522475,27.7774,6,2.1,"{""type"":""M"",""msg"":""FADE0"",""time"":78.5637,""dist"":2.02136}",1.61669099999999,3.71669099999999,0,22.9,8.4,-0.156706,8.4,2.1,0.004191,-0.012939,-0.008748,-0.0116253529411765,0.00146583354875206,-0.522475,-0.156706,-0.300310235294118,0.114789058954637
80.333092,"P04","Occ_MO_1.2",100,39,4496.15332,7110.314941,-171.481155,-0.00236,-0.789909,27.7782,5,7,"{""type"":""M"",""msg"":""FADE0"",""time"":80.2751,""dist"":2.06892}",1.21275399999999,6.21275399999999,0,6.7,8.4,-0.736174,6.7,5,0.004852,-0.00236,0.002492,0.000686230769230769,0.00170056711882861,-0.868822,-0.736174,-0.827013846153846,0.0412003051340767
82.451691,"P04","Occ_MO_1.2",100,40,4437.77832,7102.78418,-174.263962,-0.011271,-0.244292,27.7776,14.5,8.6,"{""type"":""M"",""msg"":""FADE0"",""time"":82.4079,""dist"":2.12818}",1.615464,10.215464,0,6.8,10.5,-0.61819,6.8,8.6,0.007569,-0.015137,-0.007568,-0.0123314705882353,0.00196785670583655,-0.61819,-0.244292,-0.385620352941176,0.118503760572682
84.370094,"P04","Occ_MO_1.2",100,41,4384.629395,7098.827637,-177.670395,-0.016479,-0.509831,27.7775,4.2,1.6,"{""type"":""M"",""msg"":""FADE0"",""time"":84.3357,""dist"":2.18174}",1.41309299999999,3.01309299999999,0,11.4,6.6,-0.216758,6.6,1.6,0.00472,-0.016642,-0.011922,-0.0157714666666667,0.0012190076096485,-0.509831,-0.215201,-0.306209533333333,0.0979979722471459
85.886398,"P04","Occ_MO_1.2",100,42,4342.519531,7097.467773,-177.610916,0.006846,-0.961718,27.778,3.3,4.5,"{""type"":""M"",""msg"":""FADE0"",""time"":85.8657,""dist"":2.22425}",1.011512,4.311512,0,10.7,1.1,-0.798419,1.1,3.3,0.0136,-0.003377,0.010223,0.00787363636363636,0.00405967977241376,-1.031121,-0.798419,-0.962179454545455,0.0760053413114679
87.603958,"P04","Occ_MO_1.2",100,43,4294.822266,7096.022949,-179.86911,-0.016968,0.0138,27.7766,8.2,5.9,"{""type"":""M"",""msg"":""FADE0"",""time"":87.5974,""dist"":2.27237}",1.21317300000001,7.11317300000001,0,4,6.4,-0.675942,4,5.9,0.010905,-0.016968,-0.006063,-0.0150742307692308,0.00349122488423586,-0.675942,0.0138,-0.293943769230769,0.227506955940236
89.014694,"P04","Occ_MO_1.2",100,44,4255.639648,7096.899902,177.053528,-0.014119,0.036777,27.7778,6.3,3.5,"{""type"":""M"",""msg"":""FADE0"",""time"":88.9834,""dist"":2.31088}",0.907454999999999,4.407455,0,6.8,4.6,0.132716,4.6,3.5,0.004883,-0.019002,-0.014119,-0.0176798,0.0017679879210246,0.036777,0.148684,0.1159698,0.0384892827963549
90.737091,"P04","Occ_MO_1.2",100,45,4207.901367,7100.269531,174.765366,-0.010905,-0.653985,27.7784,5.9,1.7,"{""type"":""M"",""msg"":""FADE0"",""time"":90.6587,""dist"":2.35743}",1.21742200000001,2.91742200000001,0,12.6,4.7,-0.145365,4.7,1.7,0.00236,-0.011271,-0.008911,-0.0105448461538462,0.000765879216560271,-0.653985,-0.145365,-0.391722692307692,0.164794108049198
92.15416,"P04","Occ_MO_1.2",100,46,4168.704102,7104.004395,174.833359,0.001017,-0.896515,27.7782,4.1,5.7,"{""type"":""M"",""msg"":""FADE0"",""time"":92.0939,""dist"":2.39731}",0.911324000000008,5.01132400000001,0,5.3,6.7,-0.888172,5.3,4.1,0.005666,0.001017,0.006683,0.0047414,0.00195682504753661,-0.979782,-0.888172,-0.9439849,0.0334040181696421
93.564552,"P04","Occ_MO_1.2",100,47,4129.715332,7107.936035,173.082397,-0.015299,-0.294025,27.7767,8,5.3,"{""type"":""M"",""msg"":""FADE0"",""time"":93.5544,""dist"":2.4379}",0.906791000000013,6.20679100000001,0,6,9.8,-0.673779,6,5.3,0.007893,-0.015299,-0.007406,-0.0132936,0.00251241305875005,-0.673779,-0.294025,-0.4679354,0.129154577090314
95.282814,"P04","Occ_MO_1.2",100,48,4082.485352,7114.880371,170.221924,-0.011434,-0.304228,27.7782,7.9,3.9,"{""type"":""M"",""msg"":""FADE0"",""time"":95.2506,""dist"":2.48502}",1.21126599999999,5.111266,0,7.3,4.5,-0.202466,4.5,3.9,0.003337,-0.014771,-0.011434,-0.0126892307692308,0.00146597283705202,-0.304228,-0.193541,-0.229261076923077,0.0374488184136285
97.102646,"P04","Occ_MO_1.2",100,49,4032.814941,7124.34082,168.039108,-0.010905,-0.745795,27.7777,6.3,1.7,"{""type"":""M"",""msg"":""FADE0"",""time"":97.0993,""dist"":2.53639}",1.31626899999999,3.01626899999999,0,12.8,4.7,-0.413109,4.7,1.7,0.002848,-0.010905,-0.008057,-0.00971328571428571,0.00113580445422694,-0.745795,-0.413109,-0.571176928571429,0.105457461559308
98.924759,"P04","Occ_MO_1.2",100,50,3983.329834,7135.04248,167.917786,-0.00236,-0.693475,27.7781,4,6.1,"{""type"":""M"",""msg"":""FADE0"",""time"":98.8409,""dist"":2.58478}",1.314415,5.314415,0,6.7,8.5,-0.914397,6.7,4,0.009369,-0.00236,0.007009,0.00259471428571429,0.00326900738706772,-0.978978,-0.693475,-0.894467357142857,0.0920899539619214
100.137512,"P04","Occ_MO_1.2",100,51,3950.451904,7142.418457,166.142731,-0.018311,-0.032791,27.7759,6.6,4.6,"{""type"":""M"",""msg"":""FADE0"",""time"":100.116,""dist"":2.62021}",0.706176999999997,5.306177,0,16.8,13.8,-0.385889,13.8,4.6,0.006552,-0.018311,-0.011759,-0.016744125,0.00232028307617227,-0.385889,-0.032791,-0.19197425,0.12503379460627
101.553719,"P04","Occ_MO_1.2",100,52,3912.515869,7152.847656,163.067673,-0.012451,-0.211694,27.778,5.4,2.5,"{""type"":""M"",""msg"":""FADE0"",""time"":101.484,""dist"":2.65822}",0.911095000000003,3.411095,0,5.5,3.5,0.043364,3.5,2.5,0.006348,-0.018799,-0.012451,-0.0163818,0.0023434181018333,-0.211694,0.043364,-0.0527304,0.0896041249958207
102.667854,"P04","Occ_MO_1.2",100,53,3882.975342,7162.109375,162.732071,0.007009,-0.715987,27.7792,4.2,5.6,"{""type"":""M"",""msg"":""FADE0"",""time"":102.644,""dist"":2.69045}",0.607864000000006,4.80786400000001,0,11.8,14.1,-0.483578,11.8,4.2,0.010224,-0.003215,0.007009,0.00469242857142857,0.00390538938976823,-0.715987,-0.483578,-0.618825142857143,0.0855807514912642
104.082649,"P04","Occ_MO_1.2",100,54,3845.398926,7173.660156,162.473618,-0.010905,-0.262929,27.7776,16.7,13,"{""type"":""M"",""msg"":""FADE0"",""time"":104.027,""dist"":2.72888}",0.908661000000009,13.908661,0,3.4,4.9,-0.676566,3.4,13,0.016937,-0.010905,0.006032,-0.0048766,0.00667316790004734,-0.676566,-0.262929,-0.4802577,0.143159797597766
105.999321,"P04","Occ_MO_1.2",100,55,3795.113037,7191.164062,158.85997,-0.014974,-0.118777,27.7779,5.1,2.7,"{""type"":""M"",""msg"":""FADE0"",""time"":105.926,""dist"":2.78164}",1.412201,4.112201,0,8.2,5.7,-0.060464,5.7,2.7,0.003377,-0.018148,-0.014771,-0.0162245333333333,0.00141648886167103,-0.118777,0.038507,-0.0133055333333333,0.0485480347930446
107.415611,"P04","Occ_MO_1.2",100,56,3758.582031,7205.79834,158.21463,0.004852,-0.644853,27.7789,4.2,5.7,"{""type"":""M"",""msg"":""FADE0"",""time"":107.328,""dist"":2.8206}",0.910301000000004,5.110301,0,25.8,3,-0.350544,3,4.2,0.011403,-0.006388,0.005015,0.0021473,0.00420614796194544,-0.644853,-0.350544,-0.5352029,0.103939791465433
108.725052,"P04","Occ_MO_1.2",100,57,3724.814697,7219.345703,157.315598,-0.015299,-0.292457,27.7768,7.2,4.5,"{""type"":""M"",""msg"":""FADE0"",""time"":108.627,""dist"":2.85669}",0.806763000000004,5.306763,0,4.3,6.4,-0.561121,4.3,4.5,0.013956,-0.015299,-0.001343,-0.010855,0.0052610087198179,-0.561121,-0.292457,-0.418756222222222,0.094285863755891
110.848099,"P04","Occ_MO_1.2",100,58,3671.21582,7243.950195,153.212921,-0.015625,-0.895432,27.778,2.9,0.5,"{""type"":""M"",""msg"":""FADE0"",""time"":110.757,""dist"":2.91587}",1.718613,2.218613,0,5.8,3.4,-0.241877,3.4,0.5,0.001343,-0.016805,-0.015462,-0.0159549444444444,0.000629671106701252,-0.895432,-0.241238,-0.4647655,0.215037489360576
112.158638,"P04","Occ_MO_1.2",100,59,3638.715088,7260.371094,154.290649,0.016937,-1.467191,27.7769,3.1,-1.007492,"{""type"":""M"",""msg"":""FADE0"",""time"":112.109,""dist"":2.95345}",0.806151999999997,-0.201340000000003,0,5.1,-0.20134,-1.302496,-0.20134,-1.007492,0.003377,0.01356,0.016937,0.0162046666666667,0.00124691709828681,-1.514764,-1.302496,-1.45160866666667,0.0726019332008452
113.1698,"P04","Occ_MO_1.2",100,60,3613.298584,7272.344727,154.564178,-0.014974,-0.582365,27.7781,12.8,10.6,"{""type"":""M"",""msg"":""FADE0"",""time"":113.154,""dist"":2.98248}",0.503982999999991,11.103983,0,2.8,4,-1.114614,2.8,10.6,0.02064,-0.014974,0.005666,-0.00718,0.00804799194830611,-1.114614,-0.582365,-0.8498445,0.200164363909014
114.179665,"P04","Occ_MO_1.2",100,61,3588.20874,7284.895996,151.187439,-0.037001,0.071203,27.7707,3.2,2,"{""type"":""M"",""msg"":""FADE0"",""time"":114.101,""dist"":3.00879}",0.505416999999994,2.50541699999999,0,5.4,3.9,-0.117704,3.9,2,0.009486,-0.037001,-0.027515,-0.0348968333333333,0.00382811736584273,-0.117704,0.071203,0.004396,0.0747461252427174
115.086533,"P04","Occ_MO_1.2",100,62,3566.469238,7297.623535,149.13765,0.015757,-0.55322,27.7807,4,5.1,"{""type"":""M"",""msg"":""FADE0"",""time"":115.033,""dist"":3.03469}",0.401627000000005,4.401627,0,3.4,1.5,-0.191021,1.5,4,0.030202,-0.014445,0.015757,0.0047912,0.0127994275731378,-0.55322,-0.191021,-0.3772622,0.144059896736392
115.994263,"P04","Occ_MO_1.2",100,63,3544.675293,7310.32373,150.496628,-0.000163,-0.655883,27.7817,3.9,5.7,"{""type"":""M"",""msg"":""FADE0"",""time"":115.929,""dist"":3.0596}",0.403869999999998,4.30387,0,3.1,4.2,-0.745345,3.1,3.9,0.016246,-0.000163,0.016083,0.00861,0.00733144692403894,-0.745345,-0.655883,-0.7108216,0.0370550948831601
118.013702,"P04","Occ_MO_1.2",100,64,3496.463379,7339.023926,147.529663,-0.013428,-0.043585,27.7781,8.1,5.1,"{""type"":""M"",""msg"":""FADE0"",""time"":117.991,""dist"":3.11688}",1.510841,6.610841,0,12.4,9.1,-0.411517,9.1,5.1,0.002726,-0.014974,-0.012248,-0.0137609375,0.00101719637361721,-0.411517,-0.043585,-0.1728810625,0.118834462219492
120.33519,"P04","Occ_MO_1.2",100,65,3443.196777,7375.380859,143.693573,-0.011922,-0.78866,27.7782,4.1,0.9,"{""type"":""M"",""msg"":""FADE0"",""time"":120.267,""dist"":3.18012}",1.817398,2.717398,0,6.8,4,-0.062856,4,0.9,0.003052,-0.014974,-0.011922,-0.0138174736842105,0.00112933763126007,-0.78866,-0.062856,-0.344559578947368,0.234298873097142
121.753799,"P04","Occ_MO_1.2",100,66,3411.459473,7398.757812,144.234192,0.003998,-1.222944,27.7783,4,-0.914627,"{""type"":""M"",""msg"":""FADE0"",""time"":121.661,""dist"":3.21887}",0.914626999999996,-4.10782519111308e-15,0,5,0,-1.122556,0,-0.914627,0.008056,0.003998,0.012054,0.0088603,0.00246091631759843,-1.287957,-1.122556,-1.2381575,0.0536989126793499
123.072159,"P04","Occ_MO_1.2",100,67,3381.894287,7420.383789,142.710419,-0.016968,-0.586462,27.7763,7,4.2,"{""type"":""M"",""msg"":""FADE0"",""time"":122.985,""dist"":3.25565}",0.808930000000004,5.00893,0,5,7.2,-0.982515,5,4.2,0.012248,-0.016968,-0.00472,-0.0138165555555556,0.00419315943266861,-0.982515,-0.586462,-0.769781777777778,0.137484201126691
124.684494,"P04","Occ_MO_1.2",100,68,3346.970215,7448.435059,140.109833,-0.005697,-0.574019,27.7791,8.5,11.2,"{""type"":""M"",""msg"":""FADE0"",""time"":124.649,""dist"":3.30189}",1.108772,9.608772,0,5.2,2.7,-0.484467,2.7,8.5,0.013468,-0.019165,-0.005697,-0.0106439166666667,0.00492337263299594,-0.574019,-0.4821,-0.52238925,0.0344106380409658
126.196518,"P04","Occ_MO_1.2",100,69,3315.01416,7475.708984,138.595596,-0.011759,-0.492274,27.7775,12.1,6.4,"{""type"":""M"",""msg"":""FADE0"",""time"":126.149,""dist"":3.34357}",1.00824,7.40824,0,7.8,10.7,-0.574807,7.8,6.4,0.005696,-0.011759,-0.006063,-0.00948445454545455,0.00212512453111042,-0.574807,-0.492274,-0.532714727272727,0.0287701852482424
127.614136,"P04","Occ_MO_1.2",100,70,3285.883545,7502.21875,136.639175,-0.011271,-0.488344,27.7776,11.5,5.2,"{""type"":""M"",""msg"":""FADE0"",""time"":127.539,""dist"":3.38219}",0.910285999999999,6.110286,0,12.8,6.6,-0.473645,6.6,5.2,0.000326,-0.011597,-0.011271,-0.0115481,0.00011001661490682,-0.488344,-0.46877,-0.4747698,0.00632006541457004
129.228729,"P04","Occ_MO_1.2",100,71,3253.770996,7533.543945,134.717743,-0.007568,-0.610052,27.7779,12,16.3,"{""type"":""M"",""msg"":""FADE0"",""time"":129.225,""dist"":3.42904}",1.108261,13.108261,0,37.2,27.2,-0.530437,27.2,12,0.001994,-0.009562,-0.007568,-0.0090705,0.000525338419064753,-0.610052,-0.530437,-0.574528083333333,0.0260781911895687
130.844788,"P04","Occ_MO_1.2",100,72,3222.51001,7565.776855,133.14679,-0.008911,-0.424183,27.7774,16,54.5,"{""type"":""M"",""msg"":""FADE0"",""time"":130.811,""dist"":3.4731}",1.11251899999999,17.112519,0,6.1,8.8,-0.589793,6.1,16,0.006551,-0.011759,-0.005208,-0.00997241666666667,0.00175499720063664,-0.589793,-0.424183,-0.50304775,0.0540951761336611
132.767151,"P04","Occ_MO_1.2",100,73,3186.773438,7605.46875,130.610077,-0.010742,-0.230513,27.7778,13.1,7.8,"{""type"":""M"",""msg"":""FADE0"",""time"":132.673,""dist"":3.52485}",1.42070000000001,9.22070000000001,0,16.9,11.5,-0.349177,11.5,7.8,0.000692,-0.011434,-0.010742,-0.0113417333333333,0.000243491116489953,-0.349177,-0.230513,-0.2728356,0.0392870495179846
134.692795,"P04","Occ_MO_1.2",100,74,3152.874268,7646.85791,127.733978,-0.013428,-0.462951,27.7777,5.6,2.4,"{""type"":""M"",""msg"":""FADE0"",""time"":134.639,""dist"":3.57947}",1.42016599999999,3.82016599999999,0,9.8,5.7,-0.233569,5.7,2.4,0.001506,-0.013428,-0.011922,-0.0130125333333333,0.000334230858339961,-0.462951,-0.233569,-0.3139636,0.0754878319019505
136.211884,"P04","Occ_MO_1.2",100,75,3127.400879,7680.51416,126.975319,0.000163,-0.809457,27.7787,4.9,6.7,"{""type"":""M"",""msg"":""FADE0"",""time"":136.119,""dist"":3.6206}",1.010651,5.910651,0,9.9,12.3,-0.653874,9.9,4.9,0.004883,-0.00354,0.001343,-8.12727272727274e-05,0.00147179523649923,-0.822545,-0.653874,-0.772643454545455,0.0581784619448875
137.825531,"P04","Occ_MO_1.2",100,76,3100.748047,7716.567383,125.578751,-0.010091,-0.353546,27.7772,19.8,14.9,"{""type"":""M"",""msg"":""FADE0"",""time"":137.747,""dist"":3.66584}",1.10910000000001,16.0091,0,6.1,9,-0.69985,6.1,14.9,0.004883,-0.010091,-0.005208,-0.00885008333333333,0.001397919327776,-0.69985,-0.353546,-0.525156166666667,0.114204879948939
139.642395,"P04","Occ_MO_1.2",100,77,3072.295166,7758.260254,122.76899,-0.011108,-0.146192,27.7776,9,5,"{""type"":""M"",""msg"":""FADE0"",""time"":139.611,""dist"":3.71762}",1.31414799999999,6.31414799999999,0,9.5,6.4,-0.215251,6.4,5,0.0035,-0.014608,-0.011108,-0.0135177142857143,0.00106230391338619,-0.215251,-0.110344,-0.140290214285714,0.0322468979382957
141.260147,"P04","Occ_MO_1.2",100,78,3048.455811,7796.368652,121.580536,-0.001506,-0.310891,27.7786,4.8,7.1,"{""type"":""M"",""msg"":""FADE0"",""time"":141.186,""dist"":3.76139}",1.11218299999999,5.91218299999999,0,27.7,10,-0.22106,10,4.8,0.006713,-0.008219,-0.001506,-0.00414375,0.00270378005173901,-0.320511,-0.22106,-0.287546083333333,0.0347916493597852
143.072952,"P04","Occ_MO_1.2",100,79,3022.571533,7839.576172,119.756813,-0.011759,0.083665,27.777,10.8,7.4,"{""type"":""M"",""msg"":""FADE0"",""time"":142.996,""dist"":3.81167}",1.30950899999999,8.70950899999999,0,8.3,15.2,-0.216841,8.3,7.4,0.004028,-0.011759,-0.007731,-0.0104048571428571,0.00112803476877286,-0.216841,0.083665,-0.0516403571428571,0.0987454919006878
144.793457,"P04","Occ_MO_1.2",100,80,2999.771484,7881.587891,116.978554,-0.011597,-0.083034,27.7776,6.6,3.4,"{""type"":""M"",""msg"":""FADE0"",""time"":144.705,""dist"":3.85917}",1.21475199999998,4.61475199999998,0,9.2,6.1,0.125944,6.1,3.4,0.003011,-0.014608,-0.011597,-0.0137220769230769,0.00101664304302104,-0.083034,0.128325,0.0607852307692308,0.0719501161652454
146.412445,"P04","Occ_MO_1.2",100,81,2979.692627,7921.844238,116.370338,-0.000854,-0.446058,27.7785,4.9,7,"{""type"":""M"",""msg"":""FADE0"",""time"":146.333,""dist"":3.9044}",1.113922,6.013922,0,7.8,10,-0.287803,7.8,4.9,0.002849,-0.001506,0.001343,-0.000271166666666667,0.000864289391069422,-0.461713,-0.287803,-0.41218,0.0586321391574776
148.634521,"P04","Occ_MO_1.2",100,82,2953.097656,7977.559082,114.08004,-0.010905,0.0378,27.7772,11.7,7.8,"{""type"":""M"",""msg"":""FADE0"",""time"":148.542,""dist"":3.96577}",1.71781900000002,9.51781900000002,0,9.9,18.1,-0.33606,9.9,7.8,0.004028,-0.011922,-0.007894,-0.0101566666666667,0.00122974430627815,-0.33606,0.0378,-0.1183945,0.120620189977734
150.956787,"P04","Occ_MO_1.2",100,83,2928.32373,8037.130371,110.867599,-0.009928,-0.218821,27.7778,7.8,3.5,"{""type"":""M"",""msg"":""FADE0"",""time"":150.924,""dist"":4.03195}",1.81901499999998,5.31901499999998,0,10.3,6.7,0.065861,6.7,3.5,0.001831,-0.011759,-0.009928,-0.0114828947368421,0.000438738455971822,-0.218821,0.067487,-0.0219886842105263,0.0931121574804951
152.871323,"P04","Occ_MO_1.2",100,84,2910.048096,8087.088379,109.4058,-0.006551,-0.775322,27.7779,16.1,19.8,"{""type"":""M"",""msg"":""FADE0"",""time"":152.795,""dist"":4.08394}",1.40945499999998,17.509455,0,23.1,4.6,-0.402193,4.6,16.1,0.002686,-0.006714,-0.004028,-0.00526266666666667,0.000954605727637382,-0.775322,-0.402193,-0.617021333333333,0.121110229419712
154.593185,"P04","Occ_MO_1.2",100,85,2894.458008,8132.320312,108.837128,-0.005371,-0.632121,27.7776,5.6,8.6,"{""type"":""M"",""msg"":""FADE0"",""time"":154.586,""dist"":4.13371}",1.21170000000001,6.81170000000001,0,6.9,8.9,-0.836808,6.9,5.6,0.005534,-0.005371,0.000163,-0.00111115384615385,0.0016660846740264,-0.846943,-0.632121,-0.782793230769231,0.0729618048640906
156.520294,"P04","Occ_MO_1.2",100,86,2878.258057,8183.349609,106.08136,-0.010905,-0.112771,27.7777,11.3,6.9,"{""type"":""M"",""msg"":""FADE0"",""time"":156.424,""dist"":4.18477}",1.421493,8.321493,0,13.9,10,-0.418229,10,6.9,0.003052,-0.013957,-0.010905,-0.0126663571428571,0.00118018776909849,-0.418229,-0.112771,-0.219432,0.103957621203583
13.156092,"P05","Occ_MO_1.2",100,1,5765.340332,8308.743164,-101.98822,-0.012085,0.934558,27.4861,8.4,5.8,"{""type"":""M"",""msg"":""FADE0"",""time"":13.1545,""dist"":0.205719}",0.303846,6.103846,0,6.2,4.5,1.015765,4.5,5.8,0.0059,-0.017985,-0.012085,-0.01528925,0.00258695295344414,0.934558,1.015765,0.97727475,0.0351628715870874
14.674377,"P05","Occ_MO_1.2",100,2,5756.146973,8267.854492,-102.952141,0.001506,0.487569,27.6598,3,5.5,"{""type"":""M"",""msg"":""FADE0"",""time"":14.6286,""dist"":0.246405}",1.011338,4.011338,0,12.8,7.7,0.751193,7.7,3,0.010417,-0.008911,0.001506,-0.00238590909090909,0.00342603378426266,0.487569,0.751193,0.593451727272727,0.0910472768687685
15.990967,"P05","Occ_MO_1.2",100,3,5747.790527,8232.326172,-103.963112,-0.010905,0.676044,27.7535,14,10.6,"{""type"":""M"",""msg"":""FADE0"",""time"":15.9118,""dist"":0.281974}",0.808104,11.408104,0,4.1,8.9,0.528545,4.1,10.6,0.005005,-0.010905,-0.0059,-0.00912822222222222,0.00204172554336876,0.528545,0.676044,0.605131111111111,0.0514819538878538
17.709553,"P05","Occ_MO_1.2",100,4,5735.378906,8186.233398,-106.299347,-0.007731,0.658341,27.7773,31.4,39.2,"{""type"":""M"",""msg"":""FADE0"",""time"":17.6421,""dist"":0.330036}",1.215391,32.615391,0,12.3,9.1,0.727044,9.1,31.4,0.004517,-0.012248,-0.007731,-0.0110364615384615,0.00137624771361509,0.658341,0.736831,0.713244384615385,0.0261337873691589
19.427942,"P05","Occ_MO_1.2",100,5,5721.381836,8140.585449,-107.637749,-0.002686,0.483644,27.7785,3.8,7.1,"{""type"":""M"",""msg"":""FADE0"",""time"":19.4168,""dist"":0.379348}",1.213691,5.013691,0,19.2,12.4,0.591347,12.4,3.8,0.006388,-0.008748,-0.00236,-0.005562,0.00259021717236219,0.480785,0.591347,0.522914769230769,0.039257337726328
21.344246,"P05","Occ_MO_1.2",100,6,5704.446289,8090.108398,-109.771378,-0.007731,0.570991,27.7777,23,31.7,"{""type"":""M"",""msg"":""FADE0"",""time"":21.2441,""dist"":0.430121}",1.412644,24.412644,0,27.6,20.6,0.529528,20.6,23,0.003703,-0.011434,-0.007731,-0.0100640666666667,0.00102277874067706,0.529528,0.588875,0.571750533333333,0.0183254724548984
23.061136,"P05","Occ_MO_1.2",100,7,5687.792969,8045.404785,-110.891983,-0.00236,0.604857,27.7784,2.5,5.7,"{""type"":""M"",""msg"":""FADE0"",""time"":23.0081,""dist"":0.479136}",1.312862,3.812862,0,45.6,50.1,0.549216,45.6,2.5,0.006388,-0.008748,-0.00236,-0.00438571428571429,0.00236441449667522,0.528504,0.604857,0.548014428571429,0.0229178122016455
24.783978,"P05","Occ_MO_1.2",100,8,5669.861816,8001.026855,-113.552292,-0.011434,0.728342,27.7777,9.1,6.2,"{""type"":""M"",""msg"":""FADE0"",""time"":24.7108,""dist"":0.526446}",1.217375,7.417375,0,8.6,6.6,0.745053,6.6,6.2,0.007039,-0.018473,-0.011434,-0.0150835384615385,0.00261189237320966,0.728342,0.821966,0.786993153846154,0.0311730504331496
26.702618,"P05","Occ_MO_1.2",100,9,5647.878906,7952.458984,-114.822678,-0.003011,0.399797,27.7782,4,7.2,"{""type"":""M"",""msg"":""FADE0"",""time"":26.6166,""dist"":0.579401}",1.412373,5.412373,0,18.1,22.8,0.593624,18.1,4,0.004191,-0.006714,-0.002523,-0.00337206666666667,0.0011407259259328,0.391696,0.593624,0.4539804,0.0678313116802052
28.621452,"P05","Occ_MO_1.2",100,10,5624.882812,7904.358887,-116.408997,-0.007406,0.729124,27.7777,3.3,11,"{""type"":""M"",""msg"":""FADE0"",""time"":28.6121,""dist"":0.634847}",1.413713,4.713713,0,9.8,21.3,0.463242,9.8,3.3,0.001343,-0.008057,-0.006714,-0.00707486666666667,0.000550509486964662,0.463242,0.729124,0.586315333333333,0.0844147754277876
30.439289,"P05","Occ_MO_1.2",100,11,5601.568848,7859.556641,-118.818771,-0.009074,0.962748,27.7778,31.2,17.7,"{""type"":""M"",""msg"":""FADE0"",""time"":30.408,""dist"":0.684748}",1.313703,19.013703,0,17.5,13.8,0.849689,13.8,17.7,0.003174,-0.012248,-0.009074,-0.0114775,0.000972902220559307,0.849689,0.967983,0.934810357142857,0.0395778992632682
31.953461,"P05","Occ_MO_1.2",100,12,5580.69043,7823.033691,-120.990173,-0.010254,0.737209,27.7777,10.1,6.5,"{""type"":""M"",""msg"":""FADE0"",""time"":31.9468,""dist"":0.727504}",1.009856,7.509856,0,8.9,6.6,0.941025,6.6,6.5,0.003703,-0.013957,-0.010254,-0.0130319090909091,0.00120434168362184,0.737209,0.941025,0.861443181818182,0.0695400110955099
33.48069,"P05","Occ_MO_1.2",100,13,5558.54834,7786.83252,-121.531288,0.00118,0.437027,27.7783,2.6,5,"{""type"":""M"",""msg"":""FADE0"",""time"":33.4586,""dist"":0.769511}",1.017242,3.617242,0,7.7,11,0.554583,7.7,2.6,0.005697,-0.003866,0.001831,0.000484545454545455,0.00155264808399304,0.415795,0.554583,0.456148818181818,0.0465964212870864
34.89946,"P05","Occ_MO_1.2",100,14,5537.587891,7753.448242,-123.328064,-0.014771,0.730705,27.7764,8.2,6,"{""type"":""M"",""msg"":""FADE0"",""time"":34.8202,""dist"":0.807346}",0.911403999999997,6.911404,0,17.3,13.6,0.567621,13.6,6,0.0035,-0.014771,-0.011271,-0.0142378,0.00114412944100647,0.567621,0.730705,0.670941,0.0573045312344495
36.416748,"P05","Occ_MO_1.2",100,15,5513.820801,7718.628906,-124.872948,-0.001668,0.567989,27.7789,3.1,6.1,"{""type"":""M"",""msg"":""FADE0"",""time"":36.3155,""dist"":0.848893}",1.012093,4.112093,0,8.2,5.6,0.689084,5.6,3.1,0.011597,-0.013265,-0.001668,-0.00476472727272727,0.00365145368561369,0.567271,0.689084,0.609963818181818,0.0442791873430807
38.036366,"P05","Occ_MO_1.2",100,16,5487.599121,7682.058594,-126.932144,-0.013102,0.67052,27.7771,9.2,6.4,"{""type"":""M"",""msg"":""FADE0"",""time"":37.9897,""dist"":0.895414}",1.215226,7.615226,0,19.1,14.2,0.614996,14.2,6.4,0.002197,-0.013102,-0.010905,-0.0127922307692308,0.000704155422456122,0.614996,0.693098,0.669599846153846,0.024757440318842
39.755234,"P05","Occ_MO_1.2",100,17,5458.274902,7644.362305,-128.566299,-0.004883,0.447716,27.7785,4.6,8.1,"{""type"":""M"",""msg"":""FADE0"",""time"":39.738,""dist"":0.943991}",1.211979,5.811979,0,10.9,15.2,0.587924,10.9,4.6,0.002156,-0.007039,-0.004883,-0.00555907692307692,0.000909098955150874,0.44666,0.587924,0.494859,0.048824185685307
41.37019,"P05","Occ_MO_1.2",100,18,5429.873535,7609.624023,-130.226242,-0.008748,0.613519,27.7775,6.9,14.6,"{""type"":""M"",""msg"":""FADE0"",""time"":41.3274,""dist"":0.988154}",1.109669,8.009669,0,7.9,15.9,0.48863,7.9,6.9,0.00236,-0.011108,-0.008748,-0.00968066666666667,0.000957651040385544,0.48863,0.613519,0.554009166666667,0.0401007407023709
42.981941,"P05","Occ_MO_1.2",100,19,5400.372559,7575.93457,-132.506058,-0.013102,0.70998,27.7772,10.3,7.3,"{""type"":""M"",""msg"":""FADE0"",""time"":42.9727,""dist"":1.03387}",1.107757,8.407757,0,19.6,15.1,0.673612,15.1,7.3,0.001994,-0.013102,-0.011108,-0.0126579166666667,0.000683126696399236,0.673612,0.723552,0.708744083333333,0.0162056463866952
45.001587,"P05","Occ_MO_1.2",100,20,5361.728516,7535.245605,-134.280304,-0.005046,0.685877,27.7782,2.3,6,"{""type"":""M"",""msg"":""FADE0"",""time"":44.9224,""dist"":1.08804}",1.513683,3.813683,0,19.7,13.6,0.656454,13.6,2.3,0.005697,-0.010254,-0.004557,-0.0057425,0.00178544265286418,0.595449,0.685877,0.6254630625,0.0272436452246972
46.520058,"P05","Occ_MO_1.2",100,21,5331.706543,7505.608887,-137.151611,-0.018311,0.877771,27.7762,6.1,4.4,"{""type"":""M"",""msg"":""FADE0"",""time"":46.4707,""dist"":1.13107}",1.010571,5.410571,0,9.1,7.1,0.831196,7.1,4.4,0.002197,-0.019165,-0.016968,-0.0186841818181818,0.000663954187904831,0.831196,0.928882,0.897031454545455,0.0311089763713422
47.932869,"P05","Occ_MO_1.2",100,22,5302.464355,7479.419922,-138.720993,-0.001831,0.367165,27.7792,4.7,7.3,"{""type"":""M"",""msg"":""FADE0"",""time"":47.8876,""dist"":1.17044}",0.906863999999999,5.606864,0,7.2,4.7,0.697954,4.7,4.7,0.011434,-0.013265,-0.001831,-0.0049927,0.00339199616908851,0.367165,0.697954,0.5153968,0.1135250165155
49.549164,"P05","Occ_MO_1.2",100,23,5268.491211,7450.046875,-139.823853,-0.007568,0.418625,27.7776,5.4,11.5,"{""type"":""M"",""msg"":""FADE0"",""time"":49.5027,""dist"":1.21531}",1.11034799999999,6.510348,0,5,8.2,0.313001,5,5.4,0.003703,-0.007731,-0.004028,-0.00604908333333333,0.00155192668865823,0.310651,0.418625,0.348466083333333,0.037563319021374
51.268612,"P05","Occ_MO_1.2",100,24,5231.373047,7419.978027,-142.718002,-0.015462,0.494245,27.7768,6.3,4.1,"{""type"":""M"",""msg"":""FADE0"",""time"":51.1888,""dist"":1.26216}",1.211907,5.311907,0,12,9.1,0.519686,9.1,4.1,0.004679,-0.017456,-0.012777,-0.0161070769230769,0.00120075507227317,0.494245,0.585374,0.554330615384615,0.0292113879977726
52.679756,"P05","Occ_MO_1.2",100,25,5199.949219,7396.525879,-143.46196,-0.00118,0.21751,27.7787,3.6,6.1,"{""type"":""M"",""msg"":""FADE0"",""time"":52.6249,""dist"":1.30207}",0.906161999999995,4.50616199999999,0,2.5,3.7,0.323772,2.5,3.6,0.00118,-0.00118,0,-0.0006755,0.000540167309472003,0.207611,0.323772,0.2414247,0.0401170177551456
54.296978,"P05","Occ_MO_1.2",100,26,5163.53125,7370.206543,-145.469818,-0.012939,0.485585,27.7769,9.1,6.4,"{""type"":""M"",""msg"":""FADE0"",""time"":54.261,""dist"":1.34753}",1.109962,7.509962,0,20.7,16.7,0.316494,16.7,6.4,0.004883,-0.015137,-0.010254,-0.0133528333333333,0.00131622503141877,0.316494,0.485585,0.426633833333333,0.0586822492315929
56.009995,"P05","Occ_MO_1.2",100,27,5123.862793,7343.905762,-147.201309,-0.005046,0.340081,27.7784,5.7,9.7,"{""type"":""M"",""msg"":""FADE0"",""time"":55.9113,""dist"":1.39338}",1.20935900000001,6.90935900000001,0,9.6,6.5,0.451619,6.5,5.7,0.007202,-0.011759,-0.004557,-0.00667953846153846,0.00231578178359507,0.340081,0.451619,0.382715153846154,0.0397091271138138
57.730537,"P05","Occ_MO_1.2",100,28,5083.326172,7318.565918,-148.871841,-0.007894,0.416517,27.7778,13.3,26.8,"{""type"":""M"",""msg"":""FADE0"",""time"":57.7118,""dist"":1.44341}",1.313984,14.613984,0,13.2,9.4,0.357425,9.4,13.3,0.003662,-0.010905,-0.007243,-0.00828628571428571,0.00131757612120319,0.357425,0.416517,0.384847,0.0176812928129835
59.246838,"P05","Occ_MO_1.2",100,29,5046.928711,7297.349609,-150.723068,-0.008586,0.396925,27.778,23.8,15.1,"{""type"":""M"",""msg"":""FADE0"",""time"":59.2089,""dist"":1.48501}",1.01314199999999,16.113142,0,8.3,5.9,0.446084,5.9,15.1,0.005208,-0.013794,-0.008586,-0.00979918181818182,0.00170872249462467,0.396925,0.446373,0.427377090909091,0.0175853000910109
61.061527,"P05","Occ_MO_1.2",100,30,5002.593262,7273.336426,-152.359726,-0.0059,0.304596,27.7778,7.1,11.9,"{""type"":""M"",""msg"":""FADE0"",""time"":60.9881,""dist"":1.53445}",1.312065,8.412065,0,58.1,22.1,0.358463,22.1,7.1,0.002319,-0.008219,-0.0059,-0.00675171428571429,0.000781985188584052,0.302274,0.358463,0.3214275,0.0192376863343802
63.088333,"P05","Occ_MO_1.2",100,31,4952.255859,7248.09375,-154.570908,-0.008219,0.312878,27.7778,49.6,22.9,"{""type"":""M"",""msg"":""FADE0"",""time"":63.0841,""dist"":1.59268}",1.516464,24.416464,0,16,11.3,0.331291,11.3,22.9,0.002035,-0.010254,-0.008219,-0.0094298125,0.000598598498578137,0.312878,0.350652,0.3385375,0.0115913757020755
64.80262,"P05","Occ_MO_1.2",100,32,4908.980469,7228.193359,-156.15358,-0.006551,0.271814,27.7778,9.4,15,"{""type"":""M"",""msg"":""FADE0"",""time"":64.7401,""dist"":1.6387}",1.20797,10.60797,0,20.3,28,0.28165,20.3,9.4,0.00354,-0.008423,-0.004883,-0.00723038461538462,0.0013191933481274,0.270644,0.28165,0.272908692307692,0.00301468993387975
67.128258,"P05","Occ_MO_1.2",100,33,4849.455566,7203.053223,-158.1633,-0.006877,0.450132,27.7777,6.1,12.5,"{""type"":""M"",""msg"":""FADE0"",""time"":67.0624,""dist"":1.70323}",1.82122100000001,7.92122100000001,0,8.3,13.9,0.282189,8.3,6.1,0.001017,-0.007568,-0.006551,-0.0070458947368421,0.000396527131583542,0.282189,0.450132,0.353465789473684,0.0527039141025692
69.148499,"P05","Occ_MO_1.2",100,34,4796.958008,7183.191895,-160.516342,-0.007894,0.590981,27.7782,19.2,27.3,"{""type"":""M"",""msg"":""FADE0"",""time"":69.1025,""dist"":1.75991}",1.513558,20.713558,0,12.7,9.5,0.529214,9.5,19.2,0.003377,-0.011271,-0.007894,-0.0098721875,0.0011637560007006,0.529214,0.59844,0.5814269375,0.0216772699464016
71.776764,"P05","Occ_MO_1.2",100,35,4727.601562,7160.342773,-162.937683,-0.006388,0.568077,27.7778,5.5,11,"{""type"":""M"",""msg"":""FADE0"",""time"":71.6767,""dist"":1.83144}",2.125214,7.625214,0,19.4,13,0.581679,13,5.5,0.002849,-0.009237,-0.006388,-0.0071965,0.00117041680609943,0.535663,0.581679,0.553097909090909,0.0152219777824825
74.304558,"P05","Occ_MO_1.2",100,36,4660.032227,7141.192383,-165.42807,-0.007243,0.774034,27.778,4.3,11.7,"{""type"":""M"",""msg"":""FADE0"",""time"":74.2507,""dist"":1.90296}",2.123696,6.423696,0,27.8,18.9,0.606656,18.9,4.3,0.002685,-0.009562,-0.006877,-0.008114,0.00116422551407322,0.606656,0.774034,0.685715681818182,0.046810989229114
76.122597,"P05","Occ_MO_1.2",100,37,4610.883301,7129.551758,-168.279739,-0.010905,0.676397,27.7776,9.3,5.9,"{""type"":""M"",""msg"":""FADE0"",""time"":76.0807,""dist"":1.95381}",1.310807,7.210807,0,8.7,6.6,0.843549,6.6,5.9,0.004232,-0.015137,-0.010905,-0.0141922142857143,0.00131111433395539,0.676397,0.862589,0.807821357142857,0.0618083990229945
77.943619,"P05","Occ_MO_1.2",100,38,4561.196289,7119.992188,-169.761963,-0.004557,0.132685,27.7781,6.9,10.1,"{""type"":""M"",""msg"":""FADE0"",""time"":77.9354,""dist"":2.00534}",1.317093,8.217093,0,15.7,7.4,0.491885,7.4,6.9,0.004191,-0.008748,-0.004557,-0.00525771428571429,0.00113564345898441,0.132685,0.491885,0.285353928571429,0.117801477629145
80.060745,"P05","Occ_MO_1.2",100,39,4503.187012,7110.233887,-171.348648,-0.008911,0.282421,27.7776,8.7,16.9,"{""type"":""M"",""msg"":""FADE0"",""time"":79.9682,""dist"":2.06183}",1.614029,10.314029,0,6.8,10.3,0.096396,6.8,8.7,0.003377,-0.008911,-0.005534,-0.00650323529411765,0.000957825240415218,0.095934,0.282421,0.160136823529412,0.0621432823202107
82.487267,"P05","Occ_MO_1.2",100,40,4436.331055,7101.553223,-173.793655,-0.007568,0.85027,27.7778,1.6,7.1,"{""type"":""M"",""msg"":""FADE0"",""time"":82.4173,""dist"":2.12988}",1.923378,3.523378,0,12.7,25.1,0.383783,12.7,1.6,0.002156,-0.009399,-0.007243,-0.0077007,0.000711409061392655,0.383783,0.85027,0.59143695,0.143986656130086
84.202477,"P05","Occ_MO_1.2",100,41,4388.850586,7097.537598,-177.01387,-0.014771,1.043839,27.7773,7.9,5.6,"{""type"":""M"",""msg"":""FADE0"",""time"":84.1364,""dist"":2.17764}",1.20993900000001,6.809939,0,8.8,7,1.024525,7,5.6,0.003702,-0.018473,-0.014771,-0.0172933076923077,0.00127577083787381,1.024525,1.12447,1.088593,0.0327769251786477
85.716003,"P05","Occ_MO_1.2",100,42,4346.821289,7096.128906,-179.114471,-0.008219,0.47061,27.7787,25,32.7,"{""type"":""M"",""msg"":""FADE0"",""time"":85.6426,""dist"":2.21949}",1.006683,26.006683,0,8.7,5.8,0.885408,5.8,25,0.004558,-0.012777,-0.008219,-0.0105091818181818,0.00179486031869791,0.47061,0.885408,0.682613363636364,0.138907528781757
87.73732,"P05","Occ_MO_1.2",100,43,4290.658691,7096.067383,179.223663,-0.006063,-0.002443,27.778,6.9,10.4,"{""type"":""M"",""msg"":""FADE0"",""time"":87.6925,""dist"":2.27645}",1.515305,8.415305,0,10.5,14.2,0.276012,10.5,6.9,0.000854,-0.006388,-0.005534,-0.0062204375,0.00026426551515474,-0.002443,0.276012,0.09856725,0.0906722277315386
89.660927,"P05","Occ_MO_1.2",100,44,4237.234863,7097.596191,177.088058,-0.013428,0.191662,27.7772,9.6,6.6,"{""type"":""M"",""msg"":""FADE0"",""time"":89.5875,""dist"":2.32911}",1.419388,8.019388,0,6.2,9.9,0.014731,6.2,6.6,0.00704,-0.013428,-0.006388,-0.0101292,0.00221903123006415,0.014731,0.191662,0.105564133333333,0.0597286613514659
91.578812,"P05","Occ_MO_1.2",100,45,4184.079102,7101.334473,174.991791,-0.007039,0.2682,27.7782,6.1,11.2,"{""type"":""M"",""msg"":""FADE0"",""time"":91.5562,""dist"":2.38381}",1.413346,7.513346,0,10.1,16,0.19838,10.1,6.1,0.000529,-0.007568,-0.007039,-0.00751113333333333,0.000142383218647357,0.195782,0.2682,0.216664666666667,0.0241768720642172
93.498367,"P05","Occ_MO_1.2",100,46,4131.043457,7106.943848,172.452087,-0.012939,0.505162,27.7774,9.1,6.4,"{""type"":""M"",""msg"":""FADE0"",""time"":93.4617,""dist"":2.43676}",1.417038,7.817038,0,6.2,13.1,0.347157,6.2,6.4,0.006063,-0.013957,-0.007894,-0.0120009333333333,0.00239827936734016,0.347157,0.511268,0.4559496,0.0571616858678708
95.618889,"P05","Occ_MO_1.2",100,47,4072.829102,7116.01123,169.973511,-0.007894,0.178233,27.7782,30.9,42,"{""type"":""M"",""msg"":""FADE0"",""time"":95.5597,""dist"":2.49505}",1.614586,32.514586,0,9.7,6.4,0.450415,6.4,30.9,0.003703,-0.011597,-0.007894,-0.008569,0.00103853978017214,0.178233,0.450415,0.309064588235294,0.0878475384316906
97.540092,"P05","Occ_MO_1.2",100,48,4020.374512,7125.915527,168.559937,-0.008423,0.208958,27.7776,15.4,1e+06,"{""type"":""M"",""msg"":""FADE0"",""time"":97.4573,""dist"":2.54778}",1.416687,16.816687,0,5.6,8.4,0.113363,5.6,15.4,0.005737,-0.008423,-0.002686,-0.00530073333333333,0.00196404369556668,0.094766,0.208958,0.1301682,0.0379349357306127
99.560219,"P05","Occ_MO_1.2",100,49,3965.576416,7138.055664,166.416336,-0.007406,0.502469,27.778,6.3,14.3,"{""type"":""M"",""msg"":""FADE0"",""time"":99.5077,""dist"":2.60475}",1.51857,7.81857,0,38.8,31,0.295825,31,6.3,0.00236,-0.009766,-0.007406,-0.0085349375,0.000962707049158777,0.295825,0.502469,0.4048884375,0.064111805068925
101.375092,"P05","Occ_MO_1.2",100,50,3916.839844,7150.977051,163.43605,-0.011597,0.415233,27.7775,7.4,4.5,"{""type"":""M"",""msg"":""FADE0"",""time"":101.322,""dist"":2.65517}",1.310334,5.810334,0,8.5,6.3,0.57743,6.3,4.5,0.004191,-0.015788,-0.011597,-0.0150845,0.00118992583802521,0.415233,0.602661,0.5501115,0.0611717763323401
103.095016,"P05","Occ_MO_1.2",100,51,3871.197021,7165.141113,162.435822,-0.001017,-0.121409,27.7784,5,7.4,"{""type"":""M"",""msg"":""FADE0"",""time"":103.055,""dist"":2.7033}",1.215057,6.215057,0,8.6,11.3,0.200898,8.6,5,0.002686,-0.003703,-0.001017,-0.00222869230769231,0.00110114133096948,-0.121409,0.200898,0.00302453846153845,0.10833319497859
105.216148,"P05","Occ_MO_1.2",100,52,3815.173828,7183.44043,161.210724,-0.005046,0.325843,27.7777,3.1,6.8,"{""type"":""M"",""msg"":""FADE0"",""time"":105.168,""dist"":2.76204}",1.61363200000001,4.71363200000001,0,6.2,9.8,-0.096673,6.2,3.1,0.000814,-0.005534,-0.00472,-0.00510323529411765,0.000243714876805809,-0.096673,0.325843,0.081282,0.13486728470426
106.932709,"P05","Occ_MO_1.2",100,53,3770.417969,7199.89502,157.81395,-0.011597,0.490115,27.7775,7.3,4.5,"{""type"":""M"",""msg"":""FADE0"",""time"":106.834,""dist"":2.80831}",1.210717,5.710717,0,7.8,6,0.543046,6,4.5,0.011314,-0.022911,-0.011597,-0.0189223846153846,0.00382613409197111,0.490115,0.659497,0.600131307692308,0.0543629872222891
108.451019,"P05","Occ_MO_1.2",100,54,3731.48999,7216.15918,157.205627,0.000854,0.034638,27.7788,4,6.1,"{""type"":""M"",""msg"":""FADE0"",""time"":108.404,""dist"":2.85196}",1.11290700000001,5.11290700000001,0,9.7,12.6,0.308553,9.7,4,0.004394,-0.00354,0.000854,-0.000458,0.0013061736624062,0.034638,0.308553,0.13155875,0.0939113023095584
110.375198,"P05","Occ_MO_1.2",100,55,3682.411377,7237.361816,155.513138,-0.009928,0.393729,27.7774,17.2,12.5,"{""type"":""M"",""msg"":""FADE0"",""time"":110.306,""dist"":2.90479}",1.41714399999999,13.917144,0,4.8,8.5,0.099087,4.8,12.5,0.005533,-0.010579,-0.005046,-0.00914433333333333,0.002020868719376,0.099087,0.393729,0.2622682,0.0968466758321774
112.39724,"P05","Occ_MO_1.2",100,56,3631.708008,7261.559082,153.639954,-0.004883,0.599907,27.7781,3.2,7.5,"{""type"":""M"",""msg"":""FADE0"",""time"":112.307,""dist"":2.96039}",1.517701,4.717701,0,16.2,11.5,0.445959,11.5,3.2,0.005045,-0.009928,-0.004883,-0.0065866875,0.00173731654067415,0.445959,0.599907,0.5073840625,0.0470233576363474
114.417717,"P05","Occ_MO_1.2",100,57,3582.044434,7287.716797,150.598892,-0.009562,0.543926,27.7781,11.8,7.1,"{""type"":""M"",""msg"":""FADE0"",""time"":114.329,""dist"":3.01656}",1.51486199999999,8.61486199999999,0,8,6.1,0.71086,6.1,7.1,0.007406,-0.016968,-0.009562,-0.0136031875,0.00321041235604296,0.543926,0.753489,0.6869338125,0.0687390754406049
116.137871,"P05","Occ_MO_1.2",100,58,3540.705566,7311.70752,149.354111,-0.003377,0.143003,27.7784,5.5,8.5,"{""type"":""M"",""msg"":""FADE0"",""time"":116.13,""dist"":3.06663}",1.216156,6.716156,0,37.3,9,0.392049,9,5.5,0.004842,-0.008219,-0.003377,-0.00432238461538462,0.00140981361288538,0.143003,0.392049,0.240720769230769,0.0833898785586455
118.266167,"P05","Occ_MO_1.2",100,59,3490.221191,7342.499023,147.530716,-0.008748,0.395093,27.7774,13.3,23.1,"{""type"":""M"",""msg"":""FADE0"",""time"":118.233,""dist"":3.12504}",1.61952199999999,14.919522,0,5.9,9.6,0.155488,5.9,13.3,0.003866,-0.009237,-0.005371,-0.00774082352941177,0.00129339501097374,0.155488,0.395093,0.267957294117647,0.0784748024509816
120.490662,"P05","Occ_MO_1.2",100,60,3438.916992,7376.955078,144.605957,-0.006877,0.397362,27.7783,9.9,14.4,"{""type"":""M"",""msg"":""FADE0"",""time"":120.399,""dist"":3.18522}",1.72146600000001,11.621466,0,11.6,8.5,0.471611,8.5,9.9,0.006917,-0.013794,-0.006877,-0.0112417222222222,0.00228597657868594,0.397362,0.513262,0.4756825,0.0372030926422396
122.914543,"P05","Occ_MO_1.2",100,61,3384.724365,7416.939453,142.57402,-0.005697,0.393015,27.7779,4.1,8,"{""type"":""M"",""msg"":""FADE0"",""time"":122.841,""dist"":3.2531}",1.919693,6.019693,0,27.3,35.9,0.344399,27.3,4.1,0.003214,-0.008911,-0.005697,-0.0064089,0.00069806332844973,0.296892,0.393015,0.3255999,0.0276334671385032
125.341347,"P05","Occ_MO_1.2",100,62,3332.245361,7459.265625,139.509552,-0.009562,0.627638,27.7778,43.5,38.4,"{""type"":""M"",""msg"":""FADE0"",""time"":125.265,""dist"":3.32045}",1.921944,40.321944,0,12.1,9,0.495087,9,38.4,0.004028,-0.01359,-0.009562,-0.0108621,0.00138593460391022,0.495087,0.627638,0.5865415,0.0393550260182195
127.262482,"P05","Occ_MO_1.2",100,63,3292.552246,7494.945312,136.420685,-0.009766,0.278572,27.7783,13.7,6.6,"{""type"":""M"",""msg"":""FADE0"",""time"":127.182,""dist"":3.3737}",1.41516100000001,8.01516100000001,0,8.3,5.9,0.63009,5.9,6.6,0.006022,-0.015788,-0.009766,-0.0138454666666667,0.00244877490847586,0.278572,0.63009,0.496543466666667,0.118332796225528
129.07692,"P05","Occ_MO_1.2",100,64,3256.249023,7529.930176,135.858337,-0.002848,0.209605,27.7778,2.7,5.2,"{""type"":""M"",""msg"":""FADE0"",""time"":129.054,""dist"":3.42572}",1.310311,4.010311,0,4,5.7,0.096421,4,2.7,0.00652,-0.002848,0.003672,-0.000725142857142857,0.00193414369274256,0.033245,0.209605,0.0850735714285714,0.0547497177396508
131.00618,"P05","Occ_MO_1.2",100,65,3218.600098,7568.075684,132.649033,-0.016479,0.874517,27.777,7.7,5.7,"{""type"":""M"",""msg"":""FADE0"",""time"":130.988,""dist"":3.47946}",1.42022700000001,7.12022700000001,0,3.5,17.7,0.460864,3.5,5.7,0.005575,-0.01766,-0.012085,-0.01658,0.00139953211569336,0.460864,0.874517,0.732759666666667,0.137913298579561
132.727112,"P05","Occ_MO_1.2",100,66,3187.097168,7604.043457,130.130096,-0.004354,0.442919,27.7795,6.6,10,"{""type"":""M"",""msg"":""FADE0"",""time"":132.696,""dist"":3.52691}",1.216171,7.816171,0,6.3,4.5,0.832355,4.5,6.6,0.014119,-0.018473,-0.004354,-0.0105825384615385,0.00599055465733884,0.442919,0.832355,0.645795307692308,0.133701303785955
134.642487,"P05","Occ_MO_1.2",100,67,3153.193848,7645.067871,129.072815,-0.003011,0.425892,27.7779,2.7,5.7,"{""type"":""M"",""msg"":""FADE0"",""time"":134.628,""dist"":3.58059}",1.41096499999998,4.11096499999998,0,7.8,12,0.345707,7.8,2.7,0.003052,-0.006063,-0.003011,-0.00401226666666667,0.0011128322596399,0.306555,0.425892,0.339177066666667,0.035879079928215
136.456985,"P05","Occ_MO_1.2",100,68,3122.402832,7684.972168,125.384911,-0.010742,0.514341,27.7774,7.7,4.6,"{""type"":""M"",""msg"":""FADE0"",""time"":136.413,""dist"":3.6302}",1.31201100000001,5.91201100000001,0,11.1,8.8,0.60958,8.8,4.6,0.013285,-0.024027,-0.010742,-0.0198563571428571,0.00443334918729435,0.514341,0.741825,0.667170928571429,0.0709258441488381
137.978317,"P05","Occ_MO_1.2",100,69,3098.157715,7719.602051,125.038292,0.002655,0.023615,27.7792,3.3,5.2,"{""type"":""M"",""msg"":""FADE0"",""time"":137.92,""dist"":3.67208}",1.014892,4.314892,0,6.2,8.4,0.250005,6.2,3.3,0.002818,-0.000163,0.002655,0.00156927272727273,0.001077622484074,0.01781,0.250005,0.0915731818181818,0.0810920702286212
139.801239,"P05","Occ_MO_1.2",100,70,3069.585693,7761.420898,122.905365,-0.013265,0.409546,27.777,8.8,6.1,"{""type"":""M"",""msg"":""FADE0"",""time"":139.78,""dist"":3.72375}",1.31475800000001,7.41475800000001,0,8.9,30.7,0.144353,8.9,6.1,0.005371,-0.014608,-0.009237,-0.0129453571428571,0.00171330843274475,0.144353,0.409546,0.315060142857143,0.0894444644525797
142.131149,"P05","Occ_MO_1.2",100,71,3035.586426,7816.509766,121.208687,0.000488,0.366783,27.7783,2.3,4.6,"{""type"":""M"",""msg"":""FADE0"",""time"":142.046,""dist"":3.78671}",1.82450799999998,4.12450799999998,0,8.4,5.6,0.385111,5.6,2.3,0.013102,-0.012614,0.000488,-0.003827,0.0047940487064693,0.242029,0.385111,0.299083789473684,0.0486550064234332
144.559174,"P05","Occ_MO_1.2",100,72,3002.203369,7875.12207,118.136787,-0.005046,0.81378,27.7785,3.3,8.5,"{""type"":""M"",""msg"":""FADE0"",""time"":144.47,""dist"":3.85407}",1.91928100000001,5.21928100000001,0,8,6.2,0.589587,6.2,3.3,0.013753,-0.018799,-0.005046,-0.01130575,0.00476551285001774,0.589587,0.81378,0.75522205,0.0622163686851442
146.781677,"P05","Occ_MO_1.2",100,73,2974.811523,7930.453613,114.449089,-0.010254,0.140509,27.7787,6.2,3.1,"{""type"":""M"",""msg"":""FADE0"",""time"":146.744,""dist"":3.91726}",1.71882600000001,4.81882600000001,0,5.7,4.2,0.852126,4.2,3.1,0.011175,-0.021429,-0.010254,-0.0144456111111111,0.0038470615545602,0.140509,0.852126,0.577624833333333,0.238349181033959
148.501801,"P05","Occ_MO_1.2",100,74,2954.903564,7973.904297,115.389603,0.004323,-0.100043,27.7781,2.2,3.9,"{""type"":""M"",""msg"":""FADE0"",""time"":148.499,""dist"":3.96601}",1.21457000000001,3.41457000000001,0,3.5,4.7,-0.183414,3.5,2.2,0.01176,0.004323,0.016083,0.00924369230769231,0.00353810842552475,-0.32723,-0.100043,-0.252069,0.0716123601470677
150.219086,"P05","Occ_MO_1.2",100,75,2935.084229,8017.302246,112.646851,-0.019002,0.966485,27.7763,6.8,5.2,"{""type"":""M"",""msg"":""FADE0"",""time"":150.214,""dist"":4.01367}",1.21313499999999,6.41313499999999,0,2.7,13.8,0.29003,2.7,5.2,0.006063,-0.019165,-0.013102,-0.0179067692307692,0.00208505228367085,0.29003,0.966485,0.697348769230769,0.22589797820187
152.039154,"P05","Occ_MO_1.2",100,76,2916.953125,8064.506836,110.228401,0.005341,0.52994,27.7796,2.8,4.9,"{""type"":""M"",""msg"":""FADE0"",""time"":151.953,""dist"":4.06198}",1.31333899999998,4.11333899999998,0,5.7,4.2,0.967892,4.2,2.8,0.024994,-0.019653,0.005341,-0.00723257142857143,0.00863545669109262,0.52994,0.967892,0.748833214285714,0.152710928116933
153.966156,"P05","Occ_MO_1.2",100,77,2898.977539,8114.939941,108.385933,-0.006877,0.525978,27.7778,12,17.7,"{""type"":""M"",""msg"":""FADE0"",""time"":153.928,""dist"":4.11686}",1.42224100000001,13.422241,0,22.5,16.4,0.528625,16.4,12,0.005208,-0.012085,-0.006877,-0.0104382666666667,0.00156349185509627,0.525978,0.574313,0.555219866666667,0.0166879704101345
155.890594,"P05","Occ_MO_1.2",100,78,2882.568604,8165.832031,107.562286,-0.001506,0.709943,27.7779,1.4,4.4,"{""type"":""M"",""msg"":""FADE0"",""time"":155.826,""dist"":4.1696}",1.41693100000001,2.816931,0,12.9,19.7,0.486166,12.9,1.4,0.0059,-0.007406,-0.001506,-0.00245628571428571,0.00204829994905987,0.476475,0.709943,0.537628285714286,0.0782088713553732
21.409792,"P06","Occ_MO_1.2",100,1,5704.634277,8090.473145,-109.257103,0.004323,0.634987,27.7783,1.8,4.1,"{""type"":""M"",""msg"":""FADE0"",""time"":21.3925,""dist"":0.432209}",1.010395,2.810395,0,18.9,23.7,0.774506,18.9,1.8,0.010874,-0.006551,0.004323,0.00160927272727273,0.00303174910211611,0.613446,0.774506,0.661061272727273,0.0548887306978234
24.744959,"P06","Occ_MO_1.2",100,2,5671.432617,8003.991699,-113.836052,-0.012614,1.009879,27.7783,7.4,5.1,"{""type"":""M"",""msg"":""FADE0"",""time"":24.6437,""dist"":0.522547}",2.831144,0.706596000000001,0.706596000000001,1.2,5.6,0.810128,1.2,5.1,0.010416,-0.016642,-0.006226,-0.013920275862069,0.0021236104346902,0.810128,1.285453,1.14282589655172,0.136871717161505
27.4683,"P06","Occ_MO_1.2",100,3,5640.112793,7935.105469,-114.684105,-0.006226,0.804854,27.7778,1.3,5.9,"{""type"":""M"",""msg"":""FADE0"",""time"":27.4189,""dist"":0.59966}",2.319431,3.619431,0,12.9,6.7,0.811329,6.7,1.3,0.012909,-0.007731,0.005178,-0.00048875,0.0030874697146904,0.491949,0.811329,0.606022875,0.105332749307719
30.706858,"P06","Occ_MO_1.2",100,4,5598.726074,7855.247559,-119.893684,-0.007243,0.52881,27.7787,26,9.7,"{""type"":""M"",""msg"":""FADE0"",""time"":30.7051,""dist"":0.69097}",2.732098,0.201108999999999,0.201108999999999,0.4,8.6,1.05083,0.4,9.7,0.015299,-0.019653,-0.004354,-0.0136995357142857,0.00546122922319755,0.52881,1.245477,1.00546510714286,0.229914869774677
32.828499,"P06","Occ_MO_1.2",100,5,5569.245605,7804.196289,-119.933167,-0.004557,0.527203,27.7779,1.8,5,"{""type"":""M"",""msg"":""FADE0"",""time"":32.8126,""dist"":0.749528}",1.615978,3.415978,0,6.9,9.3,0.291041,6.9,1.8,0.015757,-0.00472,0.011037,0.00259288235294118,0.00520956685918264,0.153499,0.527203,0.268613411764706,0.116356017086064
36.575493,"P06","Occ_MO_1.2",100,6,5512.86084,7716.741211,-125.83902,-0.013102,0.845879,27.7782,7.5,5,"{""type"":""M"",""msg"":""FADE0"",""time"":36.4952,""dist"":0.851854}",3.238697,0.506160999999999,0.506160999999999,0.9,26.9,0.843999,0.9,5,0.017633,-0.021987,-0.004354,-0.0140770606060606,0.00519327397300702,0.843999,1.331435,1.12240887878788,0.155192444060342
40.513229,"P06","Occ_MO_1.2",100,7,5448.131836,7628.530762,-127.263092,-0.006714,-1.202185,27.7776,-1.514812,0.1,"{""type"":""M"",""msg"":""FADE0"",""time"":40.4379,""dist"":0.961405}",3.434696,1.919884,1.919884,3.6,5.8,0.635551,3.6,-1.514812,0.016571,-0.009399,0.007172,-0.00193977142857143,0.00511143605978568,-1.797669,1.857562,0.455058,1.06901168488174
42.736542,"P06","Occ_MO_1.2",100,8,5408.619141,7581.09375,-132.19162,-0.004354,-0.379638,27.7816,-3.738125,-2.122067,"{""type"":""M"",""msg"":""FADE0"",""time"":42.672,""dist"":1.02348}",1.719307,-2.018818,0,-2.018818,-0.40276,-0.643902,-2.018818,-3.738125,0.035205,-0.038745,-0.00354,-0.0217116666666667,0.0144312123456315,-0.643902,-0.183306,-0.316914777777778,0.125137906073333
45.261311,"P06","Occ_MO_1.2",100,9,5359.759766,7530.781738,-136.401184,-0.008911,-1.351917,27.7794,-6.262894,11.8,"{""type"":""M"",""msg"":""FADE0"",""time"":45.224,""dist"":1.09439}",2.018559,-4.244335,0,-4.244335,-2.628277,-0.399672,-4.244335,-6.262894,0.014111,-0.02115,-0.007039,-0.0160711428571429,0.00545734172730382,-1.351917,-0.399672,-0.736927857142857,0.320915495115192
47.792706,"P06","Occ_MO_1.2",100,10,5307.927246,7483.236328,-138.13147,-0.004191,1.179724,27.7783,-8.794289,6.6,"{""type"":""M"",""msg"":""FADE0"",""time"":47.7451,""dist"":1.16444}",2.02652,-6.76776899999999,0,-6.767769,6.8,-1.681728,-6.767769,-8.794289,0.012247,-0.011759,0.000488,-0.00506109523809524,0.00289833041430341,-1.814305,1.870347,0.993018,1.16527842320211
51.229607,"P06","Occ_MO_1.2",100,11,5234.773438,7421.878418,-141.825943,-0.007039,1.104431,27.7781,0.8,10.1,"{""type"":""M"",""msg"":""FADE0"",""time"":51.2234,""dist"":1.26109}",2.93166,3.73166,0,-9.29953,9.5,1.179219,-9.29953,0.8,0.01058,-0.014771,-0.004191,-0.0091621,0.00365792398584319,1.077972,1.184236,1.11862463333333,0.0383121849091917
54.762447,"P06","Occ_MO_1.2",100,12,5155.290039,7364.314941,-146.170853,-0.008911,0.678043,27.7778,18.7,12.1,"{""type"":""M"",""msg"":""FADE0"",""time"":54.7274,""dist"":1.35845}",3.026031,15.126031,0,-0.20427,7.3,1.133173,-0.20427,12.1,0.009073,-0.014119,-0.005046,-0.00998754838709677,0.00219263579341865,0.678043,1.13428,0.937101967741936,0.154675980907936
58.698906,"P06","Occ_MO_1.2",100,13,5063.116211,7305.444336,-148.898071,-0.009074,1.444514,27.7776,-0.605209,6.5,"{""type"":""M"",""msg"":""FADE0"",""time"":58.6484,""dist"":1.4674}",3.434765,2.829556,2.829556,40.8,49.3,0.588326,40.8,-0.605209,0.008382,-0.009074,-0.000692,-0.0050816,0.0027798595097806,0.515063,1.444514,0.804562171428571,0.301628313634463
61.326801,"P06","Occ_MO_1.2",100,14,4999.167969,7270.248047,-153.244431,-0.010091,1.445053,27.779,-3.233104,8.3,"{""type"":""M"",""msg"":""FADE0"",""time"":61.2686,""dist"":1.54021}",2.123493,-1.109611,0,-1.109611,6.8,1.689051,-1.109611,-3.233104,0.013419,-0.02115,-0.007731,-0.0146054090909091,0.00572551690042535,1.445053,1.83426,1.69592431818182,0.125120364781234
66.173401,"P06","Occ_MO_1.2",100,15,4876.375977,7215.077148,-158.629761,-0.009928,-0.584205,27.7779,5.2,1.5,"{""type"":""M"",""msg"":""FADE0"",""time"":66.1223,""dist"":1.67507}",4.342556,5.842556,0,-3.737148,9.2,1.269026,-3.737148,1.5,0.008219,-0.01359,-0.005371,-0.00888977272727273,0.00269269684874456,-0.584205,1.269026,0.464080863636364,0.545057797702165
68.396698,"P06","Occ_MO_1.2",100,16,4818.911133,7192.408691,-158.306381,-0.003215,-0.537747,27.778,3.7,6,"{""type"":""M"",""msg"":""FADE0"",""time"":68.3457,""dist"":1.73685}",1.716599,5.416599,0,4.4,5.5,-0.889822,4.4,3.7,0.018484,-0.003215,0.015269,0.00389544444444444,0.00643141755687264,-1.02535,-0.537747,-0.872117611111111,0.153785213224441
70.924995,"P06","Occ_MO_1.2",100,17,4753.041992,7168.012695,-161.029602,-0.007243,0.884032,27.7784,0.9,5.9,"{""type"":""M"",""msg"":""FADE0"",""time"":70.8847,""dist"":1.8074}",2.022712,2.922712,0,6.2,21.9,-0.190292,6.2,0.9,0.008382,-0.01359,-0.005208,-0.00939352380952381,0.00316678805130763,-0.190292,0.884032,0.38006519047619,0.321236010916525
74.661438,"P06","Occ_MO_1.2",100,18,4653.44043,7138.83252,-165.918213,-0.008911,1.437287,27.7779,-3.231232,38,"{""type"":""M"",""msg"":""FADE0"",""time"":74.5756,""dist"":1.90996}",3.23123200000001,5.77315972805081e-15,0,0,7.3,1.147833,0,-3.231232,0.010905,-0.017456,-0.006551,-0.0108913636363636,0.00426675289900134,1.147833,1.437287,1.35215448484848,0.0668152733367908
77.285324,"P06","Occ_MO_1.2",100,19,4582.220215,7123.288574,-169.181976,-0.007039,0.886383,27.7785,11.9,16.9,"{""type"":""M"",""msg"":""FADE0"",""time"":77.1876,""dist"":1.98253}",2.12048300000001,14.020483,0,-3.734635,6,1.432977,-3.734635,11.9,0.009563,-0.015951,-0.006388,-0.00986936363636364,0.0037424819565103,0.886383,1.432977,1.17204527272727,0.18019231487951
80.317154,"P06","Occ_MO_1.2",100,20,4499.191895,7109.084473,-171.829926,-0.008586,0.845549,27.7777,7.7,16.9,"{""type"":""M"",""msg"":""FADE0"",""time"":80.2678,""dist"":2.06812}",2.52726800000001,10.227268,0,4.9,8.7,0.776678,4.9,7.7,0.009562,-0.010905,-0.001343,-0.00704569230769231,0.00303107570039721,0.722255,0.845549,0.776874461538462,0.0415190712875235
84.371246,"P06","Occ_MO_1.2",100,21,4387.149902,7097.796875,-177.275833,-0.016113,0.676034,27.7772,6.3,4.2,"{""type"":""M"",""msg"":""FADE0"",""time"":84.3005,""dist"":2.18017}",3.545608,7.745608,0,16.6,12,0.874486,12,4.2,0.011109,-0.016317,-0.005208,-0.0112846111111111,0.00371792251727285,0.676034,0.88145,0.821342222222222,0.0463174394901168
88.107529,"P06","Occ_MO_1.2",100,22,4283.368164,7095.643066,179.315308,-0.011108,0.536739,27.7777,18.5,14.6,"{""type"":""M"",""msg"":""FADE0"",""time"":88.1021,""dist"":2.2858}",3.232224,17.832224,0,7.7,10.6,0.470609,7.7,14.6,0.010416,-0.011108,-0.000692,-0.00667084848484849,0.00332148552158153,0.253895,0.536739,0.358627272727273,0.0872853661490117
93.577118,"P06","Occ_MO_1.2",100,23,4131.958984,7107.45166,171.570648,-0.012085,-0.133568,27.7774,5.9,2.8,"{""type"":""M"",""msg"":""FADE0"",""time"":93.4792,""dist"":2.43521}",4.962738,7.762738,0,16.1,12.5,0.620662,12.5,2.8,0.010579,-0.015625,-0.005046,-0.01164068,0.00332749429193457,-0.133568,0.688215,0.4302127,0.232316722576362
97.716293,"P06","Occ_MO_1.2",100,24,4018.444336,7125.86377,168.807587,-0.012777,0.65997,27.7778,12.2,9.7,"{""type"":""M"",""msg"":""FADE0"",""time"":97.6998,""dist"":2.55248}",3.73468,13.43468,0,17.8,3.9,-0.344793,3.9,9.7,0.024343,-0.012777,0.011566,-0.00482823684210526,0.00749175704297987,-0.535136,0.65997,-0.0416085789473684,0.403481754637336
102.87796,"P06","Occ_MO_1.2",100,25,3879.736572,7162.046875,162.460114,-0.008219,0.291294,27.778,24,11.9,"{""type"":""M"",""msg"":""FADE0"",""time"":102.875,""dist"":2.69627}",4.653892,16.553892,0,8.3,6.4,0.79836,6.4,11.9,0.012085,-0.015951,-0.003866,-0.00967476595744681,0.00339800463323868,0.291294,0.846066,0.656496574468085,0.170872620471806
107.934853,"P06","Occ_MO_1.2",100,26,3745.781006,7204.456055,161.690033,-0.008057,-0.539337,27.7778,-2.626976,-1.616387,"{""type"":""M"",""msg"":""FADE0"",""time"":107.878,""dist"":2.83531}",4.55209400000001,1.92511800000001,1.92511800000001,6.9,10.1,0.203164,6.9,-2.626976,0.018442,-0.008748,0.009694,-0.00077404347826087,0.00550969648672642,-1.792955,1.810875,0.115679847826087,0.893160012674697
109.45504,"P06","Occ_MO_1.2",100,27,3706.176514,7219.052734,156.019531,-0.036443,1.354445,27.7694,-4.147163,-3.136574,"{""type"":""M"",""msg"":""FADE0"",""time"":109.354,""dist"":2.8763}",1.01474,-3.132423,0,-3.132423,-2.121834,0.416833,-3.132423,-4.147163,0.007464,-0.043907,-0.036443,-0.042347,0.00294409337487791,0.416833,1.357722,1.03419263636364,0.332122472256929
111.683472,"P06","Occ_MO_1.2",100,28,3651.10376,7247.303711,150.571533,-0.010417,0.958933,27.8012,-6.375595,-5.365006,"{""type"":""M"",""msg"":""FADE0"",""time"":111.611,""dist"":2.93903}",1.82506599999999,-4.55052900000001,0,-4.550529,-3.53994,1.217468,-4.550529,-6.375595,0.028043,-0.03728,-0.009237,-0.0216142631578947,0.00967388916300015,-1.118724,1.217468,0.258712,0.775428313821393
113.701828,"P06","Occ_MO_1.2",100,29,3602.546387,7275.403809,149.003372,-0.010742,1.604822,27.7802,-8.393951,3.3,"{""type"":""M"",""msg"":""FADE0"",""time"":113.676,""dist"":2.99643}",1.51189400000001,-6.88205699999999,0,-6.882057,-5.871468,0.093642,-6.882057,-8.393951,0.012736,-0.010742,0.001994,-0.0068919375,0.00438869914619735,-1.850163,1.752194,-0.57405925,1.05265018828476
116.021118,"P06","Occ_MO_1.2",100,30,3547.329834,7308.63623,148.952026,-0.007406,-0.57078,27.7781,25.7,3,"{""type"":""M"",""msg"":""FADE0"",""time"":115.924,""dist"":3.05889}",1.81641399999999,4.81641399999999,0,8.4,10,0.854949,8.4,3,0.019623,-0.007406,0.012217,0.00202742105263158,0.00567007425304887,-0.57078,0.854949,-0.0186293157894737,0.440240436439636
118.045357,"P06","Occ_MO_1.2",100,31,3499.21875,7337.768066,148.289047,-0.010905,-0.447806,27.7772,17.2,11.9,"{""type"":""M"",""msg"":""FADE0"",""time"":117.98,""dist"":3.116}",1.51971499999999,13.419715,0,4.1,5.3,-0.761724,4.1,11.9,0.023488,-0.010905,0.012583,-0.001061875,0.00923343706951353,-0.812301,-0.447806,-0.6801151875,0.126220816045119
120.566254,"P06","Occ_MO_1.2",100,32,3440.456299,7375.880371,145.623306,-0.010254,0.411388,27.7773,35.1,29.1,"{""type"":""M"",""msg"":""FADE0"",""time"":120.466,""dist"":3.18508}",2.017121,31.117121,0,13,20.8,-0.298886,13,29.1,0.005574,-0.011271,-0.005697,-0.00803728571428571,0.0022509784793031,-0.298886,0.411388,0.0350045238095238,0.228109567649106
123.604027,"P06","Occ_MO_1.2",100,33,3372.229492,7425.55957,142.74704,-0.004354,1.316229,27.7781,-0.407822,3.4,"{""type"":""M"",""msg"":""FADE0"",""time"":123.532,""dist"":3.27027}",2.63511700000001,2.22729500000001,2.22729500000001,25,19.5,0.542211,19.5,-0.407822,0.009603,-0.013957,-0.004354,-0.00732107407407407,0.00355642180726992,0.542211,1.316229,0.867256037037037,0.218042981706762
126.735916,"P06","Occ_MO_1.2",100,34,3305.021729,7480.810547,139.392288,0.000854,-1.379882,27.7789,-3.539711,0.6,"{""type"":""M"",""msg"":""FADE0"",""time"":126.656,""dist"":3.35707}",2.626198,-0.913512999999998,0,-0.913513,7.1,1.618737,-0.913513,-3.539711,0.024602,-0.023748,0.000854,-0.00900025925925926,0.00859720796176827,-1.873295,1.869462,-0.273432703703704,1.74932615266276
128.550522,"P06","Occ_MO_1.2",100,35,3267.664062,7514.646973,135.758102,-0.008586,-0.662397,27.7788,-5.354317,-1.511887,"{""type"":""M"",""msg"":""FADE0"",""time"":128.458,""dist"":3.40716}",1.30899100000001,-4.04532599999999,0,-4.045326,-0.202896,-0.968656,-4.045326,-5.354317,0.020801,-0.027515,-0.006714,-0.0205398571428571,0.00882294750032021,-0.968656,-0.630715,-0.712804071428571,0.107706634379949
131.278519,"P06","Occ_MO_1.2",100,36,3215.801758,7569.878906,130.293686,-0.010742,1.667276,27.7788,-8.082314,4.5,"{""type"":""M"",""msg"":""FADE0"",""time"":131.206,""dist"":3.4835}",2.22505199999998,-5.85726200000002,0,-5.857262,-2.014832,-0.673726,-5.857262,-8.082314,0.010129,-0.020871,-0.010742,-0.0181056956521739,0.00332820031131736,-1.870132,1.774546,-0.850963130434783,0.892733879498471
133.498199,"P06","Occ_MO_1.2",100,37,3176.041504,7617.03125,130.303055,-0.004354,0.47438,27.7783,3.3,6.8,"{""type"":""M"",""msg"":""FADE0"",""time"":133.429,""dist"":3.54526}",1.71542299999999,5.01542299999999,0,7.5,9.6,1.110978,7.5,3.3,0.014414,-0.00472,0.009694,0.00336533333333333,0.00502803939101983,0.432491,1.110978,0.606508388888889,0.21530993260418
136.630554,"P06","Occ_MO_1.2",100,38,3121.803467,7685.075195,126.50296,-0.009562,0.956473,27.7781,21.4,16.6,"{""type"":""M"",""msg"":""FADE0"",""time"":136.612,""dist"":3.63372}",2.62416099999999,19.224161,0,22.1,18.3,0.5929,18.3,16.6,0.010091,-0.015462,-0.005371,-0.0107210740740741,0.003271790170133,0.5929,0.958258,0.831089518518519,0.120268526007549
140.7724,"P06","Occ_MO_1.2",100,39,3057.147461,7780.250977,122.062531,-0.008911,0.778141,27.7775,25.1,18.7,"{""type"":""M"",""msg"":""FADE0"",""time"":140.721,""dist"":3.7479}",3.63618500000001,22.336185,0,12.5,9.1,0.939154,9.1,18.7,0.005045,-0.010742,-0.005697,-0.00808405405405405,0.00106084096477868,0.755587,0.939154,0.803453675675676,0.0569986088275914
145.209259,"P06","Occ_MO_1.2",100,40,2995.742432,7887.114746,117.504066,-0.009399,0.931228,27.7779,18.3,13.6,"{""type"":""M"",""msg"":""FADE0"",""time"":145.196,""dist"":3.87223}",3.93280000000001,17.5328,0,25.9,18.6,0.774325,18.6,13.6,0.005534,-0.010905,-0.005371,-0.00818175,0.00131156181609404,0.765451,0.939517,0.85463225,0.0685847567428387
149.356384,"P06","Occ_MO_1.2",100,41,2946.887207,7991.44043,112.782516,-0.009074,0.135457,27.7779,11.3,6,"{""type"":""M"",""msg"":""FADE0"",""time"":149.28,""dist"":3.9857}",3.640976,9.640976,0,12,8.7,0.911082,8.7,6,0.004191,-0.010742,-0.006551,-0.00909035135135135,0.00112052971640441,0.135457,0.911082,0.584300810810811,0.244244923388371
153.194458,"P06","Occ_MO_1.2",100,42,2905.870605,8089.880371,111.783073,-0.010417,-1.481399,27.7774,-1.010773,0.7,"{""type"":""M"",""msg"":""FADE0"",""time"":153.108,""dist"":4.09208}",3.332809,2.322036,2.322036,3.5,5.1,-0.003966,3.5,-1.010773,0.02064,-0.010417,0.010223,-0.001315,0.00584878857179637,-1.821021,1.813831,0.303492588235294,0.916058871000612
155.422348,"P06","Occ_MO_1.2",100,43,2884.926758,8148.111328,107.122047,-0.017985,-0.122658,27.7769,-3.238663,-1.923767,"{""type"":""M"",""msg"":""FADE0"",""time"":155.356,""dist"":4.15454}",1.72146599999999,-1.51719700000001,0,-1.517197,-0.202301,-0.93737,-1.517197,-3.238663,0.001669,-0.019491,-0.017822,-0.0191834444444444,0.000581061829475317,-0.93737,-0.120027,-0.385654555555556,0.268036707573953
12.591076,"P07","Occ_MO_1.2",100,1,5768.037109,8322.353516,-99.671883,-0.012451,1.024086,27.0494,0.5,12.8,"{""type"":""M"",""msg"":""FADE0"",""time"":12.518,""dist"":0.189856}",0.507641,1.007641,0,1.6,17,0.736174,1.6,0.5,0.00118,-0.012451,-0.011271,-0.0119833333333333,0.000452949739669499,0.736174,1.024086,0.883251166666667,0.107757416317239
13.498532,"P07","Occ_MO_1.2",100,2,5763.618652,8297.895508,-100.871361,-0.011108,1.431167,27.5598,-0.70595,16.2,"{""type"":""M"",""msg"":""FADE0"",""time"":13.4011,""dist"":0.213999}",0.40352,-0.30243,0,-0.30243,21.2,1.260896,-0.30243,-0.70595,0.000854000000000001,-0.011108,-0.010254,-0.0104898,0.000373139652141126,1.260896,1.431167,1.346823,0.0672328307116397
14.409186,"P07","Occ_MO_1.2",100,3,5758.507812,8273.270508,-103.492729,-0.032676,1.582307,27.634,-1.616604,3.2,"{""type"":""M"",""msg"":""FADE0"",""time"":14.336,""dist"":0.239814}",0.405161,-1.211443,0,-1.211443,4.9,1.602967,-1.211443,-1.616604,0.00865,-0.033235,-0.024585,-0.0307652,0.00363639315806198,1.582307,1.621051,1.6067026,0.0154165144017706
16.227758,"P07","Occ_MO_1.2",100,4,5745.155762,8224.661133,-106.3619,-0.006388,-0.01851,27.7659,7.3,2.6,"{""type"":""M"",""msg"":""FADE0"",""time"":16.2195,""dist"":0.292021}",1.313453,3.913453,0,-2.121723,3.7,1.230877,-2.121723,2.6,0.006388,-0.012085,-0.005697,-0.0073505,0.0018921205340529,-0.01851,1.230877,0.595814857142857,0.40359333222457
17.842319,"P07","Occ_MO_1.2",100,5,5732.383789,8181.661133,-106.458244,-0.000163,-0.955191,27.7778,6.5,8.3,"{""type"":""M"",""msg"":""FADE0"",""time"":17.8168,""dist"":0.336401}",1.109972,7.609972,0,5.9,7.3,-0.449456,5.9,6.5,0.006521,-0.000163,0.006358,0.00157408333333333,0.001673595446844,-0.955191,-0.449456,-0.754560083333333,0.16891176282494
20.27039,"P07","Occ_MO_1.2",100,6,5713.071289,8117.019531,-107.198647,-0.007568,-0.050019,27.7777,3.4,7.5,"{""type"":""M"",""msg"":""FADE0"",""time"":20.2093,""dist"":0.402878}",1.922501,5.322501,0,4.4,5.8,-0.969843,4.4,3.4,0.012909,-0.007568,0.005341,-0.00272105,0.00342954073148977,-0.969843,-0.050019,-0.5920592,0.297213559329173
21.182884,"P07","Occ_MO_1.2",100,7,5705.353516,8092.869141,-108.413902,-0.015137,0.526286,27.777,10.3,8.3,"{""type"":""M"",""msg"":""FADE0"",""time"":21.1371,""dist"":0.428657}",0.40455,8.70455,0,3.5,28.4,0.286906,3.5,8.3,0.005371,-0.015137,-0.009766,-0.0121094,0.00198607484753219,0.286906,0.526286,0.4085672,0.0946462266374101
24.018751,"P07","Occ_MO_1.2",100,8,5677.219727,8019.29541,-113.458626,-0.013265,0.462479,27.7782,5.9,3.6,"{""type"":""M"",""msg"":""FADE0"",""time"":23.9174,""dist"":0.505909}",2.331335,5.931335,0,9,7,0.749022,7,3.6,0.002686,-0.015788,-0.013102,-0.014406,0.00115191930574868,0.462479,0.893037,0.77031525,0.127630167163209
27.656347,"P07","Occ_MO_1.2",100,9,5634.327148,7927.787598,-116.796661,-0.007243,-1.255274,27.7778,9.5,-0.303741,"{""type"":""M"",""msg"":""FADE0"",""time"":27.6173,""dist"":0.608717}",3.234859,2.931118,2.931118,10.4,13,0.232759,10.4,-0.303741,0.004557,-0.007568,-0.003011,-0.00694206060606061,0.00109461143046842,-1.255274,0.232759,-0.549393090909091,0.447793934553981
29.777407,"P07","Occ_MO_1.2",100,10,5607.926758,7875.09668,-116.49617,-0.000692,-0.796024,27.7779,3.3,5,"{""type"":""M"",""msg"":""FADE0"",""time"":29.7441,""dist"":0.667811}",1.616776,4.916776,0,4.7,-0.808025,-1.421017,-0.808025,3.3,0.011404,-0.000692,0.010712,0.00235629411764706,0.0041543153281363,-1.439797,-0.796024,-1.22313405882353,0.21486793854321
32.612373,"P07","Occ_MO_1.2",100,11,5570.957031,7805.558105,-119.984474,-0.009399,1.290086,27.778,-0.306133,7.6,"{""type"":""M"",""msg"":""FADE0"",""time"":32.5302,""dist"":0.745225}",2.328815,2.022682,2.022682,4,26.3,-0.351238,4,-0.306133,0.003215,-0.012614,-0.009399,-0.0114795416666667,0.000998525912627412,-0.351238,1.290086,0.558394708333333,0.504162623154601
34.029259,"P07","Occ_MO_1.2",100,12,5550.380859,7772.006348,-123.603058,-0.015299,1.379285,27.7767,-1.723019,4.6,"{""type"":""M"",""msg"":""FADE0"",""time"":34.0211,""dist"":0.786648}",0.912243000000004,-0.810775999999996,0,-0.810776,4.9,1.525074,-0.810776,-1.723019,0.014518,-0.029817,-0.015299,-0.0235527,0.00594867632428519,1.379285,1.578234,1.5160455,0.0669389804959212
37.472881,"P07","Occ_MO_1.2",100,13,5495.546387,7693.595215,-125.900536,-0.003703,0.23516,27.7778,4.2,7.1,"{""type"":""M"",""msg"":""FADE0"",""time"":37.4599,""dist"":0.882202}",2.938316,7.138316,0,10.8,6.4,1.080142,6.4,4.2,0.005534,-0.008911,-0.003377,-0.00425733333333333,0.00111222316457449,0.212197,1.080142,0.476170566666667,0.276102091185637
38.279221,"P07","Occ_MO_1.2",100,14,5482.333984,7675.500977,-126.524742,-0.007894,0.400597,27.7775,5,10.6,"{""type"":""M"",""msg"":""FADE0"",""time"":38.2474,""dist"":0.904084}",0.303108999999999,5.303109,0,5.6,11.2,0.32741,5.6,5,0.000651,-0.007894,-0.007243,-0.00764975,0.000311686140211592,0.32741,0.400597,0.3635445,0.0315031764165668
42.7225,"P07","Occ_MO_1.2",100,15,5404.657227,7579.59375,-131.5979,-0.009928,1.441939,27.7777,-1.413731,14.3,"{""type"":""M"",""msg"":""FADE0"",""time"":42.6215,""dist"":1.02562}",3.939255,2.525524,2.525524,40.1,35.7,0.534946,35.7,-1.413731,0.001017,-0.010091,-0.009074,-0.00951,0.000270799765178097,0.534946,1.441939,0.997197225,0.265624203120324
44.237793,"P07","Occ_MO_1.2",100,16,5376.067383,7548.691895,-134.1978,-0.01359,1.551387,27.7774,-2.929024,8.1,"{""type"":""M"",""msg"":""FADE0"",""time"":44.2005,""dist"":1.0695}",1.10959200000001,-1.81943199999999,0,-1.819432,8.4,1.535638,-1.819432,-2.929024,0.003051,-0.016479,-0.013428,-0.0152011666666667,0.00112174521765566,1.535638,1.59085,1.57219066666667,0.017849526947301
45.349216,"P07","Occ_MO_1.2",100,17,5354.205566,7526.883301,-136.27301,-0.018311,1.244537,27.7771,-4.040447,4.2,"{""type"":""M"",""msg"":""FADE0"",""time"":45.3035,""dist"":1.10014}",0.607306999999999,-3.43314,0,-3.43314,5.7,1.458237,-3.43314,-4.040447,0.001506,-0.018311,-0.016805,-0.0173574285714286,0.00072236367967547,1.244537,1.458237,1.36111257142857,0.077100729540122
48.580906,"P07","Occ_MO_1.2",100,18,5286.884277,7467.491699,-140.831207,-0.010742,-0.988133,27.778,3.4,0.3,"{""type"":""M"",""msg"":""FADE0"",""time"":48.4795,""dist"":1.18839}",2.726345,3.026345,0,17.5,21.2,0.947831,17.5,0.3,0.005046,-0.011597,-0.006551,-0.0105547857142857,0.00126819668871585,-0.988133,0.947831,0.0218023928571429,0.586289063399007
49.490658,"P07","Occ_MO_1.2",100,19,5267.229492,7451.595215,-140.882217,0.001994,-1.599007,27.7781,6.8,-0.706143,"{""type"":""M"",""msg"":""FADE0"",""time"":49.4499,""dist"":1.21536}",0.505261000000004,-0.200881999999996,0,7.7,-0.200882,-1.314967,-0.200882,-0.706143,0.004038,0.001994,0.006032,0.00394183333333333,0.0017197952688232,-1.599007,-1.314967,-1.4696925,0.106646063604336
50.907379,"P07","Occ_MO_1.2",100,20,5236.779297,7426.648926,-139.949295,0.010061,-1.373465,27.7769,2.8,-0.101013,"{""type"":""M"",""msg"":""FADE0"",""time"":50.8292,""dist"":1.25368}",0.911056000000002,0.810043000000002,0,5.2,-1.211808,-1.713313,-1.211808,-0.101013,0.004557,0.005829,0.010386,0.0094463,0.00142695332400499,-1.717345,-1.373465,-1.6092155,0.121183434680423
53.735336,"P07","Occ_MO_1.2",100,21,5176.496582,7376.248535,-140.822037,-0.005046,-0.721728,27.7791,-1.010196,-0.203197,"{""type"":""M"",""msg"":""FADE0"",""time"":53.6733,""dist"":1.33271}",2.32255499999999,1.312359,1.312359,2.4,3.8,-0.813073,2.4,-1.010196,0.005697,-0.005371,0.000326,-0.00391629166666667,0.00117683080233262,-1.694907,1.869336,0.03874,1.04883110179969
54.647545,"P07","Occ_MO_1.2",100,22,5156.695801,7360.430664,-143.559158,-0.059183,0.981021,27.7653,-1.922405,-1.115406,"{""type"":""M"",""msg"":""FADE0"",""time"":54.6029,""dist"":1.35854}",0.402096,-1.520309,0,-1.520309,-0.71331,0.315483,-1.520309,-1.922405,0.03397,-0.059183,-0.025213,-0.0454136,0.0137602493182355,0.315483,0.981021,0.6678498,0.264530935717734
55.45504,"P07","Occ_MO_1.2",100,23,5138.132812,7347.875488,-149.645874,-0.070135,0.995773,27.7502,-2.7299,-1.922901,"{""type"":""M"",""msg"":""FADE0"",""time"":55.3908,""dist"":1.38042}",0.302485999999995,-2.42741400000001,0,-2.427414,-1.620415,1.233561,-2.427414,-2.7299,0.009765,-0.0799,-0.070135,-0.07552325,0.0046144986997506,0.995773,1.233561,1.13250275,0.104431407320387
56.463825,"P07","Occ_MO_1.2",100,24,5113.288574,7334.949707,-154.61557,-0.008219,-1.685594,27.7912,-3.738685,1.9,"{""type"":""M"",""msg"":""FADE0"",""time"":56.4065,""dist"":1.40862}",0.505310000000001,-3.233375,0,-3.233375,-2.426376,-0.056848,-3.233375,-3.738685,0.04815,-0.056044,-0.007894,-0.0241366666666667,0.021067385662836,-1.685594,-0.056848,-0.855724,0.612140351179368
57.375172,"P07","Occ_MO_1.2",100,25,5090.435059,7324.008301,-152.801895,0.049627,-0.639212,27.7866,3.2,3.9,"{""type"":""M"",""msg"":""FADE0"",""time"":57.3087,""dist"":1.43371}",0.407710999999999,3.607711,0,7.3,1.3,0.42442,1.3,3.2,0.029679,0.019948,0.049627,0.035209,0.0128699177930552,-0.639212,0.42442,-0.1342008,0.421322923069348
58.186695,"P07","Occ_MO_1.2",100,26,5070.744629,7313.031738,-148.666214,0.033723,-1.253207,27.7787,2.3,-0.506836,"{""type"":""M"",""msg"":""FADE0"",""time"":58.1107,""dist"":1.45599}",0.305439,-0.201397,0,2.8,-0.201397,-1.253904,-0.201397,-0.506836,0.00286,0.032049,0.034909,0.03339175,0.00122072857343473,-1.280047,-1.253207,-1.26679275,0.015287714378437
58.996567,"P07","Occ_MO_1.2",100,27,5051.735352,7300.983398,-147.400177,-0.007568,-0.328443,27.7863,2.1,4.1,"{""type"":""M"",""msg"":""FADE0"",""time"":58.9251,""dist"":1.47862}",0.305022999999998,2.405023,0,1.1,1.8,-0.767434,1.1,2.1,0.007568,-0.007568,0,-0.0047405,0.00328110149187738,-0.767434,-0.328443,-0.5492715,0.189352022026876
59.601208,"P07","Occ_MO_1.2",100,28,5037.536133,7291.995605,-148.342255,-0.02319,0.527152,27.783,1.4,7.2,"{""type"":""M"",""msg"":""FADE0"",""time"":59.5248,""dist"":1.49529}",0.100085999999997,1.500086,0,1.5,9.1,0.395463,1.5,1.4,0.003211,-0.02319,-0.019979,-0.0215845,0.00227051987439,0.395463,0.527152,0.4613075,0.0931181849076752
62.22821,"P07","Occ_MO_1.2",100,29,4972.73877,7258.498535,-155.655533,-0.013957,-0.084667,27.7809,3.6,1.7,"{""type"":""M"",""msg"":""FADE0"",""time"":62.134,""dist"":1.5678}",1.616569,3.316569,0,6.3,4.5,1.039348,4.5,1.7,0.006552,-0.019491,-0.012939,-0.0153114705882353,0.00232900021784153,-0.084667,1.039348,0.559423823529412,0.362608448871375
62.93483,"P07","Occ_MO_1.2",100,30,4954.807129,7250.496582,-155.750275,0.007701,-0.772665,27.78,5.6,6.9,"{""type"":""M"",""msg"":""FADE0"",""time"":62.8487,""dist"":1.58766}",0.203147999999999,5.803148,0,6,7.3,-0.599806,6,5.6,0.002848,0.007701,0.010549,0.008813,0.00152309159278095,-0.772665,-0.599806,-0.687675666666667,0.0864654885508278
65.770866,"P07","Occ_MO_1.2",100,31,4883.601562,7216.756348,-153.362228,0.004852,0.761763,27.7776,0.4,1.7,"{""type"":""M"",""msg"":""FADE0"",""time"":65.6894,""dist"":1.66659}",2.330822,2.730822,0,5.2,6.5,-1.049285,5.2,0.4,0.005697,0.004852,0.010549,0.008249875,0.00180279505967093,-1.118973,0.761763,-0.557317958333333,0.604346856774534
66.376106,"P07","Occ_MO_1.2",100,32,4868.568848,7209.217773,-153.826797,-0.032676,-1.804751,27.7769,-0.402702,1,"{""type"":""M"",""msg"":""FADE0"",""time"":66.3609,""dist"":1.68525}",0.100562999999994,-0.302139000000006,0,-0.302139,1,1.749165,-0.302139,-0.402702,0.012084,-0.032676,-0.020592,-0.026634,0.00854467834385824,-1.804751,1.749165,-0.027793,2.51299810336737
67.385574,"P07","Occ_MO_1.2",100,33,4842.918457,7197.920898,-159.408951,-0.047674,-0.931181,27.7664,-1.41217,-0.50402,"{""type"":""M"",""msg"":""FADE0"",""time"":67.3498,""dist"":1.71272}",0.504020000000011,-0.908149999999989,0,-0.90815,0,-1.085524,-0.90815,-1.41217,0,-0.047674,-0.047674,-0.047674,0,-1.085524,-0.916591,-0.970245,0.0655369750751436
68.497696,"P07","Occ_MO_1.2",100,34,4813.547852,7188.370605,-163.816437,-0.004191,1.285698,27.786,-2.524292,2.7,"{""type"":""M"",""msg"":""FADE0"",""time"":68.4077,""dist"":1.7421}",0.607567000000003,-1.916725,0,-1.916725,2.2,-1.349018,-1.916725,-2.524292,0.045227,-0.049418,-0.004191,-0.0218675714285714,0.0189210789848883,-1.867137,1.684442,-0.277312714285714,1.66007288887242
69.506935,"P07","Occ_MO_1.2",100,35,4786.655273,7180.389648,-162.461349,0.015269,-0.21453,27.7849,3.9,5.1,"{""type"":""M"",""msg"":""FADE0"",""time"":69.4176,""dist"":1.77018}",0.504660999999999,4.404661,0,4.8,6,0.379576,4.8,3.9,0.002523,0.015269,0.017792,0.0164083333333333,0.000895602739313958,-0.21453,0.379576,0.0590566666666667,0.22326257756343
70.519234,"P07","Occ_MO_1.2",100,36,4759.924805,7171.623047,-161.219528,0,-0.42713,27.7804,2,3,"{""type"":""M"",""msg"":""FADE0"",""time"":70.4905,""dist"":1.79999}",0.505630999999994,2.50563099999999,0,3.2,4.4,-0.465859,3.2,2,0.014414,0,0.014414,0.00775983333333333,0.00501253458508434,-0.480181,-0.42713,-0.462864,0.0200018801616248
72.738785,"P07","Occ_MO_1.2",100,37,4701.304688,7152.463867,-162.782288,-0.008057,0.701531,27.7776,1.4,6.1,"{""type"":""M"",""msg"":""FADE0"",""time"":72.6373,""dist"":1.85964}",1.71442399999999,3.11442399999999,0,4.9,8.7,-0.23219,4.9,1.4,0.002523,-0.008057,-0.005534,-0.0062755,0.000554104922109416,-0.23219,0.701531,0.207583611111111,0.293418330446308
73.343033,"P07","Occ_MO_1.2",100,38,4685.236328,7147.597656,-163.897476,-0.019165,1.048667,27.7764,7.8,6.2,"{""type"":""M"",""msg"":""FADE0"",""time"":73.3293,""dist"":1.87887}",0.200951000000003,6.400951,0,8.3,6.7,0.949881,6.7,6.2,0.000163,-0.019165,-0.019002,-0.0190563333333333,9.4108093877909e-05,0.949881,1.048667,1.00023433333333,0.0494209992749371
74.252876,"P07","Occ_MO_1.2",100,39,4660.838379,7140.987793,-166.070969,-0.012614,1.158794,27.7762,-0.707802,6.7,"{""type"":""M"",""msg"":""FADE0"",""time"":74.1547,""dist"":1.90181}",0.403312,-0.30449,0,-0.30449,5.1,1.179435,-0.30449,-0.707802,0.009652,-0.022266,-0.012614,-0.0184186,0.00383440644689631,1.158794,1.185546,1.175845,0.0105711186730638
76.376091,"P07","Occ_MO_1.2",100,40,4603.309082,7127.927246,-168.276047,-0.006551,0.650607,27.7785,10.2,14.8,"{""type"":""M"",""msg"":""FADE0"",""time"":76.3287,""dist"":1.96221}",1.618324,11.818324,0,11.5,8.1,1.056552,8.1,10.2,0.004354,-0.010905,-0.006551,-0.00807570588235294,0.00160542917800451,0.650607,1.056552,0.849193764705882,0.131148333241663
78.699577,"P07","Occ_MO_1.2",100,41,4539.87207,7115.95752,-170.448822,-0.007039,0.35409,27.7777,9.2,13.8,"{""type"":""M"",""msg"":""FADE0"",""time"":78.6712,""dist"":2.0273}",1.817634,11.017634,0,27.3,32.9,0.562429,27.3,9.2,0.001547,-0.008586,-0.007039,-0.00764105263157895,0.000357862399639894,0.35409,0.562429,0.445079421052632,0.065968100110176
79.509163,"P07","Occ_MO_1.2",100,42,4517.666992,7112.359375,-171.278625,-0.008586,0.3244,27.7777,16.8,22.9,"{""type"":""M"",""msg"":""FADE0"",""time"":79.4993,""dist"":2.05031}",0.302940000000007,17.10294,0,1e+06,56.4,0.333563,56.4,16.8,0.000651,-0.009237,-0.008586,-0.00874875,0.0003255,0.3244,0.333563,0.328648,0.00395966572663232
83.853508,"P07","Occ_MO_1.2",100,43,4397.765625,7098.675781,-175.832031,-0.009766,0.508422,27.7778,15.8,36.9,"{""type"":""M"",""msg"":""FADE0"",""time"":83.7873,""dist"":2.16946}",3.837883,19.637883,0,15.6,21.8,0.310831,15.6,15.8,0.001547,-0.009766,-0.008219,-0.00850633333333333,0.000332158200524146,0.300442,0.508422,0.356906794871795,0.0642032214391719
84.558411,"P07","Occ_MO_1.2",100,44,4378.22168,7097.40332,-176.842255,-0.010091,0.567833,27.7775,28.3,22.7,"{""type"":""M"",""msg"":""FADE0"",""time"":84.5369,""dist"":2.19029}",0.201104000000001,22.901104,0,28.2,22.4,0.557541,22.4,22.7,0.000163,-0.010091,-0.009928,-0.0100366666666667,9.4108093877909e-05,0.557541,0.567833,0.563055,0.00518532429072671
88.498878,"P07","Occ_MO_1.2",100,45,4268.776855,7096.524414,177.744247,-0.009766,-0.026444,27.7779,13.4,6.4,"{""type"":""M"",""msg"":""FADE0"",""time"":88.4173,""dist"":2.29811}",3.436767,9.836767,0,10.8,7.5,0.574364,7.5,6.4,0.003173,-0.012939,-0.009766,-0.0111071142857143,0.000523982418397713,-0.026444,0.574364,0.337699142857143,0.188050534671049
92.036766,"P07","Occ_MO_1.2",100,46,4170.754883,7103.679688,173.686935,-0.010254,-0.805026,27.7777,8.2,1.9,"{""type"":""M"",""msg"":""FADE0"",""time"":91.9655,""dist"":2.3967}",3.029869,4.92986900000001,0,22.9,8,-0.161928,8,1.9,0.002035,-0.010254,-0.008219,-0.00932716129032258,0.000655252831446213,-0.805026,-0.161928,-0.490156322580645,0.18938830133219
93.455383,"P07","Occ_MO_1.2",100,47,4131.611816,7108.324707,172.822632,-0.006714,-0.929708,27.7782,10.3,14,"{""type"":""M"",""msg"":""FADE0"",""time"":93.3794,""dist"":2.43598}",0.912941000000004,11.212941,0,6.6,8.5,-0.922996,6.6,10.3,0.00586,-0.006714,-0.000854,-0.0038004,0.00214067508562655,-0.960243,-0.922996,-0.9462364,0.0128617043902518
97.601616,"P07","Occ_MO_1.2",100,48,4017.795898,7126.047363,169.290283,-0.008219,0.623248,27.778,1.9,7.3,"{""type"":""M"",""msg"":""FADE0"",""time"":97.5749,""dist"":2.55256}",3.6409,5.5409,0,7.4,10.3,-0.857405,7.4,1.9,0.002848,-0.008219,-0.005371,-0.00690840540540541,0.000525175391837996,-0.857405,0.623248,-0.222762162162162,0.453582524908491
98.813065,"P07","Occ_MO_1.2",100,49,3984.8125,7132.754883,167.372986,-0.014119,1.185443,27.7768,-0.202637,8.5,"{""type"":""M"",""msg"":""FADE0"",""time"":98.8112,""dist"":2.58691}",0.706031999999993,0.503394999999998,0.503394999999998,1.4,9,0.908598,1.4,-0.202637,0.00118,-0.015299,-0.014119,-0.01493825,0.000449104426291131,0.908598,1.185443,1.061118125,0.097429425605611
101.43898,"P07","Occ_MO_1.2",100,50,3914.341309,7151.571289,162.648514,-0.009928,0.508239,27.7789,6.6,3.7,"{""type"":""M"",""msg"":""FADE0"",""time"":101.425,""dist"":2.65955}",2.120407,5.820407,0,-0.708145,6.9,1.276392,-0.708145,3.7,0.008057,-0.017985,-0.009928,-0.0151533636363636,0.00227181875001076,0.508239,1.289134,1.03887509090909,0.255590472207082
102.44976,"P07","Occ_MO_1.2",100,51,3887.574951,7160.080566,162.215408,-0.005534,-0.127155,27.7791,16.1,19.4,"{""type"":""M"",""msg"":""FADE0"",""time"":102.391,""dist"":2.68638}",0.502937000000003,16.602937,0,4.8,6.4,0.141023,4.8,16.1,0.012217,-0.005534,0.006683,-0.000939333333333333,0.00478640439857172,-0.127155,0.141023,-0.000103000000000001,0.10017296984716
104.97924,"P07","Occ_MO_1.2",100,52,3820.775635,7181.9375,161.871887,-0.000488,-0.114652,27.7777,2.7,4.7,"{""type"":""M"",""msg"":""FADE0"",""time"":104.964,""dist"":2.75788}",2.024963,4.724963,0,8.6,10.9,-0.338005,8.6,2.7,0.005015,-0.00236,0.002655,0.000458190476190476,0.00117667245310866,-0.50027,-0.114652,-0.391135142857143,0.112484263151467
105.786308,"P07","Occ_MO_1.2",100,53,3799.481689,7188.968262,161.353546,-0.008586,0.474003,27.7772,1.9,6.4,"{""type"":""M"",""msg"":""FADE0"",""time"":105.723,""dist"":2.77896}",0.303604000000007,2.20360400000001,0,2.5,6.9,0.239657,2.5,1.9,0.000529,-0.008586,-0.008057,-0.0083215,0.000305418292401312,0.239657,0.474003,0.35681925,0.10081882631855
109.227715,"P07","Occ_MO_1.2",100,54,3710.611572,7224.13623,155.555695,-0.012248,0.909124,27.7785,7.6,5.2,"{""type"":""M"",""msg"":""FADE0"",""time"":109.155,""dist"":2.87433}",2.93549400000001,0.510345999999998,0.510345999999998,1.3,9.1,0.845823,1.3,5.2,0.007202,-0.018799,-0.011597,-0.0143066333333333,0.00260159805641195,0.845823,1.246249,1.11765906666667,0.119077737312991
115.387886,"P07","Occ_MO_1.2",100,55,3558.232666,7301.996582,150.633392,-0.008586,-0.250865,27.7779,16,24.8,"{""type"":""M"",""msg"":""FADE0"",""time"":115.341,""dist"":3.04622}",5.651955,21.651955,0,9.3,5.6,0.683547,5.6,16,0.004028,-0.009399,-0.005371,-0.00598531578947368,0.000657331677473805,-0.419254,0.683547,-0.117893228070175,0.328458947291744
120.244766,"P07","Occ_MO_1.2",100,56,3443.802734,7373.455566,145.472443,-0.007894,0.477404,27.778,5.8,12.5,"{""type"":""M"",""msg"":""FADE0"",""time"":120.228,""dist"":3.182}",4.34848,10.14848,0,37.2,44.4,-0.172519,37.2,5.8,0.00236,-0.008911,-0.006551,-0.00806781818181818,0.000609943393207556,-0.172519,0.477404,0.122251772727273,0.201003881153188
129.332779,"P07","Occ_MO_1.2",100,57,3251.828369,7536.814941,133.757904,-0.010742,-1.552267,27.7778,3.9,-0.908798,"{""type"":""M"",""msg"":""FADE0"",""time"":129.299,""dist"":3.43404}",8.58196999999998,7.67317199999999,7.67317199999999,12.4,9.2,0.572129,9.2,-0.908798,0.002523,-0.012451,-0.009928,-0.0106053139534884,0.000516897515422611,-1.552267,0.653778,-0.0764388488372094,0.700361321983135
130.547836,"P07","Occ_MO_1.2",100,58,3228.622559,7561.336426,133.814636,0.005829,-1.849595,27.7777,4.4,-2.123855,"{""type"":""M"",""msg"":""FADE0"",""time"":130.516,""dist"":3.46785}",0.710937000000001,-1.412918,0,5.8,-1.412918,-1.787485,-1.412918,-2.123855,0.005737,0.005829,0.011566,0.008616125,0.00202683514288375,-1.873809,1.869205,-0.450904,1.91682027355507
132.980698,"P07","Occ_MO_1.2",100,59,3181.967285,7610.249512,132.53952,-0.010091,0.359696,27.7776,1.5,4.7,"{""type"":""M"",""msg"":""FADE0"",""time"":132.942,""dist"":3.53528}",1.92572099999998,3.42572099999998,0,3.3,-2.630996,-1.595589,-2.630996,1.5,0.018646,-0.010091,0.008555,-0.0062122,0.00529878707670072,-1.595589,0.359696,-0.65878075,0.616904687076313
133.687119,"P07","Occ_MO_1.2",100,60,3168.820312,7624.82373,130.880203,-0.029259,1.056669,27.7742,0.3,4.7,"{""type"":""M"",""msg"":""FADE0"",""time"":133.627,""dist"":3.55431}",0.201492999999999,0.501492999999999,0,0.8,5.2,0.890516,0.8,0.3,0.000906999999999998,-0.029817,-0.02891,-0.0293286666666667,0.000457495719469956,0.890516,1.056669,0.975117666666667,0.0831184892327414
136.111572,"P07","Occ_MO_1.2",100,61,3127.582275,7678.061035,125.51664,-0.011271,0.485243,27.7795,6.7,3.9,"{""type"":""M"",""msg"":""FADE0"",""time"":136.104,""dist"":3.62314}",1.91880799999998,5.81880799999998,0,-0.40451,3.5,1.245791,-0.40451,3.9,0.019941,-0.031212,-0.011271,-0.01467685,0.00433336310715142,0.485243,1.245791,0.94862415,0.247927254489206
139.847305,"P07","Occ_MO_1.2",100,62,3070.069092,7764.453125,121.824829,-0.008219,-1.662627,27.7775,3.8,-1.010101,"{""type"":""M"",""msg"":""FADE0"",""time"":139.799,""dist"":3.72579}",3.23036200000001,2.22026100000002,2.22026100000002,14.9,17.8,0.155903,14.9,-1.010101,0.003336,-0.008219,-0.004883,-0.00760060606060606,0.000673090537158354,-1.662627,0.155903,-0.799547424242424,0.550558987833958
140.656296,"P07","Occ_MO_1.2",100,63,3058.287109,7783.59668,121.75795,0.006032,1.782508,27.778,5.5,-1.819092,"{""type"":""M"",""msg"":""FADE0"",""time"":140.633,""dist"":3.74897}",0.302613000000008,-1.51647899999999,0,6.7,-1.516479,1.860311,-1.516479,-1.819092,0.002523,0.004323,0.006846,0.0059305,0.00112267374304975,1.782508,1.860311,1.81742175,0.0338082356670186
141.670792,"P07","Occ_MO_1.2",100,64,3043.385254,7807.523926,122.179672,0.004323,-1.7315,27.7776,4.1,-2.833588,"{""type"":""M"",""msg"":""FADE0"",""time"":141.616,""dist"":3.7763}",0.507584000000008,-2.32600399999999,0,5.1,-2.326004,1.81122,-2.326004,-2.833588,0.000651,0.003835,0.004486,0.00421483333333333,0.000222261482643005,-1.836103,1.872682,0.0277151666666667,1.98626086010206
143.792831,"P07","Occ_MO_1.2",100,65,3012.450439,7857.715332,120.488441,-0.009399,0.113894,27.7777,2.7,7.6,"{""type"":""M"",""msg"":""FADE0"",""time"":143.723,""dist"":3.83483}",1.617324,4.317324,0,6.5,-3.338303,-1.342104,-3.338303,2.7,0.00236,-0.010254,-0.007894,-0.00918894117647059,0.00060662379925579,-1.342104,0.113894,-0.604896,0.460660421806969
146.119675,"P07","Occ_MO_1.2",100,66,2981.520508,7914.472656,116.534447,-0.011597,1.179496,27.7781,-0.403733,9.5,"{""type"":""M"",""msg"":""FADE0"",""time"":146.115,""dist"":3.90128}",1.817734,1.41400100000001,1.41400100000001,10.8,8.9,0.52986,8.9,-0.403733,0.004191,-0.015788,-0.011597,-0.0143852105263158,0.00148030385690639,0.52986,1.179496,0.953354263157895,0.205566620480196
147.029205,"P07","Occ_MO_1.2",100,67,2970.479004,7937.20459,115.014786,-0.010742,1.13927,27.7775,-1.313263,7.7,"{""type"":""M"",""msg"":""FADE0"",""time"":146.963,""dist"":3.92484}",0.402084000000002,-0.911178999999998,0,-0.911179,5.4,1.192506,-0.911179,-1.313263,0.006226,-0.016968,-0.010742,-0.0146158,0.0026846959231913,1.13927,1.192506,1.1698074,0.0214680135503963
151.171127,"P07","Occ_MO_1.2",100,68,2926.140625,8043.374023,110.397171,-0.007731,-0.483335,27.7781,9.5,2.5,"{""type"":""M"",""msg"":""FADE0"",""time"":151.097,""dist"":4.03972}",3.63700800000001,6.13700800000001,0,9.6,6.8,1.016716,6.8,2.5,0.003377,-0.011108,-0.007731,-0.00894945945945946,0.000807097667041693,-0.483335,1.016716,0.324144081081081,0.458141788908217
154.208694,"P07","Occ_MO_1.2",100,69,2898.099121,8122.976074,108.33448,-0.005534,-1.188912,27.7777,11,-1.014617,"{""type"":""M"",""msg"":""FADE0"",""time"":154.135,""dist"":4.12414}",2.53306500000002,1.51844800000001,1.51844800000001,16.7,2.2,-0.71297,2.2,-1.014617,0.002686,-0.005697,-0.003011,-0.00516934615384615,0.000779906863275747,-1.188912,-0.71297,-1.03641630769231,0.147584703322741
158.57019,"P07","Occ_MO_1.2",100,70,2862.746826,8238.878906,105.5131,-0.005046,0.516701,27.7779,1.5,4.3,"{""type"":""M"",""msg"":""FADE0"",""time"":158.516,""dist"":4.24585}",3.85751299999998,5.35751299999998,0,8.2,-1.5186,-1.170129,-1.5186,1.5,0.001017,-0.005208,-0.004191,-0.00505936842105263,0.00028735799511097,-1.170129,0.516701,-0.524108315789474,0.518125976118618
160.190918,"P07","Occ_MO_1.2",100,71,2851.45874,8282.46875,102.797218,-0.018636,1.603503,27.7761,-0.811417,6.7,"{""type"":""M"",""msg"":""FADE0"",""time"":160.183,""dist"":4.29218}",1.11544800000001,0.304031000000009,0.304031000000009,0.5,5.5,0.929267,0.5,-0.811417,0.008057,-0.018636,-0.010579,-0.0169370833333333,0.00273240554884031,0.929267,1.603503,1.31522783333333,0.22482193431038
14.341243,"P08","Occ_MO_1.2",100,1,5758.380859,8279.121094,-102.070404,-0.006388,0.21379,27.6262,5.7,10.6,"{""type"":""M"",""msg"":""FADE0"",""time"":14.2979,""dist"":0.234929}",1.316009,7.016009,0,10.2,16.4,0.071452,10.2,5.7,0.000651,-0.007039,-0.006388,-0.00665557142857143,0.00024398792980414,0.071452,0.21379,0.128110071428571,0.0462850724141069
16.359209,"P08","Occ_MO_1.2",100,2,5745.831055,8224.62793,-104.066978,-0.008748,0.687809,27.7623,6.5,35.9,"{""type"":""M"",""msg"":""FADE0"",""time"":16.2768,""dist"":0.289761}",1.513285,8.013285,0,5.6,12,0.320013,5.6,6.5,0.001505,-0.008748,-0.007243,-0.008382,0.000541732652391073,0.320013,0.687809,0.505799875,0.11784027942311
18.274996,"P08","Occ_MO_1.2",100,3,5731.845215,8173.279785,-106.651787,-0.010905,0.88235,27.7774,11.6,8.4,"{""type"":""M"",""msg"":""FADE0"",""time"":18.1759,""dist"":0.34252}",1.410269,9.810269,0,15.1,11.9,0.795676,11.9,8.4,0.001017,-0.011922,-0.010905,-0.0116237333333333,0.000365673637994058,0.795676,0.896096,0.8685472,0.0321530142692719
20.400547,"P08","Occ_MO_1.2",100,4,5713.790039,8117.050293,-108.874649,-0.007039,0.587987,27.7779,14.3,21.2,"{""type"":""M"",""msg"":""FADE0"",""time"":20.3821,""dist"":0.403822}",1.718346,16.018346,0,13,9.1,0.840666,9.1,14.3,0.002889,-0.009928,-0.007039,-0.00788916666666667,0.000831020226978296,0.587987,0.840666,0.711075333333333,0.080666076212553
22.317438,"P08","Occ_MO_1.2",100,5,5695.785645,8066.92627,-110.791451,-0.008423,0.378679,27.7779,24,13.4,"{""type"":""M"",""msg"":""FADE0"",""time"":22.2312,""dist"":0.455202}",1.41423,14.81423,0,43.3,48.1,0.532493,43.3,13.4,0.000366,-0.008423,-0.008057,-0.0083362,0.000153639280691588,0.378679,0.532493,0.4579388,0.0489421830066574
24.643671,"P08","Occ_MO_1.2",100,6,5671.731445,8006.936035,-112.909958,-0.006877,0.15709,27.7779,12,17.6,"{""type"":""M"",""msg"":""FADE0"",""time"":24.5568,""dist"":0.519822}",1.819725,13.819725,0,25.2,31.4,0.314149,25.2,12,0.000691,-0.007568,-0.006877,-0.00702463157894737,0.000248869937143953,0.15709,0.314149,0.219628894736842,0.0506103994296898
27.268467,"P08","Occ_MO_1.2",100,7,5641.916504,7940.383789,-115.458405,-0.008219,0.139621,27.7777,29.7,35.6,"{""type"":""M"",""msg"":""FADE0"",""time"":27.1837,""dist"":0.592813}",2.121973,31.821973,0,44.5,27,0.151075,27,29.7,0.000855,-0.008586,-0.007731,-0.00798822727272727,0.00028930506749437,0.137767,0.151196,0.143265045454545,0.0050528196322381
30.092297,"P08","Occ_MO_1.2",100,8,5606.571777,7870.34082,-118.091011,-0.007039,0.226714,27.7778,8.1,13.8,"{""type"":""M"",""msg"":""FADE0"",""time"":30.0585,""dist"":0.672691}",2.320649,10.420649,0,28.9,34.8,0.141716,28.9,8.1,0.00118,-0.008219,-0.007039,-0.007335875,0.000405126530154201,0.141134,0.226714,0.163993041666667,0.0267999722379466
32.82127,"P08","Occ_MO_1.2",100,9,5569.291504,7804.321289,-120.958946,-0.008423,0.482937,27.7777,16,24.4,"{""type"":""M"",""msg"":""FADE0"",""time"":32.8064,""dist"":0.749045}",2.224262,18.224262,0,13.7,22.8,0.28197,13.7,16,0.000855,-0.009074,-0.008219,-0.00869708695652174,0.000278188443823032,0.28197,0.482937,0.394254173913043,0.0618246706793068
35.542732,"P08","Occ_MO_1.2",100,10,5528.88916,7740.410156,-123.680626,-0.007406,0.701936,27.7777,4.8,11.5,"{""type"":""M"",""msg"":""FADE0"",""time"":35.4851,""dist"":0.823475}",2.219284,7.019284,0,15,23.4,0.514343,15,4.8,0.001017,-0.008423,-0.007406,-0.00797530434782609,0.000321170506228617,0.514343,0.701936,0.597854434782609,0.0571934410096966
37.968731,"P08","Occ_MO_1.2",100,11,5490.207031,7685.215332,-126.589409,-0.009766,0.887498,27.7778,32.9,22.3,"{""type"":""M"",""msg"":""FADE0"",""time"":37.9131,""dist"":0.890939}",1.922649,24.222649,0,41.2,33,0.770869,33,22.3,0.000650999999999999,-0.010417,-0.009766,-0.0102052,0.000248425695763923,0.770869,0.890803,0.8559059,0.0388597445408349
40.493011,"P08","Occ_MO_1.2",100,12,5447.001953,7629.973145,-129.557098,-0.009074,0.714884,27.7778,21,1e+06,"{""type"":""M"",""msg"":""FADE0"",""time"":40.3988,""dist"":0.960005}",2.017177,23.017177,0,32.3,21.9,0.87247,21.9,21,0.000692,-0.009766,-0.009074,-0.00951980952380952,0.000262951253856607,0.714884,0.87247,0.803108476190476,0.0502401683432879
42.922493,"P08","Occ_MO_1.2",100,13,5402.869629,7578.899414,-132.109589,-0.007568,0.572877,27.7778,6,11.2,"{""type"":""M"",""msg"":""FADE0"",""time"":42.908,""dist"":1.02973}",1.925514,7.925514,0,19.9,1e+06,0.66818,19.9,6,0.001506,-0.009074,-0.007568,-0.00832715,0.000612901664217026,0.568544,0.66818,0.60224215,0.0333550278815101
45.242119,"P08","Occ_MO_1.2",100,14,5358.660156,7532.006836,-134.738159,-0.009766,0.786707,27.7777,33.9,29.4,"{""type"":""M"",""msg"":""FADE0"",""time"":45.2041,""dist"":1.09353}",1.81601000000001,31.21601,0,6.8,14.7,0.602109,6.8,29.4,0.001018,-0.009766,-0.008748,-0.00960952631578947,0.00031254321806415,0.602109,0.786707,0.692480789473684,0.0575602976920521
47.670788,"P08","Occ_MO_1.2",100,15,5309.94043,7485.327148,-137.901047,-0.010905,0.980056,27.7777,16,12.2,"{""type"":""M"",""msg"":""FADE0"",""time"":47.6654,""dist"":1.16192}",1.9231,14.1231,0,29.8,25.3,0.848559,25.3,12.2,0.000977,-0.010905,-0.009928,-0.0108317,0.000227100279264701,0.848559,0.980056,0.9360877,0.0424354067385145
49.792431,"P08","Occ_MO_1.2",100,16,5265.281738,7446.853516,-140.658279,-0.009399,0.805884,27.7779,20.1,14,"{""type"":""M"",""msg"":""FADE0"",""time"":49.7856,""dist"":1.22083}",1.616673,15.616673,0,15.1,11.3,0.972615,11.3,14,0.00236,-0.011759,-0.009399,-0.0104907058823529,0.000840373262656682,0.805884,0.972615,0.904503647058824,0.0548050088654554
52.016167,"P08","Occ_MO_1.2",100,17,5216.755859,7408.609375,-142.899506,-0.007894,0.60364,27.7779,11.8,22.4,"{""type"":""M"",""msg"":""FADE0"",""time"":51.9432,""dist"":1.28078}",1.720444,13.520444,0,19,32.7,0.735132,19,11.8,0.000489,-0.008057,-0.007568,-0.00786683333333333,0.000115258405333407,0.60364,0.735132,0.654510888888889,0.0413914781437931
54.639919,"P08","Occ_MO_1.2",100,18,5157.554688,7366.07959,-145.903,-0.009074,0.499021,27.7779,19.2,12.7,"{""type"":""M"",""msg"":""FADE0"",""time"":54.5877,""dist"":1.35426}",2.118526,14.818526,0,26.1,19.5,0.596678,19.5,12.7,0.000692,-0.009766,-0.009074,-0.00955672727272727,0.000241084688107368,0.499021,0.596678,0.565397863636364,0.0312359542427746
57.373058,"P08","Occ_MO_1.2",100,19,5093.696777,7324.989746,-148.588501,-0.007731,0.303285,27.7777,17.7,28.2,"{""type"":""M"",""msg"":""FADE0"",""time"":57.3349,""dist"":1.43059}",2.225815,19.925815,0,31.5,19.5,0.446402,19.5,17.7,0.000855,-0.008423,-0.007568,-0.00769017391304348,0.000221278034109684,0.303285,0.446402,0.356157130434783,0.0454574464260051
59.997562,"P08","Occ_MO_1.2",100,20,5030.598633,7288.445801,-151.309372,-0.008219,0.225535,27.7778,53.9,58.1,"{""type"":""M"",""msg"":""FADE0"",""time"":59.9572,""dist"":1.50345}",2.120182,56.020182,0,24.1,16.1,0.29761,16.1,53.9,0.000854000000000001,-0.008748,-0.007894,-0.00835986363636364,0.000402931081836531,0.225535,0.29761,0.263754272727273,0.0244739958443395
62.628838,"P08","Occ_MO_1.2",100,21,4965.746094,7254.700195,-153.67186,-0.006714,0.266339,27.7779,7.5,13.3,"{""type"":""M"",""msg"":""FADE0"",""time"":62.5443,""dist"":1.57534}",2.124287,9.624287,0,53.9,27.7,0.211553,27.7,7.5,0.001668,-0.008219,-0.006551,-0.00690613636363636,0.000534489725096532,0.193289,0.266339,0.212795818181818,0.021494797416244
65.156967,"P08","Occ_MO_1.2",100,22,4902.148438,7224.885254,-156.262741,-0.008586,0.549836,27.7779,53.9,28.9,"{""type"":""M"",""msg"":""FADE0"",""time"":65.15,""dist"":1.64774}",2.02467299999999,30.924673,0,11.9,24.2,0.326195,11.9,28.9,0.000692,-0.008586,-0.007894,-0.00852004761904762,0.000169609397201475,0.326195,0.549836,0.447174904761905,0.0701978158292014
67.573494,"P08","Occ_MO_1.2",100,23,4840.075684,7199.302246,-159.139328,-0.010091,0.508009,27.7778,11.6,7.6,"{""type"":""M"",""msg"":""FADE0"",""time"":67.4834,""dist"":1.71258}",1.91255199999999,9.51255199999999,0,25.9,18.2,0.584157,18.2,7.6,0.00118,-0.010091,-0.008911,-0.00996285,0.000301684616602731,0.508009,0.604386,0.5784993,0.0292563401749361
70.201408,"P08","Occ_MO_1.2",100,24,4771.289551,7174.818848,-161.625305,-0.007039,0.108261,27.7778,14.3,19.4,"{""type"":""M"",""msg"":""FADE0"",""time"":70.1271,""dist"":1.78603}",2.122291,16.422291,0,44.7,12.3,0.419359,12.3,14.3,0.00118,-0.008219,-0.007039,-0.00714263636363636,0.0002770813092723,0.108261,0.419359,0.245214272727273,0.0973174251084131
73.130623,"P08","Occ_MO_1.2",100,25,4693.57373,7150.65625,-163.80896,-0.006226,0.322145,27.7775,4.2,8.6,"{""type"":""M"",""msg"":""FADE0"",""time"":73.0479,""dist"":1.86719}",2.425347,6.625347,0,12.4,17.4,0.072733,12.4,4.2,0.001669,-0.006877,-0.005208,-0.00570476,0.000517546316767881,0.054173,0.322145,0.12699048,0.083903567630306
75.458115,"P08","Occ_MO_1.2",100,26,4631.107422,7133.936523,-166.350876,-0.008586,0.927111,27.7779,2.4,16.3,"{""type"":""M"",""msg"":""FADE0"",""time"":75.4047,""dist"":1.93268}",1.819535,4.219535,0,8.8,38.1,0.474911,8.8,2.4,0.00118,-0.009766,-0.008586,-0.00911052631578947,0.000503638469144623,0.474911,0.927111,0.712069368421053,0.140091280962414
76.67141,"P08","Occ_MO_1.2",100,27,4598.256348,7126.370117,-168.006882,-0.012777,1.123535,27.7771,0,8.3,"{""type"":""M"",""msg"":""FADE0"",""time"":76.6249,""dist"":1.96658}",0.709503999999995,0.709503999999995,0.709503999999995,20.4,15.9,1.034155,15.9,0,0.002686,-0.013265,-0.010579,-0.012659625,0.000958483465465852,1.034155,1.123535,1.08798475,0.0322373199690315
78.49102,"P08","Occ_MO_1.2",100,28,4548.571289,7117.038574,-170.752731,-0.009766,0.770433,27.778,12.2,7.3,"{""type"":""M"",""msg"":""FADE0"",""time"":78.4349,""dist"":2.01687}",1.316078,8.616078,0,8.8,6.6,1.11112,6.6,7.3,0.004353,-0.014119,-0.009766,-0.0121487857142857,0.00179503889731035,0.770433,1.11112,0.969851642857143,0.113712523248225
80.209221,"P08","Occ_MO_1.2",100,29,4501.353516,7109.986328,-172.125305,-0.00472,0.251555,27.7783,6.5,9.7,"{""type"":""M"",""msg"":""FADE0"",""time"":80.2072,""dist"":2.06612}",1.21176199999999,7.71176199999999,0,12,15.5,0.579245,12,6.5,0.001669,-0.006226,-0.004557,-0.00523653846153846,0.000791281304318573,0.251555,0.579245,0.392129769230769,0.108388911085001
82.535362,"P08","Occ_MO_1.2",100,30,4437.206055,7102.102051,-174.065811,-0.007894,0.382551,27.7776,5.5,10.8,"{""type"":""M"",""msg"":""FADE0"",""time"":82.4901,""dist"":2.12955}",1.82094500000001,7.32094500000001,0,7.2,11.1,0.214403,7.2,5.5,0.001506,-0.007894,-0.006388,-0.00718742105263158,0.000327051527674747,0.213882,0.382551,0.270314894736842,0.0553083602841527
84.963509,"P08","Occ_MO_1.2",100,31,4369.947754,7096.947266,-177.541824,-0.012777,0.589802,27.7776,10.1,6.8,"{""type"":""M"",""msg"":""FADE0"",""time"":84.8684,""dist"":2.19564}",1.921753,8.721753,0,25.2,20.4,0.486442,20.4,6.8,0.002035,-0.012777,-0.010742,-0.01254905,0.000538875971961911,0.486442,0.631445,0.59170535,0.0437946000784223
87.082062,"P08","Occ_MO_1.2",100,32,4311.098633,7095.664062,-179.85379,-0.007894,0.320368,27.7783,8.5,14.2,"{""type"":""M"",""msg"":""FADE0"",""time"":86.9999,""dist"":2.25486}",1.61293099999999,10.112931,0,37.5,28.8,0.50565,28.8,8.5,0.001669,-0.009237,-0.007568,-0.00801817647058824,0.000588169430871552,0.320368,0.50565,0.389639823529412,0.0612438732581016
89.200569,"P08","Occ_MO_1.2",100,33,4252.247559,7096.677734,177.77272,-0.008911,0.41057,27.7778,11.8,50.4,"{""type"":""M"",""msg"":""FADE0"",""time"":89.1791,""dist"":2.31541}",1.616646,13.416646,0,23,17.4,0.326725,17.4,11.8,0.001343,-0.010254,-0.008911,-0.00923423529411765,0.000480935615416939,0.326725,0.41057,0.360406352941176,0.026214942029645
91.331459,"P08","Occ_MO_1.2",100,34,4193.149414,7100.201172,175.210892,-0.010254,0.599322,27.7776,18.3,13.8,"{""type"":""M"",""msg"":""FADE0"",""time"":91.2739,""dist"":2.37362}",1.621613,15.421613,0,13.4,39.9,0.459781,13.4,13.8,0.00118,-0.010254,-0.009074,-0.0100385882352941,0.000360172538310378,0.459781,0.599322,0.537274352941176,0.0447992222308898
94.161316,"P08","Occ_MO_1.2",100,35,4115.007812,7108.869629,172.143326,-0.008219,0.750093,27.7776,6.5,20.4,"{""type"":""M"",""msg"":""FADE0"",""time"":94.0664,""dist"":2.45121}",2.321701,8.821701,0,19.8,14.8,0.620359,14.8,6.5,0.001709,-0.009928,-0.008219,-0.00852266666666667,0.000452113747390753,0.620359,0.750093,0.670112958333333,0.0394536930276486
95.979897,"P08","Occ_MO_1.2",100,36,4065.101318,7116.753906,169.524124,-0.01359,0.764401,27.7775,7.8,5.5,"{""type"":""M"",""msg"":""FADE0"",""time"":95.9224,""dist"":2.50278}",1.313492,6.813492,0,15.6,12,0.804005,12,5.5,0.002848,-0.01359,-0.010742,-0.0129043571428571,0.000931850153614415,0.764401,0.837079,0.816317214285714,0.0220047161664479
97.902077,"P08","Occ_MO_1.2",100,37,4012.791504,7127.523926,167.582962,-0.004191,0.183444,27.7787,7.1,10.4,"{""type"":""M"",""msg"":""FADE0"",""time"":97.8175,""dist"":2.55544}",1.41793100000001,8.51793100000001,0,8,5.2,0.625407,5.2,7.1,0.007731,-0.011922,-0.004191,-0.0063368,0.00263670406270513,0.183444,0.625407,0.382023266666667,0.145779339157542
100.425133,"P08","Occ_MO_1.2",100,38,3944.60376,7143.787109,165.297897,-0.008586,0.097703,27.7776,27.6,17.7,"{""type"":""M"",""msg"":""FADE0"",""time"":100.328,""dist"":2.6252}",2.020149,19.720149,0,11.1,16.5,0.130413,11.1,17.7,0.001872,-0.008586,-0.006714,-0.00783209523809524,0.000664895247746734,0.097624,0.130413,0.10616480952381,0.00965255069719423
102.542953,"P08","Occ_MO_1.2",100,39,3887.977539,7159.781738,163.131104,-0.008219,0.059935,27.7777,51.7,56.1,"{""type"":""M"",""msg"":""FADE0"",""time"":102.54,""dist"":2.68665}",1.613761,53.313761,0,19.6,12.3,0.093198,12.3,51.7,0.001343,-0.008911,-0.007568,-0.00802770588235294,0.000511904503387336,0.059935,0.093198,0.0727566470588235,0.0115983201474458
105.376183,"P08","Occ_MO_1.2",100,40,3813.22168,7184.433105,160.323593,-0.007894,0.029833,27.7779,26.7,34.9,"{""type"":""M"",""msg"":""FADE0"",""time"":105.343,""dist"":2.76455}",2.328835,29.028835,0,32.4,18.3,0.056207,18.3,26.7,0.000855,-0.008423,-0.007568,-0.00791920833333333,0.000369405512913674,0.027139,0.056207,0.0368350416666667,0.0102399981593034
108.299118,"P08","Occ_MO_1.2",100,41,3737.415527,7213.557129,157.530884,-0.008423,0.152738,27.7776,41.9,47,"{""type"":""M"",""msg"":""FADE0"",""time"":108.244,""dist"":2.84514}",2.41889200000001,44.318892,0,17.6,25.3,0.035038,17.6,41.9,0.001017,-0.008423,-0.007406,-0.00767104,0.000368040473317813,0.035038,0.152738,0.08145224,0.0374511270394274
111.731827,"P08","Occ_MO_1.2",100,42,3650.307129,7252.382812,154.435196,-0.007406,0.566768,27.7777,4.8,12.2,"{""type"":""M"",""msg"":""FADE0"",""time"":111.644,""dist"":2.93963}",2.928574,7.728574,0,30.7,37.9,0.18489,30.7,4.8,0.001505,-0.008219,-0.006714,-0.00706513333333333,0.000427027717208576,0.18489,0.566768,0.329960066666667,0.116770603530563
113.755836,"P08","Occ_MO_1.2",100,43,3600.113281,7277.733887,151.753159,-0.010742,0.743024,27.7778,11.8,8.3,"{""type"":""M"",""msg"":""FADE0"",""time"":113.675,""dist"":2.99605}",1.514518,9.814518,0,13.9,10.6,0.680236,10.6,8.3,0.001343,-0.012085,-0.010742,-0.0114185625,0.000565778515999562,0.680236,0.770419,0.746485875,0.027096173978073
116.491074,"P08","Occ_MO_1.2",100,44,3534.047363,7315.291504,149.207169,-0.0059,0.457738,27.778,6,10.6,"{""type"":""M"",""msg"":""FADE0"",""time"":116.428,""dist"":3.07254}",2.22803499999999,8.22803499999999,0,20.7,12.1,0.680838,12.1,6,0.003011,-0.008911,-0.0059,-0.00682352173913043,0.000947443491697776,0.455706,0.680838,0.536031565217391,0.0751873386118278
119.227707,"P08","Occ_MO_1.2",100,45,3469.627197,7355.673828,146.336472,-0.009399,0.635464,27.7777,50.9,40.3,"{""type"":""M"",""msg"":""FADE0"",""time"":119.201,""dist"":3.14959}",2.23052199999999,42.530522,0,7.4,13.8,0.486676,7.4,40.3,0.001993,-0.009399,-0.007406,-0.00900652173913043,0.000527996373056174,0.486676,0.635464,0.575872130434783,0.0478242976304498
121.952026,"P08","Occ_MO_1.2",100,46,3407.741211,7399.25,143.346161,-0.008423,0.580026,27.7781,12.3,19,"{""type"":""M"",""msg"":""FADE0"",""time"":121.86,""dist"":3.22347}",2.220573,14.520573,0,24.9,14.9,0.637497,14.9,12.3,0.001343,-0.009766,-0.008423,-0.00873608695652174,0.00047437134600758,0.580026,0.637497,0.605463913043478,0.0200607875307958
124.37838,"P08","Occ_MO_1.2",100,47,3354.510254,7440.61377,140.88298,-0.008057,0.670587,27.7778,5.5,11.9,"{""type"":""M"",""msg"":""FADE0"",""time"":124.367,""dist"":3.29314}",1.92038000000001,7.42038000000001,0,11.2,18,0.580379,11.2,5.5,0.000366,-0.008423,-0.008057,-0.0081464,0.000150169167765452,0.580379,0.670587,0.61034705,0.0283433622034749
126.804619,"P08","Occ_MO_1.2",100,48,3303.241943,7484.376953,137.906647,-0.010254,0.886137,27.7775,25.9,20.7,"{""type"":""M"",""msg"":""FADE0"",""time"":126.784,""dist"":3.36031}",1.921143,22.621143,0,9,47.7,0.732264,9,20.7,0.001017,-0.010579,-0.009562,-0.0104469,0.0002688004346801,0.732264,0.886137,0.82691465,0.0483149985868777
129.234604,"P08","Occ_MO_1.2",100,49,3254.355469,7530.936035,134.71492,-0.010742,0.815898,27.7778,16.1,11.6,"{""type"":""M"",""msg"":""FADE0"",""time"":129.21,""dist"":3.42771}",1.92237899999999,13.522379,0,21.5,16.7,0.898737,16.7,11.6,0.000326,-0.010905,-0.010579,-0.01088055,7.97657590435236e-05,0.815898,0.902207,0.8758263,0.0280716750219299
131.768097,"P08","Occ_MO_1.2",100,50,3206.157715,7582.231934,131.689209,-0.009074,0.537376,27.778,31.9,24,"{""type"":""M"",""msg"":""FADE0"",""time"":131.685,""dist"":3.49648}",2.02520800000002,26.025208,0,17.8,12.6,0.760906,12.6,24,0.00118,-0.010254,-0.009074,-0.00947685714285714,0.000323362379647708,0.537376,0.760906,0.643971047619048,0.0699168531489198
134.190781,"P08","Occ_MO_1.2",100,51,3162.487793,7633.454102,129.198288,-0.007568,0.457786,27.7776,7.4,14.2,"{""type"":""M"",""msg"":""FADE0"",""time"":134.175,""dist"":3.56566}",1.91807599999999,9.31807599999999,0,30.8,23,0.494373,23,7.4,0.001506,-0.009074,-0.007568,-0.00810745,0.000450248291150794,0.438405,0.494373,0.45471515,0.0168830473405316
136.713791,"P08","Occ_MO_1.2",100,52,3119.515625,7688.83252,126.195488,-0.009766,0.564656,27.7776,16.9,11.9,"{""type"":""M"",""msg"":""FADE0"",""time"":136.649,""dist"":3.63441}",2.016876,13.916876,0,26.9,21.3,0.497943,21.3,11.9,0.000855,-0.010254,-0.009399,-0.0101046666666667,0.000224239901296208,0.497943,0.57538,0.554035142857143,0.0241490506506689
139.237778,"P08","Occ_MO_1.2",100,53,3079.513428,7746.426758,123.23011,-0.009766,0.330007,27.7777,12.7,7.9,"{""type"":""M"",""msg"":""FADE0"",""time"":139.188,""dist"":3.70497}",2.01887499999998,9.91887499999998,0,21.9,15.3,0.538599,15.3,7.9,0.000692,-0.009766,-0.009074,-0.0095642380952381,0.000244386559524436,0.330007,0.538599,0.450973476190476,0.0643760513472355
141.559723,"P08","Occ_MO_1.2",100,54,3045.234619,7801.07959,121.061249,-0.007243,-0.013519,27.7779,15,21.6,"{""type"":""M"",""msg"":""FADE0"",""time"":141.476,""dist"":3.76854}",1.81907699999999,16.819077,0,15.6,8.8,0.239302,8.8,15,0.002685,-0.008911,-0.006226,-0.00697094736842105,0.000826119541637906,-0.013519,0.239302,0.0894197894736842,0.0816466177897699
143.983871,"P08","Occ_MO_1.2",100,55,3011.537598,7859.397461,119.010223,-0.006226,0.078374,27.778,6.5,11.1,"{""type"":""M"",""msg"":""FADE0"",""time"":143.893,""dist"":3.83569}",1.919982,8.419982,0,18.7,26.9,-0.033734,18.7,6.5,0.002034,-0.007568,-0.005534,-0.00650645,0.000651740299828891,-0.040799,0.078374,-0.00957795,0.0377383734782892
146.608963,"P08","Occ_MO_1.2",100,56,2977.567383,7923.936523,116.41938,-0.007568,0.544812,27.7778,5.9,15,"{""type"":""M"",""msg"":""FADE0"",""time"":146.514,""dist"":3.90852}",2.116028,8.016028,0,11.2,25.3,0.17401,11.2,5.9,0.001343,-0.008911,-0.007568,-0.00811563636363636,0.000573457147106128,0.17401,0.544812,0.360280590909091,0.11109595549865
148.729568,"P08","Occ_MO_1.2",100,57,2952.461426,7977.236328,113.772118,-0.010579,0.744055,27.7777,12,8.5,"{""type"":""M"",""msg"":""FADE0"",""time"":148.72,""dist"":3.96981}",1.61354,10.11354,0,19.4,15,0.646297,15,8.5,0.001139,-0.010905,-0.009766,-0.0106847058823529,0.000363691106006506,0.646297,0.759698,0.729167411764706,0.0359928375549546
150.949295,"P08","Occ_MO_1.2",100,58,2928.726807,8034.160156,111.576187,-0.006877,0.516869,27.778,11.1,17.4,"{""type"":""M"",""msg"":""FADE0"",""time"":150.879,""dist"":4.02979}",1.71511800000002,12.815118,0,17.8,11.6,0.695876,11.6,11.1,0.002034,-0.008911,-0.006877,-0.00735811111111111,0.000631310950593976,0.516869,0.695876,0.597223,0.0577031996380668
153.472198,"P08","Occ_MO_1.2",100,59,2904.294678,8099.859375,109.141953,-0.007731,0.394726,27.7776,17.4,24.7,"{""type"":""M"",""msg"":""FADE0"",""time"":153.418,""dist"":4.10035}",2.018936,19.418936,0,53.5,18.1,0.492266,18.1,17.4,0.001342,-0.008748,-0.007406,-0.00790557142857143,0.000569114625662403,0.394726,0.492266,0.437218714285714,0.0330966880052111
156.106674,"P08","Occ_MO_1.2",100,60,2881.782959,8169.506348,106.621346,-0.007894,0.394549,27.7777,13.9,21.7,"{""type"":""M"",""msg"":""FADE0"",""time"":156.076,""dist"":4.17421}",2.13168300000001,16.031683,0,16.5,23.8,0.388427,16.5,13.9,0.000813,-0.008219,-0.007406,-0.00773114285714286,0.000304384014973567,0.373044,0.394549,0.380673095238095,0.00643788476834404
12.49261,"P09","Occ_MO_1.2",100,1,5768.400391,8327.738281,-100.434875,-0.010091,0.371887,26.8992,14.8,10.6,"{""type"":""M"",""msg"":""FADE0"",""time"":12.4469,""dist"":0.185283}",0.202751000000001,10.802751,0,15,10.8,0.358168,10.8,10.6,0,-0.010091,-0.010091,-0.010091,0,0.358168,0.371887,0.365131333333333,0.00686185720729699
15.017653,"P09","Occ_MO_1.2",100,2,5754.228027,8259.762695,-103.029808,-0.007406,0.441478,27.6896,8.7,16.9,"{""type"":""M"",""msg"":""FADE0"",""time"":14.9336,""dist"":0.253626}",2.02032,10.72032,0,15.8,11.1,0.38673,11.1,8.7,0.00236,-0.009766,-0.007406,-0.0078592380952381,0.000748074588845384,0.385484,0.441478,0.39942819047619,0.0176937756700458
17.652496,"P09","Occ_MO_1.2",100,3,5736.057129,8188.917969,-105.905411,-0.009074,0.581083,27.7769,20.3,14.3,"{""type"":""M"",""msg"":""FADE0"",""time"":17.5929,""dist"":0.327446}",2.12948,16.42948,0,31.6,24,0.48796,24,14.3,0.000326,-0.009074,-0.008748,-0.00905918181818182,6.9503433531929e-05,0.48796,0.581766,0.552838954545455,0.0300886589067602
20.184906,"P09","Occ_MO_1.2",100,4,5715.188477,8121.726074,-108.687088,-0.008748,0.432068,27.7779,18.7,11.6,"{""type"":""M"",""msg"":""FADE0"",""time"":20.0838,""dist"":0.396657}",2.024588,13.624588,0,19.3,13.4,0.574226,13.4,11.6,0.000326,-0.009074,-0.008748,-0.00885666666666667,0.000119038369164456,0.432068,0.574226,0.517309380952381,0.0450278157892165
23.01507,"P09","Occ_MO_1.2",100,5,5688.17041,8047.883789,-111.515709,-0.007243,0.043726,27.7777,19.4,25.2,"{""type"":""M"",""msg"":""FADE0"",""time"":22.9733,""dist"":0.476945}",2.424072,21.824072,0,17.9,10.9,0.382217,10.9,19.4,0.001505,-0.008748,-0.007243,-0.00792968,0.000425924848613775,0.043726,0.382217,0.21055436,0.105461432438546
26.349991,"P09","Occ_MO_1.2",100,6,5652.251465,7962.473633,-114.137718,-0.006226,0.185134,27.7779,5.5,10.1,"{""type"":""M"",""msg"":""FADE0"",""time"":26.2554,""dist"":0.568141}",2.830134,8.330134,0,14.7,19.9,-0.008702,14.7,5.5,0.00118,-0.006877,-0.005697,-0.00614306896551724,0.000270271018877941,-0.047592,0.185134,0.0163192068965517,0.0704648185725023
28.366234,"P09","Occ_MO_1.2",100,7,5628.404297,7911.784668,-116.565109,-0.011434,0.529179,27.7776,11.2,7.9,"{""type"":""M"",""msg"":""FADE0"",""time"":28.354,""dist"":0.626454}",1.512102,9.412102,0,24.1,18.2,0.303491,18.2,7.9,0.001872,-0.011434,-0.009562,-0.010566625,0.000682652461603511,0.303491,0.529179,0.4416691875,0.0741195751168059
32.004154,"P09","Occ_MO_1.2",100,8,5580.20459,7822.953125,-120.293495,-0.007568,0.371381,27.7777,11.8,18.1,"{""type"":""M"",""msg"":""FADE0"",""time"":31.9969,""dist"":0.727674}",3.131483,14.931483,0,51.3,16.6,0.519474,16.6,11.8,0.00118,-0.008748,-0.007568,-0.00787471875,0.000364516049859041,0.371381,0.519474,0.4279300625,0.049248483469651
35.548187,"P09","Occ_MO_1.2",100,9,5527.788086,7739.614258,-124.323219,-0.009766,0.220309,27.7777,14.6,8.1,"{""type"":""M"",""msg"":""FADE0"",""time"":35.5281,""dist"":0.825792}",3.038295,11.138295,0,10.5,16.9,0.378942,10.5,8.1,0.002198,-0.009766,-0.007568,-0.00954274193548387,0.000517953342026218,0.220309,0.396721,0.351437612903226,0.0530831103721183
38.574059,"P09","Occ_MO_1.2",100,10,5478.772949,7671.312988,-127.095627,-0.007894,0.079014,27.778,9.4,14.5,"{""type"":""M"",""msg"":""FADE0"",""time"":38.5035,""dist"":0.908467}",2.521199,11.921199,0,10.3,13.9,0.131851,10.3,9.4,0.002523,-0.007894,-0.005371,-0.00702857692307692,0.000834697606230037,0.029856,0.131851,0.0565948076923077,0.0274414273608633
42.72213,"P09","Occ_MO_1.2",100,11,5406.060059,7581.918945,-131.283676,-0.008911,0.93302,27.7776,1.2,8.4,"{""type"":""M"",""msg"":""FADE0"",""time"":42.6336,""dist"":1.02323}",3.643967,4.843967,0,12.4,19,0.123372,12.4,1.2,0.00118,-0.008911,-0.007731,-0.00811924324324324,0.000404487701049489,0.123372,0.93302,0.447618972972973,0.248550354288007
44.231232,"P09","Occ_MO_1.2",100,12,5377.756836,7550.988281,-133.983337,-0.014608,1.183669,27.7772,-0.905213,7,"{""type"":""M"",""msg"":""FADE0"",""time"":44.1978,""dist"":1.06669}",1.005535,0.100322000000006,0.100322000000006,0.2,7.4,1.102074,0.2,-0.905213,0.003214,-0.017822,-0.014608,-0.0163427272727273,0.00108200278104163,1.102074,1.199363,1.17234581818182,0.032114237393462
46.358131,"P09","Occ_MO_1.2",100,13,5335.61377,7509.564941,-136.865311,-0.008911,0.703309,27.7785,34.6,24.1,"{""type"":""M"",""msg"":""FADE0"",""time"":46.3526,""dist"":1.12656}",1.616165,25.716165,0,9.3,6.8,1.105968,6.8,24.1,0.004883,-0.013794,-0.008911,-0.0103830588235294,0.00182701629955059,0.703309,1.105968,0.904782705882353,0.130236309908069
49.894695,"P09","Occ_MO_1.2",100,14,5261.743164,7444.789062,-140.645859,-0.008219,0.144653,27.7778,20.2,35.2,"{""type"":""M"",""msg"":""FADE0"",""time"":49.8773,""dist"":1.2245}",3.031631,23.231631,0,23.9,15.2,0.591461,15.2,20.2,0.001343,-0.009562,-0.008219,-0.00860106451612903,0.000548835186887276,0.144653,0.591461,0.324733,0.139236730573509
53.035847,"P09","Occ_MO_1.2",100,15,5192.852051,7391.217285,-143.692337,-0.008423,0.309098,27.7778,10.7,57,"{""type"":""M"",""msg"":""FADE0"",""time"":52.9841,""dist"":1.31082}",2.635952,13.335952,0,19.3,34.6,0.122466,19.3,10.7,0.000855,-0.008423,-0.007568,-0.00776251851851852,0.000274742308686406,0.117609,0.309098,0.176233962962963,0.0614050018192464
55.663143,"P09","Occ_MO_1.2",100,16,5132.812988,7349.711426,-147.202271,-0.011108,0.341489,27.778,9.6,6.1,"{""type"":""M"",""msg"":""FADE0"",""time"":55.6199,""dist"":1.38406}",2.122631,8.222631,0,12.6,9.3,0.388122,9.3,6.1,0.000814,-0.011922,-0.011108,-0.0113004545454545,0.00033193325882124,0.341489,0.449097,0.417822045454545,0.0313272300349792
59.006912,"P09","Occ_MO_1.2",100,17,5053.355957,7301.57666,-150.210419,-0.007243,-0.09617,27.7777,12.9,19.4,"{""type"":""M"",""msg"":""FADE0"",""time"":58.9636,""dist"":1.47697}",2.836715,15.736715,0,22.7,10.5,0.233755,10.5,12.9,0.001993,-0.008219,-0.006226,-0.00666068965517241,0.000589346496641363,-0.101977,0.233755,0.000212931034482757,0.107864070082254
62.339298,"P09","Occ_MO_1.2",100,18,4971.783691,7257.793457,-153.560669,-0.009399,0.163088,27.7777,17.2,11.6,"{""type"":""M"",""msg"":""FADE0"",""time"":62.2837,""dist"":1.56922}",2.827709,14.427709,0,15.2,23.4,-0.073313,15.2,11.6,0.001831,-0.009399,-0.007568,-0.00822065517241379,0.000641884517643281,-0.073313,0.163088,0.0440927931034483,0.07748470627687
66.177925,"P09","Occ_MO_1.2",100,19,4874.775879,7213.501953,-157.331329,-0.007568,0.281287,27.7776,12.3,20.7,"{""type"":""M"",""msg"":""FADE0"",""time"":66.0764,""dist"":1.67461}",3.331619,15.631619,0,23.5,15.1,0.175112,15.1,12.3,0.00118,-0.008748,-0.007568,-0.00771894117647059,0.000286240727379413,0.175112,0.281287,0.208763205882353,0.0331201436982494
69.311188,"P09","Occ_MO_1.2",100,20,4793.50293,7182.334473,-161.000854,-0.010417,0.238835,27.7778,9.9,6,"{""type"":""M"",""msg"":""FADE0"",""time"":69.285,""dist"":1.76376}",2.728241,8.728241,0,19.6,30.2,0.311626,19.6,6,0.00236,-0.010417,-0.008057,-0.00979917857142857,0.00063616187397091,0.238835,0.373578,0.337321535714286,0.0369955604949028
72.543762,"P09","Occ_MO_1.2",100,21,4707.859863,7155.289551,-163.832092,-0.006551,-0.224191,27.7778,10.4,14.6,"{""type"":""M"",""msg"":""FADE0"",""time"":72.4578,""dist"":1.85192}",2.72837,13.12837,0,34.5,10,0.126238,10,10.4,0.001668,-0.007894,-0.006226,-0.00645367857142857,0.000330006739950412,-0.224259,0.126238,-0.107193178571429,0.110703070321118
76.376907,"P09","Occ_MO_1.2",100,22,4604.719727,7128.79834,-167.601425,-0.009237,0.109599,27.7779,38.5,1e+06,"{""type"":""M"",""msg"":""FADE0"",""time"":76.2959,""dist"":1.95857}",3.325973,41.825973,0,14,19.4,-0.212106,14,38.5,0.001669,-0.009237,-0.007568,-0.00805411764705882,0.000644209346959083,-0.212106,0.109599,-0.0741724117647059,0.10387567206452
80.220833,"P09","Occ_MO_1.2",100,23,4499.733398,7109.260742,-171.259689,-0.007243,0.75744,27.7779,2.2,7.5,"{""type"":""M"",""msg"":""FADE0"",""time"":80.1712,""dist"":2.06624}",3.335533,5.535533,0,23.2,30.5,0.153567,23.2,2.2,0.001668,-0.008911,-0.007243,-0.00740202941176471,0.000317344424808786,0.153567,0.75744,0.386602529411765,0.182509439514987
82.037888,"P09","Occ_MO_1.2",100,24,4449.678711,7102.716309,-174.234375,-0.012939,1.030754,27.7773,10.1,7.3,"{""type"":""M"",""msg"":""FADE0"",""time"":81.9936,""dist"":2.11688}",1.314133,8.614133,0,10.2,8.1,0.927299,8.1,7.3,0.003703,-0.016642,-0.012939,-0.014971,0.00108035834510877,0.927299,1.061476,1.02583214285714,0.0417787813716616
84.864792,"P09","Occ_MO_1.2",100,25,4371.352539,7096.904297,-177.055923,-0.006551,0.709898,27.7779,3.8,8.4,"{""type"":""M"",""msg"":""FADE0"",""time"":84.8203,""dist"":2.19542}",2.32241099999999,6.12241099999999,0,17.7,11.3,0.943433,11.3,3.8,0.003703,-0.010254,-0.006551,-0.00736491666666667,0.00112925588876872,0.694113,0.943433,0.770713083333333,0.0817727672473978
86.284149,"P09","Occ_MO_1.2",100,26,4331.945312,7095.411133,-178.976913,-0.013102,0.822657,27.7771,11,8.1,"{""type"":""M"",""msg"":""FADE0"",""time"":86.235,""dist"":2.23473}",0.914817999999997,9.014818,0,21.9,17.7,0.766574,17.7,8.1,0.00236,-0.013265,-0.010905,-0.0129639,0.000739947513153617,0.766574,0.824616,0.8062756,0.0206082850610029
89.926491,"P09","Occ_MO_1.2",100,27,4230.795898,7097.802246,176.416489,-0.008219,0.328776,27.7779,18.9,30.2,"{""type"":""M"",""msg"":""FADE0"",""time"":89.9135,""dist"":2.33694}",3.13447599999999,22.034476,0,14.7,10.6,0.788846,10.6,18.9,0.002889,-0.011108,-0.008219,-0.00996759375,0.000954757150658674,0.328776,0.788846,0.57153875,0.145094916643799
93.368217,"P09","Occ_MO_1.2",100,28,4135.567383,7106.423828,173.15799,-0.007894,0.457802,27.7778,5.6,13.1,"{""type"":""M"",""msg"":""FADE0"",""time"":93.2726,""dist"":2.43028}",2.93579800000001,8.535798,0,11,17.1,0.274312,11,5.6,0.000326,-0.007894,-0.007568,-0.0076169,8.72022421413736e-05,0.241605,0.457802,0.300547566666667,0.0658057163923408
96.191879,"P09","Occ_MO_1.2",100,29,4058.037598,7118.335449,169.079056,-0.011597,0.446802,27.778,8.4,5.3,"{""type"":""M"",""msg"":""FADE0"",""time"":96.1803,""dist"":2.51107}",2.319793,7.619793,0,13.6,10.4,0.560084,10.4,5.3,0.001342,-0.012939,-0.011597,-0.0124359166666667,0.000405839325313621,0.446802,0.65249,0.594141875,0.0593029238793153
99.423576,"P09","Occ_MO_1.2",100,30,3970.31665,7137.494629,166.402603,-0.006388,-0.081473,27.7777,8.8,13.4,"{""type"":""M"",""msg"":""FADE0"",""time"":99.3757,""dist"":2.59986}",2.726501,11.526501,0,13.8,18,0.282786,13.8,8.8,0.000691,-0.006388,-0.005697,-0.00597135714285714,0.000175360626157496,-0.090368,0.282786,0.01444,0.117323940129692
102.755363,"P09","Occ_MO_1.2",100,31,3880.941162,7161.580566,163.188187,-0.009237,0.395695,27.7775,22.9,17.2,"{""type"":""M"",""msg"":""FADE0"",""time"":102.679,""dist"":2.69163}",2.82730100000001,20.027301,0,12.7,20.7,-0.047488,12.7,17.2,0.00236,-0.009237,-0.006877,-0.00790368965517241,0.000816950169115433,-0.047488,0.395695,0.158875206896552,0.142643171826309
106.199486,"P09","Occ_MO_1.2",100,32,3790.443604,7192.624023,158.865265,-0.009766,0.146295,27.7778,9.7,5.4,"{""type"":""M"",""msg"":""FADE0"",""time"":106.105,""dist"":2.78685}",2.938317,8.338317,0,13.2,9.6,0.460306,9.6,5.4,0.000975999999999999,-0.010742,-0.009766,-0.0102756666666667,0.000415774502322604,0.146295,0.491786,0.391996833333333,0.108346720808097
109.533318,"P09","Occ_MO_1.2",100,33,3704.75415,7227.799316,156.502838,-0.006714,-0.066057,27.7775,7.7,12.7,"{""type"":""M"",""msg"":""FADE0"",""time"":109.448,""dist"":2.87972}",2.83036799999999,10.530368,0,11.8,15.2,-0.001432,11.8,7.7,0.002523,-0.006714,-0.004191,-0.00515362068965517,0.000829899366265621,-0.215935,-0.001432,-0.148679724137931,0.0612637545132849
113.379204,"P09","Occ_MO_1.2",100,34,3608.078369,7273.290039,152.9216,-0.008911,0.968923,27.7777,1.2,25.5,"{""type"":""M"",""msg"":""FADE0"",""time"":113.283,""dist"":2.98628}",3.339112,4.539112,0,7.8,13.4,0.029284,7.8,1.2,0.002034,-0.008911,-0.006877,-0.00747870588235294,0.000592941896556165,0.029284,0.968923,0.463248911764706,0.290115284834021
115.295372,"P09","Occ_MO_1.2",100,35,3561.29834,7298.697754,150.045151,-0.009074,1.081433,27.7783,23.2,14.5,"{""type"":""M"",""msg"":""FADE0"",""time"":115.242,""dist"":3.04071}",1.412178,0.100814999999997,0.100814999999997,0.1,6.6,1.114107,0.1,14.5,0.008748,-0.017822,-0.009074,-0.0127359333333333,0.00326719603388127,1.081433,1.169204,1.13743953333333,0.0279664849567852
118.831413,"P09","Occ_MO_1.2",100,36,3477.743164,7350.359375,146.422821,-0.008423,0.588215,27.778,22.2,27.7,"{""type"":""M"",""msg"":""FADE0"",""time"":118.823,""dist"":3.14022}",3.03105099999999,25.231051,0,24.7,30.2,1.00694,24.7,22.2,0.000203999999999999,-0.008423,-0.008219,-0.00822558064516129,3.6639481613462e-05,0.588215,1.00694,0.790685032258065,0.127360402804661
122.572777,"P09","Occ_MO_1.2",100,37,3393.102295,7410.681152,142.525909,-0.008423,0.244698,27.7778,15,20.6,"{""type"":""M"",""msg"":""FADE0"",""time"":122.565,""dist"":3.24419}",3.236931,18.236931,0,21.3,26.8,0.528431,21.3,15,0,-0.008423,-0.008423,-0.008423,0,0.244698,0.528431,0.368401909090909,0.0872143087433778
126.416695,"P09","Occ_MO_1.2",100,38,3310.609619,7478.489746,138.6194,-0.007731,0.355294,27.7776,5.3,10.1,"{""type"":""M"",""msg"":""FADE0"",""time"":126.334,""dist"":3.34892}",3.33968400000001,8.63968400000001,0,15.3,21.4,0.22235,15.3,5.3,0.000855,-0.008586,-0.007731,-0.00815491176470588,0.000347181235323034,0.195323,0.355294,0.232307676470588,0.0449201733413103
129.643539,"P09","Occ_MO_1.2",100,39,3245.646484,7540.245117,133.857269,-0.012614,0.45278,27.7776,8.8,5.7,"{""type"":""M"",""msg"":""FADE0"",""time"":129.584,""dist"":3.43922}",2.72408300000001,8.42408300000001,0,10.5,31,0.456516,10.5,5.7,0.003337,-0.013428,-0.010091,-0.0127723571428571,0.000766763096075083,0.45278,0.626913,0.563624535714286,0.0567016426298622
133.079697,"P09","Occ_MO_1.2",100,40,3181.452637,7610.90625,130.706207,-0.008057,0.291569,27.7777,6.2,13,"{""type"":""M"",""msg"":""FADE0"",""time"":133.023,""dist"":3.53477}",2.92845200000002,9.12845200000002,0,12,16.5,0.319447,12,6.2,0.001669,-0.008057,-0.006388,-0.00682766666666667,0.00053764738690305,0.123863,0.319447,0.190000833333333,0.0591891039163421
136.104233,"P09","Occ_MO_1.2",100,41,3128.93335,7676.484863,126.32917,-0.011597,0.365529,27.778,8.6,5.3,"{""type"":""M"",""msg"":""FADE0"",""time"":136.057,""dist"":3.61907}",2.521851,7.821851,0,15.7,12.1,0.399271,12.1,5.3,0.001343,-0.012614,-0.011271,-0.0123573076923077,0.000411584428202115,0.365529,0.538913,0.481849692307692,0.0523323815103186
139.742691,"P09","Occ_MO_1.2",100,42,3071.512207,7759.677246,122.972961,-0.007731,-0.257676,27.7779,19.9,28.7,"{""type"":""M"",""msg"":""FADE0"",""time"":139.674,""dist"":3.71957}",3.13188200000002,23.031882,0,25.3,31.7,0.215764,25.3,19.9,0.000854,-0.007731,-0.006877,-0.0069811875,0.000212207512180428,-0.257676,0.215764,-0.101022375,0.147809906148393
143.982574,"P09","Occ_MO_1.2",100,43,3010.758789,7860.58252,118.771324,-0.009766,0.189179,27.7777,16,11.1,"{""type"":""M"",""msg"":""FADE0"",""time"":143.887,""dist"":3.83665}",3.73567199999999,14.835672,0,11.2,16.1,-0.256866,11.2,11.1,0.003052,-0.009766,-0.006714,-0.00801397368421053,0.00126863628606303,-0.256866,0.189179,-0.0651831315789474,0.152713484876917
148.132751,"P09","Occ_MO_1.2",100,44,2958.970703,7963.590332,114.734833,-0.007243,0.420804,27.7778,7.3,14.9,"{""type"":""M"",""msg"":""FADE0"",""time"":148.053,""dist"":3.95239}",3.64450000000002,10.9445,0,18.4,12.4,0.218717,12.4,7.3,0.001994,-0.009237,-0.007243,-0.00758389189189189,0.000674384236988899,0.218717,0.420804,0.277540135135135,0.0630610072505463
151.868973,"P09","Occ_MO_1.2",100,45,2918.986084,8059.368164,110.540833,-0.008219,0.446872,27.7778,38.2,42.9,"{""type"":""M"",""msg"":""FADE0"",""time"":151.835,""dist"":4.0575}",3.23123200000001,41.431232,0,17.2,12.9,0.489436,12.9,38.2,0.002198,-0.010417,-0.008219,-0.00929084848484849,0.000805454146786617,0.446872,0.575573,0.533291636363636,0.0381815843198804
155.604828,"P09","Occ_MO_1.2",100,46,2885.646973,8157.65332,106.911964,-0.007568,0.119807,27.7778,16.2,22,"{""type"":""T"",""step"":""Start"",""trigger"":""Stop"",""time"":155.573,""dist"":4.16136},{""type"":""M"",""msg"":""FADE0"",""time"":155.592,""dist"":4.16189}",3.233734,19.433734,0,37.4,42.1,0.393843,37.4,16.2,0.000651,-0.008219,-0.007568,-0.00776039393939394,0.000289056108242191,0.119807,0.393843,0.239453696969697,0.0853503836537528
13.427071,"P10","Occ_MO_1.2",100,1,5763.408691,8301.256836,-101.125801,-0.009237,0.542454,27.5308,27.7,22.7,"{""type"":""M"",""msg"":""FADE0"",""time"":13.3288,""dist"":0.21074}",0.909228000000001,23.609228,0,6.7,17,0.327907,6.7,22.7,0.001343,-0.009237,-0.007894,-0.0089195,0.000561580755051706,0.327907,0.542454,0.4363617,0.072182751134495
17.676558,"P10","Occ_MO_1.2",100,2,5734.445312,8187.190918,-108.180824,-0.012614,-0.539137,27.7779,3.1,1,"{""type"":""M"",""msg"":""FADE0"",""time"":17.6258,""dist"":0.329806}",3.841369,4.841369,0,4.3,12.6,0.630172,4.3,1,0.011556,-0.018799,-0.007243,-0.0140557692307692,0.00338391934442218,-0.539137,0.884388,0.530864102564103,0.411993714830367
20.000345,"P10","Occ_MO_1.2",100,3,5714.570801,8125.763184,-106.236839,0.013072,-1.379624,27.7769,2.6,-1.816637,"{""type"":""M"",""msg"":""FADE0"",""time"":19.9647,""dist"":0.394796}",1.816637,0,0,11.9,0,-1.106671,0,-1.816637,0.013926,0.000488,0.014414,0.0123493684210526,0.00349788612689509,-1.757409,-1.106671,-1.55827231578947,0.193869145705165
23.436304,"P10","Occ_MO_1.2",100,4,5685.500977,8034.864258,-110.886864,-0.014282,-1.406762,27.7777,-1.516195,10.8,"{""type"":""M"",""msg"":""FADE0"",""time"":23.363,""dist"":0.48922}",2.931848,1.415653,1.415653,2.5,4.3,-0.75209,2.5,-1.516195,0.012085,-0.018148,-0.006063,-0.0142551,0.00318746836468412,-1.818235,1.851263,0.0574170666666666,1.23128107987712
25.962307,"P10","Occ_MO_1.2",100,5,5656.586914,7970.995605,-118.482414,-0.011597,0.525675,27.783,2.8,1.5,"{""type"":""M"",""msg"":""FADE0"",""time"":25.8737,""dist"":0.558977}",2.020149,3.520149,0,-2.022049,8.2,-1.217357,-2.022049,1.5,0.025683,-0.03728,-0.011597,-0.0271852857142857,0.0100011680274999,-1.874747,1.707722,-0.518144857142857,1.23224382820598
28.491507,"P10","Occ_MO_1.2",100,6,5623.930664,7908.768066,-116.633415,-0.00236,1.634786,27.7789,8.3,-1.721528,"{""type"":""M"",""msg"":""FADE0"",""time"":28.3995,""dist"":0.629165}",2.023774,0.302246,0.302246,8.9,0.7,-0.520134,0.7,-1.721528,0.019297,-0.00236,0.016937,0.00936842857142857,0.0068539832620997,-1.809664,1.86731,0.293070238095238,1.53687092432731
30.204662,"P10","Occ_MO_1.2",100,7,5602.999512,7866.020996,-114.351898,0.019135,-0.789649,27.7753,1.4,2.2,"{""type"":""M"",""msg"":""FADE0"",""time"":30.1625,""dist"":0.678151}",1.210081,2.610081,0,4.5,-2.224602,1.703432,-2.224602,1.4,0.010984,0.009206,0.02019,0.016987,0.0030352657214814,-1.860646,1.824723,-0.427100461538461,1.54653104783553
31.416328,"P10","Occ_MO_1.2",100,8,5589.045898,7835.387207,-116.56311,-0.037001,-1.869486,27.7715,-0.40434,5.6,"{""type"":""M"",""msg"":""FADE0"",""time"":31.3599,""dist"":0.711419}",0.706543,0.302202999999999,0.302202999999999,0.6,2,0.369181,0.6,-0.40434,0.021539,-0.037001,-0.015462,-0.029842375,0.00846371768934905,-1.869486,1.708786,0.701106625,1.13176281904431
32.725628,"P10","Occ_MO_1.2",100,9,5571.088867,7803.788574,-123.306046,-0.018799,-1.498674,27.7751,-1.71364,3.8,"{""type"":""M"",""msg"":""FADE0"",""time"":32.7058,""dist"":0.748806}",0.804072999999999,-0.909567000000001,0,-0.909567,3.7,-1.280504,-0.909567,-1.71364,0.036617,-0.055416,-0.018799,-0.0438684444444444,0.0139727906134665,-1.498674,-1.184803,-1.28340755555556,0.106333893796982
34.039795,"P10","Occ_MO_1.2",100,10,5550.641602,7773.523926,-124.161644,0.00233,0.773803,27.7862,5.8,7.9,"{""type"":""M"",""msg"":""FADE0"",""time"":33.95,""dist"":0.783386}",0.808414999999997,6.608415,0,-2.219392,4.8,1.654504,-2.219392,5.8,0.008718,-0.006063,0.002655,0.000784555555555555,0.00301659576804347,0.773803,1.654504,1.18730622222222,0.303718601115728
35.858727,"P10","Occ_MO_1.2",100,11,5522.410156,7731.596191,-123.930275,-0.005046,0.280092,27.7782,4.1,7.7,"{""type"":""M"",""msg"":""FADE0"",""time"":35.7914,""dist"":0.834559}",1.313733,5.413733,0,4.8,6.9,0.427145,4.8,4.1,0.010387,-0.005046,0.005341,0.000909,0.00344817378644674,0.221798,0.427145,0.276195857142857,0.0623246692692106
37.77951,"P10","Occ_MO_1.2",100,12,5491.707031,7687.94873,-126.532814,-0.010742,0.469997,27.7777,14.5,9.4,"{""type"":""M"",""msg"":""FADE0"",""time"":37.7509,""dist"":0.889004}",1.415611,10.815611,0,9.8,7.2,0.394797,7.2,9.4,0.00354,-0.014282,-0.010742,-0.0119111333333333,0.00138521539669399,0.394797,0.480286,0.4597086,0.0265177346366001
41.114349,"P10","Occ_MO_1.2",100,13,5434.104492,7615.387207,-130.349701,-0.012451,0.109802,27.7775,9.7,5.9,"{""type"":""M"",""msg"":""FADE0"",""time"":41.1045,""dist"":0.982188}",2.827125,8.727125,0,13.5,8.6,0.431206,8.6,5.9,0.005045,-0.012451,-0.007406,-0.00915258620689655,0.00138906066712214,0.109802,0.431206,0.249860344827586,0.103441716743321
44.75375,"P10","Occ_MO_1.2",100,14,5366.138672,7540.529297,-134.03537,-0.010579,0.120008,27.7775,24,19.5,"{""type"":""M"",""msg"":""FADE0"",""time"":44.6917,""dist"":1.08186}",3.133381,22.633381,0,14.3,7.2,0.044177,7.2,19.5,0.005045,-0.010579,-0.005534,-0.00760909375,0.00174907851055598,-0.132304,0.120008,-0.04515946875,0.0750201143582278
48.9916,"P10","Occ_MO_1.2",100,15,5280.137207,7460.182617,-140.164597,-0.011271,0.17295,27.778,8.8,5,"{""type"":""M"",""msg"":""FADE0"",""time"":48.9864,""dist"":1.2012}",3.730694,8.730694,0,20.1,15.8,0.222232,15.8,5,0.003214,-0.014119,-0.010905,-0.0119798947368421,0.000987999583911546,0.17295,0.450563,0.360787631578947,0.0827570953980712
52.723026,"P10","Occ_MO_1.2",100,16,5198.560547,7396.209961,-143.544968,-0.010579,-0.352615,27.7772,13.2,8.1,"{""type"":""M"",""msg"":""FADE0"",""time"":52.7061,""dist"":1.30455}",3.229324,11.329324,0,15.4,6.2,0.009653,6.2,8.1,0.005208,-0.010579,-0.005371,-0.00679036363636364,0.00149886850695328,-0.423728,0.009653,-0.309978606060606,0.129189331595371
55.854389,"P10","Occ_MO_1.2",100,17,5127.054199,7346.662598,-146.891144,-0.007243,-0.238262,27.7778,11.1,17.1,"{""type"":""M"",""msg"":""FADE0"",""time"":55.8289,""dist"":1.39132}",2.62549199999999,13.725492,0,12.6,7.4,-0.323385,7.4,11.1,0.003174,-0.010417,-0.007243,-0.00824351851851852,0.000806232948316779,-0.323385,-0.238262,-0.295020518518519,0.0246450751694007
60.50423,"P10","Occ_MO_1.2",100,18,5016.496094,7279.87207,-151.585938,-0.012451,1.040616,27.7775,11.2,8.8,"{""type"":""M"",""msg"":""FADE0"",""time"":60.4467,""dist"":1.51963}",4.143238,12.943238,0,7.7,11.9,-0.184652,7.7,8.8,0.006551,-0.012451,-0.0059,-0.0083297619047619,0.00260294685542596,-0.184652,1.040616,0.397846547619048,0.40919993199742
63.233673,"P10","Occ_MO_1.2",100,19,4948.640137,7246.027344,-155.099533,-0.008057,0.61113,27.7783,27.8,12.6,"{""type"":""M"",""msg"":""FADE0"",""time"":63.1713,""dist"":1.59533}",2.226494,14.826494,0,7.3,5.5,1.076369,5.5,12.6,0.008422,-0.016479,-0.008057,-0.0098754347826087,0.0026107428205587,0.61113,1.076369,0.875194695652174,0.152483345264457
66.164635,"P10","Occ_MO_1.2",100,20,4873.987305,7213.500488,-157.883102,-0.008423,-0.030279,27.7778,17.9,8.3,"{""type"":""M"",""msg"":""FADE0"",""time"":66.1284,""dist"":1.6775}",2.425339,10.725339,0,26.3,11.6,0.485708,11.6,8.3,0.00118,-0.008423,-0.007243,-0.00758312,0.000428436043457286,-0.030279,0.485708,0.21236256,0.158602652521713
70.202385,"P10","Occ_MO_1.2",100,21,4768.866211,7174.347656,-161.655014,-0.01359,-0.214605,27.777,7,4,"{""type"":""M"",""msg"":""FADE0"",""time"":70.1485,""dist"":1.78921}",3.53377500000001,7.53377500000001,0,29.2,33.7,-0.125324,29.2,4,0.008382,-0.01359,-0.005208,-0.00746883333333333,0.00266102951612985,-0.324524,-0.125324,-0.257620055555556,0.0547063930753172
73.548843,"P10","Occ_MO_1.2",100,22,4679.841309,7147.527832,-164.273956,-0.004557,-0.304615,27.778,5,7.9,"{""type"":""M"",""msg"":""FADE0"",""time"":73.5285,""dist"":1.88312}",2.84150700000001,7.84150700000001,0,9.8,4.7,-0.275216,4.7,5,0.006713,-0.009928,-0.003215,-0.00519713793103448,0.00165847435752902,-0.479007,-0.275216,-0.407610103448276,0.0638440556346617
77.182274,"P10","Occ_MO_1.2",100,23,4581.92041,7123.037598,-168.177048,-0.010742,1.093511,27.7778,0.3,17.3,"{""type"":""M"",""msg"":""FADE0"",""time"":77.092,""dist"":1.98214}",3.12608400000001,3.42608400000001,0,4.9,8.9,-0.121943,4.9,0.3,0.004028,-0.010742,-0.006714,-0.00932796875,0.00123189344125409,-0.121943,1.093511,0.526463125,0.378148451577381
80.318787,"P10","Occ_MO_1.2",100,24,4495.88623,7109.41748,-173.861053,-0.010091,0.016431,27.7791,5.3,2.4,"{""type"":""M"",""msg"":""FADE0"",""time"":80.2523,""dist"":2.06995}",2.632386,5.032386,0,-0.403488,8.3,1.206333,-0.403488,2.4,0.011338,-0.021429,-0.010091,-0.0154214814814815,0.00387609849809723,0.016431,1.254236,0.867874740740741,0.408915974153953
82.441795,"P10","Occ_MO_1.2",100,25,4437.193848,7103.485352,-174.223236,-0.002197,-0.998388,27.7781,5.8,7.7,"{""type"":""M"",""msg"":""FADE0"",""time"":82.4245,""dist"":2.13031}",1.615257,7.415257,0,12.2,1.9,-0.428562,1.9,5.8,0.009369,-0.003011,0.006358,0.00124523529411765,0.00285700399302774,-1.008215,-0.428562,-0.841963294117647,0.188987112191137
84.569191,"P10","Occ_MO_1.2",100,26,4378.357422,7097.79834,-174.246613,-0.001831,0.231403,27.7776,1.2,2.9,"{""type"":""M"",""msg"":""FADE0"",""time"":84.5034,""dist"":2.18807}",1.62294800000001,2.82294800000001,0,6,8.2,-0.911107,6,1.2,0.009043,-0.004191,0.004852,0.00161141176470588,0.00293329631257276,-0.911107,0.231403,-0.482780176470588,0.364077886434729
86.588081,"P10","Occ_MO_1.2",100,27,4322.400879,7094.276367,-179.174652,-0.012614,1.80532,27.779,-1.311714,11.9,"{""type"":""M"",""msg"":""FADE0"",""time"":86.5761,""dist"":2.24566}",1.512252,0.200537999999995,0.200537999999995,0.3,12.6,0.916013,0.3,-1.311714,0.020341,-0.032955,-0.012614,-0.023003375,0.00742886827518162,0.916013,1.80532,1.527272875,0.284771759293854
88.610863,"P10","Occ_MO_1.2",100,28,4266.246582,7095.837891,175.580048,-0.012085,0.694746,27.7812,4.4,2.5,"{""type"":""M"",""msg"":""FADE0"",""time"":88.5152,""dist"":2.29954}",1.518868,4.018868,0,-1.815628,6.5,1.836913,-1.815628,2.5,0.025753,-0.037838,-0.012085,-0.023409625,0.00958178814818334,0.694746,1.836919,1.44727575,0.392504941108517
91.038231,"P10","Occ_MO_1.2",100,29,4199.013184,7101.263184,175.882294,-0.001343,-0.932862,27.7781,4.9,6.8,"{""type"":""M"",""msg"":""FADE0"",""time"":90.9693,""dist"":2.36773}",1.924492,6.824492,0,12,2.5,0.052792,2.5,4.9,0.009044,-0.001343,0.007701,0.00378775,0.00266887784175494,-0.982401,0.052792,-0.68093735,0.336219950827818
94.17141,"P10","Occ_MO_1.2",100,30,4112.400391,7109.833984,171.651184,-0.015625,0.153634,27.7768,6.6,4.3,"{""type"":""M"",""msg"":""FADE0"",""time"":94.1383,""dist"":2.45578}",2.628518,6.928518,0,5.7,8.5,-0.762824,5.7,4.3,0.012939,-0.018636,-0.005697,-0.012287037037037,0.00439190626635196,-0.762824,0.161464,-0.198346,0.316375572584231
97.006683,"P10","Occ_MO_1.2",100,31,4034.846436,7123.644043,168.743668,-0.005371,-0.444582,27.778,8.7,12,"{""type"":""M"",""msg"":""FADE0"",""time"":97.0013,""dist"":2.53534}",2.33045199999999,11.030452,0,6.5,3.8,0.065641,3.8,8.7,0.008544,-0.01359,-0.005046,-0.00678691666666667,0.0024415095992415,-0.444582,0.065641,-0.24780725,0.168477109614656
100.541145,"P10","Occ_MO_1.2",100,32,3939.038086,7145.162598,165.539993,-0.009562,0.193745,27.7775,21.5,16.6,"{""type"":""M"",""msg"":""FADE0"",""time"":100.45,""dist"":2.63117}",3.030784,19.630784,0,8.6,12.3,-0.434116,8.6,16.6,0.003865,-0.009562,-0.005697,-0.00753561290322581,0.00138425478573417,-0.434116,0.193745,-0.155878903225806,0.203268061992099
103.176132,"P10","Occ_MO_1.2",100,33,3868.692383,7165.421387,162.285065,-0.009237,0.362753,27.778,16.1,10.5,"{""type"":""M"",""msg"":""FADE0"",""time"":103.14,""dist"":2.7059}",2.130043,12.630043,0,12.2,8.9,0.295981,8.9,10.5,0.002197,-0.011434,-0.009237,-0.0100541363636364,0.000811848232090242,0.295981,0.389353,0.366744409090909,0.0263102329859896
106.01046,"P10","Occ_MO_1.2",100,34,3794.310059,7191.270508,159.363876,-0.007894,0.071138,27.7779,36,41.2,"{""type"":""M"",""msg"":""FADE0"",""time"":105.994,""dist"":2.7852}",2.327141,38.327141,0,19.2,11.9,0.323474,11.9,36,0.000854000000000001,-0.008748,-0.007894,-0.00818904166666667,0.000321791922935718,0.071138,0.323474,0.1992675,0.078935170283842
111.665031,"P10","Occ_MO_1.2",100,35,3649.891357,7253.013184,154.059891,-0.008911,0.175638,27.7776,1e+06,17.5,"{""type"":""M"",""msg"":""FADE0"",""time"":111.664,""dist"":2.94274}",5.150131,22.650131,0,35.3,40.4,0.017726,35.3,17.5,0.002685,-0.008911,-0.006226,-0.00752690384615385,0.000872988472390153,-0.081715,0.175638,0.0112734423076923,0.0802420934824584
117.425369,"P10","Occ_MO_1.2",100,36,3510.246338,7331.03125,147.296478,-0.009237,-0.628908,27.7777,7.8,2.1,"{""type"":""M"",""msg"":""FADE0"",""time"":117.39,""dist"":3.10185}",5.256218,7.356218,0,23.1,14.1,0.196864,14.1,2.1,0.001505,-0.010579,-0.009074,-0.00958981132075472,0.0006093608586242,-0.628908,0.201625,-0.0289434339622642,0.249453262769302
120.860664,"P10","Occ_MO_1.2",100,37,3430.406006,7383.341797,145.835785,-0.008748,0.133456,27.7775,3.1,7.7,"{""type"":""M"",""msg"":""FADE0"",""time"":120.845,""dist"":3.19786}",2.930694,6.030694,0,8.2,10.1,-0.827698,8.2,3.1,0.014577,-0.008748,0.005829,-0.00250803333333333,0.00456309773398347,-0.946713,0.133456,-0.5875144,0.34823223854299
123.993408,"P10","Occ_MO_1.2",100,38,3360.307129,7434.903809,141.439407,-0.009928,1.448542,27.778,-1.313339,40.5,"{""type"":""M"",""msg"":""FADE0"",""time"":123.971,""dist"":3.28473}",2.62756300000001,1.31422400000001,1.31422400000001,2.3,10.8,0.471873,2.3,-1.313339,0.005534,-0.015462,-0.009928,-0.0120184814814815,0.00222401512118494,0.471873,1.448542,1.07007259259259,0.289001939618093
126.823822,"P10","Occ_MO_1.2",100,39,3301.671875,7487.223633,134.961105,-0.011922,-0.224923,27.7813,3.2,1.2,"{""type"":""M"",""msg"":""FADE0"",""time"":126.744,""dist"":3.36176}",2.32495100000001,3.52495100000001,0,-1.818802,10.1,1.55619,-1.818802,1.2,0.024218,-0.035815,-0.011597,-0.0200648333333333,0.00870872376047328,-0.224923,1.604169,1.003458,0.61934635894318
129.148712,"P10","Occ_MO_1.2",100,40,3255.838623,7532.746094,135.832718,-0.006226,-1.4905,27.778,6.8,-1.619964,"{""type"":""M"",""msg"":""FADE0"",""time"":129.146,""dist"":3.42849}",1.82083099999998,0.200866999999988,0.200866999999988,8.8,0.3,-0.905023,0.3,-1.619964,0.020111,-0.006551,0.01356,0.00657784210526316,0.00720174243779593,-1.699228,-0.905023,-1.48395331578947,0.237074884817025
130.864471,"P10","Occ_MO_1.2",100,41,3222.007324,7566.333984,134.473907,-0.007243,-0.409177,27.7777,3.5,6.2,"{""type"":""M"",""msg"":""FADE0"",""time"":130.842,""dist"":3.47564}",1.21109000000001,4.71109000000001,0,5.7,-2.124633,-1.232948,-2.124633,3.5,0.001017,-0.007243,-0.006226,-0.00651653846153846,0.000250837469085932,-1.232948,-0.409177,-0.842853538461538,0.26811669993264
133.398911,"P10","Occ_MO_1.2",100,42,3174.427734,7618.224609,130.419296,-0.010417,0.948552,27.7787,2,19.3,"{""type"":""M"",""msg"":""FADE0"",""time"":133.317,""dist"":3.54441}",2.02806100000001,4.02806100000001,0,14.6,12.3,0.000759,12.3,2,0.008383,-0.018311,-0.009928,-0.0138367142857143,0.00306658034531719,0.000759,0.948552,0.569811619047619,0.289633104271158
135.4263,"P10","Occ_MO_1.2",100,43,3139.512207,7662.404785,125.943939,-0.010579,0.458552,27.7796,6.1,3.4,"{""type"":""M"",""msg"":""FADE0"",""time"":135.327,""dist"":3.60024}",1.52127099999998,4.92127099999998,0,8.4,6.6,1.074338,6.6,3.4,0.020354,-0.030933,-0.010579,-0.019240875,0.00735292395241512,0.458552,1.111527,0.910434625,0.223689821276658
137.646744,"P10","Occ_MO_1.2",100,44,3103.378174,7712.416016,125.993515,-0.002686,-0.111808,27.7782,3.5,6,"{""type"":""M"",""msg"":""FADE0"",""time"":137.605,""dist"":3.66354}",1.81639100000001,5.31639100000001,0,9,11.1,0.131479,9,3.5,0.011241,-0.002686,0.008555,0.00230126315789474,0.00394357489880136,-0.290939,0.131479,-0.173736052631579,0.122103924477596
140.577148,"P10","Occ_MO_1.2",100,45,3058.0625,7780.020996,120.857071,-0.011922,0.101443,27.7786,5.7,3,"{""type"":""M"",""msg"":""FADE0"",""time"":140.565,""dist"":3.74579}",2.42257599999999,5.42257599999999,0,6.1,23.2,0.122687,6.1,3,0.011059,-0.02115,-0.010091,-0.0160054,0.00321671151954912,0.101443,0.516593,0.3604888,0.135421179198762
142.899429,"P10","Occ_MO_1.2",100,46,3025.257324,7835.587891,120.898758,-0.000854,-0.261148,27.7778,3,5,"{""type"":""M"",""msg"":""FADE0"",""time"":142.867,""dist"":3.80976}",1.817184,4.817184,0,8.5,10.5,-0.212067,8.5,3,0.005706,-0.000854,0.004852,0.00300631578947368,0.0017408356886096,-0.52958,-0.212067,-0.418747631578947,0.100949052923415
145.124146,"P10","Occ_MO_1.2",100,47,2994.891357,7889.415039,117.477509,-0.011108,0.623956,27.7782,11.8,8.6,"{""type"":""M"",""msg"":""FADE0"",""time"":145.091,""dist"":3.87156}",1.721711,10.321711,0,17.6,14.9,0.06944,14.9,8.6,0.007203,-0.018311,-0.011108,-0.0145467222222222,0.00275822502186494,0.06944,0.623956,0.448822444444444,0.179902482774034
146.740173,"P10","Occ_MO_1.2",100,48,2974.911133,7929.625,115.188576,-0.011271,0.425817,27.7781,8.2,5.1,"{""type"":""M"",""msg"":""FADE0"",""time"":146.696,""dist"":3.91615}",1.10853499999999,6.20853499999999,0,11.7,8.3,0.615266,8.3,5.1,0.002523,-0.013265,-0.010742,-0.0120138333333333,0.000831339098665339,0.425817,0.615266,0.54063275,0.0639083379879837
149.063232,"P10","Occ_MO_1.2",100,49,2948.41333,7988.48291,113.728111,-0.001831,-0.070874,27.778,4.5,7,"{""type"":""M"",""msg"":""FADE0"",""time"":149.01,""dist"":3.98045}",1.81693999999999,6.31693999999999,0,13.6,6.6,0.261058,6.6,4.5,0.006388,-0.008219,-0.001831,-0.0034778947368421,0.00212246740309315,-0.089302,0.261058,0.0224377368421053,0.117081867903447
151.489883,"P10","Occ_MO_1.2",100,50,2922.310303,8050.64502,111.433174,-0.009562,0.474283,27.7777,21.4,16.1,"{""type"":""M"",""msg"":""FADE0"",""time"":151.389,""dist"":4.04654}",1.921798,18.021798,0,7.3,14.2,0.032719,7.3,16.1,0.001994,-0.009562,-0.007568,-0.0089253,0.00035413156936519,0.032719,0.474283,0.2701989,0.137845114626946
156.455658,"P10","Occ_MO_1.2",100,51,2878.440186,8181.40332,105.526863,-0.010905,0.239566,27.7774,8.7,5.1,"{""type"":""M"",""msg"":""FADE0"",""time"":156.413,""dist"":4.18615}",4.56289699999999,9.66289699999999,0,12.6,9.3,0.534711,9.3,5.1,0.004517,-0.012085,-0.007568,-0.00964262222222222,0.00133012660519914,0.239566,0.576502,0.489130044444444,0.0959742541314539
157.478302,"P10","Occ_MO_1.2",100,52,2871.110352,8208.856445,104.296608,-0.009237,-0.095474,27.778,9.6,4.3,"{""type"":""M"",""msg"":""FADE0"",""time"":157.437,""dist"":4.21458}",0.509552000000014,4.80955200000001,0,10.5,5.2,0.08351,5.2,4.3,0,-0.009237,-0.009237,-0.009237,0,-0.095474,0.08351,-0.005337,0.0670166000987815
15.471661,"P11","Occ_MO_1.2",100,1,5751.674805,8248.423828,-104.151695,-0.011108,0.565784,27.7217,9.2,6,"{""type"":""M"",""msg"":""FADE0"",""time"":15.3972,""dist"":0.265534}",1.311761,7.311761,0,10.4,7.6,0.714543,7.6,6,0.001669,-0.012777,-0.011108,-0.0121229285714286,0.000593971051390647,0.565784,0.717189,0.6698795,0.0512328132439027
17.188217,"P11","Occ_MO_1.2",100,2,5739.473145,8202.351562,-104.887871,0.001668,0.272412,27.775,2.6,4.8,"{""type"":""M"",""msg"":""FADE0"",""time"":17.1847,""dist"":0.315164}",1.211483,3.811483,0,15,8,0.421955,8,2.6,0.011566,-0.008423,0.003143,-0.000217538461538462,0.0041669031589296,0.235087,0.421955,0.292867076923077,0.0626235025030027
18.804642,"P11","Occ_MO_1.2",100,3,5727.450684,8159.080566,-106.574738,-0.008748,0.770814,27.7778,5.8,35,"{""type"":""M"",""msg"":""FADE0"",""time"":18.8014,""dist"":0.360083}",1.112387,6.912387,0,14.8,11.9,0.443855,11.9,5.8,0.004517,-0.013265,-0.008748,-0.0110505833333333,0.00187894769670944,0.443855,0.770814,0.625067833333333,0.10657046256038
20.620592,"P11","Occ_MO_1.2",100,4,5712.013184,8111.04834,-109.169235,-0.008219,0.827186,27.7783,55.9,17.9,"{""type"":""M"",""msg"":""FADE0"",""time"":20.5783,""dist"":0.409456}",1.311203,19.211203,0,9.1,7,0.876132,7,17.9,0.008423,-0.016642,-0.008219,-0.0123289285714286,0.00307837043465646,0.827186,0.917278,0.886203142857143,0.028583059748624
23.051096,"P11","Occ_MO_1.2",100,5,5688.835938,8047.617188,-110.619568,-0.003011,0.777946,27.7779,1.6,5.3,"{""type"":""M"",""msg"":""FADE0"",""time"":23.0236,""dist"":0.477403}",1.923704,3.523704,0,46.4,24.5,0.748501,24.5,1.6,0.008748,-0.008911,-0.000163,-0.0037863,0.00289922294671121,0.621326,0.777946,0.67884015,0.0485020852425033
25.16943,"P11","Occ_MO_1.2",100,6,5666.717285,7993.083984,-113.784691,-0.009237,0.967232,27.7785,15,10.2,"{""type"":""M"",""msg"":""FADE0"",""time"":25.091,""dist"":0.534845}",1.613276,11.813276,0,9.6,7.7,0.961569,7.7,10.2,0.008911,-0.018148,-0.009237,-0.0137532941176471,0.00375873031695388,0.961569,1.091508,1.03970252941176,0.0440873696172124
26.988464,"P11","Occ_MO_1.2",100,7,5645.643555,7947.144043,-115.219131,-0.00236,0.621028,27.7784,3.6,7,"{""type"":""M"",""msg"":""FADE0"",""time"":26.9271,""dist"":0.585863}",1.31357,4.91357,0,11.8,8,0.861047,8,3.6,0.007568,-0.009928,-0.00236,-0.00508621428571429,0.00287598497317598,0.621028,0.861047,0.7176515,0.0824002507079364
28.806921,"P11","Occ_MO_1.2",100,8,5623.482422,7901.739258,-116.992905,-0.007039,0.657547,27.7778,8.1,15,"{""type"":""M"",""msg"":""FADE0"",""time"":28.7813,""dist"":0.637384}",1.315931,9.415931,0,12,22.5,0.639151,12,8.1,0.003378,-0.010417,-0.007039,-0.00871057142857143,0.00138808305638696,0.639151,0.662214,0.656137357142857,0.0066443881538905
30.727768,"P11","Occ_MO_1.2",100,9,5598.492188,7854.582031,-118.85508,-0.006551,0.665965,27.778,5.7,11.7,"{""type"":""M"",""msg"":""FADE0"",""time"":30.6316,""dist"":0.688798}",1.415981,7.115981,0,15.6,11.2,0.666341,11.2,5.7,0.00354,-0.010091,-0.006551,-0.00786393333333333,0.00159675610744618,0.656489,0.668763,0.662644333333333,0.00464915501795244
32.751671,"P11","Occ_MO_1.2",100,10,5570.392578,7805.876465,-121.390282,-0.009928,0.615137,27.7777,13.3,8.5,"{""type"":""M"",""msg"":""FADE0"",""time"":32.7119,""dist"":0.7466}",1.518095,10.018095,0,20.6,14.8,0.700002,14.8,8.5,0.003499,-0.013265,-0.009766,-0.01113625,0.00133552748630145,0.615137,0.724467,0.6932014375,0.0347555664720895
34.767994,"P11","Occ_MO_1.2",100,11,5540.492676,7758.498047,-122.791908,-0.003215,0.403803,27.7781,3.4,6.6,"{""type"":""M"",""msg"":""FADE0"",""time"":34.7253,""dist"":0.802545}",1.513371,4.913371,0,12.8,7.8,0.512924,7.8,3.4,0.007935,-0.009766,-0.001831,-0.0040384375,0.00245873032190058,0.359907,0.512924,0.4059806875,0.0484708471664068
36.990612,"P11","Occ_MO_1.2",100,12,5505.919434,7707.334961,-125.480965,-0.007243,0.614195,27.7781,7.1,12.8,"{""type"":""M"",""msg"":""FADE0"",""time"":36.9478,""dist"":0.864299}",1.719475,8.819475,0,12.2,9.3,0.51491,9.3,7.1,0.007202,-0.014445,-0.007243,-0.0110293333333333,0.00270067425132405,0.51491,0.625529,0.601805555555556,0.0323807362471655
39.010418,"P11","Occ_MO_1.2",100,13,5472.495605,7662.256348,-127.666321,-0.006388,0.595526,27.7779,5.3,9.9,"{""type"":""M"",""msg"":""FADE0"",""time"":38.991,""dist"":0.92107}",1.514183,6.814183,0,13.5,9.6,0.624493,9.6,5.3,0.005209,-0.011597,-0.006388,-0.0089569375,0.00174563010471864,0.594629,0.62675,0.6111401875,0.0127359518959453
41.134342,"P11","Occ_MO_1.2",100,14,5435.472656,7616.307129,-130.320099,-0.009928,0.564036,27.778,24.7,15.9,"{""type"":""M"",""msg"":""FADE0"",""time"":41.1067,""dist"":0.979857}",1.61846499999999,17.518465,0,24.1,17.5,0.620985,17.5,15.9,0.002523,-0.012451,-0.009928,-0.0110844705882353,0.00099703555087363,0.564036,0.642561,0.617612705882353,0.0247997315478533
43.457523,"P11","Occ_MO_1.2",100,15,5392.883789,7567.800293,-131.949539,-0.006063,0.707493,27.7778,1.7,5.5,"{""type"":""M"",""msg"":""FADE0"",""time"":43.4269,""dist"":1.04433}",1.818626,3.518626,0,49.4,43.6,0.508886,43.6,1.7,0.008545,-0.009237,-0.000692,-0.00454221052631579,0.00261304510695743,0.454915,0.707493,0.519606,0.0761808154466143
45.07452,"P11","Occ_MO_1.2",100,16,5362.183594,7535.005371,-134.829102,-0.015951,1.16791,27.7767,-0.607788,6.5,"{""type"":""M"",""msg"":""FADE0"",""time"":45.0532,""dist"":1.08951}",1.111435,0.503647000000001,0.503647000000001,1.4,9.6,0.939384,1.4,-0.607788,0.00354,-0.019165,-0.015625,-0.017456,0.00142708278411845,0.939384,1.169507,1.09913033333333,0.0791415789425202
47.299522,"P11","Occ_MO_1.2",100,17,5316.956543,7492.881836,-139.431259,-0.014771,0.090622,27.7784,4,2,"{""type"":""M"",""msg"":""FADE0"",""time"":47.2179,""dist"":1.14966}",1.719551,3.719551,0,6.8,5,1.118272,5,2,0.005821,-0.020592,-0.014771,-0.0174270555555556,0.00177392282053155,0.090622,1.118272,0.714078055555555,0.331189210660697
48.911961,"P11","Occ_MO_1.2",100,18,5282.911133,7463.758789,-138.174942,0.01474,-0.702535,27.7768,2.4,3.5,"{""type"":""M"",""msg"":""FADE0"",""time"":48.8818,""dist"":1.1959}",1.108132,3.508132,0,5.7,6.9,-0.412407,5.7,2.4,0.0094,0.008026,0.017426,0.0140346666666667,0.00338890227154172,-0.797714,-0.412407,-0.685296916666667,0.125674545905799
50.126331,"P11","Occ_MO_1.2",100,19,5257.86084,7441.154297,-138.701752,-0.017131,0.529119,27.7771,1.7,10.2,"{""type"":""M"",""msg"":""FADE0"",""time"":50.1079,""dist"":1.22996}",0.706648999999999,2.406649,0,2,3.7,-0.263337,2,1.7,0.015463,-0.017131,-0.001668,-0.012873375,0.00527892437467818,-0.263337,0.529119,0.14049825,0.278617201823449
51.441463,"P11","Occ_MO_1.2",100,20,5229.767578,7417.798828,-142.336349,-0.019653,1.237334,27.776,-0.404281,4.9,"{""type"":""M"",""msg"":""FADE0"",""time"":51.4103,""dist"":1.26615}",0.808731000000002,0.303563000000004,0.303563000000004,0.7,6.3,0.969361,0.7,-0.404281,0.007862,-0.027515,-0.019653,-0.0235276666666667,0.00304782479811422,0.969361,1.237506,1.15060288888889,0.0966490400009804
52.961163,"P11","Occ_MO_1.2",100,21,5195.740234,7392.798828,-144.612152,-0.004028,0.713311,27.7805,7,10.6,"{""type"":""M"",""msg"":""FADE0"",""time"":52.9273,""dist"":1.3083}",1.01455,8.01455,0,-0.909431,4.4,1.144195,-0.909431,7,0.01412,-0.018148,-0.004028,-0.009318,0.00579808518392064,0.713311,1.144195,0.930156727272727,0.147535115770511
54.378796,"P11","Occ_MO_1.2",100,22,5163.530273,7370.121582,-144.875061,0.00118,0.566364,27.7784,2,4.5,"{""type"":""M"",""msg"":""FADE0"",""time"":54.3753,""dist"":1.34854}",0.910691,2.910691,0,5.8,9.2,0.565914,5.8,2,0.004883,-0.003703,0.00118,0.0004068,0.00164442193828443,0.509833,0.566364,0.5327716,0.0213814263280592
56.507214,"P11","Occ_MO_1.2",100,23,5114.602539,7336.912598,-147.25264,-0.010091,1.250253,27.7776,-0.50409,16.6,"{""type"":""M"",""msg"":""FADE0"",""time"":56.434,""dist"":1.40574}",1.622635,1.118545,1.118545,2.1,15.4,0.758087,2.1,-0.50409,0.004883,-0.014974,-0.010091,-0.0114818235294118,0.0018491249023286,0.758087,1.250253,1.04038711764706,0.152331657009419
57.91975,"P11","Occ_MO_1.2",100,24,5081.179199,7316.349121,-150.365555,-0.02115,1.184975,27.7748,-1.916626,3.4,"{""type"":""M"",""msg"":""FADE0"",""time"":57.8379,""dist"":1.44475}",0.909427000000001,-1.007199,0,-1.007199,7.1,1.339483,-1.007199,-1.916626,0.009588,-0.025213,-0.015625,-0.0215295,0.00300749383485098,1.184975,1.359887,1.3127997,0.0593791803862638
59.640205,"P11","Occ_MO_1.2",100,25,5039.196777,7293.486328,-151.312119,0.004852,-0.02629,27.7792,3.9,5.7,"{""type"":""M"",""msg"":""FADE0"",""time"":59.6231,""dist"":1.49435}",1.21368,5.11368,0,7.3,4,0.797477,4,3.9,0.016083,-0.007894,0.008189,0.00174969230769231,0.0056535047003992,-0.02629,0.797477,0.318290076923077,0.277251518441728
61.256393,"P11","Occ_MO_1.2",100,26,4999.813477,7271.906738,-151.61496,-0.008586,0.301446,27.7777,4.5,15.9,"{""type"":""M"",""msg"":""FADE0"",""time"":61.1902,""dist"":1.5379}",1.114021,5.614021,0,3.3,5.1,-0.071185,3.3,4.5,0.016938,-0.008586,0.008352,-0.00204466666666667,0.00621265379298695,-0.071185,0.301446,0.0823549166666667,0.129369343880547
63.477039,"P11","Occ_MO_1.2",100,27,4944.704102,7244.181152,-155.181946,-0.012939,0.592906,27.7777,7.7,5.2,"{""type"":""M"",""msg"":""FADE0"",""time"":63.4293,""dist"":1.60011}",1.717346,6.917346,0,9.6,7.4,0.510737,7.4,5.2,0.002523,-0.015462,-0.012939,-0.0137235555555556,0.00106820934400256,0.510737,0.671437,0.626910111111111,0.0467211207672893
66.110817,"P11","Occ_MO_1.2",100,28,4877.942871,7214.206543,-155.672699,-0.002848,0.87934,27.7779,0.6,3.3,"{""type"":""M"",""msg"":""FADE0"",""time"":66.0592,""dist"":1.67319}",2.13012699999999,2.73012699999999,0,12.6,7,0.453912,7,0.6,0.014944,-0.008586,0.006358,0.00128818181818182,0.00420922770471376,0.266764,0.87934,0.439268818181818,0.181091476507537
67.422363,"P11","Occ_MO_1.2",100,29,4844.371094,7200.068359,-159.988571,-0.027515,1.334526,27.7709,-1.00785,3,"{""type"":""M"",""msg"":""FADE0"",""time"":67.4116,""dist"":1.71076}",0.807434000000001,-0.200415999999999,0,-0.200416,4.9,1.290928,-0.200416,-1.00785,0.011788,-0.039303,-0.027515,-0.0346063333333333,0.00439286387223642,1.290928,1.454737,1.39447966666667,0.0568454528326584
68.937355,"P11","Occ_MO_1.2",100,30,4804.532715,7186.467773,-160.850372,0.010874,0.050596,27.7815,3.3,4.8,"{""type"":""M"",""msg"":""FADE0"",""time"":68.8781,""dist"":1.75151}",1.010925,4.310925,0,5,3,0.886407,3,3.3,0.022145,-0.011271,0.010874,0.00516763636363636,0.008188145006932,0.050596,0.886407,0.40722,0.285667528687809
70.048576,"P11","Occ_MO_1.2",100,31,4775.445801,7176.103516,-160.425735,-0.007243,0.243178,27.7789,4.1,9.3,"{""type"":""M"",""msg"":""FADE0"",""time"":70.0275,""dist"":1.78345}",0.607558999999995,4.70755899999999,0,2.5,4,0.015649,2.5,4.1,0.015961,-0.007243,0.008718,-0.00196185714285714,0.0069084615129702,0.015649,0.243178,0.119772857142857,0.0834055745707455
71.674469,"P11","Occ_MO_1.2",100,32,4732.638184,7161.678711,-162.919037,-0.016642,0.762786,27.7768,7,5.1,"{""type"":""M"",""msg"":""FADE0"",""time"":71.6117,""dist"":1.82747}",1.11863700000001,6.21863700000001,0,4,41,0.468155,4,5.1,0.007405,-0.016642,-0.009237,-0.014889,0.00252676627692033,0.468155,0.762786,0.654522416666667,0.10147973172328
73.48912,"P11","Occ_MO_1.2",100,33,4684.137207,7147.902344,-164.939041,-0.005534,0.445027,27.7788,7.1,11.4,"{""type"":""M"",""msg"":""FADE0"",""time"":73.439,""dist"":1.87824}",1.310478,8.410478,0,10.2,6.8,0.706097,6.8,7.1,0.006185,-0.010742,-0.004557,-0.0064725,0.00218376107280007,0.445027,0.706097,0.559667071428571,0.087514591204038
75.504845,"P11","Occ_MO_1.2",100,34,4629.895996,7133.946777,-166.445343,-0.010579,0.639175,27.7776,18.6,14,"{""type"":""M"",""msg"":""FADE0"",""time"":75.4868,""dist"":1.93514}",1.51157400000001,15.511574,0,4.9,8.4,0.419604,4.9,14,0.008382,-0.010579,-0.002197,-0.006230625,0.00242706299533682,0.419604,0.639175,0.5052138125,0.0752528275661176
77.723328,"P11","Occ_MO_1.2",100,35,4569.575684,7121.300781,-169.808243,-0.008911,0.39697,27.7782,1e+06,8.3,"{""type"":""M"",""msg"":""FADE0"",""time"":77.6308,""dist"":1.99472}",1.71451599999999,10.014516,0,7.4,5.4,0.707419,5.4,8.3,0.007568,-0.016479,-0.008911,-0.0120373888888889,0.00218091770049671,0.39697,0.710383,0.596975666666667,0.105316446761513
79.848846,"P11","Occ_MO_1.2",100,36,4511.385742,7111.202148,-170.083511,-0.000692,0.544035,27.7778,1.4,3.7,"{""type"":""M"",""msg"":""FADE0"",""time"":79.778,""dist"":2.05438}",1.61897999999999,3.01897999999999,0,5.1,7.5,0.247114,5.1,1.4,0.004853,-0.000692,0.004161,0.00124276470588235,0.00190939144524544,0.170071,0.544035,0.269885352941176,0.115871238298672
81.2659,"P11","Occ_MO_1.2",100,37,4472.505859,7105.017578,-172.49736,-0.014282,1.370963,27.7764,-0.607598,9.5,"{""type"":""M"",""msg"":""FADE0"",""time"":81.2137,""dist"":2.09427}",0.910263,0.302665000000005,0.302665000000005,0.7,9.3,0.924485,0.7,-0.607598,0.00631,-0.020592,-0.014282,-0.0180021,0.0025010580627673,0.924485,1.370963,1.1848949,0.151191219963661
83.890053,"P11","Occ_MO_1.2",100,38,4399.87793,7099.009277,-178.458511,-0.016642,0.270398,27.779,3.5,1.9,"{""type"":""M"",""msg"":""FADE0"",""time"":83.7911,""dist"":2.16588}",1.715576,3.615576,0,-1.516175,4.9,1.472465,-1.516175,1.9,0.004787,-0.021429,-0.016642,-0.0194818888888889,0.00209923907471504,0.270398,1.472465,1.0206615,0.391892557472108
85.001472,"P11","Occ_MO_1.2",100,39,4369.003418,7098.325684,-177.786758,0.020539,-0.836243,27.7774,3.1,4,"{""type"":""M"",""msg"":""FADE0"",""time"":84.9501,""dist"":2.19809}",0.609077000000013,3.70907700000001,0,5,6.1,-0.359353,5,3.1,0.00645,0.014089,0.020539,0.0180042857142857,0.00279975866306876,-0.836243,-0.359353,-0.637583857142857,0.175737883854932
86.514526,"P11","Occ_MO_1.2",100,40,4327.020996,7096.109375,-177.480515,-0.014282,0.068596,27.7782,15.8,13.5,"{""type"":""M"",""msg"":""FADE0"",""time"":86.4809,""dist"":2.24062}",1.008155,14.508155,0,2.5,3.6,-0.753923,2.5,13.5,0.027028,-0.014282,0.012746,-0.00623854545454545,0.00960072117461638,-0.753923,0.068596,-0.354422090909091,0.279421589100933
88.337669,"P11","Occ_MO_1.2",100,41,4276.379395,7095.523926,178.445419,-0.017456,0.785825,27.7776,6.9,5,"{""type"":""M"",""msg"":""FADE0"",""time"":88.2832,""dist"":2.2907}",1.31752,6.31752,0,8.6,6.8,0.436974,6.8,5,0.002035,-0.019491,-0.017456,-0.0188515,0.000702419198747608,0.436974,0.791037,0.683935071428571,0.118992027860606
91.177544,"P11","Occ_MO_1.2",100,42,4197.601074,7099.973633,175.645996,-0.009562,0.46262,27.7778,29.8,24.9,"{""type"":""M"",""msg"":""FADE0"",""time"":91.1663,""dist"":2.37081}",2.333603,27.233603,0,7.9,5.4,0.696823,5.4,24.9,0.010091,-0.013794,-0.003703,-0.00650375,0.00257202994184343,0.394525,0.696823,0.484444666666667,0.0946372453661493
94.115532,"P11","Occ_MO_1.2",100,43,4116.452148,7108.74707,172.2155,-0.010417,0.671102,27.7778,17.1,13.1,"{""type"":""M"",""msg"":""FADE0"",""time"":94.0644,""dist"":2.45134}",2.43098500000001,15.530985,0,8.9,6.5,0.545103,6.5,13.1,0.008098,-0.015137,-0.007039,-0.00936672,0.00258332212664236,0.545103,0.671102,0.59593848,0.0319242284298827
96.633194,"P11","Occ_MO_1.2",100,44,4047.497559,7120.445801,168.243378,-0.014771,0.278495,27.7778,5.4,3.2,"{""type"":""M"",""msg"":""FADE0"",""time"":96.6302,""dist"":2.52263}",2.014092,5.214092,0,10.3,7.6,0.713354,7.6,3.2,0.00232,-0.014771,-0.012451,-0.013437380952381,0.000780072463056508,0.278495,0.717868,0.582820619047619,0.14291609702321
98.750748,"P11","Occ_MO_1.2",100,45,3989.983643,7132.853516,168.564087,-0.001831,-0.05435,27.7779,2.4,4.6,"{""type"":""M"",""msg"":""FADE0"",""time"":98.6643,""dist"":2.57915}",1.613274,4.013274,0,15.3,18,-0.014622,15.3,2.4,0.015757,-0.00472,0.011037,0.005912,0.00525018059213205,-0.352986,-0.014622,-0.228580294117647,0.111974791056271
100.671288,"P11","Occ_MO_1.2",100,46,3937.952637,7144.649902,164.828857,-0.021987,0.955482,27.7759,5.4,4,"{""type"":""M"",""msg"":""FADE0"",""time"":100.59,""dist"":2.63265}",1.417275,5.417275,0,2.6,16.6,0.343057,2.6,4,0.009902,-0.021987,-0.012085,-0.0190497333333333,0.00304730265894907,0.343057,0.959361,0.750664333333333,0.208844834197431
102.49308,"P11","Occ_MO_1.2",100,47,3889.403809,7158.977539,163.822556,0.010223,0.430711,27.779,1.7,3.4,"{""type"":""M"",""msg"":""FADE0"",""time"":102.458,""dist"":2.68455}",1.31710000000001,3.01710000000001,0,5,3.4,0.805332,3.4,1.7,0.028534,-0.018311,0.010223,0.00246528571428571,0.00932695327802973,0.394079,0.805332,0.529357285714286,0.14303461148452
103.603523,"P11","Occ_MO_1.2",100,48,3859.76001,7167.536621,162.991562,-0.02115,1.083858,27.7764,0.3,5.7,"{""type"":""M"",""msg"":""FADE0"",""time"":103.579,""dist"":2.71571}",0.60563599999999,0.90563599999999,0,1.2,5.3,0.696621,1.2,0.3,0.013093,-0.02115,-0.008057,-0.0163211428571429,0.00479553390939846,0.696621,1.083858,0.901217,0.141231846027492
105.322548,"P11","Occ_MO_1.2",100,49,3814.73584,7183.431641,158.637222,-0.007039,0.431156,27.7808,8.2,3.8,"{""type"":""M"",""msg"":""FADE0"",""time"":105.289,""dist"":2.76323}",1.212914,5.012914,0,-0.404731,3.1,1.194752,-0.404731,3.8,0.027939,-0.034978,-0.007039,-0.0177321538461538,0.00987033629827402,0.431156,1.194752,0.874595923076923,0.260891347657878
106.632721,"P11","Occ_MO_1.2",100,50,3780.824219,7196.678223,158.98056,-0.006226,-0.236282,27.779,11.2,15.5,"{""type"":""M"",""msg"":""FADE0"",""time"":106.607,""dist"":2.79986}",0.805351000000002,12.005351,0,4.7,6.2,0.030914,4.7,11.2,0.017263,-0.006226,0.011037,0.00531,0.00642757423138776,-0.236282,0.030914,-0.144188,0.0941411192572087
108.25161,"P11","Occ_MO_1.2",100,51,3738.935791,7213.072266,159.154785,0.011037,0.048682,27.777,1.6,3,"{""type"":""M"",""msg"":""FADE0"",""time"":108.211,""dist"":2.84442}",1.11415099999999,2.71415099999999,0,7,9.9,-0.254502,7,1.6,0.015269,-0.003703,0.011566,0.0054685,0.00624097743655882,-0.256861,0.048682,-0.174885,0.102708433996435
108.857399,"P11","Occ_MO_1.2",100,52,3723.191406,7219.023926,159.15976,-0.019653,0.676607,27.7772,1.1,8.4,"{""type"":""M"",""msg"":""FADE0"",""time"":108.854,""dist"":2.86228}",0.101851999999994,1.20185199999999,0,1.2,11.7,0.562809,1.2,1.1,0.00354,-0.019653,-0.016113,-0.017883,0.00250315800540038,0.562809,0.676607,0.619708,0.0804673374854667
110.068748,"P11","Occ_MO_1.2",100,53,3692.218506,7232.148438,154.21286,-0.015137,1.038263,27.773,5.4,3.7,"{""type"":""M"",""msg"":""FADE0"",""time"":110.04,""dist"":2.89522}",0.707938999999996,4.407939,0,0,3.4,1.129928,0,3.7,0.032258,-0.047395,-0.015137,-0.03560875,0.0131613338853954,1.038263,1.211507,1.15198425,0.0596635622655426
111.287712,"P11","Occ_MO_1.2",100,54,3661.875977,7247.206055,153.578384,-0.000488,0.175597,27.7826,6.3,8.6,"{""type"":""M"",""msg"":""FADE0"",""time"":111.209,""dist"":2.92772}",0.710457000000005,7.010457,0,28.2,4.8,0.646133,4.8,6.3,0.012584,-0.006226,0.006358,0.001127875,0.00442245805721854,0.175597,0.646133,0.388742125,0.166211673197967
112.299423,"P11","Occ_MO_1.2",100,55,3636.695068,7259.708984,154.120087,0.009694,0.024455,27.7786,2.2,3.7,"{""type"":""M"",""msg"":""FADE0"",""time"":112.237,""dist"":2.95629}",0.504867000000004,2.704867,0,3.3,4.8,0.005754,3.3,2.2,0.001547,0.009694,0.011241,0.0104608333333333,0.000628328072480187,-0.01754,0.024455,-0.00212916666666667,0.0156472260214604
113.815331,"P11","Occ_MO_1.2",100,56,3598.960205,7278.414062,151.745041,-0.026608,0.685204,27.7746,4.5,3.3,"{""type"":""M"",""msg"":""FADE0"",""time"":113.771,""dist"":2.99892}",1.010796,4.310796,0,13.5,11.2,0.288574,11.2,3.3,0.013018,-0.026608,-0.01359,-0.0203400909090909,0.00482714425834873,0.288574,0.685204,0.540470363636364,0.139974885532565
115.130089,"P11","Occ_MO_1.2",100,57,3567.114014,7296.310059,150.403152,-0.000692,0.297812,27.7802,4.2,6.7,"{""type"":""M"",""msg"":""FADE0"",""time"":115.117,""dist"":3.03631}",0.810219000000004,5.010219,0,19.1,7.2,0.544284,7.2,4.2,0.011566,-0.007894,0.003672,-0.000603666666666667,0.00384879760444739,0.297812,0.544284,0.397767333333333,0.0872833662503916
117.857689,"P11","Occ_MO_1.2",100,58,3501.995605,7335.062988,147.133942,-0.011759,0.332212,27.7775,8,4.9,"{""type"":""M"",""msg"":""FADE0"",""time"":117.756,""dist"":3.10963}",2.221047,7.121047,0,3.3,5.9,0.308701,3.3,4.9,0.01294,-0.013957,-0.001017,-0.0116373913043478,0.00344336913157515,0.308701,0.473801,0.413331913043478,0.0536810504714594
120.486191,"P11","Occ_MO_1.2",100,59,3440.968262,7375.186035,146.296112,-0.010742,0.699514,27.7775,1.6,34.2,"{""type"":""M"",""msg"":""FADE0"",""time"":120.432,""dist"":3.18399}",2.224648,3.824648,0,22.6,26,0.200208,22.6,1.6,0.017914,-0.010742,0.007172,-0.00111852173913043,0.00548080014786797,0.033979,0.699514,0.235505130434783,0.206838359414765
122.204094,"P11","Occ_MO_1.2",100,60,3402.25,7403.072266,142.168854,-0.009237,0.782407,27.7793,13.9,7.3,"{""type"":""M"",""msg"":""FADE0"",""time"":122.191,""dist"":3.23285}",1.213211,8.513211,0,5.8,4.6,0.992376,4.6,7.3,0.020859,-0.030096,-0.009237,-0.0199693076923077,0.00908001117275942,0.782407,1.074094,0.975891692307692,0.0973056968873394
124.521744,"P11","Occ_MO_1.2",100,61,3351.706787,7442.98291,141.612289,0.001017,0.633803,27.778,1.3,3.6,"{""type"":""M"",""msg"":""FADE0"",""time"":124.465,""dist"":3.29605}",1.81426999999999,3.11426999999999,0,10.2,13.4,0.556391,10.2,1.3,0.011363,-0.005534,0.005829,1.93157894736843e-05,0.00289569347005421,0.367653,0.633803,0.454043789473684,0.0809449172830093
125.938454,"P11","Occ_MO_1.2",100,62,3321.369141,7468.041992,137.347458,-0.037838,1.049293,27.768,3.2,2.3,"{""type"":""M"",""msg"":""FADE0"",""time"":125.859,""dist"":3.33479}",0.910140999999996,0.302772000000004,0.302772000000004,0.5,8.9,0.964101,0.5,2.3,0.025922,-0.043907,-0.017985,-0.0357204,0.00868621773206779,0.964101,1.192962,1.1118903,0.0761524643769181
127.657715,"P11","Occ_MO_1.2",100,63,3286.858398,7501.072266,137.333649,0.007375,-0.3062,27.7811,2.8,4.3,"{""type"":""M"",""msg"":""FADE0"",""time"":127.565,""dist"":3.38219}",1.213837,4.013837,0,11.8,3.2,0.488836,3.2,2.8,0.018443,-0.00118,0.017263,0.0119723076923077,0.00547447141108338,-0.31848,0.488836,-0.0581738461538461,0.277703671042788
129.172134,"P11","Occ_MO_1.2",100,64,3256.095215,7529.785156,135.824448,-0.015299,0.420218,27.7778,10.7,8.3,"{""type"":""M"",""msg"":""FADE0"",""time"":129.162,""dist"":3.42657}",1.00952100000001,9.30952100000001,0,3.5,6.6,-0.102838,3.5,8.3,0.008422,-0.015299,-0.006877,-0.0128693636363636,0.00305886921174238,-0.102838,0.420218,0.172762090909091,0.17534581581518
131.297913,"P11","Occ_MO_1.2",100,65,3215.234375,7572.421875,132.177704,-0.011271,0.404714,27.7791,11.7,7.7,"{""type"":""M"",""msg"":""FADE0"",""time"":131.271,""dist"":3.48517}",1.620881,9.320881,0,5.8,4.3,0.571132,4.3,7.7,0.013721,-0.022632,-0.008911,-0.0126331764705882,0.00491436879511619,0.404714,0.587835,0.5114,0.0643798629930198
133.818756,"P11","Occ_MO_1.2",100,66,3168.65918,7624.736816,132.345261,0.001343,1.264428,27.7776,-0.100281,1.6,"{""type"":""M"",""msg"":""FADE0"",""time"":133.803,""dist"":3.55552}",2.017258,1.916977,1.916977,9.5,13.9,0.324547,9.5,-0.100281,0.015757,-0.006551,0.009206,0.00380885714285714,0.00477284420744816,0.268899,1.264428,0.528650904761905,0.313134644718674
134.628494,"P11","Occ_MO_1.2",100,67,3153.547852,7641.405273,130.820404,-0.059462,-1.284702,27.7698,-0.910019,3.6,"{""type"":""M"",""msg"":""FADE0"",""time"":134.582,""dist"":3.57717}",0.303268000000003,-0.606750999999997,0,-0.606751,0.9,-1.715839,-0.606751,-0.910019,0.034249,-0.059462,-0.025213,-0.04169225,0.0148529224144611,-1.715839,-1.284702,-1.49269125,0.185960297953398
135.537903,"P11","Occ_MO_1.2",100,68,3138.072998,7661.334473,123.978737,-0.042163,-1.53628,27.7587,-1.819428,2.2,"{""type"":""M"",""msg"":""FADE0"",""time"":135.451,""dist"":3.6013}",0.404967999999997,-1.41446,0,-1.41446,-0.302216,-1.093601,-1.41446,-1.819428,0.033412,-0.075575,-0.042163,-0.0626848,0.0146543074281933,-1.53628,-1.093601,-1.284467,0.178350553590394
137.358963,"P11","Occ_MO_1.2",100,69,3110.01709,7703.458496,124.824623,0.000163,-0.358529,27.7862,6.4,8.3,"{""type"":""M"",""msg"":""FADE0"",""time"":137.302,""dist"":3.65274}",1.01046799999997,7.41046799999997,0,5.7,7,0.665986,5.7,6.4,0.021492,0.000163,0.021655,0.0133692727272727,0.00719184108682762,-0.358529,0.665986,0.0417970909090909,0.344376562810379
141.594696,"P11","Occ_MO_1.2",100,70,3044.537109,7801.233398,121.3806,-0.009928,0.509455,27.7784,17.5,13.1,"{""type"":""M"",""msg"":""FADE0"",""time"":141.534,""dist"":3.77033}",2.92330899999999,16.023309,0,5.2,8,-0.413442,5.2,13.1,0.01058,-0.015137,-0.004557,-0.0096694,0.00374018088812053,-0.413442,0.509455,0.1366344,0.31218911504723
144.1185,"P11","Occ_MO_1.2",100,71,3009.740234,7862.109375,118.280518,-0.011759,0.344103,27.7778,8.9,5.8,"{""type"":""M"",""msg"":""FADE0"",""time"":144.096,""dist"":3.84151}",2.02130200000002,7.82130200000002,0,7.4,5.2,0.529028,5.2,5.8,0.008708,-0.014771,-0.006063,-0.00914361904761905,0.00252894882265716,0.344103,0.529028,0.431813761904762,0.0569682180175094
147.04277,"P11","Occ_MO_1.2",100,72,2972.356934,7934.249512,116.245743,-0.01359,0.742602,27.7769,10.7,8.4,"{""type"":""M"",""msg"":""FADE0"",""time"":146.962,""dist"":3.92114}",2.419265,10.819265,0,8.8,12.4,0.255234,8.8,8.4,0.016124,-0.013794,0.00233,-0.00455932,0.00570707974595298,0.169394,0.742602,0.35191652,0.192522088417174
149.571823,"P11","Occ_MO_1.2",100,73,2943.21582,7998.183594,112.945549,-0.009399,0.853653,27.778,16.4,11.6,"{""type"":""M"",""msg"":""FADE0"",""time"":149.524,""dist"":3.99233}",2.02282700000001,13.622827,0,8.4,6.5,0.866142,6.5,11.6,0.007405,-0.015299,-0.007894,-0.0100212380952381,0.00235823431627907,0.853653,0.897284,0.880770857142857,0.0126938251535371
152.305725,"P11","Occ_MO_1.2",100,74,2915.321045,8068.833008,110.253769,-0.006877,0.545601,27.7779,10.5,16.9,"{""type"":""M"",""msg"":""FADE0"",""time"":152.28,""dist"":4.06892}",2.228668,12.728668,0,13.9,9.7,0.812512,9.7,10.5,0.003377,-0.010254,-0.006877,-0.00759326086956522,0.00113789863014687,0.545601,0.812512,0.666921608695652,0.0859960131833495
155.23143,"P11","Occ_MO_1.2",100,75,2889.101807,8145.769531,106.900421,-0.012085,0.338696,27.7773,7.7,4.8,"{""type"":""M"",""msg"":""FADE0"",""time"":155.135,""dist"":4.14823}",2.42120399999999,7.22120399999999,0,11.9,18.9,0.520379,11.9,4.8,0.004842,-0.012085,-0.007243,-0.00979816,0.00187194806462857,0.338696,0.520379,0.47508612,0.0517914715279134
157.676346,"P11","Occ_MO_1.2",100,76,2869.997803,8210.960938,105.305511,-0.014282,0.453336,27.7769,9,6.5,"{""type"":""M"",""msg"":""FADE0"",""time"":157.64,""dist"":4.21785}",1.93888899999999,8.43888899999999,0,5.9,8.4,0.18701,5.9,6.5,0.01828,-0.014282,0.003998,-0.00429735,0.00734346953188951,0.106435,0.453336,0.23567035,0.120439708856766
159.086884,"P11","Occ_MO_1.2",100,77,2860.359863,8248.947266,103.112282,-0.011434,0.40139,27.778,9.3,5.9,"{""type"":""M"",""msg"":""FADE0"",""time"":159,""dist"":4.25565}",0.905259000000001,6.805259,0,8.8,6.2,0.496234,6.2,5.9,0.001831,-0.013265,-0.011434,-0.0119995,0.0006325502615076,0.40139,0.496234,0.4615465,0.0332697224122608
12.298602,"P12","Occ_MO_1.2",100,1,5769.116211,8330.828125,-100.404961,-0.011434,0.513262,26.7989,11.1,7.9,"{""type"":""M"",""msg"":""FADE0"",""time"":12.288,""dist"":0.183052}",0.200973000000001,8.100973,0,12.4,9,0.506899,9,7.9,0.000529,-0.011434,-0.010905,-0.0112576666666667,0.000305418292401312,0.506899,0.513262,0.510310666666667,0.0032063799421362
14.118351,"P12","Occ_MO_1.2",100,2,5759.263672,8281.980469,-102.455772,-0.007568,0.455083,27.631,16.3,26,"{""type"":""M"",""msg"":""FADE0"",""time"":14.0743,""dist"":0.231951}",1.317971,17.617971,0,30.9,21.9,0.504303,21.9,16.3,0.003336,-0.010579,-0.007243,-0.00875421428571429,0.00136965173442973,0.455083,0.504303,0.484527857142857,0.0150182152676067
16.0443,"P12","Occ_MO_1.2",100,3,5746.972168,8230.060547,-104.225052,-0.008911,0.436727,27.7569,24.8,18,"{""type"":""M"",""msg"":""FADE0"",""time"":15.9658,""dist"":0.284349}",1.421504,19.421504,0,13,8.8,0.427014,8.8,18,0.006063,-0.010091,-0.004028,-0.006939,0.00203117123143978,0.394651,0.436727,0.411638333333333,0.0138556807672452
18.166859,"P12","Occ_MO_1.2",100,4,5731.318848,8173.216309,-106.649696,-0.009928,0.395542,27.7778,13,8.7,"{""type"":""M"",""msg"":""FADE0"",""time"":18.1303,""dist"":0.344478}",1.615994,10.315994,0,14.9,10.7,0.460872,10.7,8.7,0.003865,-0.011271,-0.007406,-0.00956211764705882,0.00139883459897663,0.395542,0.467445,0.440764529411765,0.0252956381470147
20.388508,"P12","Occ_MO_1.2",100,5,5712.57959,8114.401367,-108.673431,-0.006714,0.293897,27.7776,9.1,15.1,"{""type"":""M"",""msg"":""FADE0"",""time"":20.3325,""dist"":0.405666}",1.716509,10.816509,0,13.6,8.5,0.346558,8.5,9.1,0.005208,-0.009399,-0.004191,-0.0064945,0.00161787381351902,0.279442,0.346558,0.295618111111111,0.0194417207507883
22.206846,"P12","Occ_MO_1.2",100,6,5695.798828,8066.74707,-109.959564,-0.006388,0.470049,27.778,3.8,9,"{""type"":""M"",""msg"":""FADE0"",""time"":22.2051,""dist"":0.457698}",1.311449,5.111449,0,18.3,12.5,0.309626,12.5,3.8,0.007569,-0.009237,-0.001668,-0.00483621428571429,0.00238317403666014,0.309626,0.470049,0.358447642857143,0.0529854234477706
23.922873,"P12","Occ_MO_1.2",100,7,5678.790527,8022.206055,-112.036011,-0.011434,0.838462,27.7779,12.4,9.4,"{""type"":""M"",""msg"":""FADE0"",""time"":23.8355,""dist"":0.503001}",1.211493,10.611493,0,16.9,13.6,0.621761,13.6,9.4,0.005534,-0.013957,-0.008423,-0.0112085384615385,0.00200630699775253,0.621761,0.838462,0.751537615384615,0.0690979452125007
25.643003,"P12","Occ_MO_1.2",100,8,5659.891602,7978.311035,-114.491173,-0.007894,0.632716,27.7783,37.3,15.6,"{""type"":""M"",""msg"":""FADE0"",""time"":25.6056,""dist"":0.552185}",1.214296,16.814296,0,8.2,6,0.860636,6,15.6,0.006714,-0.014445,-0.007731,-0.011243,0.00282817258431424,0.632716,0.860636,0.769569076923077,0.0785310273421293
27.973135,"P12","Occ_MO_1.2",100,9,5632.258301,7919.760254,-115.704262,-0.005046,0.444661,27.7778,3.3,7.3,"{""type"":""M"",""msg"":""FADE0"",""time"":27.9146,""dist"":0.616345}",1.820959,5.120959,0,24.8,29.2,0.492176,24.8,3.3,0.007406,-0.007243,0.000163,-0.00271768421052632,0.00221708560082905,0.334827,0.492176,0.383988,0.0475796701357021
29.893169,"P12","Occ_MO_1.2",100,10,5608.134766,7872.183594,-118.55558,-0.014282,0.722919,27.7769,7.4,5.2,"{""type"":""M"",""msg"":""FADE0"",""time"":29.876,""dist"":0.670841}",1.415289,6.615289,0,13.6,10.6,0.592286,10.6,5.2,0.003215,-0.014974,-0.011759,-0.0136229333333333,0.00130930262062708,0.592286,0.756037,0.707554733333333,0.0526079651539393
31.711437,"P12","Occ_MO_1.2",100,11,5583.291016,7828.192871,-120.084633,-0.005697,0.40994,27.7782,6.4,10.8,"{""type"":""M"",""msg"":""FADE0"",""time"":31.6358,""dist"":0.719739}",1.310514,7.710514,0,33,13.4,0.604764,13.4,6.4,0.006877,-0.008057,-0.00118,-0.00457485714285714,0.00208148932838384,0.40994,0.604764,0.472513928571429,0.0663170269752849
34.140694,"P12","Occ_MO_1.2",100,12,5548.442871,7770.390137,-122.225876,-0.009562,0.641892,27.7778,50.5,42.4,"{""type"":""M"",""msg"":""FADE0"",""time"":34.112,""dist"":0.788544}",1.920273,44.320273,0,6.4,11.8,0.430424,6.4,42.4,0.004028,-0.009562,-0.005534,-0.0076172,0.00142452269383929,0.430424,0.641892,0.5201606,0.0623937122518641
36.469147,"P12","Occ_MO_1.2",100,13,5512.475586,7716.623047,-125.349365,-0.010742,0.607547,27.7783,12.4,8.1,"{""type"":""M"",""msg"":""FADE0"",""time"":36.3741,""dist"":0.851398}",1.823742,9.923742,0,11.4,8.5,0.722148,8.5,8.1,0.006389,-0.013957,-0.007568,-0.0112304210526316,0.00225932279223934,0.607547,0.753136,0.702493368421053,0.0485405935540445
38.99979,"P12","Occ_MO_1.2",100,14,5470.769531,7660.013672,-127.319275,-0.007406,0.610701,27.7776,3.6,9,"{""type"":""M"",""msg"":""FADE0"",""time"":38.9804,""dist"":0.923819}",2.02740499999999,5.62740499999999,0,7.9,11.9,0.524815,7.9,3.6,0.003215,-0.007406,-0.004191,-0.00545838095238095,0.00107866187826355,0.460423,0.610701,0.502658761904762,0.0434985915368587
41.122799,"P12","Occ_MO_1.2",100,15,5433.833008,7614.031738,-130.455688,-0.014282,0.77485,27.7781,8.6,6.1,"{""type"":""M"",""msg"":""FADE0"",""time"":41.0671,""dist"":0.981797}",1.614903,7.714903,0,10.4,8,0.739735,8,6.1,0.005371,-0.015137,-0.009766,-0.0133679411764706,0.00196704100334069,0.739735,0.837125,0.806042588235294,0.0286028700090979
43.446995,"P12","Occ_MO_1.2",100,16,5390.866699,7565.82373,-132.838745,-0.005697,0.556132,27.7777,4.2,8,"{""type"":""M"",""msg"":""FADE0"",""time"":43.3783,""dist"":1.04602}",1.821446,6.021446,0,38.6,27,0.682443,27,4.2,0.006022,-0.009562,-0.00354,-0.00682531578947368,0.00219325754814947,0.537441,0.682443,0.57159347368421,0.0444139027199673
46.679806,"P12","Occ_MO_1.2",100,17,5327.356934,7502.339355,-137.399338,-0.012614,0.271798,27.7782,8.2,5,"{""type"":""M"",""msg"":""FADE0"",""time"":46.6776,""dist"":1.13769}",2.726975,7.726975,0,10.2,7.6,0.606192,7.6,5,0.00708,-0.015299,-0.008219,-0.0124205714285714,0.00254018079596522,0.271798,0.631616,0.519391678571429,0.112938183589619
48.698635,"P12","Occ_MO_1.2",100,18,5285.606445,7464.875488,-138.418121,0.000854,0.203885,27.7782,2.4,4.5,"{""type"":""M"",""msg"":""FADE0"",""time"":48.6056,""dist"":1.19126}",1.516399,3.916399,0,9.1,12.2,0.11691,9.1,2.4,0.013397,-0.007568,0.005829,-0.001162875,0.00421318047520714,0.020911,0.203885,0.0805416875,0.0550914687850654
50.412842,"P12","Occ_MO_1.2",100,19,5249.452637,7433.874512,-140.849319,-0.014608,0.847353,27.7772,9.7,7.4,"{""type"":""M"",""msg"":""FADE0"",""time"":50.3197,""dist"":1.23889}",1.210983,8.610983,0,16.1,13.3,0.444031,13.3,7.4,0.004192,-0.015951,-0.011759,-0.0140726153846154,0.00146718014904223,0.444031,0.847353,0.679839153846154,0.131864915466451
52.230595,"P12","Occ_MO_1.2",100,20,5209.463867,7403.030273,-143.702698,-0.007406,0.658106,27.7788,17.6,24.9,"{""type"":""M"",""msg"":""FADE0"",""time"":52.1566,""dist"":1.28993}",1.310002,18.910002,0,7.5,5.5,0.885826,5.5,17.6,0.008707,-0.016113,-0.007406,-0.0113671428571429,0.00279192635061399,0.658106,0.885826,0.790216928571429,0.0769121577450178
54.554081,"P12","Occ_MO_1.2",100,21,5156.822754,7365.657715,-145.635178,-0.009074,0.440506,27.7776,24.7,18.3,"{""type"":""M"",""msg"":""FADE0"",""time"":54.5252,""dist"":1.35575}",1.81972099999999,20.119721,0,8.2,12.6,0.549498,8.2,18.3,0.005533,-0.009399,-0.003866,-0.0064461052631579,0.00203901604524058,0.421074,0.549498,0.458984789473684,0.0395143261637528
56.777706,"P12","Occ_MO_1.2",100,22,5105.109863,7331.857422,-148.171692,-0.009766,0.463137,27.7779,14.8,10.1,"{""type"":""M"",""msg"":""FADE0"",""time"":56.7133,""dist"":1.41654}",1.717571,11.817571,0,17.1,48,0.468619,17.1,10.1,0.005208,-0.011759,-0.006551,-0.00958916666666667,0.00174221317159931,0.463137,0.490705,0.477968666666667,0.00899970425004262
59.097614,"P12","Occ_MO_1.2",100,23,5049.647461,7299.018555,-150.675507,-0.009766,0.284124,27.7778,12.9,8.2,"{""type"":""M"",""msg"":""FADE0"",""time"":59.0757,""dist"":1.48219}",1.817276,10.017276,0,38.1,48.8,0.442123,38.1,8.2,0.007731,-0.013265,-0.005534,-0.00896905263157895,0.00222789874779115,0.284124,0.442123,0.372228368421053,0.0547133069414364
61.92384,"P12","Occ_MO_1.2",100,24,4980.52832,7261.750977,-152.620102,-0.006226,0.545125,27.7775,3,7.9,"{""type"":""M"",""msg"":""FADE0"",""time"":61.9016,""dist"":1.5607}",2.324181,5.324181,0,6.6,10.1,0.226901,6.6,3,0.007894,-0.009237,-0.001343,-0.00489479166666667,0.00249798271618567,0.209297,0.545125,0.306610375,0.103884474348155
64.247505,"P12","Occ_MO_1.2",100,25,4922.452637,7233.56543,-155.797668,-0.011922,0.878233,27.7782,9.9,7.2,"{""type"":""M"",""msg"":""FADE0"",""time"":64.1639,""dist"":1.62356}",1.81928600000001,9.019286,0,12.6,10.1,0.726782,10.1,7.2,0.008749,-0.016317,-0.007568,-0.0123311052631579,0.0028067459587916,0.726782,0.90459,0.86529252631579,0.0522938828283305
67.687744,"P12","Occ_MO_1.2",100,26,4834.135254,7197.026367,-159.093719,-0.006877,0.497069,27.7779,9.8,16.2,"{""type"":""M"",""msg"":""FADE0"",""time"":67.6719,""dist"":1.72104}",2.93687399999999,12.736874,0,13.6,9.3,0.817311,9.3,9.8,0.006551,-0.010579,-0.004028,-0.0071953,0.00191793276193675,0.497069,0.817311,0.626151766666667,0.100620563691689
71.428856,"P12","Occ_MO_1.2",100,27,4735.811035,7163.369141,-163.160446,-0.009237,0.079418,27.778,13.5,7.3,"{""type"":""M"",""msg"":""FADE0"",""time"":71.3735,""dist"":1.82389}",3.23523,10.53523,0,19.4,26.8,0.484279,19.4,7.3,0.006714,-0.011922,-0.005208,-0.00884451515151515,0.00225283131749267,0.079418,0.484279,0.349792636363636,0.132480239555947
74.86071,"P12","Occ_MO_1.2",100,28,4644.257324,7136.710449,-164.38942,-0.011597,1.325929,27.7775,-0.203316,3.8,"{""type"":""M"",""msg"":""FADE0"",""time"":74.7675,""dist"":1.9182}",2.928169,2.724853,2.724853,5.6,8.1,-0.014743,5.6,-0.203316,0.015758,-0.011597,0.004161,-0.00214436666666667,0.00396578185084678,-0.04309,1.325929,0.3786651,0.440272656119094
75.968544,"P12","Occ_MO_1.2",100,29,4614.43457,7129.130371,-168.45105,-0.041884,1.852912,27.7671,-1.31115,2.8,"{""type"":""M"",""msg"":""FADE0"",""time"":75.8737,""dist"":1.94893}",0.603370999999996,-0.707779000000004,0,-0.707779,4.3,1.760581,-0.707779,-1.31115,0.004604,-0.041884,-0.03728,-0.041027,0.00167113943164537,-1.863272,1.866523,0.247541428571429,1.96841764635793
76.977715,"P12","Occ_MO_1.2",100,30,4586.826172,7124.260254,-170.338654,0.011729,0.822442,27.7833,3.3,5.1,"{""type"":""M"",""msg"":""FADE0"",""time"":76.9187,""dist"":1.97796}",0.503792000000004,3.803792,0,-1.816529,3.9,1.398484,-1.816529,3.3,0.019623,-0.007894,0.011729,0.003369,0.00801176682136968,0.822442,1.398484,1.10065683333333,0.216903567337577
77.783112,"P12","Occ_MO_1.2",100,31,4564.788574,7120.34375,-169.495148,-0.010905,0.45109,27.7827,12.6,8.3,"{""type"":""M"",""msg"":""FADE0"",""time"":77.7639,""dist"":2.00145}",0.302018000000004,8.602018,0,2.4,4.2,0.507609,2.4,8.3,0.022308,-0.010905,0.011403,0.00108325,0.00965591060352846,0.45109,0.507609,0.4758005,0.0245554811871674
79.299194,"P12","Occ_MO_1.2",100,32,4523.28125,7113.13623,-170.537079,-0.000326,0.439988,27.7788,2.5,5,"{""type"":""M"",""msg"":""FADE0"",""time"":79.2562,""dist"":2.04292}",1.01010100000001,3.51010100000001,0,5.6,8.7,0.390248,5.6,2.5,0.007894,-0.006226,0.001668,-0.00233809090909091,0.0026092225069758,0.364818,0.439988,0.388563363636364,0.024235085633324
80.91613,"P12","Occ_MO_1.2",100,33,4478.857422,7106.453613,-172.829575,-0.011922,0.725958,27.7773,12.1,8.5,"{""type"":""M"",""msg"":""FADE0"",""time"":80.8651,""dist"":2.08762}",1.11168699999999,9.61168699999999,0,11,8.5,0.586048,8.5,8.5,0.003377,-0.014974,-0.011597,-0.01396025,0.00127683145645062,0.586048,0.727998,0.685515,0.0487713541445274
83.141502,"P12","Occ_MO_1.2",100,34,4417.341309,7100.236328,-175.208801,-0.004354,0.437791,27.7785,4.2,7.4,"{""type"":""M"",""msg"":""FADE0"",""time"":83.0918,""dist"":2.1495}",1.717308,5.917308,0,7.4,5.2,0.686675,5.2,4.2,0.012776,-0.015299,-0.002523,-0.00744394444444444,0.00353882789622284,0.437791,0.686675,0.535951833333333,0.0857618464156273
84.857704,"P12","Occ_MO_1.2",100,35,4369.770508,7096.958008,-177.187881,-0.011597,0.577824,27.7773,15.2,11.1,"{""type"":""M"",""msg"":""FADE0"",""time"":84.8244,""dist"":2.19764}",1.21249399999999,12.312494,0,23.6,18.2,0.47735,18.2,11.1,0.00472,-0.012451,-0.007731,-0.0103665384615385,0.00147900138693786,0.47735,0.577824,0.530527615384615,0.0326101235368672
86.980133,"P12","Occ_MO_1.2",100,36,4310.824219,7095.429688,179.9785,-0.006877,0.550252,27.7781,6.7,11.4,"{""type"":""M"",""msg"":""FADE0"",""time"":86.9378,""dist"":2.25636}",1.616379,8.31637899999999,0,16.1,12.2,0.607271,12.2,6.7,0.008097,-0.014974,-0.006877,-0.011288,0.0023670654828289,0.550252,0.623155,0.595800058823529,0.0238862872258085
89.202126,"P12","Occ_MO_1.2",100,37,4249.105957,7096.859375,177.45076,-0.006388,0.35821,27.7782,6.2,10.5,"{""type"":""M"",""msg"":""FADE0"",""time"":89.1568,""dist"":2.31802}",1.71766700000001,7.91766700000001,0,8.8,6.1,0.521506,6.1,6.2,0.009399,-0.014445,-0.005046,-0.00911911111111111,0.00292355693691754,0.35821,0.521506,0.427124277777778,0.0561862169960753
91.52623,"P12","Occ_MO_1.2",100,38,4184.671387,7101.069336,175.019287,-0.009562,0.478459,27.778,27.2,22,"{""type"":""M"",""msg"":""FADE0"",""time"":91.4695,""dist"":2.38228}",1.818466,23.818466,0,22.7,16.8,0.364388,16.8,22,0.006877,-0.012248,-0.005371,-0.00846152631578947,0.00228079889435505,0.364388,0.478459,0.411932736842105,0.0340899716271224
93.851036,"P12","Occ_MO_1.2",100,39,4120.469238,7108.136719,172.493484,-0.007894,0.727403,27.778,4.3,13.1,"{""type"":""M"",""msg"":""FADE0"",""time"":93.7915,""dist"":2.4468}",1.818535,6.118535,0,28.7,23.4,0.541427,23.4,4.3,0.008057,-0.012777,-0.00472,-0.0086071052631579,0.00274727509229573,0.541427,0.727403,0.639684578947368,0.0545949372289692
96.276718,"P12","Occ_MO_1.2",100,40,4053.925293,7118.779785,169.439377,-0.007243,0.758304,27.7784,8.5,16.6,"{""type"":""M"",""msg"":""FADE0"",""time"":96.2631,""dist"":2.51547}",1.92085300000001,10.420853,0,8.6,6.5,0.809361,6.5,8.5,0.010579,-0.015462,-0.004883,-0.0104207,0.00363340788415388,0.758304,0.841033,0.81749005,0.0275281454524274
98.902397,"P12","Occ_MO_1.2",100,41,3982.547363,7133.847168,167.022095,-0.005371,0.631779,27.7781,3.8,8.4,"{""type"":""M"",""msg"":""FADE0"",""time"":98.8834,""dist"":2.58828}",2.12213899999999,5.92213899999999,0,9.7,7,0.733441,7,3.8,0.013265,-0.014771,-0.001506,-0.00713004545454545,0.00363367326252483,0.616016,0.733441,0.651863318181818,0.0388908734616263
101.531799,"P12","Occ_MO_1.2",100,42,3911.87085,7152.306641,163.696182,-0.011922,0.498013,27.7782,8.7,5.8,"{""type"":""M"",""msg"":""FADE0"",""time"":101.484,""dist"":2.66055}",2.12531200000001,7.92531200000001,0,11.7,8.7,0.686268,8.7,5.8,0.010091,-0.015299,-0.005208,-0.0106588636363636,0.00330740213540497,0.498013,0.716432,0.649124,0.0735216699503331
104.060486,"P12","Occ_MO_1.2",100,43,3844.740479,7173.046387,162.232254,-0.005208,0.523299,27.7775,2.7,6.8,"{""type"":""M"",""msg"":""FADE0"",""time"":103.973,""dist"":2.7297}",2.023743,4.723743,0,7.3,10.5,0.382132,7.3,2.7,0.009369,-0.006877,0.002492,-0.00280709523809524,0.00323586509151358,0.294031,0.523299,0.351439952380952,0.0678811451593712
105.37043,"P12","Occ_MO_1.2",100,44,3810.227295,7184.59668,160.258545,-0.020592,0.886306,27.7764,5.9,4.4,"{""type"":""M"",""msg"":""FADE0"",""time"":105.364,""dist"":2.76834}",0.808730999999995,5.208731,0,7.9,6.1,0.716985,6.1,4.4,0.010664,-0.020592,-0.009928,-0.016064,0.0039215924380282,0.716985,0.886306,0.819006333333333,0.0597180170928339
107.689583,"P12","Occ_MO_1.2",100,45,3750.128418,7207.839355,158.059525,-0.005534,0.617565,27.7783,4.5,9.6,"{""type"":""M"",""msg"":""FADE0"",""time"":107.667,""dist"":2.83235}",1.816841,6.316841,0,13.1,8.7,0.82695,8.7,4.5,0.010254,-0.009928,0.000326,-0.00515684210526316,0.00308304878440442,0.599433,0.82695,0.677737,0.0763183784768344
110.412476,"P12","Occ_MO_1.2",100,46,3680.734619,7237.953613,154.773331,-0.012614,0.545263,27.7773,8,5.3,"{""type"":""M"",""msg"":""FADE0"",""time"":110.402,""dist"":2.90833}",2.217843,7.517843,0,11.8,9,0.679737,9,5.3,0.011434,-0.016317,-0.004883,-0.0108094782608696,0.00322437195956001,0.545263,0.716804,0.661086130434783,0.0550298664770524
113.041031,"P12","Occ_MO_1.2",100,47,3615.20166,7270.19043,152.690262,-0.006714,0.414333,27.778,7.3,12.9,"{""type"":""M"",""msg"":""FADE0"",""time"":113.026,""dist"":2.98126}",2.122276,9.422276,0,4.3,7,0.446407,4.3,7.3,0.010091,-0.010091,0,-0.006235,0.00298789220179106,0.382334,0.446407,0.403432181818182,0.0167779371103737
115.567871,"P12","Occ_MO_1.2",100,48,3553.583252,7303.824707,149.793152,-0.011271,0.466043,27.7784,10.5,7,"{""type"":""M"",""msg"":""FADE0"",""time"":115.486,""dist"":3.04961}",2.020836,9.020836,0,5.4,9.8,0.446122,5.4,7,0.013265,-0.014608,-0.001343,-0.00981033333333333,0.00454121255099707,0.446122,0.569161,0.516557952380952,0.0408495038360029
118.498169,"P12","Occ_MO_1.2",100,49,3484.046631,7346.172852,147.504074,-0.003703,0.663448,27.7776,2.3,5.8,"{""type"":""M"",""msg"":""FADE0"",""time"":118.441,""dist"":3.13172}",2.42465200000001,4.72465200000001,0,6,9.1,0.390576,6,2.3,0.01123,-0.010579,0.000651,-0.00511384,0.0031629356311292,0.353201,0.663448,0.44900088,0.097567529235448
120.109863,"P12","Occ_MO_1.2",100,50,3446.707275,7370.887695,145.080368,-0.014771,0.919273,27.7773,8.1,6,"{""type"":""M"",""msg"":""FADE0"",""time"":120.053,""dist"":3.1765}",1.109077,7.109077,0,7.7,5.9,0.813026,5.9,6,0.0094,-0.018148,-0.008748,-0.01398725,0.00294662278564955,0.813026,0.923221,0.889275666666667,0.0366372379723475
122.94088,"P12","Occ_MO_1.2",100,51,3382.992432,7417.017578,143.465286,0,1.410617,27.778,-0.505669,1.3,"{""type"":""M"",""msg"":""FADE0"",""time"":122.92,""dist"":3.25615}",2.32551600000001,1.819847,1.819847,5.6,10.6,0.863515,5.6,-0.505669,0.010875,-0.008057,0.002818,-0.00318825,0.00368351216203043,0.839326,1.410617,0.997927708333333,0.184546814288756
124.05146,"P12","Occ_MO_1.2",100,52,3358.560791,7435.847168,139.477722,-0.032118,1.777421,27.7638,-1.616249,3,"{""type"":""M"",""msg"":""FADE0"",""time"":123.98,""dist"":3.28562}",0.604973000000001,-1.011276,0,-1.011276,4.4,1.763703,-1.011276,-1.616249,0.02274,-0.054858,-0.032118,-0.0455112857142857,0.00826288195716817,1.763703,1.870724,1.82626371428571,0.0419976892289496
124.962051,"P12","Occ_MO_1.2",100,53,3339.526123,7452.513184,138.648178,0,1.049618,27.7835,2.3,3.7,"{""type"":""M"",""msg"":""FADE0"",""time"":124.939,""dist"":3.31225}",0.404159000000007,2.70415900000001,0,-2.122681,8.9,1.358716,-2.122681,2.3,0.004039,-0.000692,0.003347,0.0013956,0.00171566497312267,1.049618,1.358716,1.1981014,0.122301067173594
125.670265,"P12","Occ_MO_1.2",100,54,3324.749268,7465.515137,138.771805,-0.006063,0.765996,27.7826,5.7,10,"{""type"":""M"",""msg"":""FADE0"",""time"":125.652,""dist"":3.33206}",0.202202,5.902202,0,2.7,5.3,0.812222,2.7,5.7,0.008393,-0.006063,0.00233,-0.002248,0.00424820420883931,0.765996,0.812222,0.788377666666667,0.0231476848590379
127.48835,"P12","Occ_MO_1.2",100,55,3287.200439,7499.312988,137.497253,-0.005534,0.747219,27.778,2,5.9,"{""type"":""M"",""msg"":""FADE0"",""time"":127.408,""dist"":3.38087}",1.310288,3.310288,0,16.3,10.4,0.681881,10.4,2,0.015595,-0.010417,0.005178,-0.00343964285714286,0.00454144227526459,0.606348,0.747219,0.653246642857143,0.0431350153384377
128.499649,"P12","Occ_MO_1.2",100,56,3266.669678,7518.496094,135.750656,-0.019653,1.02238,27.7755,6.8,5.2,"{""type"":""M"",""msg"":""FADE0"",""time"":128.475,""dist"":3.41051}",0.508057000000008,5.70805700000001,0,8.1,6.4,0.920545,6.4,5.2,0.000487999999999999,-0.019653,-0.019165,-0.0195716666666667,0.000199225165746365,0.920545,1.02238,0.981321,0.0392221282900355
130.214844,"P12","Occ_MO_1.2",100,57,3233.392334,7552.605469,133.316528,-0.00354,0.674276,27.7791,4.1,7.5,"{""type"":""M"",""msg"":""FADE0"",""time"":130.146,""dist"":3.45694}",1.21225000000001,5.31225000000001,0,7.2,5.2,0.97559,5.2,4.1,0.012777,-0.016317,-0.00354,-0.00865446153846154,0.00451439559659586,0.674276,0.97559,0.814911538461539,0.102375314680522
132.23555,"P12","Occ_MO_1.2",100,58,3195.62793,7594.147949,130.868469,-0.007406,0.497765,27.778,11.5,17.6,"{""type"":""M"",""msg"":""FADE0"",""time"":132.201,""dist"":3.51405}",1.51603699999998,13.016037,0,22,17,0.650885,17,11.5,0.006714,-0.013957,-0.007243,-0.0115103125,0.00250026112552936,0.497765,0.654226,0.6052589375,0.0542743730606736
134.258057,"P12","Occ_MO_1.2",100,59,3159.50708,7637.196777,128.971954,-0.008219,0.416015,27.7776,11.4,23.3,"{""type"":""M"",""msg"":""FADE0"",""time"":134.228,""dist"":3.57037}",1.51796000000002,12.91796,0,8.8,13.3,0.416947,8.8,11.4,0.007731,-0.009928,-0.002197,-0.0069681875,0.00282008319543354,0.372418,0.416947,0.392711,0.0155011439319813
136.084961,"P12","Occ_MO_1.2",100,60,3128.297363,7677.226074,126.840462,-0.009237,0.439167,27.7779,22.8,16.5,"{""type"":""M"",""msg"":""FADE0"",""time"":136.024,""dist"":3.62026}",1.320618,17.820618,0,18.2,13.1,0.436496,13.1,16.5,0.004191,-0.011597,-0.007406,-0.00948957142857143,0.00150601704527517,0.436496,0.451833,0.445175214285714,0.00505457072937374
137.907074,"P12","Occ_MO_1.2",100,61,3098.635742,7718.253906,124.919746,-0.007731,0.399579,27.7778,11.7,21.1,"{""type"":""M"",""msg"":""FADE0"",""time"":137.902,""dist"":3.67246}",1.31480399999998,13.014804,0,20.4,14,0.426769,14,11.7,0.003703,-0.010091,-0.006388,-0.0079695,0.0013712581954036,0.399457,0.426769,0.409234142857143,0.00872801668243085
139.831528,"P12","Occ_MO_1.2",100,62,3068.733398,7762.580566,123.072227,-0.005697,0.499452,27.778,4.6,9.3,"{""type"":""M"",""msg"":""FADE0"",""time"":139.814,""dist"":3.72557}",1.415268,6.015268,0,1e+06,35.7,0.405611,35.7,4.6,0.00472,-0.009928,-0.005208,-0.0071832,0.00171943446682748,0.405611,0.499452,0.443922466666667,0.0320733428897552
142.155396,"P12","Occ_MO_1.2",100,63,3034.751709,7817.477539,120.28624,-0.010091,0.577432,27.778,13.3,9.2,"{""type"":""M"",""msg"":""FADE0"",""time"":142.075,""dist"":3.7884}",1.82060300000001,11.020603,0,17.2,13,0.564917,13,9.2,0.007406,-0.013957,-0.006551,-0.0102389473684211,0.00211646084232051,0.564917,0.630213,0.603981789473684,0.01995176671258
144.683853,"P12","Occ_MO_1.2",100,64,3000.398193,7878.756836,118.266792,-0.007731,0.708736,27.7776,4.5,15.1,"{""type"":""M"",""msg"":""FADE0"",""time"":144.602,""dist"":3.85862}",2.020523,6.520523,0,5.1,9.1,0.544508,5.1,4.5,0.004883,-0.008586,-0.003703,-0.00617147619047619,0.00155540665483492,0.537741,0.708736,0.588525142857143,0.0570342766082693
146.710709,"P12","Occ_MO_1.2",100,65,2975.044434,7929.033691,115.201477,-0.010254,0.563015,27.7783,9.7,6.1,"{""type"":""M"",""msg"":""FADE0"",""time"":146.658,""dist"":3.91573}",1.51959300000001,7.61959300000001,0,8.3,6.3,0.80071,6.3,6.1,0.012452,-0.019491,-0.007039,-0.013313375,0.00421278185011599,0.563015,0.828645,0.7424815,0.0910538396071248
148.830765,"P12","Occ_MO_1.2",100,66,2950.574463,7982.618652,114.274971,-0.00354,0.30645,27.7781,3.4,6.6,"{""type"":""M"",""msg"":""FADE0"",""time"":148.764,""dist"":3.97425}",1.61564700000002,5.01564700000002,0,5.7,8.3,0.39889,5.7,3.4,0.008382,-0.006551,0.001831,-0.00167070588235294,0.00280629339086066,0.241969,0.39889,0.287122235294118,0.0462945978929095
151.256927,"P12","Occ_MO_1.2",100,67,2924.460449,8044.757324,111.172813,-0.010579,0.593547,27.7781,11.9,8.2,"{""type"":""M"",""msg"":""FADE0"",""time"":151.182,""dist"":4.04143}",1.92190499999998,10.121905,0,9.4,7.1,0.456203,7.1,8.2,0.00826,-0.015137,-0.006877,-0.0111186,0.00255285215932463,0.456203,0.602332,0.57380535,0.0441663323969443
153.982941,"P12","Occ_MO_1.2",100,68,2898.660645,8115.967773,108.689064,-0.009399,0.504433,27.7776,20.6,14.3,"{""type"":""M"",""msg"":""FADE0"",""time"":153.95,""dist"":4.11836}",2.22018500000001,16.520185,0,10.8,7.3,0.547967,7.3,14.3,0.007039,-0.010742,-0.003703,-0.006797,0.00231835984343164,0.447812,0.547967,0.480245086956522,0.0284691679683526
157.441055,"P12","Occ_MO_1.2",100,69,2870.443604,8207.802734,105.451096,-0.009399,0.845059,27.7777,56.1,42.6,"{""type"":""M"",""msg"":""FADE0"",""time"":157.366,""dist"":4.21329}",2.951965,45.551965,0,7.2,13.9,0.53354,7.2,42.6,0.006551,-0.010579,-0.004028,-0.00755431034482759,0.00218707010638578,0.53354,0.845059,0.67226224137931,0.0932492242953777
14.222754,"P13","Occ_MO_1.2",100,1,5758.424316,8279.759766,-102.757385,-0.010417,0.105676,27.6284,10.3,6.1,"{""type"":""M"",""msg"":""FADE0"",""time"":14.1303,""dist"":0.232915}",0.504668000000001,6.604668,0,12.8,8,0.162436,8,6.1,0.001506,-0.011434,-0.009928,-0.010871,0.000652922047414544,0.105676,0.162436,0.136795666666667,0.0214284491148255
15.439778,"P13","Occ_MO_1.2",100,2,5750.65332,8246.975586,-103.765396,-0.00354,-0.07702,27.7278,6.2,9.1,"{""type"":""M"",""msg"":""FADE0"",""time"":15.3449,""dist"":0.266535}",0.711808000000001,6.911808,0,22.2,28.4,0.016665,22.2,6.2,0.003703,-0.007243,-0.00354,-0.0046285,0.00158836789549165,-0.07702,0.016665,-0.038252375,0.033968616402024
16.854864,"P13","Occ_MO_1.2",100,3,5740.988281,8208.894531,-104.953918,-0.009562,0.013154,27.7726,17.4,11.8,"{""type"":""M"",""msg"":""FADE0"",""time"":16.8512,""dist"":0.308354}",0.909073999999999,12.709074,0,8.1,12.6,-0.066264,8.1,11.8,0.003336,-0.009562,-0.006226,-0.0080443,0.000971490612981469,-0.066264,0.013154,-0.0268659,0.0269879170348098
18.774284,"P13","Occ_MO_1.2",100,4,5726.361816,8157.611328,-106.810455,-0.006877,0.157276,27.7779,7.8,13.7,"{""type"":""M"",""msg"":""FADE0"",""time"":18.734,""dist"":0.360668}",1.413902,9.213902,0,18.7,12.5,0.045616,12.5,7.8,0.002686,-0.009237,-0.006551,-0.0071668,0.00100339204700855,0.045616,0.157276,0.0891774,0.0352904956808487
20.512737,"P13","Occ_MO_1.2",100,5,5711.55957,8111.635254,-109.145424,-0.011271,0.208777,27.7776,9,5.6,"{""type"":""M"",""msg"":""FADE0"",""time"":20.4795,""dist"":0.409167}",1.233661,6.833661,0,10.4,7.3,0.2272,7.3,5.6,0.000814,-0.012085,-0.011271,-0.0118470769230769,0.000355504913594375,0.208777,0.261949,0.244116692307692,0.0167305734429747
22.730383,"P13","Occ_MO_1.2",100,6,5690.117676,8053.871582,-111.551392,-0.007568,-0.301951,27.7779,34.3,7.3,"{""type"":""M"",""msg"":""FADE0"",""time"":22.692,""dist"":0.470643}",1.713774,9.013774,0,12.3,6.7,0.114017,6.7,7.3,0.001506,-0.009074,-0.007568,-0.00827133333333333,0.000421688901219566,-0.301951,0.114017,-0.0914455,0.131472365926769
24.749365,"P13","Occ_MO_1.2",100,7,5669.040039,8001.882812,-112.484772,-0.00472,-0.341741,27.778,5.5,8.6,"{""type"":""M"",""msg"":""FADE0"",""time"":24.7159,""dist"":0.526881}",1.515053,7.015053,0,7,9.2,-0.419911,7,5.5,0.003866,-0.00472,-0.000854,-0.0025505625,0.0010391635719013,-0.479361,-0.341741,-0.4385685,0.0416653850320223
27.679525,"P13","Occ_MO_1.2",100,8,5636.240234,7927.374512,-115.191078,-0.008219,0.67625,27.7779,2.7,11.4,"{""type"":""M"",""msg"":""FADE0"",""time"":27.65,""dist"":0.608407}",2.425811,5.125811,0,6.8,12.2,-0.185558,6.8,2.7,0.001505,-0.008219,-0.006714,-0.00769524,0.000591930406945501,-0.185558,0.67625,0.2310844,0.263276980831975
29.195841,"P13","Occ_MO_1.2",100,9,5617.561523,7889.615723,-117.942299,-0.016642,0.926057,27.7768,6.4,4.6,"{""type"":""M"",""msg"":""FADE0"",""time"":29.1174,""dist"":0.649178}",1.011295,5.611295,0,9.5,7.5,0.86416,7.5,4.6,0.003337,-0.018636,-0.015299,-0.0172302727272727,0.00109397505372921,0.86416,0.970194,0.937984181818182,0.0334232057433699
30.809502,"P13","Occ_MO_1.2",100,10,5595.609863,7850.523926,-120.297554,-0.00236,0.087543,27.7795,9,11.4,"{""type"":""M"",""msg"":""FADE0"",""time"":30.7595,""dist"":0.694805}",1.109576,10.109576,0,5.5,3.7,0.759294,3.7,9,0.014282,-0.016642,-0.00236,-0.009569,0.00550274885026483,0.087543,0.759294,0.433419583333333,0.2259007629797
32.725765,"P13","Occ_MO_1.2",100,11,5568.739746,7804.555176,-120.443909,-0.00354,-0.10135,27.7778,4.1,6.8,"{""type"":""M"",""msg"":""FADE0"",""time"":32.7008,""dist"":0.748748}",1.411588,5.511588,0,5.1,6.9,-0.150407,5.1,4.1,0.009369,-0.00354,0.005829,-0.0001444,0.00295173568309514,-0.243813,-0.10135,-0.196512666666667,0.0447240142966787
34.951031,"P13","Occ_MO_1.2",100,12,5536.361816,7751.88916,-123.286026,-0.012939,0.565056,27.7775,10.1,7.3,"{""type"":""M"",""msg"":""FADE0"",""time"":34.9089,""dist"":0.810101}",1.718659,9.018659,0,4.9,10.3,0.086211,4.9,7.3,0.005208,-0.013102,-0.007894,-0.0120237222222222,0.00144988035228694,0.086211,0.565056,0.3763395,0.155997566899295
37.372429,"P13","Occ_MO_1.2",100,13,5497.830566,7696.744141,-126.30555,-0.006388,0.219404,27.7786,9.4,13.2,"{""type"":""M"",""msg"":""FADE0"",""time"":37.3249,""dist"":0.877232}",1.917305,11.317305,0,8.4,5.8,0.567033,5.8,9.4,0.007406,-0.013794,-0.006388,-0.00937085,0.00262603010915917,0.219404,0.567033,0.40203765,0.116083875787827
40.510941,"P13","Occ_MO_1.2",100,14,5444.519043,7627.745117,-129.589417,-0.012248,0.211517,27.7772,10.6,6.8,"{""type"":""M"",""msg"":""FADE0"",""time"":40.4125,""dist"":0.963026}",2.627652,9.427652,0,9.5,13.6,0.161294,9.5,6.8,0.005574,-0.012451,-0.006877,-0.00888111111111111,0.00222270601421804,0.132101,0.215989,0.168120888888889,0.0313873262092218
43.141808,"P13","Occ_MO_1.2",100,15,5396.365234,7572.758789,-132.743515,-0.008423,-0.109009,27.7783,14.7,20.9,"{""type"":""M"",""msg"":""FADE0"",""time"":43.047,""dist"":1.03623}",2.12667099999999,16.826671,0,13.1,7.8,0.176291,7.8,14.7,0.002889,-0.011108,-0.008219,-0.00947690909090909,0.0012647036885822,-0.109009,0.176291,0.0324901818181818,0.0940620934801588
46.173431,"P13","Occ_MO_1.2",100,16,5338.053711,7511.972656,-134.763382,-0.006388,0.688516,27.7775,1.2,4.3,"{""type"":""M"",""msg"":""FADE0"",""time"":46.0796,""dist"":1.12049}",2.525184,3.725184,0,9.7,13.8,-0.146619,9.7,1.2,0.004558,-0.007406,-0.002848,-0.00467926923076923,0.0013788766894162,-0.155842,0.688516,0.0957248846153846,0.272184965068878
47.181751,"P13","Occ_MO_1.2",100,17,5318.099609,7492.30957,-136.779892,-0.024306,1.337119,27.7745,-0.404876,5.2,"{""type"":""M"",""msg"":""FADE0"",""time"":47.0836,""dist"":1.14839}",0.505248999999999,0.100372999999998,0.100372999999998,0.2,8.4,1.061023,0.2,-0.404876,0.005507,-0.024306,-0.018799,-0.0222576666666667,0.00200863303434616,1.061023,1.337119,1.2114295,0.104041186117326
49.622765,"P13","Occ_MO_1.2",100,18,5266.155762,7448.740234,-141.788437,-0.003866,-0.109836,27.7808,12.4,14.7,"{""type"":""M"",""msg"":""FADE0"",""time"":49.5377,""dist"":1.21658}",1.118721,13.518721,0,6.2,3.7,0.87572,3.7,12.4,0.007365,-0.010905,-0.00354,-0.00615433333333333,0.00307896704441702,-0.109836,0.87572,0.365114,0.326396203657457
50.634472,"P13","Occ_MO_1.2",100,19,5244.069336,7431.34668,-141.327377,0.008881,-0.55408,27.7782,3.4,4.7,"{""type"":""M"",""msg"":""FADE0"",""time"":50.5791,""dist"":1.24551}",0.504601000000001,3.904601,0,3.8,5,-0.437049,3.8,3.4,0.006022,0.007375,0.013397,0.00951816666666667,0.00214337550762032,-0.55408,-0.437049,-0.5128,0.0463754513120897
51.545052,"P13","Occ_MO_1.2",100,20,5224.384766,7415.451172,-141.155045,-0.009399,-0.17035,27.7776,4.8,11.8,"{""type"":""M"",""msg"":""FADE0"",""time"":51.5083,""dist"":1.27133}",0.406211999999996,5.206212,0,2.9,4.6,-0.4112,2.9,4.8,0.012054,-0.009399,0.002655,-0.0045714,0.00516674741012177,-0.4112,-0.17035,-0.2939298,0.0957148257596492
52.755478,"P13","Occ_MO_1.2",100,21,5197.861816,7394.775879,-143.330307,-0.015625,0.39468,27.7767,8.3,6.1,"{""type"":""M"",""msg"":""FADE0"",""time"":52.6555,""dist"":1.30321}",0.706519999999998,6.80652,0,10.3,8,0.127005,8,6.1,0.001668,-0.016805,-0.015137,-0.01611325,0.000696621387227565,0.127005,0.39468,0.275818875,0.0943757383069512
54.168999,"P13","Occ_MO_1.2",100,22,5165.884766,7371.977539,-145.781998,-0.010091,0.36035,27.7781,11.1,6.8,"{""type"":""M"",""msg"":""FADE0"",""time"":54.0788,""dist"":1.34275}",1.010491,7.810491,0,8.1,5.8,0.455836,5.8,6.8,0.005208,-0.015299,-0.010091,-0.0137900909090909,0.00215076077026458,0.36035,0.465218,0.433166,0.0363316236631395
55.186714,"P13","Occ_MO_1.2",100,23,5142.370117,7356.269531,-146.684906,-0.005371,0.137702,27.7788,8.7,12.5,"{""type"":""M"",""msg"":""FADE0"",""time"":55.1627,""dist"":1.37287}",0.507744000000002,9.207744,0,14,18.8,0.237646,14,8.7,0.001505,-0.006551,-0.005046,-0.00557466666666667,0.000649978974018904,0.137702,0.237646,0.184873666666667,0.0374472076858431
57.508289,"P13","Occ_MO_1.2",100,24,5087.780273,7321.914062,-149.274399,-0.007894,-0.158431,27.7776,51.8,9.4,"{""type"":""M"",""msg"":""FADE0"",""time"":57.4404,""dist"":1.43616}",1.815971,11.215971,0,7.9,11.8,0.085779,7.9,9.4,0.006388,-0.011922,-0.005534,-0.00994331578947368,0.00178240546118726,-0.158431,0.085779,-0.00159778947368421,0.0797059035270558
58.81517,"P13","Occ_MO_1.2",100,25,5056.461426,7303.536133,-149.679779,-0.002523,-0.243813,27.7783,4.5,7,"{""type"":""M"",""msg"":""FADE0"",""time"":58.7854,""dist"":1.47353}",0.805362000000002,5.305362,0,5.4,7.4,-0.26456,5.4,4.5,0.003703,-0.002523,0.00118,0.000113,0.00124652186101969,-0.295181,-0.243813,-0.277755666666667,0.0173907301744349
60.131531,"P13","Occ_MO_1.2",100,26,5024.762207,7285.289551,-150.870041,-0.011597,0.208009,27.777,13.2,10,"{""type"":""M"",""msg"":""FADE0"",""time"":60.036,""dist"":1.50828}",0.80695,10.80695,0,4.1,7,-0.090233,4.1,10,0.007243,-0.011597,-0.004354,-0.00987422222222222,0.00244475825889687,-0.090233,0.208009,0.0635384444444444,0.103146990444597
62.454369,"P13","Occ_MO_1.2",100,27,4967.559082,7255.416016,-153.744614,-0.007894,0.42122,27.7781,19.4,31.3,"{""type"":""M"",""msg"":""FADE0"",""time"":62.4016,""dist"":1.57401}",1.818711,21.218711,0,9,6.5,0.33533,6.5,19.4,0.006917,-0.013794,-0.006877,-0.00940584210526316,0.00240495470650715,0.33533,0.42122,0.394635684210526,0.0232639910186743
64.170921,"P13","Occ_MO_1.2",100,28,4924.416504,7235.087891,-156.121964,-0.009928,0.297372,27.7776,9.8,5.8,"{""type"":""M"",""msg"":""FADE0"",""time"":64.0769,""dist"":1.62056}",1.21318400000001,7.013184,0,11.8,8.3,0.437579,8.3,5.8,0.003662,-0.01359,-0.009928,-0.0121443076923077,0.00125140650100966,0.297372,0.438106,0.395784846153846,0.0476523797374383
65.785385,"P13","Occ_MO_1.2",100,29,4883.183594,7217.419922,-157.388931,-0.006551,-0.090818,27.778,13.8,18.5,"{""type"":""M"",""msg"":""FADE0"",""time"":65.7566,""dist"":1.66724}",1.11148800000001,14.911488,0,20.6,24.9,0.149545,20.6,13.8,0.002523,-0.006714,-0.004191,-0.00509308333333333,0.000870805735389862,-0.090818,0.149545,0.01214925,0.0793847670676583
68.313339,"P13","Occ_MO_1.2",100,30,4817.869141,7191.587402,-159.625259,-0.009399,-0.156183,27.7777,16.1,9.5,"{""type"":""M"",""msg"":""FADE0"",""time"":68.2798,""dist"":1.73735}",2.024002,11.524002,0,16.3,21.5,-0.140824,16.3,9.5,0.003173,-0.009399,-0.006226,-0.00723119047619048,0.000948184350168659,-0.184444,-0.140824,-0.170021476190476,0.0126239406391944
71.348579,"P13","Occ_MO_1.2",100,31,4737.981934,7164.601074,-163.319336,-0.011922,-0.456293,27.7778,6.2,2.6,"{""type"":""M"",""msg"":""FADE0"",""time"":71.2681,""dist"":1.82038}",2.524452,5.124452,0,15.1,8.5,-0.153954,8.5,2.6,0.002848,-0.011922,-0.009074,-0.0100629615384615,0.00100048038384645,-0.456293,-0.153954,-0.253669884615385,0.0912643634886375
72.857124,"P13","Occ_MO_1.2",100,32,4697.686523,7153.05957,-164.292236,-0.001343,-0.88832,27.7785,6.4,8.4,"{""type"":""M"",""msg"":""FADE0"",""time"":72.8456,""dist"":1.86421}",1.006096,7.406096,0,19.9,2.5,-0.635647,2.5,6.4,0.0059,-0.006388,-0.000488,-0.00182345454545455,0.00205429361891801,-0.88832,-0.635647,-0.791603363636364,0.087219044804759
74.269356,"P13","Occ_MO_1.2",100,33,4659.907715,7142.450684,-164.185028,-0.001668,-0.451684,27.7776,3.1,5,"{""type"":""M"",""msg"":""FADE0"",""time"":74.1731,""dist"":1.9011}",0.909554,4.009554,0,4.8,6.5,-0.863622,4.8,3.1,0.008189,-0.001668,0.006521,0.0024872,0.0029255040895165,-0.863622,-0.451684,-0.6997701,0.14216054491427
75.986015,"P13","Occ_MO_1.2",100,34,4613.802734,7130.248535,-166.762741,-0.015299,0.656361,27.7769,9.6,7.4,"{""type"":""M"",""msg"":""FADE0"",""time"":75.9288,""dist"":1.94988}",1.213279,8.613279,0,4.2,23.1,-0.055294,4.2,7.4,0.004028,-0.015299,-0.011271,-0.0148983846153846,0.00113764299749244,-0.055294,0.656361,0.346176538461538,0.232638250387311
77.905342,"P13","Occ_MO_1.2",100,35,4561.517578,7119.806641,-170.567444,-0.008586,0.358002,27.7793,11.7,5.3,"{""type"":""M"",""msg"":""FADE0"",""time"":77.8817,""dist"":2.00414}",1.41532100000001,6.71532100000001,0,6.4,4.8,0.776714,4.8,5.3,0.011393,-0.019979,-0.008586,-0.0156792666666667,0.00443099513922206,0.358002,0.785822,0.640546,0.147849980912603
79.718193,"P13","Occ_MO_1.2",100,36,4511.77002,7111.891113,-171.444458,-0.007406,-0.106041,27.7781,10.6,14.8,"{""type"":""M"",""msg"":""FADE0"",""time"":79.6201,""dist"":2.05245}",1.30898999999999,11.90899,0,4.8,6.6,0.111941,4.8,10.6,0.010224,-0.007406,0.002818,-0.003464,0.00292038738210164,-0.106041,0.111941,-0.0350845,0.0708216736499281
81.838814,"P13","Occ_MO_1.2",100,37,4453.36084,7104.155762,-173.669708,-0.009928,0.003529,27.7776,32,23.5,"{""type"":""M"",""msg"":""FADE0"",""time"":81.7363,""dist"":2.11125}",1.61618799999999,25.116188,0,8.4,12.2,-0.102069,8.4,23.5,0.003214,-0.009928,-0.006714,-0.00866705882352941,0.00106069355085412,-0.102069,0.003529,-0.0523508235294118,0.0351291393294714
83.761627,"P13","Occ_MO_1.2",100,38,4400.152832,7099.374023,-176.047226,-0.008057,-0.026923,27.778,11,15.9,"{""type"":""M"",""msg"":""FADE0"",""time"":83.7088,""dist"":2.16606}",1.51841,12.51841,0,13.1,8,0.021004,8,11,0.003377,-0.011434,-0.008057,-0.0097426875,0.00119789652968582,-0.026923,0.022614,0.001142375,0.0182454984032592
85.684166,"P13","Occ_MO_1.2",100,39,4346.808594,7096.598145,-178.234818,-0.010254,0.018299,27.7777,22.2,15.6,"{""type"":""M"",""msg"":""FADE0"",""time"":85.6769,""dist"":2.22074}",1.41693100000001,17.016931,0,10,14.8,-0.028882,10,15.6,0.002522,-0.010579,-0.008057,-0.00963826666666667,0.000930872360950175,-0.028882,0.018299,-0.00365273333333333,0.0162157938110908
88.007835,"P13","Occ_MO_1.2",100,40,4282.251465,7096.152344,179.031326,-0.008423,0.043204,27.7779,10.6,17.9,"{""type"":""M"",""msg"":""FADE0"",""time"":87.9396,""dist"":2.28361}",1.819496,12.419496,0,19.6,13.4,0.02457,13.4,10.6,0.002198,-0.010417,-0.008219,-0.00937373684210526,0.00091794074137624,0.019511,0.043204,0.0252132631578947,0.0061382201169947
89.826607,"P13","Occ_MO_1.2",100,41,4231.75,7097.92334,176.791992,-0.010417,0.160123,27.7777,16.9,11.7,"{""type"":""M"",""msg"":""FADE0"",""time"":89.8217,""dist"":2.33591}",1.31495699999999,13.014957,0,23.8,17.8,0.079909,17.8,11.7,0.000489,-0.010417,-0.009928,-0.0101841428571429,0.000245245201362246,0.079909,0.160123,0.124338,0.0265982486294464
92.046539,"P13","Occ_MO_1.2",100,42,4170.26709,7102.805176,174.083115,-0.008911,0.121876,27.7779,30.8,21.8,"{""type"":""M"",""msg"":""FADE0"",""time"":91.9763,""dist"":2.39578}",1.71625499999999,23.516255,0,15.9,10.8,0.170288,10.8,21.8,0.001506,-0.010417,-0.008911,-0.0097815,0.00058688321816585,0.121876,0.170529,0.152310111111111,0.0165724601599049
94.877678,"P13","Occ_MO_1.2",100,43,4092.303223,7113.19043,170.55545,-0.009928,-0.192691,27.7779,10.3,5,"{""type"":""M"",""msg"":""FADE0"",""time"":94.7866,""dist"":2.47386}",2.323547,7.323547,0,20.4,13.4,0.104263,13.4,5,0.00118,-0.010579,-0.009399,-0.010380875,0.000289753915455407,-0.192691,0.104263,-0.00665458333333333,0.0934049644849113
96.999397,"P13","Occ_MO_1.2",100,44,4034.295654,7123.704102,169.038605,-0.006388,-0.391185,27.7778,8.3,12.4,"{""type"":""M"",""msg"":""FADE0"",""time"":96.9802,""dist"":2.53482}",1.614761,9.914761,0,12.5,16.1,-0.313083,12.5,8.3,0.002034,-0.006388,-0.004354,-0.00473688235294118,0.000640829724103149,-0.433176,-0.313083,-0.399839176470588,0.0359662016451475
100.028587,"P13","Occ_MO_1.2",100,45,3952.042236,7141.518555,166.355148,-0.007568,0.446786,27.7776,3.6,10,"{""type"":""M"",""msg"":""FADE0"",""time"":99.9865,""dist"":2.61835}",2.523185,6.123185,0,9.5,15,-0.312117,9.5,3.6,0.002848,-0.007894,-0.005046,-0.00706757692307692,0.000880639911567806,-0.312117,0.446786,0.0338287692307692,0.238128673153202
102.150299,"P13","Occ_MO_1.2",100,46,3895.154785,7156.944824,162.808212,-0.014771,0.706625,27.7774,6.5,4.5,"{""type"":""M"",""msg"":""FADE0"",""time"":102.124,""dist"":2.67774}",1.61766,6.11766,0,12.9,10.3,0.635471,10.3,4.5,0.003337,-0.015788,-0.012451,-0.0152995882352941,0.000819301231143309,0.635471,0.811684,0.757431,0.0527068797987986
104.482025,"P13","Occ_MO_1.2",100,47,3833.787109,7177.705566,160.099655,-0.006877,-0.420487,27.7784,31.1,3,"{""type"":""M"",""msg"":""FADE0"",""time"":104.472,""dist"":2.74298}",1.82678199999999,4.82678199999999,0,7.2,4.4,0.51276,4.4,3,0.004231,-0.011108,-0.006877,-0.00807605263157895,0.00127776156155487,-0.420487,0.51276,0.0457747368421053,0.294768534064695
105.997643,"P13","Occ_MO_1.2",100,48,3794.239258,7192.178223,160.235916,0.005503,-0.737942,27.7779,3.5,5,"{""type"":""M"",""msg"":""FADE0"",""time"":105.904,""dist"":2.78276}",1.011696,4.511696,0,8.8,10.9,-0.653346,8.8,3.5,0.007334,-0.001668,0.005666,0.00480318181818182,0.00222713164488235,-0.798737,-0.653346,-0.753837,0.0466913218382174
107.915016,"P13","Occ_MO_1.2",100,49,3744.166992,7210.368164,159.199005,-0.008423,0.552176,27.7774,1.6,6.2,"{""type"":""M"",""msg"":""FADE0"",""time"":107.87,""dist"":2.83741}",1.41268099999999,3.01268099999999,0,3.3,5.2,-0.491955,3.3,1.6,0.007243,-0.008423,-0.00118,-0.00687673333333333,0.00229377858772895,-0.491955,0.552176,0.0245446666666667,0.336861946876221
108.82563,"P13","Occ_MO_1.2",100,50,3720.608398,7219.59375,157.418106,-0.02319,1.13637,27.7752,0,4.9,"{""type"":""M"",""msg"":""FADE0"",""time"":108.789,""dist"":2.86292}",0.405578000000006,0.405578000000006,0.405578000000006,0.9,7.6,0.920517,0.9,0,0.005042,-0.02319,-0.018148,-0.0217178,0.00216935133161966,0.920517,1.13637,1.0366976,0.0858735152145294
109.73365,"P13","Occ_MO_1.2",100,51,3697.515869,7229.746094,154.788086,-0.02319,1.06621,27.776,4.5,3.2,"{""type"":""M"",""msg"":""FADE0"",""time"":109.682,""dist"":2.88775}",0.403801000000001,3.603801,0,-0.504219,4,1.19377,-0.504219,3.2,0,-0.02319,-0.02319,-0.02319,0,1.06621,1.19377,1.1397382,0.051187449410964
111.248405,"P13","Occ_MO_1.2",100,52,3659.817871,7248.463379,153.104324,0,-0.078289,27.7802,3.8,4.8,"{""type"":""M"",""msg"":""FADE0"",""time"":111.235,""dist"":2.93089}",1.008972,4.808972,0,6.5,3.7,0.703064,3.7,3.8,0.008911,-0.008911,0,-0.00318490909090909,0.00252841185152045,-0.078289,0.703064,0.290162636363636,0.260957867345008
113.37355,"P13","Occ_MO_1.2",100,53,3607.142822,7275.152344,153.044815,-0.003215,-0.241895,27.7775,4,6.5,"{""type"":""M"",""msg"":""FADE0"",""time"":113.341,""dist"":2.98943}",1.61911699999999,5.61911699999999,0,5.7,7.6,-0.323437,5.7,4,0.005209,-0.003215,0.001994,-1.6941176470588e-05,0.00185549193175921,-0.440659,-0.241895,-0.377893470588235,0.0601220867881738
115.096031,"P13","Occ_MO_1.2",100,54,3564.79834,7297.450684,150.96492,-0.014445,0.455626,27.777,9.3,6.9,"{""type"":""M"",""msg"":""FADE0"",""time"":115.023,""dist"":3.03614}",1.21322599999999,8.11322599999999,0,26.3,21.2,-0.011792,21.2,6.9,0.004191,-0.014445,-0.010254,-0.0118283076923077,0.00122694412971247,-0.011792,0.455626,0.244120769230769,0.153158949740215
117.015625,"P13","Occ_MO_1.2",100,55,3518.851807,7324.527344,148.154037,-0.007568,0.399481,27.7786,16.8,21.7,"{""type"":""M"",""msg"":""FADE0"",""time"":116.995,""dist"":3.09095}",1.412987,18.212987,0,8.1,5.8,0.532999,5.8,16.8,0.00704,-0.014608,-0.007568,-0.0108721333333333,0.00216135522520566,0.399481,0.537946,0.4888396,0.0478621469875427
120.054802,"P13","Occ_MO_1.2",100,56,3448.041748,7370.528809,145.76796,-0.004883,0.467578,27.7779,3.3,7,"{""type"":""M"",""msg"":""FADE0"",""time"":119.963,""dist"":3.17341}",2.534111,5.834111,0,7.7,11.6,0.327739,7.7,3.3,0.001668,-0.006551,-0.004883,-0.00612688461538462,0.00051553555275446,0.284652,0.467578,0.333038153846154,0.0538470577994321
122.180344,"P13","Occ_MO_1.2",100,57,3399.955811,7404.805176,142.819748,-0.012451,0.78914,27.7773,10.5,7.4,"{""type"":""M"",""msg"":""FADE0"",""time"":122.099,""dist"":3.23275}",1.61667700000001,9.01667700000001,0,22.4,17.3,0.605821,17.3,7.4,0.00236,-0.013265,-0.010905,-0.0128268823529412,0.000605133237637892,0.605821,0.80143,0.746101705882353,0.0636698914909597
124.913841,"P13","Occ_MO_1.2",100,58,3340.936279,7452.594238,139.44931,-0.006714,0.09485,27.7783,10.6,14.1,"{""type"":""M"",""msg"":""FADE0"",""time"":124.897,""dist"":3.31052}",2.22678400000001,12.826784,0,9.3,6.3,0.725475,6.3,10.6,0.0059,-0.012614,-0.006714,-0.00944008695652174,0.00210627629010932,0.09485,0.725475,0.417294260869565,0.203914152393559
127.746185,"P13","Occ_MO_1.2",100,59,3282.095947,7504.849121,137.156693,-0.007406,0.205554,27.7776,4.6,8.7,"{""type"":""M"",""msg"":""FADE0"",""time"":127.722,""dist"":3.38901}",2.325164,6.925164,0,8.9,12.2,-0.002649,8.9,4.6,0.002686,-0.008057,-0.005371,-0.00646470833333333,0.000978170096311905,-0.059697,0.205554,0.0158764166666667,0.0818159052496447
130.575119,"P13","Occ_MO_1.2",100,60,3226.260986,7560.148926,133.175201,-0.009399,0.672917,27.7782,32.7,26.9,"{""type"":""M"",""msg"":""FADE0"",""time"":130.517,""dist"":3.46666}",2.32455400000001,29.224554,0,19.6,16.1,0.359536,16.1,26.9,0.004029,-0.013428,-0.009399,-0.0121307916666667,0.00142752485637894,0.359536,0.672917,0.58129625,0.0984700049312082
132.192795,"P13","Occ_MO_1.2",100,61,3196.176025,7593.538086,130.619568,-0.011434,0.482957,27.7779,9.4,5.9,"{""type"":""M"",""msg"":""FADE0"",""time"":132.114,""dist"":3.51105}",1.11319,7.01319,0,8.5,6.2,0.680624,6.2,5.9,0.004191,-0.015462,-0.011271,-0.0139938333333333,0.00191814843644657,0.482957,0.680624,0.608288333333333,0.0683014761112064
135.122787,"P13","Occ_MO_1.2",100,62,3144.631836,7656.550781,128.334076,-0.004028,0.040574,27.7777,4.3,7.2,"{""type"":""M"",""msg"":""FADE0"",""time"":135.079,""dist"":3.59344}",2.22479199999998,6.52479199999998,0,15.2,19.8,0.246925,15.2,4.3,0.002849,-0.006877,-0.004028,-0.00486517391304348,0.000881933498429544,-0.033325,0.246925,0.0457089130434783,0.0843596098637003
139.25827,"P13","Occ_MO_1.2",100,63,3077.509766,7749.751465,122.649345,-0.012451,0.154408,27.7778,6.6,3.8,"{""type"":""M"",""msg"":""FADE0"",""time"":139.219,""dist"":3.70845}",3.63185100000001,7.43185100000001,0,27.4,23.1,0.177005,23.1,3.8,0.003336,-0.013102,-0.009766,-0.0120474864864865,0.000742945288161383,0.154408,0.483606,0.372471513513513,0.101798577777836
143.207031,"P13","Occ_MO_1.2",100,64,3021.156006,7843.875,118.958076,-0.010417,-0.809958,27.7777,7.5,2.1,"{""type"":""M"",""msg"":""FADE0"",""time"":143.197,""dist"":3.81899}",3.443252,5.543252,0,27.9,5.5,-0.059344,5.5,2.1,0.006551,-0.010417,-0.003866,-0.00698362857142857,0.00207446103681831,-0.809958,-0.059344,-0.524988342857143,0.210206226962524
145.031937,"P13","Occ_MO_1.2",100,65,2996.796387,7888.345703,119.412964,0.004323,-0.535168,27.7774,2.4,3.8,"{""type"":""M"",""msg"":""FADE0"",""time"":144.945,""dist"":3.86755}",1.32070999999999,3.72070999999999,0,8.7,10.9,-0.916572,8.7,2.4,0.012217,-0.002523,0.009694,0.006862,0.00370816502412633,-0.967581,-0.535168,-0.849230857142857,0.140580733166094
146.347443,"P13","Occ_MO_1.2",100,66,2979.163086,7920.36084,117.578789,-0.016968,0.706601,27.7764,9.7,8,"{""type"":""M"",""msg"":""FADE0"",""time"":146.27,""dist"":3.90436}",0.807465000000008,8.80746500000001,0,2.7,17.2,-0.014677,2.7,8,0.004354,-0.016968,-0.012614,-0.0163032222222222,0.00139477442421506,-0.014677,0.706601,0.369029444444444,0.247552670852645
147.560684,"P13","Occ_MO_1.2",100,67,2964.263428,7950.59375,114.418625,-0.019979,1.044541,27.7761,5.5,4,"{""type"":""M"",""msg"":""FADE0"",""time"":147.485,""dist"":3.93812}",0.706435999999997,4.706436,0,6.6,5.2,0.987895,5.2,4,0.002653,-0.022632,-0.019979,-0.022023625,0.00091954615164221,0.987895,1.075649,1.048274625,0.030300677545171
149.275726,"P13","Occ_MO_1.2",100,68,2945.481445,7994.38916,112.355812,-0.004883,0.252195,27.7795,12.4,15.7,"{""type"":""M"",""msg"":""FADE0"",""time"":149.21,""dist"":3.98607}",1.21104399999999,13.611044,0,8.3,5.4,0.850587,5.4,12.4,0.005696,-0.010579,-0.004883,-0.00739315384615385,0.00212877746003639,0.252195,0.850587,0.546608307692308,0.196816948036911
151.195145,"P13","Occ_MO_1.2",100,69,2925.528076,8043.849609,111.711014,-0.003377,-0.060575,27.7779,4.8,7.7,"{""type"":""M"",""msg"":""FADE0"",""time"":151.141,""dist"":4.03973}",1.41546700000001,6.21546700000001,0,7.8,10.4,0.058326,7.8,4.8,0.00236,-0.003377,-0.001017,-0.00180413333333333,0.000716206361589279,-0.102634,0.058326,-0.0581146,0.0501215850005906
153.420837,"P13","Occ_MO_1.2",100,70,2903.717285,8101.710449,109.053452,-0.012614,0.3317,27.7775,8.8,5.9,"{""type"":""M"",""msg"":""FADE0"",""time"":153.341,""dist"":4.10084}",1.720947,7.620947,0,6.5,12.6,0.056812,6.5,5.9,0.005208,-0.012614,-0.007406,-0.0113524444444444,0.00130825807951428,0.056812,0.331943,0.238259833333333,0.0913730971993076
155.542206,"P13","Occ_MO_1.2",100,71,2885.725342,8157.837891,106.735214,-0.006551,-0.012782,27.7783,12.6,16.9,"{""type"":""M"",""msg"":""FADE0"",""time"":155.464,""dist"":4.15983},{""type"":""T"",""step"":""Start"",""trigger"":""Stop"",""time"":155.504,""dist"":4.16095}",1.616028,14.216028,0,7.8,5,0.286981,5,12.6,0.006388,-0.012614,-0.006226,-0.00774558823529412,0.00182151657482246,-0.012782,0.286981,0.129035235294118,0.098458195028099
156.768356,"P13","Occ_MO_1.2",100,72,2876.221924,8190.554688,105.617386,-0.005697,-0.135659,27.7781,9.2,12.8,"{""type"":""M"",""msg"":""FADE0"",""time"":156.753,""dist"":4.19566}",0.714309000000014,9.91430900000001,0,27.2,31.5,-0.069516,27.2,9.2,0.00236,-0.008057,-0.005697,-0.006927625,0.000896711601591376,-0.135659,-0.069516,-0.1044895,0.0234585928210295
12.511238,"P14","Occ_MO_1.2",100,1,5768.748535,8326.980469,-100.161957,-0.010091,0.858123,26.9169,18.6,14.9,"{""type"":""M"",""msg"":""FADE0"",""time"":12.4556,""dist"":0.18575}",0.302371000000001,15.202371,0,2.6,8.3,0.797758,2.6,14.9,0.004191,-0.010091,-0.0059,-0.00857525,0.00198988046123379,0.797758,0.858123,0.82765825,0.026009151791565
13.420514,"P14","Occ_MO_1.2",100,2,5764.091797,8302.615234,-101.740616,-0.015625,0.927015,27.5252,7.3,5.4,"{""type"":""M"",""msg"":""FADE0"",""time"":13.3543,""dist"":0.210232}",0.403376000000002,5.803376,0,8.3,6.3,0.931164,6.3,5.4,0.001018,-0.016317,-0.015299,-0.015804,0.000482277928170055,0.927015,0.937027,0.9327982,0.00389622274773914
14.229855,"P14","Occ_MO_1.2",100,3,5759.330566,8280.790039,-102.843277,-0.005697,0.767481,27.6283,8.5,13.6,"{""type"":""M"",""msg"":""FADE0"",""time"":14.2134,""dist"":0.23394}",0.302632000000001,8.802632,0,15.2,9.9,0.838268,9.9,8.5,0.003377,-0.009074,-0.005697,-0.007304,0.00138996139035107,0.767481,0.838268,0.8029135,0.0304921650537752
15.136244,"P14","Occ_MO_1.2",100,4,5753.654297,8256.364258,-103.306473,-0.000163,0.656938,27.7004,2.7,5.7,"{""type"":""M"",""msg"":""FADE0"",""time"":15.0786,""dist"":0.257875}",0.402013999999999,3.102014,0,5.2,9.3,0.681203,5.2,2.7,0.004191,-0.004354,-0.000163,-0.0026206,0.00178884719861703,0.656938,0.681203,0.6659582,0.0101016183208434
16.256733,"P14","Occ_MO_1.2",100,5,5746.373047,8226.141602,-104.04911,-0.009562,0.834004,27.761,23,18.6,"{""type"":""M"",""msg"":""FADE0"",""time"":16.1581,""dist"":0.287819}",0.608601,19.208601,0,2.9,7.6,0.70954,2.9,18.6,0.004558,-0.009766,-0.005208,-0.00756271428571429,0.00175217623868964,0.70954,0.834004,0.770399428571429,0.0450749024841139
17.166508,"P14","Occ_MO_1.2",100,6,5740.013672,8201.68457,-105.449257,-0.016642,0.959817,27.7736,7.1,5.4,"{""type"":""M"",""msg"":""FADE0"",""time"":17.1582,""dist"":0.315599}",0.504061,5.904061,0,15,11.8,0.910802,11.8,5.4,0.005737,-0.016642,-0.010905,-0.0149535,0.00227961354180923,0.910802,0.959817,0.941832833333333,0.0193994070158514
18.280592,"P14","Occ_MO_1.2",100,7,5731.323242,8171.977051,-107.023697,-0.005371,0.744832,27.7785,8.5,13.2,"{""type"":""M"",""msg"":""FADE0"",""time"":18.1886,""dist"":0.344226}",0.609559999999998,9.10956,0,8.6,6.1,0.896507,6.1,8.5,0.006877,-0.012248,-0.005371,-0.00832985714285714,0.00270927206881427,0.744832,0.896507,0.821756142857143,0.0551566185766452
19.48774,"P14","Occ_MO_1.2",100,8,5721.304199,8139.96582,-107.693588,-0.00354,0.597582,27.7785,3.9,7.6,"{""type"":""M"",""msg"":""FADE0"",""time"":19.4126,""dist"":0.37824}",0.703817999999998,4.603818,0,6.7,11.1,0.646994,6.7,3.9,0.001872,-0.004883,-0.003011,-0.003596125,0.000677387510429381,0.596723,0.646994,0.61282225,0.0187114174674945
20.601357,"P14","Occ_MO_1.2",100,9,5711.716797,8110.545898,-108.803757,-0.015625,0.715814,27.7771,7.5,5.5,"{""type"":""M"",""msg"":""FADE0"",""time"":20.5481,""dist"":0.409789}",0.607312,6.107312,0,3.5,8.1,0.640871,3.5,5.5,0.010579,-0.015625,-0.005046,-0.0112887142857143,0.00410562072912593,0.640871,0.715814,0.682528428571429,0.0279878741413559
21.817457,"P14","Occ_MO_1.2",100,10,5700.395508,8078.710449,-110.155098,-0.005046,0.624557,27.7784,5.4,10.1,"{""type"":""M"",""msg"":""FADE0"",""time"":21.7659,""dist"":0.443627}",0.709585000000001,6.109585,0,28.7,35.9,0.688678,28.7,5.4,0.002685,-0.007731,-0.005046,-0.00602725,0.00110392400747774,0.624557,0.688678,0.651983625,0.0230608104673429
22.927219,"P14","Occ_MO_1.2",100,11,5689.570801,8049.836914,-111.13353,-0.010742,0.649081,27.7778,12.6,9.2,"{""type"":""M"",""msg"":""FADE0"",""time"":22.9111,""dist"":0.475449}",0.604234000000002,9.804234,0,7.5,14.7,0.625205,7.5,9.2,0.003865,-0.010742,-0.006877,-0.00837642857142857,0.00146694624499819,0.625205,0.649081,0.637336142857143,0.00886068530887183
24.14089,"P14","Occ_MO_1.2",100,12,5676.994141,8018.548828,-112.805397,-0.010254,0.550002,27.7776,10.8,7,"{""type"":""M"",""msg"":""FADE0"",""time"":24.0571,""dist"":0.507291}",0.707507999999997,7.707508,0,11.3,8,0.643655,8,7,0.003011,-0.013265,-0.010254,-0.011423875,0.00127788233725063,0.550002,0.643655,0.60436175,0.0334024041810081
25.252159,"P14","Occ_MO_1.2",100,13,5664.754395,7990.201172,-113.798965,-0.003377,0.312373,27.7782,6.1,9.3,"{""type"":""M"",""msg"":""FADE0"",""time"":25.218,""dist"":0.539548}",0.605758999999999,6.705759,0,23.5,28.5,0.436763,23.5,6.1,0.003866,-0.007243,-0.003377,-0.00500471428571429,0.00132901150161636,0.312373,0.436763,0.370415142857143,0.0452247777751259
26.465464,"P14","Occ_MO_1.2",100,14,5651.047852,7959.400391,-114.060303,0,0.374081,27.778,1.2,2.5,"{""type"":""M"",""msg"":""FADE0"",""time"":26.4024,""dist"":0.572458}",0.707028000000001,1.907028,0,4.8,7.9,0.274691,4.8,1.2,0.003337,-0.003011,0.000326,-0.000360875,0.00115906125038449,0.274691,0.374081,0.308121375,0.0364371369815291
27.476091,"P14","Occ_MO_1.2",100,15,5639.492676,7933.807617,-114.911674,-0.011759,0.804666,27.7768,15.1,12.3,"{""type"":""M"",""msg"":""FADE0"",""time"":27.4161,""dist"":0.600623}",0.504911,12.804911,0,3.4,19.5,0.580208,3.4,12.3,0.001342,-0.011759,-0.010417,-0.010966,0.000434772124221414,0.580208,0.804666,0.694584166666667,0.0841858266489477
28.484877,"P14","Occ_MO_1.2",100,16,5627.324219,7908.55957,-116.893921,-0.015299,1.004353,27.7766,7.6,5.6,"{""type"":""M"",""msg"":""FADE0"",""time"":28.4087,""dist"":0.628202}",0.504752,6.104752,0,6.7,5.2,0.969144,5.2,5.6,0.00468,-0.019979,-0.015299,-0.0175101666666667,0.0018059380295754,0.969144,1.008968,0.996594833333333,0.0153606751468374
29.49633,"P14","Occ_MO_1.2",100,17,5614.301758,7883.655762,-118.240265,-0.005046,0.794413,27.7789,7.4,11.8,"{""type"":""M"",""msg"":""FADE0"",""time"":29.4136,""dist"":0.656125}",0.507818,7.907818,0,10.1,7,0.924941,7,7.4,0.005859,-0.010905,-0.005046,-0.0078125,0.00251417841451238,0.794413,0.924941,0.859777666666667,0.0492719557787862
30.506138,"P14","Occ_MO_1.2",100,18,5600.897461,7859.005371,-118.824867,-0.003377,0.638996,27.7784,4,7.6,"{""type"":""M"",""msg"":""FADE0"",""time"":30.4768,""dist"":0.685668}",0.504318000000001,4.504318,0,5.7,9.7,0.69102,5.7,4,0.000977,-0.004354,-0.003377,-0.00381133333333333,0.000336239597112932,0.638996,0.69102,0.661270833333333,0.0196546042790657
31.515373,"P14","Occ_MO_1.2",100,19,5587.269043,7834.49707,-119.583939,-0.010091,0.721625,27.7773,18.6,13.7,"{""type"":""M"",""msg"":""FADE0"",""time"":31.4835,""dist"":0.713642}",0.507629000000001,14.207629,0,3.4,7.6,0.657138,3.4,13.7,0.005534,-0.010091,-0.004557,-0.008355,0.00238811616132884,0.657138,0.721625,0.689182,0.0244480908620694
32.527573,"P14","Occ_MO_1.2",100,20,5573.117188,7810.193848,-121.09877,-0.01359,0.740188,27.7769,8.2,5.8,"{""type"":""M"",""msg"":""FADE0"",""time"":32.5162,""dist"":0.742335}",0.505215,6.305215,0,9.3,6.9,0.761692,6.9,5.8,0.000161999999999999,-0.01359,-0.013428,-0.013563,6.61362230551454e-05,0.740188,0.762927,0.755657166666667,0.0088859943150256
33.639606,"P14","Occ_MO_1.2",100,21,5556.841309,7783.930176,-122.40213,-0.006226,0.506061,27.7787,10,14.3,"{""type"":""M"",""msg"":""FADE0"",""time"":33.6126,""dist"":0.772799}",0.607844999999998,10.607845,0,19.2,23.8,0.643715,19.2,10,0.001342,-0.007568,-0.006226,-0.00716157142857143,0.000505322292252795,0.506061,0.643715,0.572784714285714,0.0497819553275893
34.852859,"P14","Occ_MO_1.2",100,22,5538.543457,7755.616699,-123.373734,-0.005371,0.337787,27.7782,6.6,10.4,"{""type"":""M"",""msg"":""FADE0"",""time"":34.8296,""dist"":0.806615}",0.707050000000002,7.30705,0,14.3,19.2,0.419623,14.3,6.6,0.002035,-0.007406,-0.005371,-0.00608825,0.000874703664105736,0.337787,0.419623,0.37430075,0.0288901539468281
36.267189,"P14","Occ_MO_1.2",100,23,5516.631348,7722.995117,-124.456032,-0.005534,0.387709,27.7779,4.5,8.4,"{""type"":""M"",""msg"":""FADE0"",""time"":36.2064,""dist"":0.844872}",0.909973000000001,5.409973,0,7.7,12.4,0.326829,7.7,4.5,0.00118,-0.006714,-0.005534,-0.0060427,0.000465525760117884,0.326829,0.387709,0.347955,0.0211457919428166
37.378887,"P14","Occ_MO_1.2",100,24,5498.916992,7697.691406,-125.888809,-0.013265,0.550136,27.7769,9.8,6.9,"{""type"":""M"",""msg"":""FADE0"",""time"":37.334,""dist"":0.876201}",0.604144999999995,7.504145,0,11,8.1,0.479874,8.1,6.9,0,-0.013265,-0.013265,-0.013265,0,0.479874,0.550136,0.521226571428571,0.0259151099737659
38.691456,"P14","Occ_MO_1.2",100,25,5477.105957,7668.463867,-127.365356,-0.003866,0.475588,27.7785,4.2,7.4,"{""type"":""M"",""msg"":""FADE0"",""time"":38.6134,""dist"":0.911751}",0.807724,5.007724,0,9.8,6.6,0.535709,6.6,4.2,0.008585,-0.012451,-0.003866,-0.00661011111111111,0.00297872260559977,0.475588,0.535709,0.499185444444444,0.0225042462166094
39.902348,"P14","Occ_MO_1.2",100,26,5456.543945,7641.831543,-128.005188,-0.004354,0.687617,27.7779,1.9,5.3,"{""type"":""M"",""msg"":""FADE0"",""time"":39.8343,""dist"":0.945676}",0.706795000000007,2.60679500000001,0,3.2,6.4,0.512992,3.2,1.9,0.000814,-0.004354,-0.00354,-0.0039265,0.000300556626468767,0.512992,0.687617,0.589575125,0.061591676665039
40.813828,"P14","Occ_MO_1.2",100,27,5440.802734,7621.992676,-129.303345,-0.018148,1.023321,27.7762,8.1,6.3,"{""type"":""M"",""msg"":""FADE0"",""time"":40.7744,""dist"":0.971796}",0.404446,6.704446,0,11.9,9.6,0.888077,9.6,6.3,0.003377,-0.018148,-0.014771,-0.0166018,0.00160625549026299,0.888077,1.023321,0.9593974,0.0536070514699326
41.624584,"P14","Occ_MO_1.2",100,28,5426.296875,7604.760742,-131.411407,-0.024585,1.037206,27.775,4.7,3.4,"{""type"":""M"",""msg"":""FADE0"",""time"":41.5763,""dist"":0.994078}",0.306038000000001,3.706038,0,5.7,4.3,1.083055,4.3,3.4,0.004046,-0.027236,-0.02319,-0.02556175,0.00201539613558559,1.037206,1.083055,1.065413,0.020679443496703
42.637669,"P14","Occ_MO_1.2",100,29,5407.367188,7583.928223,-132.799591,-0.004028,0.533264,27.78,7.3,10.2,"{""type"":""M"",""msg"":""FADE0"",""time"":42.5948,""dist"":1.02238}",0.508171000000004,7.808171,0,18.6,22.8,0.797663,18.6,7.3,0.003378,-0.007406,-0.004028,-0.0052965,0.00162042460484899,0.533264,0.797663,0.661210166666667,0.0992469893979997
43.74733,"P14","Occ_MO_1.2",100,30,5386.326172,7561.388184,-133.183594,-0.002686,0.260527,27.7787,4,6.7,"{""type"":""M"",""msg"":""FADE0"",""time"":43.6475,""dist"":1.05163}",0.606468,4.606468,0,5,7.4,0.346778,5,4,0.001994,-0.002686,-0.000692,-0.001494,0.000729805225157142,0.260527,0.346778,0.291501,0.0323966860805237
44.965252,"P14","Occ_MO_1.2",100,31,5362.978516,7536.891602,-134.311859,-0.009766,0.415499,27.7773,10.7,32.4,"{""type"":""M"",""msg"":""FADE0"",""time"":44.9389,""dist"":1.08751}",0.811236999999998,11.511237,0,4.7,8.4,0.288207,4.7,10.7,0.00354,-0.009766,-0.006226,-0.00884811111111111,0.00108417565971161,0.288207,0.415499,0.349299888888889,0.0439038840777341
46.083176,"P14","Occ_MO_1.2",100,32,5341.015137,7514.928711,-135.958649,-0.013794,0.585197,27.7772,10,7.2,"{""type"":""M"",""msg"":""FADE0"",""time"":46.0018,""dist"":1.11705}",0.611729000000004,7.811729,0,13.6,10.4,0.507492,10.4,7.2,0.001343,-0.013794,-0.012451,-0.0134855714285714,0.000466228791168334,0.507492,0.585197,0.551423571428571,0.0285064868106491
47.293224,"P14","Occ_MO_1.2",100,33,5316.466797,7491.95752,-137.778305,-0.006388,0.47298,27.7782,7.4,11.9,"{""type"":""M"",""msg"":""FADE0"",""time"":47.2582,""dist"":1.15196}",0.704661999999999,8.104662,0,7.7,5.4,0.580101,5.4,7.4,0.008911,-0.015299,-0.006388,-0.010569,0.00356284954174925,0.47298,0.580101,0.529266,0.0387343139089877
48.712593,"P14","Occ_MO_1.2",100,34,5287.030762,7465.709961,-138.850616,-0.007243,0.49395,27.7781,4.8,10.3,"{""type"":""M"",""msg"":""FADE0"",""time"":48.7029,""dist"":1.1921}",0.910804999999996,5.710805,0,5.3,9.1,0.425707,5.3,4.8,0.001872,-0.007243,-0.005371,-0.0059977,0.000841222397599007,0.423347,0.49395,0.4461978,0.0250584891749948
50.035809,"P14","Occ_MO_1.2",100,35,5259.056641,7441.854492,-140.733673,-0.014445,0.705441,27.7766,8.5,6.2,"{""type"":""M"",""msg"":""FADE0"",""time"":49.9866,""dist"":1.22777}",0.813817,7.013817,0,4.4,12.3,0.590661,4.4,6.2,0.008749,-0.016968,-0.008219,-0.0139792222222222,0.0030006779558034,0.590661,0.705441,0.661736444444444,0.0417088307649325
51.246231,"P14","Occ_MO_1.2",100,36,5232.736816,7420.918457,-142.283386,-0.006877,0.598491,27.7782,9,14.8,"{""type"":""M"",""msg"":""FADE0"",""time"":51.2212,""dist"":1.26207}",0.706695000000003,9.706695,0,14.1,9.9,0.67571,9.9,9,0.00354,-0.010417,-0.006877,-0.00926225,0.00141880107837568,0.598491,0.67571,0.638400125,0.0273583458117184
52.557911,"P14","Occ_MO_1.2",100,37,5203.708008,7398.880371,-143.434341,-0.006877,0.555708,27.778,6.5,12.5,"{""type"":""M"",""msg"":""FADE0"",""time"":52.5023,""dist"":1.29767}",0.808101999999998,7.308102,0,8.6,15.3,0.56131,8.6,6.5,0.000691,-0.007568,-0.006877,-0.007401,0.000240825144036083,0.551636,0.56131,0.554783111111111,0.00314867688261452
53.870834,"P14","Occ_MO_1.2",100,38,5174.205078,7377.424805,-144.76033,-0.010579,0.672594,27.7772,15.1,11.4,"{""type"":""M"",""msg"":""FADE0"",""time"":53.816,""dist"":1.33417}",0.808315,12.208315,0,5.1,11.2,0.587121,5.1,11.4,0.003702,-0.010579,-0.006877,-0.00931344444444444,0.00133149071636935,0.587121,0.672594,0.630791666666667,0.0298272289317999
55.285404,"P14","Occ_MO_1.2",100,39,5141.754395,7355.251953,-146.707565,-0.010742,0.644354,27.7776,11.3,7.8,"{""type"":""M"",""msg"":""FADE0"",""time"":55.1839,""dist"":1.37218}",0.910514999999997,8.710515,0,13.7,10.1,0.699765,10.1,7.8,0.00236,-0.013102,-0.010742,-0.011621,0.00105944912310334,0.644354,0.701875,0.6832557,0.0204816815881357
56.599926,"P14","Occ_MO_1.2",100,40,5110.970215,7335.596191,-148.106018,-0.007894,0.407752,27.7783,40.1,48,"{""type"":""M"",""msg"":""FADE0"",""time"":56.5583,""dist"":1.41037}",0.909912000000006,41.009912,0,10.5,7,0.578628,7,40.1,0.004679,-0.010742,-0.006063,-0.00778,0.00175873818403991,0.407752,0.578628,0.4895275,0.0584915579915408
57.914978,"P14","Occ_MO_1.2",100,41,5079.757324,7316.599609,-149.093018,-0.00236,0.266137,27.7782,4.3,7.2,"{""type"":""M"",""msg"":""FADE0"",""time"":57.9109,""dist"":1.44795}",0.808574999999998,5.108575,0,25.1,33.2,0.332263,25.1,4.3,0.005208,-0.007568,-0.00236,-0.00422266666666667,0.0018446610799819,0.264773,0.332263,0.288120111111111,0.024570690753642
59.229794,"P14","Occ_MO_1.2",100,42,5048.298828,7298.024902,-150.140472,-0.010091,0.494568,27.7772,17.4,13.4,"{""type"":""M"",""msg"":""FADE0"",""time"":59.1643,""dist"":1.48278}",0.806529999999995,14.20653,0,4.1,7.9,0.323976,4.1,13.4,0.005208,-0.010091,-0.004883,-0.00861266666666667,0.00200371791926908,0.323976,0.494568,0.410190444444444,0.0593409598846175
60.438213,"P14","Occ_MO_1.2",100,43,5018.974609,7281.672363,-151.803604,-0.012614,0.620724,27.7771,9.2,6.6,"{""type"":""M"",""msg"":""FADE0"",""time"":60.3434,""dist"":1.51554}",0.705062999999996,7.305063,0,16.5,12.5,0.573866,12.5,6.6,0.002523,-0.012614,-0.010091,-0.012064625,0.00095266677392615,0.573866,0.621732,0.605457625,0.0176442772587075
61.754765,"P14","Occ_MO_1.2",100,44,4986.48877,7264.85791,-153.40773,-0.007568,0.445157,27.7782,28,34.6,"{""type"":""M"",""msg"":""FADE0"",""time"":61.7351,""dist"":1.55421}",0.809612999999999,28.809613,0,9.9,6.7,0.579377,6.7,28,0.00354,-0.011108,-0.007568,-0.00855822222222222,0.00136953101258951,0.445157,0.579377,0.513036222222222,0.0463620679968489
63.168804,"P14","Occ_MO_1.2",100,45,4951.176758,7247.630371,-154.534668,-0.004883,0.265861,27.778,6.5,10.4,"{""type"":""M"",""msg"":""FADE0"",""time"":63.0707,""dist"":1.59132}",0.908996000000002,7.408996,0,20.5,26.8,0.364108,20.5,6.5,0.00236,-0.007243,-0.004883,-0.0054608,0.00070156836999524,0.265861,0.364108,0.3066264,0.0338664800985675
64.687881,"P14","Occ_MO_1.2",100,46,4912.914062,7229.8125,-155.675888,-0.007039,0.39635,27.7776,6.6,13.3,"{""type"":""M"",""msg"":""FADE0"",""time"":64.6043,""dist"":1.63393}",1.112697,7.712697,0,5.5,9.4,0.268334,5.5,6.6,0.002319,-0.007039,-0.00472,-0.00642233333333333,0.000684620576183139,0.268334,0.39635,0.32464025,0.0426082587323695
65.900688,"P14","Occ_MO_1.2",100,47,4882.067383,7216.246094,-156.890259,-0.007243,0.568126,27.7779,5.9,13.8,"{""type"":""M"",""msg"":""FADE0"",""time"":65.8571,""dist"":1.66875}",0.707069000000004,6.607069,0,20.9,15.5,0.4728,15.5,5.9,0.002156,-0.009399,-0.007243,-0.007680375,0.000805066978136424,0.4728,0.568126,0.51979825,0.0331233716656382
67.11071,"P14","Occ_MO_1.2",100,48,4851.006348,7203.380859,-158.436401,-0.013428,0.709947,27.7769,8.7,6.3,"{""type"":""M"",""msg"":""FADE0"",""time"":67.0861,""dist"":1.70289}",0.704978999999994,7.00497899999999,0,14.6,11.1,0.64825,11.1,6.3,0.002686,-0.013428,-0.010742,-0.01243075,0.00101328415842462,0.64825,0.709947,0.687482875,0.0228459470581139
68.524612,"P14","Occ_MO_1.2",100,49,4814.239258,7189.54541,-160.242874,-0.007894,0.49047,27.7782,33.5,37.7,"{""type"":""M"",""msg"":""FADE0"",""time"":68.4339,""dist"":1.74034}",0.909133000000011,34.409133,0,8.4,5.8,0.669365,5.8,33.5,0.00472,-0.012614,-0.007894,-0.0090699,0.00166468178140248,0.49047,0.669365,0.5831959,0.0609631591763966
69.936943,"P14","Occ_MO_1.2",100,50,4777.193359,7176.598145,-161.061447,-0.00236,0.324144,27.7782,3.9,6.9,"{""type"":""M"",""msg"":""FADE0"",""time"":69.8769,""dist"":1.78044}",0.907768000000004,4.807768,0,9.3,13.3,0.388227,9.3,3.9,0.003011,-0.005371,-0.00236,-0.0027954,0.000976920240119712,0.315674,0.388227,0.3372039,0.0251987876932822
71.352478,"P14","Occ_MO_1.2",100,51,4739.90918,7164.074707,-162.129715,-0.009237,0.64345,27.7773,1e+06,1e+06,"{""type"":""M"",""msg"":""FADE0"",""time"":71.2533,""dist"":1.81868}",0.911102,1000000.911102,0,3.5,7.3,0.402897,3.5,1e+06,0.00468,-0.009237,-0.004557,-0.0078613,0.00157624927879092,0.402897,0.64345,0.5225223,0.0817331148148928
72.561317,"P14","Occ_MO_1.2",100,52,4707.814941,7154.174316,-163.949371,-0.015137,0.832499,27.7769,7.7,5.6,"{""type"":""M"",""msg"":""FADE0"",""time"":72.5358,""dist"":1.85432}",0.704917000000009,6.30491700000001,0,10.8,8.3,0.763376,8.3,5.6,0.001872,-0.015137,-0.013265,-0.014562,0.00069804789029325,0.763376,0.833807,0.8104815,0.0260839328596853
73.777214,"P14","Occ_MO_1.2",100,53,4675.207031,7145.34375,-165.879868,-0.013265,0.574965,27.7777,6.8,4.4,"{""type"":""M"",""msg"":""FADE0"",""time"":73.7601,""dist"":1.88834}",0.706581,5.106581,0,8.6,6,0.771748,6,4.4,0.000651,-0.013265,-0.012614,-0.012817375,0.000225925991358738,0.574965,0.771748,0.681970625,0.0689034197470582
74.984612,"P14","Occ_MO_1.2",100,54,4642.56543,7137.598633,-167.220245,-0.003011,0.008332,27.7788,8.5,11,"{""type"":""M"",""msg"":""FADE0"",""time"":74.9753,""dist"":1.9221}",0.704269999999994,9.20426999999999,0,7.4,4.1,0.353828,4.1,8.5,0.007568,-0.010579,-0.003011,-0.005915125,0.0025282608046696,0.008332,0.353828,0.176438625,0.121636763131567
76.198189,"P14","Occ_MO_1.2",100,55,4609.65918,7130.230957,-167.289719,0.002655,-0.231709,27.778,3.5,5.3,"{""type"":""M"",""msg"":""FADE0"",""time"":76.1548,""dist"":1.95488}",0.708472999999998,4.208473,0,7.2,9.6,-0.168355,7.2,3.5,0.005666,-0.002523,0.003143,0.001981,0.00202557371061703,-0.245457,-0.168355,-0.221447625,0.0273249928816485
77.511139,"P14","Occ_MO_1.2",100,56,4574.055664,7122.276367,-167.810165,-0.0059,0.326031,27.7774,2.5,5.8,"{""type"":""M"",""msg"":""FADE0"",""time"":77.441,""dist"":1.99062}",0.808525000000003,3.308525,0,3.3,5.7,-0.085788,3.3,2.5,0.00354,-0.0059,-0.00236,-0.00541177777777778,0.00117875291916688,-0.085788,0.326031,0.111811777777778,0.141501692413711
78.422073,"P14","Occ_MO_1.2",100,57,4549.277344,7117.114746,-169.047485,-0.016479,0.852247,27.7765,9.6,7.7,"{""type"":""M"",""msg"":""FADE0"",""time"":78.4088,""dist"":2.01751}",0.404426000000001,8.104426,0,2.2,18.8,0.630925,2.2,7.7,0.00472,-0.016479,-0.011759,-0.015161,0.00203324174657122,0.630925,0.852247,0.7452926,0.0875561535947074
79.427048,"P14","Occ_MO_1.2",100,58,4521.784668,7112.245605,-171.51947,-0.019491,1.067416,27.7748,5.9,4.3,"{""type"":""M"",""msg"":""FADE0"",""time"":79.3898,""dist"":2.04476}",0.503296000000006,4.80329600000001,0,10,7.9,1.032296,7.9,4.3,0.012378,-0.027515,-0.015137,-0.0226585,0.00480223763468656,1.032296,1.081103,1.06529816666667,0.0183302512521423
80.436729,"P14","Occ_MO_1.2",100,59,4493.980469,7108.519531,-173.087326,-0.005371,0.658872,27.7795,10,13.3,"{""type"":""M"",""msg"":""FADE0"",""time"":80.3393,""dist"":2.07114}",0.505279000000002,10.505279,0,7.7,5.1,0.898417,5.1,10,0.00708,-0.012451,-0.005371,-0.00826,0.00243859106862959,0.658872,0.898417,0.778373333333333,0.0898285676957318
81.448929,"P14","Occ_MO_1.2",100,60,4466.041992,7105.271973,-173.655899,-0.00354,0.324215,27.7791,5.7,8.6,"{""type"":""M"",""msg"":""FADE0"",""time"":81.418,""dist"":2.10112}",0.506813000000008,6.20681300000001,0,7.6,10.7,0.458285,7.6,5.7,0.001017,-0.004557,-0.00354,-0.0038995,0.000390475479383789,0.324215,0.458285,0.385924833333333,0.0504927248043386
82.664108,"P14","Occ_MO_1.2",100,61,4432.46582,7101.70166,-174.305252,-0.005046,0.325551,27.7781,4,7.4,"{""type"":""M"",""msg"":""FADE0"",""time"":82.6029,""dist"":2.13404}",0.709571999999994,4.70957199999999,0,4.7,7.6,0.27132,4.7,4,0.001343,-0.005046,-0.003703,-0.004750875,0.000516091475142039,0.271034,0.325551,0.289670125,0.0202237043408931
83.674103,"P14","Occ_MO_1.2",100,62,4404.522461,7099.114258,-175.383423,-0.012614,0.557014,27.777,14,10.7,"{""type"":""M"",""msg"":""FADE0"",""time"":83.6564,""dist"":2.16332}",0.504601000000008,11.204601,0,6.7,17.6,0.435162,6.7,10.7,0.003052,-0.012614,-0.009562,-0.0110811666666667,0.0010607119150206,0.435162,0.557014,0.497443833333333,0.0458128044259099
84.985657,"P14","Occ_MO_1.2",100,63,4368.15625,7096.806641,-177.624146,-0.015137,0.644051,27.777,7.9,5.4,"{""type"":""M"",""msg"":""FADE0"",""time"":84.94,""dist"":2.19898}",0.808113000000006,6.20811300000001,0,11.6,8.6,0.641957,8.6,5.4,0.001872,-0.015137,-0.013265,-0.014721,0.000709786059316467,0.641957,0.668443,0.65768,0.00973574076534497
86.195007,"P14","Occ_MO_1.2",100,64,4334.566406,7095.91748,-179.174805,-0.005371,0.365702,27.7787,6.5,9.9,"{""type"":""M"",""msg"":""FADE0"",""time"":86.094,""dist"":2.23105}",0.70613800000001,7.20613800000001,0,10.1,6.4,0.541527,6.4,6.5,0.006388,-0.011759,-0.005371,-0.007497125,0.00207798504308518,0.365702,0.541527,0.4489355,0.0624774115843936
87.3041,"P14","Occ_MO_1.2",100,65,4303.75,7095.672852,-179.985519,-0.0059,0.307092,27.7781,4.8,8.5,"{""type"":""M"",""msg"":""FADE0"",""time"":87.2835,""dist"":2.2641}",0.705666000000008,5.50566600000001,0,6.1,9.6,0.309611,6.1,4.8,0.000203,-0.0059,-0.005697,-0.005874625,7.17713382904346e-05,0.29391,0.309611,0.30014,0.0058670595214785
88.714981,"P14","Occ_MO_1.2",100,66,4264.551758,7096.10498,178.19902,-0.015951,0.531513,27.7764,7.9,5.6,"{""type"":""M"",""msg"":""FADE0"",""time"":88.6168,""dist"":2.30115}",0.908141999999998,6.508142,0,3.8,7.6,0.379,3.8,5.6,0.009888,-0.015951,-0.006063,-0.0131227,0.00338287619407575,0.379,0.531513,0.4675747,0.054005653551889
90.132759,"P14","Occ_MO_1.2",100,67,4225.209961,7098.075684,176.082062,-0.010091,0.382154,27.778,14.3,9,"{""type"":""M"",""msg"":""FADE0"",""time"":90.031,""dist"":2.34044}",1.01374799999999,10.013748,0,9.8,6.7,0.524619,6.7,9,0.002686,-0.012777,-0.010091,-0.0110750909090909,0.000808138039513728,0.382154,0.524619,0.460587363636364,0.0477155315327677
91.349274,"P14","Occ_MO_1.2",100,68,4191.510254,7100.706055,175.101791,-0.004354,0.234669,27.7785,4.9,8.1,"{""type"":""M"",""msg"":""FADE0"",""time"":91.3087,""dist"":2.37594}",0.812248999999994,5.712249,0,16.2,23.1,0.30771,16.2,4.9,0.003377,-0.007731,-0.004354,-0.004788,0.00111740581258556,0.233655,0.30771,0.257887111111111,0.0268404303358033
92.763618,"P14","Occ_MO_1.2",100,69,4152.385254,7104.388184,173.824921,-0.010417,0.472475,27.7774,19,14.9,"{""type"":""M"",""msg"":""FADE0"",""time"":92.6651,""dist"":2.41363}",0.907233999999988,15.807234,0,4.8,9.1,0.289235,4.8,14.9,0.004029,-0.010417,-0.006388,-0.0090535,0.00132669985301876,0.289235,0.472475,0.3805684,0.0624084455506179
93.973198,"P14","Occ_MO_1.2",100,70,4119.022461,7108.435059,172.211853,-0.008748,0.62391,27.7777,41,33.6,"{""type"":""M"",""msg"":""FADE0"",""time"":93.9655,""dist"":2.44976}",0.705894999999998,34.305895,0,13.9,10.5,0.55731,10.5,33.6,0.003337,-0.012085,-0.008748,-0.0108795,0.00115944531072898,0.55731,0.62391,0.595166375,0.0233845517195648
95.386124,"P14","Occ_MO_1.2",100,71,4080.205566,7114.300781,170.345642,-0.010905,0.642198,27.7776,11.7,8.2,"{""type"":""M"",""msg"":""FADE0"",""time"":95.3466,""dist"":2.48814}",0.910247999999996,9.110248,0,14.5,10.7,0.653731,10.7,8.2,0.001709,-0.012451,-0.010742,-0.0115071,0.000728762489887252,0.642198,0.665247,0.6581225,0.00733541476900477
96.596603,"P14","Occ_MO_1.2",100,72,4047.125977,7120.375488,168.731552,-0.007731,0.426294,27.7781,36.7,44.4,"{""type"":""M"",""msg"":""FADE0"",""time"":96.521,""dist"":2.52077}",0.707412000000005,37.407412,0,9.7,6.6,0.580404,6.6,36.7,0.003866,-0.011597,-0.007731,-0.01050325,0.0014373502157989,0.426294,0.580404,0.508462875,0.0542910224002814
98.011826,"P14","Occ_MO_1.2",100,73,4008.635254,7128.424316,167.733719,-0.003866,0.182159,27.7783,5.5,8.7,"{""type"":""M"",""msg"":""FADE0"",""time"":98.0078,""dist"":2.56208}",0.907471000000001,6.407471,0,23.1,30.1,0.303583,23.1,5.5,0.00354,-0.007406,-0.003866,-0.0044843,0.00114798800322806,0.182159,0.303583,0.2277355,0.0425058513338
99.524979,"P14","Occ_MO_1.2",100,74,3967.629395,7137.708496,166.684433,-0.005371,0.354592,27.7778,4,8,"{""type"":""M"",""msg"":""FADE0"",""time"":99.4642,""dist"":2.60255}",1.00988,5.00988,0,6.7,11.3,0.202696,6.7,4,0.000692,-0.006063,-0.005371,-0.00554127272727273,0.00025540872769312,0.202696,0.354592,0.267083181818182,0.0505089356467114
100.940811,"P14","Occ_MO_1.2",100,75,3929.462646,7147.235352,164.827667,-0.013265,0.671229,27.777,9.2,6.8,"{""type"":""M"",""msg"":""FADE0"",""time"":100.903,""dist"":2.64252}",0.908339999999995,7.70834,0,18.2,14.6,0.489354,14.6,6.8,0.004557,-0.014974,-0.010417,-0.0128703,0.00170387036869984,0.489354,0.671229,0.5957943,0.0632296395460406
101.949135,"P14","Occ_MO_1.2",100,76,3902.512939,7154.889648,163.218781,-0.015137,0.604699,27.7774,6.5,4.4,"{""type"":""M"",""msg"":""FADE0"",""time"":101.944,""dist"":2.67145}",0.503745999999992,4.90374599999999,0,8.3,5.9,0.673083,5.9,4.4,0.001547,-0.015137,-0.01359,-0.0142276666666667,0.000504357677315084,0.604699,0.673083,0.644318833333333,0.0259255515614744
103.159004,"P14","Occ_MO_1.2",100,77,3870.461914,7165.029297,162.003159,-0.001831,0.198532,27.7788,5.9,8.6,"{""type"":""M"",""msg"":""FADE0"",""time"":103.151,""dist"":2.70499}",0.706740999999994,6.60674099999999,0,11.5,6.3,0.443781,6.3,5.9,0.006755,-0.008586,-0.001831,-0.003952125,0.00251270636323808,0.198532,0.443781,0.312897625,0.0868401189838257
104.573082,"P14","Occ_MO_1.2",100,78,3833.133545,7177.294434,161.617371,-0.002523,0.209274,27.7779,3.4,6.2,"{""type"":""M"",""msg"":""FADE0"",""time"":104.481,""dist"":2.74193}",0.911422999999999,4.311423,0,5,7.7,0.120431,5,3.4,0.000692,-0.002523,-0.001831,-0.0019368,0.000235910434981866,0.115162,0.209274,0.1429559,0.0329144864845928
105.790199,"P14","Occ_MO_1.2",100,79,3801.127197,7188.213379,160.151642,-0.016805,0.591974,27.7765,7.3,5.4,"{""type"":""M"",""msg"":""FADE0"",""time"":105.749,""dist"":2.77719}",0.710853,6.110853,0,4,10.9,0.375597,4,5.4,0.009074,-0.016805,-0.007731,-0.0138905,0.00323969345992576,0.375597,0.591974,0.495059875,0.0773335171438574
107.103058,"P14","Occ_MO_1.2",100,80,3767.068115,7201.267578,157.897552,-0.010579,0.434787,27.778,8.8,5.4,"{""type"":""M"",""msg"":""FADE0"",""time"":107.05,""dist"":2.81334}",0.808029000000005,6.208029,0,6.7,4.7,0.608196,4.7,5.4,0.005209,-0.015788,-0.010579,-0.0125234444444444,0.00147525659726631,0.434787,0.608196,0.533932777777778,0.0602361733445481
108.419365,"P14","Occ_MO_1.2",100,81,3733.32251,7215.373047,156.954666,-0.00236,0.044177,27.7786,6,8.7,"{""type"":""M"",""msg"":""FADE0"",""time"":108.412,""dist"":2.85117}",0.811783000000005,6.811783,0,17.4,21.3,0.262589,17.4,6,0.003866,-0.006226,-0.00236,-0.003201,0.00145040132377215,0.044177,0.262589,0.139262,0.0760518764890124
109.835983,"P14","Occ_MO_1.2",100,82,3697.16333,7230.92627,156.446823,-0.00472,0.16572,27.778,4,7.5,"{""type"":""M"",""msg"":""FADE0"",""time"":109.788,""dist"":2.88941}",0.911666999999994,4.91166699999999,0,5.1,7.8,0.013515,5.1,4,0.003377,-0.00472,-0.001343,-0.0027426,0.00127521660033807,0.013515,0.16572,0.0700706,0.0533469840138857
111.047585,"P14","Occ_MO_1.2",100,83,3666.414795,7244.631348,155.198547,-0.011434,0.578388,27.7771,14.2,11,"{""type"":""M"",""msg"":""FADE0"",""time"":111.003,""dist"":2.92317}",0.707527999999996,11.707528,0,4.6,12.6,0.335928,4.6,11,0.003377,-0.011434,-0.008057,-0.010335375,0.00122564268126679,0.335928,0.578388,0.461049875,0.0851228367418647
112.358566,"P14","Occ_MO_1.2",100,84,3633.595703,7260.429688,153.116516,-0.014282,0.749635,27.7771,7.8,5.6,"{""type"":""M"",""msg"":""FADE0"",""time"":112.318,""dist"":2.9597}",0.805915999999996,6.405916,0,11.1,8.4,0.701636,8.4,5.6,0.001668,-0.014282,-0.012614,-0.0140966666666667,0.000556,0.701636,0.760116,0.742810444444444,0.0202337104488469
113.776108,"P14","Occ_MO_1.2",100,85,3598.776611,7278.838379,151.424911,-0.004028,0.391342,27.7788,7.1,10.5,"{""type"":""M"",""msg"":""FADE0"",""time"":113.736,""dist"":2.99911}",0.913520999999989,8.01352099999999,0,7.6,5.1,0.658707,5.1,7.1,0.008749,-0.012777,-0.004028,-0.0071085,0.00309219825618532,0.391342,0.658707,0.5215276,0.0920021576391916
115.191849,"P14","Occ_MO_1.2",100,86,3564.353516,7297.878418,150.642853,-0.004557,0.296452,27.7781,4.8,8.4,"{""type"":""M"",""msg"":""FADE0"",""time"":115.107,""dist"":3.0372}",0.912261999999998,5.712262,0,5.5,8.5,0.303219,5.5,4.8,0.002034,-0.004557,-0.002523,-0.0039427,0.000861674990288617,0.274986,0.303219,0.2851289,0.00952751862822167
116.611992,"P14","Occ_MO_1.2",100,87,3530.184326,7317.611816,148.96106,-0.010417,0.44759,27.7773,14,9.5,"{""type"":""M"",""msg"":""FADE0"",""time"":116.519,""dist"":3.07644}",0.914840999999996,10.414841,0,9.8,19,0.365038,9.8,9.5,0.004558,-0.012777,-0.008219,-0.0113485,0.0014505305734263,0.365038,0.44759,0.4184928,0.0295585824979631
117.927147,"P14","Occ_MO_1.2",100,88,3499.109619,7336.837402,147.533447,-0.007731,0.382732,27.7781,13.1,19,"{""type"":""M"",""msg"":""FADE0"",""time"":117.837,""dist"":3.11306}",0.809166000000005,13.909166,0,18.4,11.4,0.43001,11.4,13.1,0.001831,-0.009562,-0.007731,-0.00797066666666667,0.000606411164145252,0.382732,0.43001,0.404727888888889,0.0164801042809538
119.345978,"P14","Occ_MO_1.2",100,89,3466.095947,7358.383789,146.106155,-0.008057,0.341175,27.7777,13.5,19.5,"{""type"":""M"",""msg"":""FADE0"",""time"":119.263,""dist"":3.15269}",0.912177999999997,14.412178,0,16.8,22.8,0.363439,16.8,13.5,0.000162000000000001,-0.008219,-0.008057,-0.0081542,8.36564402780806e-05,0.341175,0.363439,0.3509903,0.00732963356746661
120.960472,"P14","Occ_MO_1.2",100,90,3429.208984,7383.910156,144.327972,-0.009074,0.33865,27.7775,28.3,41.5,"{""type"":""M"",""msg"":""FADE0"",""time"":120.944,""dist"":3.19939}",1.11101499999999,29.411015,0,12.5,18.5,0.339226,12.5,28.3,0.002034,-0.010091,-0.008057,-0.00922975,0.000885964407760369,0.33865,0.345186,0.342087,0.00245861416988587
122.78019,"P14","Occ_MO_1.2",100,91,3388.512207,7413.914062,142.929626,-0.0059,0.479846,27.778,3.4,7.4,"{""type"":""M"",""msg"":""FADE0"",""time"":122.747,""dist"":3.24949}",1.313721,4.713721,0,8.6,13.4,0.327586,8.6,3.4,0.00236,-0.007243,-0.004883,-0.00554271428571429,0.000583836967308173,0.327584,0.479846,0.377280714285714,0.0509021997596727
123.992104,"P14","Occ_MO_1.2",100,92,3361.888428,7434.52832,140.97464,-0.018148,0.737,27.7759,6.7,4.8,"{""type"":""M"",""msg"":""FADE0"",""time"":123.93,""dist"":3.28236}",0.705680999999998,5.505681,0,14.7,11.4,0.622209,11.4,4.8,0.006022,-0.018636,-0.012614,-0.017049125,0.00230839650205815,0.622209,0.737,0.696417375,0.0426389124189144
125.405289,"P14","Occ_MO_1.2",100,93,3331.886475,7459.856445,138.946716,-0.006714,0.401347,27.7789,9.7,13.5,"{""type"":""M"",""msg"":""FADE0"",""time"":125.368,""dist"":3.32231}",0.910172000000003,10.610172,0,7.7,5.1,0.660506,5.1,9.7,0.00708,-0.013794,-0.006714,-0.0086058,0.00230820289884192,0.401347,0.660506,0.5278467,0.0886329747705547
126.81868,"P14","Occ_MO_1.2",100,94,3302.514404,7485.92627,137.844223,-0.005697,0.225146,27.7781,5.5,8.8,"{""type"":""M"",""msg"":""FADE0"",""time"":126.776,""dist"":3.36143}",0.907677000000007,6.40767700000001,0,8.6,12.5,0.295929,8.6,5.5,0.001017,-0.006714,-0.005697,-0.0059533,0.000433528430440266,0.224019,0.295929,0.2467569,0.0255024592777071
128.640305,"P14","Occ_MO_1.2",100,95,3265.433105,7520.374023,136.074417,-0.009074,0.549608,27.7775,4.8,13.2,"{""type"":""M"",""msg"":""FADE0"",""time"":128.63,""dist"":3.41296}",1.31599500000002,6.11599500000001,0,4.6,8.1,0.267728,4.6,4.8,0.004028,-0.009928,-0.0059,-0.00852728571428571,0.00159455373205032,0.267728,0.549608,0.402133285714286,0.0929665475132183
130.057724,"P14","Occ_MO_1.2",100,96,3237.529053,7548.161621,133.538254,-0.016968,0.762447,27.7764,6.8,4.9,"{""type"":""M"",""msg"":""FADE0"",""time"":130.055,""dist"":3.45253}",0.911560000000009,5.81156000000001,0,14.3,11.4,0.677636,11.4,4.9,0.006714,-0.019491,-0.012777,-0.0173221,0.00225554750436439,0.677636,0.780066,0.7484666,0.035479454841108
131.472198,"P14","Occ_MO_1.2",100,97,3210.985352,7577.143555,131.641785,-0.005697,0.357139,27.779,8.5,12.2,"{""type"":""M"",""msg"":""FADE0"",""time"":131.402,""dist"":3.48996}",0.908919999999995,9.40892,0,7.3,4.9,0.647431,4.9,8.5,0.008585,-0.014282,-0.005697,-0.0086549,0.00306167392305437,0.357139,0.647431,0.4981578,0.0990081703427663
132.786133,"P14","Occ_MO_1.2",100,98,3186.90918,7604.589355,130.920822,-0.00472,0.245691,27.7785,4.3,7.6,"{""type"":""M"",""msg"":""FADE0"",""time"":132.705,""dist"":3.52618}",0.810058999999995,5.110059,0,6,9,0.251029,6,4.3,0.002889,-0.00472,-0.001831,-0.00325511111111111,0.00126891010757701,0.21637,0.251029,0.229836,0.0124607456638838
134.203125,"P14","Occ_MO_1.2",100,99,3161.427979,7634.602051,129.457077,-0.010091,0.562857,27.7774,22.9,18.6,"{""type"":""M"",""msg"":""FADE0"",""time"":134.123,""dist"":3.56557}",0.912398999999994,19.512399,0,5.9,14.8,0.344765,5.9,18.6,0.001505,-0.010091,-0.008586,-0.0098917,0.000471406182489038,0.344765,0.562857,0.4562894,0.0736161908251167
135.6194,"P14","Occ_MO_1.2",100,100,3136.915283,7665.383789,127.37986,-0.011434,0.731902,27.7778,12,8.8,"{""type"":""M"",""msg"":""FADE0"",""time"":135.613,""dist"":3.60698}",0.910889000000026,9.71088900000003,0,10.9,8.3,0.664051,8.3,8.8,0.001994,-0.013428,-0.011434,-0.0126873,0.000578253510341461,0.664051,0.732612,0.7113107,0.0240895044783223
137.134232,"P14","Occ_MO_1.2",100,101,3111.891602,7699.226562,125.570915,-0.007731,0.603109,27.7781,16.1,26.3,"{""type"":""M"",""msg"":""FADE0"",""time"":137.13,""dist"":3.64914}",1.00907899999999,17.109079,0,12.5,8.9,0.708887,8.9,16.1,0.003174,-0.010905,-0.007731,-0.00928090909090909,0.00139415626488177,0.603109,0.708887,0.658982454545455,0.0361630728378097
138.650391,"P14","Occ_MO_1.2",100,102,3087.869873,7733.832031,123.77066,-0.010254,0.419939,27.7777,11.4,7.3,"{""type"":""M"",""msg"":""FADE0"",""time"":138.585,""dist"":3.68956}",1.01080400000001,8.31080400000001,0,13.4,9.2,0.556133,9.2,7.3,0,-0.010254,-0.010254,-0.010254,0,0.419939,0.556133,0.494590363636364,0.0453510421826725
140.270279,"P14","Occ_MO_1.2",100,103,3063.368408,7771.587891,122.335793,-0.005046,0.144498,27.7783,7.1,10.8,"{""type"":""M"",""msg"":""FADE0"",""time"":140.232,""dist"":3.73531}",1.11135899999999,8.21135899999999,0,18.2,9.9,0.316534,9.9,7.1,0.00354,-0.008586,-0.005046,-0.00574441666666667,0.00109916434856281,0.144498,0.316534,0.214709833333333,0.0579726946491086
141.985199,"P14","Occ_MO_1.2",100,104,3038.2146,7812.057617,121.407928,-0.004028,0.372829,27.7778,2.9,6.1,"{""type"":""M"",""msg"":""FADE0"",""time"":141.953,""dist"":3.78313}",1.209351,4.109351,0,5.8,9.4,0.141721,5.8,2.9,0.001017,-0.00472,-0.003703,-0.00384384615384615,0.000283097699906424,0.141721,0.372829,0.228289615384615,0.0767443273598973
143.506516,"P14","Occ_MO_1.2",100,105,3016.62793,7848.397949,119.581627,-0.011597,0.945747,27.7772,13.7,10.9,"{""type"":""M"",""msg"":""FADE0"",""time"":143.425,""dist"":3.82404}",1.01301599999999,11.913016,0,2.7,10.6,0.580255,2.7,10.9,0.005167,-0.01359,-0.008423,-0.0119369090909091,0.00153017570589429,0.580255,0.945747,0.781912181818182,0.122562739777486
144.819839,"P14","Occ_MO_1.2",100,106,2999.177002,7880.442383,117.157242,-0.015462,0.980131,27.7769,6.6,4.7,"{""type"":""M"",""msg"":""FADE0"",""time"":144.816,""dist"":3.86268}",0.807524999999998,5.507525,0,8.8,6.8,1.040884,6.8,4.7,0.002848,-0.017822,-0.014974,-0.0169768888888889,0.00105776904904195,0.980131,1.059725,1.03626377777778,0.0268200390369672
146.333313,"P14","Occ_MO_1.2",100,107,2980.635498,7918.186523,115.428879,-0.004557,0.304335,27.7792,10.9,14.2,"{""type"":""M"",""msg"":""FADE0"",""time"":146.263,""dist"":3.90289}",1.01023900000001,11.910239,0,7.1,4.7,0.783661,4.7,10.9,0.007528,-0.012085,-0.004557,-0.00679545454545455,0.00235668752123129,0.304335,0.783661,0.536230090909091,0.160495792636103
147.953217,"P14","Occ_MO_1.2",100,108,2961.529297,7958.940918,114.838852,-0.003011,0.029958,27.7777,4.9,7.8,"{""type"":""M"",""msg"":""FADE0"",""time"":147.854,""dist"":3.94711}",1.111603,6.011603,0,6.3,8.8,0.130052,6.3,4.9,0.002319,-0.003011,-0.000692,-0.00208891666666667,0.000846976060446632,0.01911,0.130052,0.0498164166666667,0.0368370727009387
149.578354,"P14","Occ_MO_1.2",100,109,2942.941895,8000.092285,113.625809,-0.006877,0.371976,27.7776,4.5,10.2,"{""type"":""M"",""msg"":""FADE0"",""time"":149.481,""dist"":3.99231}",1.218659,5.718659,0,5.8,9.8,0.079792,5.8,4.5,0.001343,-0.006877,-0.005534,-0.00630084615384615,0.000551942606640981,0.079792,0.371976,0.213075846153846,0.0959808938520632
150.991257,"P14","Occ_MO_1.2",100,110,2927.719482,8036.276367,111.656586,-0.011108,0.673025,27.7771,11.8,8.5,"{""type"":""M"",""msg"":""FADE0"",""time"":150.974,""dist"":4.0338}",0.907821999999982,9.40782199999998,0,14.9,11.6,0.524827,11.6,8.5,0.003011,-0.014119,-0.011108,-0.0128377,0.00112910299205461,0.524827,0.673025,0.6177833,0.0515663262627204
152.707245,"P14","Occ_MO_1.2",100,111,2910.967529,8080.913574,109.421173,-0.008057,0.452582,27.7781,39.3,12.6,"{""type"":""M"",""msg"":""FADE0"",""time"":152.622,""dist"":4.0796}",1.21128899999999,13.811289,0,12.2,8.6,0.666091,8.6,12.6,0.005208,-0.013265,-0.008057,-0.0106139230769231,0.00183100206906576,0.452582,0.666091,0.578588846153846,0.0726088202078395
154.324036,"P14","Occ_MO_1.2",100,112,2896.426025,8123.418945,108.516907,-0.003011,0.263719,27.7783,4.2,7.2,"{""type"":""M"",""msg"":""FADE0"",""time"":154.241,""dist"":4.12456}",1.11050500000002,5.31050500000002,0,7.2,10.5,0.334242,7.2,4.2,0.00118,-0.003866,-0.002686,-0.00298416666666667,0.000392223459808618,0.247109,0.334242,0.272000833333333,0.0285342601440741
155.939972,"P14","Occ_MO_1.2",100,113,2882.545654,8166.118164,107.185036,-0.009237,0.642698,27.7773,1e+06,1e+06,"{""type"":""M"",""msg"":""FADE0"",""time"":155.875,""dist"":4.16997}",1.11109900000002,1000001.111099,0,3.5,6.9,0.344079,3.5,1e+06,0.005534,-0.009237,-0.003703,-0.00756127272727273,0.00216643767927485,0.344079,0.642698,0.484932454545455,0.101725271207664
157.26709,"P14","Occ_MO_1.2",100,114,2872.218018,8201.513672,104.94323,-0.015462,0.772592,27.7768,6.9,4.8,"{""type"":""M"",""msg"":""FADE0"",""time"":157.169,""dist"":4.20592}",0.819503999999995,5.619504,0,10,7.6,0.762142,7.6,4.8,0.003866,-0.01766,-0.013794,-0.0160411111111111,0.00123352051507509,0.762142,0.808213,0.791029555555556,0.0162623908536776
12.936288,"P15","Occ_MO_1.2",100,1,5766.084473,8314.111328,-101.114311,-0.011434,0.640113,27.3521,11.2,8.1,"{""type"":""M"",""msg"":""FADE0"",""time"":12.8773,""dist"":0.198716}",0.608163999999999,8.708164,0,12.7,9.4,0.620159,9.4,8.1,0.000326,-0.011434,-0.011108,-0.0112244285714286,0.000155043926187449,0.620159,0.641126,0.634135,0.00794357442633143
14.047906,"P15","Occ_MO_1.2",100,2,5759.810547,8284.136719,-102.649506,-0.011108,0.526606,27.6312,9.8,6.5,"{""type"":""M"",""msg"":""FADE0"",""time"":13.9882,""dist"":0.229302}",0.606926999999999,7.106927,0,10.4,7.2,0.613364,7.2,6.5,0.000326,-0.011434,-0.011108,-0.0111778571428571,0.000128247714172519,0.526606,0.613364,0.573785428571429,0.0313059185930134
15.461106,"P15","Occ_MO_1.2",100,3,5750.70752,8246.095703,-104.240013,-0.007731,0.17462,27.729,44,15.4,"{""type"":""M"",""msg"":""FADE0"",""time"":15.3966,""dist"":0.268279}",0.907826999999999,16.307827,0,11.5,6.9,0.412945,6.9,15.4,0.001831,-0.009562,-0.007731,-0.0081135,0.000630095274982725,0.17462,0.412945,0.2926205,0.0804942379445745
16.47459,"P15","Occ_MO_1.2",100,4,5743.591309,8218.875977,-105.052711,-0.005208,-0.045187,27.7678,9.3,12.9,"{""type"":""M"",""msg"":""FADE0"",""time"":16.4213,""dist"":0.296724}",0.505785,9.805785,0,11.7,15.7,0.052272,11.7,9.3,0.000489,-0.005697,-0.005208,-0.0052895,0.000199633414036829,-0.045187,0.052272,0.00105516666666667,0.0365982667153332
17.58429,"P15","Occ_MO_1.2",100,5,5735.411133,8189.152344,-105.733765,-0.00472,-0.100744,27.7771,6.4,9.7,"{""type"":""M"",""msg"":""FADE0"",""time"":17.4979,""dist"":0.326634}",0.605183,7.005183,0,8.1,11.6,-0.100779,8.1,6.4,0.000855,-0.005046,-0.004191,-0.00446428571428571,0.000328784485788545,-0.111574,-0.100744,-0.106995428571429,0.00461386630557435
18.898218,"P15","Occ_MO_1.2",100,6,5725.26416,8154.08252,-106.676369,-0.007406,0.151293,27.7778,6.5,13.2,"{""type"":""M"",""msg"":""FADE0"",""time"":18.82,""dist"":0.363369}",0.807818999999999,7.307819,0,5.5,9,-0.038179,5.5,6.5,0.002523,-0.007406,-0.004883,-0.00618066666666667,0.00109217890018074,-0.038179,0.151293,0.0505622222222222,0.0655214118280768
20.010044,"P15","Occ_MO_1.2",100,7,5716.132812,8124.570801,-107.924072,-0.010905,0.445769,27.7774,14.1,10.7,"{""type"":""M"",""msg"":""FADE0"",""time"":20.0038,""dist"":0.39626}",0.605730000000001,11.30573,0,32.1,25.7,0.292823,25.7,10.7,0.001831,-0.010905,-0.009074,-0.0102945714285714,0.00064791791073223,0.292823,0.445769,0.372051285714286,0.0552405649069422
21.427687,"P15","Occ_MO_1.2",100,8,5703.414062,8087.293457,-109.939056,-0.011108,0.544247,27.7776,10.4,7.2,"{""type"":""M"",""msg"":""FADE0"",""time"":21.3498,""dist"":0.43366}",0.910056999999998,8.110057,0,12,8.8,0.529707,8.8,7.2,0.001506,-0.012614,-0.011108,-0.0119832,0.000536603060412857,0.529707,0.561544,0.5511661,0.0103281640882266
22.738647,"P15","Occ_MO_1.2",100,9,5690.542969,8053.217773,-111.422981,-0.007406,0.332228,27.7782,23.9,29.7,"{""type"":""M"",""msg"":""FADE0"",""time"":22.7208,""dist"":0.471756}",0.807987000000001,24.707987,0,11.6,7.5,0.479278,7.5,23.9,0.002522,-0.009928,-0.007406,-0.00809288888888889,0.000917774542636213,0.332228,0.479278,0.405891444444444,0.0505758504083498
24.152592,"P15","Occ_MO_1.2",100,10,5675.858887,8016.777344,-112.447144,-0.004883,0.183538,27.7781,6.4,10.2,"{""type"":""M"",""msg"":""FADE0"",""time"":24.0964,""dist"":0.50998}",0.907390999999997,7.307391,0,10.4,14.9,0.249839,10.4,6.4,0.001017,-0.0059,-0.004883,-0.0050173,0.00031746602617883,0.183538,0.249839,0.2061244,0.0235017686388824
25.369547,"P15","Occ_MO_1.2",100,11,5662.753906,7985.606445,-113.209526,-0.005046,0.329772,27.7775,4.1,8,"{""type"":""M"",""msg"":""FADE0"",""time"":25.2986,""dist"":0.543384}",0.709091000000001,4.809091,0,5.4,9.2,0.212132,5.4,4.1,0.000163,-0.005046,-0.004883,-0.00492375,7.54543381314629e-05,0.212132,0.329772,0.264552125,0.0413245786407954
26.477772,"P15","Occ_MO_1.2",100,12,5650.402344,7957.400391,-114.356491,-0.010579,0.618914,27.7773,16.1,12.3,"{""type"":""M"",""msg"":""FADE0"",""time"":26.4485,""dist"":0.575334}",0.604508000000003,12.904508,0,8.8,49.9,0.463792,8.8,12.3,0.001668,-0.010579,-0.008911,-0.0103175714285714,0.000623171152825839,0.463792,0.618914,0.544723857142857,0.0561260956223531
27.789989,"P15","Occ_MO_1.2",100,13,5634.910645,7924.396484,-116.08181,-0.010905,0.77153,27.7776,12.5,9.1,"{""type"":""M"",""msg"":""FADE0"",""time"":27.6951,""dist"":0.609971}",0.808253999999998,9.908254,0,14.6,11,0.708594,11,9.1,0.000163,-0.010905,-0.010742,-0.0108868888888889,5.43333333333333e-05,0.708594,0.77153,0.74782,0.0221674406844814
29.002636,"P15","Occ_MO_1.2",100,14,5619.697754,7894.333008,-117.760887,-0.011108,0.655048,27.7778,9.6,6.4,"{""type"":""M"",""msg"":""FADE0"",""time"":28.9852,""dist"":0.645818}",0.705144999999998,7.105145,0,10.6,7.6,0.75658,7.6,6.4,0.000814,-0.011922,-0.011108,-0.01155575,0.000366565819464936,0.655048,0.75658,0.712997375,0.0359922880507061
30.4161,"P15","Occ_MO_1.2",100,15,5600.955566,7859.819824,-119.144791,-0.005697,0.292845,27.7783,9.9,13.8,"{""type"":""M"",""msg"":""FADE0"",""time"":30.3301,""dist"":0.683188}",0.907257999999999,10.807258,0,13.3,7.7,0.527317,7.7,9.9,0.003377,-0.009074,-0.005697,-0.0064333,0.0011285840735679,0.292845,0.527317,0.4032121,0.0794792524239992
31.836336,"P15","Occ_MO_1.2",100,16,5581.50293,7825.485352,-119.900772,-0.003703,0.225708,27.7778,4.3,7.4,"{""type"":""M"",""msg"":""FADE0"",""time"":31.7386,""dist"":0.722324}",0.910353999999998,5.210354,0,5.9,8.9,0.211074,5.9,4.3,0.000326,-0.003703,-0.003377,-0.00354,0.000171817086202482,0.190291,0.225708,0.2018029,0.0117861357954543
33.250126,"P15","Occ_MO_1.2",100,17,5561.661621,7791.582031,-121.011284,-0.008586,0.5955,27.7773,4.1,14.3,"{""type"":""M"",""msg"":""FADE0"",""time"":33.1841,""dist"":0.762488}",0.909336000000003,5.009336,0,3.7,7.4,0.327079,3.7,4.1,0.00354,-0.008586,-0.005046,-0.0074954,0.00125623619505958,0.327079,0.5955,0.4589309,0.0909407005158979
34.362961,"P15","Occ_MO_1.2",100,18,5545.457031,7765.248535,-122.418999,-0.011759,0.902506,27.7773,14.2,11,"{""type"":""M"",""msg"":""FADE0"",""time"":34.2875,""dist"":0.793149}",0.605773999999997,11.605774,0,24,18.7,0.74984,18.7,11,0.001342,-0.011759,-0.010417,-0.011329,0.000596826049476172,0.74984,0.902506,0.830618857142857,0.05538926497204
35.27404,"P15","Occ_MO_1.2",100,19,5531.671387,7744.017578,-123.736847,-0.012939,1.003084,27.7776,10.4,7.8,"{""type"":""M"",""msg"":""FADE0"",""time"":35.1815,""dist"":0.817987}",0.405482999999997,8.205483,0,13.3,10.1,0.978174,10.1,7.8,0.00118,-0.012939,-0.011759,-0.0122312,0.000578884444427383,0.978174,1.003084,0.9929808,0.0101344729364679
36.18327,"P15","Occ_MO_1.2",100,20,5517.408203,7723.166504,-125.171638,-0.012939,0.91437,27.7777,8.7,6.2,"{""type"":""M"",""msg"":""FADE0"",""time"":36.0868,""dist"":0.843142}",0.401153999999998,6.601154,0,9.5,6.9,0.979095,6.9,6.2,0,-0.012939,-0.012939,-0.012939,0,0.91437,0.979095,0.9494518,0.0257103863195402
37.392334,"P15","Occ_MO_1.2",100,21,5497.687988,7695.969238,-126.612152,-0.006388,0.553517,27.7786,10.5,14.4,"{""type"":""M"",""msg"":""FADE0"",""time"":37.2921,""dist"":0.876632}",0.704856999999997,11.204857,0,10.3,6.6,0.780417,6.6,10.5,0.004354,-0.010742,-0.006388,-0.007624125,0.0016978870429785,0.553517,0.780417,0.664744,0.079997098740249
38.608288,"P15","Occ_MO_1.2",100,22,5477.320312,7669.012695,-127.652664,-0.007568,0.306933,27.7779,12.1,16.6,"{""type"":""M"",""msg"":""FADE0"",""time"":38.569,""dist"":0.912114}",0.811478000000001,12.911478,0,9,12.8,0.450057,9,12.1,0.001505,-0.007568,-0.006063,-0.00708477777777778,0.00061349139720492,0.306933,0.450057,0.373521444444444,0.0489164306959101
40.121666,"P15","Occ_MO_1.2",100,23,5451.260742,7636.011719,-128.973343,-0.006551,0.211004,27.778,6.5,10.4,"{""type"":""M"",""msg"":""FADE0"",""time"":40.0592,""dist"":0.95352}",1.00848,7.50848,0,10.6,15,0.245633,10.6,6.5,0.000855,-0.007406,-0.006551,-0.00665836363636364,0.000266552911343048,0.205667,0.245633,0.217329909090909,0.0135511395938094
41.537495,"P15","Occ_MO_1.2",100,24,5426.211914,7605.678223,-130.30127,-0.008911,0.395514,27.7776,7,14.3,"{""type"":""M"",""msg"":""FADE0"",""time"":41.4505,""dist"":0.99218}",0.908172999999998,7.908173,0,5.5,9.4,0.249495,5.5,7,0.00236,-0.008911,-0.006551,-0.0080891,0.000902963325205773,0.249495,0.395514,0.3181205,0.0497160869432063
42.645676,"P15","Occ_MO_1.2",100,25,5406.05957,7582.398438,-131.642441,-0.011434,0.605733,27.7774,18.3,14.2,"{""type"":""M"",""msg"":""FADE0"",""time"":42.6104,""dist"":1.02441}",0.603726000000002,14.803726,0,7.8,22.7,0.493365,7.8,14.2,0.001872,-0.011434,-0.009562,-0.0105618571428571,0.000664859741742931,0.493365,0.605733,0.550701142857143,0.0404054613116782
43.755783,"P15","Occ_MO_1.2",100,26,5385.280273,7559.604492,-133.223282,-0.012451,0.719803,27.7776,12.7,9.4,"{""type"":""M"",""msg"":""FADE0"",""time"":43.6859,""dist"":1.05429}",0.606662999999998,10.006663,0,16.5,12.6,0.674852,12.6,9.4,0.000854000000000001,-0.012451,-0.011597,-0.011835,0.000308302340784713,0.674852,0.719803,0.700112142857143,0.0164189606190381
45.16885,"P15","Occ_MO_1.2",100,27,5357.898438,7531.468262,-135.334534,-0.010742,0.617876,27.778,14.5,9.8,"{""type"":""M"",""msg"":""FADE0"",""time"":45.1514,""dist"":1.09501}",0.908279,10.708279,0,11.4,8.2,0.716724,8.2,9.8,0.001872,-0.012614,-0.010742,-0.0119832,0.0006720773434327,0.617876,0.716724,0.6742067,0.0342473861680632
46.586033,"P15","Occ_MO_1.2",100,28,5329.503418,7504.1875,-136.986633,-0.007894,0.403003,27.7782,12,18.7,"{""type"":""M"",""msg"":""FADE0"",""time"":46.511,""dist"":1.13279}",0.912261999999998,12.912262,0,15.1,9.9,0.538783,9.9,12,0.002523,-0.010417,-0.007894,-0.0088745,0.000795140413875296,0.403003,0.538783,0.4684301,0.0459883186942317
47.592171,"P15","Occ_MO_1.2",100,29,5308.91748,7485.272949,-137.935043,-0.007568,0.333753,27.7778,8.4,14.2,"{""type"":""M"",""msg"":""FADE0"",""time"":47.5038,""dist"":1.16038}",0.502544999999998,8.902545,0,9,14.5,0.352811,9,8.4,0.000162,-0.007568,-0.007406,-0.007433,6.61362230551457e-05,0.333753,0.352811,0.341171833333333,0.00754199279810493
48.704353,"P15","Occ_MO_1.2",100,30,5285.794434,7464.772461,-139.080978,-0.009074,0.391355,27.7775,38.7,32.7,"{""type"":""M"",""msg"":""FADE0"",""time"":48.6521,""dist"":1.19228}",0.606521000000001,33.306521,0,9,16.5,0.347301,9,32.7,0.001017,-0.009074,-0.008057,-0.00869042857142857,0.000493708705325606,0.347301,0.391355,0.368174,0.0161046993969669
50.117035,"P15","Occ_MO_1.2",100,31,5255.796387,7439.459961,-140.776306,-0.010417,0.497173,27.7777,16.3,11.9,"{""type"":""M"",""msg"":""FADE0"",""time"":50.0271,""dist"":1.23049}",0.908009,12.808009,0,28.9,23.2,0.434096,23.2,11.9,0.001018,-0.010417,-0.009399,-0.0101522,0.00034626027461691,0.434096,0.497173,0.4691273,0.0215761464742381
51.535404,"P15","Occ_MO_1.2",100,32,5224.904785,7414.990234,-142.586609,-0.010417,0.483669,27.7778,13.6,9.3,"{""type"":""M"",""msg"":""FADE0"",""time"":51.4699,""dist"":1.27058}",0.915188,10.215188,0,15.4,11,0.509019,11,9.3,0,-0.010417,-0.010417,-0.010417,0,0.483669,0.510009,0.5016257,0.00908578554116263
53.051922,"P15","Occ_MO_1.2",100,33,5191.051758,7389.901855,-144.330093,-0.007568,0.305033,27.778,16.3,24.2,"{""type"":""M"",""msg"":""FADE0"",""time"":53.0159,""dist"":1.31354}",1.012802,17.312802,0,12.7,8.4,0.438097,8.4,16.3,0.002849,-0.010417,-0.007568,-0.00878536363636364,0.00112881674976298,0.305033,0.438097,0.371335727272727,0.0450136678667511
54.565918,"P15","Occ_MO_1.2",100,34,5156.621582,7365.731934,-145.537323,-0.0059,0.26733,27.7781,5.8,10.2,"{""type"":""M"",""msg"":""FADE0"",""time"":54.5158,""dist"":1.35521}",1.009075,6.809075,0,9.9,15.2,0.257456,9.9,5.8,0.00118,-0.006714,-0.005534,-0.00583727272727273,0.000332204783502312,0.240953,0.26733,0.249605,0.00862184176379966
56.07803,"P15","Occ_MO_1.2",100,35,5121.720703,7342.341797,-147.031769,-0.009237,0.501093,27.7774,25.1,19.7,"{""type"":""M"",""msg"":""FADE0"",""time"":56.0321,""dist"":1.39734}",1.007344,20.707344,0,5.9,11.9,0.334801,5.9,19.7,0.002198,-0.009237,-0.007039,-0.008915,0.000695217951436814,0.334801,0.501093,0.420280818181818,0.0555477621418148
57.789066,"P15","Occ_MO_1.2",100,36,5081.412598,7317.137207,-149.12207,-0.010905,0.653323,27.7776,12.2,8.8,"{""type"":""M"",""msg"":""FADE0"",""time"":57.6889,""dist"":1.44338}",1.207039,10.007039,0,24.1,18.6,0.569226,18.6,8.8,0.001668,-0.010905,-0.009237,-0.0102476153846154,0.000567760738700957,0.569226,0.653405,0.623380692307692,0.0288313185453614
59.711224,"P15","Occ_MO_1.2",100,37,5035.003418,7290.714355,-151.699463,-0.010417,0.355021,27.7781,9.1,5.5,"{""type"":""M"",""msg"":""FADE0"",""time"":59.6241,""dist"":1.49715}",1.51595,7.01595,0,11.4,8,0.639387,8,5.5,0.000691000000000001,-0.011108,-0.010417,-0.0109479375,0.000221952087547441,0.355021,0.639387,0.5250648125,0.0915625192082574
60.721596,"P15","Occ_MO_1.2",100,38,5010.170898,7277.618652,-152.631485,-0.005208,0.037412,27.7783,11,14.6,"{""type"":""M"",""msg"":""FADE0"",""time"":60.6904,""dist"":1.52678}",0.504726999999995,11.504727,0,16.8,21,0.190761,16.8,11,0.001018,-0.006226,-0.005208,-0.00554733333333333,0.000431411945438077,0.037412,0.190761,0.111509166666667,0.0574882251575631
62.03648,"P15","Occ_MO_1.2",100,39,4977.619141,7261.029297,-153.248199,-0.001506,-0.126317,27.7781,4.7,7.1,"{""type"":""M"",""msg"":""FADE0"",""time"":62.0156,""dist"":1.5636}",0.812079999999995,5.51208,0,9.1,12.5,-0.0728,9.1,4.7,0.003214,-0.00472,-0.001506,-0.00251844444444444,0.00124296199772068,-0.133962,-0.0728,-0.114543555555556,0.0214464272497257
63.249672,"P15","Occ_MO_1.2",100,40,4947.470703,7245.950195,-153.746231,-0.005046,0.20513,27.7776,3.3,6.8,"{""type"":""M"",""msg"":""FADE0"",""time"":63.1958,""dist"":1.59639}",0.709731999999995,4.009732,0,3.9,6.4,-0.043621,3.9,3.3,0.003011,-0.005046,-0.002035,-0.004018375,0.00136184317719983,-0.043621,0.20513,0.0722605,0.0879085368989513
64.261971,"P15","Occ_MO_1.2",100,41,4922.163574,7233.674805,-154.776123,-0.010905,0.679214,27.7772,17.8,14.7,"{""type"":""M"",""msg"":""FADE0"",""time"":64.2101,""dist"":1.62458}",0.506550000000004,15.20655,0,3.4,1e+06,0.441074,3.4,14.7,0.001831,-0.010905,-0.009074,-0.0105183333333333,0.000719491394435449,0.441074,0.679214,0.562444333333333,0.0892517594911533
65.271194,"P15","Occ_MO_1.2",100,42,4896.668945,7222.000488,-156.232529,-0.012939,1.013627,27.7772,11,8.7,"{""type"":""M"",""msg"":""FADE0"",""time"":65.1729,""dist"":1.65133}",0.505377999999993,9.20537799999999,0,13.5,10.9,0.874804,10.9,8.7,0.000854000000000001,-0.012939,-0.012085,-0.0126885,0.000319664668050756,0.874804,1.013627,0.948779666666667,0.0520356837974353
66.079269,"P15","Occ_MO_1.2",100,43,4876.032227,7213.155273,-157.573318,-0.014119,1.07868,27.777,8.4,6.3,"{""type"":""M"",""msg"":""FADE0"",""time"":66.001,""dist"":1.67434}",0.303145999999998,6.603146,0,8.9,6.9,1.078802,6.9,6.3,0,-0.014119,-0.014119,-0.014119,0,1.07868,1.081721,1.0802105,0.00169789330249768
66.990349,"P15","Occ_MO_1.2",100,44,4852.523438,7203.766602,-159.000626,-0.010905,0.899807,27.778,9.3,6.4,"{""type"":""M"",""msg"":""FADE0"",""time"":66.9295,""dist"":1.70014}",0.403297999999992,6.80329799999999,0,8.1,5.9,1.008724,5.9,6.4,0.002197,-0.013102,-0.010905,-0.0118572,0.00103400106382924,0.899807,1.008724,0.9565874,0.0431059137161016
68.303658,"P15","Occ_MO_1.2",100,45,4818.296875,7191.112305,-160.372543,-0.006551,0.422923,27.7784,18.1,22.3,"{""type"":""M"",""msg"":""FADE0"",""time"":68.2108,""dist"":1.73574}",0.808151999999993,18.908152,0,11.4,6.9,0.723872,6.9,18.1,0.002523,-0.009074,-0.006551,-0.00720222222222222,0.00086014283374591,0.422923,0.723872,0.571186,0.10338713779407
69.310829,"P15","Occ_MO_1.2",100,46,4791.883789,7181.864746,-160.993042,-0.003377,0.145238,27.7782,6.7,9.7,"{""type"":""M"",""msg"":""FADE0"",""time"":69.2895,""dist"":1.76571}",0.504775999999993,7.20477599999999,0,8.2,11.4,0.262453,8.2,6.7,0.000489,-0.003866,-0.003377,-0.00354,0.000206180503442978,0.145238,0.262453,0.199461166666667,0.0441098758892685
70.621452,"P15","Occ_MO_1.2",100,47,4757.393555,7170.175781,-161.592484,-0.003866,0.155815,27.7776,4.4,7.6,"{""type"":""M"",""msg"":""FADE0"",""time"":70.6097,""dist"":1.8024}",0.80746400000001,5.20746400000001,0,5.7,8.7,0.095441,5.7,4.4,0.000489,-0.003866,-0.003377,-0.00350377777777778,0.000212178449528798,0.093128,0.155815,0.112948444444444,0.0224892201849637
71.631195,"P15","Occ_MO_1.2",100,48,4730.727051,7161.455566,-162.455276,-0.010579,0.424439,27.7771,17.5,13.4,"{""type"":""M"",""msg"":""FADE0"",""time"":71.6249,""dist"":1.83061}",0.504044000000007,13.904044,0,4.1,8.3,0.277196,4.1,13.4,0.004679,-0.010579,-0.0059,-0.00927033333333333,0.00191841994012434,0.277196,0.424439,0.352225666666667,0.0554740982032756
72.642342,"P15","Occ_MO_1.2",100,49,4703.855469,7153.258789,-163.784439,-0.011434,0.619127,27.7774,12.7,9.4,"{""type"":""M"",""msg"":""FADE0"",""time"":72.6088,""dist"":1.85794}",0.507119000000003,9.907119,0,16.7,12.6,0.539964,12.6,9.4,0.000855,-0.011434,-0.010579,-0.0110946666666667,0.000418913674480395,0.539964,0.619127,0.582256666666667,0.0297079490619374
73.857109,"P15","Occ_MO_1.2",100,50,4671.321777,7144.272949,-165.479691,-0.011434,0.62354,27.7779,10.4,7.2,"{""type"":""M"",""msg"":""FADE0"",""time"":73.7827,""dist"":1.89056}",0.710692999999992,7.91069299999999,0,11.8,8.5,0.653393,8.5,7.2,0,-0.011434,-0.011434,-0.011434,0,0.62354,0.655079,0.644931875,0.0114981500802458
75.377037,"P15","Occ_MO_1.2",100,51,4630.276855,7134.335449,-167.247543,-0.006714,0.331989,27.7785,12.6,16.9,"{""type"":""M"",""msg"":""FADE0"",""time"":75.2785,""dist"":1.93212}",1.011734,13.611734,0,10.6,6.9,0.54906,6.9,12.6,0.004028,-0.010742,-0.006714,-0.008434,0.00139757854877642,0.331989,0.54906,0.441396181818182,0.0730492400026423
76.893288,"P15","Occ_MO_1.2",100,52,4589.102051,7125.414551,-168.297379,-0.004883,0.187112,27.7777,5.5,9,"{""type"":""M"",""msg"":""FADE0"",""time"":76.8556,""dist"":1.97594}",1.112954,6.612954,0,10.1,14.1,0.257327,10.1,5.5,0.001343,-0.006226,-0.004883,-0.00511691666666667,0.00042862262663164,0.180497,0.257327,0.203155583333333,0.0261259629990702
78.105019,"P15","Occ_MO_1.2",100,53,4556.087891,7118.808594,-169.228149,-0.007406,0.383912,27.7776,5.1,10.5,"{""type"":""M"",""msg"":""FADE0"",""time"":78.0509,""dist"":2.00916}",0.707916999999995,5.807917,0,4.7,8.3,0.240997,4.7,5.1,0.002198,-0.007406,-0.005208,-0.0068515,0.000892185438764194,0.240997,0.383912,0.30907125,0.0504346398781914
79.11293,"P15","Occ_MO_1.2",100,54,4528.537598,7113.782715,-170.248703,-0.009766,0.641254,27.7774,9.3,46.4,"{""type"":""M"",""msg"":""FADE0"",""time"":79.0875,""dist"":2.03796}",0.502273000000002,9.802273,0,4.2,10.2,0.507217,4.2,9.3,0.002035,-0.009766,-0.007731,-0.0089655,0.000830462220693994,0.507217,0.641254,0.574663333333333,0.0500161272617809
80.024605,"P15","Occ_MO_1.2",100,55,4503.536621,7109.707031,-171.387009,-0.011271,0.852936,27.7775,18.3,13.9,"{""type"":""M"",""msg"":""FADE0"",""time"":80.0176,""dist"":2.0638}",0.406143,14.306143,0,37.3,31.8,0.766328,31.8,13.9,0.00118,-0.011271,-0.010091,-0.0107582,0.000464449889654417,0.766328,0.852936,0.810596,0.034302002995452
80.931168,"P15","Occ_MO_1.2",100,56,4478.595703,7106.183105,-172.706299,-0.012614,0.963886,27.7775,11.8,8.8,"{""type"":""M"",""msg"":""FADE0"",""time"":80.8366,""dist"":2.08656}",0.403762999999998,9.203763,0,13.9,10.5,0.93206,10.5,8.8,0.000529,-0.012614,-0.012085,-0.012443,0.000216086788119959,0.93206,0.963886,0.9496224,0.012876436261637
81.842903,"P15","Occ_MO_1.2",100,57,4453.43457,7103.244629,-174.167099,-0.01359,0.907748,27.7775,8.8,6.2,"{""type"":""M"",""msg"":""FADE0"",""time"":81.7883,""dist"":2.113}",0.404648000000009,6.60464800000001,0,9.7,7.1,0.957279,7.1,6.2,0.000161999999999999,-0.01359,-0.013428,-0.0135576,7.24486024709927e-05,0.907748,0.957279,0.9349098,0.0197287224548373
83.456093,"P15","Occ_MO_1.2",100,58,4408.763672,7099.575684,-176.367828,-0.008748,0.39395,27.7783,1e+06,1e+06,"{""type"":""M"",""msg"":""FADE0"",""time"":83.3892,""dist"":2.15749}",1.110283,1000001.110283,0,7.9,5.3,0.788566,5.3,1e+06,0.004842,-0.01359,-0.008748,-0.0101146666666667,0.00170361014177291,0.39395,0.788566,0.594222416666667,0.130855838824437
84.973099,"P15","Occ_MO_1.2",100,59,4366.671387,7097.341309,-177.370026,-0.002848,0.046262,27.7783,4.6,7,"{""type"":""M"",""msg"":""FADE0"",""time"":84.8736,""dist"":2.19873}",1.012642,5.612642,0,9.9,13.2,0.221958,9.9,4.6,0.003377,-0.006063,-0.002686,-0.00362145454545455,0.00114045476575236,0.046262,0.221958,0.108208,0.0612132476544089
86.187523,"P15","Occ_MO_1.2",100,60,4332.956543,7095.953613,-178.078033,-0.006877,0.31723,27.7775,3.3,7,"{""type"":""M"",""msg"":""FADE0"",""time"":86.1185,""dist"":2.23332}",0.810462999999999,4.110463,0,4,6.6,0.082262,4,3.3,0.003174,-0.006877,-0.003703,-0.00528077777777778,0.00151025658232118,0.082262,0.31723,0.187079555555556,0.0814327230235351
87.197166,"P15","Occ_MO_1.2",100,61,4304.913086,7095.241211,-179.269012,-0.011922,0.750008,27.7769,3,16.5,"{""type"":""M"",""msg"":""FADE0"",""time"":87.1085,""dist"":2.26083}",0.506766999999996,3.506767,0,3,12.4,0.529634,3,3,0.001831,-0.011922,-0.010091,-0.0113388333333333,0.000802662423853682,0.529634,0.750008,0.6412545,0.0827436070128684
88.304314,"P15","Occ_MO_1.2",100,62,4274.151855,7095.259277,178.92247,-0.015462,1.113612,27.777,0.2,7.8,"{""type"":""M"",""msg"":""FADE0"",""time"":88.2137,""dist"":2.29154}",0.603333000000006,0.803333000000006,0,2.3,11.7,0.943612,2.3,0.2,0.002197,-0.015462,-0.013265,-0.0145262857142857,0.00104443425104786,0.943612,1.113612,1.03540757142857,0.0618098158085406
89.112221,"P15","Occ_MO_1.2",100,63,4251.715332,7095.937012,177.435196,-0.015625,1.16559,27.7773,-0.707398,6.3,"{""type"":""M"",""msg"":""FADE0"",""time"":89.0675,""dist"":2.31526}",0.302529000000007,-0.404868999999993,0,-0.404869,6.9,1.170392,-0.404869,-0.707398,0.000163,-0.015625,-0.015462,-0.01550275,8.15e-05,1.16559,1.172015,1.16984375,0.00291337243013437
90.12056,"P15","Occ_MO_1.2",100,64,4223.748535,7097.601074,175.630737,-0.012777,0.938111,27.7781,8.3,5.7,"{""type"":""M"",""msg"":""FADE0"",""time"":90.0316,""dist"":2.34205}",0.503379999999993,6.20337999999999,0,7.4,5.4,1.091742,5.4,5.7,0.002848,-0.015625,-0.012777,-0.0139498333333333,0.00122179366779611,0.938111,1.091742,1.01931666666667,0.0576403742897864
91.233467,"P15","Occ_MO_1.2",100,65,4192.944336,7100.313477,174.328003,-0.007406,0.487816,27.7787,21,26.9,"{""type"":""M"",""msg"":""FADE0"",""time"":91.1781,""dist"":2.37391}",0.607819000000006,21.607819,0,12.2,7.3,0.735348,7.3,21,0.002156,-0.009562,-0.007406,-0.00802185714285714,0.000791179378854005,0.487816,0.735348,0.609724,0.0894561190156008
92.240982,"P15","Occ_MO_1.2",100,66,4165.105469,7103.266602,173.580811,-0.004354,0.186892,27.7783,6.9,10,"{""type"":""M"",""msg"":""FADE0"",""time"":92.155,""dist"":2.40105}",0.503700000000009,7.40370000000001,0,8.8,12.2,0.313196,8.8,6.9,0.000692,-0.005046,-0.004354,-0.00473383333333333,0.000318083270020079,0.186892,0.313196,0.246268666666667,0.0472982670831254
93.351761,"P15","Occ_MO_1.2",100,67,4134.453613,7106.878418,172.916794,-0.005046,0.143158,27.7779,5.2,8.7,"{""type"":""M"",""msg"":""FADE0"",""time"":93.2578,""dist"":2.43169}",0.607230999999999,5.807231,0,6,9.3,0.127578,6,5.2,0.000489,-0.005046,-0.004557,-0.00485971428571429,0.000174254329726901,0.122682,0.143158,0.129224714285714,0.00718806176272588
94.362144,"P15","Occ_MO_1.2",100,68,4106.61377,7110.495605,172.177109,-0.006388,0.342666,27.7775,4,8.4,"{""type"":""M"",""msg"":""FADE0"",""time"":94.2748,""dist"":2.45996}",0.504103999999998,4.504104,0,4.5,8.3,0.219062,4.5,4,0.001017,-0.006551,-0.005534,-0.00624583333333333,0.000430325187116286,0.219062,0.342666,0.278251,0.0463022073685478
95.271461,"P15","Occ_MO_1.2",100,69,4081.604736,7114.088867,171.256424,-0.011597,0.640416,27.7776,15.2,12.2,"{""type"":""M"",""msg"":""FADE0"",""time"":95.2568,""dist"":2.48724}",0.401458000000005,12.601458,0,3.7,11.1,0.503397,3.7,12.2,0.003378,-0.011597,-0.008219,-0.0103108,0.00127064637094669,0.503397,0.640416,0.5726608,0.0541994099202196
96.180893,"P15","Occ_MO_1.2",100,70,4056.670654,7118.183594,169.882675,-0.013794,0.856806,27.7771,9.8,7.5,"{""type"":""M"",""msg"":""FADE0"",""time"":96.1511,""dist"":2.51209}",0.404251000000002,7.904251,0,12.1,9.5,0.78309,9.5,7.5,0.00118,-0.013794,-0.012614,-0.013273,0.000457032821578494,0.78309,0.856806,0.822687,0.0292950553506902
96.991257,"P15","Occ_MO_1.2",100,71,4034.547852,7122.371582,168.448334,-0.015462,0.855375,27.7769,7.1,5.1,"{""type"":""M"",""msg"":""FADE0"",""time"":96.9847,""dist"":2.53525}",0.304451,5.404451,0,7.8,5.8,0.882627,5.8,5.1,0.000163,-0.015462,-0.015299,-0.01542125,8.15e-05,0.855375,0.882627,0.8709665,0.011918150905237
97.898544,"P15","Occ_MO_1.2",100,72,4009.915771,7127.730469,166.923553,-0.010417,0.573843,27.7783,8.6,5.3,"{""type"":""M"",""msg"":""FADE0"",""time"":97.8951,""dist"":2.56055}",0.401893000000001,5.701893,0,6.7,4.5,0.730775,4.5,5.3,0.003865,-0.014282,-0.010417,-0.0118978,0.00154996474153446,0.573843,0.730775,0.654358,0.0621038659505187
98.908401,"P15","Occ_MO_1.2",100,73,3982.63916,7134.315918,166.009506,-0.003866,0.134922,27.7789,9,12,"{""type"":""M"",""msg"":""FADE0"",""time"":98.823,""dist"":2.58633}",0.503355999999997,9.503356,0,49.3,7.1,0.348628,7.1,9,0.003702,-0.007568,-0.003866,-0.00509983333333333,0.00137559520450846,0.134922,0.348628,0.23895,0.0801488367651084
100.020195,"P15","Occ_MO_1.2",100,74,3952.693359,7141.905762,165.605072,-0.001668,-0.104886,27.7781,5,7.5,"{""type"":""M"",""msg"":""FADE0"",""time"":99.9797,""dist"":2.61847}",0.605286000000007,5.60528600000001,0,6.5,9.1,-0.023855,6.5,5,0.000529,-0.002197,-0.001668,-0.00181342857142857,0.00018775059444456,-0.104886,-0.023855,-0.0738121428571429,0.0301055551209882
101.2314,"P15","Occ_MO_1.2",100,75,3920.118408,7150.36084,165.25209,-0.003011,0.156337,27.7777,3,5.7,"{""type"":""M"",""msg"":""FADE0"",""time"":101.21,""dist"":2.65265}",0.707511999999994,3.70751199999999,0,4.1,6.5,-0.062722,4.1,3,0.001343,-0.003011,-0.001668,-0.00231925,0.000663414059457376,-0.062722,0.156337,0.034622,0.0774150281165467
102.243118,"P15","Occ_MO_1.2",100,76,3892.965088,7157.634766,164.488098,-0.011108,0.704684,27.7772,2.1,16.5,"{""type"":""M"",""msg"":""FADE0"",""time"":102.213,""dist"":2.68053}",0.504981999999998,2.604982,0,2.2,5.4,0.410118,2.2,2.1,0.006388,-0.011108,-0.00472,-0.00866,0.00258672155440047,0.410118,0.704684,0.557601333333333,0.110624725680413
103.35218,"P15","Occ_MO_1.2",100,77,3863.390137,7166.28418,162.576782,-0.016642,1.155587,27.7764,-0.10147,6.3,"{""type"":""M"",""msg"":""FADE0"",""time"":103.251,""dist"":2.70936}",0.605590000000007,0.50412,0.50412,1.3,9.2,0.962016,1.3,-0.10147,0.002523,-0.016642,-0.014119,-0.0158224285714286,0.000913385252260852,0.962016,1.155587,1.07005142857143,0.0704917754395436
104.362938,"P15","Occ_MO_1.2",100,78,3836.731689,7175.112305,160.559769,-0.01766,1.091193,27.7773,5.9,4.3,"{""type"":""M"",""msg"":""FADE0"",""time"":104.285,""dist"":2.7381}",0.607467999999997,4.907468,0,-0.50476,5.6,1.189329,-0.50476,4.3,0.001018,-0.01766,-0.016642,-0.0169968571428571,0.000424881327969519,1.091193,1.189329,1.15259471428571,0.0365091537823702
105.273506,"P15","Occ_MO_1.2",100,79,3812.994141,7183.866211,159.038742,-0.006714,0.615224,27.779,30.7,6.8,"{""type"":""M"",""msg"":""FADE0"",""time"":105.215,""dist"":2.76394}",0.405258000000003,7.205258,0,6,4,0.864312,4,6.8,0.006876,-0.01359,-0.006714,-0.0093016,0.0028745476687646,0.615224,0.864312,0.7402408,0.0985568276336043
106.179459,"P15","Occ_MO_1.2",100,80,3789.525146,7192.973145,158.683121,-0.001017,0.138762,27.7793,6.3,8.8,"{""type"":""M"",""msg"":""FADE0"",""time"":106.105,""dist"":2.78867}",0.401443999999998,6.701444,0,7.5,10,0.319689,7.5,6.3,0.001017,-0.001343,-0.000326,-0.0007408,0.000443122669246339,0.138762,0.319689,0.2251708,0.0715476053386834
106.989319,"P15","Occ_MO_1.2",100,81,3768.571533,7201.178711,158.663544,0.003672,-0.015751,27.7783,3.5,5.3,"{""type"":""M"",""msg"":""FADE0"",""time"":106.98,""dist"":2.81297}",0.303916999999998,3.803917,0,4.7,6.8,0.00579,4.7,3.5,0.002818,0.000854,0.003672,0.00246675,0.00129768033428884,-0.015751,0.00579,-0.00823175,0.01003643855741
107.795013,"P15","Occ_MO_1.2",100,82,3747.708496,7209.29834,158.644592,-0.0059,0.190082,27.7778,3.7,7.7,"{""type"":""M"",""msg"":""FADE0"",""time"":107.77,""dist"":2.83494}",0.302108000000004,4.002108,0,3.1,5.5,0.075799,3.1,3.7,0.00472,-0.0059,-0.00118,-0.0043335,0.00218384744583194,0.075799,0.190082,0.13158275,0.0492652342149106
108.701126,"P15","Occ_MO_1.2",100,83,3724.324219,7218.625977,157.537247,-0.015137,0.566206,27.7766,9,6.9,"{""type"":""M"",""msg"":""FADE0"",""time"":108.682,""dist"":2.86026}",0.401398,7.301398,0,19.7,16.2,0.408484,16.2,6.9,0.004558,-0.015137,-0.010579,-0.0133788,0.00198094830826047,0.408484,0.566206,0.4900304,0.0625096138869854
109.914291,"P15","Occ_MO_1.2",100,84,3693.414062,7232.064453,155.312897,-0.012939,0.644561,27.7774,8,5.5,"{""type"":""M"",""msg"":""FADE0"",""time"":109.816,""dist"":2.89178}",0.706642000000002,6.206642,0,7.5,5.5,0.678509,5.5,5.5,0.003174,-0.016113,-0.012939,-0.0147805,0.00134541507137601,0.644561,0.689625,0.675889,0.0157527527481027
110.923721,"P15","Occ_MO_1.2",100,85,3668.060303,7244.059082,154.065414,-0.007039,0.368415,27.7786,21.3,25.6,"{""type"":""M"",""msg"":""FADE0"",""time"":110.869,""dist"":2.92103}",0.605186000000003,21.905186,0,9,5.8,0.550038,5.8,21.3,0.003866,-0.010905,-0.007039,-0.00856228571428571,0.00148133877672481,0.368415,0.550038,0.460358714285714,0.0658233367348144
111.934731,"P15","Occ_MO_1.2",100,86,3642.872314,7256.498047,153.470215,-0.001831,0.135047,27.7784,5.2,7.8,"{""type"":""M"",""msg"":""FADE0"",""time"":111.913,""dist"":2.95005}",0.505493999999999,5.705494,0,8.9,12.3,0.228439,8.9,5.2,0.002726,-0.004557,-0.001831,-0.00273983333333333,0.00115850048194494,0.135047,0.228439,0.176978666666667,0.0352541078041505
113.147102,"P15","Occ_MO_1.2",100,87,3612.7854,7271.650879,152.996948,-0.004191,0.240064,27.7779,3.8,7.1,"{""type"":""M"",""msg"":""FADE0"",""time"":113.102,""dist"":2.98308}",0.706100000000006,4.50610000000001,0,4.5,7.2,0.124426,4.5,3.8,0.001831,-0.004191,-0.00236,-0.0033875,0.000658437327530658,0.124426,0.240064,0.172312,0.0411343734085532
114.254868,"P15","Occ_MO_1.2",100,88,3585.456543,7285.810547,151.894104,-0.013265,0.599923,27.777,10.9,8.4,"{""type"":""M"",""msg"":""FADE0"",""time"":114.246,""dist"":3.01487}",0.603463000000005,9.003463,0,3.9,9.7,0.39686,3.9,8.4,0.005859,-0.013265,-0.007406,-0.0107771428571429,0.00219355870893026,0.39686,0.599923,0.501757142857143,0.0736120017511379
115.370064,"P15","Occ_MO_1.2",100,89,3558.331055,7300.785645,150.155945,-0.011271,0.741596,27.7774,11.8,8.5,"{""type"":""M"",""msg"":""FADE0"",""time"":115.361,""dist"":3.04586}",0.608727000000002,9.108727,0,10.3,7.7,0.706691,7.7,8.5,0.001831,-0.013102,-0.011271,-0.0125322857142857,0.000745493061511578,0.706691,0.742418,0.730647,0.0135290262399036
116.48304,"P15","Occ_MO_1.2",100,90,3531.67749,7316.466797,148.876495,-0.007568,0.659437,27.7783,13,19.3,"{""type"":""M"",""msg"":""FADE0"",""time"":116.397,""dist"":3.07465}",0.609679999999997,13.60968,0,14.5,9.9,0.715936,9.9,13,0.002523,-0.010091,-0.007568,-0.00843428571428571,0.000957760706767912,0.659437,0.715936,0.688139571428571,0.0207279261292356
117.496979,"P15","Occ_MO_1.2",100,91,3507.676025,7331.220215,147.83284,-0.009237,0.581049,27.778,41.5,14.2,"{""type"":""M"",""msg"":""FADE0"",""time"":117.448,""dist"":3.10384}",0.504150999999993,14.704151,0,17.3,23.6,0.618791,17.3,14.2,0.00118,-0.009237,-0.008057,-0.00878916666666667,0.000541205475458875,0.581049,0.618791,0.600102833333333,0.0139764845854266
118.507751,"P15","Occ_MO_1.2",100,92,3484.036377,7346.382812,146.741898,-0.007731,0.478238,27.778,14.2,19.7,"{""type"":""M"",""msg"":""FADE0"",""time"":118.48,""dist"":3.13251}",0.506598999999994,14.706599,0,1e+06,15.6,0.533715,15.6,14.2,0.001343,-0.009074,-0.007731,-0.00832116666666667,0.000670603136487347,0.478238,0.533715,0.505591833333333,0.0207414365887869
119.517609,"P15","Occ_MO_1.2",100,93,3460.685791,7361.941895,145.909195,-0.005046,0.411377,27.778,5.2,9,"{""type"":""M"",""msg"":""FADE0"",""time"":119.508,""dist"":3.16108}",0.503890999999996,5.703891,0,9.8,14.8,0.431916,9.8,5.2,0.001993,-0.007039,-0.005046,-0.00556783333333333,0.000760770508541615,0.411377,0.431916,0.418844166666667,0.00806811074333185
120.928596,"P15","Occ_MO_1.2",100,94,3428.42041,7384.211914,144.599686,-0.009766,0.55732,27.7776,40.2,32.2,"{""type"":""M"",""msg"":""FADE0"",""time"":120.853,""dist"":3.19846}",0.907736999999997,33.107737,0,4.8,9,0.440168,4.8,32.2,0.003866,-0.009766,-0.0059,-0.0086711,0.0014723016334977,0.440168,0.55732,0.4992411,0.0402279227940273
122.243889,"P15","Occ_MO_1.2",100,95,3398.901611,7405.756836,143.072647,-0.008057,0.669442,27.7777,6.9,13.9,"{""type"":""M"",""msg"":""FADE0"",""time"":122.212,""dist"":3.2362}",0.810181,7.710181,0,39.2,31.2,0.60838,31.2,6.9,0.001709,-0.009766,-0.008057,-0.00913266666666667,0.000660346121363638,0.60838,0.669442,0.640375555555556,0.0205992728155092
123.755386,"P15","Occ_MO_1.2",100,96,3365.648926,7431.408203,141.460434,-0.009399,0.818318,27.7776,10.6,27.8,"{""type"":""M"",""msg"":""FADE0"",""time"":123.667,""dist"":3.27664}",1.00707200000001,11.607072,0,5.1,11.5,0.712707,5.1,10.6,0.001668,-0.009399,-0.007731,-0.00905136363636364,0.000643559519038802,0.712707,0.818318,0.766126363636364,0.0353171419972589
124.868393,"P15","Occ_MO_1.2",100,97,3341.669922,7450.936035,140.031464,-0.011271,0.903871,27.7774,16.6,12.2,"{""type"":""M"",""msg"":""FADE0"",""time"":124.774,""dist"":3.30739}",0.610236999999998,12.810237,0,28.8,23.1,0.867004,23.1,12.2,0.00118,-0.011434,-0.010254,-0.0110967142857143,0.000448660493129536,0.867004,0.903871,0.888146714285714,0.0136109478327103
126.484505,"P15","Occ_MO_1.2",100,98,3307.782471,7480.394531,137.819336,-0.011271,0.804238,27.7777,13.8,9.5,"{""type"":""M"",""msg"":""FADE0"",""time"":126.454,""dist"":3.35407}",1.109284,10.609284,0,16.6,12,0.902148,12,9.5,0.000163,-0.011271,-0.011108,-0.0112438333333333,6.34476639491641e-05,0.804238,0.902148,0.862277,0.0327461897464284
127.999748,"P15","Occ_MO_1.2",100,99,3277.032227,7509.150391,136.040787,-0.008057,0.55497,27.7784,10.5,16.8,"{""type"":""M"",""msg"":""FADE0"",""time"":127.967,""dist"":3.39612}",1.009041,11.509041,0,13.4,8.9,0.723271,8.9,10.5,0.003051,-0.011108,-0.008057,-0.008719,0.00108901753888539,0.55497,0.723271,0.634340727272727,0.056788270111161
129.313156,"P15","Occ_MO_1.2",100,100,3251.010498,7534.737305,134.899796,-0.006714,0.51228,27.7778,4.5,9,"{""type"":""M"",""msg"":""FADE0"",""time"":129.289,""dist"":3.43285}",0.80883799999998,5.30883799999998,0,6.9,11.6,0.503142,6.9,4.5,0.001342,-0.007039,-0.005697,-0.00638388888888889,0.00046042383855651,0.490109,0.51228,0.497571333333333,0.007539314590863
130.4207,"P15","Occ_MO_1.2",100,101,3229.476318,7556.720215,133.712799,-0.010254,0.691549,27.7777,25,20.8,"{""type"":""M"",""msg"":""FADE0"",""time"":130.398,""dist"":3.46368}",0.603881999999999,21.403882,0,5.2,13.8,0.582461,5.2,20.8,0.001506,-0.010254,-0.008748,-0.00982357142857143,0.000549007546136012,0.582461,0.691549,0.637019,0.0392867510025114
131.734818,"P15","Occ_MO_1.2",100,102,3204.608398,7583.455078,131.940674,-0.012614,0.880203,27.7774,12,9.1,"{""type"":""M"",""msg"":""FADE0"",""time"":131.633,""dist"":3.49798}",0.810440999999997,9.910441,0,21.2,17.2,0.777324,17.2,9.1,0.002035,-0.012614,-0.010579,-0.0115694444444444,0.00067360877204634,0.777324,0.880203,0.833873111111111,0.035767485078785
133.045197,"P15","Occ_MO_1.2",100,103,3180.717285,7610.926758,129.911179,-0.012939,0.823754,27.7776,9.1,6.5,"{""type"":""M"",""msg"":""FADE0"",""time"":133.029,""dist"":3.53677}",0.907532000000003,7.407532,0,11.2,8.4,0.896593,8.4,6.5,0.000325000000000001,-0.012939,-0.012614,-0.0127929,0.000142265362380776,0.823754,0.896593,0.8717591,0.0255319948754934
134.45903,"P15","Occ_MO_1.2",100,104,3156.012695,7641.469238,128.099136,-0.007894,0.447129,27.7784,31.6,42.2,"{""type"":""M"",""msg"":""FADE0"",""time"":134.418,""dist"":3.57536}",0.908111000000019,32.508111,0,8.4,5.7,0.712628,5.7,31.6,0.00472,-0.012614,-0.007894,-0.0090781,0.00158966820087995,0.447129,0.712628,0.5791412,0.090349812454826
135.673462,"P15","Occ_MO_1.2",100,105,3135.388916,7668.177734,127.347054,-0.003866,0.248027,27.7781,4.9,8,"{""type"":""M"",""msg"":""FADE0"",""time"":135.656,""dist"":3.60976}",0.708068999999995,5.608069,0,6.4,9.6,0.3205,6.4,4.9,0.000855,-0.003866,-0.003011,-0.003448625,0.000351365067578275,0.248027,0.3205,0.272548375,0.0267863250875597
136.886887,"P15","Occ_MO_1.2",100,106,3115.092041,7695.099609,126.51609,-0.007894,0.447499,27.7775,4.9,12.3,"{""type"":""M"",""msg"":""FADE0"",""time"":136.854,""dist"":3.64307}",0.706208000000004,5.606208,0,4.3,7.8,0.291604,4.3,4.9,0.003174,-0.007894,-0.00472,-0.006312125,0.00138475252430585,0.291604,0.447499,0.364186625,0.0549937705431586
138.096451,"P15","Occ_MO_1.2",100,107,3095.390137,7722.326172,124.963844,-0.012939,0.74302,27.7771,10.7,8.1,"{""type"":""M"",""msg"":""FADE0"",""time"":138.03,""dist"":3.67572}",0.704270000000008,8.80427000000001,0,25.2,21,0.584645,21,8.1,0.003173,-0.012939,-0.009766,-0.01201875,0.00128508596154943,0.584645,0.74302,0.670608125,0.0560397747610379
139.208801,"P15","Occ_MO_1.2",100,108,3078.036377,7747.899414,123.136391,-0.013794,0.745685,27.7773,7.8,5.5,"{""type"":""M"",""msg"":""FADE0"",""time"":139.193,""dist"":3.70804}",0.606369000000001,6.106369,0,9.6,7.1,0.786342,7.1,5.5,0.00118,-0.014282,-0.013102,-0.0139508571428571,0.00042312426408461,0.745685,0.787697,0.774048428571429,0.0157924401941471
140.52272,"P15","Occ_MO_1.2",100,109,3058.520996,7778.753418,121.608315,-0.006714,0.401641,27.7787,15.6,20.9,"{""type"":""M"",""msg"":""FADE0"",""time"":140.491,""dist"":3.74411}",0.811827999999991,16.411828,0,10.9,6.9,0.629474,6.9,15.6,0.003214,-0.009928,-0.006714,-0.00748244444444444,0.00117588606071242,0.401641,0.629474,0.512925666666667,0.0784000096332902
141.734177,"P15","Occ_MO_1.2",100,110,3041.053467,7807.527832,121.083893,-0.000488,0.245734,27.7781,3.4,5.9,"{""type"":""M"",""msg"":""FADE0"",""time"":141.669,""dist"":3.77684}",0.706542999999982,4.10654299999998,0,6.9,10.3,0.289708,6.9,3.4,0.00354,-0.004028,-0.000488,-0.001378125,0.00127445477838284,0.237316,0.289708,0.25350175,0.0186929552028107
142.955612,"P15","Occ_MO_1.2",100,111,3023.636475,7836.65625,120.403458,-0.007731,0.609686,27.7776,2.8,9.7,"{""type"":""M"",""msg"":""FADE0"",""time"":142.861,""dist"":3.80996}",0.713104000000016,3.51310400000002,0,3,6.3,0.349198,3,2.8,0.004028,-0.007731,-0.003703,-0.0064545,0.00148234832999149,0.349198,0.609686,0.475536875,0.0918514492279129
143.861282,"P15","Occ_MO_1.2",100,112,3011.070801,7858.458496,119.223961,-0.013794,0.942833,27.7768,10.4,8.2,"{""type"":""M"",""msg"":""FADE0"",""time"":143.789,""dist"":3.83575}",0.403014999999982,8.60301499999998,0,16.3,13.4,0.807484,13.4,8.2,0.002523,-0.013794,-0.011271,-0.0130776,0.00106911472723932,0.807484,0.942833,0.8775586,0.0535486387856872
144.772339,"P15","Occ_MO_1.2",100,113,2998.984131,7880.699219,117.553894,-0.016317,1.038482,27.7769,7,5.2,"{""type"":""M"",""msg"":""FADE0"",""time"":144.755,""dist"":3.8626}",0.404831000000001,5.604831,0,8.1,6.2,1.03823,6.2,5.2,0.000692000000000002,-0.016317,-0.015625,-0.0160728,0.000339314308569504,1.03823,1.048502,1.0432632,0.00464211150232309
145.988235,"P15","Occ_MO_1.2",100,114,2983.855225,7910.904785,115.787582,-0.007406,0.666126,27.7788,35.6,14.1,"{""type"":""M"",""msg"":""FADE0"",""time"":145.937,""dist"":3.89544}",0.708999000000006,14.808999,0,7.3,5.1,0.928813,5.1,14.1,0.005859,-0.013265,-0.007406,-0.009058625,0.00186963380199745,0.666126,0.928813,0.79941175,0.0925459593788791
147.000168,"P15","Occ_MO_1.2",100,115,2971.782715,7936.299805,115.110954,-0.003866,0.35396,27.7786,7.1,10.5,"{""type"":""M"",""msg"":""FADE0"",""time"":146.938,""dist"":3.92324}",0.506271999999996,7.606272,0,8.3,11.8,0.48797,8.3,7.1,0.000162,-0.004028,-0.003866,-0.003893,6.61362230551459e-05,0.35396,0.48797,0.4170365,0.0502958712728987
148.321747,"P15","Occ_MO_1.2",100,116,2956.37207,7969.630859,114.498787,-0.004191,0.291503,27.7778,4.4,8,"{""type"":""M"",""msg"":""FADE0"",""time"":148.228,""dist"":3.95909}",0.815612999999985,5.21561299999999,0,5.8,9.1,0.278183,5.8,4.4,0.001668,-0.004191,-0.002523,-0.003323,0.000704030539110343,0.261347,0.291503,0.271425222222222,0.0101825795083782
149.839584,"P15","Occ_MO_1.2",100,117,2939.275879,8008.183105,112.970383,-0.011271,0.59465,27.7773,12.5,9.3,"{""type"":""M"",""msg"":""FADE0"",""time"":149.774,""dist"":4.00205}",1.01179500000001,10.311795,0,4.5,9.6,0.382499,4.5,9.3,0.005045,-0.011271,-0.006226,-0.00979509090909091,0.00164915211272614,0.382499,0.59465,0.496622818181818,0.071772382443135
151.150208,"P15","Occ_MO_1.2",100,118,2925.532959,8041.904785,111.254204,-0.011108,0.634959,27.7778,10.8,7.5,"{""type"":""M"",""msg"":""FADE0"",""time"":151.123,""dist"":4.03954}",0.806443000000002,8.306443,0,14.9,10.7,0.640192,10.7,7.5,0.001017,-0.011108,-0.010091,-0.0105295555555556,0.000405742563428805,0.634959,0.648989,0.644143111111111,0.00464983014325374
152.661118,"P15","Occ_MO_1.2",100,119,2910.94751,8081.269531,109.377098,-0.009074,0.349467,27.7781,12.8,7.4,"{""type"":""M"",""msg"":""FADE0"",""time"":152.568,""dist"":4.07967}",1.00642399999998,8.40642399999998,0,10.6,7,0.574674,7,7.4,0.001505,-0.010579,-0.009074,-0.00954745454545454,0.000666397833675404,0.349467,0.574674,0.468126272727273,0.0755081719764039
153.672226,"P15","Occ_MO_1.2",100,120,2901.815186,8107.838867,108.660843,-0.003377,0.127008,27.7785,6.3,9.3,"{""type"":""M"",""msg"":""FADE0"",""time"":153.617,""dist"":4.10884}",0.505889999999994,6.80588999999999,0,7.8,11,0.219093,7.8,6.3,0.000489,-0.003866,-0.003377,-0.00351283333333333,0.000190554366695352,0.127008,0.219093,0.168749833333333,0.0347823010821117
155.193314,"P15","Occ_MO_1.2",100,121,2888.494385,8147.949219,108.050003,-0.00354,0.288295,27.778,3.1,6.2,"{""type"":""M"",""msg"":""FADE0"",""time"":155.182,""dist"":4.15232}",1.01478599999999,4.11478599999999,0,4.8,7.7,0.105391,4.8,3.1,0.000854,-0.00354,-0.002686,-0.00305536363636364,0.000335339908966193,0.105391,0.288295,0.174256090909091,0.0625530355114035
156.409225,"P15","Occ_MO_1.2",100,122,2878.262451,8180.146484,106.879982,-0.010742,0.785452,27.777,19.9,16.2,"{""type"":""M"",""msg"":""FADE0"",""time"":156.338,""dist"":4.18445}",0.707977,16.907977,0,2.8,8.2,0.487817,2.8,16.2,0.003336,-0.010742,-0.007406,-0.010096125,0.00126175732752833,0.487817,0.785452,0.640519375,0.104583527085753
157.730469,"P15","Occ_MO_1.2",100,123,2868.241943,8215.458984,103.835716,-0.035257,0.966022,27.773,3.5,2.5,"{""type"":""M"",""msg"":""FADE0"",""time"":157.681,""dist"":4.22175}",0.808913999999987,3.30891399999999,0,10.7,8.5,0.954532,8.5,2.5,0.0213,-0.035257,-0.013957,-0.0238513333333333,0.00743990078898906,0.954532,1.03221,1.00176366666667,0.0285587171061656
15.72953,"P16","Occ_MO_1.2",100,1,5750.274414,8238.480469,-103.35112,-0.011597,1.595516,27.7445,-1.114566,13.4,"{""type"":""M"",""msg"":""FADE0"",""time"":15.6877,""dist"":0.276381}",1.718074,0.603508,0.603508,1.3,21.1,0.768745,1.3,-1.114566,0.001343,-0.012085,-0.010742,-0.0118655555555556,0.000324134544000449,0.768745,1.595516,1.22588733333333,0.26009628720443
16.941208,"P16","Occ_MO_1.2",100,2,5741.999023,8205.868164,-105.578262,-0.017131,1.768313,27.7724,-2.326244,5.7,"{""type"":""M"",""msg"":""FADE0"",""time"":16.9361,""dist"":0.311048}",0.707529000000001,-1.618715,0,-1.618715,7.7,1.736645,-1.618715,-2.326244,0.002848,-0.018799,-0.015951,-0.017675,0.0010607028667014,1.736645,1.788292,1.77179425,0.0177847935346866
18.76211,"P16","Occ_MO_1.2",100,3,5727.031738,8157.546875,-108.941681,-0.014282,0.774684,27.7788,4.8,3,"{""type"":""M"",""msg"":""FADE0"",""time"":18.755,""dist"":0.361588}",1.312321,4.312321,0,-2.834825,4.9,1.629725,-2.834825,3,0.002523,-0.016805,-0.014282,-0.0151453571428571,0.0011129113315391,0.774684,1.629725,1.25273157142857,0.277863795330544
21.19692,"P16","Occ_MO_1.2",100,4,5703.96875,8093.945312,-110.430092,-0.003866,-1.178018,27.7782,12.9,-0.10189,"{""type"":""M"",""msg"":""FADE0"",""time"":21.1776,""dist"":0.428904}",1.925312,1.823422,1.823422,6,2.7,0.28071,2.7,-0.10189,0.005046,-0.006877,-0.001831,-0.0027691,0.00120500504039129,-1.178018,0.28071,-0.54106165,0.459088193942053
23.014795,"P16","Occ_MO_1.2",100,5,5686.493652,8046.554199,-109.70192,0.004323,-1.000118,27.7775,3.1,4.4,"{""type"":""M"",""msg"":""FADE0"",""time"":22.9735,""dist"":0.478806}",1.313167,4.413167,0,5.3,-0.606598,-1.368309,-0.606598,3.1,0.004232,0.004323,0.008555,0.00588392857142857,0.00150827178046142,-1.41036,-1.000118,-1.29032157142857,0.135207212013899
24.835051,"P16","Occ_MO_1.2",100,6,5669.333008,7998.978516,-110.474892,-0.008057,1.105844,27.7775,0,2.4,"{""type"":""M"",""msg"":""FADE0"",""time"":24.7368,""dist"":0.527798}",1.312636,1.312636,1.312636,2.4,4,-0.519418,2.4,0,0.007569,-0.008057,-0.000488,-0.00558335714285714,0.00196662931500508,-0.519418,1.105844,0.274221642857143,0.525480207810636
26.046862,"P16","Occ_MO_1.2",100,7,5656.985352,7967.658691,-113.28688,-0.021429,-1.387699,27.775,-1.211811,7,"{""type"":""M"",""msg"":""FADE0"",""time"":26.0435,""dist"":0.564105}",0.807492,-0.404319,0,-0.404319,10.1,1.625441,-0.404319,-1.211811,0.004141,-0.023469,-0.019328,-0.0221738888888889,0.00144426100865152,-1.781569,1.862644,-0.464592,1.66249998963248
27.664936,"P16","Occ_MO_1.2",100,8,5637.599609,7927.118652,-118.795845,-0.027794,-1.810124,27.7749,-2.829885,2.7,"{""type"":""M"",""msg"":""FADE0"",""time"":27.5788,""dist"":0.60676}",1.111834,-1.718051,0,-1.718051,5.3,-1.192349,-1.718051,-2.829885,0.006347,-0.032676,-0.026329,-0.03078725,0.00205682788094147,-1.810124,-1.174771,-1.36858183333333,0.217830762309907
28.87952,"P16","Occ_MO_1.2",100,9,5620.912109,7897.782227,-119.801773,0.002197,0.11627,27.7829,9.5,3.3,"{""type"":""M"",""msg"":""FADE0"",""time"":28.8309,""dist"":0.641554}",0.708857999999999,4.008858,0,17.2,3.4,1.158328,3.4,3.3,0.004974,-0.001831,0.003143,0.00125375,0.00162771827590474,0.11627,1.158328,0.616486875,0.36567501639197
30.092836,"P16","Occ_MO_1.2",100,10,5604.407715,7868.382812,-118.531769,0.006195,-0.757468,27.7785,4.2,5.7,"{""type"":""M"",""msg"":""FADE0"",""time"":30.0389,""dist"":0.675124}",0.709029999999998,4.90903,0,4.4,5.5,-0.438573,4.4,4.2,0.008219,0.006195,0.014414,0.01082875,0.00307409572069576,-0.757468,-0.438573,-0.637719625,0.114365914638606
31.806276,"P16","Occ_MO_1.2",100,11,5581.90918,7826.424316,-118.132988,-0.001017,0.139202,27.778,1.7,3.6,"{""type"":""M"",""msg"":""FADE0"",""time"":31.7069,""dist"":0.721472}",1.208204,2.908204,0,3.3,4.7,-0.695113,3.3,1.7,0.007538,-0.001017,0.006521,0.000869307692307692,0.00239652451077998,-0.695113,0.139202,-0.333539769230769,0.274557261136347
33.617382,"P16","Occ_MO_1.2",100,12,5557.657227,7782.334473,-120.209045,-0.014771,-1.663793,27.7767,-0.905525,1.7,"{""type"":""M"",""msg"":""FADE0"",""time"":33.5949,""dist"":0.773931}",1.308948,0.403423000000004,0.403423000000004,0.8,3,0.672758,0.8,-0.905525,0.010416,-0.015299,-0.004883,-0.0120181428571429,0.0033622140566355,-1.853677,1.796713,0.602181,1.32140153905855
34.931572,"P16","Occ_MO_1.2",100,13,5538.621094,7751.181152,-123.351425,-0.02115,-0.910484,27.7758,-2.219715,-0.606819,"{""type"":""M"",""msg"":""FADE0"",""time"":34.8367,""dist"":0.808432}",0.808632000000003,-1.411083,0,-1.411083,0.4,-1.240488,-1.411083,-2.219715,0.005513,-0.025492,-0.019979,-0.0230154444444444,0.00189423890462048,-1.240488,-0.910484,-1.03229622222222,0.116805781438439
36.139912,"P16","Occ_MO_1.2",100,14,5519.540039,7723.561035,-126.275467,-0.020313,-1.328324,27.7774,-3.428055,4.3,"{""type"":""M"",""msg"":""FADE0"",""time"":36.1279,""dist"":0.844308}",0.702584000000002,-2.725471,0,-2.725471,-1.112575,-0.969126,-2.725471,-3.428055,0,-0.020313,-0.020313,-0.020313,0,-1.328324,-0.969126,-1.1262125,0.126597345211388
37.660023,"P16","Occ_MO_1.2",100,15,5493.705566,7690.149414,-128.826538,-0.004557,0.730086,27.7804,18.2,3.7,"{""type"":""M"",""msg"":""FADE0"",""time"":37.6113,""dist"":0.885527}",1.012753,4.712753,0,-3.935413,3.6,-1.786266,-3.935413,3.7,0.013916,-0.018473,-0.004557,-0.0112636363636364,0.00502497240336158,-1.786266,1.852704,1.01845363636364,0.997735359268706
39.280342,"P16","Occ_MO_1.2",100,16,5465.572754,7654.996582,-128.410583,-0.001668,-0.42417,27.7785,6,8.1,"{""type"":""M"",""msg"":""FADE0"",""time"":39.262,""dist"":0.931396}",1.111408,7.111408,0,5.3,6.7,0.151066,5.3,6,0.009694,-0.001668,0.008026,0.00364516666666667,0.00368435996250819,-0.42417,0.151066,-0.207213833333333,0.189892271039916
41.498096,"P16","Occ_MO_1.2",100,17,5426.9375,7606.992188,-129.678574,-0.009562,0.10243,27.7772,5.1,11.7,"{""type"":""M"",""msg"":""FADE0"",""time"":41.4508,""dist"":0.992215}",1.71520899999999,6.81520899999999,0,4.5,6.3,-0.454792,4.5,5.1,0.009888,-0.009562,0.000326,-0.00534844444444444,0.00289149023703171,-0.454792,0.10243,-0.227843333333333,0.182535949839702
43.929379,"P16","Occ_MO_1.2",100,18,5382.369629,7556.240234,-133.290359,-0.014974,0.913545,27.7774,9.8,7.4,"{""type"":""M"",""msg"":""FADE0"",""time"":43.8455,""dist"":1.05875}",1.92783799999999,9.327838,0,5.7,28.3,0.329312,5.7,7.4,0.004232,-0.014974,-0.010742,-0.0127441,0.00130898682796638,0.329312,0.913545,0.6731921,0.18795709528308
46.353336,"P16","Occ_MO_1.2",100,19,5334.618652,7508.755859,-136.651184,-0.007731,0.607351,27.7785,9.3,15.8,"{""type"":""M"",""msg"":""FADE0"",""time"":46.308,""dist"":1.12718}",1.917881,11.217881,0,7.8,5.7,0.92103,5.7,9.3,0.008586,-0.016317,-0.007731,-0.01017655,0.00280558093196213,0.607351,0.92103,0.7597079,0.105259072837552
49.176636,"P16","Occ_MO_1.2",100,20,5276.222168,7456.38916,-139.875473,-0.011108,0.534424,27.7774,12.8,8.9,"{""type"":""M"",""msg"":""FADE0"",""time"":49.1635,""dist"":1.20652}",2.318585,11.218585,0,8.9,16,0.568863,8.9,8.9,0.003214,-0.011108,-0.007894,-0.00961133333333333,0.000846489922211598,0.534424,0.568863,0.549682416666667,0.00731246533647179
53.214973,"P16","Occ_MO_1.2",100,21,5187.216797,7388.125488,-145.159988,-0.010254,-0.515907,27.778,6.6,2.2,"{""type"":""M"",""msg"":""FADE0"",""time"":53.2079,""dist"":1.3189}",3.534076,5.734076,0,10.3,7,0.492475,7,2.2,0.001505,-0.011759,-0.010254,-0.0105375833333333,0.000337692030025669,-0.515907,0.492475,0.07666,0.308018996773344
56.145397,"P16","Occ_MO_1.2",100,22,5119.463867,7342.972168,-147.417358,-0.0059,-1.254814,27.7777,11.9,-1.213524,"{""type"":""M"",""msg"":""FADE0"",""time"":56.0504,""dist"":1.39788}",2.42447300000001,1.21094900000001,1.21094900000001,18.6,1.9,-0.741619,1.9,-1.213524,0.001343,-0.006063,-0.00472,-0.005529,0.000495332716464398,-1.254814,-0.741619,-1.08007632,0.160132441380752
57.763416,"P16","Occ_MO_1.2",100,23,5081.485352,7318.913574,-147.681473,-0.000326,-0.805271,27.7777,3.5,5.3,"{""type"":""M"",""msg"":""FADE0"",""time"":57.7132,""dist"":1.44408}",1.113464,4.613464,0,5.8,-1.718079,-1.23674,-1.718079,3.5,0.000977,-0.000326,0.000651,0.000216916666666667,0.000388584016499377,-1.23674,-0.805271,-1.06788925,0.144238327827829
59.783207,"P16","Occ_MO_1.2",100,24,5033.716309,7289.462402,-149.486557,-0.009928,0.872529,27.7775,0.7,5.9,"{""type"":""M"",""msg"":""FADE0"",""time"":59.7629,""dist"":1.50103}",1.517349,2.217349,0,3.2,5.8,-0.419594,3.2,0.7,0.004028,-0.009928,-0.0059,-0.00889575,0.00112349819759535,-0.419594,0.872529,0.2335374375,0.411426555212951
61.502819,"P16","Occ_MO_1.2",100,25,4991.979004,7266.219727,-152.679489,-0.012614,1.741245,27.7773,-1.415283,9.5,"{""type"":""M"",""msg"":""FADE0"",""time"":61.427,""dist"":1.54727}",1.212841,-0.202441999999996,0,-0.202442,9.4,1.262258,-0.202442,-1.415283,0.006185,-0.018799,-0.012614,-0.0168426153846154,0.0019359439359333,1.262258,1.741245,1.56128946153846,0.158170373479367
62.816441,"P16","Occ_MO_1.2",100,26,4959.259766,7250.049316,-154.99556,-0.012614,1.580628,27.7779,-2.728905,6.2,"{""type"":""M"",""msg"":""FADE0"",""time"":62.771,""dist"":1.58462}",0.811096999999997,-1.917808,0,-1.917808,6.1,1.766444,-1.917808,-2.728905,0.005046,-0.01766,-0.012614,-0.0157021111111111,0.00172807490031859,1.580628,1.766444,1.69525822222222,0.065972460574049
64.230698,"P16","Occ_MO_1.2",100,27,4923.412109,7233.952148,-156.667221,-0.008911,0.905353,27.7788,10.2,6.3,"{""type"":""M"",""msg"":""FADE0"",""time"":64.2256,""dist"":1.62504}",0.909096000000005,7.209096,0,-3.234066,6.9,1.35775,-3.234066,6.3,0.001017,-0.009928,-0.008911,-0.009029,0.000320003124984741,0.905353,1.35775,1.1337726,0.152264105255164
65.946068,"P16","Occ_MO_1.2",100,28,4879.42041,7215.60791,-158.049789,-0.006551,0.110084,27.7782,20.4,24.3,"{""type"":""M"",""msg"":""FADE0"",""time"":65.8935,""dist"":1.67138}",1.21082299999999,21.610823,0,16.7,20.3,0.642557,16.7,20.4,0.000854000000000001,-0.006551,-0.005697,-0.00590338461538462,0.000289165044700986,0.110084,0.642557,0.362485538461538,0.172897791213776
70.383415,"P16","Occ_MO_1.2",100,29,4763.821777,7172.777344,-161.3638,-0.006714,-0.308737,27.7777,8.6,13.1,"{""type"":""M"",""msg"":""FADE0"",""time"":70.3426,""dist"":1.795}",3.932754,12.532754,0,14.2,17.7,-0.065506,14.2,8.6,0.001017,-0.006714,-0.005697,-0.005865675,0.000262508548090368,-0.448432,-0.065506,-0.348692125,0.105874182717564
75.638191,"P16","Occ_MO_1.2",100,30,4623.72998,7131.793945,-166.201584,-0.006877,1.349655,27.7777,-0.50328,5,"{""type"":""M"",""msg"":""FADE0"",""time"":75.6229,""dist"":1.94172}",4.74775700000001,4.244477,4.244477,8.4,13.4,-0.212317,8.4,-0.50328,0.001709,-0.008586,-0.006877,-0.00743175,0.000549526353113258,-0.212317,1.349655,0.487713145833333,0.475602867381573
77.048203,"P16","Occ_MO_1.2",100,31,4585.559082,7122.979492,-168.276855,-0.015462,1.866215,27.7768,-1.913292,8,"{""type"":""M"",""msg"":""FADE0"",""time"":77.0054,""dist"":1.98013}",0.905220999999997,-1.008071,0,-1.008071,14.3,1.576527,-1.008071,-1.913292,0.003174,-0.015625,-0.012451,-0.0151082,0.00109456148499956,1.576527,1.866215,1.7420599,0.0988668923356044
78.163864,"P16","Occ_MO_1.2",100,32,4555.105957,7117.202637,-170.641541,-0.018473,1.761278,27.7764,-3.028953,4.7,"{""type"":""M"",""msg"":""FADE0"",""time"":78.1387,""dist"":2.01162}",0.606949,-2.422004,0,-2.422004,5.7,-1.851119,-2.422004,-3.028953,0.000855000000000002,-0.019328,-0.018473,-0.0190661428571429,0.000277966681799234,-1.872601,1.857152,0.238097285714286,1.96369463869052
79.57795,"P16","Occ_MO_1.2",100,33,4516.214355,7111.627441,-172.926743,-0.008911,0.794212,27.7796,8.2,4.5,"{""type"":""M"",""msg"":""FADE0"",""time"":79.5643,""dist"":2.05124}",0.908012999999997,5.408013,0,-3.535026,4.3,1.487571,-3.535026,4.5,0.006877,-0.015788,-0.008911,-0.0116779,0.00262574947819136,0.794212,1.487571,1.1499436,0.234809356822934
81.602806,"P16","Occ_MO_1.2",100,34,4460.314941,7105.231445,-173.658066,-0.000854,-0.29515,27.778,5.1,7.1,"{""type"":""M"",""msg"":""FADE0"",""time"":81.5853,""dist"":2.10739}",1.521789,6.621789,0,13.5,15.8,0.393163,13.5,5.1,0.004394,-0.00472,-0.000326,-0.001002,0.00128313636583698,-0.29515,0.393163,-0.0364250625,0.224842916080974
85.044853,"P16","Occ_MO_1.2",100,35,4365.099121,7096.358398,-176.51088,-0.010579,0.975161,27.7773,0.7,11.3,"{""type"":""M"",""msg"":""FADE0"",""time"":85.0028,""dist"":2.20235}",2.935402,3.635402,0,4.2,6.3,-0.275996,4.2,0.7,0.009236,-0.010579,-0.001343,-0.0075873,0.00263618029771656,-0.275996,0.975161,0.2840068,0.398377110673949
86.260048,"P16","Occ_MO_1.2",100,36,4331.37207,7094.8125,-178.560654,-0.015788,1.418111,27.777,-0.912644,8.2,"{""type"":""M"",""msg"":""FADE0"",""time"":86.2425,""dist"":2.2368}",0.708671999999993,-0.203972000000007,0,-0.203972,10.6,1.202446,-0.203972,-0.912644,0.001017,-0.015788,-0.014771,-0.015620125,0.000361565815980596,1.202446,1.418111,1.32160475,0.0760909411930412
87.981606,"P16","Occ_MO_1.2",100,37,4283.544434,7094.870605,178.142624,-0.017131,1.283288,27.7773,-2.634202,4.8,"{""type"":""M"",""msg"":""FADE0"",""time"":87.97,""dist"":2.28479}",1.216004,-1.418198,0,-1.418198,7.5,1.475459,-1.418198,-2.634202,0.001506,-0.017131,-0.015625,-0.0164609230769231,0.000739709003768651,1.283288,1.477958,1.41828130769231,0.0656382059936445
90.912689,"P16","Occ_MO_1.2",100,38,4202.270508,7100.007324,174.9422,-0.009074,0.041311,27.7778,16.8,7.8,"{""type"":""M"",""msg"":""FADE0"",""time"":90.8934,""dist"":2.36603}",2.428856,10.228856,0,7.9,5.2,1.040853,5.2,7.8,0.005859,-0.012085,-0.006226,-0.00747732,0.00145132832030982,0.041311,1.040853,0.46890232,0.307398376580744
95.969856,"P16","Occ_MO_1.2",100,39,4062.850098,7117.319336,170.946289,-0.006877,0.629265,27.7777,1.9,6.2,"{""type"":""M"",""msg"":""FADE0"",""time"":95.9146,""dist"":2.50555}",4.551559,6.451559,0,1e+06,1e+06,-0.089927,1e+06,1.9,0.002848,-0.008219,-0.005371,-0.00602663043478261,0.000649686295537081,-0.282185,0.629265,-0.034480847826087,0.268291864555497
99.399071,"P16","Occ_MO_1.2",100,40,3969.537842,7136.415039,165.762482,-0.010905,1.139577,27.778,-2.418152,7.6,"{""type"":""M"",""msg"":""FADE0"",""time"":99.3851,""dist"":2.60198}",2.924942,0.506789999999995,0.506789999999995,1.2,11.5,0.897928,1.2,-2.418152,0.004394,-0.015299,-0.010905,-0.0132404333333333,0.00135221607851279,0.897928,1.309302,1.2035957,0.112142513180743
105.561523,"P16","Occ_MO_1.2",100,41,3806.532471,7188.516113,158.888382,-0.008586,-1.570069,27.7778,3.4,-0.809951,"{""type"":""M"",""msg"":""FADE0"",""time"":105.527,""dist"":2.77263}",5.65846999999999,4.848519,4.848519,9.7,6.8,0.99571,6.8,-0.809951,0.002319,-0.010905,-0.008586,-0.00891689473684211,0.000512611161610357,-1.570069,0.99571,-0.182822719298246,0.766080777782436
106.57354,"P16","Occ_MO_1.2",100,42,3780.3479,7198.76709,158.88652,0.006846,1.731535,27.7777,5.4,-1.821968,"{""type"":""M"",""msg"":""FADE0"",""time"":106.543,""dist"":2.80086}",0.507392999999993,-1.31457500000001,0,8,-1.314575,-1.851167,-1.314575,-1.821968,0.005534,0.002655,0.008189,0.00696133333333333,0.00216880876673502,-1.851167,1.849278,1.1757165,1.48347178129451
107.99202,"P16","Occ_MO_1.2",100,43,3743.488525,7212.723145,160.008896,0.01238,-1.352222,27.7769,2.5,-3.240448,"{""type"":""M"",""msg"":""FADE0"",""time"":107.936,""dist"":2.83956}",0.913299999999992,-2.32714800000001,0,4.8,-2.327148,1.783232,-2.327148,-3.240448,0.007202,0.005178,0.01238,0.0083518,0.00328036877330719,-1.841626,1.859665,-0.5899001,1.66934492003683
109.310326,"P16","Occ_MO_1.2",100,44,3709.033447,7225.153809,159.533951,-0.011597,0.68755,27.7772,0.6,2.9,"{""type"":""M"",""msg"":""FADE0"",""time"":109.3,""dist"":2.87748}",0.811242000000007,1.41124200000001,0,2,3.5,-0.634976,2,0.6,0.007243,-0.011597,-0.004354,-0.00977922222222222,0.00222560254637805,-0.634976,0.68755,0.030662,0.454445172202324
110.422089,"P16","Occ_MO_1.2",100,45,3680.28833,7236.456055,156.822617,-0.024306,-1.618652,27.7752,-0.808205,6.8,"{""type"":""M"",""msg"":""FADE0"",""time"":110.395,""dist"":2.90789}",0.605530000000002,-0.202674999999998,0,-0.202675,8.3,1.44937,-0.202675,-0.808205,0.001116,-0.024585,-0.023469,-0.0241067142857143,0.000527260439847872,-1.807577,1.832447,0.206509571428571,1.79881008178581
111.839996,"P16","Occ_MO_1.2",100,46,3644.734619,7253.383789,151.561356,-0.025213,-1.683945,27.7754,-2.226112,3.2,"{""type"":""M"",""msg"":""FADE0"",""time"":111.75,""dist"":2.94553}",0.911643999999995,-1.314468,0,-1.314468,4.3,-1.324574,-1.314468,-2.226112,0.009207,-0.03442,-0.025213,-0.031686,0.00318450132150493,-1.683945,-1.296404,-1.4141117,0.135223734202946
112.75238,"P16","Occ_MO_1.2",100,47,3622.621094,7265.782227,150.254883,-0.000163,0.885632,27.7831,10.9,12.7,"{""type"":""M"",""msg"":""FADE0"",""time"":112.655,""dist"":2.9707}",0.406372000000005,11.306372,0,-2.732124,3.5,1.438441,-2.732124,10.9,0.008585,-0.008748,-0.000163,-0.0036946,0.00319928692054964,0.885632,1.438441,1.1608022,0.21867150490336
113.761063,"P16","Occ_MO_1.2",100,48,3598.249268,7279.630371,150.938751,0.009532,-0.067741,27.7801,3.8,5.3,"{""type"":""M"",""msg"":""FADE0"",""time"":113.664,""dist"":2.99874}",0.504441,4.304441,0,4.9,6.4,0.30031,4.9,3.8,0.000692,0.009206,0.009898,0.00966066666666667,0.000285941719003483,-0.067741,0.30031,0.0990495,0.138681410899587
115.076752,"P16","Occ_MO_1.2",100,49,3566.147217,7297.122559,151.798141,0.002197,0.092879,27.7783,2.1,4,"{""type"":""M"",""msg"":""FADE0"",""time"":115.008,""dist"":3.03607}",0.811356000000004,2.911356,0,3.2,4.8,-0.177582,3.2,2.1,0.004812,0.002197,0.007009,0.00432211111111111,0.001630513910125,-0.177582,0.092879,-0.0765308888888889,0.0961385493694445
116.48896,"P16","Occ_MO_1.2",100,50,3531.692139,7315.896973,150.509369,-0.012248,1.1723,27.7769,0,17.1,"{""type"":""M"",""msg"":""FADE0"",""time"":116.421,""dist"":3.07533}",0.909202000000008,0.909202000000008,0.909202000000008,1.6,4.7,0.46078,1.6,0,0.005697,-0.012248,-0.006551,-0.0105998,0.00186393793411214,0.46078,1.1723,0.8244545,0.240324124686849
117.601425,"P16","Occ_MO_1.2",100,51,3505.055664,7331.572754,148.008652,-0.021429,1.675205,27.7755,-1.112465,5.2,"{""type"":""M"",""msg"":""FADE0"",""time"":117.512,""dist"":3.10564}",0.609711000000004,-0.502753999999996,0,-0.502754,6.9,1.489916,-0.502754,-1.112465,0.001613,-0.021429,-0.019816,-0.0210391428571429,0.000578056349205804,1.489916,1.675205,1.602381,0.0683250721916926
118.9133,"P16","Occ_MO_1.2",100,52,3474.645264,7351.661133,145.298721,-0.008423,1.184069,27.7791,-2.42434,7.5,"{""type"":""M"",""msg"":""FADE0"",""time"":118.827,""dist"":3.14218}",0.806969000000009,-1.61737099999999,0,-1.617371,4.3,1.609435,-1.617371,-2.42434,0.013006,-0.021429,-0.008423,-0.0141448888888889,0.00473598383243768,1.184069,1.609435,1.413363,0.148144936055034
120.427345,"P16","Occ_MO_1.2",100,53,3440.233643,7375.865723,144.561905,-0.00354,0.531573,27.7788,5.3,8.6,"{""type"":""M"",""msg"":""FADE0"",""time"":120.389,""dist"":3.1856}",1.00814800000001,6.308148,0,6.5,9.5,0.887488,6.5,5.3,0.001343,-0.00354,-0.002197,-0.00267809090909091,0.000504608453069398,0.531573,0.887488,0.683051545454545,0.118974770261904
123.052849,"P16","Occ_MO_1.2",100,54,3381.305908,7418.868164,143.072327,-0.005046,0.977566,27.7777,0.6,4.5,"{""type"":""M"",""msg"":""FADE0"",""time"":123.016,""dist"":3.25859}",2.11893499999999,2.71893499999999,0,4.4,7.7,0.475441,4.4,0.6,0.001343,-0.005046,-0.003703,-0.0045795,0.00039768397958561,0.473234,0.977566,0.639428818181818,0.16294400641051
124.067123,"P16","Occ_MO_1.2",100,55,3358.932129,7436.002441,141.489059,-0.017985,1.461722,27.7757,-0.70964,7.1,"{""type"":""M"",""msg"":""FADE0"",""time"":123.975,""dist"":3.28523}",0.507430999999997,-0.202209000000003,0,-0.202209,11.5,1.244828,-0.202209,-0.70964,0.004191,-0.018799,-0.014608,-0.0176595,0.00160066408093641,1.244828,1.461722,1.36125066666667,0.08129410971446
125.386131,"P16","Occ_MO_1.2",100,56,3330.790283,7459.47168,138.787445,-0.010254,1.403166,27.778,-2.028648,11.2,"{""type"":""M"",""msg"":""FADE0"",""time"":125.311,""dist"":3.32236}",0.813636000000002,-1.215012,0,-1.215012,5.7,1.547544,-1.215012,-2.028648,0.009237,-0.019491,-0.010254,-0.0160954444444444,0.00381833678160764,1.403166,1.547544,1.49674177777778,0.0528654740444503
127.202515,"P16","Occ_MO_1.2",100,57,3293.295166,7493.254883,137.094452,-0.006877,1.028642,27.7785,4.1,10.1,"{""type"":""M"",""msg"":""FADE0"",""time"":127.194,""dist"":3.37467}",1.31061600000001,5.41061600000001,0,-2.534416,12,1.252605,-2.534416,4.1,0.00118,-0.008057,-0.006877,-0.00749585714285714,0.000501789391484708,1.028642,1.252605,1.12301614285714,0.0722011034998317
130.330444,"P16","Occ_MO_1.2",100,58,3231.410889,7554.254395,133.256241,-0.010254,0.973479,27.7778,18,13.2,"{""type"":""M"",""msg"":""FADE0"",""time"":130.284,""dist"":3.46054}",2.62179500000001,15.821795,0,2.4,8,1.005995,2.4,13.2,0.005371,-0.011597,-0.006226,-0.0106442962962963,0.00158274558951829,0.973479,1.051282,1.02667903703704,0.022055244636143
134.671753,"P16","Occ_MO_1.2",100,59,3153.181885,7645.999512,127.157249,-0.012614,-0.181518,27.7779,5.1,2.3,"{""type"":""M"",""msg"":""FADE0"",""time"":134.59,""dist"":3.58018}",3.837219,6.137219,0,18.6,13.5,0.917796,13.5,2.3,0.003174,-0.013265,-0.010091,-0.0117468974358974,0.00115697568083598,-0.181518,0.917796,0.533110948717949,0.321823338013179
137.197449,"P16","Occ_MO_1.2",100,60,3111.897217,7702.747559,125.164436,-0.005046,-1.465488,27.778,12.7,-0.909134,"{""type"":""M"",""msg"":""FADE0"",""time"":137.189,""dist"":3.65241}",2.02087399999999,1.11174,1.11174,6.8,1.7,-0.515902,1.7,-0.909134,0.003011,-0.007731,-0.00472,-0.00508066666666667,0.000640024713064529,-1.465488,-0.515902,-1.06394557142857,0.29655898022629
138.715012,"P16","Occ_MO_1.2",100,61,3087.723633,7737.296875,125.142181,0.002981,-1.374876,27.7776,4,-2.426697,"{""type"":""M"",""msg"":""FADE0"",""time"":138.673,""dist"":3.69364}",1.01379399999999,-1.41290300000001,0,7.8,-1.412903,-1.562612,-1.412903,-2.426697,0.005178,-0.001506,0.003672,0.00270509090909091,0.00149434162456551,-1.579623,-1.374876,-1.52078009090909,0.0698335798229685
140.430695,"P16","Occ_MO_1.2",100,62,3060.35498,7776.328125,124.40168,-0.008748,0.195015,27.7773,1.9,5,"{""type"":""M"",""msg"":""FADE0"",""time"":140.425,""dist"":3.7423}",1.21105999999997,3.11105999999997,0,3.3,4.8,-1.028106,3.3,1.9,0.009399,-0.008748,0.000651,-0.00544615384615385,0.00353972540945749,-1.028106,0.195015,-0.435425769230769,0.400761473817688
142.752655,"P16","Occ_MO_1.2",100,63,3025.583496,7830.655762,120.423943,-0.015951,-1.856232,27.7774,-1.310684,8.2,"{""type"":""M"",""msg"":""FADE0"",""time"":142.695,""dist"":3.80538}",1.81691000000001,0.506225999999998,0.506225999999998,1,14.5,0.717579,1,-1.310684,0.002157,-0.015951,-0.013794,-0.0153635789473684,0.000470098254007662,-1.856232,1.860841,1.20664515789474,0.820536068701517
144.070511,"P16","Occ_MO_1.2",100,64,3007.82251,7862.67041,117.164764,-0.019165,1.738966,27.7767,-2.62854,4,"{""type"":""M"",""msg"":""FADE0"",""time"":143.993,""dist"":3.84145}",0.813018999999997,-1.815521,0,-1.815521,5.2,-1.764236,-1.815521,-2.62854,0.002543,-0.021708,-0.019165,-0.0211661111111111,0.00100777743629787,-1.856431,1.850436,-0.598976333333333,1.79655318681107
145.180542,"P16","Occ_MO_1.2",100,65,2994.215576,7890.348145,115.248016,-0.008219,0.750928,27.7801,6.2,3.5,"{""type"":""M"",""msg"":""FADE0"",""time"":145.148,""dist"":3.87354}",0.605057000000016,4.10505700000002,0,-3.133514,3.5,1.352279,-3.133514,3.5,0.007569,-0.015788,-0.008219,-0.0116431428571429,0.00284079950181702,0.750928,1.352279,1.05705614285714,0.217260895209292
146.192749,"P16","Occ_MO_1.2",100,66,2982.368896,7915.858887,114.667282,-0.003377,-0.232466,27.7795,14.5,2.8,"{""type"":""M"",""msg"":""FADE0"",""time"":146.135,""dist"":3.90097}",0.503815000000003,3.303815,0,14.7,3.8,0.22763,3.8,2.8,0.000854,-0.003377,-0.002523,-0.002828,0.000329090868910093,-0.232466,0.22763,-0.00804883333333333,0.172221881584677
147.807388,"P16","Occ_MO_1.2",100,67,2963.755127,7956.680664,114.601112,0.002197,-1.051236,27.7778,5.5,7.1,"{""type"":""M"",""msg"":""FADE0"",""time"":147.721,""dist"":3.94504}",1.10867300000001,6.60867300000001,0,9,10.8,-0.613272,9,5.5,0.00236,-0.000163,0.002197,0.00130208333333333,0.00094995822475932,-1.051236,-0.613272,-0.880472583333333,0.147222782646794
149.22435,"P16","Occ_MO_1.2",100,68,2947.352539,7992.472168,114.368027,-0.006388,-0.669773,27.7775,5.8,9.3,"{""type"":""M"",""msg"":""FADE0"",""time"":149.218,""dist"":3.98663}",0.90901199999999,6.70901199999999,0,4.5,6.1,-1.023722,4.5,5.8,0.00888,-0.006388,0.002492,-0.0029287,0.00281566483366816,-1.023722,-0.669773,-0.8662857,0.121274756712965
151.850143,"P16","Occ_MO_1.2",100,69,2918.770264,8059.591797,111.661072,-0.008219,0.591414,27.7778,2.7,10.2,"{""type"":""M"",""msg"":""FADE0"",""time"":151.84,""dist"":4.0595}",2.117096,4.817096,0,8.1,22.1,-0.409205,8.1,2.7,0.000529,-0.008748,-0.008219,-0.00842081818181818,0.000210343627330237,-0.409205,0.591414,0.101268181818182,0.308855200361352
153.569244,"P16","Occ_MO_1.2",100,70,2901.956055,8104.296875,109.284294,-0.012248,1.156152,27.7774,-0.202728,9.3,"{""type"":""M"",""msg"":""FADE0"",""time"":153.56,""dist"":4.10727}",1.21417199999999,1.01144399999998,1.01144399999998,3.4,13.1,0.8116,3.4,-0.202728,0.000651,-0.012248,-0.011597,-0.0121477692307692,0.000194210862143082,0.8116,1.156152,1.00909084615385,0.113063028380078
155.186829,"P16","Occ_MO_1.2",100,71,2887.952148,8147.000977,106.724419,-0.015788,1.063194,27.7774,6.5,4.7,"{""type"":""M"",""msg"":""FADE0"",""time"":155.104,""dist"":4.15018}",1.111222,5.811222,0,-0.709091,8.7,1.198556,-0.709091,4.7,0.003703,-0.015788,-0.012085,-0.0138414166666667,0.0015771510827688,1.063194,1.200001,1.15951475,0.0462210771207741
13.443422,"P17","Occ_MO_1.2",100,1,5763.753906,8301.53418,-101.410919,-0.008911,0.818963,27.5356,28.4,22.3,"{""type"":""M"",""msg"":""FADE0"",""time"":13.3653,""dist"":0.210957}",1.011487,23.311487,0,9.8,7.6,0.720509,7.6,22.3,0.008911,-0.016642,-0.007731,-0.0110306363636364,0.00333243053259111,0.720509,0.818963,0.780274454545455,0.0309910166188966
14.5597,"P17","Occ_MO_1.2",100,2,5757.288086,8271.391602,-102.916153,-0.008748,0.81677,27.6478,23.1,16.2,"{""type"":""M"",""msg"":""FADE0"",""time"":14.4634,""dist"":0.241276}",0.610975999999999,16.810976,0,8.8,6.6,0.844677,6.6,16.2,0.005371,-0.014119,-0.008748,-0.0111258571428571,0.0021823909998418,0.81677,0.844957,0.834905714285714,0.0108237709650917
16.884926,"P17","Occ_MO_1.2",100,3,5741.712402,8208.806641,-105.205132,-0.007039,0.730553,27.7726,8.9,16.9,"{""type"":""M"",""msg"":""FADE0"",""time"":16.8644,""dist"":0.307867}",1.821433,10.721433,0,31.8,43.6,0.773388,31.8,8.9,0.005209,-0.010417,-0.005208,-0.00768394736842105,0.00188231011949809,0.730553,0.773388,0.746683947368421,0.00992378718295749
20.03005,"P17","Occ_MO_1.2",100,4,5716.081543,8125.281738,-109.285637,-0.011271,0.146879,27.7777,6.6,3.6,"{""type"":""M"",""msg"":""FADE0"",""time"":20.0103,""dist"":0.395278}",2.637207,6.237207,0,8.8,6.4,0.717376,6.4,3.6,0.006022,-0.013265,-0.007243,-0.0110345555555556,0.0016908396260514,0.146879,0.717376,0.515607148148148,0.172869938737347
21.949707,"P17","Occ_MO_1.2",100,5,5698.259277,8075.007812,-109.534645,-0.005534,-0.092171,27.778,4.9,8.5,"{""type"":""M"",""msg"":""FADE0"",""time"":21.8857,""dist"":0.447386}",1.413805,6.313805,0,5.3,7.1,-0.097254,5.3,4.9,0.010875,-0.005534,0.005341,0.00142473333333333,0.00376873702730137,-0.248111,-0.092171,-0.187902266666667,0.0542654151864001
25.286196,"P17","Occ_MO_1.2",100,6,5664.734863,7988.589844,-112.956505,-0.007406,0.954285,27.7777,1.3,9.4,"{""type"":""M"",""msg"":""FADE0"",""time"":25.2576,""dist"":0.541079}",2.829773,4.129773,0,11.9,8.9,0.093092,8.9,1.3,0.007039,-0.013102,-0.006063,-0.00843262068965517,0.00181602230976292,0.093092,0.954285,0.522134172413793,0.260574466237179
27.917671,"P17","Occ_MO_1.2",100,7,5634.385742,7922.079102,-115.769714,-0.006226,1.326605,27.7784,-2.020359,7,"{""type"":""M"",""msg"":""FADE0"",""time"":27.8656,""dist"":0.613545}",2.123617,0.103258,0.103258,0.1,7.9,1.111507,0.1,-2.020359,0.014282,-0.016479,-0.002197,-0.00907377272727273,0.00452756008013376,1.111507,1.326605,1.23347413636364,0.0513420207722731
29.940367,"P17","Occ_MO_1.2",100,8,5608.769043,7872.062988,-118.876244,-0.016113,1.331576,27.777,-4.043055,5,"{""type"":""M"",""msg"":""FADE0"",""time"":29.8512,""dist"":0.668715}",1.517123,-2.525932,0,-2.525932,6.9,1.437417,-2.525932,-4.043055,0.007405,-0.017822,-0.010417,-0.014432375,0.00280452826395694,1.331576,1.477021,1.4348573125,0.0436251456291265
32.966248,"P17","Occ_MO_1.2",100,9,5566.302246,7799.505859,-121.90519,-0.010742,0.400702,27.7773,9.3,5.7,"{""type"":""M"",""msg"":""FADE0"",""time"":32.8915,""dist"":0.753195}",2.522458,8.222458,0,8.2,5.7,1.130889,5.7,5.7,0.016246,-0.013428,0.002818,-0.00723930769230769,0.00554282772432433,0.400702,1.130889,0.683152384615385,0.210815125326638
36.2006,"P17","Occ_MO_1.2",100,10,5516.755859,7724.548828,-125.687271,-0.011922,-0.418517,27.7774,5.5,2.2,"{""type"":""M"",""msg"":""FADE0"",""time"":36.1343,""dist"":0.843299}",2.726731,4.926731,0,4.6,6.9,0.253342,4.6,2.2,0.014445,-0.013957,0.000488,-0.00993125,0.00360294477938996,-0.418517,0.253342,-0.0100354642857143,0.198578296379349
38.932774,"P17","Occ_MO_1.2",100,11,5472.137695,7663.129883,-126.79612,-0.010417,-0.20483,27.7774,36.7,32.5,"{""type"":""M"",""msg"":""FADE0"",""time"":38.8524,""dist"":0.918822}",2.227402,34.727402,0,7.5,9.3,-0.672053,7.5,32.5,0.019948,-0.010905,0.009043,-0.00194913043478261,0.00755105518998593,-0.827448,-0.20483,-0.611046217391304,0.204378144067438
42.472706,"P17","Occ_MO_1.2",100,12,5410.084961,7586.848633,-131.291275,-0.006226,0.642713,27.7782,3,7.2,"{""type"":""M"",""msg"":""FADE0"",""time"":42.4206,""dist"":1.01797}",3.035668,6.035668,0,8.1,5.7,-0.002746,5.7,3,0.011434,-0.016805,-0.005371,-0.0100137096774194,0.00289538104796298,-0.002746,0.642713,0.359187548387097,0.193471375092517
46.216705,"P17","Occ_MO_1.2",100,13,5338.658691,7511.244141,-135.431717,-0.009928,1.619881,27.7774,-1.413685,6.4,"{""type"":""M"",""msg"":""FADE0"",""time"":46.1205,""dist"":1.12077}",3.236759,1.823074,1.823074,9.9,7.7,0.768948,7.7,-1.413685,0.011556,-0.016113,-0.004557,-0.00920569696969697,0.00301464675050047,0.768948,1.619881,1.11222421212121,0.25272110535625
48.438873,"P17","Occ_MO_1.2",100,14,5293.42041,7469.238281,-138.99736,-0.011597,-1.733177,27.7777,-3.635853,11.7,"{""type"":""M"",""msg"":""FADE0"",""time"":48.4256,""dist"":1.18482}",1.718197,-1.917656,0,-1.917656,7.4,1.824302,-1.917656,-3.635853,0.010547,-0.020313,-0.009766,-0.0142854444444444,0.00339425284548529,-1.861889,1.85957,-1.37284866666667,1.17019818557542
50.55542,"P17","Occ_MO_1.2",100,15,5247.793945,7432.160645,-143.075043,-0.010417,1.101362,27.779,7,4.4,"{""type"":""M"",""msg"":""FADE0"",""time"":50.4663,""dist"":1.24153}",1.614075,6.014075,0,-4.138325,6.4,-1.752228,-4.138325,4.4,0.012773,-0.02319,-0.010417,-0.0175180588235294,0.00474972260335522,-1.853354,1.854739,0.343035117647059,1.63812768290898
53.388294,"P17","Occ_MO_1.2",100,16,5184.32373,7385.609375,-145.422043,-0.016479,-0.163701,27.7767,4.5,2.3,"{""type"":""M"",""msg"":""FADE0"",""time"":53.2874,""dist"":1.31991}",2.325794,4.625794,0,7.2,9.4,0.658303,7.2,2.3,0.025685,-0.016479,0.009206,-0.00637541666666667,0.00907005658827401,-0.163701,0.658303,0.185026625,0.213285618166735
55.916798,"P17","Occ_MO_1.2",100,17,5125.895508,7346.598633,-147.611954,-0.013428,-0.828072,27.7773,5.1,1.4,"{""type"":""M"",""msg"":""FADE0"",""time"":55.8944,""dist"":1.39235}",2.123627,3.523627,0,11,13.2,-0.386627,11,1.4,0.019948,-0.014282,0.005666,-0.00583531818181818,0.00671322289633259,-0.828072,-0.386627,-0.672546045454545,0.116601969551477
58.037556,"P17","Occ_MO_1.2",100,18,5075.941406,7315.343262,-147.988037,-0.007568,-0.585214,27.7778,5.2,9.1,"{""type"":""M"",""msg"":""FADE0"",""time"":58.0084,""dist"":1.45109}",1.615467,6.815467,0,8.3,10.2,-0.974409,8.3,5.2,0.015757,-0.007568,0.008189,0.00156529411764706,0.005405386199948,-1.060081,-0.585214,-0.920215411764706,0.153781325260522
62.478992,"P17","Occ_MO_1.2",100,19,4967.545898,7256.564453,-155.838211,-0.017131,-0.655515,27.778,2.7,0.8,"{""type"":""M"",""msg"":""FADE0"",""time"":62.4147,""dist"":1.57352}",3.936973,4.73697299999999,0,13.9,11.1,-0.259562,11.1,0.8,0.009237,-0.019979,-0.010742,-0.015273075,0.00232517105395027,-0.655515,0.319424,0.052062275,0.262146283023673
64.506104,"P17","Occ_MO_1.2",100,20,4916.050781,7233.741211,-156.368164,-0.012614,1.826637,27.7777,2.7,-1.520287,"{""type"":""M"",""msg"":""FADE0"",""time"":64.4114,""dist"":1.62901}",1.520287,-3.77475828372553e-15,0,8.8,0,-1.192156,0,-1.520287,0.022146,-0.012614,0.009532,0.0003135625,0.00789619064248705,-1.857288,1.871579,-0.9616015,1.40815498523579
66.724831,"P17","Occ_MO_1.2",100,21,4859.72998,7208.677246,-155.52356,-0.00354,-0.914189,27.7782,2.9,4.6,"{""type"":""M"",""msg"":""FADE0"",""time"":66.6733,""dist"":1.69185}",1.716195,4.616195,0,5.4,-2.022819,1.691803,-2.022819,2.9,0.017629,-0.003866,0.013763,0.00609216666666667,0.00686154191426216,-1.85825,1.82484,-0.024854888888889,1.61948406572583
69.858269,"P17","Occ_MO_1.2",100,22,4779.162109,7175.744629,-159.864426,-0.007243,1.789872,27.7787,-1.113526,2.7,"{""type"":""M"",""msg"":""FADE0"",""time"":69.7993,""dist"":1.77871}",2.629097,1.51557099999999,1.51557099999999,12.1,10.3,-0.284781,10.3,-1.113526,0.016517,-0.020871,-0.004354,-0.0119869259259259,0.00451201892322414,-0.284781,1.789872,0.880550555555556,0.62500899790682
72.18512,"P17","Occ_MO_1.2",100,23,4717.561035,7156.199707,-164.51651,-0.005697,1.61804,27.7801,-3.440377,15.8,"{""type"":""M"",""msg"":""FADE0"",""time"":72.144,""dist"":1.84386}",1.821823,-1.618554,0,-1.618554,5.6,-1.661605,-1.618554,-3.440377,0.025863,-0.03156,-0.005697,-0.0168476842105263,0.00833582041588277,-1.860459,1.834378,-0.770458315789474,1.53492457254533
76.237915,"P17","Occ_MO_1.2",100,24,4608.040039,7130.15625,-169.51796,-0.013428,-0.548721,27.7777,3.4,1.1,"{""type"":""M"",""msg"":""FADE0"",""time"":76.2094,""dist"":1.95682}",3.54705,4.64705,0,-3.946122,6.8,1.387441,-3.946122,1.1,0.01058,-0.014608,-0.004028,-0.0107726944444444,0.00280678421807331,-0.548721,1.387441,0.567911833333333,0.565597561422279
78.964455,"P17","Occ_MO_1.2",100,25,4533.500977,7116.616211,-170.524643,-0.013794,-1.354946,27.7768,5.6,-2.020043,"{""type"":""M"",""msg"":""FADE0"",""time"":78.8753,""dist"":2.0309}",2.222145,0.202101999999996,0.202101999999996,8,0.3,-1.009522,0.3,-2.020043,0.023855,-0.013794,0.010061,-0.00191326086956522,0.0083678384969281,-1.467057,-1.009522,-1.35679056521739,0.121336796035148
81.492004,"P17","Occ_MO_1.2",100,26,4464.214355,7105.158203,-170.534912,-0.009766,0.284851,27.7778,1.3,3.6,"{""type"":""M"",""msg"":""FADE0"",""time"":81.3924,""dist"":2.10084}",2.02528299999999,3.32528299999999,0,6.8,-2.522309,-1.370533,-2.522309,1.3,0.020803,-0.009766,0.011037,0.002685,0.00718821943182037,-1.372135,0.284851,-0.802736142857143,0.552846591672978
84.219971,"P17","Occ_MO_1.2",100,27,4388.944824,7096.506836,-175.708038,-0.011108,-1.646774,27.7797,-2.020577,5.4,"{""type"":""M"",""msg"":""FADE0"",""time"":84.1432,""dist"":2.17727}",2.222374,0.201796999999999,0.201796999999999,0.3,6.3,0.954551,0.3,-2.020577,0.028468,-0.033514,-0.005046,-0.0158558695652174,0.00829308114308848,-1.868785,1.846907,0.350670782608695,1.59256073971362
86.95018,"P17","Occ_MO_1.2",100,28,4313.137207,7094.525879,179.642853,-0.006388,1.456568,27.7798,-4.750786,10.9,"{""type"":""M"",""msg"":""FADE0"",""time"":86.8674,""dist"":2.25297}",2.22324400000001,-2.52754199999999,0,-2.527542,6.2,-1.484105,-2.527542,-4.750786,0.02337,-0.027236,-0.003866,-0.0135391304347826,0.00845428046669178,-1.832889,1.860657,-0.181698086956522,1.6385209227069
90.889709,"P17","Occ_MO_1.2",100,29,4203.837402,7099.762207,174.529709,-0.010579,0.155419,27.7784,7.8,4,"{""type"":""M"",""msg"":""FADE0"",""time"":90.7983,""dist"":2.36219}",3.436691,7.436691,0,-5.253624,6.3,1.318433,-5.253624,4,0.013265,-0.017293,-0.004028,-0.0108537428571429,0.00379125863271923,0.155419,1.318433,0.825982542857143,0.333535422365526
94.526558,"P17","Occ_MO_1.2",100,30,4103.459961,7111.329102,171.303253,-0.016113,-0.034841,27.7768,6.2,3.8,"{""type"":""M"",""msg"":""FADE0"",""time"":94.5226,""dist"":2.46568}",3.12906699999999,6.92906699999999,0,7.9,10.1,-0.106409,7.9,3.8,0.020152,-0.016317,0.003835,-0.00689565625,0.00661795624630627,-0.318568,-0.029748,-0.16926909375,0.103979983724027
98.366913,"P17","Occ_MO_1.2",100,31,3998.824463,7132.028809,165.632736,-0.012451,-1.265025,27.7777,2.5,-0.202248,"{""type"":""M"",""msg"":""FADE0"",""time"":98.3425,""dist"":2.57182}",3.33438099999999,3.132133,3.132133,17.2,23,-0.099837,17.2,-0.202248,0.012614,-0.016805,-0.004191,-0.0121028823529412,0.004012170483135,-1.265025,-0.099837,-0.463913617647059,0.353090785938843
101.502808,"P17","Occ_MO_1.2",100,32,3914.299805,7153.172363,165.190018,-0.012451,-0.971465,27.7772,11.6,7.7,"{""type"":""M"",""msg"":""FADE0"",""time"":101.441,""dist"":2.6579}",2.629227,10.329227,0,8.8,-0.708916,-1.706205,-0.708916,7.7,0.032725,-0.015951,0.016774,0.000452407407407407,0.011741602007914,-1.866065,1.832344,-0.277420481481481,1.60111400075835
104.236771,"P17","Occ_MO_1.2",100,33,3841.682373,7175.398926,160.486893,-0.012614,-0.768452,27.7783,4.6,1.2,"{""type"":""M"",""msg"":""FADE0"",""time"":104.171,""dist"":2.73377}",2.224602,3.424602,0,15.1,10.2,-0.745812,10.2,1.2,0.006877,-0.017456,-0.010579,-0.0142396956521739,0.00215145222486797,-0.768452,-0.528365,-0.608954565217391,0.0769467483345262
106.965096,"P17","Occ_MO_1.2",100,34,3770.393555,7201.183594,159.354462,-0.008911,-0.671166,27.7769,1e+06,35.7,"{""type"":""M"",""msg"":""FADE0"",""time"":106.942,""dist"":2.81076}",2.22107,0.204101999999992,0.204101999999992,13.1,0.4,-1.021086,0.4,35.7,0.024872,-0.014974,0.009898,-0.00143386956521739,0.00874037283531974,-1.242737,-0.671166,-1.03916882608696,0.186377547299622
110.309349,"P17","Occ_MO_1.2",100,35,3684.72583,7237.109375,154.593079,-0.014445,-0.361179,27.7775,5,2.3,"{""type"":""M"",""msg"":""FADE0"",""time"":110.251,""dist"":2.90271}",2.83955399999999,5.13955399999999,0,12.1,8.2,-0.49888,8.2,2.3,0.010416,-0.016113,-0.005697,-0.0123108275862069,0.0029977387200184,-0.49888,-0.171072,-0.284737068965517,0.0954873795033859
113.040138,"P17","Occ_MO_1.2",100,36,3616.444092,7270.199219,153.627106,-0.013428,-0.146894,27.7774,11.4,8.6,"{""type"":""M"",""msg"":""FADE0"",""time"":113.014,""dist"":2.97948}",2.224998,10.824998,0,13.7,3.5,-0.579417,3.5,8.6,0.02178,-0.013428,0.008352,-0.000973913043478261,0.00746069334404739,-0.783488,-0.146894,-0.578181695652174,0.202265569927584
116.171585,"P17","Occ_MO_1.2",100,37,3540.009033,7311.737793,149.466385,-0.008748,0.473567,27.7777,28.7,35.2,"{""type"":""M"",""msg"":""FADE0"",""time"":116.116,""dist"":3.06566}",2.62516799999999,31.325168,0,6.3,4.5,0.068293,4.5,28.7,0.01595,-0.019653,-0.003703,-0.0102372962962963,0.00455614127233203,0.068293,0.473567,0.29153237037037,0.132202337220742
119.916695,"P17","Occ_MO_1.2",100,38,3452.075928,7367.359375,146.114166,-0.009399,0.792446,27.7775,3,20.5,"{""type"":""M"",""msg"":""FADE0"",""time"":119.886,""dist"":3.17043}",3.24086800000001,6.24086800000001,0,8.5,5.9,0.48056,5.9,3,0.01123,-0.01359,-0.00236,-0.00682230303030303,0.00287315414097522,0.423985,0.792446,0.520524818181818,0.10568582074936
124.469139,"P17","Occ_MO_1.2",100,39,3350.593262,7442.794434,140.832657,-0.006714,1.472543,27.778,-2.728111,6.1,"{""type"":""M"",""msg"":""FADE0"",""time"":124.454,""dist"":3.29734}",4.045067,1.316956,1.316956,9.3,7.3,0.934789,7.3,-2.728111,0.011922,-0.016479,-0.004557,-0.00936568292682927,0.00319660535911945,0.934789,1.472543,1.21173429268293,0.163052055178437
128.006271,"P17","Occ_MO_1.2",100,40,3276.638672,7507.499023,136.775238,-0.013428,-1.714294,27.777,-6.265243,12.2,"{""type"":""M"",""msg"":""FADE0"",""time"":127.971,""dist"":3.39506}",3.033134,-3.232109,0,-3.232109,7.9,1.566251,-3.232109,-6.265243,0.016276,-0.018311,-0.002035,-0.00997564516129032,0.00489309491391278,-1.868068,1.852259,0.865927032258065,1.45970166481494
130.530884,"P17","Occ_MO_1.2",100,41,3227.263672,7557.305176,132.759781,-0.008057,-1.868647,27.7781,-8.789856,19.7,"{""type"":""M"",""msg"":""FADE0"",""time"":130.47,""dist"":3.4645}",2.02157599999998,-6.76828000000002,0,-6.76828,7.5,-1.617093,-6.76828,-8.789856,0.011922,-0.019979,-0.008057,-0.0136756666666667,0.00363718556487476,-1.868647,-1.592517,-1.69346019047619,0.0909699563254919
133.157349,"P17","Occ_MO_1.2",100,42,3179.460449,7612.424805,128.65213,-0.012085,0.791193,27.7782,6.3,3.9,"{""type"":""M"",""msg"":""FADE0"",""time"":133.138,""dist"":3.53865}",2.12098700000001,6.02098700000001,0,-9.295334,7.5,1.788696,-9.295334,3.9,0.008749,-0.019491,-0.010742,-0.0144468181818182,0.0028865498046789,0.791193,1.788696,1.37713277272727,0.313217118255955
136.08876,"P17","Occ_MO_1.2",100,43,3129.340576,7676.629883,126.801277,-0.011434,-0.038165,27.7769,10.2,6.2,"{""type"":""M"",""msg"":""FADE0"",""time"":135.995,""dist"":3.61803}",2.42614700000001,8.62614700000001,0,11.5,13.9,0.40239,11.5,6.2,0.019786,-0.013428,0.006358,-0.00397176,0.00674233277681644,-0.090525,0.40239,0.01300628,0.137422297051679
139.723557,"P17","Occ_MO_1.2",100,44,3071.825928,7759.618164,122.319458,-0.011108,-0.501119,27.7776,6.6,2.5,"{""type"":""M"",""msg"":""FADE0"",""time"":139.646,""dist"":3.71948}",3.12936400000001,5.62936400000001,0,12.4,7.1,-0.070771,7.1,2.5,0.008056,-0.013102,-0.005046,-0.00992325,0.00219069853346282,-0.501119,-0.070771,-0.2213245,0.12545163066272
142.252853,"P17","Occ_MO_1.2",100,45,3034.485107,7819.15625,121.806396,-0.006226,-0.012919,27.7773,3,6.2,"{""type"":""M"",""msg"":""FADE0"",""time"":142.218,""dist"":3.79093}",2.025161,5.025161,0,6.6,8.4,-0.668831,6.6,3,0.018646,-0.008748,0.009898,7.55714285714285e-05,0.00596764786638277,-0.74918,-0.012919,-0.528154047619048,0.243972738743999
144.176147,"P17","Occ_MO_1.2",100,46,3007.431396,7865.231934,118.515137,-0.01359,0.888658,27.7771,9.2,6.9,"{""type"":""M"",""msg"":""FADE0"",""time"":144.147,""dist"":3.84452}",1.41635099999999,8.31635099999999,0,10.2,8.2,0.349512,8.2,6.9,0.005371,-0.018148,-0.012777,-0.0156684,0.00188190491637748,0.349512,0.888658,0.684334733333333,0.176530398768058
148.223755,"P17","Occ_MO_1.2",100,47,2957.153809,7965.813477,114.406013,-0.010579,1.149318,27.7775,-0.405884,10.7,"{""type"":""M"",""msg"":""FADE0"",""time"":148.124,""dist"":3.95503}",3.53978000000001,3.13389599999999,3.13389599999999,9.6,7,0.883496,7,-0.405884,0.014079,-0.013428,0.000651,-0.00757616666666667,0.00365044969049803,0.800461,1.149318,0.954393333333333,0.12872429390867
152.273758,"P17","Occ_MO_1.2",100,48,2915.262939,8070.220703,109.299057,-0.008748,0.098694,27.7778,8.8,4.2,"{""type"":""M"",""msg"":""FADE0"",""time"":152.207,""dist"":4.0685}",3.64381399999999,7.84381399999999,0,-0.812073,6.1,1.147129,-0.812073,4.2,0.012085,-0.016968,-0.004883,-0.0102813783783784,0.0032145126583404,0.098694,1.147129,0.729868783783784,0.311606885463714
155.913254,"P17","Occ_MO_1.2",100,49,2882.51123,8165.892578,107.419159,-0.013794,0.744782,27.7769,11.1,8.8,"{""type"":""M"",""msg"":""FADE0"",""time"":155.864,""dist"":4.17012}",3.13320899999999,11.933209,0,5.8,7.7,-0.15167,5.8,8.8,0.018809,-0.013794,0.005015,-0.00364403225806452,0.00673135614114457,-0.290181,0.744782,0.0660733225806451,0.343727923118793
12.723266,"P18","Occ_MO_1.2",100,1,5767.185547,8321.639648,-100.866562,-0.010579,0.298527,27.0692,11.9,8,"{""type"":""M"",""msg"":""FADE0"",""time"":12.6707,""dist"":0.191282}",0.61026,8.61026,0,46.2,34.5,0.297827,34.5,8,0.002522,-0.010579,-0.008057,-0.00991085714285714,0.000980220456253155,0.297827,0.302881,0.300662428571429,0.00191369867509167
14.445407,"P18","Occ_MO_1.2",100,2,5757.487793,8275.272461,-102.601845,-0.005371,0.166859,27.635,6.9,10.9,"{""type"":""M"",""msg"":""FADE0"",""time"":14.3522,""dist"":0.2375}",1.216541,8.116541,0,11.3,7.3,0.266517,7.3,6.9,0.005208,-0.010579,-0.005371,-0.00711769230769231,0.00195558138774702,0.166859,0.266517,0.207041615384615,0.0349256281273472
16.77173,"P18","Occ_MO_1.2",100,3,5742.285645,8212.586914,-105.215477,-0.013428,0.302144,27.7706,7.6,5,"{""type"":""M"",""msg"":""FADE0"",""time"":16.6812,""dist"":0.302073}",1.819405,6.819405,0,6.1,10.2,0.186931,6.1,5,0.007894,-0.013428,-0.005534,-0.0101683157894737,0.00252357850091738,0.186931,0.320953,0.273291473684211,0.0463194090988125
18.791451,"P18","Occ_MO_1.2",100,4,5726.467773,8158.748047,-107.145531,-0.00472,-0.08225,27.7785,7.6,11,"{""type"":""M"",""msg"":""FADE0"",""time"":18.7553,""dist"":0.359698}",1.516696,9.116696,0,8.6,5.2,0.214875,5.2,7.6,0.007405,-0.011108,-0.003703,-0.006157,0.00279290840045522,-0.08225,0.214875,0.0397938125,0.100437931014279
21.51749,"P18","Occ_MO_1.2",100,5,5702.592773,8086.874023,-110.21476,-0.01359,-0.092985,27.7774,6.3,3.6,"{""type"":""M"",""msg"":""FADE0"",""time"":21.4837,""dist"":0.435509}",2.220241,5.820241,0,7.3,11,-0.083727,7.3,3.6,0.008382,-0.01359,-0.005208,-0.0100767826086957,0.00231728371466017,-0.092985,-0.013175,-0.0427446956521739,0.0254612992195728
23.846479,"P18","Occ_MO_1.2",100,6,5678.922852,8026.648926,-112.377602,-0.006063,-0.722533,27.778,13.9,17.5,"{""type"":""M"",""msg"":""FADE0"",""time"":23.8246,""dist"":0.500555}",1.821262,15.721262,0,8,3.6,-0.234083,3.6,13.9,0.00472,-0.009766,-0.005046,-0.00605873684210526,0.00132665388779881,-0.722533,-0.234083,-0.513215052631579,0.156295336550702
26.071625,"P18","Occ_MO_1.2",100,7,5654.878418,7969.688477,-113.00663,-0.006388,-0.38759,27.7775,4.2,7.5,"{""type"":""M"",""msg"":""FADE0"",""time"":26.0226,""dist"":0.561629}",1.716398,5.916398,0,14.9,18.7,-0.781656,14.9,4.2,0.010711,-0.006388,0.004323,-0.000890666666666667,0.00342858679513363,-0.808386,-0.38759,-0.697552444444444,0.135149437051872
27.787132,"P18","Occ_MO_1.2",100,8,5635.464844,7926.159668,-115.45256,-0.01359,0.506854,27.7771,10.3,7.8,"{""type"":""M"",""msg"":""FADE0"",""time"":27.6934,""dist"":0.608052}",1.209076,9.009076,0,19.1,15.8,-0.061256,15.8,7.8,0.002848,-0.014119,-0.011271,-0.0131553846153846,0.00092606592084127,-0.061256,0.506854,0.256804846153846,0.185988792707986
29.908504,"P18","Occ_MO_1.2",100,9,5608.599609,7873.703125,-118.573708,-0.007568,0.414093,27.7787,21.5,26.3,"{""type"":""M"",""msg"":""FADE0"",""time"":29.8648,""dist"":0.668385}",1.61444,23.11444,0,7.6,5.6,0.610888,5.6,21.5,0.008545,-0.016113,-0.007568,-0.0114051176470588,0.00319654162499006,0.414093,0.625864,0.552100470588235,0.0721848146064303
32.532848,"P18","Occ_MO_1.2",100,10,5572.427246,7810.393066,-120.924835,-0.007039,0.048744,27.7778,11.6,16.4,"{""type"":""M"",""msg"":""FADE0"",""time"":32.449,""dist"":0.740194}",2.11432,13.71432,0,20.8,25.5,0.312825,20.8,11.6,0.000854,-0.007568,-0.006714,-0.00707822727272727,0.000386109771193705,0.048744,0.312825,0.155336909090909,0.0840478977198966
35.466476,"P18","Occ_MO_1.2",100,11,5528.72168,7741.601562,-124.252411,-0.010905,-0.112933,27.7776,9.6,5.1,"{""type"":""M"",""msg"":""FADE0"",""time"":35.418,""dist"":0.822689}",2.426807,7.526807,0,14.4,19.8,0.035081,14.4,5.1,0.003174,-0.010905,-0.007731,-0.00964356,0.000765614953267415,-0.112933,0.035081,-0.00657932,0.0452288930485075
38.492065,"P18","Occ_MO_1.2",100,12,5479.561035,7673.415527,-127.160477,-0.007406,-0.565699,27.7777,11.7,15.3,"{""type"":""M"",""msg"":""FADE0"",""time"":38.4026,""dist"":0.905618}",2.52254799999999,14.222548,0,8.6,4.2,-0.214091,4.2,11.7,0.004517,-0.010905,-0.006388,-0.00715038461538461,0.00122258339844521,-0.566075,-0.214091,-0.449236807692308,0.11463323597806
41.523979,"P18","Occ_MO_1.2",100,13,5426.875977,7607.695801,-130.654251,-0.010742,-0.420936,27.7776,14.7,6.9,"{""type"":""M"",""msg"":""FADE0"",""time"":41.498,""dist"":0.991627}",2.526081,9.426081,0,10.6,14.3,-0.551185,10.6,6.9,0.003336,-0.010742,-0.007406,-0.00974684615384615,0.00118698740321227,-0.551185,-0.417023,-0.465384269230769,0.0466513685283145
44.151379,"P18","Occ_MO_1.2",100,14,5377.912109,7553.556152,-133.548981,-0.008748,-0.47064,27.7778,13.3,20.5,"{""type"":""M"",""msg"":""FADE0"",""time"":44.1477,""dist"":1.06525}",2.121891,15.421891,0,13.6,6,-0.443559,6,13.3,0.002523,-0.010742,-0.008219,-0.00851877272727273,0.000657203377365621,-0.500907,-0.443559,-0.4832125,0.0171688800249033
47.590408,"P18","Occ_MO_1.2",100,15,5309.419922,7486.972656,-138.712723,-0.014974,-0.605503,27.7775,4.6,1.7,"{""type"":""M"",""msg"":""FADE0"",""time"":47.5766,""dist"":1.16053}",2.932544,4.632544,0,19.1,45.6,-0.42873,19.1,1.7,0.005737,-0.014974,-0.009237,-0.0129029333333333,0.00185778048763299,-0.605503,-0.314366,-0.3904805,0.0771139047981889
49.916225,"P18","Occ_MO_1.2",100,16,5260.218262,7445.072754,-139.612579,0.000854,-1.023062,27.778,4,5.6,"{""type"":""M"",""msg"":""FADE0"",""time"":49.9046,""dist"":1.22521}",1.82063299999999,0.706932999999999,0.706932999999999,7.5,1,-0.841009,1,4,0.012909,-0.008586,0.004323,-0.000134526315789474,0.0039090511973058,-1.195672,-0.841009,-1.08574563157895,0.107411807560751
52.145653,"P18","Occ_MO_1.2",100,17,5212.372559,7405.744141,-142.877899,-0.019491,0.249504,27.7762,6,4.1,"{""type"":""M"",""msg"":""FADE0"",""time"":52.1439,""dist"":1.28743}",1.722199,5.822199,0,3.4,5.2,-0.721956,3.4,4.1,0.017618,-0.019653,-0.002035,-0.0152700555555556,0.00547276393738841,-0.721956,0.249504,-0.138503666666667,0.322622827601957
54.468151,"P18","Occ_MO_1.2",100,18,5159.818848,7368.299316,-145.246643,-0.002848,-0.042123,27.7789,4.4,7.1,"{""type"":""M"",""msg"":""FADE0"",""time"":54.3709,""dist"":1.34931}",1.816864,6.216864,0,5.2,3.3,0.217487,3.3,4.4,0.016643,-0.018311,-0.001668,-0.00510763157894737,0.00457411972357677,-0.07409,0.217487,0.0190261578947368,0.0984060367311902
56.697773,"P18","Occ_MO_1.2",100,19,5108.120605,7334.186035,-148.938843,-0.018473,0.069805,27.7766,4.3,2.5,"{""type"":""M"",""msg"":""FADE0"",""time"":56.684,""dist"":1.41358}",1.824314,4.324314,0,5.4,9.9,0.044608,5.4,2.5,0.012777,-0.019328,-0.006551,-0.0154772631578947,0.00416960562806211,0.044608,0.251261,0.172977894736842,0.0679783939857157
59.228348,"P18","Occ_MO_1.2",100,20,5047.148438,7299.165527,-150.673019,-0.004557,-1.075493,27.7783,9.9,12.5,"{""type"":""M"",""msg"":""FADE0"",""time"":59.2047,""dist"":1.48363}",2.024357,11.924357,0,5.9,2.2,-0.245831,2.2,9.9,0.007569,-0.008423,-0.000854,-0.00263904761904762,0.00184040322962634,-1.075493,-0.245831,-0.77896319047619,0.263870803251822
61.554089,"P18","Occ_MO_1.2",100,21,4990.573242,7267.936523,-151.481766,-0.009928,-0.404308,27.7773,6.9,26.2,"{""type"":""M"",""msg"":""FADE0"",""time"":61.4903,""dist"":1.54713}",1.820565,8.720565,0,10.3,13.3,-1.087097,10.3,6.9,0.015269,-0.009928,0.005341,-0.00212078947368421,0.00431526110422774,-1.087097,-0.404308,-0.862699052631579,0.222793807506571
63.269917,"P18","Occ_MO_1.2",100,22,4948.198242,7246.105957,-154.6026,-0.019328,0.360183,27.7764,5.7,3.9,"{""type"":""M"",""msg"":""FADE0"",""time"":63.2242,""dist"":1.59531}",1.212231,5.112231,0,14.3,11.5,-0.069754,11.5,3.9,0.006877,-0.019328,-0.012451,-0.0168551538461538,0.00207173167688908,-0.069754,0.360183,0.202519076923077,0.145729976537923
65.503227,"P18","Occ_MO_1.2",100,23,4891.447266,7221.011719,-156.903137,-0.003377,-0.154799,27.7787,6.4,9.3,"{""type"":""M"",""msg"":""FADE0"",""time"":65.4447,""dist"":1.65701}",1.72593999999999,8.12594,0,5.4,3.3,0.280534,3.3,6.4,0.01294,-0.016317,-0.003377,-0.00513577777777778,0.00361393869467772,-0.154799,0.280534,0.0141428333333333,0.143795617801284
67.422531,"P18","Occ_MO_1.2",100,24,4842.110352,7200.774414,-159.064209,-0.012777,-0.126881,27.7771,7,4,"{""type"":""M"",""msg"":""FADE0"",""time"":67.3896,""dist"":1.71105}",1.41355900000001,5.41355900000001,0,7.6,11.5,-0.143808,7.6,4,0.00708,-0.012777,-0.005697,-0.0110597333333333,0.00232762424761714,-0.143808,-0.083954,-0.105831533333333,0.0197002249329677
70.154144,"P18","Occ_MO_1.2",100,25,4770.630859,7175.26123,-161.347229,-0.0059,-0.514963,27.7779,9.4,13,"{""type"":""M"",""msg"":""FADE0"",""time"":70.0838,""dist"":1.78591}",2.22811900000001,11.628119,0,8.2,3.9,-0.235926,3.9,9.4,0.005737,-0.010091,-0.004354,-0.00541373913043478,0.00125712345591004,-0.526401,-0.235926,-0.44346347826087,0.0929732243199228
72.982361,"P18","Occ_MO_1.2",100,26,4695.532227,7152.164551,-164.773117,-0.009928,-0.620105,27.778,8.6,2.9,"{""type"":""M"",""msg"":""FADE0"",""time"":72.9439,""dist"":1.86538}",2.325844,5.225844,0,12.1,17.2,-0.472394,12.1,2.9,0.006022,-0.013265,-0.007243,-0.0105742083333333,0.0012949291731233,-0.620105,-0.413498,-0.475569416666667,0.0624886331694338
75.320534,"P18","Occ_MO_1.2",100,27,4632.666504,7135.769043,-165.476807,-0.001017,-0.482635,27.7778,3.3,5.2,"{""type"":""M"",""msg"":""FADE0"",""time"":75.2363,""dist"":1.92908}",1.82920899999999,5.12920899999999,0,18.1,3.6,-0.744061,3.6,3.3,0.008545,-0.006714,0.001831,-0.000173526315789474,0.00239770492968267,-0.854422,-0.482635,-0.751016263157895,0.111261210885237
76.537186,"P18","Occ_MO_1.2",100,28,4599.875488,7127.557129,-167.030441,-0.016805,0.317683,27.776,8.7,6.7,"{""type"":""M"",""msg"":""FADE0"",""time"":76.5336,""dist"":1.96512}",0.707772000000006,7.40777200000001,0,4.4,36.5,-0.132185,4.4,6.7,0.006226,-0.016805,-0.010579,-0.015248625,0.00231369092500026,-0.132185,0.317683,0.106503,0.158519879447342
78.657402,"P18","Occ_MO_1.2",100,29,4542.069824,7116.249512,-170.473907,-0.006388,0.436936,27.7791,8.2,12.5,"{""type"":""M"",""msg"":""FADE0"",""time"":78.6363,""dist"":2.02355}",1.61492200000001,9.81492200000001,0,7.6,5.6,0.499962,5.6,8.2,0.011434,-0.017822,-0.006388,-0.0120848235294118,0.00428087021286698,0.436936,0.556103,0.512309470588235,0.0387633849143068
81.084045,"P18","Occ_MO_1.2",100,30,4475.338379,7106.654785,-173.630753,-0.012085,0.071409,27.7776,7.4,4,"{""type"":""M"",""msg"":""FADE0"",""time"":81.077,""dist"":2.09137}",1.91719,5.91719,0,11.6,17.1,0.396863,11.6,4,0.004557,-0.012451,-0.007894,-0.0116902,0.0011381881539026,0.071409,0.396863,0.28432045,0.102953605749322
83.404228,"P18","Occ_MO_1.2",100,31,4411.162598,7100.530762,-174.956299,-0.00236,-0.345885,27.7782,4.1,6.3,"{""type"":""M"",""msg"":""FADE0"",""time"":83.3638,""dist"":2.15491}",1.814094,5.914094,0,11.6,4.2,-0.123392,4.2,4.1,0.008545,-0.009237,-0.000692,-0.00263421052631579,0.00218170054923899,-0.429345,-0.123392,-0.340561105263158,0.0945502342360896
86.027023,"P18","Occ_MO_1.2",100,32,4338.439941,7096.063477,-178.639832,-0.011434,0.317025,27.7777,14.3,9.9,"{""type"":""M"",""msg"":""FADE0"",""time"":85.96,""dist"":2.22705}",2.119308,12.019308,0,5.2,9.5,-0.161322,5.2,9.9,0.006714,-0.015137,-0.008423,-0.0131613181818182,0.00178229483922818,-0.161322,0.317109,0.166861818181818,0.155322903345513
88.348274,"P18","Occ_MO_1.2",100,33,4273.949219,7096.241211,178.376221,-0.008911,0.127021,27.7782,45.7,38.3,"{""type"":""M"",""msg"":""FADE0"",""time"":88.3231,""dist"":2.29271}",1.81772600000001,40.117726,0,13.6,9.2,0.30699,9.2,38.3,0.005208,-0.014119,-0.008911,-0.0103052105263158,0.00181996668403412,0.127021,0.30699,0.218988526315789,0.0608567360220967
91.989471,"P18","Occ_MO_1.2",100,34,4173.007812,7102.729004,174.089813,-0.009766,-0.077308,27.7776,15.4,8.8,"{""type"":""M"",""msg"":""FADE0"",""time"":91.946,""dist"":2.39338}",3.136169,11.936169,0,44.5,37.1,0.094707,37.1,8.8,0.000855,-0.009766,-0.008911,-0.009676875,0.000224361136017,-0.077308,0.094707,0.02127909375,0.0515808120114944
95.519394,"P18","Occ_MO_1.2",100,35,4075.815186,7115.800293,170.596436,-0.008219,-0.10385,27.7776,16.8,34.5,"{""type"":""M"",""msg"":""FADE0"",""time"":95.5147,""dist"":2.49253}",3.025971,19.825971,0,14.4,7.9,-0.126191,7.9,16.8,0.003703,-0.009766,-0.006063,-0.00771274193548387,0.00103511017023123,-0.224773,-0.10385,-0.181087064516129,0.0369883479516955
99.451752,"P18","Occ_MO_1.2",100,36,3968.885742,7138.094727,165.800629,-0.009074,-0.337356,27.778,11.8,5.1,"{""type"":""M"",""msg"":""FADE0"",""time"":99.4462,""dist"":2.60178}",3.429238,8.529238,0,1e+06,1e+06,-0.045614,1e+06,5.1,0.005005,-0.013428,-0.008423,-0.0101446571428571,0.00143734782197787,-0.337356,0.026246,-0.0909378857142857,0.112777730185052
101.974495,"P18","Occ_MO_1.2",100,37,3901.205566,7156.335449,164.380188,-0.002523,-0.392829,27.7777,4.3,6.7,"{""type"":""M"",""msg"":""FADE0"",""time"":101.947,""dist"":2.67126}",2.01775400000001,6.31775400000001,0,19.6,5.2,-0.452299,5.2,4.3,0.005534,-0.008057,-0.002523,-0.00317790476190476,0.00149296881765032,-0.585023,-0.392829,-0.523495142857143,0.0568842401252629
104.301376,"P18","Occ_MO_1.2",100,38,3839.355957,7175.129395,160.976364,-0.015788,0.240419,27.7772,6.1,3.9,"{""type"":""M"",""msg"":""FADE0"",""time"":104.24,""dist"":2.73498}",1.82333300000001,5.723333,0,4.8,9.1,-0.177096,4.8,3.9,0.008749,-0.015788,-0.007039,-0.0142672631578947,0.00247411175625842,-0.177096,0.266169,0.131571473684211,0.146624988318411
107.034714,"P18","Occ_MO_1.2",100,39,3768.222168,7201.727051,158.385529,-0.006063,-0.40475,27.778,12.2,16.2,"{""type"":""M"",""msg"":""FADE0"",""time"":107.008,""dist"":2.8119}",2.22876799999999,14.428768,0,8.3,4.6,0.115622,4.6,12.2,0.005208,-0.010254,-0.005046,-0.00620804347826087,0.00124589239569879,-0.40475,0.115622,-0.194827826086957,0.16319274424954
109.971207,"P18","Occ_MO_1.2",100,40,3693.030273,7233.385742,155.705292,-0.008423,-0.39399,27.7776,41.2,45.6,"{""type"":""M"",""msg"":""FADE0"",""time"":109.912,""dist"":2.89258}",2.432129,43.632129,0,11.3,15.2,-0.439643,11.3,41.2,0.00236,-0.008423,-0.006063,-0.00759304,0.000854510116967611,-0.446753,-0.39399,-0.4237712,0.0181126614692596
113.908554,"P18","Occ_MO_1.2",100,41,3594.9646,7281.833008,151.792587,-0.007243,-0.43871,27.7778,13.4,18.2,"{""type"":""M"",""msg"":""FADE0"",""time"":113.876,""dist"":3.00273}",3.433472,16.833472,0,40.4,44.8,-0.386375,40.4,13.4,0.003052,-0.010091,-0.007039,-0.00794848571428571,0.000946325909891033,-0.452422,-0.380656,-0.415748228571429,0.0285739212673598
117.955879,"P18","Occ_MO_1.2",100,42,3498.138916,7338.956055,146.779297,-0.010417,-0.900497,27.778,5.8,1,"{""type"":""M"",""msg"":""FADE0"",""time"":117.892,""dist"":3.1143}",3.539734,4.539734,0,13.4,18.4,-0.412293,13.4,1,0.003336,-0.010742,-0.007406,-0.0104504166666667,0.00074735053450745,-0.900497,-0.376283,-0.5203615,0.161400999287843
120.482544,"P18","Occ_MO_1.2",100,43,3439.803467,7378.017578,146.151093,0.000163,-0.951137,27.7776,3.7,5.3,"{""type"":""M"",""msg"":""FADE0"",""time"":120.389,""dist"":3.18369}",2.016884,0.102051000000003,0.102051000000003,11.5,0.1,-1.103004,0.1,3.7,0.005371,-0.004028,0.001343,0.000157047619047619,0.00149786760016333,-1.304454,-0.951137,-1.19776057142857,0.102188748228252
122.508911,"P18","Occ_MO_1.2",100,44,3393.638916,7410.232422,142.974411,-0.018473,0.28511,27.7766,6.7,4.7,"{""type"":""M"",""msg"":""FADE0"",""time"":122.446,""dist"":3.24085}",1.5187,6.2187,0,3.9,6.8,-0.581241,3.9,4.7,0.010905,-0.018473,-0.007568,-0.016303875,0.00339935348510076,-0.581241,0.28511,-0.0629043125,0.284369895186936
125.142426,"P18","Occ_MO_1.2",100,45,3337.037109,7456.587402,139.120804,-0.006877,-0.446428,27.7788,13.1,16.3,"{""type"":""M"",""msg"":""FADE0"",""time"":125.068,""dist"":3.31369}",2.128212,15.228212,0,5.7,3.7,0.295784,3.7,13.1,0.011759,-0.018473,-0.006714,-0.0103390909090909,0.00454068552522205,-0.446428,0.295784,-0.0648204090909091,0.246872754159412
128.682709,"P18","Occ_MO_1.2",100,46,3264.453125,7522.958008,135.543228,-0.010091,-0.618925,27.7776,21.1,12.1,"{""type"":""M"",""msg"":""FADE0"",""time"":128.603,""dist"":3.41193}",3.03434799999999,15.134348,0,11,13.9,-0.571676,11,12.1,0.004883,-0.010091,-0.005208,-0.00839012903225806,0.00178238244571576,-0.676545,-0.571676,-0.64601735483871,0.0259585135303088
132.321243,"P18","Occ_MO_1.2",100,47,3195.087158,7596.47168,131.114624,-0.009074,-0.620337,27.7778,30.7,19.8,"{""type"":""M"",""msg"":""FADE0"",""time"":132.234,""dist"":3.51282}",3.13595600000002,22.935956,0,18.2,9.8,-0.605799,9.8,19.8,0.001505,-0.010579,-0.009074,-0.00985190625,0.000573580062154894,-0.620337,-0.591373,-0.60432459375,0.00981115491494864
136.364456,"P18","Occ_MO_1.2",100,48,3124.860352,7684.110352,125.844048,-0.012939,-0.93918,27.7776,4.8,0.8,"{""type"":""M"",""msg"":""FADE0"",""time"":136.263,""dist"":3.62477}",3.536743,4.336743,0,29.7,19,-0.617677,19,0.8,0.003865,-0.012939,-0.009074,-0.0108945,0.00123402550332525,-0.93918,-0.604718,-0.683244527777778,0.0970699690622289
138.177948,"P18","Occ_MO_1.2",100,49,3095.67041,7725.183594,125.937561,0.00469,-1.092892,27.7776,3.3,4.6,"{""type"":""M"",""msg"":""FADE0"",""time"":138.123,""dist"":3.67645}",1.411789,0.100006000000008,0.100006000000008,7.7,0.1,-1.093061,0.1,3.3,0.018769,-0.008057,0.010712,0.00430166666666667,0.00584476439298658,-1.306584,-1.092892,-1.22040646666667,0.075509313920173
139.693375,"P18","Occ_MO_1.2",100,50,3071.2146,7759.457031,124.113358,-0.018799,0.133779,27.7761,7.6,5.7,"{""type"":""M"",""msg"":""FADE0"",""time"":139.659,""dist"":3.71912}",1.01109400000001,6.71109400000001,0,3.4,5.8,-0.684961,3.4,5.7,0.012736,-0.018799,-0.006063,-0.0153736363636364,0.00403414636007984,-0.684961,0.133779,-0.242712545454545,0.274971635027456
141.917999,"P18","Occ_MO_1.2",100,51,3038.333984,7811.789062,120.816856,-0.006388,0.395914,27.779,6.5,12,"{""type"":""M"",""msg"":""FADE0"",""time"":141.903,""dist"":3.78148}",1.720764,8.220764,0,6.5,4.6,0.336015,4.6,6.5,0.012777,-0.019165,-0.006388,-0.00993288888888889,0.00451619711038716,0.336015,0.395914,0.379243333333333,0.0135463011491525
144.036179,"P18","Occ_MO_1.2",100,52,3009.247314,7862.948242,118.290466,-0.007039,0.376391,27.7781,14.6,21.2,"{""type"":""M"",""msg"":""FADE0"",""time"":143.973,""dist"":3.83899}",1.61445700000002,16.214457,0,13.2,9.7,0.441308,9.7,14.6,0.006755,-0.013794,-0.007039,-0.0104165294117647,0.00213492306997369,0.376391,0.468149,0.437551764705882,0.0298199233641064
147.787292,"P18","Occ_MO_1.2",100,53,2962.911865,7956.286621,114.3591,-0.008586,-0.125273,27.7778,14.9,7,"{""type"":""M"",""msg"":""FADE0"",""time"":147.711,""dist"":3.94286}",3.245925,10.245925,0,13.6,20.3,0.330651,13.6,7,0.002523,-0.009562,-0.007039,-0.00868557575757576,0.00065311986985081,-0.125273,0.330651,0.130808484848485,0.141242222676622
151.123825,"P18","Occ_MO_1.2",100,54,2926.738525,8041.638184,111.630424,-0.006714,-0.382829,27.7777,10.5,15.2,"{""type"":""M"",""msg"":""FADE0"",""time"":151.101,""dist"":4.03706}",2.82972700000002,13.329727,0,13.9,6.1,-0.229997,6.1,10.5,0.003215,-0.008586,-0.005371,-0.00617231034482759,0.000731578630841175,-0.437156,-0.229997,-0.384420103448276,0.0593249707779982
154.455063,"P18","Occ_MO_1.2",100,55,2895.316406,8128.68457,107.999115,-0.008219,-0.337807,27.7778,31.7,36.4,"{""type"":""M"",""msg"":""FADE0"",""time"":154.36,""dist"":4.12762}",2.827088,34.527088,0,20.7,28.8,-0.327866,20.7,31.7,0.002522,-0.010579,-0.008057,-0.009082,0.00109980017665548,-0.337807,-0.268382,-0.295944172413793,0.0216229543558773
159.53096,"P18","Occ_MO_1.2",100,56,2857.68457,8264.558594,102.818176,-0.008423,-0.571965,27.7779,25.9,30.4,"{""type"":""M"",""msg"":""FADE0"",""time"":159.501,""dist"":4.27045}",4.57102999999998,30.47103,0,27.2,33,-0.365894,27.2,25.9,0.000366,-0.008423,-0.008057,-0.0082558,0.000182328574532104,-0.571965,-0.365894,-0.468854288888889,0.0590679914296083
13.123111,"P19","Occ_MO_1.2",100,1,5765.549316,8312.512695,-100.722939,-0.0059,0.430823,27.4122,4.2,8.8,"{""type"":""M"",""msg"":""FADE0"",""time"":13.0222,""dist"":0.199237}",0.202036999999999,4.402037,0,2.6,4.7,0.405437,2.6,4.2,0.009898,-0.0059,0.003998,3.06666666666667e-05,0.00523293505915498,0.405437,0.430823,0.417302666666667,0.0127736326208849
14.437582,"P19","Occ_MO_1.2",100,2,5758.206543,8277.02832,-102.543335,-0.004028,0.487458,27.6278,4.7,8.4,"{""type"":""M"",""msg"":""FADE0"",""time"":14.362,""dist"":0.236148}",0.907716000000001,5.607716,0,7.6,5.5,0.494601,5.5,4.7,0.011923,-0.015951,-0.004028,-0.0100626,0.00446217259489889,0.487458,0.507676,0.498366,0.00749568260919429
15.858925,"P19","Occ_MO_1.2",100,3,5749.200195,8238.705078,-104.067307,-0.005371,0.485377,27.7446,6.2,10.7,"{""type"":""M"",""msg"":""FADE0"",""time"":15.8133,""dist"":0.276341}",0.915343999999999,7.115344,0,10.1,7.2,0.501232,7.2,6.2,0.006714,-0.012085,-0.005371,-0.0087239,0.00245092945861588,0.485377,0.50199,0.4953485,0.00600623604172271
17.174528,"P19","Occ_MO_1.2",100,4,5739.948242,8203.360352,-105.554466,-0.006063,0.450208,27.7745,8.8,13.9,"{""type"":""M"",""msg"":""FADE0"",""time"":17.1524,""dist"":0.31353}",0.808282999999999,9.608283,0,9.5,6.8,0.497448,6.8,8.8,0.008056,-0.014119,-0.006063,-0.0109997777777778,0.00330552041204474,0.450208,0.500416,0.484643111111111,0.0183597302366105
18.687029,"P19","Occ_MO_1.2",100,5,5728.163574,8163.023438,-107.077454,-0.002848,0.293047,27.7785,5.3,8.4,"{""type"":""M"",""msg"":""FADE0"",""time"":18.6555,""dist"":0.355294}",1.008774,6.308774,0,8.8,6.1,0.413261,6.1,5.3,0.009766,-0.012614,-0.002848,-0.00854127272727273,0.00388151419141832,0.293047,0.413261,0.358239272727273,0.042010157157742
20.301388,"P19","Occ_MO_1.2",100,6,5714.711914,8120.230957,-107.953995,-0.008423,0.468024,27.7777,6.9,36.6,"{""type"":""M"",""msg"":""FADE0"",""time"":20.2994,""dist"":0.400972}",1.110329,8.010329,0,8.8,14.7,0.279869,8.8,6.9,0.00944,-0.008423,0.001017,-0.00463525,0.00329455559494476,0.279869,0.468024,0.349098,0.0649520881853414
21.814499,"P19","Occ_MO_1.2",100,7,5701.125488,8080.447754,-109.948647,-0.006877,0.718863,27.7776,6.8,14.4,"{""type"":""M"",""msg"":""FADE0"",""time"":21.7275,""dist"":0.440651}",1.008795,7.808795,0,12.3,9.6,0.608593,9.6,6.8,0.009236,-0.016113,-0.006877,-0.0121257272727273,0.00396904006255692,0.608593,0.718863,0.686896909090909,0.0379139180050138
23.223684,"P19","Occ_MO_1.2",100,8,5687.103027,8043.893066,-112.041191,-0.003215,0.491516,27.7784,6.9,10.1,"{""type"":""M"",""msg"":""FADE0"",""time"":23.1379,""dist"":0.479839}",0.906617999999998,7.806618,0,5.9,4.2,0.723601,4.2,6.9,0.015787,-0.019002,-0.003215,-0.0115844,0.00584537380612509,0.491516,0.723601,0.6240404,0.0819214635261521
24.539021,"P19","Occ_MO_1.2",100,9,5673.237305,8010.07666,-112.522423,-0.000326,0.336484,27.7785,3.3,5.9,"{""type"":""M"",""msg"":""FADE0"",""time"":24.4496,""dist"":0.516289}",0.808632000000003,4.108632,0,18.2,23.7,0.371055,18.2,3.3,0.01002,-0.007039,0.002981,-0.00149877777777778,0.00323278849361421,0.319639,0.371055,0.334493777777778,0.0169768777811011
25.954935,"P19","Occ_MO_1.2",100,10,5657.827637,7973.879883,-114.086143,-0.006551,0.561325,27.7773,7.1,13.2,"{""type"":""M"",""msg"":""FADE0"",""time"":25.9115,""dist"":0.556908}",0.912192999999998,8.012193,0,9.3,7,0.443518,7,7.1,0.01058,-0.017131,-0.006551,-0.0123291,0.00384980976297675,0.443518,0.561325,0.520544,0.0410453706687287
27.470633,"P19","Occ_MO_1.2",100,11,5639.995117,7935.730957,-116.088417,-0.00472,0.401268,27.7784,8.1,11.8,"{""type"":""M"",""msg"":""FADE0"",""time"":27.3948,""dist"":0.598124}",1.009098,9.109098,0,6.1,4.4,0.577745,4.4,8.1,0.013591,-0.018311,-0.00472,-0.0110899090909091,0.00480651966509127,0.401268,0.577745,0.506686181818182,0.0624536729229245
28.887657,"P19","Occ_MO_1.2",100,12,5622.500488,7900.457031,-116.504585,0.000488,0.375328,27.7783,2.5,4.9,"{""type"":""M"",""msg"":""FADE0"",""time"":28.8625,""dist"":0.638905}",0.909078000000001,3.409078,0,5.5,8.5,0.314867,5.5,2.5,0.006388,-0.004557,0.001831,-0.000529,0.00234801982766567,0.29932,0.375328,0.3204281,0.0252986384282282
30.506248,"P19","Occ_MO_1.2",100,13,5601.83252,7860.518066,-118.518341,-0.005697,0.738548,27.7776,3.8,9,"{""type"":""M"",""msg"":""FADE0"",""time"":30.4411,""dist"":0.682768}",1.114175,4.914175,0,8.5,6.5,0.548972,6.5,3.8,0.01062,-0.016317,-0.005697,-0.0119155,0.00400361285704436,0.548972,0.738548,0.670110916666667,0.061791055246265
32.124893,"P19","Occ_MO_1.2",100,14,5579.603027,7821.425781,-120.821587,-0.003011,0.613009,27.7785,5.4,8.7,"{""type"":""M"",""msg"":""FADE0"",""time"":32.0596,""dist"":0.727739}",1.113811,6.513811,0,6.5,4.8,0.793776,4.8,5.4,0.016154,-0.019165,-0.003011,-0.0123223333333333,0.00624985006850467,0.613009,0.799766,0.7326,0.0670283026665873
33.540241,"P19","Occ_MO_1.2",100,15,5559.104004,7787.864746,-122.113274,-0.002848,0.354022,27.7785,5.3,8.3,"{""type"":""M"",""msg"":""FADE0"",""time"":33.4735,""dist"":0.767028}",0.912010000000002,6.21201,0,7.2,4.9,0.526626,4.9,5.3,0.011434,-0.014282,-0.002848,-0.0072753,0.00389880363558988,0.354022,0.526626,0.4380635,0.0588109035114521
35.356216,"P19","Occ_MO_1.2",100,16,5532.031738,7745.283691,-122.738983,-0.007731,0.61907,27.7775,2.2,7.4,"{""type"":""M"",""msg"":""FADE0"",""time"":35.262,""dist"":0.816721}",1.31245000000001,3.51245000000001,0,5.4,8.8,0.319314,5.4,2.2,0.009928,-0.007731,0.002197,-0.00245028571428571,0.0034578536123433,0.319263,0.61907,0.420943857142857,0.0998289023894669
36.569962,"P19","Occ_MO_1.2",100,17,5513.252441,7717.279297,-125.881622,-0.027515,0.856975,27.7735,4.1,2.9,"{""type"":""M"",""msg"":""FADE0"",""time"":36.5461,""dist"":0.852399}",0.707267999999999,3.607268,0,6.4,5,0.845519,5,2.9,0.004883,-0.027515,-0.022632,-0.025928,0.00218941264139169,0.845519,0.919892,0.8901465,0.0278673020376416
37.983952,"P19","Occ_MO_1.2",100,18,5489.538086,7685.956055,-127.727585,-0.005046,-0.112793,27.7804,12.8,15.3,"{""type"":""M"",""msg"":""FADE0"",""time"":37.9429,""dist"":0.89121}",0.909085000000005,13.709085,0,11.5,13.8,0.525946,11.5,12.8,0.006388,-0.007731,-0.001343,-0.0043866,0.00221123485862538,-0.112793,0.525946,0.1912738,0.215539814898831
39.394932,"P19","Occ_MO_1.2",100,19,5465.619629,7654.890137,-127.566582,-0.002523,-0.305185,27.7782,4.3,6.5,"{""type"":""M"",""msg"":""FADE0"",""time"":39.3815,""dist"":0.931186}",0.907516999999999,5.207517,0,3.6,4.9,-0.352361,3.6,4.3,0.015594,-0.004557,0.011037,0.0016684,0.00575258187831053,-0.396431,-0.305185,-0.3655077,0.0302461172092111
41.01498,"P19","Occ_MO_1.2",100,20,5437.72998,7619.559082,-129.094131,-0.006226,0.22662,27.7778,3.4,6.8,"{""type"":""M"",""msg"":""FADE0"",""time"":40.9232,""dist"":0.974023}",1.112053,4.512053,0,10.8,7.6,-0.140529,7.6,3.4,0.009766,-0.013957,-0.004191,-0.0080635,0.00289510544634467,-0.140529,0.22662,0.0377141666666667,0.118758322456563
42.527599,"P19","Occ_MO_1.2",100,21,5410.697266,7587.380859,-130.968903,-0.004883,0.751451,27.778,1.7,5.3,"{""type"":""M"",""msg"":""FADE0"",""time"":42.5065,""dist"":1.01802}",1.008526,2.708526,0,10.8,8.3,0.434974,8.3,1.7,0.010254,-0.015137,-0.004883,-0.00984336363636364,0.00390785627352714,0.434974,0.751451,0.597982090909091,0.102849129974399
44.138836,"P19","Occ_MO_1.2",100,22,5380.29541,7554.547363,-135.954147,-0.012614,0.523957,27.7752,4.5,2.5,"{""type"":""M"",""msg"":""FADE0"",""time"":44.1361,""dist"":1.06329}",1.107639,3.607639,0,5.7,4.5,0.949067,4.5,2.5,0.023829,-0.036443,-0.012614,-0.029897,0.00775848342724975,0.523957,1.009477,0.871528916666667,0.162691205777559
45.651337,"P19","Occ_MO_1.2",100,23,5349.985352,7525.430176,-135.569229,0.001831,-0.672865,27.7803,4.7,6.3,"{""type"":""M"",""msg"":""FADE0"",""time"":45.6081,""dist"":1.1042}",1.009068,5.709068,0,6.5,7.9,-0.052748,6.5,4.7,0.009572,0.001831,0.011403,0.00788090909090909,0.00305358957473153,-0.672865,-0.052748,-0.445317,0.213437124064208
47.074745,"P19","Occ_MO_1.2",100,24,5321.662598,7497.821777,-135.692245,-0.003011,-0.275019,27.7782,2.8,4.9,"{""type"":""M"",""msg"":""FADE0"",""time"":47.0455,""dist"":1.14414}",0.913547000000001,3.713547,0,5.3,7.5,-0.644759,5.3,2.8,0.008026,-0.003011,0.005015,0.0003844,0.00300395281069608,-0.644759,-0.275019,-0.4983832,0.125971048222994
48.586678,"P19","Occ_MO_1.2",100,25,5291.14209,7468.960449,-137.907333,-0.012248,0.74979,27.7772,2.1,15,"{""type"":""M"",""msg"":""FADE0"",""time"":48.5253,""dist"":1.18526}",1.007061,3.107061,0,10.3,8.4,0.111839,8.4,2.1,0.007243,-0.017822,-0.010579,-0.0143006363636364,0.00260397358944853,0.111839,0.74979,0.452100909090909,0.211607552921655
50.000111,"P19","Occ_MO_1.2",100,26,5261.325684,7443.40918,-140.61171,-0.004028,0.94503,27.7793,2.4,6.9,"{""type"":""M"",""msg"":""FADE0"",""time"":49.9768,""dist"":1.22558}",0.908378999999996,3.308379,0,5.2,4,0.962983,4,2.4,0.024045,-0.028073,-0.004028,-0.0131361,0.00914370422689234,0.94503,0.990342,0.9703114,0.0166105915019437
51.713074,"P19","Occ_MO_1.2",100,27,5223.912109,7413.998535,-143.501007,-0.008423,0.647759,27.7786,14.3,7.3,"{""type"":""M"",""msg"":""FADE0"",""time"":51.6715,""dist"":1.27267}",1.2099,8.5099,0,5.8,4.4,0.977428,4.4,7.3,0.015046,-0.023469,-0.008423,-0.0165377692307692,0.00552331819280533,0.647759,0.982033,0.867068230769231,0.117211100535994
53.129616,"P19","Occ_MO_1.2",100,28,5192.110352,7390.804199,-144.088028,0.000651,0.199517,27.7788,3.7,5.9,"{""type"":""M"",""msg"":""FADE0"",""time"":53.108,""dist"":1.31259}",0.909492999999998,4.609493,0,11.3,14.9,0.415543,11.3,3.7,0.006388,-0.005371,0.001017,-0.0010783,0.0019824617160378,0.199517,0.415543,0.2809853,0.0747853079050662
54.548023,"P19","Occ_MO_1.2",100,29,5160.01416,7367.933105,-145.168503,-0.004557,0.371734,27.7778,3.8,7.3,"{""type"":""M"",""msg"":""FADE0"",""time"":54.532,""dist"":1.35216}",0.909393000000001,4.709393,0,16.2,11.7,0.236354,11.7,3.8,0.006226,-0.010254,-0.004028,-0.0065999,0.00207556843351941,0.236354,0.371734,0.2973929,0.0455495784062695
56.265823,"P19","Occ_MO_1.2",100,30,5120.43457,7341.261719,-146.666702,-0.002848,0.723985,27.778,1.7,5,"{""type"":""M"",""msg"":""FADE0"",""time"":56.2638,""dist"":1.40028}",1.212719,2.912719,0,8,5.9,0.489909,5.9,1.7,0.01595,-0.016113,-0.000163,-0.00654176923076923,0.00474144399864721,0.489909,0.723985,0.595327615384615,0.0720056168255163
57.78413,"P19","Occ_MO_1.2",100,31,5084.774902,7318.72998,-149.18515,-0.008423,1.01631,27.7777,30.9,21.2,"{""type"":""M"",""msg"":""FADE0"",""time"":57.7129,""dist"":1.44054}",1.013233,22.213233,0,6.3,5,0.926854,5,21.2,0.015046,-0.023469,-0.008423,-0.0163845454545455,0.00551348284414918,0.926854,1.044926,1.01221154545455,0.0373702267276067
59.403709,"P19","Occ_MO_1.2",100,32,5045.624512,7296.550293,-151.697205,-0.004028,0.434022,27.7789,10.7,13.8,"{""type"":""M"",""msg"":""FADE0"",""time"":59.3337,""dist"":1.48558}",1.113487,11.813487,0,5.2,3.8,0.950255,3.8,10.7,0.01768,-0.021708,-0.004028,-0.012128,0.00605430050009533,0.434022,0.950255,0.716914916666667,0.174650151126842
60.825699,"P19","Occ_MO_1.2",100,33,5010.800781,7277.880859,-152.092102,-0.006551,0.11138,27.778,10.2,15.5,"{""type"":""M"",""msg"":""FADE0"",""time"":60.7253,""dist"":1.52425}",0.915275999999999,11.115276,0,4.6,6.8,0.218195,4.6,10.2,0.008057,-0.006551,0.001506,-0.0030924,0.00300104526975371,0.11138,0.218195,0.1467625,0.036302645876177
62.340797,"P19","Occ_MO_1.2",100,34,4973.376953,7258.602539,-153.200333,-0.002848,0.153664,27.7781,4,6.9,"{""type"":""M"",""msg"":""FADE0"",""time"":62.2393,""dist"":1.56631}",1.110202,5.110202,0,16.7,10.2,0.10337,10.2,4,0.007243,-0.009074,-0.001831,-0.00444883333333333,0.00208394049092026,0.093949,0.153664,0.110069083333333,0.0188914772484522
63.959415,"P19","Occ_MO_1.2",100,35,4932.943848,7238.914551,-155.045593,-0.007406,0.392927,27.7778,10,18.5,"{""type"":""M"",""msg"":""FADE0"",""time"":63.9113,""dist"":1.61277}",1.215072,11.215072,0,10.4,7.5,0.236092,7.5,10,0.005371,-0.012777,-0.007406,-0.00972484615384615,0.00188113112453447,0.236092,0.392927,0.325470384615385,0.0501435431578491
65.374084,"P19","Occ_MO_1.2",100,36,4897.071289,7222.849609,-156.783386,-0.006226,0.382884,27.7781,9.6,14.7,"{""type"":""M"",""msg"":""FADE0"",""time"":65.3003,""dist"":1.65137}",0.908591999999999,10.508592,0,9.4,6.6,0.431156,6.6,9.6,0.008382,-0.014608,-0.006226,-0.0098512,0.00316078340500157,0.382884,0.434745,0.4174442,0.01899395440543
67.193954,"P19","Occ_MO_1.2",100,37,4850.320801,7203.582031,-158.46312,-0.005371,0.270154,27.778,7,11.3,"{""type"":""M"",""msg"":""FADE0"",""time"":67.151,""dist"":1.70279}",1.31514700000001,8.31514700000001,0,37.8,42.6,0.343783,37.8,7,0.005412,-0.009766,-0.004354,-0.00701035714285714,0.00195751045216358,0.270154,0.343783,0.3045195,0.0230195674514932
68.9076,"P19","Occ_MO_1.2",100,38,4805.834473,7186.61084,-159.954422,-0.005697,0.375369,27.7776,5.7,10.3,"{""type"":""M"",""msg"":""FADE0"",""time"":68.8886,""dist"":1.75107}",1.208259,6.908259,0,18.8,12.9,0.279929,12.9,5.7,0.004679,-0.009399,-0.00472,-0.00750576923076923,0.0015551358544002,0.279929,0.375369,0.323413230769231,0.0317300181404346
70.521858,"P19","Occ_MO_1.2",100,39,4763.498047,7171.803223,-161.640488,-0.006714,0.509389,27.7777,7.1,13.1,"{""type"":""M"",""msg"":""FADE0"",""time"":70.428,""dist"":1.79384}",1.10761199999999,8.20761199999999,0,11.5,8.3,0.435159,8.3,7.1,0.005534,-0.012248,-0.006714,-0.00912475,0.00215591849757402,0.435159,0.509389,0.48109125,0.0241448157963756
72.042854,"P19","Occ_MO_1.2",100,40,4723.193359,7159.099121,-163.419235,-0.006877,0.473101,27.778,10.5,16.1,"{""type"":""M"",""msg"":""FADE0"",""time"":71.9721,""dist"":1.83675}",1.01202400000001,11.512024,0,10.2,7.3,0.536619,7.3,10.5,0.006917,-0.013794,-0.006877,-0.00961781818181818,0.00283800337625528,0.473101,0.53818,0.514418636363636,0.0240666596114738
73.76442,"P19","Occ_MO_1.2",100,41,4677.137207,7146.181152,-165.23671,-0.004191,0.275345,27.7781,6.3,9.6,"{""type"":""M"",""msg"":""FADE0"",""time"":73.751,""dist"":1.88618}",1.21305100000001,7.51305100000001,0,8.8,6,0.434168,6,6.3,0.00826,-0.012451,-0.004191,-0.00819423076923077,0.00259056635229461,0.275345,0.434168,0.356636692307692,0.0527539686585831
75.583862,"P19","Occ_MO_1.2",100,42,4628.149902,7133.693359,-166.363861,-0.008423,0.4906,27.7776,5.6,14.9,"{""type"":""M"",""msg"":""FADE0"",""time"":75.5135,""dist"":1.93515}",1.313339,6.913339,0,6.5,10.5,0.253078,6.5,5.6,0.008057,-0.009237,-0.00118,-0.005127,0.00262050861181859,0.253078,0.4906,0.343387285714286,0.0812772806503274
76.797188,"P19","Occ_MO_1.2",100,43,4595.288086,7126.17334,-168.203003,-0.015951,0.700924,27.7767,7.4,5.4,"{""type"":""M"",""msg"":""FADE0"",""time"":76.7936,""dist"":1.97072}",0.709693999999999,6.109694,0,8.9,6.7,0.622934,6.7,5.4,0.004192,-0.015951,-0.011759,-0.01457725,0.00154230826546261,0.622934,0.700924,0.67331575,0.0287865050265373
78.51252,"P19","Occ_MO_1.2",100,44,4548.464844,7117.285156,-170.028458,-0.003215,0.523322,27.7786,4,7.3,"{""type"":""M"",""msg"":""FADE0"",""time"":78.462,""dist"":2.01708}",1.20929699999999,5.20929699999999,0,22.3,27.7,0.655792,22.3,4,0.007039,-0.010254,-0.003215,-0.00682023076923077,0.00255239326103451,0.523322,0.655792,0.583484230769231,0.0443457623457489
80.433533,"P19","Occ_MO_1.2",100,45,4495.765137,7108.826172,-171.806366,-0.003215,0.624719,27.7781,2.8,6.1,"{""type"":""M"",""msg"":""FADE0"",""time"":80.3509,""dist"":2.06956}",1.416039,4.216039,0,16.2,11.4,0.542544,11.4,2.8,0.00769,-0.010905,-0.003215,-0.00789653333333333,0.00251855244327447,0.542544,0.624719,0.580864266666667,0.0239013410904871
82.047943,"P19","Occ_MO_1.2",100,46,4451.269531,7103.16748,-173.903946,-0.006063,0.75724,27.7781,4.4,9.1,"{""type"":""M"",""msg"":""FADE0"",""time"":81.9857,""dist"":2.11499}",1.10855100000001,5.50855100000001,0,8.9,6.8,0.721781,6.8,4.4,0.010417,-0.016317,-0.0059,-0.0118884166666667,0.00405971807033519,0.721781,0.772402,0.759062083333333,0.0150826855184006
83.665375,"P19","Occ_MO_1.2",100,47,4406.504883,7099.23291,-176.306915,-0.006877,0.566699,27.778,10.1,14.2,"{""type"":""M"",""msg"":""FADE0"",""time"":83.6052,""dist"":2.15998}",1.110398,11.210398,0,8.3,6.1,0.762477,6.1,10.1,0.009074,-0.015951,-0.006877,-0.01299375,0.00340790087683953,0.566699,0.762477,0.690565666666667,0.0677817945031009
85.178833,"P19","Occ_MO_1.2",100,48,4364.515137,7096.937012,-177.622238,-0.007406,0.349628,27.7778,8,12.6,"{""type"":""M"",""msg"":""FADE0"",""time"":85.1178,""dist"":2.20202}",1.009247,9.009247,0,6.3,9.5,0.446669,6.3,8,0.007731,-0.009928,-0.002197,-0.00691,0.00273343421358554,0.349628,0.446669,0.388368818181818,0.0310146377854657
86.793953,"P19","Occ_MO_1.2",100,49,4319.657715,7095.63623,-179.02832,-0.00472,0.419323,27.7781,3.2,6.5,"{""type"":""M"",""msg"":""FADE0"",""time"":86.7797,""dist"":2.24819}",1.110939,4.310939,0,15.8,54,0.333834,15.8,3.2,0.005046,-0.009237,-0.004191,-0.00630041666666667,0.00184759374018962,0.332068,0.419323,0.359130583333333,0.0293200918374425
88.409164,"P19","Occ_MO_1.2",100,50,4274.782227,7095.63623,178.692062,-0.009562,0.717193,27.7777,32.2,27.1,"{""type"":""M"",""msg"":""FADE0"",""time"":88.3549,""dist"":2.29196}",1.11030500000001,28.210305,0,9.8,7.6,0.555156,7.6,27.1,0.00822,-0.017131,-0.008911,-0.0135701666666667,0.00302960954079845,0.555156,0.717193,0.659914916666667,0.0535483903271498
90.024246,"P19","Occ_MO_1.2",100,51,4229.960449,7097.705566,175.89328,-0.005371,0.463064,27.7784,9.2,12.7,"{""type"":""M"",""msg"":""FADE0"",""time"":89.9664,""dist"":2.33674}",1.11062600000001,10.310626,0,5.9,4.3,0.748602,4.3,9.2,0.016337,-0.021708,-0.005371,-0.0149094166666667,0.00636405944573021,0.463064,0.748602,0.640887083333333,0.101135793950023
91.541069,"P19","Occ_MO_1.2",100,52,4187.9375,7100.946289,175.481186,-0.001343,0.316438,27.7784,2.7,5.2,"{""type"":""M"",""msg"":""FADE0"",""time"":91.5175,""dist"":2.37984}",1.01278699999999,3.71278699999999,0,4.6,6.9,0.3059,4.6,2.7,0.003703,-0.002686,0.001017,-0.00047,0.00115823520927314,0.24578,0.316438,0.271921636363636,0.0245181424715362
93.159622,"P19","Occ_MO_1.2",100,53,4143.166016,7105.151855,173.368896,-0.010091,0.78738,27.7773,20.9,16.7,"{""type"":""M"",""msg"":""FADE0"",""time"":93.0759,""dist"":2.42314}",1.113716,17.813716,0,11,8.7,0.502117,8.7,16.7,0.009236,-0.017822,-0.008586,-0.0130715833333333,0.00361205092731472,0.502117,0.78738,0.673049,0.0945824080683083
94.672791,"P19","Occ_MO_1.2",100,54,4101.554199,7111.11377,170.469086,-0.0059,0.445147,27.7788,14.1,17.9,"{""type"":""M"",""msg"":""FADE0"",""time"":94.6479,""dist"":2.46681}",1.010537,15.110537,0,5.6,4.1,0.825165,4.1,14.1,0.016732,-0.022632,-0.0059,-0.0148319090909091,0.0078953774508195,0.445147,0.825165,0.670944454545455,0.134841174329182
95.98642,"P19","Occ_MO_1.2",100,55,4065.592529,7117.37207,169.983551,-0.001343,0.079488,27.7788,4.4,6.9,"{""type"":""M"",""msg"":""FADE0"",""time"":95.9378,""dist"":2.50266}",0.80953199999999,5.20953199999999,0,5.7,7.9,0.222487,5.7,4.4,0.007497,-0.001831,0.005666,0.000404666666666666,0.00279983910252,0.079389,0.222487,0.126123666666667,0.0511802317355051
97.400169,"P19","Occ_MO_1.2",100,56,4026.981445,7124.59375,168.473343,-0.006063,0.168492,27.7776,7.7,12.2,"{""type"":""M"",""msg"":""FADE0"",""time"":97.3438,""dist"":2.54173}",0.908783,8.608783,0,8.7,6,0.128276,6,7.7,0.009236,-0.015299,-0.006063,-0.0107909,0.00320420589746248,0.128276,0.168492,0.1577223,0.0141621122800708
98.812401,"P19","Occ_MO_1.2",100,57,3988.618652,7132.839844,167.219803,-0.004354,0.239369,27.778,4.8,8.2,"{""type"":""M"",""msg"":""FADE0"",""time"":98.7953,""dist"":2.58206}",0.907775999999998,5.707776,0,22.8,16.1,0.186198,16.1,4.8,0.005412,-0.009766,-0.004354,-0.007076,0.0019710976073695,0.186198,0.239369,0.2093293,0.0171059484069139
100.223915,"P19","Occ_MO_1.2",100,58,3950.498779,7142.054199,165.522263,-0.004191,0.296623,27.778,5.4,9,"{""type"":""M"",""msg"":""FADE0"",""time"":100.171,""dist"":2.62028}",0.908241000000004,6.308241,0,7.8,5.5,0.307576,5.5,5.4,0.011108,-0.015299,-0.004191,-0.010262,0.00473760300386411,0.296623,0.325199,0.3124987,0.0101755823644426
102.137787,"P19","Occ_MO_1.2",100,59,3899.217773,7156.124512,163.765579,-0.00472,0.358369,27.778,4.8,8.8,"{""type"":""M"",""msg"":""FADE0"",""time"":102.117,""dist"":2.67436}",1.41069,6.21069,0,10.9,7.6,0.310161,7.6,4.8,0.007406,-0.011434,-0.004028,-0.0075194,0.00240577515871407,0.310161,0.358369,0.333642266666667,0.0140715540438689
104.662231,"P19","Occ_MO_1.2",100,60,3832.406982,7177.458984,160.68721,-0.006388,0.271523,27.7779,13,18,"{""type"":""M"",""msg"":""FADE0"",""time"":104.561,""dist"":2.74227}",2.020904,15.020904,0,10.2,7.2,0.406743,7.2,13,0.00704,-0.013428,-0.006388,-0.0100407142857143,0.00228359907038992,0.271523,0.418844,0.371973666666667,0.045728786727108
107.287552,"P19","Occ_MO_1.2",100,61,3764.052246,7202.909668,157.915848,-0.007731,0.013677,27.7775,37.7,9.9,"{""type"":""M"",""msg"":""FADE0"",""time"":107.211,""dist"":2.8159}",2.22090200000001,12.120902,0,11.4,16.5,0.21467,11.4,9.9,0.012614,-0.015137,-0.002523,-0.00893586956521739,0.00338459013638348,0.013677,0.21467,0.141855782608696,0.0546077946916643
109.408211,"P19","Occ_MO_1.2",100,62,3709.677734,7225.614258,156.525528,-0.01359,-0.051404,27.7771,8.1,5.3,"{""type"":""M"",""msg"":""FADE0"",""time"":109.35,""dist"":2.87532}",1.616951,6.916951,0,6,8.2,-0.106927,6,5.3,0.01477,-0.01359,0.00118,-0.00464582352941176,0.00529608107749605,-0.179108,-0.051404,-0.135304647058824,0.0409601138913535
111.534698,"P19","Occ_MO_1.2",100,63,3655.922363,7250.129395,154.203552,-0.007731,0.134632,27.7776,17.5,24.4,"{""type"":""M"",""msg"":""FADE0"",""time"":111.458,""dist"":2.93391}",1.621612,19.121612,0,4.2,6.6,-0.014239,4.2,17.5,0.012085,-0.012939,-0.000854,-0.00871952941176471,0.00350826469065632,-0.014239,0.134632,0.0786208235294118,0.051979341393042
113.862709,"P19","Occ_MO_1.2",100,64,3598.283691,7279.478516,151.564667,-0.010417,0.062053,27.7773,10.4,6.1,"{""type"":""M"",""msg"":""FADE0"",""time"":113.836,""dist"":2.99998}",1.82094599999999,7.92094599999999,0,15.4,9.6,0.137986,9.6,6.1,0.009237,-0.013794,-0.004557,-0.00921731578947368,0.0030760721717554,0.062053,0.137986,0.105367631578947,0.0232118883936911
116.889038,"P19","Occ_MO_1.2",100,65,3525.376709,7321.352051,148.16362,-0.008586,-0.285368,27.7777,14.8,4.8,"{""type"":""M"",""msg"":""FADE0"",""time"":116.836,""dist"":3.08334}",2.520752,7.320752,0,12.6,17,-0.000182,12.6,4.8,0.012574,-0.015951,-0.003377,-0.00939942307692308,0.00345795920361218,-0.285368,-0.000182,-0.0953321923076923,0.0792858793148032
119.012733,"P19","Occ_MO_1.2",100,66,3475.4104,7352.743652,147.38739,-0.011759,-0.100159,27.7772,15.8,11.9,"{""type"":""M"",""msg"":""FADE0"",""time"":118.985,""dist"":3.14304}",1.61572199999999,13.515722,0,5.6,7.4,-0.430759,5.6,11.9,0.019623,-0.013428,0.006195,-0.00154511764705882,0.00693003107751286,-0.494224,-0.100159,-0.370971058823529,0.131878472668718
120.631035,"P19","Occ_MO_1.2",100,67,3438.049805,7377.754395,144.800507,-0.015462,0.247142,27.7777,7.2,4.8,"{""type"":""M"",""msg"":""FADE0"",""time"":120.564,""dist"":3.18692}",1.112824,5.912824,0,8.4,6.2,0.099807,6.2,4.8,0.010579,-0.019165,-0.008586,-0.014835,0.00376248527632275,0.099807,0.248623,0.20724,0.0497914836894825
122.95237,"P19","Occ_MO_1.2",100,68,3386.25415,7416.18457,142.129883,-0.004191,0.045264,27.7781,6.1,8.9,"{""type"":""M"",""msg"":""FADE0"",""time"":122.939,""dist"":3.25291}",1.81598700000001,7.91598700000001,0,6.8,10.3,0.212734,6.8,6.1,0.009074,-0.013265,-0.004191,-0.00861978947368421,0.00328785170622175,0.045264,0.212734,0.129481947368421,0.0562024131455756
125.375839,"P19","Occ_MO_1.2",100,69,3333.665039,7458.237793,140.318069,-0.004883,0.504066,27.7775,2.4,5.7,"{""type"":""M"",""msg"":""FADE0"",""time"":125.371,""dist"":3.32048}",1.917907,4.317907,0,6.4,10,0.046007,6.4,2.4,0.010254,-0.010742,-0.000488,-0.00630085,0.00336457571071865,0.046007,0.504066,0.22121645,0.143665739107165
126.690849,"P19","Occ_MO_1.2",100,70,3306.069336,7482.168457,136.760864,-0.013428,0.609015,27.7746,6.3,3.9,"{""type"":""M"",""msg"":""FADE0"",""time"":126.663,""dist"":3.35639}",0.810599999999994,4.71059999999999,0,5.5,4.2,0.723191,4.2,3.9,0.0248,-0.036722,-0.011922,-0.0281463333333333,0.00991473292630719,0.609015,0.790626,0.731717111111111,0.0610469348871105
127.903656,"P19","Occ_MO_1.2",100,71,3281.757324,7505.506348,136.215897,-0.000163,-0.056959,27.7807,4.7,6.7,"{""type"":""M"",""msg"":""FADE0"",""time"":127.883,""dist"":3.39029}",0.707245,5.407245,0,3.4,4.4,0.27428,3.4,4.7,0.008718,-0.000163,0.008555,0.002633375,0.00298984289780775,-0.056959,0.27428,0.08353325,0.118755522574441
129.922592,"P19","Occ_MO_1.2",100,72,3241.608154,7544.683105,134.389526,-0.007894,0.260362,27.7774,6.4,11.9,"{""type"":""M"",""msg"":""FADE0"",""time"":129.861,""dist"":3.44526}",1.51539600000001,7.91539600000001,0,3.3,5.2,-0.075139,3.3,6.4,0.017131,-0.015625,0.001506,-0.00954175,0.00523113972922409,-0.075139,0.260362,0.1023549375,0.113947294946081
131.641724,"P19","Occ_MO_1.2",100,73,3208.888672,7579.479004,132.062515,-0.010091,0.354608,27.7783,19.5,14.1,"{""type"":""M"",""msg"":""FADE0"",""time"":131.59,""dist"":3.49328}",1.21478300000001,15.314783,0,7,5,0.337465,5,14.1,0.013428,-0.017985,-0.004557,-0.011343,0.00444139439440663,0.337465,0.361046,0.352628230769231,0.0060519014526269
133.25737,"P19","Occ_MO_1.2",100,74,3179.331787,7613.265625,130.277283,-0.004883,0.37885,27.7782,4.6,8.2,"{""type"":""M"",""msg"":""FADE0"",""time"":133.248,""dist"":3.53934}",1.111176,5.711176,0,8.3,5.9,0.375333,5.9,4.6,0.010254,-0.015137,-0.004883,-0.0093045,0.00375648618452743,0.373373,0.380048,0.377320333333333,0.00250933712120926
135.271622,"P19","Occ_MO_1.2",100,75,3144.093506,7656.738281,127.496368,-0.007039,0.334341,27.7781,13,18.6,"{""type"":""M"",""msg"":""FADE0"",""time"":135.27,""dist"":3.59553}",1.51062000000002,14.51062,0,7.2,5.2,0.435774,5.2,13,0.012451,-0.018148,-0.005697,-0.012392625,0.00424910176978617,0.334341,0.461647,0.4171111875,0.0422332509621171
136.991638,"P19","Occ_MO_1.2",100,76,3115.436035,7694.984863,126.353569,-0.002035,0.233265,27.7783,3.5,6.1,"{""type"":""M"",""msg"":""FADE0"",""time"":136.987,""dist"":3.64325}",1.212478,4.712478,0,11.4,7.5,0.270591,7.5,3.5,0.012411,-0.012248,0.000163,-0.00523976923076923,0.00435384560195249,0.205731,0.270591,0.22895,0.021624606478115
139.211639,"P19","Occ_MO_1.2",100,77,3079.939941,7745.424316,123.735725,-0.006226,0.53946,27.7779,5.5,10.8,"{""type"":""M"",""msg"":""FADE0"",""time"":139.131,""dist"":3.70283}",1.714416,7.214416,0,7.6,5.6,0.351948,5.6,5.5,0.011434,-0.017131,-0.005697,-0.0104528333333333,0.00358240471734051,0.351948,0.53946,0.467998666666667,0.0560547569529904
140.932938,"P19","Occ_MO_1.2",100,78,3054.135986,7785.688965,121.485268,-0.0059,0.445917,27.7784,9.2,13.9,"{""type"":""M"",""msg"":""FADE0"",""time"":140.844,""dist"":3.75043}",1.21431000000001,10.41431,0,6.6,4.7,0.582672,4.7,9.2,0.012085,-0.017985,-0.0059,-0.0109613076923077,0.00444042813972961,0.445917,0.583866,0.529592230769231,0.0481810885845505
142.852905,"P19","Occ_MO_1.2",100,79,3026.952881,7831.589355,119.706932,-0.004354,0.227732,27.7779,6.3,9.9,"{""type"":""M"",""msg"":""FADE0"",""time"":142.788,""dist"":3.80443}",1.41279599999999,7.71279599999999,0,10.5,6.9,0.381285,6.9,6.3,0.007243,-0.011597,-0.004354,-0.00757386666666667,0.00269680154115592,0.227732,0.381285,0.3019358,0.0494263022737605
145.280334,"P19","Occ_MO_1.2",100,80,2994.736572,7890.837891,116.856186,-0.014282,0.094458,27.7771,6.1,3.7,"{""type"":""M"",""msg"":""FADE0"",""time"":145.192,""dist"":3.87122}",1.921661,5.621661,0,11.9,8.1,0.222992,8.1,3.7,0.008748,-0.014974,-0.006226,-0.01059975,0.00334222056462939,0.094458,0.233418,0.19520875,0.0435561493560173
147.608978,"P19","Occ_MO_1.2",100,81,2966.317139,7948.961914,114.702766,-0.015299,-0.121184,27.7776,5.8,3.3,"{""type"":""M"",""msg"":""FADE0"",""time"":147.574,""dist"":3.93742}",1.82321100000001,5.12321100000001,0,5,7.1,-0.036253,5,3.3,0.016479,-0.015625,0.000854,-0.00787231578947369,0.00589757825111886,-0.121184,-0.036253,-0.0772453684210526,0.0184933617976545
150.332825,"P19","Occ_MO_1.2",100,82,2936.168213,8018.373047,111.528313,-0.016479,-0.464606,27.7767,4.3,1.8,"{""type"":""M"",""msg"":""FADE0"",""time"":150.3,""dist"":4.01317}",2.22122200000001,4.02122200000001,0,5,6.9,-0.232555,5,1.8,0.019491,-0.01766,0.001831,-0.0095604347826087,0.00621919876325857,-0.464606,-0.232555,-0.308447913043478,0.0612922789738665
151.949646,"P19","Occ_MO_1.2",100,83,2920.042969,8060.304199,110.673111,-0.011434,-0.870348,27.7779,7.6,2.4,"{""type"":""M"",""msg"":""FADE0"",""time"":151.884,""dist"":4.05718}",1.11234999999999,3.51234999999999,0,7,8.8,-0.686475,7,2.4,0.015269,-0.011434,0.003835,-0.001849,0.00590383336177744,-0.870348,-0.686475,-0.8213365,0.062478460907449
154.27565,"P19","Occ_MO_1.2",100,84,2898.024658,8121.064453,108.598839,-0.007731,-0.510682,27.777,16.1,22.1,"{""type"":""M"",""msg"":""FADE0"",""time"":154.194,""dist"":4.12135}",1.81808500000002,17.918085,0,5.5,7.3,-0.892874,5.5,16.1,0.016968,-0.015951,0.001017,-0.00692163157894737,0.00652294414790784,-0.892874,-0.510682,-0.710674789473684,0.14218498248275
157.2146,"P19","Occ_MO_1.2",100,85,2873.314697,8198.891602,106.059662,-0.009928,0.43265,27.7771,28.3,21,"{""type"":""M"",""msg"":""FADE0"",""time"":157.163,""dist"":4.20386}",2.433121,23.433121,0,6.7,9.8,-0.451158,6.7,21,0.015788,-0.015462,0.000326,-0.00730204166666667,0.00475687043154806,-0.451158,0.43265,-0.059743125,0.299175097470901
13.732957,"P20","Occ_MO_1.2",100,1,5761.26416,8292.46582,-101.394867,-0.005534,0.227598,27.5931,4.3,8.3,"{""type"":""M"",""msg"":""FADE0"",""time"":13.6706,""dist"":0.220724}",0.605353000000001,4.905353,0,6.6,11.2,0.118559,6.6,4.3,0.002523,-0.006226,-0.003703,-0.00477828571428571,0.000962614099606849,0.118559,0.227598,0.167270714285714,0.0395423832434443
15.760109,"P20","Occ_MO_1.2",100,2,5749.037598,8237.708984,-104.179039,-0.012248,0.566405,27.7457,9.3,6.5,"{""type"":""M"",""msg"":""FADE0"",""time"":15.696,""dist"":0.276777}",1.521944,8.021944,0,20.3,16.3,0.37301,16.3,6.5,0.004028,-0.014119,-0.010091,-0.0124358125,0.00134246540458218,0.37301,0.572355,0.5119459375,0.0650154943106834
17.680363,"P20","Occ_MO_1.2",100,3,5734.783691,8186.317383,-107.045204,-0.011922,0.049078,27.7772,6,3.2,"{""type"":""M"",""msg"":""FADE0"",""time"":17.61,""dist"":0.329941}",1.412781,4.612781,0,8.7,5.8,0.511637,5.8,3.2,0.001872,-0.013794,-0.011922,-0.0125894666666667,0.000670670332755293,0.049078,0.511637,0.319336266666667,0.149087735931118
20.003132,"P20","Occ_MO_1.2",100,4,5715.497559,8124.725586,-107.391663,-0.001506,-0.196264,27.7779,3.4,5.6,"{""type"":""M"",""msg"":""FADE0"",""time"":19.9718,""dist"":0.395567}",1.818714,5.218714,0,8.3,10.4,-0.224107,8.3,3.4,0.007172,-0.001506,0.005666,0.00139305263157895,0.00268668251595168,-0.448371,-0.196264,-0.357662894736842,0.0817931980056307
21.926731,"P20","Occ_MO_1.2",100,5,5698.65918,8074.004883,-109.902657,-0.01359,0.622584,27.7772,9.6,7.2,"{""type"":""M"",""msg"":""FADE0"",""time"":21.8584,""dist"":0.447985}",1.416448,8.616448,0,17.2,14.2,0.075788,14.2,7.2,0.005046,-0.014974,-0.009928,-0.0128985333333333,0.00140790441369265,0.075788,0.622584,0.3907918,0.176237419353715
24.856155,"P20","Occ_MO_1.2",100,6,5667.915039,7998.661133,-114.42971,-0.011759,-0.149478,27.7782,5.2,2.4,"{""type"":""M"",""msg"":""FADE0"",""time"":24.8441,""dist"":0.530946}",2.425088,4.825088,0,7.4,5.4,0.677754,5.4,2.4,0.005208,-0.015625,-0.010417,-0.01255196,0.00170702578773726,-0.149478,0.677754,0.38046044,0.268991689194276
26.878563,"P20","Occ_MO_1.2",100,7,5644.34082,7947.650391,-114.577438,-0.001017,-0.760485,27.7782,4.7,6.7,"{""type"":""M"",""msg"":""FADE0"",""time"":26.7969,""dist"":0.585209}",1.52039,6.22039,0,11.5,3,-0.471899,3,4.7,0.008555,-0.002523,0.006032,0.0026785625,0.0024331701945884,-0.838342,-0.471899,-0.737460625,0.114573256994743
30.515434,"P20","Occ_MO_1.2",100,8,5599.640137,7857.043457,-118.254265,-0.008219,0.49355,27.7779,5,14.3,"{""type"":""M"",""msg"":""FADE0"",""time"":30.4762,""dist"":0.687441}",3.129114,8.129114,0,8.1,13.6,-0.575621,8.1,5,0.002035,-0.009766,-0.007731,-0.00874571875,0.000552388609957963,-0.575621,0.49355,-0.00941974999999998,0.323829290825453
33.85461,"P20","Occ_MO_1.2",100,9,5552.846191,7776.946289,-121.903549,-0.006388,0.847884,27.7779,2.4,8.3,"{""type"":""M"",""msg"":""FADE0"",""time"":33.7843,""dist"":0.77936}",2.833948,5.233948,0,8.7,6.6,0.63509,6.6,2.4,0.010416,-0.015462,-0.005046,-0.00865289655172414,0.00317862135821747,0.63509,0.847884,0.745744862068966,0.0462268987199662
36.884232,"P20","Occ_MO_1.2",100,10,5506.177734,7706.901855,-125.103027,-0.006226,1.083202,27.7783,0.5,7,"{""type"":""M"",""msg"":""FADE0"",""time"":36.8176,""dist"":0.863641}",2.526345,3.026345,0,9,6.9,0.947128,6.9,0.5,0.011108,-0.015462,-0.004354,-0.00845253846153846,0.00316054733526672,0.947128,1.083202,1.00643180769231,0.0288744383218364
38.606167,"P20","Occ_MO_1.2",100,11,5477.864258,7668.34082,-127.660408,-0.009399,1.147013,27.7776,-1.520413,33.7,"{""type"":""M"",""msg"":""FADE0"",""time"":38.6043,""dist"":0.913288}",1.216164,-0.304249000000001,0,-0.304249,7.5,1.184876,-0.304249,-1.520413,0.007894,-0.017293,-0.009399,-0.0133775384615385,0.00291280951475217,1.147013,1.225124,1.19778930769231,0.0250268024471918
41.43335,"P20","Occ_MO_1.2",100,12,5427.964844,7607.681152,-130.569611,-0.003866,0.417338,27.7781,4.2,7.3,"{""type"":""M"",""msg"":""FADE0"",""time"":41.3718,""dist"":0.990185}",2.322899,6.522899,0,6.5,4.8,1.071978,4.8,4.2,0.016643,-0.018311,-0.001668,-0.00776170833333333,0.00548515464867925,0.417338,1.071978,0.688599208333333,0.228910805134831
45.265968,"P20","Occ_MO_1.2",100,13,5356.369141,7528.870117,-133.961716,-0.006714,1.403673,27.7779,-0.50486,3.5,"{""type"":""M"",""msg"":""FADE0"",""time"":45.2547,""dist"":1.09808}",3.32727,2.82241,2.82241,14.1,42.6,0.44913,14.1,-0.50486,0.003865,-0.009562,-0.005697,-0.00728476470588235,0.00105253961442252,0.44913,1.403673,0.787341352941176,0.289556310056766
46.68401,"P20","Occ_MO_1.2",100,14,5328.556152,7500.968262,-136.629089,-0.018799,-1.642722,27.7754,-1.922902,6.9,"{""type"":""M"",""msg"":""FADE0"",""time"":46.64,""dist"":1.13657}",0.909782999999997,-1.013119,0,-1.013119,12.1,1.721573,-1.013119,-1.922902,0.007891,-0.02319,-0.015299,-0.0193245,0.00240173586529965,-1.847299,1.846146,-0.6741238,1.69765788654761
47.893524,"P20","Occ_MO_1.2",100,15,5303.615723,7478.450684,-139.627396,-0.016642,1.839118,27.7767,-3.132416,4.8,"{""type"":""M"",""msg"":""FADE0"",""time"":47.8387,""dist"":1.16987}",0.705227000000001,-2.427189,0,-2.427189,5.3,-1.639521,-2.427189,-3.132416,0.005066,-0.021708,-0.016642,-0.02067625,0.0019156652518493,-1.85202,1.839118,-1.282012,1.26318239462444
49.716946,"P20","Occ_MO_1.2",100,16,5264.344238,7446.439453,-141.402237,-0.000692,0.51294,27.78,5.6,8.1,"{""type"":""M"",""msg"":""FADE0"",""time"":49.7028,""dist"":1.22167}",1.318409,6.918409,0,-3.637429,4.5,1.482126,-3.637429,5.6,0.013264,-0.01359,-0.000326,-0.00523171428571429,0.0046821485769573,0.51294,1.482126,0.965655142857143,0.319327654531989
52.847244,"P20","Occ_MO_1.2",100,17,5195.450684,7393.354492,-143.62262,-0.006551,0.112442,27.7778,6.6,11.2,"{""type"":""M"",""msg"":""FADE0"",""time"":52.7727,""dist"":1.30697}",2.624195,9.224195,0,11.1,14.9,0.310153,11.1,6.6,0.003337,-0.006877,-0.00354,-0.00598148148148148,0.000862531398330178,0.056822,0.310153,0.120385407407407,0.0728977702366916
55.070316,"P20","Occ_MO_1.2",100,18,5145.041504,7357.664551,-146.097733,-0.009399,0.468898,27.7775,21.6,16.2,"{""type"":""M"",""msg"":""FADE0"",""time"":55.0668,""dist"":1.37071}",1.71474,17.91474,0,5.6,10.2,0.191562,5.6,16.2,0.00472,-0.011271,-0.006551,-0.00967061111111111,0.00138595595120942,0.191562,0.468898,0.349090722222222,0.0891597928617692
57.795792,"P20","Occ_MO_1.2",100,19,5081.291016,7316.797363,-148.332932,-0.005371,0.89722,27.7777,1.1,5.7,"{""type"":""M"",""msg"":""FADE0"",""time"":57.7004,""dist"":1.44389}",2.221238,3.321238,0,14.1,10.2,0.507522,10.2,1.1,0.007365,-0.010905,-0.00354,-0.00593891304347826,0.00207207173254744,0.507522,0.89722,0.633593173913043,0.122623502716705
59.214886,"P20","Occ_MO_1.2",100,20,5047.40332,7296.645508,-150.536957,-0.012614,1.246784,27.7774,-0.812752,8.1,"{""type"":""M"",""msg"":""FADE0"",""time"":59.1978,""dist"":1.4855}",0.913986000000001,0.101233999999998,0.101233999999998,0.2,8.1,1.094741,0.2,-0.812752,0.004679,-0.017293,-0.012614,-0.0148884,0.00184338210905932,1.094741,1.246784,1.1959533,0.0527344354584575
61.844368,"P20","Occ_MO_1.2",100,21,4982.691895,7262.747559,-153.7836,-0.006551,0.605924,27.7784,15.7,21,"{""type"":""M"",""msg"":""FADE0"",""time"":61.7864,""dist"":1.55742}",2.12462600000001,17.824626,0,-1.317608,5.7,1.229942,-1.317608,15.7,0.009888,-0.015951,-0.006063,-0.009638,0.00387494932685761,0.605924,1.229942,0.9373625,0.207758582723807
64.370247,"P20","Occ_MO_1.2",100,22,4919.235352,7232.77002,-155.545135,-0.004557,0.283933,27.7777,5,8.7,"{""type"":""M"",""msg"":""FADE0"",""time"":64.3417,""dist"":1.62843}",2.02199600000001,7.02199600000001,0,27.7,33.4,0.47927,27.7,5,0.002849,-0.007406,-0.004557,-0.00519857142857143,0.00100019900876918,0.259631,0.47927,0.323383,0.0708299524565702
68.407318,"P20","Occ_MO_1.2",100,23,4815.977051,7188.977539,-158.320435,-0.005371,1.660883,27.7778,-0.910988,2.5,"{""type"":""M"",""msg"":""FADE0"",""time"":68.3404,""dist"":1.73954}",3.53424100000001,2.62325300000001,2.62325300000001,5.5,11,0.356402,5.5,-0.910988,0.00354,-0.007568,-0.004028,-0.00553272222222222,0.00122119837188397,0.356402,1.660883,0.860213666666667,0.382983573046976
69.521729,"P20","Occ_MO_1.2",100,24,4787.075684,7177.871582,-160.513855,-0.024027,-1.409613,27.7742,-2.025399,5.5,"{""type"":""M"",""msg"":""FADE0"",""time"":69.5049,""dist"":1.77189}",0.608024999999998,-1.417374,0,-1.417374,9.8,-1.717185,-1.417374,-2.025399,0.007501,-0.024306,-0.016805,-0.0222974285714286,0.00287823365145725,-1.717185,-1.409613,-1.54264557142857,0.112799160983666
70.734207,"P20","Occ_MO_1.2",100,25,4755.04834,7167.441895,-163.442749,-0.010742,-1.753283,27.7782,-3.237877,6.5,"{""type"":""M"",""msg"":""FADE0"",""time"":70.7079,""dist"":1.80531}",0.707709999999992,-2.53016700000001,0,-2.530167,4.8,-1.411911,-2.530167,-3.237877,0.012169,-0.022911,-0.010742,-0.017585,0.00478384418045333,-1.753283,-1.411911,-1.56093675,0.122093370763936
72.246109,"P20","Occ_MO_1.2",100,26,4714.586914,7156.144043,-165.440796,-0.008586,0.81037,27.7798,7.1,4,"{""type"":""M"",""msg"":""FADE0"",""time"":72.239,""dist"":1.84786}",1.00831600000001,5.00831600000001,0,-3.741463,5,1.656909,-3.741463,4,0.006876,-0.015462,-0.008586,-0.0114006363636364,0.00276473927424368,0.81037,1.656909,1.24952190909091,0.283312684825602
73.763763,"P20","Occ_MO_1.2",100,27,4673.679199,7145.899902,-166.012314,0.001831,-0.357312,27.7784,5.9,7.7,"{""type"":""M"",""msg"":""FADE0"",""time"":73.6678,""dist"":1.88756}",1.012214,6.912214,0,8.4,3.5,0.354782,3.5,5.9,0.008382,-0.006551,0.001831,6.65454545454544e-05,0.0029909099405912,-0.357312,0.354782,-0.0398448181818182,0.239498257988996
75.988503,"P20","Occ_MO_1.2",100,28,4613.670898,7131.062988,-166.820419,-0.007406,-0.16827,27.7774,6.6,11.4,"{""type"":""M"",""msg"":""FADE0"",""time"":75.911,""dist"":1.94989}",1.41358199999999,8.01358199999999,0,4,5.6,-0.520949,4,6.6,0.012747,-0.008586,0.004161,-0.00511753333333333,0.00407676357747989,-0.520949,-0.16827,-0.365296,0.118976672262735
79.125877,"P20","Occ_MO_1.2",100,29,4528.440918,7112.767578,-168.44809,-0.001831,1.662367,27.778,-0.504768,1.5,"{""type"":""M"",""msg"":""FADE0"",""time"":79.0908,""dist"":2.03825}",2.633117,2.128349,2.128349,8,15.1,-0.012926,8,-0.504768,0.007731,-0.008423,-0.000692,-0.00310451851851852,0.00208145009309099,-0.012926,1.662367,0.639620555555556,0.508547240214813
80.33799,"P20","Occ_MO_1.2",100,30,4495.352051,7106.53125,-171.85463,-0.028073,-0.90967,27.7689,-1.716881,-0.405907,"{""type"":""M"",""msg"":""FADE0"",""time"":80.3161,""dist"":2.07229}",0.709029999999998,-1.007851,0,-1.007851,0.7,-1.473472,-1.007851,-1.716881,0.025155,-0.043628,-0.018473,-0.033142,0.00871197850253153,-1.473472,-0.90967,-1.136057625,0.203574202958695
81.855095,"P20","Occ_MO_1.2",100,31,4453.44873,7102.083984,-176.314407,-0.017131,-1.728679,27.7793,-3.233986,3.6,"{""type"":""M"",""msg"":""FADE0"",""time"":81.8316,""dist"":2.11439}",1.012917,-2.221069,0,-2.221069,-0.910095,-0.937853,-2.221069,-3.233986,0.013802,-0.030933,-0.017131,-0.0237260909090909,0.00501796820345736,-1.728679,-0.937853,-1.25768763636364,0.268467114548979
83.470779,"P20","Occ_MO_1.2",100,32,4408.610352,7099.770508,-176.973129,0.003672,0.176706,27.7807,5.1,6.8,"{""type"":""M"",""msg"":""FADE0"",""time"":83.4097,""dist"":2.15825}",1.10903099999999,6.20903099999999,0,-3.740639,4,1.365449,-3.740639,5.1,0.013397,-0.006714,0.006683,0.00168866666666667,0.00429133243417544,0.176706,1.365449,0.706997833333333,0.395177170296572
86.314552,"P20","Occ_MO_1.2",100,33,4329.683594,7096.008789,-178.197556,-0.008057,0.19913,27.7773,4,8.4,"{""type"":""M"",""msg"":""FADE0"",""time"":86.2999,""dist"":2.23856}",2.33553300000001,6.33553300000001,0,5.2,7.1,-0.070985,5.2,4,0.008545,-0.008057,0.000488,-0.00430475,0.00264705022455267,-0.17616,0.19913,-0.0670574583333333,0.114586871633625
88.642204,"P20","Occ_MO_1.2",100,34,4265.01709,7095.436523,179.252808,-0.007568,1.205742,27.778,-0.100563,4.5,"{""type"":""M"",""msg"":""FADE0"",""time"":88.551,""dist"":2.30111}",1.82060200000001,1.720039,1.720039,4,33,0.409686,4,-0.100563,0.005045,-0.011759,-0.006714,-0.00888752631578947,0.00177606679580411,0.409686,1.205742,0.792071052631579,0.243981469333334
90.062088,"P20","Occ_MO_1.2",100,35,4225.593262,7096.771973,176.39679,-0.015462,1.665418,27.7768,-1.520447,7.2,"{""type"":""M"",""msg"":""FADE0"",""time"":90.0455,""dist"":2.34263}",0.913650000000004,-0.606796999999996,0,-0.606797,7.5,1.47759,-0.606797,-1.520447,0.00717,-0.022632,-0.015462,-0.0191196,0.00267267968733837,1.47759,1.667124,1.6095925,0.0665265105924782
91.371048,"P20","Occ_MO_1.2",100,36,4189.352051,7099.790527,173.962952,-0.010417,1.312932,27.7782,-2.829407,7.2,"{""type"":""M"",""msg"":""FADE0"",""time"":91.3562,""dist"":2.37905}",0.803916999999998,-2.02549,0,-2.02549,5.3,1.613243,-2.02549,-2.829407,0.008748,-0.019165,-0.010417,-0.0155526666666667,0.00380535057517701,1.312932,1.613243,1.48112844444444,0.104991381796449
93.802872,"P20","Occ_MO_1.2",100,37,4122.297852,7108.123047,172.053665,-0.004557,0.48383,27.7782,5.4,9.1,"{""type"":""M"",""msg"":""FADE0"",""time"":93.7434,""dist"":2.44538}",1.92674299999999,7.32674299999999,0,18.3,23.4,1.061776,18.3,5.4,0.002686,-0.006877,-0.004191,-0.0052612,0.000745172364377249,0.48383,1.061776,0.71151285,0.182815511380729
95.823967,"P20","Occ_MO_1.2",100,38,4066.780029,7116.564453,170.536667,-0.006388,0.679217,27.7778,2.9,8.1,"{""type"":""M"",""msg"":""FADE0"",""time"":95.7956,""dist"":2.50241}",1.513733,4.413733,0,6.6,11.9,0.468303,6.6,2.9,0.001994,-0.006551,-0.004557,-0.0060956875,0.000558340841989311,0.468303,0.679217,0.546237625,0.069557495056368
97.337898,"P20","Occ_MO_1.2",100,39,4025.405273,7124.140137,168.53363,-0.008748,0.929275,27.7777,34.1,27,"{""type"":""M"",""msg"":""FADE0"",""time"":97.3232,""dist"":2.54485}",1.00990999999999,28.00991,0,10.3,8,0.812739,8,27,0.006714,-0.015462,-0.008748,-0.0117039090909091,0.00262747724840941,0.812739,0.929275,0.885433909090909,0.0377605588477039
100.262589,"P20","Occ_MO_1.2",100,40,3946.360352,7142.936523,165.051941,-0.004191,0.471623,27.7785,6.3,10,"{""type"":""M"",""msg"":""FADE0"",""time"":100.226,""dist"":2.62551}",2.42156300000001,8.72156300000001,0,11.3,8.5,0.956594,8.5,6.3,0.010091,-0.014282,-0.004191,-0.0096288,0.00394522340939014,0.471623,0.960371,0.76504096,0.173990555665502
102.793327,"P20","Occ_MO_1.2",100,41,3878.633545,7161.849609,163.895874,-0.004191,0.832461,27.7777,1,4.6,"{""type"":""M"",""msg"":""FADE0"",""time"":102.725,""dist"":2.69494}",2.02364300000001,3.02364300000001,0,11.3,17.8,0.417414,11.3,1,0.006023,-0.006877,-0.000854,-0.0031002380952381,0.00158674953615124,0.400492,0.832461,0.519609904761905,0.139389223415193
104.207253,"P20","Occ_MO_1.2",100,42,3841.051025,7173.28418,161.91275,-0.011434,1.465353,27.7773,-0.908333,12.5,"{""type"":""M"",""msg"":""FADE0"",""time"":104.156,""dist"":2.73472}",0.908332999999999,-9.99200722162641e-16,0,0,10.5,1.116631,0,-0.908333,0.004354,-0.015788,-0.011434,-0.0138267,0.0019911340180354,1.116631,1.465353,1.3122459,0.116989287064576
105.519386,"P20","Occ_MO_1.2",100,43,3806.649658,7185.338379,158.822784,-0.016317,1.37549,27.7756,-2.220466,4.1,"{""type"":""M"",""msg"":""FADE0"",""time"":105.508,""dist"":2.77228}",0.806578999999999,-1.413887,0,-1.413887,5.5,1.570302,-1.413887,-2.220466,0.012593,-0.02891,-0.016317,-0.022165,0.00455180922820805,1.37549,1.580903,1.51895622222222,0.0742262174551178
107.333061,"P20","Occ_MO_1.2",100,44,3759.901123,7204.162109,157.762604,-0.002035,0.377378,27.7789,5.7,8.6,"{""type"":""M"",""msg"":""FADE0"",""time"":107.257,""dist"":2.82087}",1.309326,7.009326,0,24.6,8.5,1.031002,8.5,5.7,0.005737,-0.006063,-0.000326,-0.00167142857142857,0.00146836349064506,0.377378,1.031002,0.652558714285714,0.212630544992746
108.953751,"P20","Occ_MO_1.2",100,45,3718.320557,7221.452637,156.767105,-0.006877,0.321563,27.7774,8.9,15,"{""type"":""M"",""msg"":""FADE0"",""time"":108.9,""dist"":2.86653}",1.113404,10.013404,0,3.7,6,0.289028,3.7,8.9,0.010417,-0.008911,0.001506,-0.0055915,0.00323843069458594,0.279191,0.321563,0.294416166666667,0.014570308319152
111.68206,"P20","Occ_MO_1.2",100,46,3649.403809,7253.010742,153.764725,-0.009766,0.386015,27.7776,13.7,8.9,"{""type"":""M"",""msg"":""FADE0"",""time"":111.674,""dist"":2.94359}",2.22216800000001,11.122168,0,13.5,23.6,0.360441,13.5,8.9,0.002685,-0.010579,-0.007894,-0.00943482608695652,0.000733956628157148,0.360441,0.421708,0.404352217391304,0.0178215988160345
114.722176,"P20","Occ_MO_1.2",100,47,3574.60083,7292.233398,150.709778,-0.009237,0.198634,27.7777,18,10.3,"{""type"":""M"",""msg"":""FADE0"",""time"":114.627,""dist"":3.02566}",2.532669,12.832669,0,8.8,13.1,0.335602,8.8,10.3,0.00468,-0.009237,-0.004557,-0.00791746153846154,0.00139207537815362,0.198634,0.335602,0.265291846153846,0.0365167397544658
117.447098,"P20","Occ_MO_1.2",100,48,3509.320312,7330.57959,148.455276,-0.007731,0.266786,27.7779,7.3,13.7,"{""type"":""M"",""msg"":""FADE0"",""time"":117.436,""dist"":3.10372}",2.219246,9.519246,0,13.4,18.2,0.150736,13.4,7.3,0.002848,-0.007731,-0.004883,-0.00611939130434783,0.000722877000673535,0.115029,0.266786,0.157828391304348,0.0460475253660815
121.181976,"P20","Occ_MO_1.2",100,49,3422.579102,7387.521484,145.133316,-0.006063,1.294852,27.778,-0.402969,4.1,"{""type"":""M"",""msg"":""FADE0"",""time"":121.179,""dist"":3.20771}",3.23058300000001,2.827614,2.827614,18.4,29.3,0.360128,18.4,-0.402969,0.003866,-0.009074,-0.005208,-0.00698269696969697,0.000952704619912715,0.360128,1.294852,0.749785666666667,0.277542620877257
122.300156,"P20","Occ_MO_1.2",100,50,3397.318604,7405.605469,142.937286,-0.017456,1.742261,27.7749,-1.521149,6.5,"{""type"":""M"",""msg"":""FADE0"",""time"":122.287,""dist"":3.23848}",0.609634999999997,-0.911514000000003,0,-0.911514,7.8,1.560881,-0.911514,-1.521149,0.005734,-0.02319,-0.017456,-0.0207807142857143,0.00242499963672064,1.560881,1.742261,1.67085957142857,0.067198750910656
123.415176,"P20","Occ_MO_1.2",100,51,3372.927246,7424.702637,140.68161,-0.013428,1.514298,27.7774,-2.636169,5.8,"{""type"":""M"",""msg"":""FADE0"",""time"":123.41,""dist"":3.26968}",0.608367999999999,-2.027801,0,-2.027801,5.3,1.715745,-2.027801,-2.636169,0.005737,-0.019165,-0.013428,-0.0170665714285714,0.00254114415550311,1.514298,1.715745,1.62804614285714,0.0734937380153996
124.930901,"P20","Occ_MO_1.2",100,52,3340.723877,7451.845703,139.316605,-0.003011,0.8016,27.7794,4.7,8,"{""type"":""M"",""msg"":""FADE0"",""time"":124.897,""dist"":3.31102}",1.01275700000001,5.71275700000001,0,-3.139137,7.2,1.263503,-3.139137,4.7,0.007243,-0.010254,-0.003011,-0.00559309090909091,0.00293189435193513,0.8016,1.263503,1.01556545454545,0.15583279922299
128.061935,"P20","Occ_MO_1.2",100,53,3276.106689,7510.08252,136.393738,-0.008586,0.52786,27.7778,7.2,14.8,"{""type"":""M"",""msg"":""FADE0"",""time"":127.968,""dist"":3.39635}",2.62736500000001,9.82736500000001,0,4.7,8.3,0.686223,4.7,7.2,0.0059,-0.010254,-0.004354,-0.00809892592592593,0.00149308400314779,0.50796,0.686223,0.565419259259259,0.0576404967706617
131.299393,"P20","Occ_MO_1.2",100,54,3212.890869,7574.058594,132.788345,-0.008748,1.043347,27.7777,0.9,11.2,"{""type"":""M"",""msg"":""FADE0"",""time"":131.264,""dist"":3.48794}",2.73275800000002,3.63275800000002,0,4.4,9,0.568125,4.4,0.9,0.003377,-0.010254,-0.006877,-0.00902735714285714,0.000769122742903103,0.568125,1.043347,0.783968928571429,0.146419576059105
133.219498,"P20","Occ_MO_1.2",100,55,3177.544189,7614.013184,129.996185,-0.013428,1.258494,27.7777,-1.516754,7.8,"{""type"":""M"",""msg"":""FADE0"",""time"":133.193,""dist"":3.54152}",1.41465799999997,-0.102096000000025,0,-0.102096,11.5,1.157975,-0.102096,-1.516754,0.002849,-0.014771,-0.011922,-0.0128662,0.0010754880752477,1.157975,1.263076,1.234801,0.0339844445949698
136.464691,"P20","Occ_MO_1.2",100,56,3122.573486,7685.458496,125.279129,-0.011597,0.085584,27.7779,6.1,3.1,"{""type"":""M"",""msg"":""FADE0"",""time"":136.405,""dist"":3.63077}",2.73814399999998,5.83814399999998,0,-2.023803,6.8,1.208937,-2.023803,3.1,0.005696,-0.014282,-0.008586,-0.0116982857142857,0.00189814127127416,0.085584,1.208937,0.722953214285714,0.353624023812628
138.085999,"P20","Occ_MO_1.2",100,57,3096.955078,7722.51416,124.020836,-0.008911,-0.669255,27.7778,9.2,2.3,"{""type"":""M"",""msg"":""FADE0"",""time"":138.004,""dist"":3.6752}",1.11764599999998,3.41764599999998,0,8.1,10.1,-0.214459,8.1,2.3,0.009399,-0.008911,0.000488,-0.00487608333333333,0.00357541952931486,-0.669255,-0.214459,-0.464091416666667,0.146061174794211
140.814377,"P20","Occ_MO_1.2",100,58,3054.576172,7785.37207,124.082886,-0.003377,0.289192,27.7776,1.4,3.5,"{""type"":""M"",""msg"":""FADE0"",""time"":140.753,""dist"":3.75159}",2.222061,3.622061,0,5.7,7.3,-0.834066,5.7,1.4,0.010223,-0.00354,0.006683,0.00213447826086957,0.00366995576973056,-0.888681,0.289192,-0.529288260869565,0.384600863853001
142.933105,"P20","Occ_MO_1.2",100,59,3022.845215,7834.945801,120.872314,-0.009928,-1.597602,27.7784,-1.309387,1.9,"{""type"":""M"",""msg"":""FADE0"",""time"":142.894,""dist"":3.81108}",1.613754,0.304366999999985,0.304366999999985,0.5,14.8,0.863705,0.5,-1.309387,0.009074,-0.019002,-0.009928,-0.0143227647058824,0.00345073523921736,-1.852259,1.831228,0.476421235294118,1.48824116206571
144.44577,"P20","Occ_MO_1.2",100,60,3002.57959,7871.740234,116.216103,-0.015951,-1.713921,27.7783,-2.822052,4.2,"{""type"":""M"",""msg"":""FADE0"",""time"":144.412,""dist"":3.85324}",1.009399,-1.812653,0,-1.812653,5,-1.301091,-1.812653,-2.822052,0.040372,-0.056323,-0.015951,-0.0314456363636364,0.0154679448943467,-1.713921,-1.239174,-1.39227890909091,0.16500652224167
146.563416,"P20","Occ_MO_1.2",100,61,2977.398926,7924.928223,115.175217,-0.001668,0.237184,27.7797,6.9,9.5,"{""type"":""M"",""msg"":""FADE0"",""time"":146.495,""dist"":3.91113}",1.613587,8.513587,0,-3.326111,4.4,1.520867,-3.326111,6.9,0.010416,-0.008748,0.001668,-0.000804235294117647,0.00298056910525095,0.237184,1.520867,0.778084823529412,0.412265609219383
149.585709,"P20","Occ_MO_1.2",100,62,2942.529297,8001.319824,113.504616,-0.006063,0.270188,27.7777,4.7,9.3,"{""type"":""M"",""msg"":""FADE0"",""time"":149.56,""dist"":3.99631}",2.51873800000001,7.21873800000001,0,4.8,7.1,0.091641,4.8,4.7,0.006552,-0.006226,0.000326,-0.00503161538461538,0.00175208620968086,0.047273,0.270188,0.105524730769231,0.0667411449488591
152.511917,"P20","Occ_MO_1.2",100,63,2912.150146,8076.724121,110.179962,-0.009766,0.789342,27.778,17.6,12.9,"{""type"":""M"",""msg"":""FADE0"",""time"":152.451,""dist"":4.07662}",2.42080700000002,15.320807,0,5.8,15.2,0.408739,5.8,12.9,0.003214,-0.011108,-0.007894,-0.00961592,0.00104382038365484,0.408739,0.789342,0.65584856,0.11962797874873
155.850586,"P20","Occ_MO_1.2",100,64,2883.17041,8164.830566,106.461235,-0.006063,0.399863,27.7778,9.3,13.8,"{""type"":""M"",""msg"":""FADE0"",""time"":155.77,""dist"":4.16884}",2.830963,12.130963,0,11.1,8.1,0.800424,8.1,9.3,0.005371,-0.011434,-0.006063,-0.00878614285714286,0.00156040105752254,0.399863,0.800424,0.638175928571429,0.131949891769265
12.903963,"P21","Occ_MO_1.2",100,1,5766.171387,8317.295898,-100.461914,-0.005046,0.130256,27.1784,4.6,8.2,"{""type"":""M"",""msg"":""FADE0"",""time"":12.8779,""dist"":0.196436}",0.505241,5.105241,0,7.5,12.7,0.039219,7.5,4.6,0.001994,-0.006551,-0.004557,-0.0051065,0.000783077454662053,0.039219,0.130256,0.0812031666666667,0.034050871503776
14.110735,"P21","Occ_MO_1.2",100,2,5759.82959,8284.694336,-101.986168,-0.014974,0.43983,27.6305,8.1,5.9,"{""type"":""M"",""msg"":""FADE0"",""time"":14.0395,""dist"":0.228391}",0.703827,6.603827,0,23.4,19.1,0.269523,19.1,5.9,0.005696,-0.015462,-0.009766,-0.0131735,0.00220965142693852,0.269523,0.43983,0.363796875,0.0607995374052832
15.119188,"P21","Occ_MO_1.2",100,3,5753.676758,8257.488281,-103.530724,-0.010254,0.415655,27.6964,11.8,7.8,"{""type"":""M"",""msg"":""FADE0"",""time"":15.0637,""dist"":0.256716}",0.502637,8.302637,0,9.7,6.7,0.459871,6.7,7.8,0.001668,-0.011922,-0.010254,-0.0108643333333333,0.000708462466660491,0.415655,0.459871,0.440472666666667,0.0167102934344872
16.938822,"P21","Occ_MO_1.2",100,4,5740.93457,8208.62207,-105.70742,-0.008423,0.017447,27.7732,14.8,6.9,"{""type"":""M"",""msg"":""FADE0"",""time"":16.8826,""dist"":0.307194}",1.316591,8.216591,0,8.5,5.4,0.342601,5.4,6.9,0.003499,-0.011922,-0.008423,-0.00942557142857143,0.00121381653120584,0.017447,0.342601,0.189448285714286,0.106087265476935
18.857105,"P21","Occ_MO_1.2",100,5,5726.044922,8157.444336,-106.582275,-0.002686,-0.092992,27.7779,4.2,6.8,"{""type"":""M"",""msg"":""FADE0"",""time"":18.7568,""dist"":0.359269}",1.413656,5.613656,0,5.9,8.2,-0.119047,5.9,4.2,0.001994,-0.002686,-0.000692,-0.00225446666666667,0.000663081105432022,-0.190247,-0.092992,-0.157836733333333,0.0307700322379391
20.573221,"P21","Occ_MO_1.2",100,6,5711.695801,8111.977539,-109.173988,-0.015137,0.226946,27.7768,6.3,4,"{""type"":""M"",""msg"":""FADE0"",""time"":20.5373,""dist"":0.408742}",1.310655,5.310655,0,5.6,11.4,0.03202,5.6,4,0.011393,-0.018799,-0.007406,-0.014942,0.00326192861781068,0.03202,0.256322,0.189842428571429,0.0753914822139582
22.495781,"P21","Occ_MO_1.2",100,7,5693.21875,8061.856445,-111.295204,-0.008586,-0.246466,27.7782,12,5,"{""type"":""M"",""msg"":""FADE0"",""time"":22.4687,""dist"":0.462409}",1.417273,6.417273,0,42.6,9,0.106394,9,5,0.003703,-0.009074,-0.005371,-0.00794553333333333,0.00133008344886792,-0.246466,0.106394,-0.0717039333333333,0.110435068685803
25.122309,"P21","Occ_MO_1.2",100,8,5666.202637,7994.060547,-111.869255,-0.000854,0.144228,27.7776,2.1,4.2,"{""type"":""M"",""msg"":""FADE0"",""time"":25.0718,""dist"":0.534739}",2.121172,4.221172,0,10,12.8,-0.381817,10,2.1,0.007172,-0.004191,0.002981,-7.63636363636363e-05,0.00153302103068402,-0.45519,0.144228,-0.283931590909091,0.187859087466836
26.538359,"P21","Occ_MO_1.2",100,9,5650.716309,7957.911621,-116.499046,-0.039861,0.64862,27.7676,2.8,1.8,"{""type"":""M"",""msg"":""FADE0"",""time"":26.4857,""dist"":0.574019}",0.909735000000001,2.709735,0,1.9,10.4,0.553639,1.9,1.8,0.030189,-0.045651,-0.015462,-0.0390606,0.00937005400435048,0.553639,0.814609,0.7238089,0.0863853531366542
27.450941,"P21","Occ_MO_1.2",100,10,5638.828125,7935.519043,-118.113632,0.017263,-0.598145,27.7834,4.7,5.8,"{""type"":""M"",""msg"":""FADE0"",""time"":27.4023,""dist"":0.599485}",0.406186999999999,5.106187,0,3.6,1.4,0.004561,1.4,4.7,0.020478,-0.003215,0.017263,0.0097736,0.00888954415591711,-0.598145,0.004561,-0.305301,0.23932341638983
28.35965,"P21","Occ_MO_1.2",100,11,5627.265625,7913.070312,-116.004562,0.010223,-1.053933,27.781,3.4,4.6,"{""type"":""M"",""msg"":""FADE0"",""time"":28.3506,""dist"":0.625838}",0.403829999999999,3.80383,0,3.1,4,-1.029389,3.1,3.4,0.016036,0.010223,0.026259,0.0179234,0.00732350962995202,-1.073183,-1.029389,-1.057472,0.0174830252816839
29.571835,"P21","Occ_MO_1.2",100,12,5612.52832,7882.779785,-116.437546,-0.010417,-0.331732,27.7793,8.8,24.2,"{""type"":""M"",""msg"":""FADE0"",""time"":29.5262,""dist"":0.658507}",0.708907,9.508907,0,3.5,5.2,-0.824681,3.5,8.8,0.011068,-0.010417,0.000651,-0.007100625,0.00490611693814103,-0.824681,-0.331732,-0.579944625,0.173790386983809
31.391529,"P21","Occ_MO_1.2",100,13,5588.989746,7838.037598,-119.315437,-0.012248,0.465843,27.778,11.4,8.4,"{""type"":""M"",""msg"":""FADE0"",""time"":31.326,""dist"":0.708516}",1.312792,9.712792,0,10.3,8,-0.009468,8,8.4,0.002889,-0.015137,-0.012248,-0.0137415714285714,0.000992277544477715,-0.009468,0.465843,0.268395428571429,0.153382073930387
33.109924,"P21","Occ_MO_1.2",100,14,5564.708008,7796.931641,-122.076027,-0.012939,0.375152,27.7777,7,4.4,"{""type"":""M"",""msg"":""FADE0"",""time"":33.0514,""dist"":0.756459}",1.212232,5.612232,0,9.5,6.9,0.530858,6.9,4.4,0.002198,-0.015137,-0.012939,-0.0139286153846154,0.00087581262631356,0.375152,0.539604,0.490553,0.0560053993498246
34.72271,"P21","Occ_MO_1.2",100,15,5540.519043,7759.20752,-122.732529,0.000326,0.038958,27.7786,3.4,5.6,"{""type"":""M"",""msg"":""FADE0"",""time"":34.6341,""dist"":0.800437}",1.109734,4.509734,0,12.7,15.9,0.193808,12.7,3.4,0.007894,-0.005697,0.002197,0.00019325,0.00247015649577843,0.013702,0.193808,0.0669006666666667,0.0605485485815584
36.033592,"P21","Occ_MO_1.2",100,16,5520.578613,7728.729004,-124.510033,-0.019328,0.378221,27.7757,5.8,4,"{""type"":""M"",""msg"":""FADE0"",""time"":35.9399,""dist"":0.83672}",0.805838999999999,4.805839,0,4.7,10.4,0.183955,4.7,4,0.011271,-0.019328,-0.008057,-0.016656,0.0041633477515096,0.183955,0.378221,0.305087777777778,0.0702494794834413
38.156281,"P21","Occ_MO_1.2",100,17,5485.985352,7680.962402,-126.67762,-0.004028,0.038117,27.7786,5.2,8.1,"{""type"":""M"",""msg"":""FADE0"",""time"":38.1104,""dist"":0.89703}",1.618779,6.818779,0,7.3,4.5,0.302338,4.5,5.2,0.008749,-0.012777,-0.004028,-0.00518429411764706,0.00234530876871005,0.034858,0.302338,0.122341823529412,0.0903400360639147
39.975208,"P21","Occ_MO_1.2",100,18,5455.108887,7640.956543,-129.230545,-0.014445,0.093444,27.7772,6.8,4.1,"{""type"":""M"",""msg"":""FADE0"",""time"":39.923,""dist"":0.947393}",1.315151,5.415151,0,10.2,17,0.093149,10.2,4.1,0.005697,-0.014445,-0.008748,-0.013884,0.00157021115679487,0.093149,0.158127,0.1326905,0.0231273009524707
42.204491,"P21","Occ_MO_1.2",100,19,5415.035156,7593.725586,-131.022812,-0.004191,-0.207119,27.7781,4.9,7.5,"{""type"":""M"",""msg"":""FADE0"",""time"":42.1376,""dist"":1.00893}",1.723133,6.623133,0,20.4,24.9,-0.043139,20.4,4.9,0.003866,-0.008057,-0.004191,-0.00448038888888889,0.000934863886845622,-0.250102,-0.043139,-0.193560111111111,0.0641964978647946
43.926136,"P21","Occ_MO_1.2",100,20,5383.15625,7558.063965,-133.240494,-0.014282,0.231834,27.7767,9.4,6.5,"{""type"":""M"",""msg"":""FADE0"",""time"":43.9147,""dist"":1.05831}",1.218361,7.718361,0,4.5,7.8,-0.080259,4.5,6.5,0.008586,-0.015137,-0.006551,-0.0133683846153846,0.00283344600379295,-0.080259,0.231834,0.104476615384615,0.105197801427072
46.346802,"P21","Occ_MO_1.2",100,21,5335.642578,7510.473145,-136.8526,-0.011759,0.066119,27.778,9.1,5.1,"{""type"":""M"",""msg"":""FADE0"",""time"":46.2676,""dist"":1.12368}",1.915985,7.015985,0,14.5,10,0.253945,10,5.1,0.001017,-0.012451,-0.011434,-0.012272,0.000372469567813759,0.066119,0.255273,0.19711535,0.0607940725532341
48.473911,"P21","Occ_MO_1.2",100,22,5292.030273,7470.583984,-137.959412,-0.002035,0.1084,27.778,2.7,5.1,"{""type"":""M"",""msg"":""FADE0"",""time"":48.3834,""dist"":1.18248}",1.619426,4.319426,0,6.9,9.5,-0.057521,6.9,2.7,0.002523,-0.004191,-0.001668,-0.00251317647058824,0.000765412979646782,-0.127081,0.1084,-0.0615744705882353,0.0712704299535558
50.391602,"P21","Occ_MO_1.2",100,23,5251.621582,7435.870117,-141.586624,-0.018148,0.640369,27.7769,5.8,4,"{""type"":""M"",""msg"":""FADE0"",""time"":50.3266,""dist"":1.23647}",1.410263,5.410263,0,10,8,0.386009,8,4,0.002849,-0.019491,-0.016642,-0.0188776,0.000763772198648636,0.386009,0.687827,0.605161733333333,0.0964909807091291
53.225891,"P21","Occ_MO_1.2",100,24,5188.511719,7388.768555,-144.214432,-0.004354,-0.262463,27.7781,6.7,9.7,"{""type"":""M"",""msg"":""FADE0"",""time"":53.1592,""dist"":1.31517}",2.329582,9.02958199999999,0,5.5,3.4,0.457107,3.4,6.7,0.012614,-0.015625,-0.003011,-0.005318625,0.00322859042890372,-0.262463,0.457107,-0.0100662916666667,0.232456807015183
56.664421,"P21","Occ_MO_1.2",100,25,5109.697266,7334.787598,-147.405167,-0.008586,0.42784,27.7779,9.5,1e+06,"{""type"":""M"",""msg"":""FADE0"",""time"":56.6036,""dist"":1.41088}",2.931377,12.431377,0,4.4,6.6,-0.232313,4.4,9.5,0.007406,-0.008586,-0.00118,-0.008019,0.00190176148836301,-0.232313,0.42784,0.0933771666666667,0.203859062740885
59.292141,"P21","Occ_MO_1.2",100,26,5046.797852,7297.748047,-151.508621,-0.008911,-0.029627,27.7784,8.8,4,"{""type"":""M"",""msg"":""FADE0"",""time"":59.222,""dist"":1.48363}",2.125176,6.125176,0,6.4,4.7,0.531559,4.7,4,0.014558,-0.023469,-0.008911,-0.0130738636363636,0.00388074375904628,-0.029627,0.547308,0.339706772727273,0.191130789222342
62.323948,"P21","Occ_MO_1.2",100,27,4972.405762,7258.219727,-152.299591,-0.001506,0.081675,27.7777,2.4,4.6,"{""type"":""M"",""msg"":""FADE0"",""time"":62.3207,""dist"":1.56974}",2.528145,4.928145,0,5.6,7.4,-0.253752,5.6,2.4,0.005574,-0.003377,0.002197,-0.000992230769230769,0.000929802745003146,-0.43138,0.081675,-0.292348730769231,0.147767511266464
64.856041,"P21","Occ_MO_1.2",100,28,4908.838379,7228.161621,-157.973053,-0.015951,0.207658,27.7786,3.9,2.2,"{""type"":""M"",""msg"":""FADE0"",""time"":64.7726,""dist"":1.63786}",2.02797700000001,4.22797700000001,0,2.9,12.5,0.44017,2.9,2.2,0.014529,-0.027794,-0.013265,-0.020903,0.00379768204303625,0.207658,0.77531,0.598494619047619,0.168420832859975
67.687935,"P21","Occ_MO_1.2",100,29,4835.879395,7198.683594,-157.616425,0.000854,-0.396486,27.7778,2.9,4.7,"{""type"":""M"",""msg"":""FADE0"",""time"":67.6091,""dist"":1.71668}",2.32493599999999,5.22493599999999,0,5.1,6.4,-0.260519,5.1,2.9,0.009044,0.000854,0.009898,0.0032945,0.00210143812041017,-0.748947,-0.260519,-0.597804916666667,0.142676209289766
70.013329,"P21","Occ_MO_1.2",100,30,4775.524902,7175.658691,-161.311539,-0.014119,0.672458,27.7777,8.2,5.9,"{""type"":""M"",""msg"":""FADE0"",""time"":69.9745,""dist"":1.7824}",1.822182,7.722182,0,12.1,9.9,-0.020229,9.9,5.9,0.003012,-0.017131,-0.014119,-0.0155371052631579,0.000799535760769047,-0.020229,0.672458,0.441257263157895,0.223061237134022
73.550346,"P21","Occ_MO_1.2",100,31,4681.199707,7148.132812,-165.477554,-0.006388,-0.558045,27.7779,16.4,19.6,"{""type"":""M"",""msg"":""FADE0"",""time"":73.4939,""dist"":1.88019}",3.03112,19.43112,0,5.2,3.6,0.642591,3.6,16.4,0.018197,-0.024585,-0.006388,-0.00903948387096774,0.0047194295479501,-0.558045,0.642591,0.0323486129032258,0.386732046343087
76.385559,"P21","Occ_MO_1.2",100,32,4604.897461,7128.538574,-165.944382,-0.00236,0.432914,27.7778,1.4,3.6,"{""type"":""M"",""msg"":""FADE0"",""time"":76.2959,""dist"":1.95805}",2.329651,3.729651,0,4,5.4,-0.667445,4,1.4,0.009369,-0.00236,0.007009,-0.00118954166666667,0.00232570940984852,-0.669555,0.432914,-0.280664666666667,0.352972521015406
77.696396,"P21","Occ_MO_1.2",100,33,4569.351074,7120.674316,-169.923172,-0.019979,0.967556,27.7757,5.3,3.8,"{""type"":""M"",""msg"":""FADE0"",""time"":77.6929,""dist"":1.99686}",0.806769999999986,4.60676999999999,0,4.2,3.3,0.899111,3.3,3.8,0.029439,-0.049418,-0.019979,-0.031789,0.012002767566274,0.899111,1.052614,1.00285033333333,0.0503458755957228
78.705292,"P21","Occ_MO_1.2",100,34,4541.674805,7116.210938,-171.250351,0.002492,0.392611,27.7822,4.6,6.7,"{""type"":""M"",""msg"":""FADE0"",""time"":78.6292,""dist"":2.02288}",0.504845000000003,5.104845,0,6.6,4,0.703037,4,4.6,0.014089,-0.011597,0.002492,-0.0026095,0.00528445685950789,0.392611,0.703037,0.543054666666667,0.116752269347823
81.740501,"P21","Occ_MO_1.2",100,35,4458.088867,7105.024902,-173.830688,-0.007039,-0.343471,27.7779,11.4,14.8,"{""type"":""M"",""msg"":""FADE0"",""time"":81.6634,""dist"":2.10719}",2.531082,13.931082,0,8.9,12.1,0.204872,8.9,11.4,0.00354,-0.008748,-0.005208,-0.00778738461538462,0.000888255462214472,-0.343471,0.204872,-0.0969219615384615,0.172891378515293
84.974152,"P21","Occ_MO_1.2",100,36,4368.600098,7097.063477,-176.262787,-0.006388,0.434366,27.7777,2.3,5.7,"{""type"":""M"",""msg"":""FADE0"",""time"":84.9488,""dist"":2.19848}",2.72783700000001,5.02783700000001,0,4.2,6,-0.379957,4.2,2.3,0.009074,-0.007243,0.001831,-0.00608314285714286,0.00193956382485543,-0.379957,0.434366,-0.0683175,0.255977169774456
86.286659,"P21","Occ_MO_1.2",100,37,4332.172363,7095.727051,179.840683,-0.014974,0.488406,27.7766,5.6,3.4,"{""type"":""M"",""msg"":""FADE0"",""time"":86.1972,""dist"":2.23316}",0.808516999999995,4.208517,0,3.6,2.8,0.705706,2.8,3.4,0.042465,-0.057439,-0.014974,-0.0312842222222222,0.0161831877868498,0.488406,0.745498,0.660843111111111,0.0908838392543532
89.521988,"P21","Occ_MO_1.2",100,38,4242.277832,7096.893066,179.404861,0.000326,0.680739,27.7776,0.7,2.6,"{""type"":""M"",""msg"":""FADE0"",""time"":89.464,""dist"":2.32394}",2.73011799999999,3.43011799999999,0,15.4,18.3,0.147435,15.4,0.7,0.009043,-0.0059,0.003143,0.00139835714285714,0.00177270643084158,-0.24208,0.680739,0.0153641785714286,0.262656282820421
90.53717,"P21","Occ_MO_1.2",100,39,4214.092285,7097.67041,175.512756,-0.046767,1.506772,27.7609,-0.610069,2.7,"{""type"":""M"",""msg"":""FADE0"",""time"":90.4699,""dist"":2.35189}",0.50842200000001,-0.10164699999999,0,-0.101647,3.7,1.26977,-0.101647,-0.610069,0.012137,-0.058904,-0.046767,-0.0519868333333333,0.00469721140323348,1.26977,1.509307,1.42954516666667,0.0950916406597691
91.346329,"P21","Occ_MO_1.2",100,40,4191.748047,7100.071289,172.684677,-0.002035,0.799786,27.7818,11.6,13.7,"{""type"":""M"",""msg"":""FADE0"",""time"":91.2916,""dist"":2.37471}",0.302277000000004,11.902277,0,4.3,2.8,1.156239,2.8,11.6,0.013753,-0.015788,-0.002035,-0.00743625,0.00593301842095011,0.799786,1.156239,0.979064,0.153555108125172
92.558914,"P21","Occ_MO_1.2",100,41,4158.31543,7104.321289,172.802979,-0.001343,-0.1455,27.7838,7,9.1,"{""type"":""M"",""msg"":""FADE0"",""time"":92.4993,""dist"":2.40827}",0.705664999999996,7.705665,0,5.5,7.2,0.2814,5.5,7,0.007375,-0.001343,0.006032,0.00104125,0.0031047562476212,-0.1455,0.2814,0.047256375,0.149103741130546
94.374283,"P21","Occ_MO_1.2",100,42,4108.288086,7110.802734,172.579865,-0.000488,-0.197028,27.778,3.2,5.2,"{""type"":""M"",""msg"":""FADE0"",""time"":94.3565,""dist"":2.45988}",1.313812,4.513812,0,8.5,11.3,-0.309929,8.5,3.2,0.005534,-0.004191,0.001343,8.14285714285714e-05,0.00155838450445847,-0.379257,-0.197028,-0.326251071428571,0.0556270493464691
96.498703,"P21","Occ_MO_1.2",100,43,4049.917969,7119.528809,169.510254,-0.015788,0.756171,27.7768,7.8,5.8,"{""type"":""M"",""msg"":""FADE0"",""time"":96.4659,""dist"":2.51849}",1.61880500000001,7.41880500000001,0,3.4,8.1,0.080474,3.4,5.8,0.008219,-0.016805,-0.008586,-0.0148351764705882,0.00270830907198786,0.080474,0.756171,0.499366411764706,0.22264025124572
98.826469,"P21","Occ_MO_1.2",100,44,3986.675293,7133.060059,166.93454,-0.004028,0.45765,27.7785,4.7,8.3,"{""type"":""M"",""msg"":""FADE0"",""time"":98.7347,""dist"":2.58154}",1.822013,6.522013,0,7,5,0.742969,5,4.7,0.011597,-0.015625,-0.004028,-0.00718063157894737,0.00388572641872399,0.45765,0.742969,0.571477578947368,0.0992742559116555
100.647346,"P21","Occ_MO_1.2",100,45,3937.58252,7145.28125,164.716171,-0.011759,0.438777,27.7773,9,5.9,"{""type"":""M"",""msg"":""FADE0"",""time"":100.619,""dist"":2.63388}",1.31398,7.21398,0,21.5,15.9,0.479644,15.9,5.9,0.002522,-0.011759,-0.009237,-0.011268,0.000953150726638923,0.438777,0.498182,0.4818195,0.0182023381665864
103.078232,"P21","Occ_MO_1.2",100,46,3872.870117,7164.617188,162.288071,-0.006063,-0.126311,27.7779,12.1,16.3,"{""type"":""M"",""msg"":""FADE0"",""time"":103.033,""dist"":2.70095}",1.924042,14.024042,0,7.8,4.9,0.333944,4.9,12.1,0.005696,-0.011759,-0.006063,-0.00694185,0.00152399672865376,-0.126311,0.333944,0.0788632,0.146839972833156
106.208168,"P21","Occ_MO_1.2",100,47,3790.645752,7192.919922,159.567139,-0.007406,-0.188302,27.7778,14.6,21.4,"{""type"":""M"",""msg"":""FADE0"",""time"":106.156,""dist"":2.78775}",2.624039,17.224039,0,11.8,16.1,-0.181548,11.8,14.6,0.00118,-0.007406,-0.006226,-0.00711340740740741,0.00030572074478055,-0.227949,-0.181548,-0.212825888888889,0.0138131895089533
109.239853,"P21","Occ_MO_1.2",100,48,3712.436279,7224.192383,156.827225,-0.007039,0.151375,27.7778,7.1,13.1,"{""type"":""M"",""msg"":""FADE0"",""time"":109.176,""dist"":2.87166}",2.52665,9.62665,0,29.4,37,-0.158227,29.4,7.1,0.00118,-0.008057,-0.006877,-0.00706111538461538,0.000241736439441484,-0.158227,0.151375,-0.0341384615384615,0.096080865397531
112.073799,"P21","Occ_MO_1.2",100,49,3640.850098,7256.975098,154.168671,-0.005534,0.619909,27.7778,2.8,7.4,"{""type"":""M"",""msg"":""FADE0"",""time"":112.058,""dist"":2.95172}",2.327675,5.127675,0,9.6,6.9,0.251734,6.9,2.8,0.007568,-0.013102,-0.005534,-0.00726491666666667,0.00220867676137362,0.251734,0.619909,0.403090958333333,0.107931859672214
113.689583,"P21","Occ_MO_1.2",100,50,3600.835938,7277.320312,151.376678,-0.015462,0.760627,27.7772,6.4,4.4,"{""type"":""M"",""msg"":""FADE0"",""time"":113.624,""dist"":2.99526}",1.10990200000001,5.50990200000001,0,8.9,6.9,0.772577,6.9,4.4,0.004191,-0.019653,-0.015462,-0.0171949166666667,0.0018647305171298,0.760627,0.854215,0.818340333333333,0.0320842227025097
116.926804,"P21","Occ_MO_1.2",100,51,3523.085693,7322.54248,148.958191,-0.003703,-0.097738,27.7778,5.1,7.9,"{""type"":""M"",""msg"":""FADE0"",""time"":116.921,""dist"":3.08687}",2.73129300000001,7.83129300000001,0,5.1,3.3,0.566791,3.3,5.1,0.014119,-0.016642,-0.002523,-0.00422167857142857,0.00300582827746328,-0.132882,0.566791,0.0680725714285714,0.224096059383839
120.458984,"P21","Occ_MO_1.2",100,52,3440.423584,7375.422852,145.659256,-0.007568,0.805858,27.7778,1.9,7.9,"{""type"":""M"",""msg"":""FADE0"",""time"":120.452,""dist"":3.18496}",3.02758,4.92758,0,8,13.8,-0.004317,8,1.9,0.000489,-0.008057,-0.007568,-0.00780461290322581,0.000205486524687039,-0.004317,0.805858,0.369634677419355,0.243130653545289
122.173508,"P21","Occ_MO_1.2",100,53,3401.835693,7403.341797,142.063293,-0.017131,0.812937,27.7774,5.5,3.7,"{""type"":""M"",""msg"":""FADE0"",""time"":122.141,""dist"":3.23191}",1.210396,4.910396,0,5.7,4.4,0.979496,4.4,3.7,0.00864,-0.025771,-0.017131,-0.0192983076923077,0.00271681226760994,0.812937,1.026879,0.964704538461538,0.0689037613409885
126.319847,"P21","Occ_MO_1.2",100,54,3313.003906,7476.699219,139.658585,-0.003215,0.121035,27.7777,2.4,4.7,"{""type"":""M"",""msg"":""FADE0"",""time"":126.241,""dist"":3.34583}",3.64199099999999,6.04199099999999,0,4.9,3,0.511548,3,2.4,0.013468,-0.015299,-0.001831,-0.00287927027027027,0.00239719115318844,-0.35708,0.511548,-0.108460513513513,0.242865274843507
129.050339,"P21","Occ_MO_1.2",100,55,3257.441895,7528.302246,133.815842,-0.018636,0.479446,27.7779,4.7,2.9,"{""type"":""M"",""msg"":""FADE0"",""time"":129.029,""dist"":3.4233}",2.22440400000001,5.12440400000001,0,9.6,7.7,0.456264,7.7,2.9,0.001343,-0.019491,-0.018148,-0.019110347826087,0.000401586808083729,0.456264,0.827012,0.695971782608696,0.119545789214828
130.36554,"P21","Occ_MO_1.2",100,56,3232.486084,7554.999023,133.121353,0.003835,-0.322123,27.7793,4.2,5.8,"{""type"":""M"",""msg"":""FADE0"",""time"":130.279,""dist"":3.45803}",0.810151000000019,5.01015100000002,0,19.3,3.7,0.110543,3.7,4.2,0.012746,-0.006063,0.006683,0.00361133333333333,0.00393984542844006,-0.322123,0.110543,-0.145331222222222,0.151501879710103
134.307114,"P21","Occ_MO_1.2",100,57,3160.609863,7637.5625,127.712227,-0.01359,-0.696271,27.7779,4.1,1.2,"{""type"":""M"",""msg"":""FADE0"",""time"":134.239,""dist"":3.56806}",3.43429600000002,4.63429600000002,0,3.5,5.3,-0.310499,3.5,1.2,0.016316,-0.015299,0.001017,-0.0135569428571429,0.00273564427235596,-0.696271,-0.08705,-0.250623714285714,0.170956706863183
135.322525,"P21","Occ_MO_1.2",100,58,3143.438477,7659.949219,128.169525,0.013234,-1.104631,27.7772,3.3,4.3,"{""type"":""M"",""msg"":""FADE0"",""time"":135.317,""dist"":3.59801}",0.507874000000015,3.80787400000002,0,4,5,-1.003835,4,3.3,0.004192,0.013234,0.017426,0.0152215,0.00180626529059272,-1.112443,-1.003835,-1.07744633333333,0.0423174877972058
136.332748,"P21","Occ_MO_1.2",100,59,3125.944092,7681.900391,128.270401,-0.011597,-0.444714,27.7779,21,18.2,"{""type"":""M"",""msg"":""FADE0"",""time"":136.31,""dist"":3.62559}",0.503769000000005,18.703769,0,3,4.4,-0.865427,3,18.2,0.015066,-0.012248,0.002818,-0.0081295,0.00595247342707214,-0.865427,-0.444714,-0.656066166666667,0.158054209412362
137.545639,"P21","Occ_MO_1.2",100,60,3105.498291,7708.687012,126.065971,-0.014974,0.311282,27.7772,9.5,7.2,"{""type"":""M"",""msg"":""FADE0"",""time"":137.459,""dist"":3.65753}",0.707641999999993,7.90764199999999,0,9.4,7.3,-0.056877,7.3,7.2,0.002686,-0.01766,-0.014974,-0.0165305,0.000917588609967919,-0.056877,0.311282,0.143697,0.129352721565051
139.366867,"P21","Occ_MO_1.2",100,61,3076.894775,7750.421387,122.542107,-0.015299,0.296708,27.7781,5.5,3.4,"{""type"":""M"",""msg"":""FADE0"",""time"":139.302,""dist"":3.70874}",1.31546,4.71546,0,7.1,5.2,0.454866,5.2,3.4,0.003012,-0.018311,-0.015299,-0.0165260714285714,0.0011899403000077,0.296708,0.493083,0.436169357142857,0.0630766318409686
141.587814,"P21","Occ_MO_1.2",100,62,3044.745361,7803.095215,120.434845,-0.006551,-0.649133,27.7781,20.4,4,"{""type"":""M"",""msg"":""FADE0"",""time"":141.526,""dist"":3.77053}",1.71734600000002,5.71734600000002,0,18.4,21.9,0.054907,18.4,4,0.000651,-0.006551,-0.0059,-0.00633388888888889,0.000230114776703967,-0.649133,0.054907,-0.322824444444444,0.221039137436902
144.411789,"P21","Occ_MO_1.2",100,63,3005.399902,7870.983887,119.757423,-0.003011,-0.025367,27.7775,2.5,4.8,"{""type"":""M"",""msg"":""FADE0"",""time"":144.366,""dist"":3.84944}",2.31892400000001,4.81892400000001,0,7.4,9.4,-0.792578,7.4,2.5,0.006154,-0.003011,0.003143,-0.000932666666666666,0.00197285250702954,-0.841587,-0.025367,-0.589818,0.262331168834689
146.740845,"P21","Occ_MO_1.2",100,64,2975.17041,7928.176758,115.090912,-0.018473,0.820738,27.7774,5.3,3.7,"{""type"":""M"",""msg"":""FADE0"",""time"":146.732,""dist"":3.91518}",1.82414300000002,5.52414300000002,0,3.1,11,0.388068,3.1,3.7,0.005984,-0.020592,-0.014608,-0.0190220526315789,0.00131680659482975,0.388068,0.917227,0.778480157894737,0.162514262523243
148.351318,"P21","Occ_MO_1.2",100,65,2956.837158,7968.998047,114.072166,0.001668,0.119363,27.7794,4,6.1,"{""type"":""M"",""msg"":""FADE0"",""time"":148.345,""dist"":3.96}",1.107315,5.107315,0,7.2,4.2,0.573729,4.2,4,0.012583,-0.009928,0.002655,0.000256,0.00362048424686784,0.119363,0.573729,0.29944725,0.153922086121592
152.288528,"P21","Occ_MO_1.2",100,66,2914.769531,8069.960449,110.449776,-0.008586,0.674128,27.7778,41.5,46.9,"{""type"":""M"",""msg"":""FADE0"",""time"":152.198,""dist"":4.06706}",3.43360900000002,44.933609,0,3.5,6,0.138115,3.5,41.5,0.00822,-0.009237,-0.001017,-0.00860445714285714,0.00174303189776856,0.138115,0.674128,0.467675457142857,0.167468330507652
155.010239,"P21","Occ_MO_1.2",100,67,2889.984131,8141.40332,108.256172,-0.003866,0.839558,27.7782,1.5,5.5,"{""type"":""M"",""msg"":""FADE0"",""time"":154.964,""dist"":4.14391}",2.2193,3.7193,0,8.8,6.3,0.692335,6.3,1.5,0.010213,-0.013428,-0.003215,-0.005596,0.00284172687575067,0.659955,0.839558,0.702041260869565,0.0507995713575486
156.942841,"P21","Occ_MO_1.2",100,68,2874.362549,8192.769531,105.005173,-0.011434,1.042906,27.7775,9.3,6.4,"{""type"":""M"",""msg"":""FADE0"",""time"":156.864,""dist"":4.19671}",1.430939,0.408981000000011,0.408981000000011,1.1,8.1,1.019846,1.1,6.4,0.007039,-0.018473,-0.011434,-0.0161160714285714,0.00194189730633513,1.019846,1.158216,1.11337692857143,0.0440839061571389
14.02694,"P22","Occ_MO_1.2",100,1,5760.887207,8291.038086,-102.499588,-0.009074,0.133131,27.5952,12.8,6.9,"{""type"":""M"",""msg"":""FADE0"",""time"":14.0025,""dist"":0.223296}",1.115661,8.015661,0,7.7,5.1,0.382406,5.1,6.9,0.004679,-0.013265,-0.008586,-0.00979283333333333,0.001758239968798,0.133131,0.382406,0.26280825,0.0826440211114952
16.345924,"P22","Occ_MO_1.2",100,2,5745.84082,8228.612305,-104.600838,-0.008057,-0.307648,27.7583,53,17.2,"{""type"":""M"",""msg"":""FADE0"",""time"":16.3165,""dist"":0.287372}",1.815606,19.015606,0,13.4,6.5,0.007735,6.5,17.2,0.003051,-0.008748,-0.005697,-0.00687242105263158,0.000806685352110686,-0.307648,0.007735,-0.176418210526316,0.0987517709217178
18.471533,"P22","Occ_MO_1.2",100,3,5729.986328,8171.73291,-106.689041,-0.009766,-0.460757,27.7775,11.4,5.5,"{""type"":""M"",""msg"":""FADE0"",""time"":18.4103,""dist"":0.345538}",1.61812,7.11812,0,40.9,47.1,-0.359303,40.9,5.5,0.002727,-0.009766,-0.007039,-0.00794888235294118,0.000908194698450788,-0.460757,-0.359303,-0.418070882352941,0.0306112879075725
19.890104,"P22","Occ_MO_1.2",100,4,5718.334473,8134.078613,-107.665474,-0.006877,-0.421488,27.7779,10,15,"{""type"":""M"",""msg"":""FADE0"",""time"":19.8128,""dist"":0.384509}",0.909074,10.909074,0,7,9.5,-0.497228,7,10,0.008545,-0.006877,0.001668,-0.0037801,0.00314173867114656,-0.50386,-0.421488,-0.4762721,0.0294407833321587
22.115877,"P22","Occ_MO_1.2",100,5,5698.490723,8075.508789,-110.087158,-0.010579,-0.059464,27.7776,12,7.7,"{""type"":""M"",""msg"":""FADE0"",""time"":22.0379,""dist"":0.446334}",1.717802,9.417802,0,10.9,17.4,-0.331181,10.9,7.7,0.003173,-0.010579,-0.007406,-0.009318,0.00131578448977384,-0.331181,-0.059464,-0.177595166666667,0.0891466470408038
24.13838,"P22","Occ_MO_1.2",100,6,5678.134766,8023.132812,-112.471886,-0.009074,-0.12742,27.7779,14,7.4,"{""type"":""M"",""msg"":""FADE0"",""time"":24.1042,""dist"":0.50375}",1.514875,8.914875,0,14.6,9.1,-0.041701,9.1,7.4,0.000487999999999999,-0.009562,-0.009074,-0.0094399375,0.000151404741779553,-0.12742,-0.041296,-0.06980625,0.0287771702187689
26.766708,"P22","Occ_MO_1.2",100,7,5648.814941,7956.252441,-114.974831,-0.008911,-0.351721,27.7777,16.8,7.8,"{""type"":""M"",""msg"":""FADE0"",""time"":26.7137,""dist"":0.576258}",2.123693,9.923693,0,21.2,26.2,-0.193535,21.2,7.8,0.00236,-0.008911,-0.006551,-0.00741854545454545,0.000859133934193684,-0.351721,-0.193535,-0.288518409090909,0.0467271290698497
28.993662,"P22","Occ_MO_1.2",100,8,5621.828613,7900.572266,-116.872765,-0.007894,-0.283415,27.7778,16.3,23,"{""type"":""M"",""msg"":""FADE0"",""time"":28.8926,""dist"":0.6368}",1.721569,18.021569,0,7.2,9.8,-0.384089,7.2,16.3,0.004354,-0.007894,-0.00354,-0.00663483333333333,0.00127659092208622,-0.389109,-0.283415,-0.351768,0.0359558901449769
31.107725,"P22","Occ_MO_1.2",100,9,5594.384766,7848.640625,-119.027298,-0.009562,-0.039901,27.7776,20.5,12.9,"{""type"":""M"",""msg"":""FADE0"",""time"":31.0834,""dist"":0.697674}",1.711803,14.611803,0,15.5,22.3,-0.24249,15.5,12.9,0.002156,-0.009562,-0.007406,-0.00835511111111111,0.000886917523116133,-0.24249,-0.039901,-0.140522333333333,0.0655073612343098
33.731739,"P22","Occ_MO_1.2",100,10,5557.418945,7785.805664,-122.062698,-0.009766,0.010172,27.7778,15,8.4,"{""type"":""M"",""msg"":""FADE0"",""time"":33.6601,""dist"":0.76927}",2.120691,10.520691,0,1e+06,19.2,-0.000667,19.2,8.4,0.000692,-0.009766,-0.009074,-0.00944031818181818,0.000326116307964423,-0.000667,0.042177,0.0281097272727273,0.0130274826541059
36.157967,"P22","Occ_MO_1.2",100,11,5520.347656,7729.505859,-124.697189,-0.008423,-0.255092,27.778,23.2,27.9,"{""type"":""M"",""msg"":""FADE0"",""time"":36.1517,""dist"":0.8385}",1.921395,25.121395,0,1e+06,10.1,-0.032348,10.1,23.2,0.000651,-0.009074,-0.008423,-0.0085776,0.000276759899742111,-0.255092,-0.032348,-0.14261375,0.0704823733596414
38.172337,"P22","Occ_MO_1.2",100,12,5487.848145,7683.938965,-126.244484,-0.006226,-0.239179,27.7776,6.4,9.8,"{""type"":""M"",""msg"":""FADE0"",""time"":38.1634,""dist"":0.894398}",1.509892,7.909892,0,13.4,17.2,-0.309683,13.4,6.4,0.002523,-0.007243,-0.00472,-0.005424625,0.000723988386186777,-0.339489,-0.239179,-0.31066375,0.0306224128039143
40.098248,"P22","Occ_MO_1.2",100,13,5455.493652,7641.319824,-128.538574,-0.011759,0.178683,27.7775,14,9.5,"{""type"":""M"",""msg"":""FADE0"",""time"":40.0789,""dist"":0.947621}",1.419415,10.919415,0,7.3,12.2,-0.123662,7.3,9.5,0.003702,-0.011759,-0.008057,-0.0108343333333333,0.00104277724416693,-0.123662,0.178683,0.0442416666666667,0.0982545150454142
42.322052,"P22","Occ_MO_1.2",100,14,5415.819336,7593.958008,-131.415649,-0.009928,0.220745,27.7778,27,19,"{""type"":""M"",""msg"":""FADE0"",""time"":42.2362,""dist"":1.00757}",1.717506,20.717506,0,18.8,12.5,0.222906,12.5,19,0.000814,-0.010742,-0.009928,-0.0103169444444444,0.000375142086371711,0.220745,0.241818,0.233930166666667,0.00685246654819399
44.142185,"P22","Occ_MO_1.2",100,15,5381.731445,7556.601562,-133.422821,-0.009766,0.199554,27.7777,31.8,26,"{""type"":""M"",""msg"":""FADE0"",""time"":44.0539,""dist"":1.05807}",1.31451,27.31451,0,14,22,0.200269,14,26,0.001709,-0.009766,-0.008057,-0.00871635714285714,0.000526023194449542,0.184568,0.200269,0.191056142857143,0.00535242708220576
47.380371,"P22","Occ_MO_1.2",100,16,5317.770996,7493.345215,-137.370346,-0.009928,0.341238,27.7777,22.1,16.4,"{""type"":""M"",""msg"":""FADE0"",""time"":47.3038,""dist"":1.14837}",2.730202,19.130202,0,41.3,36.1,0.214262,36.1,16.4,0.001018,-0.010417,-0.009399,-0.00993260714285714,0.000409343588297683,0.214262,0.341238,0.282290964285714,0.0433240266232322
49.504177,"P22","Occ_MO_1.2",100,17,5273.463867,7454.375977,-140.099854,-0.010254,0.28911,27.7778,14.4,9.3,"{""type"":""M"",""msg"":""FADE0"",""time"":49.4214,""dist"":1.20721}",1.618046,10.918046,0,14.1,10,0.351937,10,9.3,0.001017,-0.011271,-0.010254,-0.0106608235294118,0.000453162806739217,0.28911,0.354676,0.334682117647059,0.0215903142198138
52.032135,"P22","Occ_MO_1.2",100,18,5218.442383,7410.726562,-143.209503,-0.010417,-0.06826,27.778,9.9,5.2,"{""type"":""M"",""msg"":""FADE0"",""time"":52.0149,""dist"":1.27928}",2.019955,7.219955,0,15.8,9.8,0.235717,9.8,5.2,0.00118,-0.010417,-0.009237,-0.00999452380952381,0.000504216086519224,-0.06826,0.235717,0.100716857142857,0.0922516631092826
53.447845,"P22","Occ_MO_1.2",100,19,5186.669922,7387.535156,-144.455078,-0.006714,-0.34278,27.7782,12.3,16.8,"{""type"":""M"",""msg"":""FADE0"",""time"":53.4101,""dist"":1.31804}",0.910395999999999,13.210396,0,14.8,19,-0.191659,14.8,12.3,0.00236,-0.006714,-0.004354,-0.0055664,0.000908628294616549,-0.34278,-0.191659,-0.2803479,0.0512591297070309
55.769508,"P22","Occ_MO_1.2",100,20,5133.541016,7350.953613,-146.744598,-0.010579,-0.290248,27.7773,11.5,6.7,"{""type"":""M"",""msg"":""FADE0"",""time"":55.7676,""dist"":1.38355}",1.81734,8.51734,0,10.9,15.2,-0.368421,10.9,6.7,0.004353,-0.010579,-0.006226,-0.00826863157894737,0.00161359151551666,-0.370562,-0.290248,-0.337096526315789,0.0298324009060403
58.194672,"P22","Occ_MO_1.2",100,21,5076.43457,7315.191895,-149.274628,-0.009237,-0.228357,27.7776,17,10.1,"{""type"":""M"",""msg"":""FADE0"",""time"":58.1374,""dist"":1.4494}",1.917946,12.017946,0,11.2,15.8,-0.291698,11.2,10.1,0.003011,-0.009237,-0.006226,-0.00812595,0.00114569714354922,-0.292861,-0.228357,-0.26315655,0.0238172506643377
60.927986,"P22","Occ_MO_1.2",100,22,5010.155762,7278.129395,-152.503983,-0.010742,-0.418635,27.7775,7.9,3.6,"{""type"":""M"",""msg"":""FADE0"",""time"":60.8768,""dist"":1.52551}",2.227844,5.827844,0,16,9.2,-0.228891,9.2,3.6,0.001505,-0.010742,-0.009237,-0.00971795652173913,0.000651691399238855,-0.418635,-0.228891,-0.295023217391304,0.0576916395014016
62.74678,"P22","Occ_MO_1.2",100,23,4965.025391,7255.388672,-153.867661,-0.005371,-0.672722,27.7781,9.5,12.8,"{""type"":""M"",""msg"":""FADE0"",""time"":62.7403,""dist"":1.57729}",1.313819,10.813819,0,12.7,16,-0.531376,12.7,9.5,0.001017,-0.005371,-0.004354,-0.00479564285714286,0.00046325132025099,-0.673461,-0.531376,-0.627574214285714,0.0479304703088492
63.961426,"P22","Occ_MO_1.2",100,24,4934.64209,7240.694824,-154.42627,-0.002848,-0.498025,27.7779,4.7,7.1,"{""type"":""M"",""msg"":""FADE0"",""time"":63.9506,""dist"":1.61092}",0.705742000000001,5.405742,0,6.5,9.1,-0.646987,6.5,4.7,0.001709,-0.003377,-0.001668,-0.002309,0.000639143623474858,-0.646987,-0.498025,-0.58507,0.0526891794367144
66.390068,"P22","Occ_MO_1.2",100,25,4873.183594,7212.850586,-157.374756,-0.010254,0.273039,27.7778,14.1,9.9,"{""type"":""M"",""msg"":""FADE0"",""time"":66.3065,""dist"":1.67638}",1.92353799999999,11.823538,0,5.1,9,-0.291736,5.1,9.9,0.0059,-0.012451,-0.006551,-0.0114094,0.00140251242231106,-0.291736,0.273039,0.05708575,0.180393629285304
68.609329,"P22","Occ_MO_1.2",100,26,4815.746094,7190.429688,-160.014359,-0.008911,0.185459,27.7781,16.6,9.4,"{""type"":""M"",""msg"":""FADE0"",""time"":68.5238,""dist"":1.73799}",1.714851,11.114851,0,11.2,7.7,0.302313,7.7,9.4,0.002197,-0.011108,-0.008911,-0.00961177777777778,0.000913753638798938,0.185459,0.30442,0.262289888888889,0.0398376882285945
71.129639,"P22","Occ_MO_1.2",100,27,4749.415527,7167.991211,-162.654739,-0.008423,-0.235158,27.7779,23.1,7.1,"{""type"":""M"",""msg"":""FADE0"",""time"":71.062,""dist"":1.80852}",2.01681599999999,9.11681599999999,0,14.4,7.9,0.116541,7.9,7.1,0.000855,-0.009074,-0.008219,-0.00833728571428572,0.000252897240565638,-0.235158,0.116541,-0.0558690952380952,0.109724280702543
73.651802,"P22","Occ_MO_1.2",100,28,4682.174316,7148.256348,-164.653351,-0.006877,-0.405802,27.7779,10.4,14.7,"{""type"":""M"",""msg"":""FADE0"",""time"":73.6416,""dist"":1.88019}",2.016884,12.416884,0,13,16.5,-0.330498,13,10.4,0.001831,-0.006877,-0.005046,-0.00592152380952381,0.000726243459113238,-0.444773,-0.330498,-0.414556666666667,0.033171108224377
75.979996,"P22","Occ_MO_1.2",100,29,4619.513184,7132.197754,-166.847443,-0.009399,0.005943,27.7775,1e+06,56.8,"{""type"":""M"",""msg"":""FADE0"",""time"":75.9673,""dist"":1.94481}",1.825157,58.625157,0,8.2,12.1,-0.351712,8.2,56.8,0.003011,-0.009399,-0.006388,-0.0078851052631579,0.00112305970429679,-0.351712,0.005943,-0.181561368421053,0.115397853342835
77.700012,"P22","Occ_MO_1.2",100,30,4572.790039,7122.164062,-169.140976,-0.009237,0.169478,27.7776,57.7,17.3,"{""type"":""M"",""msg"":""FADE0"",""time"":77.68,""dist"":1.9924}",1.212051,18.512051,0,15.4,10.7,0.095984,10.7,17.3,0.003011,-0.012248,-0.009237,-0.0115060769230769,0.00100988980104584,0.095984,0.176101,0.153770307692308,0.0268425366175424
79.9282,"P22","Occ_MO_1.2",100,31,4511.774414,7111.686035,-171.403748,-0.008423,0.097815,27.7779,14.1,19.7,"{""type"":""M"",""msg"":""FADE0"",""time"":79.866,""dist"":2.05315}",1.722954,15.822954,0,38,1e+06,0.144315,38,14.1,0.00236,-0.009074,-0.006714,-0.0079505,0.000837968780128823,0.090541,0.144315,0.106199555555556,0.0177210218408806
82.452805,"P22","Occ_MO_1.2",100,32,4442.200684,7102.788086,-174.263779,-0.009928,0.188865,27.7778,28.8,19.4,"{""type"":""M"",""msg"":""FADE0"",""time"":82.3903,""dist"":2.12328}",2.020112,21.420112,0,13,18.7,0.111289,13,19.4,0.002156,-0.010579,-0.008423,-0.00938204761904762,0.00079528362715389,0.111289,0.18904,0.15539319047619,0.0266487491706816
84.881958,"P22","Occ_MO_1.2",100,33,4374.908203,7097.636719,-177.026031,-0.008586,0.15732,27.778,11,17.6,"{""type"":""M"",""msg"":""FADE0"",""time"":84.7888,""dist"":2.18993}",1.921082,12.921082,0,25,16.2,0.183645,16.2,11,0.001505,-0.010091,-0.008586,-0.00913885,0.000556417041151877,0.153141,0.183645,0.1638834,0.0106816301505755
86.801628,"P22","Occ_MO_1.2",100,34,4321.601562,7095.891602,-179.407455,-0.009928,0.176994,27.7779,24.6,17.9,"{""type"":""M"",""msg"":""FADE0"",""time"":86.7226,""dist"":2.24366}",1.414284,19.314284,0,22.1,16.1,0.172114,16.1,17.9,0.000977,-0.010905,-0.009928,-0.0105034666666667,0.00033054022159979,0.172114,0.185084,0.180777533333333,0.0038881524967644
89.530426,"P22","Occ_MO_1.2",100,35,4245.794434,7096.973633,177.833221,-0.006714,0.401723,27.7777,3.9,8.2,"{""type"":""M"",""msg"":""FADE0"",""time"":89.4992,""dist"":2.32081}",2.22364800000001,6.12364800000001,0,11.5,19,0.167969,11.5,3.9,0.001709,-0.008423,-0.006714,-0.0077875652173913,0.000637405239023949,0.167957,0.401723,0.241778782608696,0.0734083146324574
90.844376,"P22","Occ_MO_1.2",100,36,4209.341309,7098.924805,175.450256,-0.016113,0.593604,27.7761,6.8,4.7,"{""type"":""M"",""msg"":""FADE0"",""time"":90.8194,""dist"":2.35749}",0.807563999999999,5.507564,0,9.3,7.1,0.541684,7.1,4.7,0.005083,-0.020871,-0.015788,-0.0183422222222222,0.00179749212639289,0.541684,0.618544,0.594926666666667,0.0255739640259386
92.261658,"P22","Occ_MO_1.2",100,37,4170.151855,7102.772461,173.531494,-0.006226,0.15581,27.779,12.2,16.2,"{""type"":""M"",""msg"":""FADE0"",""time"":92.2293,""dist"":2.39667}",0.910431000000003,13.110431,0,7,4.5,0.468343,4.5,12.2,0.007364,-0.01359,-0.006226,-0.0085815,0.00222196785905347,0.15581,0.468343,0.3099259,0.106529801717068
94.485382,"P22","Occ_MO_1.2",100,38,4108.853516,7110.53125,172.017044,-0.005534,-0.021025,27.7777,5.6,9.2,"{""type"":""M"",""msg"":""FADE0"",""time"":94.4043,""dist"":2.4571}",1.719421,7.319421,0,9,12.5,0.023977,9,5.6,0.000326,-0.005534,-0.005208,-0.00523516666666667,8.38628081346868e-05,-0.07993,0.023977,-0.0487693888888889,0.0305618718920447
96.09922,"P22","Occ_MO_1.2",100,39,4064.53418,7117.343262,170.272156,-0.008911,0.297498,27.7776,35.5,29,"{""type"":""M"",""msg"":""FADE0"",""time"":96.0586,""dist"":2.50307}",1.108886,30.108886,0,25.4,20.3,0.079471,20.3,29,0.000855,-0.009766,-0.008911,-0.00960308333333333,0.000297660410026207,0.079471,0.297498,0.1936915,0.0715360996185588
99.529343,"P22","Occ_MO_1.2",100,40,3971.260742,7136.812012,165.889755,-0.010254,0.348681,27.7778,10.5,6.5,"{""type"":""M"",""msg"":""FADE0"",""time"":99.4528,""dist"":2.59738}",2.92660599999999,9.42660599999999,0,12.7,50.9,0.381957,12.7,6.5,0.004191,-0.012777,-0.008586,-0.0107448,0.0011316268545466,0.348681,0.528393,0.465046566666667,0.0533695317804168
102.461037,"P22","Occ_MO_1.2",100,41,3892.756104,7158.528809,163.185883,-0.007731,-0.117543,27.7779,29,36.4,"{""type"":""M"",""msg"":""FADE0"",""time"":102.428,""dist"":2.68005}",2.424874,31.424874,0,34.8,40.8,0.226519,34.8,29,0.001669,-0.008057,-0.006388,-0.00697912,0.000600285579259294,-0.117543,0.226519,0.01318072,0.105196993530994
105.303375,"P22","Occ_MO_1.2",100,42,3817.739746,7183.194824,160.226715,-0.008911,-0.320819,27.778,14,6.5,"{""type"":""M"",""msg"":""FADE0"",""time"":105.228,""dist"":2.75787}",2.335212,8.835212,0,45.2,50.3,-0.147379,45.2,6.5,0.000854000000000001,-0.008911,-0.008057,-0.00858225,0.000338963926514697,-0.320819,-0.147379,-0.221084666666667,0.0521424434248995
107.223488,"P22","Occ_MO_1.2",100,43,3767.741943,7201.811523,158.99054,-0.006063,-0.295869,27.7778,7.2,11.2,"{""type"":""M"",""msg"":""FADE0"",""time"":107.164,""dist"":2.81164}",1.41578700000001,8.61578700000001,0,9.6,12.8,-0.383566,9.6,7.2,0.003703,-0.006063,-0.00236,-0.0041504,0.0012832231628654,-0.412735,-0.295869,-0.378004266666667,0.0371031060626363
109.34774,"P22","Occ_MO_1.2",100,44,3713.033691,7223.953613,156.671036,-0.009562,0.128516,27.7775,18.1,12.5,"{""type"":""M"",""msg"":""FADE0"",""time"":109.325,""dist"":2.87168}",1.619186,14.119186,0,10.7,19.4,-0.18116,10.7,12.5,0.002034,-0.009928,-0.007894,-0.00948323529411765,0.000539009337745155,-0.18116,0.128516,-0.00816641176470589,0.0990537153953972
110.96579,"P22","Occ_MO_1.2",100,45,3672.043213,7242.415527,154.664398,-0.009928,0.168766,27.7777,12.4,7.7,"{""type"":""M"",""msg"":""FADE0"",""time"":110.882,""dist"":2.91496}",1.10948999999999,8.80948999999999,0,17.1,11.5,0.17379,11.5,7.7,0.00118,-0.010742,-0.009562,-0.0103181666666667,0.000425423817201652,0.168766,0.19196,0.183691916666667,0.0076270820162978
112.98732,"P22","Occ_MO_1.2",100,46,3621.661377,7267.246094,152.89444,-0.006877,0.072513,27.7778,10,15.2,"{""type"":""M"",""msg"":""FADE0"",""time"":112.911,""dist"":2.97132}",1.516319,11.516319,0,11.8,16.3,0.119805,11.8,10,0.000977,-0.006877,-0.0059,-0.006337625,0.000350263115386134,0.064259,0.119805,0.0786564375,0.0173559140390003
114.706169,"P22","Occ_MO_1.2",100,47,3579.44751,7289.57959,151.194778,-0.007894,0.177581,27.7775,14.1,21.2,"{""type"":""M"",""msg"":""FADE0"",""time"":114.625,""dist"":3.01896}",1.213127,15.313127,0,19.8,27.5,0.098905,19.8,14.1,0.000692,-0.008586,-0.007894,-0.00834476923076923,0.000263020009963169,0.098905,0.177581,0.139833923076923,0.0253522197629765
116.828987,"P22","Occ_MO_1.2",100,48,3528.307617,7318.961914,148.923431,-0.008219,0.257965,27.7777,17.8,24.2,"{""type"":""M"",""msg"":""FADE0"",""time"":116.768,""dist"":3.0785}",1.617485,19.417485,0,1e+06,21.3,0.208833,21.3,17.8,0.000855,-0.009074,-0.008219,-0.0088104705882353,0.00028101537272164,0.208833,0.257965,0.239863411764706,0.0154005065138246
119.05439,"P22","Occ_MO_1.2",100,49,3475.905762,7351.782227,146.827286,-0.008219,0.418442,27.7775,9.3,17,"{""type"":""M"",""msg"":""FADE0"",""time"":119,""dist"":3.14052}",1.719185,11.019185,0,7.3,11.7,0.265376,7.3,9.3,0.002319,-0.008219,-0.0059,-0.00748005555555556,0.000829802915808909,0.265376,0.418442,0.329292388888889,0.0501885532838139
120.970085,"P22","Occ_MO_1.2",100,50,3431.974609,7381.828613,144.209351,-0.009399,0.422972,27.7779,30.1,11.5,"{""type"":""M"",""msg"":""FADE0"",""time"":120.91,""dist"":3.19359}",1.41177399999999,12.911774,0,13.9,10.1,0.480539,10.1,11.5,0.004029,-0.013428,-0.009399,-0.0120389333333333,0.00161343216541042,0.422972,0.514719,0.4862618,0.0286737973771974
122.99173,"P22","Occ_MO_1.2",100,51,3387.052979,7415.549316,141.992767,-0.008057,0.056734,27.7781,16.1,20.7,"{""type"":""M"",""msg"":""FADE0"",""time"":122.983,""dist"":3.25119}",1.51675400000001,17.616754,0,45.4,11.9,0.33927,11.9,16.1,0.002848,-0.010742,-0.007894,-0.0086849375,0.000974946936590226,0.056734,0.33927,0.19581,0.0911832263792707
125.015038,"P22","Occ_MO_1.2",100,52,3343.224121,7450.755371,140.406189,-0.007568,0.051422,27.7777,6.6,10.9,"{""type"":""M"",""msg"":""FADE0"",""time"":124.962,""dist"":3.30619}",1.517769,8.117769,0,7.2,10.1,-0.018768,7.2,6.6,0.003702,-0.007568,-0.003866,-0.005800875,0.00116583034071572,-0.05025,0.051422,-0.020101625,0.0318328784076569
126.530495,"P22","Occ_MO_1.2",100,53,3311.208496,7478.101562,138.275024,-0.011108,0.239807,27.7771,15.6,10.4,"{""type"":""M"",""msg"":""FADE0"",""time"":126.433,""dist"":3.34705}",1.01151300000001,11.411513,0,14.8,10.6,0.148784,10.6,10.4,0.002482,-0.01359,-0.011108,-0.0127617272727273,0.000965120727257382,0.148784,0.239807,0.210392545454545,0.0316047882428079
129.056,"P22","Occ_MO_1.2",100,54,3259.902588,7525.96875,135.723038,-0.007894,0.437401,27.7779,4.3,9.6,"{""type"":""M"",""msg"":""FADE0"",""time"":128.972,""dist"":3.41761}",2.02087400000001,6.32087400000001,0,17,56.7,0.232952,17,4.3,0.002035,-0.009074,-0.007039,-0.00766909523809524,0.000555681374958879,0.229796,0.437401,0.293525857142857,0.0677839213673019
130.471054,"P22","Occ_MO_1.2",100,55,3232.216064,7553.880371,133.25061,-0.018148,0.646413,27.7763,6.3,4.5,"{""type"":""M"",""msg"":""FADE0"",""time"":130.412,""dist"":3.4576}",0.910538000000003,5.410538,0,11.3,8.8,0.564769,8.8,4.5,0.004029,-0.018148,-0.014119,-0.0170574,0.00143584278000375,0.564769,0.661174,0.6318788,0.0332800129133255
131.882706,"P22","Occ_MO_1.2",100,56,3205.94873,7583.006348,130.980347,-0.008748,0.162017,27.7788,15.8,6.4,"{""type"":""M"",""msg"":""FADE0"",""time"":131.859,""dist"":3.49782}",0.907288000000023,7.30728800000002,0,6.7,4.3,0.527635,4.3,6.4,0.006023,-0.014771,-0.008748,-0.0110595,0.00208103389101561,0.162017,0.527635,0.3497497,0.124065591942372
133.092529,"P22","Occ_MO_1.2",100,57,3184.102051,7608.556152,130.246643,-0.004028,-0.213485,27.7786,6.7,9.4,"{""type"":""M"",""msg"":""FADE0"",""time"":133.058,""dist"":3.53112}",0.706344000000001,7.406344,0,9.5,12.3,-0.043856,9.5,6.7,0.00472,-0.004557,0.000163,-0.0023955,0.00177608341181215,-0.213485,-0.043856,-0.14360725,0.0601249525375518
135.214294,"P22","Occ_MO_1.2",100,58,3146.513428,7653.972168,128.632339,-0.010091,0.149525,27.7773,23.2,18.9,"{""type"":""M"",""msg"":""FADE0"",""time"":135.196,""dist"":3.59055}",1.61402799999999,20.514028,0,5.6,8.2,-0.225742,5.6,18.9,0.006714,-0.010091,-0.003377,-0.00659888235294118,0.00250844710135456,-0.225742,0.149525,-0.069511,0.125600604793528
136.632034,"P22","Occ_MO_1.2",100,59,3122.507324,7685.199219,126.045128,-0.014119,0.308026,27.777,7,4.5,"{""type"":""M"",""msg"":""FADE0"",""time"":136.545,""dist"":3.62802}",0.91220100000001,5.41220100000001,0,8.2,5.9,0.288444,5.9,4.5,0.004029,-0.018148,-0.014119,-0.0167237,0.00142945382343514,0.288444,0.350782,0.3284476,0.0207179247040925
138.351929,"P22","Occ_MO_1.2",100,60,3095.11377,7724.35498,123.96479,-0.008586,-0.202815,27.7783,13.2,5.2,"{""type"":""M"",""msg"":""FADE0"",""time"":138.261,""dist"":3.67569}",1.21365400000002,6.41365400000002,0,10.4,5.7,0.177801,5.7,5.2,0.00118,-0.009766,-0.008586,-0.00875161538461539,0.000322287536852198,-0.202815,0.177801,-0.0126519230769231,0.123743201897762
139.766663,"P22","Occ_MO_1.2",100,61,3073.445068,7757.15332,123.081512,-0.003866,-0.499245,27.7782,7.1,9.8,"{""type"":""M"",""msg"":""FADE0"",""time"":139.723,""dist"":3.71633}",0.908219000000003,8.008219,0,9.7,12.5,-0.358206,9.7,7.1,0.001505,-0.004191,-0.002686,-0.0032798,0.000509330890046496,-0.499245,-0.358206,-0.4481405,0.0491413193108519
141.788925,"P22","Occ_MO_1.2",100,62,3043.213867,7804.516602,121.782318,-0.008911,-0.044612,27.7773,9.5,39,"{""type"":""M"",""msg"":""FADE0"",""time"":141.719,""dist"":3.77179}",1.51744100000002,11.017441,0,6.6,9.5,-0.475353,6.6,9.5,0.0059,-0.008911,-0.003011,-0.005388875,0.00217267917174472,-0.475353,-0.044612,-0.2946761875,0.142064652237972
143.202362,"P22","Occ_MO_1.2",100,63,3023.02002,7838.197266,119.9338,-0.009562,0.376079,27.7776,21,16.1,"{""type"":""M"",""msg"":""FADE0"",""time"":143.146,""dist"":3.81143}",0.90537999999998,17.00538,0,12.4,9.5,0.1413,9.5,16.1,0.003215,-0.012777,-0.009562,-0.0113731,0.0013204455855674,0.1413,0.376079,0.2702146,0.0786877061514553
144.820557,"P22","Occ_MO_1.2",100,64,3001.236328,7877.527832,117.886803,-0.009928,0.53561,27.778,14.4,10.1,"{""type"":""M"",""msg"":""FADE0"",""time"":144.81,""dist"":3.85766}",1.11210700000001,11.212107,0,12.7,9.4,0.464359,9.4,10.1,0.001831,-0.011759,-0.009928,-0.0106775,0.000806963950980351,0.464359,0.535766,0.51407725,0.0241808883065832
146.84314,"P22","Occ_MO_1.2",100,65,2975.798584,7927.638672,116.02211,-0.007406,0.508215,27.7778,9.4,18.4,"{""type"":""M"",""msg"":""FADE0"",""time"":146.797,""dist"":3.91288}",1.51904300000001,10.919043,0,29.8,18.4,0.516071,18.4,9.4,0.002523,-0.008423,-0.0059,-0.006711375,0.000625203206965543,0.481133,0.516071,0.4934094375,0.0112127373997536
149.469116,"P22","Occ_MO_1.2",100,66,2945.491943,7994.001465,113.022789,-0.008748,0.408284,27.7776,18.8,11.4,"{""type"":""M"",""msg"":""FADE0"",""time"":149.424,""dist"":3.98587}",2.12281800000002,13.522818,0,9.9,7.1,0.547054,7.1,11.4,0.004029,-0.012777,-0.008748,-0.00943986363636364,0.00134779160800723,0.408284,0.553616,0.498609636363636,0.0483438395420864
152.801636,"P22","Occ_MO_1.2",100,67,2911.692871,8080.197266,109.892235,-0.006551,0.024186,27.7778,10.8,15.6,"{""type"":""M"",""msg"":""FADE0"",""time"":152.799,""dist"":4.07964}",2.829148,13.629148,0,14.3,8.8,0.348879,8.8,10.8,0.002686,-0.009237,-0.006551,-0.00733813793103448,0.000838109936708695,0.024186,0.348879,0.159766275862069,0.10360677032273
155.632614,"P22","Occ_MO_1.2",100,68,2886.489258,8154.703613,107.29776,-0.007894,0.187196,27.7775,13.1,20.8,"{""type"":""M"",""msg"":""FADE0"",""time"":155.561,""dist"":4.1564}",2.32496599999999,15.424966,0,9.8,14.7,0.021682,9.8,13.1,0.001343,-0.007894,-0.006551,-0.00752433333333333,0.000549498480170914,0.021682,0.187196,0.0948028333333333,0.0525361124293415
12.738266,"P23","Occ_MO_1.2",100,1,5767.407715,8321.775391,-100.416512,-0.005371,0.499498,27.0684,3.9,8.4,"{""type"":""M"",""msg"":""FADE0"",""time"":12.6844,""dist"":0.191183}",0.705304,4.605304,0,5.1,9.3,0.422124,5.1,3.9,0.000651,-0.005371,-0.00472,-0.005147125,0.00019321005408622,0.422124,0.499498,0.45518125,0.0274082670779144
14.051237,"P23","Occ_MO_1.2",100,2,5760.606445,8286.361328,-101.318756,-0.004557,0.860253,27.6236,1.2,5.2,"{""type"":""M"",""msg"":""FADE0"",""time"":14.0412,""dist"":0.228424}",0.807256000000001,2.007256,0,3.2,8.4,0.60492,3.2,1.2,0.001669,-0.006226,-0.004557,-0.00501833333333333,0.000691674236906363,0.60492,0.860253,0.722648555555556,0.0872509226915554
15.261631,"P23","Occ_MO_1.2",100,3,5753.675293,8253.604492,-103.061485,-0.015462,1.320182,27.7062,-0.60594,7.2,"{""type"":""M"",""msg"":""FADE0"",""time"":15.2185,""dist"":0.260989}",0.706655,0.100714999999999,0.100714999999999,0.2,12.4,1.085803,0.2,-0.60594,0.00468,-0.017131,-0.012451,-0.0153505,0.00162464255409349,1.085803,1.320182,1.21793,0.0828092324683667
16.774904,"P23","Occ_MO_1.2",100,4,5743.25,8212.921875,-105.746048,-0.010091,1.137405,27.7714,10.5,7.2,"{""type"":""M"",""msg"":""FADE0"",""time"":16.7008,""dist"":0.302127}",1.008147,8.208147,0,-1.111066,5.5,1.36933,-1.111066,7.2,0.008382,-0.018473,-0.010091,-0.0148148181818182,0.00315245916129557,1.137405,1.36933,1.28409163636364,0.0815186888845408
18.892765,"P23","Occ_MO_1.2",100,5,5726.359375,8156.555176,-107.550179,-0.005534,0.450163,27.7782,9.6,14,"{""type"":""M"",""msg"":""FADE0"",""time"":18.8366,""dist"":0.361473}",1.613411,11.213411,0,11.5,16,0.935118,11.5,9.6,0.002523,-0.007731,-0.005208,-0.00611076470588235,0.000771666583555664,0.450163,0.935118,0.670212176470588,0.153576095207814
21.422869,"P23","Occ_MO_1.2",100,6,5704.089355,8089.878906,-109.647285,-0.008423,0.313757,27.7777,55.5,23.1,"{""type"":""M"",""msg"":""FADE0"",""time"":21.411,""dist"":0.433005}",2.023527,25.123527,0,5.9,9.3,0.367809,5.9,23.1,0.00472,-0.008423,-0.003703,-0.00703942857142857,0.00116749422146016,0.312144,0.367809,0.326552952380952,0.0164855792148053
24.152403,"P23","Occ_MO_1.2",100,7,5677.161133,8018.983398,-111.944672,-0.006551,0.556132,27.7777,4.2,10,"{""type"":""M"",""msg"":""FADE0"",""time"":24.054,""dist"":0.506444}",2.222057,6.422057,0,8.1,13.3,0.315739,8.1,4.2,0.000325000000000001,-0.006551,-0.006226,-0.00642373913043478,0.000146653338117575,0.315739,0.556132,0.399158652173913,0.0765812091731318
26.377665,"P23","Occ_MO_1.2",100,8,5653.056152,7962.049316,-114.107864,-0.007894,1.093343,27.7778,0.3,12.3,"{""type"":""M"",""msg"":""FADE0"",""time"":26.3449,""dist"":0.570099}",1.820548,2.120548,0,3.3,9.2,0.648661,3.3,0.3,0.002035,-0.008586,-0.006551,-0.00809536842105263,0.000555522297834941,0.648661,1.093343,0.87493247368421,0.13937013842896
28.601269,"P23","Occ_MO_1.2",100,9,5626.185547,7906.428223,-117.658958,-0.010417,0.932737,27.7786,9.3,6.2,"{""type"":""M"",""msg"":""FADE0"",""time"":28.5247,""dist"":0.630664}",1.716866,7.916866,0,-0.404808,7.9,1.211767,-0.404808,6.2,0.007731,-0.018148,-0.010417,-0.0142958888888889,0.00289204637276483,0.932737,1.260623,1.15949477777778,0.106928107752252
30.519602,"P23","Occ_MO_1.2",100,10,5600.688477,7859.620605,-119.293777,-0.003866,0.151236,27.7782,7.9,10.9,"{""type"":""M"",""msg"":""FADE0"",""time"":30.4898,""dist"":0.685267}",1.414671,9.314671,0,13.8,7.2,0.713178,7.2,7.9,0.004353,-0.008219,-0.003866,-0.00564786666666667,0.00139564822965975,0.151236,0.713178,0.411448933333333,0.181905004751093
32.73872,"P23","Occ_MO_1.2",100,11,5569.972656,7806.157227,-120.65007,-0.006388,0.124945,27.7776,6,10.4,"{""type"":""M"",""msg"":""FADE0"",""time"":32.7287,""dist"":0.747479}",1.716351,7.716351,0,6.5,9.4,0.047552,6.5,6,0.003011,-0.006388,-0.003377,-0.00510877777777778,0.000958639511191929,0.012708,0.124945,0.0452347222222222,0.0342641175057481
35.166836,"P23","Occ_MO_1.2",100,12,5534.572754,7748.727539,-122.625359,-0.0059,0.830097,27.778,1.3,5.5,"{""type"":""M"",""msg"":""FADE0"",""time"":35.0754,""dist"":0.812684}",1.923565,3.223565,0,6.2,11.9,0.226915,6.2,1.3,0.003377,-0.008911,-0.005534,-0.00641905,0.00101734802175481,0.226915,0.830097,0.49177275,0.18685825162515
37.18829,"P23","Occ_MO_1.2",100,13,5503.057129,7702.248535,-126.050133,-0.013957,1.235815,27.7776,-1.312828,6.5,"{""type"":""M"",""msg"":""FADE0"",""time"":37.0965,""dist"":0.868839}",1.515995,0.203167000000001,0.203167000000001,0.3,7.8,1.066169,0.3,-1.312828,0.003499,-0.017456,-0.013957,-0.0157623125,0.00127060876321811,1.066169,1.278201,1.2229983125,0.0650818639937105
39.311295,"P23","Occ_MO_1.2",100,14,5467.212402,7655.402832,-128.424561,-0.005534,0.616702,27.7787,6.7,10.5,"{""type"":""M"",""msg"":""FADE0"",""time"":39.3031,""dist"":0.930153}",1.618054,8.318054,0,8.1,5.8,1.118936,5.8,6.7,0.008544,-0.01359,-0.005046,-0.00766170588235294,0.00263474863043673,0.616702,1.118936,0.850199117647059,0.164520517531584
41.432625,"P23","Occ_MO_1.2",100,15,5429.95752,7609.728027,-129.892578,-0.003866,0.616434,27.7778,2.3,5.6,"{""type"":""M"",""msg"":""FADE0"",""time"":41.3919,""dist"":0.988193}",1.617565,3.917565,0,7.9,12.4,0.541869,7.9,2.3,0.003011,-0.006877,-0.003866,-0.00514870588235294,0.00118938528054968,0.500776,0.616434,0.531233176470588,0.0335645918365532
43.558483,"P23","Occ_MO_1.2",100,16,5391.047852,7565.298828,-133.086182,-0.013794,1.042018,27.7773,10.1,7.5,"{""type"":""M"",""msg"":""FADE0"",""time"":43.4663,""dist"":1.04583}",1.618675,9.118675,0,3.6,16.3,0.787192,3.6,7.5,0.003214,-0.015299,-0.012085,-0.0143230588235294,0.000792013452425859,0.787192,1.050613,0.973783705882353,0.0865777126724632
45.779762,"P23","Occ_MO_1.2",100,17,5347.818848,7521.251953,-135.471863,-0.005697,0.795382,27.7783,2.9,7.4,"{""type"":""M"",""msg"":""FADE0"",""time"":45.7362,""dist"":1.1089}",1.717869,4.617869,0,9.3,6.7,0.979508,6.7,2.9,0.008056,-0.01359,-0.005534,-0.0072565,0.00231209808590024,0.780115,0.979508,0.844332388888889,0.0679197751513105
47.998634,"P23","Occ_MO_1.2",100,18,5302.958496,7478.968262,-138.202164,-0.010742,1.043367,27.7777,17.6,13.8,"{""type"":""M"",""msg"":""FADE0"",""time"":47.9607,""dist"":1.17071}",1.714824,15.514824,0,21,17.1,0.86525,17.1,13.8,0.000326,-0.010905,-0.010579,-0.010742,0.000125015293182121,0.86525,1.043367,0.967884722222222,0.0560498229202278
50.221481,"P23","Occ_MO_1.2",100,19,5255.953613,7438.912109,-140.908417,-0.008911,1.018507,27.7779,35.5,28.9,"{""type"":""M"",""msg"":""FADE0"",""time"":50.1203,""dist"":1.23072}",1.717029,30.617029,0,12.9,9.9,1.063997,9.9,28.9,0.003499,-0.011922,-0.008423,-0.00972038888888889,0.00114271493737702,1.018507,1.066365,1.04647138888889,0.0169658924389975
52.148479,"P23","Occ_MO_1.2",100,20,5213.710938,7406.020508,-143.591568,-0.012777,0.819567,27.7775,8.2,5.7,"{""type"":""M"",""msg"":""FADE0"",""time"":52.0879,""dist"":1.28539}",1.521617,7.221617,0,14.2,10.7,1.00909,10.7,5.7,0.002848,-0.013265,-0.010417,-0.0119145625,0.00105998263940186,0.819567,1.00909,0.94517825,0.0602931484548618
54.376862,"P23","Occ_MO_1.2",100,21,5163.157715,7370.273438,-145.594879,-0.004883,0.215896,27.778,6.8,10.4,"{""type"":""M"",""msg"":""FADE0"",""time"":54.3437,""dist"":1.34807}",1.722973,8.522973,0,16.4,9,0.652357,9,6.8,0.003703,-0.008586,-0.004883,-0.0059025,0.00121637713046958,0.215896,0.652357,0.394010944444444,0.14142588572588
56.801178,"P23","Occ_MO_1.2",100,22,5107.067871,7332.974609,-147.294724,-0.006714,0.569269,27.7776,3,8.2,"{""type"":""M"",""msg"":""FADE0"",""time"":56.726,""dist"":1.41427}",1.920578,4.920578,0,5.8,9.5,0.20033,5.8,3,0.001994,-0.006714,-0.00472,-0.00574355,0.000610169128840089,0.20033,0.569269,0.3400037,0.118126684206807
58.929401,"P23","Occ_MO_1.2",100,23,5056.647461,7302.089844,-149.925705,-0.009928,1.098858,27.7777,18.5,14.7,"{""type"":""M"",""msg"":""FADE0"",""time"":58.8519,""dist"":1.47334}",1.62004,16.32004,0,17.3,14.1,0.744918,14.1,14.7,0.00232,-0.012248,-0.009928,-0.010596,0.000745395951826947,0.744918,1.098858,0.948841,0.111995920812434
61.052448,"P23","Occ_MO_1.2",100,24,5004.856934,7273.865723,-153.133743,-0.010417,0.870671,27.7781,9.2,6.1,"{""type"":""M"",""msg"":""FADE0"",""time"":60.9785,""dist"":1.53242}",1.617233,7.717233,0,-0.202599,8.3,1.145742,-0.202599,6.1,0.004028,-0.014445,-0.010417,-0.0129251764705882,0.00111698904623625,0.870671,1.151611,1.06684929411765,0.0929309706447242
63.075695,"P23","Occ_MO_1.2",100,25,4954.323242,7249.233887,-154.606125,-0.003703,0.17789,27.7782,6.6,9.8,"{""type"":""M"",""msg"":""FADE0"",""time"":63.0633,""dist"":1.59035}",1.517189,8.117189,0,12.2,6.9,0.662989,6.9,6.6,0.005412,-0.008423,-0.003011,-0.004453,0.00161061822498898,0.17789,0.662989,0.38244775,0.15770034508713
65.49955,"P23","Occ_MO_1.2",100,26,4893.132324,7221.10498,-156.272736,-0.007406,0.43561,27.7775,5.4,12.9,"{""type"":""M"",""msg"":""FADE0"",""time"":65.4889,""dist"":1.65775}",1.919663,7.319663,0,5.6,8.7,0.139236,5.6,5.4,0.004558,-0.007406,-0.002848,-0.00569665,0.00145735518464461,0.13841,0.43561,0.24975035,0.0985426936987079
67.618332,"P23","Occ_MO_1.2",100,27,4838.790527,7198.470703,-158.617767,-0.008423,0.829744,27.7779,20.9,36.6,"{""type"":""M"",""msg"":""FADE0"",""time"":67.5659,""dist"":1.71546}",1.615212,22.515212,0,20.7,16,0.556043,16,20.9,0.001343,-0.009766,-0.008423,-0.009086,0.000388006765404935,0.556043,0.829744,0.705785117647059,0.0860208899940026
69.742271,"P23","Occ_MO_1.2",100,28,4783.406738,7178.105957,-161.292679,-0.011597,0.904401,27.7777,10,7.1,"{""type"":""M"",""msg"":""FADE0"",""time"":69.7153,""dist"":1.77519}",1.617744,8.717744,0,25.3,18.9,0.891898,18.9,7.1,0.00236,-0.011597,-0.009237,-0.0108020588235294,0.00076110367810406,0.891898,0.952636,0.931667529411765,0.0192138770069892
72.060463,"P23","Occ_MO_1.2",100,29,4721.941895,7158.855957,-163.742172,-0.006388,0.339485,27.7781,12.3,16.7,"{""type"":""M"",""msg"":""FADE0"",""time"":72.007,""dist"":1.83886}",1.81632999999999,14.11633,0,11,7.4,0.810189,7.4,12.3,0.003866,-0.010254,-0.006388,-0.00776115789473684,0.00134518380665402,0.339485,0.810189,0.56939647368421,0.150402125545474
74.483299,"P23","Occ_MO_1.2",100,30,4657.032227,7141.011719,-165.582825,-0.007406,0.207549,27.7775,8.8,14.7,"{""type"":""M"",""msg"":""FADE0"",""time"":74.4456,""dist"":1.90662}",1.918937,10.718937,0,9.1,13,0.244057,9.1,8.8,0.002035,-0.007406,-0.005371,-0.0059184,0.000593931450944512,0.1563,0.244057,0.18297865,0.0253476279161644
77.215675,"P23","Occ_MO_1.2",100,31,4583.106934,7123.751465,-168.244965,-0.007568,0.625244,27.7777,4.4,11.1,"{""type"":""M"",""msg"":""FADE0"",""time"":77.1472,""dist"":1.98169}",2.228874,6.628874,0,7.8,13.8,0.268176,7.8,4.4,0.000813,-0.008219,-0.007406,-0.00789373913043478,0.000325272783059403,0.268176,0.625244,0.437892608695652,0.109371354790058
79.452278,"P23","Occ_MO_1.2",100,32,4522.009766,7112.421875,-171.101486,-0.011759,0.936177,27.7774,12.4,9,"{""type"":""M"",""msg"":""FADE0"",""time"":79.446,""dist"":2.04556}",1.727653,10.727653,0,5.8,23.6,0.733808,5.8,9,0.002685,-0.011922,-0.009237,-0.011201,0.000806369058696779,0.733808,0.937376,0.870967444444444,0.0674368374208063
81.572708,"P23","Occ_MO_1.2",100,33,4463.621094,7104.573242,-173.501907,-0.008057,0.739419,27.7783,9.5,15.6,"{""type"":""M"",""msg"":""FADE0"",""time"":81.5047,""dist"":2.10277}",1.61566900000001,11.115669,0,16.8,11.3,0.904867,11.3,9.5,0.002686,-0.010417,-0.007731,-0.00860235294117647,0.00105224877887649,0.739419,0.904867,0.816469823529412,0.0546174552606986
83.699242,"P23","Occ_MO_1.2",100,34,4404.791016,7099.135254,-176.377594,-0.013102,0.536722,27.7772,8.2,5.3,"{""type"":""M"",""msg"":""FADE0"",""time"":83.6552,""dist"":2.16252}",1.61959899999999,6.91959899999999,0,14.7,23.7,0.714305,14.7,5.3,0.005208,-0.014119,-0.008911,-0.0118048235294118,0.00194933848507943,0.536722,0.714305,0.654611764705882,0.054430897933216
85.524208,"P23","Occ_MO_1.2",100,35,4354.137695,7096.808105,-178.170654,-0.006063,0.053857,27.7783,7.5,10.8,"{""type"":""M"",""msg"":""FADE0"",""time"":85.5004,""dist"":2.21379}",1.31826,8.81826,0,16.1,20.7,0.376184,16.1,7.5,0.001831,-0.007731,-0.0059,-0.00644057142857143,0.000672778019658984,0.053857,0.376184,0.191329142857143,0.105602252944249
87.747063,"P23","Occ_MO_1.2",100,36,4292.384766,7095.92627,179.451248,-0.010742,0.122311,27.7773,17.2,12.2,"{""type"":""M"",""msg"":""FADE0"",""time"":87.6866,""dist"":2.27454}",1.716385,13.916385,0,7.3,11.1,0.022522,7.3,12.2,0.004028,-0.010742,-0.006714,-0.00931344444444444,0.00144895464233894,0.022076,0.122311,0.0643719444444444,0.0348574526379725
89.964958,"P23","Occ_MO_1.2",100,37,4230.790527,7097.773926,177.231384,-0.007406,0.373012,27.7779,4.3,9.2,"{""type"":""M"",""msg"":""FADE0"",""time"":89.9563,""dist"":2.3376}",1.71395099999999,6.01395099999999,0,33.6,27.3,0.14526,27.3,4.3,0.003011,-0.009399,-0.006388,-0.0073535,0.000966587402091685,0.14526,0.373012,0.224941055555556,0.072982855463355
91.78363,"P23","Occ_MO_1.2",100,38,4180.37793,7101.186523,174.520172,-0.014771,0.751007,27.777,8.3,6.1,"{""type"":""M"",""msg"":""FADE0"",""time"":91.7229,""dist"":2.38669}",1.31487200000001,7.41487200000001,0,25.7,21.8,0.516508,21.8,6.1,0.005208,-0.015462,-0.010254,-0.0137066428571429,0.00183408877426043,0.516508,0.751311,0.667138285714286,0.0805523484788032
94.106125,"P23","Occ_MO_1.2",100,39,4116.311035,7108.884277,172.012405,-0.006877,0.551194,27.7783,6.7,12.7,"{""type"":""M"",""msg"":""FADE0"",""time"":94.0926,""dist"":2.45253}",1.81802400000001,8.51802400000001,0,15.8,11,0.710706,11,6.7,0.003865,-0.009928,-0.006063,-0.0077118947368421,0.00135949728840957,0.550198,0.710706,0.608314157894737,0.0551119990426194
96.224533,"P23","Occ_MO_1.2",100,40,4058.183105,7118.121094,169.622498,-0.010254,0.642194,27.7774,14.3,10.2,"{""type"":""M"",""msg"":""FADE0"",""time"":96.2185,""dist"":2.5116}",1.61347199999999,11.813472,0,6.7,14,0.572017,6.7,10.2,0.003336,-0.010742,-0.007406,-0.00983741176470588,0.000956513398940622,0.572017,0.646484,0.621727823529412,0.0257101001875608
98.543518,"P23","Occ_MO_1.2",100,41,3995.094727,7131.196289,166.947556,-0.008586,0.392335,27.7778,21.8,13.1,"{""type"":""M"",""msg"":""FADE0"",""time"":98.5294,""dist"":2.57582}",1.813782,14.913782,0,13.4,9.3,0.613915,9.3,13.1,0.001668,-0.010254,-0.008586,-0.00912110526315789,0.000573315396496247,0.392335,0.613915,0.510083578947368,0.0708292410451721
100.867096,"P23","Occ_MO_1.2",100,42,3932.476562,7146.90918,165.042969,-0.005371,0.199237,27.778,5.8,9.9,"{""type"":""M"",""msg"":""FADE0"",""time"":100.776,""dist"":2.63823}",1.818527,7.618527,0,18.4,11,0.319061,11,5.8,0.004191,-0.008748,-0.004557,-0.00598131578947368,0.00125784887153653,0.176243,0.319061,0.220369526315789,0.0465433239601896
103.498985,"P23","Occ_MO_1.2",100,43,3862.261963,7167.318848,162.19136,-0.009399,0.508399,27.7776,17.3,12.1,"{""type"":""M"",""msg"":""FADE0"",""time"":103.454,""dist"":2.71265}",2.12511400000001,14.225114,0,6.1,11.5,0.267388,6.1,12.1,0.004028,-0.010579,-0.006551,-0.00940113636363636,0.00113208851645572,0.267388,0.508399,0.421478454545455,0.0799853013334487
106.031197,"P23","Occ_MO_1.2",100,44,3795.807617,7190.412109,159.448486,-0.007894,0.356033,27.7779,33.9,39.9,"{""type"":""M"",""msg"":""FADE0"",""time"":105.983,""dist"":2.78291}",2.02537600000001,35.925376,0,20.3,13.7,0.502035,13.7,33.9,0.00118,-0.009074,-0.007894,-0.00859333333333333,0.000387171968682307,0.356033,0.502035,0.440680857142857,0.0468088443419464
108.357407,"P23","Occ_MO_1.2",100,45,3735.672363,7214.102051,157.669373,-0.00472,0.323255,27.7777,4.4,8.3,"{""type"":""M"",""msg"":""FADE0"",""time"":108.301,""dist"":2.84734}",1.822029,6.222029,0,14.7,20.9,0.307639,14.7,4.4,0.002482,-0.007039,-0.004557,-0.00557652631578947,0.000901091274721999,0.257956,0.323255,0.279392631578947,0.0197258727231537
110.386215,"P23","Occ_MO_1.2",100,46,3683.922363,7236.441406,154.967209,-0.015462,0.588284,27.777,6.6,4.6,"{""type"":""M"",""msg"":""FADE0"",""time"":110.383,""dist"":2.90516}",1.523353,6.123353,0,5.3,12.1,0.426012,5.3,4.6,0.008219,-0.015462,-0.007243,-0.0126698125,0.00302038781657257,0.426012,0.619193,0.5578735,0.0643161831008858
112.402908,"P23","Occ_MO_1.2",100,47,3633.666748,7261.22168,152.889557,-0.005208,0.006242,27.7783,10,13.4,"{""type"":""M"",""msg"":""FADE0"",""time"":112.401,""dist"":2.96126}",1.51248099999999,11.512481,0,10.4,6.1,0.456229,6.1,10,0.004191,-0.009399,-0.005208,-0.0063604375,0.00135108785644507,0.006242,0.456229,0.2127168125,0.145041805657642
114.732697,"P23","Occ_MO_1.2",100,48,3576.403809,7291.412109,151.62294,-0.003866,0.057854,27.7777,3.8,6.8,"{""type"":""M"",""msg"":""FADE0"",""time"":114.643,""dist"":3.02355}",1.821152,5.621152,0,10.2,13.9,-0.079398,10.2,3.8,0.003011,-0.005697,-0.002686,-0.00382063157894737,0.000902628581823746,-0.128984,0.057854,-0.0798374210526316,0.0556886378659814
116.862617,"P23","Occ_MO_1.2",100,49,3524.865967,7320.488281,148.849304,-0.014608,0.731193,27.777,8.4,6.2,"{""type"":""M"",""msg"":""FADE0"",""time"":116.767,""dist"":3.08256}",1.623771,7.823771,0,3.7,8.1,0.248683,3.7,6.2,0.007894,-0.014608,-0.006714,-0.0123507058823529,0.002690261366594,0.248683,0.731193,0.541277058823529,0.160350987318238
119.293312,"P23","Occ_MO_1.2",100,50,3467.999268,7356.916016,146.137009,-0.007039,0.502444,27.7783,8.6,13.9,"{""type"":""M"",""msg"":""FADE0"",""time"":119.227,""dist"":3.15092}",1.927627,10.527627,0,12.2,8.3,0.714173,8.3,8.6,0.003703,-0.010742,-0.007039,-0.007851,0.00121370628546136,0.502444,0.714173,0.5940307,0.0698025668138357
121.51059,"P23","Occ_MO_1.2",100,51,3417.513916,7392.217773,143.604248,-0.010417,0.44624,27.7773,14.4,8.9,"{""type"":""M"",""msg"":""FADE0"",""time"":121.487,""dist"":3.2137}",1.71343999999999,10.61344,0,8.2,13.7,0.49104,8.2,8.9,0.003662,-0.010905,-0.007243,-0.00986511111111111,0.00124359506786191,0.44624,0.498651,0.4861245,0.0153463812068858
124.24015,"P23","Occ_MO_1.2",100,52,3357.529053,7438.620117,141.172318,-0.005371,0.309902,27.7777,4.2,7.6,"{""type"":""M"",""msg"":""FADE0"",""time"":124.204,""dist"":3.2892}",2.224937,6.424937,0,16.9,22,0.382126,16.9,4.2,0.002848,-0.008219,-0.005371,-0.00648039130434783,0.0011729140764907,0.244435,0.382126,0.288803043478261,0.0418252300167324
127.375763,"P23","Occ_MO_1.2",100,53,3291.520264,7495.442871,136.557236,-0.011922,0.617428,27.778,9.8,6.3,"{""type"":""M"",""msg"":""FADE0"",""time"":127.299,""dist"":3.37519}",2.62786100000001,8.92786100000001,0,4,8.5,0.422962,4,6.3,0.009562,-0.016805,-0.007243,-0.0131458888888889,0.00308462798322128,0.422962,0.776723,0.662115,0.108148934019072
130.50856,"P23","Occ_MO_1.2",100,54,3229.748047,7556.768066,134.073212,-0.008219,0.468198,27.7774,3.5,9,"{""type"":""M"",""msg"":""FADE0"",""time"":130.478,""dist"":3.46354}",2.63040099999999,6.13040099999999,0,25.1,36,0.46022,25.1,3.5,0.005208,-0.008423,-0.003215,-0.00556551851851852,0.00175706197890706,0.197876,0.468198,0.300475814814815,0.0884159701942328
132.427231,"P23","Occ_MO_1.2",100,55,3193.546631,7595.890625,130.665802,-0.019002,0.914169,27.776,6,4.4,"{""type"":""M"",""msg"":""FADE0"",""time"":132.372,""dist"":3.51617}",1.41601600000001,5.81601600000001,0,2.7,11.5,0.653117,2.7,4.4,0.010254,-0.019653,-0.009399,-0.0165362666666667,0.00376484565167716,0.653117,0.944402,0.852575333333333,0.0987360151997426
134.750183,"P23","Occ_MO_1.2",100,56,3152.78833,7645.93457,128.225769,-0.004883,0.187659,27.7788,6.7,10.1,"{""type"":""M"",""msg"":""FADE0"",""time"":134.705,""dist"":3.58098}",1.818802,8.518802,0,9.1,5.8,0.753071,5.8,6.7,0.006754,-0.011108,-0.004354,-0.00630694736842105,0.00210436977828106,0.187659,0.753071,0.421125631578947,0.183418110071016
137.077408,"P23","Occ_MO_1.2",100,57,3113.554688,7697.332031,126.21312,-0.008586,0.375976,27.7776,11.6,57.8,"{""type"":""M"",""msg"":""FADE0"",""time"":137.01,""dist"":3.64503}",1.82054199999999,13.420542,0,6.7,10.6,0.160439,6.7,11.6,0.002889,-0.008586,-0.005697,-0.00730742105263158,0.00134807435979332,0.160439,0.375976,0.244828684210526,0.0730579404331876
139.301392,"P23","Occ_MO_1.2",100,58,3078.333008,7748.092285,122.604027,-0.014445,0.381786,27.7771,5.8,3.6,"{""type"":""M"",""msg"":""FADE0"",""time"":139.263,""dist"":3.70764}",1.717759,5.317759,0,37.2,31,0.460085,31,3.6,0.010091,-0.019002,-0.008911,-0.0145239444444444,0.00334823604959251,0.381786,0.564396,0.508987666666667,0.0525884333323683
141.427017,"P23","Occ_MO_1.2",100,59,3047.31958,7798.357422,121.343277,-0.00118,-0.37985,27.7784,5.2,7.4,"{""type"":""M"",""msg"":""FADE0"",""time"":141.409,""dist"":3.76727}",1.62141400000002,6.82141400000002,0,11.7,4.6,0.132126,4.6,5.2,0.007731,-0.007731,0,-0.00229070588235294,0.00247779117271578,-0.37985,0.132126,-0.199413352941176,0.171630425650561
143.850006,"P23","Occ_MO_1.2",100,60,3012.949463,7856.244141,119.662987,-0.006226,0.368511,27.7775,3.1,7.4,"{""type"":""M"",""msg"":""FADE0"",""time"":143.811,""dist"":3.834}",1.92027300000001,5.02027300000001,0,5,7.7,-0.321068,5,3.1,0.004842,-0.008219,-0.003377,-0.00636185,0.00158754813520061,-0.321068,0.368511,-0.00143295000000002,0.220321668526169
146.075195,"P23","Occ_MO_1.2",100,61,2983.868408,7910.788086,115.660362,-0.015462,0.703903,27.7773,5.8,3.9,"{""type"":""M"",""msg"":""FADE0"",""time"":146.014,""dist"":3.8952}",1.71769700000002,5.61769700000002,0,3.9,18,0.596343,3.9,3.9,0.009399,-0.019816,-0.010417,-0.0167146111111111,0.00315214340034521,0.596343,0.87936,0.786415555555556,0.0862221787805968
148.297119,"P23","Occ_MO_1.2",100,62,2958.137939,7966.90918,114.005363,-0.003866,-0.207149,27.7784,8.1,11,"{""type"":""M"",""msg"":""FADE0"",""time"":148.249,""dist"":3.95732}",1.718445,9.818445,0,9.5,5,0.450268,5,8.1,0.005412,-0.008423,-0.003011,-0.00405772222222222,0.00138870713490496,-0.207149,0.450268,0.0670171666666667,0.209666398662607
151.02507,"P23","Occ_MO_1.2",100,63,2928.619629,8036.714355,111.084846,-0.015299,-0.336036,27.7767,5.1,2.5,"{""type"":""M"",""msg"":""FADE0"",""time"":151.023,""dist"":4.0344}",2.22358700000001,4.72358700000001,0,8,11.1,-0.263273,8,2.5,0.010742,-0.015299,-0.004557,-0.00977430434782609,0.00334569510965934,-0.336036,-0.249526,-0.267784913043478,0.0212445112717123
153.651566,"P23","Occ_MO_1.2",100,64,2903.474121,8105.224121,109.548164,-0.005046,-0.576184,27.7779,6.3,9.4,"{""type"":""M"",""msg"":""FADE0"",""time"":153.642,""dist"":4.10718}",2.11935500000001,8.41935500000001,0,11.4,13.9,-0.504447,11.4,6.3,0.004558,-0.005046,-0.000488,-0.00283359090909091,0.00121490425486326,-0.722742,-0.504447,-0.655266227272727,0.0638969354671157
156.485901,"P23","Occ_MO_1.2",100,65,2878.55127,8179.924805,107.359612,-0.005371,0.579108,27.7777,1.7,5.2,"{""type"":""M"",""msg"":""FADE0"",""time"":156.46,""dist"":4.18548}",2.32847600000002,4.02847600000002,0,7.2,11.6,-0.423767,7.2,1.7,0.001506,-0.006877,-0.005371,-0.00616030434782609,0.000668420555882067,-0.423767,0.579108,0.0222391739130435,0.311030496075203
14.304901,"P24","Occ_MO_1.2",100,1,5758.757812,8278.849609,-102.086975,-0.007568,0.640565,27.6244,4.9,13.7,"{""type"":""M"",""msg"":""FADE0"",""time"":14.2053,""dist"":0.233593}",1.011371,5.911371,0,8.2,6.1,0.471351,6.1,4.9,0.008545,-0.015788,-0.007243,-0.00918118181818182,0.00263474905135885,0.471351,0.640565,0.557346,0.0545320492426243
15.82777,"P24","Occ_MO_1.2",100,2,5749.266602,8237.755859,-104.096756,-0.010254,0.779084,27.746,13.8,10.1,"{""type"":""M"",""msg"":""FADE0"",""time"":15.7804,""dist"":0.277209}",1.115039,11.215039,0,9.4,7.2,0.715259,7.2,10.1,0.003865,-0.014119,-0.010254,-0.0115220833333333,0.00148257414092292,0.715259,0.782091,0.764296833333333,0.0223899695961194
17.543486,"P24","Occ_MO_1.2",100,3,5736.912109,8191.733398,-106.077568,-0.009237,0.631974,27.7766,15.4,10.2,"{""type"":""M"",""msg"":""FADE0"",""time"":17.5189,""dist"":0.325496}",1.213162,11.413162,0,14.3,23.6,0.749781,14.3,10.2,0.003662,-0.010905,-0.007243,-0.00908338461538461,0.00123394614539841,0.631974,0.749781,0.697614538461538,0.0372006654053737
19.767075,"P24","Occ_MO_1.2",100,4,5718.625488,8132.722168,-108.520889,-0.009237,0.25815,27.7779,12,6.9,"{""type"":""M"",""msg"":""FADE0"",""time"":19.7214,""dist"":0.386695}",1.719134,8.619134,0,22.2,13.2,0.556665,13.2,6.9,0.002889,-0.009766,-0.006877,-0.00888627777777778,0.000914655885504974,0.25815,0.556665,0.419282555555556,0.0918926536526194
21.586613,"P24","Occ_MO_1.2",100,5,5702.001953,8084.977051,-109.943169,-0.007039,-0.000513,27.7778,14.5,20.4,"{""type"":""M"",""msg"":""FADE0"",""time"":21.5051,""dist"":0.436256}",1.313803,15.813803,0,5.6,8.2,0.138554,5.6,14.5,0.005696,-0.007039,-0.001343,-0.00602492857142857,0.00142293534445719,-0.000513,0.138554,0.054845,0.0444278052107704
23.811632,"P24","Occ_MO_1.2",100,6,5680.062988,8027.179199,-111.704323,-0.006877,0.147831,27.7776,7.2,12.9,"{""type"":""M"",""msg"":""FADE0"",""time"":23.7775,""dist"":0.499398}",1.719791,8.919791,0,7,10.5,-0.013719,7,7.2,0.002157,-0.006877,-0.00472,-0.00623894444444444,0.000467853857551847,-0.013719,0.147831,0.0445605555555556,0.0527043825939967
26.536427,"P24","Occ_MO_1.2",100,7,5650.362305,7957.547852,-114.734909,-0.010579,0.513859,27.7776,12.9,9.1,"{""type"":""M"",""msg"":""FADE0"",""time"":26.5119,""dist"":0.575375}",2.221833,11.321833,0,12.5,9.1,0.24457,9.1,9.1,0.002849,-0.011597,-0.008748,-0.00950004347826087,0.000891619388745754,0.24457,0.513859,0.404359391304348,0.0854986192428324
29.476105,"P24","Occ_MO_1.2",100,8,5614.116211,7884.359375,-117.760109,-0.007894,0.311926,27.778,18.2,25,"{""type"":""M"",""msg"":""FADE0"",""time"":29.3994,""dist"":0.655606}",2.433718,20.633718,0,10.5,7.3,0.50845,7.3,18.2,0.004883,-0.011271,-0.006388,-0.0078726,0.00143202284083274,0.311926,0.50845,0.395563,0.0671266672784868
33.015823,"P24","Occ_MO_1.2",100,9,5565.807617,7798.703613,-121.186012,-0.007894,0.408778,27.7778,10.3,17.6,"{""type"":""M"",""msg"":""FADE0"",""time"":32.9175,""dist"":0.753361}",3.033502,13.333502,0,20.5,12.7,0.302353,12.7,10.3,0.002523,-0.009237,-0.006714,-0.0077441935483871,0.000616591946068864,0.289577,0.408778,0.328370774193548,0.0382968478517573
36.152107,"P24","Occ_MO_1.2",100,10,5518.676758,7725.416504,-124.312271,-0.008219,0.694995,27.7777,5.5,14,"{""type"":""M"",""msg"":""FADE0"",""time"":36.0845,""dist"":0.841358}",2.630626,8.130626,0,43,18,0.441762,18,5.5,0.002522,-0.009399,-0.006877,-0.00778674074074074,0.000731593812933452,0.441762,0.694995,0.537849481481481,0.0797424248470664
38.479862,"P24","Occ_MO_1.2",100,11,5480.85791,7672.955566,-127.104248,-0.007894,0.746418,27.7781,6.9,13.7,"{""type"":""M"",""msg"":""FADE0"",""time"":38.3802,""dist"":0.905148}",1.82134199999999,8.721342,0,8.9,6.6,0.764433,6.6,6.9,0.00704,-0.014608,-0.007568,-0.00919805263157895,0.0023510424513792,0.74151,0.773924,0.754811315789474,0.0121806305622795
41.216991,"P24","Occ_MO_1.2",100,12,5433.391602,7613.543457,-130.022491,-0.007243,0.761994,27.778,3.8,9.4,"{""type"":""M"",""msg"":""FADE0"",""time"":41.1502,""dist"":0.982116}",2.330337,6.130337,0,8.4,6.2,0.758857,6.2,3.8,0.007894,-0.015137,-0.007243,-0.00849241666666667,0.00183709361472826,0.717469,0.761994,0.735573666666667,0.0153521026025376
43.439682,"P24","Occ_MO_1.2",100,13,5392.262695,7567.488281,-133.466003,-0.009074,0.434658,27.7785,35.1,18.6,"{""type"":""M"",""msg"":""FADE0"",""time"":43.4183,""dist"":1.04514}",1.718754,20.318754,0,7.7,5.8,0.819422,5.8,18.6,0.010091,-0.019165,-0.009074,-0.0131836666666667,0.00420656625373461,0.434658,0.826101,0.677030277777778,0.136055567656491
46.067043,"P24","Occ_MO_1.2",100,14,5340.883789,7515.635254,-136.307129,-0.010905,-0.021796,27.7776,12.1,7,"{""type"":""M"",""msg"":""FADE0"",""time"":46.0275,""dist"":1.11763}",2.12252,9.12252,0,8.8,12.3,0.287016,8.8,7,0.005371,-0.010905,-0.005534,-0.00879445454545455,0.00178081074974488,-0.021796,0.287016,0.105669409090909,0.0905244116429423
49.30492,"P24","Occ_MO_1.2",100,15,5274.018066,7455.464355,-139.883713,-0.009562,-0.181958,27.7778,20.1,12.5,"{""type"":""M"",""msg"":""FADE0"",""time"":49.2288,""dist"":1.20659}",2.730789,15.230789,0,8.7,12.2,-0.091842,8.7,12.5,0.003703,-0.009766,-0.006063,-0.0087645,0.000991074743976532,-0.18372,-0.091842,-0.163680892857143,0.0264226701644199
52.649944,"P24","Occ_MO_1.2",100,16,5201.118164,7397.836426,-143.687561,-0.009562,-0.149057,27.7777,16,9.4,"{""type"":""M"",""msg"":""FADE0"",""time"":52.5773,""dist"":1.29963}",2.838554,12.238554,0,11.7,17.4,-0.184276,11.7,9.4,0.003011,-0.010579,-0.007568,-0.00936431034482759,0.000687629525640093,-0.184276,-0.127162,-0.14852624137931,0.018748597571657
55.783695,"P24","Occ_MO_1.2",100,17,5129.590332,7348.203125,-147.030502,-0.009399,-0.152288,27.7778,15.6,9.1,"{""type"":""M"",""msg"":""FADE0"",""time"":55.7307,""dist"":1.38725}",2.626617,11.726617,0,9.3,13.4,-0.172413,9.3,9.1,0.003173,-0.009399,-0.006226,-0.00871648148148148,0.00102061385639949,-0.175166,-0.142543,-0.154823777777778,0.0119529252111173
58.212578,"P24","Occ_MO_1.2",100,18,5072.381836,7312.40332,-148.657333,-0.004191,0.119162,27.7777,3.4,6.5,"{""type"":""M"",""msg"":""FADE0"",""time"":58.1969,""dist"":1.45577}",1.921807,5.321807,0,17.1,24,-0.174314,17.1,3.4,0.004883,-0.007406,-0.002523,-0.004356,0.00140636081317779,-0.185009,0.119162,-0.1013157,0.0987614152496601
60.744587,"P24","Occ_MO_1.2",100,19,5011.398926,7277.341797,-151.637421,-0.007039,0.876446,27.7783,2.4,10.3,"{""type"":""M"",""msg"":""FADE0"",""time"":60.7124,""dist"":1.52567}",2.027779,4.427779,0,14.8,12,0.342027,12,2.4,0.006918,-0.013957,-0.007039,-0.0103060476190476,0.00242770297763525,0.342027,0.876446,0.651435238095238,0.158724438575761
63.175884,"P24","Occ_MO_1.2",100,20,4950.970215,7247.168457,-155.084183,-0.007731,0.58297,27.7786,41.2,14.2,"{""type"":""M"",""msg"":""FADE0"",""time"":63.0837,""dist"":1.59156}",1.92403,16.12403,0,5.6,4.3,0.982848,4.3,14.2,0.016017,-0.023748,-0.007731,-0.01185115,0.00503768872729925,0.58297,0.997643,0.8395497,0.142646722239576
65.696144,"P24","Occ_MO_1.2",100,21,4886.954102,7218.789551,-157.107864,-0.006226,0.122829,27.7777,10,14.8,"{""type"":""M"",""msg"":""FADE0"",""time"":65.6684,""dist"":1.66338}",2.015781,12.015781,0,16.3,21.2,0.442552,16.3,10,0.000854000000000001,-0.006551,-0.005697,-0.00617157142857143,0.000295354968034833,0.122829,0.442552,0.24814480952381,0.100568326897995
67.920792,"P24","Occ_MO_1.2",100,22,4829.746582,7195.378418,-158.128876,-0.00236,0.492987,27.7778,1.9,4.6,"{""type"":""M"",""msg"":""FADE0"",""time"":67.8304,""dist"":1.72345}",1.72054300000001,3.62054300000001,0,9.5,14.5,0.108324,9.5,1.9,0.00472,-0.006388,-0.001668,-0.00269677777777778,0.00169726207049698,0.108189,0.492987,0.223861388888889,0.125360960750353
69.746635,"P24","Occ_MO_1.2",100,23,4782.234375,7177.614746,-160.755157,-0.004354,0.997437,27.7788,1.3,6.6,"{""type"":""M"",""msg"":""FADE0"",""time"":69.7007,""dist"":1.77542}",1.318229,2.618229,0,6.7,5.3,0.773228,5.3,1.3,0.017354,-0.021708,-0.004354,-0.0119658571428571,0.00654021764936756,0.773228,0.997437,0.920117428571429,0.0660097025440658
71.764633,"P24","Occ_MO_1.2",100,24,4728.70166,7160.994629,-164.801331,-0.009399,0.228379,27.7798,5.8,2.8,"{""type"":""M"",""msg"":""FADE0"",""time"":71.6793,""dist"":1.83039}",1.51322900000001,4.31322900000001,0,5.3,4.1,1.081194,4.1,2.8,0.018953,-0.028352,-0.009399,-0.01783775,0.00807515852063186,0.228379,1.086363,0.7674254375,0.296666751767022
73.181465,"P24","Occ_MO_1.2",100,25,4690.680176,7150.776367,-165.083771,-0.006388,-0.59386,27.7786,16.4,19.6,"{""type"":""M"",""msg"":""FADE0"",""time"":73.114,""dist"":1.87026}",0.911178000000007,17.311178,0,5.5,7.1,-0.188677,5.5,16.4,0.012054,-0.006388,0.005666,-0.000473,0.00437721654326887,-0.59386,-0.188677,-0.4212024,0.135334046948201
74.793137,"P24","Occ_MO_1.2",100,26,4647.398926,7139.283203,-165.349014,-0.007406,-0.443697,27.7774,6.7,11.2,"{""type"":""M"",""msg"":""FADE0"",""time"":74.711,""dist"":1.91463}",1.107827,7.807827,0,3.5,4.7,-0.712108,3.5,6.7,0.020152,-0.007406,0.012746,-0.000691916666666667,0.00636767966100302,-0.717418,-0.443697,-0.619993916666667,0.0968837376657369
77.214645,"P24","Occ_MO_1.2",100,27,4581.947266,7123.718262,-168.013992,-0.009928,0.434293,27.7777,44.1,38.2,"{""type"":""M"",""msg"":""FADE0"",""time"":77.1886,""dist"":1.98347}",1.916191,40.116191,0,18.5,13.7,-0.242655,13.7,38.2,0.004191,-0.011759,-0.007568,-0.0089963,0.00113613551360001,-0.242655,0.434293,0.0966055,0.21038652549221
79.236366,"P24","Occ_MO_1.2",100,28,4526.731934,7113.415527,-170.860184,-0.009074,0.703577,27.7781,21.7,32.1,"{""type"":""M"",""msg"":""FADE0"",""time"":79.2335,""dist"":2.04029}",1.51709000000001,23.21709,0,8.6,6.5,0.587529,6.5,21.7,0.006877,-0.015951,-0.009074,-0.011472125,0.00215337192560876,0.587529,0.704128,0.6736893125,0.0370250153035642
81.048325,"P24","Occ_MO_1.2",100,29,4476.887695,7106.339844,-173.028397,-0.008911,0.587769,27.7777,20.3,29.1,"{""type"":""M"",""msg"":""FADE0"",""time"":81.0214,""dist"":2.08998}",1.30902900000001,21.609029,0,9.7,6.8,0.696167,6.8,20.3,0.004191,-0.013102,-0.008911,-0.00950392857142857,0.00108229005526997,0.587769,0.696167,0.645171571428571,0.0356179229876764
83.371674,"P24","Occ_MO_1.2",100,30,4412.648926,7100.020508,-176.008972,-0.011108,0.258883,27.7778,10.6,6,"{""type"":""M"",""msg"":""FADE0"",""time"":83.3274,""dist"":2.15405}",1.819123,7.819123,0,14.3,9.3,0.542591,9.3,6,0.003011,-0.012777,-0.009766,-0.0108578421052632,0.000902732719343383,0.258883,0.542591,0.423829578947368,0.0875338341673383
85.7976,"P24","Occ_MO_1.2",100,31,4345.325195,7096.767578,-178.406982,-0.008057,-0.198386,27.7779,11.5,16.6,"{""type"":""M"",""msg"":""FADE0"",""time"":85.7214,""dist"":2.22057}",1.91816,13.41816,0,15.8,20.2,0.115723,15.8,11.5,0.001831,-0.008057,-0.006226,-0.00724705,0.000529222416181962,-0.198386,0.115723,-0.0811698,0.0996322498489214
88.522926,"P24","Occ_MO_1.2",100,32,4269.611328,7096.596191,178.294479,-0.011922,-0.111752,27.7777,10.7,6.5,"{""type"":""M"",""msg"":""FADE0"",""time"":88.473,""dist"":2.29702}",2.22180899999999,8.72180899999999,0,9.1,13.4,-0.203455,9.1,6.5,0.004354,-0.011922,-0.007568,-0.0103245652173913,0.00135745248790409,-0.203455,-0.109759,-0.14731352173913,0.0337340021530335
91.151024,"P24","Occ_MO_1.2",100,33,4196.688965,7100.353027,175.74382,-0.008748,0.161544,27.7776,8,19.4,"{""type"":""M"",""msg"":""FADE0"",""time"":91.1049,""dist"":2.37015}",2.12255900000001,10.122559,0,7.6,11,-0.132694,7.6,8,0.003051,-0.008748,-0.005697,-0.00730186363636364,0.0011444927882797,-0.13605,0.161544,-0.0323901363636364,0.099090192041342
94.180763,"P24","Occ_MO_1.2",100,34,4113.019531,7109.477539,171.77655,-0.010091,0.420741,27.7779,15.1,10.4,"{""type"":""M"",""msg"":""FADE0"",""time"":94.1476,""dist"":2.4547}",2.52625999999999,12.92626,0,13.1,9.9,0.28259,9.9,10.4,0.005045,-0.014119,-0.009074,-0.0108438461538462,0.00135138659730834,0.28259,0.429814,0.396896,0.0423061785851665
97.417931,"P24","Occ_MO_1.2",100,35,4024.492188,7125.310059,168.017639,-0.008748,-0.042832,27.7777,17,8.5,"{""type"":""M"",""msg"":""FADE0"",""time"":97.3168,""dist"":2.54276}",2.73249899999999,11.232499,0,8.5,5.7,0.392334,5.7,8.5,0.005859,-0.013102,-0.007243,-0.00918267857142857,0.00109770926642617,-0.042832,0.392334,0.183690964285714,0.135096247949511
100.043526,"P24","Occ_MO_1.2",100,36,3953.41333,7141.730957,165.980988,-0.006714,-0.106693,27.7775,7.8,12.8,"{""type"":""M"",""msg"":""FADE0"",""time"":99.9976,""dist"":2.61725}",2.220574,10.020574,0,12,16.1,-0.114466,12,7.8,0.003011,-0.006714,-0.003703,-0.00575330434782609,0.000743103286273951,-0.201198,-0.106693,-0.168703869565217,0.0303423853669243
103.4851,"P24","Occ_MO_1.2",100,37,3861.456543,7167.905762,162.292313,-0.007731,0.197907,27.7779,15,25.2,"{""type"":""M"",""msg"":""FADE0"",""time"":103.387,""dist"":2.71144}",2.93253300000001,17.932533,0,10.9,7.5,-0.01985,7.5,15,0.004353,-0.011759,-0.007406,-0.00865736666666667,0.0013071768601372,-0.01985,0.197907,0.097806,0.0619837328170145
107.331543,"P24","Occ_MO_1.2",100,38,3760.747803,7203.630371,158.556519,-0.007731,0.57388,27.7777,8.5,19.6,"{""type"":""M"",""msg"":""FADE0"",""time"":107.302,""dist"":2.82022}",3.343628,11.843628,0,24.4,36.8,0.235335,24.4,8.5,0.00118,-0.008748,-0.007568,-0.00781120588235294,0.000285491684261611,0.235335,0.57388,0.392566852941176,0.103855205308373
110.465256,"P24","Occ_MO_1.2",100,39,3680.827148,7238.149902,154.885269,-0.007731,0.330447,27.7779,26.3,31.5,"{""type"":""M"",""msg"":""FADE0"",""time"":110.42,""dist"":2.90685}",2.628647,28.928647,0,7.9,5.7,0.627579,5.7,26.3,0.007243,-0.014974,-0.007731,-0.00935414814814815,0.00191927096943893,0.330447,0.632154,0.513469592592593,0.100547546745216
113.909409,"P24","Occ_MO_1.2",100,40,3595.266357,7280.991699,151.834229,-0.007039,0.159502,27.7777,9.7,15.2,"{""type"":""M"",""msg"":""FADE0"",""time"":113.869,""dist"":3.00267}",2.93714199999999,12.637142,0,8,11.8,0.259242,8,9.7,0.003011,-0.008057,-0.005046,-0.00705833333333333,0.000557597267428453,0.141668,0.259242,0.173621133333333,0.0353594887062556
117.646629,"P24","Occ_MO_1.2",100,41,3505.140869,7332.542969,148.567078,-0.007243,0.818608,27.7777,1.9,8.1,"{""type"":""M"",""msg"":""FADE0"",""time"":117.617,""dist"":3.10683}",3.23245200000001,5.13245200000001,0,8.7,14.2,0.193083,8.7,1.9,0.002848,-0.008911,-0.006063,-0.00700233333333333,0.00060496521938593,0.193083,0.818608,0.437879242424242,0.190778248635364
119.970131,"P24","Occ_MO_1.2",100,42,3451.178711,7367.960938,145.042023,-0.008911,0.783987,27.7785,40,1e+06,"{""type"":""M"",""msg"":""FADE0"",""time"":119.914,""dist"":3.17065}",1.81790199999999,41.817902,0,6.5,5,0.978016,5,40,0.012797,-0.021708,-0.008911,-0.0126155789473684,0.00481426900319121,0.783987,1.019787,0.933181947368421,0.0788940118629444
122.801308,"P24","Occ_MO_1.2",100,43,3387.846436,7414.611816,142.232956,-0.007406,0.319763,27.7776,9.8,14.4,"{""type"":""M"",""msg"":""FADE0"",""time"":122.791,""dist"":3.25057}",2.32270100000001,12.122701,0,40.5,12.5,0.683301,12.5,9.8,0.001994,-0.009237,-0.007243,-0.00781954166666667,0.000663000228156999,0.319763,0.683301,0.472417458333333,0.115585401207704
125.829033,"P24","Occ_MO_1.2",100,44,3322.552002,7467.648438,139.547577,-0.007731,0.611612,27.7777,3,8.1,"{""type"":""M"",""msg"":""FADE0"",""time"":125.811,""dist"":3.33448}",2.523178,5.523178,0,8.8,13.2,0.292778,8.8,3,0.003377,-0.009074,-0.005697,-0.00691730769230769,0.00071480188971383,0.283934,0.611612,0.377732846153846,0.104485445500392
128.253601,"P24","Occ_MO_1.2",100,45,3272.705566,7512.948242,136.068512,-0.008586,0.810258,27.7784,6.7,15.8,"{""type"":""M"",""msg"":""FADE0"",""time"":128.177,""dist"":3.40023}",1.918693,8.618693,0,7.6,5.9,0.770957,5.9,6.7,0.013122,-0.021708,-0.008586,-0.0122153,0.00488655041495478,0.770957,0.847774,0.8223873,0.019019997634346
130.371948,"P24","Occ_MO_1.2",100,46,3231.446777,7554.914551,132.915573,-0.010254,0.48636,27.7782,13.1,8,"{""type"":""M"",""msg"":""FADE0"",""time"":130.351,""dist"":3.46063}",1.614822,9.614822,0,7.2,5.3,0.816487,5.3,8,0.007568,-0.017822,-0.010254,-0.0124582941176471,0.00297242776961665,0.48636,0.816487,0.679414529411765,0.111619850765958
132.599304,"P24","Occ_MO_1.2",100,47,3190.247803,7601.092773,130.459702,-0.009074,-0.010776,27.7779,21,10.6,"{""type"":""M"",""msg"":""FADE0"",""time"":132.537,""dist"":3.52138}",1.72404499999999,12.324045,0,18.7,9.9,0.348203,9.9,10.6,0.003378,-0.010417,-0.007039,-0.00855627777777778,0.00115820209582406,-0.010776,0.348203,0.150670722222222,0.110963273095097
135.328766,"P24","Occ_MO_1.2",100,48,3142.179443,7659.74707,127.862778,-0.010742,0.008299,27.7773,13.6,9.1,"{""type"":""M"",""msg"":""FADE0"",""time"":135.281,""dist"":3.59763}",2.221237,11.321237,0,5.7,8.2,-0.095499,5.7,9.1,0.008219,-0.010742,-0.002523,-0.00773113043478261,0.0024019198439496,-0.12027,0.008299,-0.0727284782608696,0.0436677456043927
138.561737,"P24","Occ_MO_1.2",100,49,3088.985352,7732.12207,124.827225,-0.008748,0.478308,27.7778,5.7,49.3,"{""type"":""M"",""msg"":""FADE0"",""time"":138.495,""dist"":3.68692}",2.727371,8.427371,0,9.6,15.3,0.031102,9.6,5.7,0.00236,-0.008748,-0.006388,-0.00723539285714286,0.00075204025400958,0.031102,0.478308,0.192826178571429,0.139160182864808
141.185928,"P24","Occ_MO_1.2",100,50,3049.05957,7793.124023,121.833488,-0.007039,0.87097,27.778,2.7,10.4,"{""type"":""M"",""msg"":""FADE0"",""time"":141.087,""dist"":3.75896}",2.11828599999998,4.81828599999998,0,7.8,5.8,0.616973,5.8,2.7,0.010254,-0.016805,-0.006551,-0.00875931818181818,0.00279172011126719,0.616973,0.87097,0.740525954545455,0.0720098847430832
143.614258,"P24","Occ_MO_1.2",100,51,3015.881104,7851.852051,117.43544,-0.010254,-0.11976,27.779,5.2,2.3,"{""type"":""M"",""msg"":""FADE0"",""time"":143.586,""dist"":3.82838}",1.92291299999999,4.22291299999999,0,4.8,3.6,0.9411,3.6,2.3,0.017819,-0.028073,-0.010254,-0.0147251,0.00664518810394725,-0.11976,0.9411,0.50240135,0.35165476199164
145.435547,"P24","Occ_MO_1.2",100,52,2992.678711,7896.82666,116.93335,-0.008057,-0.820525,27.7783,49.9,4.3,"{""type"":""M"",""msg"":""FADE0"",""time"":145.376,""dist"":3.87812}",1.314423,5.614423,0,4.1,5.3,-0.49613,4.1,4.3,0.022471,-0.008057,0.014414,-0.00113657142857143,0.00756380810392272,-0.820525,-0.49613,-0.7041975,0.0985134135386571
147.256622,"P24","Occ_MO_1.2",100,53,2969.832275,7941.974121,116.277222,-0.011271,-0.298208,27.7772,15.2,11.7,"{""type"":""M"",""msg"":""FADE0"",""time"":147.209,""dist"":3.92906}",1.31463599999998,13.014636,0,3.2,4.3,-0.870063,3.2,11.7,0.027354,-0.011271,0.016083,-0.00244428571428571,0.0100932649930426,-0.870063,-0.298208,-0.620952642857143,0.198926928211421
149.682907,"P24","Occ_MO_1.2",100,54,2941.596191,8003.18457,113.409554,-0.008748,0.400868,27.7782,46.9,53.5,"{""type"":""M"",""msg"":""FADE0"",""time"":149.58,""dist"":3.99494}",1.92253099999999,48.822531,0,12.1,8.8,-0.094419,8.8,46.9,0.003865,-0.011922,-0.008057,-0.008893,0.00131039246832872,-0.094419,0.400868,0.15795065,0.1511325923027
152.205032,"P24","Occ_MO_1.2",100,55,2915.468262,8068.202637,110.49144,-0.008748,0.632168,27.7781,53.8,23.4,"{""type"":""M"",""msg"":""FADE0"",""time"":152.148,""dist"":4.06628}",2.11825499999998,25.518255,0,8.8,6.5,0.494744,6.5,23.4,0.00704,-0.014608,-0.007568,-0.00921077272727273,0.00199844227270042,0.494744,0.632168,0.580898272727273,0.0385737397228709
154.527542,"P24","Occ_MO_1.2",100,56,2894.523438,8129.233398,107.468369,-0.008219,0.234828,27.7781,21,8.1,"{""type"":""M"",""msg"":""FADE0"",""time"":154.451,""dist"":4.13027}",1.81437700000001,9.91437700000001,0,7.2,5.2,0.640503,5.2,8.1,0.007243,-0.015462,-0.008219,-0.0104980526315789,0.00243513936342425,0.234828,0.640503,0.471665947368421,0.133488581679181
156.963943,"P24","Occ_MO_1.2",100,57,2875.341064,8194.152344,105.333572,-0.008911,-0.265668,27.7777,17.2,7.1,"{""type"":""M"",""msg"":""FADE0"",""time"":156.943,""dist"":4.19952}",1.93168600000001,9.03168600000001,0,10.8,14.2,0.085854,10.8,7.1,0.003703,-0.008911,-0.005208,-0.0070651052631579,0.000984840251836523,-0.265668,0.085854,-0.115394578947368,0.109329830910017
14.045075,"P25","Occ_MO_1.2",100,1,5759.976562,8288.287109,-102.453491,-0.009562,-0.182081,27.6147,11.5,5.8,"{""type"":""M"",""msg"":""FADE0"",""time"":13.9672,""dist"":0.224688}",1.613139,7.413139,0,11.7,6.8,0.095222,6.8,5.8,0.002848,-0.009562,-0.006714,-0.00833664705882353,0.00121311772621088,-0.182081,0.095222,-0.0507547058823529,0.0873432758328916
16.375645,"P25","Occ_MO_1.2",100,2,5745.26416,8225.428711,-103.848328,-0.006388,-0.057542,27.762,5.4,9.6,"{""type"":""M"",""msg"":""FADE0"",""time"":16.3666,""dist"":0.291148}",1.823668,7.223668,0,6.9,9.5,-0.267822,6.9,5.4,0.004557,-0.006388,-0.001831,-0.00401752631578947,0.00160787518063164,-0.299256,-0.057542,-0.228335578947368,0.077749532534726
18.392616,"P25","Occ_MO_1.2",100,3,5730.668457,8171.337402,-106.921104,-0.013102,0.301713,27.7775,7.4,4.8,"{""type"":""M"",""msg"":""FADE0"",""time"":18.2988,""dist"":0.344827}",1.512001,6.312001,0,4.5,8.9,0.112293,4.5,4.8,0.012777,-0.019328,-0.006551,-0.014216125,0.00313249187016769,0.112293,0.340438,0.2780026875,0.073275173863748
21.51795,"P25","Occ_MO_1.2",100,4,5703.112305,8088.991699,-109.612267,-0.004191,-0.306715,27.7779,6.8,9.8,"{""type"":""M"",""msg"":""FADE0"",""time"":21.4619,""dist"":0.432718}",2.620047,9.420047,0,9.4,5.4,0.187963,5.4,6.8,0.006713,-0.009928,-0.003215,-0.00585937037037037,0.00199714130596996,-0.310718,0.187963,-0.139146296296296,0.166276402980749
24.443306,"P25","Occ_MO_1.2",100,5,5674.168945,8013.048828,-112.72715,-0.010742,0.046428,27.7775,10.4,6.5,"{""type"":""M"",""msg"":""FADE0"",""time"":24.3483,""dist"":0.512919}",2.418697,8.918697,0,6.1,9.4,-0.251553,6.1,6.5,0.007731,-0.012614,-0.004883,-0.00965816,0.00201095422374553,-0.251553,0.05427,-0.04982256,0.103370484473358
27.072626,"P25","Occ_MO_1.2",100,6,5644.665039,7946.215332,-114.545448,-0.004557,0.144315,27.7777,3.8,7.1,"{""type"":""M"",""msg"":""FADE0"",""time"":27.0089,""dist"":0.586848}",2.122648,5.922648,0,11,6.3,0.00124,6.3,3.8,0.009074,-0.009928,-0.000854,-0.00428718181818182,0.00240504310695679,-0.084509,0.144315,-0.0191717272727273,0.0662776018872294
30.10331,"P25","Occ_MO_1.2",100,7,5607.164062,7870.836914,-118.381599,-0.008748,0.50789,27.7781,44.2,19.5,"{""type"":""M"",""msg"":""FADE0"",""time"":30.082,""dist"":0.672236}",2.525807,22.025807,0,7.9,5.9,0.328008,5.9,19.5,0.009888,-0.018311,-0.008423,-0.0108219615384615,0.00265672459213625,0.328008,0.527865,0.483838153846154,0.0562868892639786
33.742424,"P25","Occ_MO_1.2",100,8,5555.778809,7783.780762,-122.85891,-0.010254,-0.324601,27.7779,7.1,2.9,"{""type"":""M"",""msg"":""FADE0"",""time"":33.6884,""dist"":0.772444}",3.135014,6.035014,0,9.7,6.6,0.478039,6.6,2.9,0.005208,-0.013794,-0.008586,-0.01022715625,0.00115019356321573,-0.324601,0.478039,0.150794375,0.245542851226887
36.366341,"P25","Occ_MO_1.2",100,9,5516.134766,7722.594238,-122.398361,0.000163,0.248317,27.7776,1.3,3,"{""type"":""M"",""msg"":""FADE0"",""time"":36.2906,""dist"":0.84475}",2.117257,3.417257,0,5.7,7.4,-0.537422,5.7,1.3,0.008881,-0.000326,0.008555,0.00403390909090909,0.00269783466804471,-0.645291,0.248317,-0.405126727272727,0.277933763476323
37.984825,"P25","Occ_MO_1.2",100,10,5490.605957,7685.60791,-127.328224,-0.013102,0.960084,27.7805,7.8,5.3,"{""type"":""M"",""msg"":""FADE0"",""time"":37.9815,""dist"":0.891723}",1.115417,6.415417,0,4.3,3.5,0.851003,3.5,5.3,0.041477,-0.054579,-0.013102,-0.03006275,0.0163696982541468,0.851003,1.110766,1.029715,0.0789787886840511
40.716969,"P25","Occ_MO_1.2",100,11,5443.852539,7625.789551,-128.448181,-0.005208,0.963271,27.778,0.6,4.2,"{""type"":""M"",""msg"":""FADE0"",""time"":40.6616,""dist"":0.966202}",2.229119,2.829119,0,42.9,10.6,0.765465,10.6,0.6,0.01474,-0.009074,0.005666,-0.00224204347826087,0.00383452665655644,0.551417,0.963271,0.678756304347826,0.119718359554427
43.03793,"P25","Occ_MO_1.2",100,12,5401.105469,7577.556641,-133.930588,-0.008911,0.132673,27.7821,7.3,3,"{""type"":""M"",""msg"":""FADE0"",""time"":42.9365,""dist"":1.02941}",1.81715800000001,4.81715800000001,0,-0.200752,3.2,1.242606,-0.200752,3,0.05058,-0.055137,-0.004557,-0.020413,0.0160807212766647,0.132673,1.278129,0.821143631578947,0.397122615905159
44.962658,"P25","Occ_MO_1.2",100,13,5363.96582,7539.070801,-134.563248,-0.010905,-0.416844,27.7777,14.5,8.2,"{""type"":""M"",""msg"":""FADE0"",""time"":44.8712,""dist"":1.08317}",1.52108399999999,9.72108399999999,0,3.7,5,-0.174203,3.7,8.2,0.024465,-0.010905,0.01356,-0.002266,0.00785215329278112,-0.424498,-0.174203,-0.36946125,0.077254895154935
46.986042,"P25","Occ_MO_1.2",100,14,5323.881348,7499.652344,-136.355148,-0.006714,-0.118029,27.7776,4.9,8.4,"{""type"":""M"",""msg"":""FADE0"",""time"":46.9364,""dist"":1.14055}",1.516735,6.416735,0,8.3,11.8,-0.40969,8.3,4.9,0.0059,-0.008748,-0.002848,-0.0063578125,0.00142718446454316,-0.40969,-0.118029,-0.30118775,0.09649040265263
48.50946,"P25","Occ_MO_1.2",100,15,5292.797852,7470.924316,-138.579559,-0.013428,0.345466,27.7772,10.3,7.4,"{""type"":""M"",""msg"":""FADE0"",""time"":48.4339,""dist"":1.18216}",1.013172,8.413172,0,21,17.5,0.069487,17.5,7.4,0.0059,-0.016479,-0.010579,-0.0139121818181818,0.00202364536508657,0.069487,0.345466,0.225797909090909,0.0922143071854412
50.831417,"P25","Occ_MO_1.2",100,16,5243.146973,7429.744141,-142.331177,-0.014974,0.105444,27.7776,5.6,3.2,"{""type"":""M"",""msg"":""FADE0"",""time"":50.8275,""dist"":1.24867}",1.817676,5.017676,0,8.9,6.2,0.388629,6.2,3.2,0.004883,-0.015137,-0.010254,-0.0132735789473684,0.0015252604628496,0.105444,0.389642,0.300981421052632,0.0893853750784992
53.56052,"P25","Occ_MO_1.2",100,17,5182.263672,7384.541992,-144.308121,-0.006551,-0.47141,27.7776,9.2,13.3,"{""type"":""M"",""msg"":""FADE0"",""time"":53.5176,""dist"":1.32342}",2.225159,11.425159,0,14.8,17.9,-0.126979,14.8,9.2,0.005045,-0.006551,-0.001506,-0.00426186956521739,0.00184272444801287,-0.503398,-0.126979,-0.408931913043478,0.115117803726488
55.888939,"P25","Occ_MO_1.2",100,18,5129.017578,7347.80127,-146.779282,-0.010417,-0.123223,27.7776,13.7,9.1,"{""type"":""M"",""msg"":""FADE0"",""time"":55.7987,""dist"":1.3868}",1.822258,10.922258,0,7.6,11.2,-0.413093,7.6,9.1,0.004679,-0.010579,-0.0059,-0.00890894736842105,0.00159221507040015,-0.413093,-0.123223,-0.260825736842105,0.0954406327187757
58.715889,"P25","Occ_MO_1.2",100,19,5062.101074,7306.687988,-150.204895,-0.010254,-0.165955,27.7778,10,5.4,"{""type"":""M"",""msg"":""FADE0"",""time"":58.6203,""dist"":1.4652}",2.322048,7.722048,0,13.3,8.5,-0.084468,8.5,5.4,0.001506,-0.010254,-0.008748,-0.009762125,0.000582688246312987,-0.165955,-0.072598,-0.0941700416666667,0.0273539887346222
62.146282,"P25","Occ_MO_1.2",100,20,4978.012207,7261.835938,-153.827072,-0.010254,-0.682941,27.7778,7.6,2.5,"{""type"":""M"",""msg"":""FADE0"",""time"":62.0965,""dist"":1.56179}",2.926285,5.426285,0,12,5.6,-0.250775,5.6,2.5,0.005371,-0.010254,-0.004883,-0.00830763333333333,0.00180933816216247,-0.682941,-0.250775,-0.4800944,0.119151495708441
65.582184,"P25","Occ_MO_1.2",100,21,4891.742188,7220.952148,-155.46579,-0.006063,0.043635,27.7774,3,6.3,"{""type"":""M"",""msg"":""FADE0"",""time"":65.5618,""dist"":1.65808}",2.932476,5.932476,0,8.6,10.8,-0.801247,8.6,3,0.006226,-0.006063,0.000163,-0.0027886,0.00229849794431059,-0.887036,0.043635,-0.608174733333333,0.29920592845949
69.223793,"P25","Occ_MO_1.2",100,22,4797.895508,7183.212891,-159.946533,-0.004191,0.896333,27.7786,1.5,6,"{""type"":""M"",""msg"":""FADE0"",""time"":69.1787,""dist"":1.75858}",3.13653600000001,4.63653600000001,0,10.5,8.5,0.380811,8.5,1.5,0.016113,-0.018636,-0.002523,-0.01013065625,0.00590100826600366,0.380811,0.896333,0.73351015625,0.117529835711045
71.649719,"P25","Occ_MO_1.2",100,23,4733.786621,7162.455078,-163.64061,-0.002035,0.3448,27.78,6.7,9.3,"{""type"":""M"",""msg"":""FADE0"",""time"":71.5493,""dist"":1.82445}",1.921707,8.621707,0,6.4,5,1.045717,5,6.7,0.034496,-0.036164,-0.001668,-0.0132634,0.0107016401369628,0.3448,1.081139,0.7863582,0.257388000713361
74.274712,"P25","Occ_MO_1.2",100,24,4663.619141,7142.541992,-164.676254,-0.002848,0.372529,27.7775,2.4,5.3,"{""type"":""M"",""msg"":""FADE0"",""time"":74.2334,""dist"":1.89903}",2.22152699999999,4.621527,0,12.3,16.2,0.215974,12.3,2.4,0.004883,-0.006063,-0.00118,-0.00298095652173913,0.00100698521602675,0.09028,0.372529,0.17027447826087,0.0812293182919195
76.69725,"P25","Occ_MO_1.2",100,25,4598.079102,7127.319336,-168.785583,-0.002523,0.143225,27.7804,7,9.6,"{""type"":""M"",""msg"":""FADE0"",""time"":76.6443,""dist"":1.96601}",1.91746499999999,8.91746499999999,0,8.7,6.9,0.619958,6.9,7,0.02841,-0.030933,-0.002523,-0.0150348,0.0113603929398313,0.143225,0.752674,0.52292045,0.209503701013779
79.2295,"P25","Occ_MO_1.2",100,26,4528.878906,7114.597168,-170.41748,-0.004557,-0.111134,27.7778,5.2,8.1,"{""type"":""M"",""msg"":""FADE0"",""time"":79.1475,""dist"":2.03557}",2.02887,7.22887,0,38.1,9,0.005948,9,5.2,0.004882,-0.008748,-0.003866,-0.00536919047619048,0.00125135153410413,-0.16329,0.005948,-0.115959380952381,0.051469955137416
81.753326,"P25","Occ_MO_1.2",100,27,4459.397461,7105.331543,-175.219849,-0.009074,-0.528467,27.7787,4.9,1.4,"{""type"":""M"",""msg"":""FADE0"",""time"":81.6608,""dist"":2.1054}",2.020279,3.420279,0,7.4,13,-0.002028,7.4,1.4,0.01525,-0.023469,-0.008219,-0.0171777142857143,0.00540661150021765,-0.528467,0.130275,-0.0493382857142857,0.202510209797467
84.279755,"P25","Occ_MO_1.2",100,28,4389.424805,7099.687012,-176.271286,-0.008911,-1.051657,27.7775,17,23.8,"{""type"":""M"",""msg"":""FADE0"",""time"":84.1937,""dist"":2.17578}",2.0196,0.508491000000006,0.508491000000006,5.4,6.6,-0.922022,5.4,17,0.022309,-0.012777,0.009532,-0.00314,0.00759114118561893,-1.156059,-0.922022,-1.09447242857143,0.0603808019900129
86.900856,"P25","Occ_MO_1.2",100,29,4316.703125,7095.738281,-177.373962,-0.003866,0.323673,27.7776,1.4,3.4,"{""type"":""M"",""msg"":""FADE0"",""time"":86.8291,""dist"":2.24901}",2.11966700000001,3.51966700000001,0,5.2,6.9,-1.003119,5.2,1.4,0.004192,-0.003866,0.000326,-0.00216772727272727,0.00125091228354571,-1.003119,0.323673,-0.499614681818182,0.420902747841146
88.921478,"P25","Occ_MO_1.2",100,30,4260.592285,7095.902832,177.849335,-0.004028,0.862861,27.7835,3,7,"{""type"":""M"",""msg"":""FADE0"",""time"":88.859,""dist"":2.30541}",1.51505999999999,4.51505999999999,0,3.9,3.1,0.877896,3.1,3,0.060084,-0.063787,-0.003703,-0.0211766875,0.0226774847950377,0.862861,1.050874,0.9534064375,0.0678250661559759
91.149925,"P25","Occ_MO_1.2",100,31,4198.797852,7099.765137,174.804642,-0.009562,0.556989,27.7784,15,9.2,"{""type"":""M"",""msg"":""FADE0"",""time"":91.1298,""dist"":2.36851}",1.722931,10.922931,0,8.2,6.2,0.870843,6.2,9.2,0.010416,-0.018473,-0.008057,-0.0123741111111111,0.00326031019615671,0.556989,0.87299,0.750490888888889,0.108375945651557
93.981926,"P25","Occ_MO_1.2",100,32,4120.660645,7108.978516,171.46933,-0.009074,-0.152524,27.7777,11.5,4.9,"{""type"":""M"",""msg"":""FADE0"",""time"":93.9387,""dist"":2.44656}",2.325104,7.225104,0,37.7,18.5,0.425858,18.5,4.9,0.007405,-0.013102,-0.005697,-0.00959091666666667,0.00178604062753018,-0.152524,0.425858,0.15773875,0.171557696444704
98.030319,"P25","Occ_MO_1.2",100,33,4009.931885,7128.69873,167.814209,-0.011271,-0.358667,27.7778,9.7,5.4,"{""type"":""M"",""msg"":""FADE0"",""time"":97.9318,""dist"":2.55751}",3.54106900000001,8.94106900000001,0,9,11.6,-0.318347,9,5.4,0.008911,-0.011271,-0.00236,-0.00720444444444444,0.00286184015171502,-0.514626,-0.318347,-0.432121138888889,0.057538185734421
102.274788,"P25","Occ_MO_1.2",100,34,3895.76123,7158.115723,162.720276,-0.013957,-0.590091,27.7775,4.8,1.8,"{""type"":""M"",""msg"":""FADE0"",""time"":102.252,""dist"":2.67756}",3.738022,5.538022,0,18.4,9.4,-0.367254,9.4,1.8,0.008749,-0.013957,-0.005208,-0.00982128947368421,0.00239274635725487,-0.590091,-0.32957,-0.387371894736842,0.0648349046807473
106.415596,"P25","Occ_MO_1.2",100,35,3786.792725,7195.004883,159.40004,-0.012248,-0.784844,27.7774,7.6,3.2,"{""type"":""M"",""msg"":""FADE0"",""time"":106.357,""dist"":2.7916}",3.636169,6.836169,0,10,2.4,-0.79778,2.4,3.2,0.014079,-0.012248,0.001831,-0.00575156756756757,0.00378327454829911,-1.020481,-0.784844,-0.924145,0.0781299792279933
110.158958,"P25","Occ_MO_1.2",100,36,3690.67627,7234.702637,155.418854,-0.009562,-0.627599,27.7777,11.4,4.6,"{""type"":""M"",""msg"":""FADE0"",""time"":110.148,""dist"":2.89696}",3.236267,7.836267,0,8.6,11.4,-0.779846,8.6,4.6,0.006877,-0.010905,-0.004028,-0.00833772727272727,0.00212115227047599,-0.780064,-0.598863,-0.668398696969697,0.0685180638187318
113.496834,"P25","Occ_MO_1.2",100,37,3607.306396,7275.316895,152.452164,-0.009074,-0.475082,27.7779,1e+06,15.2,"{""type"":""M"",""msg"":""FADE0"",""time"":113.401,""dist"":2.98734}",2.829369,18.029369,0,12.8,16.4,-0.670732,12.8,15.2,0.005534,-0.009074,-0.00354,-0.00685703448275862,0.00161145917644224,-0.691973,-0.475082,-0.615269724137931,0.0710798695944501
117.137405,"P25","Occ_MO_1.2",100,38,3518.697754,7324.099121,150.000732,-0.005371,0.881129,27.7776,0.7,4,"{""type"":""M"",""msg"":""FADE0"",""time"":117.115,""dist"":3.09054}",3.234657,3.934657,0,15.8,22,-0.429743,15.8,0.7,0.005697,-0.007894,-0.002197,-0.00492845454545455,0.00128159476071097,-0.429743,0.881129,0.0545132121212121,0.401747717602474
119.463623,"P25","Occ_MO_1.2",100,39,3464.813721,7359.66748,143.068146,-0.008057,-0.067964,27.7849,3.5,1.4,"{""type"":""M"",""msg"":""FADE0"",""time"":119.424,""dist"":3.15469}",1.820579,3.220579,0,-0.201104,8.6,1.265218,-0.201104,1.4,0.045616,-0.053673,-0.008057,-0.0283882631578947,0.0176958342927309,-0.067964,1.444511,0.941018578947368,0.507662670697046
121.59362,"P25","Occ_MO_1.2",100,40,3416.448486,7393.740234,146.88446,-0.001831,-0.089601,27.7811,1.5,3,"{""type"":""M"",""msg"":""FADE0"",""time"":121.586,""dist"":3.21476}",1.625747,0.408111000000005,0.408111000000005,5,0.8,-0.766394,0.8,1.5,0.045912,-0.00354,0.042372,0.0188166470588235,0.0157047160868208,-1.166316,-0.089601,-0.824782058823529,0.336307783190389
123.716278,"P25","Occ_MO_1.2",100,41,3369.138184,7428.873535,141.302032,0.005341,0.615522,27.7883,2.2,4.4,"{""type"":""M"",""msg"":""FADE0"",""time"":123.668,""dist"":3.27259}",1.62088800000001,3.82088800000001,0,3.8,3.1,0.684969,3.1,2.2,0.098216,-0.092875,0.005341,-0.0249851176470588,0.0329822273275365,0.615522,0.95995,0.794628705882353,0.121522894468884
127.35363,"P25","Occ_MO_1.2",100,42,3292.507812,7494.737793,137.294296,-0.005046,0.477945,27.7782,4.2,7.7,"{""type"":""M"",""msg"":""FADE0"",""time"":127.308,""dist"":3.37375}",3.132278,7.332278,0,4.5,14.1,0.667437,4.5,4.2,0.017293,-0.019328,-0.002035,-0.01039259375,0.00464193952691896,0.473007,0.765186,0.62585178125,0.111852994682604
130.496292,"P25","Occ_MO_1.2",100,43,3230.520996,7556.208496,132.878235,-0.012085,0.26785,27.7776,8.9,5.4,"{""type"":""M"",""msg"":""FADE0"",""time"":130.398,""dist"":3.45962}",2.63548300000001,8.03548300000001,0,6.5,4.7,0.534316,4.7,5.4,0.012006,-0.020592,-0.008586,-0.012401962962963,0.00267779246742079,0.26785,0.547783,0.453975814814815,0.0869913972780497
133.325668,"P25","Occ_MO_1.2",100,44,3178.681885,7615.299805,129.684738,-0.009766,-0.446451,27.7776,12,4.8,"{""type"":""M"",""msg"":""FADE0"",""time"":133.266,""dist"":3.5393}",2.422866,7.222866,0,9.3,5.3,0.158047,5.3,4.8,0.005045,-0.011271,-0.006226,-0.00885104,0.00130646483815422,-0.446451,0.158047,-0.1739136,0.187439726433148
136.359085,"P25","Occ_MO_1.2",100,45,3126.696289,7681.629395,126.190201,-0.014119,-0.926379,27.7772,4.9,1,"{""type"":""M"",""msg"":""FADE0"",""time"":136.28,""dist"":3.62305}",2.528763,3.528763,0,1e+06,10.2,-0.542568,10.2,1,0.007405,-0.014119,-0.006714,-0.00946034615384615,0.00180379313541897,-0.926379,-0.542568,-0.732958538461538,0.10869362885477
138.580856,"P25","Occ_MO_1.2",100,46,3090.697754,7731.779785,124.6605,-0.01359,-0.747356,27.7768,7.9,4,"{""type"":""M"",""msg"":""FADE0"",""time"":138.519,""dist"":3.68526}",1.71791000000002,5.71791000000002,0,4.6,5.9,-1.062601,4.6,4,0.024669,-0.015137,0.009532,-0.004745,0.00766902964181642,-1.090066,-0.747356,-0.958875833333333,0.120949486441168
141.208466,"P25","Occ_MO_1.2",100,47,3050.434326,7792.678711,122.204636,-0.011922,-0.060885,27.7773,12.7,9.3,"{""type"":""M"",""msg"":""FADE0"",""time"":141.182,""dist"":3.75925}",2.12176599999998,11.421766,0,10.8,15.6,-0.668413,10.8,9.3,0.009074,-0.011922,-0.002848,-0.00704845454545455,0.0027005472060531,-0.668413,-0.060885,-0.411115636363636,0.197085465394982
143.937454,"P25","Occ_MO_1.2",100,48,3011.817383,7857.92334,118.777832,-0.011759,0.535758,27.7774,10.6,7.6,"{""type"":""M"",""msg"":""FADE0"",""time"":143.844,""dist"":3.83323}",2.22463999999999,9.82463999999999,0,13.2,9.8,0.085474,9.8,7.6,0.009237,-0.014608,-0.005371,-0.010163652173913,0.00238770724200388,0.085474,0.535758,0.340235652173913,0.149936977071462
147.97406,"P25","Occ_MO_1.2",100,49,2961.72998,7958.246582,114.195503,-0.009562,0.124755,27.7782,10.8,6.1,"{""type"":""M"",""msg"":""FADE0"",""time"":147.907,""dist"":3.94612}",3.53428600000001,9.63428600000001,0,22.6,32.6,0.531607,22.6,6.1,0.003051,-0.009928,-0.006877,-0.00901516666666667,0.000825828397947868,0.124755,0.531607,0.390583333333333,0.122846479577212
151.306732,"P25","Occ_MO_1.2",100,50,2925.875977,8043.614746,111.319038,-0.006877,-0.306781,27.7776,13.6,18.5,"{""type"":""M"",""msg"":""FADE0"",""time"":151.245,""dist"":4.03885}",2.82605000000001,16.42605,0,16,20.3,-0.002313,16,13.6,0.004029,-0.008586,-0.004557,-0.00661289655172414,0.000916084187679416,-0.306781,-0.002313,-0.210742482758621,0.0932640720793921
154.133453,"P25","Occ_MO_1.2",100,51,2898.862549,8117.358887,108.790398,-0.008219,-0.127929,27.7775,19.7,27.9,"{""type"":""M"",""msg"":""FADE0"",""time"":154.082,""dist"":4.11769}",2.32243299999999,22.022433,0,29.1,34.8,-0.309086,29.1,19.7,0.004028,-0.009074,-0.005046,-0.007183625,0.000966701735058553,-0.309275,-0.127929,-0.249526833333333,0.0613657750907846
156.975159,"P25","Occ_MO_1.2",100,52,2875.950684,8192.899414,104.775887,-0.008586,-0.526161,27.7783,8.4,2.4,"{""type"":""M"",""msg"":""FADE0"",""time"":156.96,""dist"":4.19765}",2.33438099999998,4.73438099999998,0,1e+06,18.2,-0.06621,18.2,2.4,0.008748,-0.015625,-0.006877,-0.0119274347826087,0.00294812593517378,-0.526161,-0.025893,-0.183068260869565,0.167184780899409
14.930996,"P26","Occ_MO_1.2",100,1,5756.026367,8266.279297,-102.600349,-0.008586,0.728706,27.6633,9.7,39.4,"{""type"":""M"",""msg"":""FADE0"",""time"":14.8835,""dist"":0.247836}",2.622325,12.322325,0,30.7,25,0.241193,25,9.7,0.000162000000000001,-0.008748,-0.008586,-0.008742,3.11769145362399e-05,0.241193,0.728706,0.491317703703704,0.148952911310102
17.360615,"P26","Occ_MO_1.2",100,2,5739.876465,8200.832031,-105.294487,-0.009562,1.056371,27.7751,19.6,15.2,"{""type"":""M"",""msg"":""FADE0"",""time"":17.3311,""dist"":0.315748}",1.923019,17.123019,0,7.6,39.5,0.811538,7.6,15.2,0.000975999999999999,-0.009562,-0.008586,-0.0091065,0.000479678785065699,0.811538,1.056371,0.9504201,0.0785342425743466
20.194241,"P26","Occ_MO_1.2",100,3,5716.908203,8125.535645,-108.632523,-0.006877,0.864878,27.7782,12.8,19.9,"{""type"":""M"",""msg"":""FADE0"",""time"":20.1629,""dist"":0.39443}",2.325287,15.125287,0,18.6,14.3,1.081154,14.3,12.8,0.004028,-0.010905,-0.006877,-0.00951654166666667,0.00152777951912505,0.864878,1.088405,1.021052875,0.0751576324628343
22.421307,"P26","Occ_MO_1.2",100,4,5696.175781,8067.234375,-110.603073,-0.007406,0.639823,27.7779,13.8,22.5,"{""type"":""M"",""msg"":""FADE0"",""time"":22.361,""dist"":0.455507}",1.720553,15.520553,0,13.6,21,0.789407,13.6,13.8,0.000367,-0.007406,-0.007039,-0.00710016666666667,0.000140738075453493,0.639823,0.789407,0.700631055555555,0.0475649002700795
24.544268,"P26","Occ_MO_1.2",100,5,5674.437988,8012.401367,-112.69458,-0.007568,0.544812,27.778,15.9,24.2,"{""type"":""M"",""msg"":""FADE0"",""time"":24.528,""dist"":0.515719}",1.615752,17.515752,0,19.4,13.4,0.624252,13.4,15.9,0.002035,-0.009074,-0.007039,-0.00799429411764706,0.000904384650239175,0.544812,0.624252,0.583153647058824,0.0274447297785503
27.173763,"P26","Occ_MO_1.2",100,6,5644.693359,7945.67627,-115.568115,-0.009766,0.379828,27.7777,12.3,7.7,"{""type"":""M"",""msg"":""FADE0"",""time"":27.1614,""dist"":0.588892}",2.124773,9.824773,0,36.5,41.9,0.532895,36.5,7.7,0.001547,-0.009766,-0.008219,-0.00906263636363636,0.000510677378862022,0.379828,0.532895,0.477966636363636,0.0468542007503779
29.494911,"P26","Occ_MO_1.2",100,7,5615.507324,7888.169922,-118.28228,-0.008911,-0.234103,27.7779,10,4.1,"{""type"":""M"",""msg"":""FADE0"",""time"":29.4524,""dist"":0.652548}",1.814567,5.914567,0,10.5,6.4,0.291032,6.4,4.1,0.001668,-0.010579,-0.008911,-0.00937778947368421,0.0007232499628565,-0.234103,0.291032,0.046119,0.166270147802371
32.327103,"P26","Occ_MO_1.2",100,8,5576.842285,7819.634277,-120.735794,-0.009562,-0.8594,27.7776,10.3,2.3,"{""type"":""M"",""msg"":""FADE0"",""time"":32.2903,""dist"":0.731402}",2.326609,4.626609,0,9.1,3.2,-0.411025,3.2,2.3,0.005208,-0.009562,-0.004354,-0.00662566666666667,0.00207715865016879,-0.8594,-0.411025,-0.691359666666667,0.132448883985866
34.440929,"P26","Occ_MO_1.2",100,9,5546.131348,7769.570801,-122.467789,-0.009562,-0.868074,27.7776,23.8,7.8,"{""type"":""M"",""msg"":""FADE0"",""time"":34.3551,""dist"":0.788775}",1.609478,9.409478,0,15.4,2.7,-0.936555,2.7,7.8,0.009236,-0.009562,-0.000326,-0.00572764705882353,0.00384396564340097,-0.983104,-0.868074,-0.939923764705882,0.0381736782753008
37.164806,"P26","Occ_MO_1.2",100,10,5503.970215,7706.725098,-125.264076,-0.008911,-0.614169,27.7775,18.6,24.8,"{""type"":""M"",""msg"":""FADE0"",""time"":37.1038,""dist"":0.865149}",2.217945,20.817945,0,1e+06,9.8,-0.826724,9.8,18.6,0.002849,-0.009237,-0.006388,-0.008046,0.00113181868930255,-0.826724,-0.614169,-0.744273,0.0668606773814706
39.696365,"P26","Occ_MO_1.2",100,11,5462.012695,7650.276367,-128.092728,-0.009074,-0.295996,27.7778,15.9,23.3,"{""type"":""M"",""msg"":""FADE0"",""time"":39.686,""dist"":0.936898}",2.026924,17.926924,0,20,27.2,-0.54446,20,15.9,0,-0.009074,-0.009074,-0.009074,0,-0.54446,-0.295996,-0.417822476190476,0.0769132508769582
44.131031,"P26","Occ_MO_1.2",100,12,5381.922852,7556.686523,-133.132996,-0.009237,0.285355,27.7779,8.3,18.7,"{""type"":""M"",""msg"":""FADE0"",""time"":44.0434,""dist"":1.05798}",3.931587,12.231587,0,16.9,26.6,-0.236363,16.9,8.3,0,-0.009237,-0.009237,-0.009237,0,-0.236363,0.285355,0.00723155000000001,0.154618723829503
46.558578,"P26","Occ_MO_1.2",100,13,5334.674316,7508.558105,-135.960922,-0.009766,0.802801,27.7775,3.7,31.7,"{""type"":""M"",""msg"":""FADE0"",""time"":46.5552,""dist"":1.12777}",1.919197,5.619197,0,7.2,17.7,0.374661,7.2,3.7,0.000529,-0.009766,-0.009237,-0.009534,0.000256030425823511,0.374661,0.802801,0.5786951,0.135308382518523
49.183598,"P26","Occ_MO_1.2",100,14,5280.519531,7459.727539,-140.362,-0.014974,0.763482,27.7777,6.5,4.4,"{""type"":""M"",""msg"":""FADE0"",""time"":49.1363,""dist"":1.19948}",2.120961,6.520961,0,12.5,9.9,0.913999,9.9,4.4,0.001872,-0.014974,-0.013102,-0.0143931818181818,0.000730785854657823,0.763482,0.997708,0.936082818181818,0.0671719091221042
51.304497,"P26","Occ_MO_1.2",100,15,5234.401855,7423.042969,-142.710968,-0.011271,-0.05879,27.7776,7.4,3.8,"{""type"":""M"",""msg"":""FADE0"",""time"":51.2402,""dist"":1.25794}",1.616894,5.416894,0,16.9,21.1,0.532732,16.9,3.8,0.006714,-0.011271,-0.004557,-0.00797517647058824,0.00270069348120289,-0.05879,0.532732,0.216579117647059,0.180681086348254
53.731369,"P26","Occ_MO_1.2",100,16,5179.978516,7383.233398,-144.996552,-0.010579,-0.744201,27.7774,8,2.4,"{""type"":""M"",""msg"":""FADE0"",""time"":53.645,""dist"":1.32476}",1.922047,4.322047,0,11.6,3.8,-0.259677,3.8,2.4,0.006876,-0.010579,-0.003703,-0.0068949,0.00256354953141148,-0.744201,-0.259677,-0.5460861,0.145430764801783
55.751633,"P26","Occ_MO_1.2",100,17,5133.542969,7351.694824,-146.433655,-0.004191,-0.903199,27.7778,7,9.5,"{""type"":""M"",""msg"":""FADE0"",""time"":55.6737,""dist"":1.38113}",1.515827,8.515827,0,12.2,15.2,-0.850863,12.2,7,0.00118,-0.005371,-0.004191,-0.004308,0.000301161086463706,-0.95144,-0.850863,-0.922162125,0.0303283275654406
58.779095,"P26","Occ_MO_1.2",100,18,5062.319336,7306.960449,-149.852768,-0.013265,-0.284821,27.7774,7.6,4.4,"{""type"":""M"",""msg"":""FADE0"",""time"":58.7762,""dist"":1.46734}",2.524151,6.924151,0,7.8,11.2,-0.798973,7.8,4.4,0.007202,-0.013265,-0.006063,-0.00998788461538462,0.00171770570999629,-0.798973,-0.284821,-0.493475,0.166863259512213
61.71022,"P26","Occ_MO_1.2",100,19,4990.562988,7268.466797,-153.758179,-0.011271,-0.924885,27.7775,4.8,0.8,"{""type"":""M"",""msg"":""FADE0"",""time"":61.7065,""dist"":1.54876}",2.429104,3.229104,0,6.7,3.5,-0.310696,3.5,0.8,0.003865,-0.013102,-0.009237,-0.01028484,0.00108894630568576,-0.924885,-0.310696,-0.56881788,0.184652017998342
63.634754,"P26","Occ_MO_1.2",100,20,4942.333008,7245.370605,-154.533859,-0.006388,-1.481527,27.7781,12.4,-1.520096,"{""type"":""M"",""msg"":""FADE0"",""time"":63.603,""dist"":1.60146}",1.419823,-0.100272999999999,0,4.2,-0.100273,-1.162035,-0.100273,-1.520096,0.012584,-0.009766,0.002818,-0.000494333333333333,0.00432578088188656,-1.504967,-1.162035,-1.4059758,0.114712804146579
66.061256,"P26","Occ_MO_1.2",100,21,4881.297852,7216.729004,-155.415253,-0.011108,-0.147226,27.7773,4,21.1,"{""type"":""M"",""msg"":""FADE0"",""time"":65.9736,""dist"":1.66732}",1.922065,5.922065,0,7.3,-2.024533,-1.420111,-2.024533,4,0.018971,-0.011108,0.007863,-0.00152945,0.00738279525921407,-1.420111,-0.147226,-0.9178881,0.426372043520667
67.883171,"P26","Occ_MO_1.2",100,22,4834.773926,7196.793457,-158.529251,-0.015137,0.95399,27.7774,9.1,7.2,"{""type"":""M"",""msg"":""FADE0"",""time"":67.8461,""dist"":1.71935}",1.316681,8.516681,0,15.2,12.9,0.268523,12.9,7.2,0.002198,-0.015137,-0.012939,-0.0149422142857143,0.000593546340433296,0.268523,0.95399,0.664679785714286,0.222782696514987
70.214508,"P26","Occ_MO_1.2",100,23,4773.733887,7175.141602,-162.215042,-0.009237,0.570586,27.7787,10.4,6,"{""type"":""M"",""msg"":""FADE0"",""time"":70.1342,""dist"":1.78293}",1.82255499999999,7.82255499999999,0,8.1,6.2,1.033709,6.2,6,0.006062,-0.015299,-0.009237,-0.0123374736842105,0.00264071417882909,0.570586,1.036442,0.869447894736842,0.157224532426256
72.841652,"P26","Occ_MO_1.2",100,24,4703.955566,7153.703613,-163.637207,-0.006388,0.221334,27.7778,5.8,10.5,"{""type"":""M"",""msg"":""FADE0"",""time"":72.7842,""dist"":1.85656}",2.121391,7.921391,0,7.4,10.3,0.36398,7.4,5.8,0.003702,-0.006388,-0.002686,-0.00371581818181818,0.00130350668569581,0.134672,0.36398,0.196409772727273,0.0655260429447217
75.367279,"P26","Occ_MO_1.2",100,25,4636.192871,7135.485352,-166.440491,-0.009766,0.587828,27.7778,23.2,15.7,"{""type"":""M"",""msg"":""FADE0"",""time"":75.3175,""dist"":1.92695}",2.01894399999999,17.718944,0,1e+06,1e+06,0.31653,1e+06,15.7,0.000529,-0.009766,-0.009237,-0.00926990476190476,0.000119026847711726,0.31653,0.587828,0.467842476190476,0.0844271198126639
77.992065,"P26","Occ_MO_1.2",100,26,4564.850098,7120.398926,-169.804779,-0.010417,0.40209,27.7778,11.5,6.9,"{""type"":""M"",""msg"":""FADE0"",""time"":77.8963,""dist"":1.99861}",2.120437,9.020437,0,14.8,10.4,0.61523,10.4,6.9,0.000162000000000001,-0.010579,-0.010417,-0.0104759090909091,7.9763286154608e-05,0.40209,0.616786,0.546937181818182,0.0692448354826047
80.316086,"P26","Occ_MO_1.2",100,27,4501.085938,7110.214844,-171.887573,-0.006226,-0.00829,27.7779,7.8,11.4,"{""type"":""M"",""msg"":""FADE0"",""time"":80.3035,""dist"":2.0655}",1.819092,9.619092,0,47,8.4,0.281659,8.4,7.8,0.003377,-0.009074,-0.005697,-0.00641005263157895,0.00115752746421385,-0.00829,0.281659,0.0959964210526316,0.095343380953219
82.842781,"P26","Occ_MO_1.2",100,28,4431.419434,7101.5625,-174.043442,-0.006877,0.371842,27.7777,3.6,7.8,"{""type"":""M"",""msg"":""FADE0"",""time"":82.8155,""dist"":2.13529}",2.024208,5.624208,0,7.8,11.8,0.00397,7.8,3.6,0,-0.006877,-0.006877,-0.006877,0,0.00397,0.371842,0.147247285714286,0.116110125380667
85.065018,"P26","Occ_MO_1.2",100,29,4369.895996,7096.386719,-176.636063,-0.010579,1.165284,27.7775,-0.102372,28,"{""type"":""M"",""msg"":""FADE0"",""time"":84.9821,""dist"":2.19549}",1.716477,1.61410500000001,1.61410500000001,3,8.1,0.545736,3,-0.102372,0.002522,-0.010579,-0.008057,-0.0100705555555556,0.000835020269019383,0.545736,1.165284,0.865606666666667,0.195795512354088
87.292419,"P26","Occ_MO_1.2",100,30,4308.044434,7094.708496,179.180618,-0.017822,1.250977,27.7772,-2.329773,4.5,"{""type"":""M"",""msg"":""FADE0"",""time"":87.2313,""dist"":2.25799}",1.717224,-0.612548999999998,0,-0.612549,9.5,1.31594,-0.612549,-2.329773,0.002848,-0.017822,-0.014974,-0.0171190555555556,0.00105722903480095,1.250977,1.437191,1.37838561111111,0.0553305040058895
89.416618,"P26","Occ_MO_1.2",100,31,4249.068848,7096.99707,176.719345,-0.007243,0.20804,27.7785,16.8,21.7,"{""type"":""M"",""msg"":""FADE0"",""time"":89.3671,""dist"":2.31734}",1.61998699999999,18.419987,0,9.4,5.9,0.996469,5.9,16.8,0.003702,-0.010579,-0.006877,-0.00749676470588235,0.00109982285672579,0.20804,0.996469,0.571677470588235,0.251240037515948
91.834724,"P26","Occ_MO_1.2",100,32,4182.054199,7101.813965,175.137726,-0.005697,-0.018917,27.7776,5,8.4,"{""type"":""M"",""msg"":""FADE0"",""time"":91.7613,""dist"":2.38386}",1.91461099999999,6.91461099999999,0,12.1,16,0.03932,12.1,5,0.002522,-0.006388,-0.003866,-0.00450655,0.000697155685625528,-0.126801,0.03932,-0.07539115,0.0491124130329969
93.961296,"P26","Occ_MO_1.2",100,33,4123.275391,7107.814453,172.916565,-0.009766,0.674392,27.7776,4.4,24.3,"{""type"":""M"",""msg"":""FADE0"",""time"":93.9431,""dist"":2.44449}",1.619934,6.019934,0,4.2,8,0.123018,4.2,4.4,0.00354,-0.009766,-0.006226,-0.00912658823529412,0.00102594438560428,0.123018,0.674392,0.402907176470588,0.175195568207088
96.480812,"P26","Occ_MO_1.2",100,34,4054.126465,7118.635254,168.891708,-0.014282,0.852846,27.7776,7,4.9,"{""type"":""M"",""msg"":""FADE0"",""time"":96.4011,""dist"":2.51278}",2.016006,6.916006,0,18.7,15.3,0.825639,15.3,4.9,0.00354,-0.014282,-0.010742,-0.013786,0.00106325758873379,0.825639,0.994948,0.936373619047619,0.0533087714963271
98.911301,"P26","Occ_MO_1.2",100,35,3988.208008,7133.295898,166.255783,-0.007406,-0.131571,27.7782,35.8,6.9,"{""type"":""M"",""msg"":""FADE0"",""time"":98.9043,""dist"":2.58234}",1.92581199999999,8.82581199999999,0,9.5,5.7,0.658743,5.7,6.9,0.002523,-0.009766,-0.007243,-0.00757665,0.000727213519285484,-0.131571,0.658743,0.24334065,0.246535267788409
101.037994,"P26","Occ_MO_1.2",100,36,3931.025146,7148.185059,164.373383,-0.009237,-0.664293,27.7776,10,3.2,"{""type"":""M"",""msg"":""FADE0"",""time"":100.965,""dist"":2.63959}",1.620887,4.820887,0,35.1,6,-0.302849,6,3.2,0.004883,-0.009237,-0.004354,-0.00709694117647059,0.00200967106980807,-0.664293,-0.302849,-0.505643117647059,0.110983798579952
103.461769,"P26","Occ_MO_1.2",100,37,3866.440674,7167.269531,162.775131,-0.008057,-0.707012,27.7774,18,29,"{""type"":""M"",""msg"":""FADE0"",""time"":103.369,""dist"":2.70641}",1.918182,19.918182,0,16.1,2.7,-0.768256,2.7,18,0.007569,-0.008057,-0.000488,-0.004364,0.00295295621725969,-0.879651,-0.707012,-0.81845885,0.0529448746600253
106.297852,"P26","Occ_MO_1.2",100,38,3791.708984,7192.250488,160.242691,-0.007406,0.07859,27.7777,5.5,11.4,"{""type"":""M"",""msg"":""FADE0"",""time"":106.28,""dist"":2.78728}",2.328209,7.828209,0,11.5,17.1,-0.602936,11.5,5.5,0.00118,-0.007406,-0.006226,-0.00677504166666667,0.00046301962388375,-0.602936,0.07859,-0.295511958333333,0.212560426961468
108.713661,"P26","Occ_MO_1.2",100,39,3729.064941,7216.345215,157.477737,-0.009766,0.811484,27.7778,20.6,16.1,"{""type"":""M"",""msg"":""FADE0"",""time"":108.704,""dist"":2.85462}",1.913093,18.013093,0,9.7,33.6,0.264454,9.7,16.1,0.000692,-0.009766,-0.009074,-0.0095929,0.000243463798238325,0.264454,0.811484,0.56401225,0.171099543833984
110.733521,"P26","Occ_MO_1.2",100,40,3677.697266,7238.941895,154.866592,-0.010742,0.927124,27.7777,11.8,8.5,"{""type"":""M"",""msg"":""FADE0"",""time"":110.682,""dist"":2.90958}",1.51572499999999,10.015725,0,14.7,11.3,0.896887,11.3,8.5,0,-0.010742,-0.010742,-0.010742,0,0.896887,0.958831,0.9405834375,0.0184059419100418
113.566864,"P26","Occ_MO_1.2",100,41,3607.412842,7274.388184,151.715408,-0.006877,0.283086,27.7781,16.9,21.3,"{""type"":""M"",""msg"":""FADE0"",""time"":113.471,""dist"":2.98709}",2.326797,19.226797,0,10.8,7.6,0.859049,7.6,16.9,0.003865,-0.010742,-0.006877,-0.00864841666666667,0.00106791226299227,0.283086,0.859049,0.591752416666667,0.181088160502225
116.188194,"P26","Occ_MO_1.2",100,42,3543.904785,7310.04248,149.675323,-0.006388,-0.039296,27.7779,8.4,12.6,"{""type"":""M"",""msg"":""FADE0"",""time"":116.183,""dist"":3.06245}",2.117164,10.517164,0,17.4,21.8,0.163511,17.4,8.4,0.001993,-0.007039,-0.005046,-0.00600731818181818,0.000619957017432018,-0.048318,0.163511,0.0133004090909091,0.0688946480827337
118.715836,"P26","Occ_MO_1.2",100,43,3483.956543,7346.623047,147.41951,-0.007406,0.33312,27.7777,5.4,11,"{""type"":""M"",""msg"":""FADE0"",""time"":118.682,""dist"":3.13189}",2.02250699999999,7.42250699999999,0,8,12.5,-0.000973,8,5.4,0.00118,-0.007894,-0.006714,-0.00732038095238095,0.000250807790188119,-0.000973,0.33312,0.14698719047619,0.103594960493558
121.857079,"P26","Occ_MO_1.2",100,44,3411.905762,7395.856934,143.668976,-0.010091,0.8335,27.7779,26.8,18.5,"{""type"":""M"",""msg"":""FADE0"",""time"":121.807,""dist"":3.21871}",2.634064,21.134064,0,31.6,22.9,0.456543,22.9,18.5,0.000163,-0.010091,-0.009928,-0.0100245925925926,8.16160142936041e-05,0.456543,0.8335,0.685377481481481,0.116283936919465
125.894569,"P26","Occ_MO_1.2",100,45,3324.359375,7465.955078,138.878296,-0.009562,0.691614,27.7777,37,30.4,"{""type"":""M"",""msg"":""FADE0"",""time"":125.813,""dist"":3.33003}",3.53340900000001,33.933409,0,30.3,21.2,0.851059,21.2,30.4,0.000366,-0.009928,-0.009562,-0.00961283333333333,0.000128369444517433,0.691614,0.854539,0.797073277777778,0.0520104745085675
128.628555,"P26","Occ_MO_1.2",100,46,3268.512207,7517.4375,135.663452,-0.009562,0.493981,27.7778,31.4,24.8,"{""type"":""M"",""msg"":""FADE0"",""time"":128.625,""dist"":3.40817}",2.228279,27.028279,0,36,29.3,0.648928,29.3,24.8,0,-0.009562,-0.009562,-0.009562,0,0.493981,0.648928,0.567954086956522,0.0476514392598749
132.864716,"P26","Occ_MO_1.2",100,47,3187.917236,7603.17041,130.68306,-0.009562,0.401173,27.7779,22.9,16.7,"{""type"":""M"",""msg"":""FADE0"",""time"":132.8,""dist"":3.52417}",3.73063699999997,20.430637,0,30.4,23.8,0.466677,23.8,16.7,0,-0.009562,-0.009562,-0.009562,0,0.401173,0.466677,0.423712052631579,0.0179674149668713
138.11644,"P26","Occ_MO_1.2",100,48,3098.818848,7718.645508,124.507301,-0.009562,0.017813,27.7779,12.7,7,"{""type"":""M"",""msg"":""FADE0"",""time"":138.061,""dist"":3.67036}",4.749222,11.749222,0,21.9,15.7,0.39413,15.7,7,0,-0.009562,-0.009562,-0.009562,0,0.017813,0.39413,0.268303166666667,0.112197806876266
141.955872,"P26","Occ_MO_1.2",100,49,3041.751709,7808.749023,120.103447,-0.009237,-0.999138,27.7776,6.6,0.6,"{""type"":""M"",""msg"":""FADE0"",""time"":141.938,""dist"":3.77806}",3.33264199999999,3.93264199999999,0,11.8,6.1,-0.077145,6.1,0.6,0.000324999999999999,-0.009562,-0.009237,-0.00928479411764706,0.00011683445408491,-0.999138,-0.077145,-0.494316558823529,0.277837008777404
143.979935,"P26","Occ_MO_1.2",100,50,3014.061523,7857.700195,119.26487,-0.004028,-1.314715,27.7781,7.3,-1.619995,"{""type"":""M"",""msg"":""FADE0"",""time"":143.944,""dist"":3.83381}",1.518631,-0.101364000000001,0,6.3,-0.101364,-1.186959,-0.101364,-1.619995,0.009074,-0.008586,0.000488,-0.0013733125,0.00259097340057747,-1.390553,-1.186959,-1.331844125,0.0619270846150266
147.007904,"P26","Occ_MO_1.2",100,51,2974.775879,7932.087402,116.161667,-0.009766,-0.503606,27.7776,17.1,11.2,"{""type"":""M"",""msg"":""FADE0"",""time"":147.004,""dist"":3.91883}",2.52467300000001,13.724673,0,22.2,-2.123291,-1.180458,-2.123291,11.2,0.002035,-0.009766,-0.007731,-0.00852157692307692,0.000739181177957173,-1.180458,-0.503606,-0.838320846153846,0.209169974848914
149.446884,"P26","Occ_MO_1.2",100,52,2946.231201,7993.546387,113.823402,-0.006877,-0.075542,27.7779,6.9,12.1,"{""type"":""M"",""msg"":""FADE0"",""time"":149.424,""dist"":3.98606}",1.932388,8.832388,0,14.3,9,-0.403423,9,6.9,0.005045,-0.010091,-0.005046,-0.0071757,0.00171351421292464,-0.403423,-0.075542,-0.2636973,0.0990198666983444
152.889145,"P26","Occ_MO_1.2",100,53,2910.398193,8082.205566,109.944664,-0.009562,0.558456,27.7775,18,12.7,"{""type"":""M"",""msg"":""FADE0"",""time"":152.797,""dist"":4.0798}",2.93743900000001,15.637439,0,1e+06,38.2,0.065799,38.2,12.7,0.000650999999999999,-0.009562,-0.008911,-0.0094481,0.000238513839690987,0.065799,0.558456,0.374494566666667,0.153471436107423
156.027039,"P26","Occ_MO_1.2",100,54,2883.442139,8165.103516,105.942688,-0.010254,0.051155,27.778,8.1,4.2,"{""type"":""M"",""msg"":""FADE0"",""time"":156.019,""dist"":4.16932}",2.632035,6.832035,0,11.8,8.4,0.569631,8.4,4.2,0.000651,-0.010905,-0.010254,-0.0105045384615385,0.000201764859332686,0.051155,0.569631,0.394840192307692,0.161409982350044
16.382429,"P27","Occ_MO_1.2",100,1,5746.183594,8228.899414,-104.445877,-0.009074,-0.044054,27.7581,17.5,10.5,"{""type"":""M"",""msg"":""FADE0"",""time"":16.3694,""dist"":0.287368}",2.8262,13.3262,0,11.1,7.1,-0.1824,7.1,10.5,0.006917,-0.012614,-0.005697,-0.00910055172413793,0.0020148637597722,-0.1824,-0.039944,-0.0914614137931034,0.0475110992118964
21.635942,"P27","Occ_MO_1.2",100,2,5702.473633,8089.708984,-110.580368,-0.011922,-1.168208,27.7778,4,-0.100238,"{""type"":""M"",""msg"":""FADE0"",""time"":21.5642,""dist"":0.431699}",4.748825,4.648587,4.648587,10.6,6.3,-0.071686,6.3,-0.100238,0.006185,-0.012248,-0.006063,-0.0095799375,0.001792429818873,-1.168208,-0.071686,-0.469832166666667,0.330946500322187
23.655844,"P27","Occ_MO_1.2",100,3,5682.808594,8037.143066,-110.704796,-0.011434,-0.997162,27.7771,13.6,9.2,"{""type"":""M"",""msg"":""FADE0"",""time"":23.6369,""dist"":0.48929}",1.514605,10.714605,0,4.8,-0.605535,-1.388114,-0.605535,9.2,0.026174,-0.015462,0.010712,0.0010974375,0.00918268208436402,-1.451967,-0.997162,-1.3066705625,0.154303545291726
25.574997,"P27","Occ_MO_1.2",100,4,5662.728027,7987.750488,-113.591225,-0.011108,-0.560921,27.7781,9.1,4.5,"{""type"":""M"",""msg"":""FADE0"",""time"":25.5324,""dist"":0.54196}",1.413569,5.913569,0,5.4,2.8,-0.778281,2.8,4.5,0.012452,-0.019491,-0.007039,-0.0120306666666667,0.00334130119364697,-0.778281,-0.560921,-0.6366828,0.0706985870652913
27.794582,"P27","Occ_MO_1.2",100,5,5636.977051,7931.714355,-115.857872,-0.010254,-0.569282,27.7778,10.6,4.9,"{""type"":""M"",""msg"":""FADE0"",""time"":27.7084,""dist"":0.602421}",1.71615,6.61615,0,13.3,17.5,-0.569527,13.3,4.9,0.008748,-0.011759,-0.003011,-0.00800233333333333,0.00253987686130415,-0.577282,-0.567555,-0.572194333333333,0.00339740361071768
31.132006,"P27","Occ_MO_1.2",100,6,5594.379395,7849.356445,-119.04734,-0.009399,-0.394477,27.7778,20.2,10.8,"{""type"":""M"",""msg"":""FADE0"",""time"":31.0502,""dist"":0.695276}",2.829521,13.629521,0,7.3,9.9,-0.581367,7.3,10.8,0.00826,-0.011271,-0.003011,-0.00760903448275862,0.00220523447866918,-0.582962,-0.394477,-0.507785965517241,0.0631608460431906
34.465611,"P27","Occ_MO_1.2",100,7,5546.911621,7769.836426,-122.808823,-0.011271,-0.361083,27.7776,9.1,4.6,"{""type"":""M"",""msg"":""FADE0"",""time"":34.4593,""dist"":0.790001}",2.828242,7.428242,0,33.9,39.5,-0.362589,33.9,4.6,0.00704,-0.012248,-0.005208,-0.00923106896551724,0.00213040121860103,-0.362589,-0.310892,-0.330550689655172,0.0167373227785421
39.620625,"P27","Occ_MO_1.2",100,8,5463.633789,7653.369141,-128.53537,-0.008586,-0.946416,27.7775,25,1.8,"{""type"":""M"",""msg"":""FADE0"",""time"":39.5682,""dist"":0.931958}",4.64596599999999,6.44596599999999,0,9.1,12.1,-0.411032,9.1,1.8,0.006551,-0.011759,-0.005208,-0.00894744680851064,0.00190915544506295,-0.946416,-0.411032,-0.658778340425532,0.157611874193522
41.650742,"P27","Occ_MO_1.2",100,9,5428.053223,7609.599121,-130.000748,-0.008219,-0.750514,27.7774,9.3,13.4,"{""type"":""M"",""msg"":""FADE0"",""time"":41.6138,""dist"":0.988798}",1.52089,10.82089,0,5.1,6.6,-1.027293,5.1,9.3,0.016571,-0.01359,0.002981,-0.00540525,0.00577360500323094,-1.035511,-0.750514,-0.92471075,0.0998875578795144
45.079147,"P27","Occ_MO_1.2",100,10,5364.256348,7538.884277,-134.144287,-0.011434,-0.07085,27.7777,17.1,12.7,"{""type"":""M"",""msg"":""FADE0"",""time"":44.9969,""dist"":1.0828}",2.923366,15.623366,0,8.5,4.8,-0.628914,4.8,12.7,0.009074,-0.014974,-0.0059,-0.0098728,0.00238223663956723,-0.628914,-0.07085,-0.352987633333333,0.165059920241624
50.528946,"P27","Occ_MO_1.2",100,11,5252.733887,7436.574707,-140.80928,-0.011597,0.806658,27.7778,13.7,10.5,"{""type"":""M"",""msg"":""FADE0"",""time"":50.4944,""dist"":1.23555}",4.943974,15.443974,0,9,6.3,0.037122,6.3,10.5,0.008748,-0.015299,-0.006551,-0.01002022,0.00199245451426841,0.037122,0.806658,0.45284672,0.227201717227723
53.871471,"P27","Occ_MO_1.2",100,12,5178.485352,7380.820312,-145.283005,-0.009237,0.354411,27.7777,13.1,7.5,"{""type"":""M"",""msg"":""FADE0"",""time"":53.8409,""dist"":1.32854}",2.838909,10.338909,0,6.5,4.8,0.838694,4.8,7.5,0.012125,-0.019002,-0.006877,-0.0106004482758621,0.00275647065474011,0.354411,0.838694,0.647454172413793,0.152465545298899
59.636082,"P27","Occ_MO_1.2",100,13,5041.508301,7297.996582,-152.475647,-0.009074,0.89152,27.778,-0.30159,-2.427361,"{""type"":""M"",""msg"":""FADE0"",""time"":59.5815,""dist"":1.48805}",5.25906,2.831699,2.831699,8.6,4.9,0.200931,4.9,-2.427361,0.006713,-0.01359,-0.006877,-0.0101402075471698,0.00194366957027255,-1.83945,1.839358,-0.188047169811321,1.05503347150025
61.04985,"P27","Occ_MO_1.2",100,14,5006.814453,7279.59668,-149.146774,0.032328,0.537095,27.7659,-1.715358,-3.841129,"{""type"":""M"",""msg"":""FADE0"",""time"":60.9642,""dist"":1.52646}",0.910350000000001,-2.930779,0,-0.805008,-2.930779,0.453869,-2.930779,-3.841129,0.041583,0.003998,0.045581,0.0340358,0.0133424885967932,0.224834,0.537095,0.3353439,0.105932367687491
62.263645,"P27","Occ_MO_1.2",100,15,4977.888184,7262.256348,-150.005173,-0.027515,-1.040205,27.7799,6.8,5.3,"{""type"":""M"",""msg"":""FADE0"",""time"":62.2148,""dist"":1.56121}",0.708346999999996,6.008347,0,3.2,-4.346577,1.405082,-4.346577,5.3,0.026777,-0.027794,-0.001017,-0.01499575,0.00920776155130628,-1.767406,1.792047,-0.27398625,1.56963981979959
63.476013,"P27","Occ_MO_1.2",100,16,4948.171875,7246.406738,-153.735382,-0.013265,0.094196,27.7799,11,8.4,"{""type"":""M"",""msg"":""FADE0"",""time"":63.429,""dist"":1.59495}",0.709651999999998,9.109652,0,4.2,2.9,-0.355992,2.9,8.4,0.025248,-0.038187,-0.012939,-0.0209135,0.00906241863017657,-0.355992,0.094196,-0.1024,0.157113495148298
64.889084,"P27","Occ_MO_1.2",100,17,4912.579102,7229.83252,-156.345764,-0.0059,0.229123,27.78,10.9,15.3,"{""type"":""M"",""msg"":""FADE0"",""time"":64.809,""dist"":1.6333}",0.909087999999997,11.809088,0,4.4,3,0.257268,3,10.9,0.02301,-0.02891,-0.0059,-0.0140198,0.00637340102474513,0.229123,0.281885,0.2637609,0.0171793454179398
66.803177,"P27","Occ_MO_1.2",100,18,4863.630371,7209.02832,-157.633667,-0.011271,0.182158,27.7779,11.8,8.3,"{""type"":""M"",""msg"":""FADE0"",""time"":66.7531,""dist"":1.68732}",1.41321600000001,9.71321600000001,0,9.5,13,0.144016,9.5,8.3,0.021454,-0.012248,0.009206,-0.00426233333333333,0.00575560932192819,0.091056,0.182158,0.124899133333333,0.0295207581538983
69.132988,"P27","Occ_MO_1.2",100,19,4803.213867,7185.796387,-160.26236,-0.006388,0.247012,27.7779,9.1,14.1,"{""type"":""M"",""msg"":""FADE0"",""time"":69.0485,""dist"":1.7511}",1.82300599999999,10.923006,0,9.4,6.5,0.245966,6.5,9.1,0.010091,-0.014282,-0.004191,-0.00878047368421053,0.00296804178557777,0.245966,0.26436,0.256000157894737,0.00622082757323384
72.563873,"P27","Occ_MO_1.2",100,20,4712.561035,7156.349121,-163.758499,-0.009237,0.075913,27.7779,18.8,10.8,"{""type"":""M"",""msg"":""FADE0"",""time"":72.5092,""dist"":1.84726}",2.927002,13.727002,0,7.7,5.1,0.238498,5.1,10.8,0.009562,-0.01359,-0.004028,-0.00810006666666667,0.00224589349293532,0.075913,0.238498,0.153986666666667,0.0501039171834542
76.80143,"P27","Occ_MO_1.2",100,21,4598.500977,7127.21582,-167.599106,-0.004028,0.354855,27.7777,3.5,6.8,"{""type"":""M"",""msg"":""FADE0"",""time"":76.785,""dist"":1.96606}",3.73468,7.23468,0,22.1,11.5,0.055404,11.5,3.5,0.006551,-0.010417,-0.003866,-0.00698902631578947,0.00205124430907315,0.031862,0.354855,0.121977368421053,0.0993144126054114
80.852112,"P27","Occ_MO_1.2",100,22,4487.742188,7107.378906,-172.101105,-0.005208,0.969866,27.7777,1.5,6.6,"{""type"":""M"",""msg"":""FADE0"",""time"":80.812,""dist"":2.07796}",3.544922,5.044922,0,8.4,6.3,0.4765,6.3,1.5,0.011068,-0.015788,-0.00472,-0.00905694444444444,0.00262214599075364,0.4765,0.969866,0.735825611111111,0.139863581785207
82.568138,"P27","Occ_MO_1.2",100,23,4440.381836,7101.915527,-174.897018,-0.010091,0.863382,27.7783,16.1,9.6,"{""type"":""M"",""msg"":""FADE0"",""time"":82.5554,""dist"":2.1264}",1.21088400000001,10.810884,0,5.6,4.3,1.050723,4.3,9.6,0.018034,-0.024585,-0.006551,-0.0144326153846154,0.00563696622807076,0.863382,1.057383,0.993967307692308,0.068416561770993
85.797783,"P27","Occ_MO_1.2",100,24,4350.809082,7096.652832,-178.272797,-0.007568,0.091707,27.7779,9.8,14.4,"{""type"":""M"",""msg"":""FADE0"",""time"":85.7844,""dist"":2.21612}",2.72406799999999,12.524068,0,8.5,5.5,0.711874,5.5,9.8,0.008057,-0.012614,-0.004557,-0.00790114285714286,0.0023850152839682,0.091707,0.711874,0.346116,0.19198785485102
90.040062,"P27","Occ_MO_1.2",100,25,4232.972168,7097.683105,177.078644,-0.010905,0.336703,27.7779,17.1,12.9,"{""type"":""M"",""msg"":""FADE0"",""time"":89.9429,""dist"":2.33167}",3.733917,16.633917,0,18.7,12.3,0.062979,12.3,12.9,0.006917,-0.012451,-0.005534,-0.00901286842105263,0.00194805548468421,0.054501,0.336703,0.148236263157895,0.0898095873184331
93.776878,"P27","Occ_MO_1.2",100,26,4129.611816,7107.21582,172.254181,-0.009237,0.417009,27.7778,18.8,12.1,"{""type"":""M"",""msg"":""FADE0"",""time"":93.6842,""dist"":2.43562}",3.23371899999999,15.333719,0,7.9,16.1,0.402617,7.9,12.1,0.007731,-0.014282,-0.006551,-0.0104400606060606,0.00255247225669783,0.402617,0.514563,0.474346636363636,0.0330957564517513
99.032143,"P27","Occ_MO_1.2",100,27,3986.25415,7134.591309,165.915787,-0.011597,-0.958288,27.7779,4.4,0.6,"{""type"":""M"",""msg"":""FADE0"",""time"":98.9863,""dist"":2.58295}",4.749802,5.349802,0,9.7,6.2,0.342504,6.2,0.6,0.007731,-0.013265,-0.005534,-0.00978422916666667,0.00219040885369952,-0.958288,0.342504,-0.182052083333333,0.380770033616195
100.044472,"P27","Occ_MO_1.2",100,28,3958.977051,7141.456543,166.474701,-0.004557,-1.199668,27.7775,6.9,-0.708672,"{""type"":""M"",""msg"":""FADE0"",""time"":99.9784,""dist"":2.61051}",0.506157000000002,-0.202514999999998,0,3.7,-0.202515,-1.196539,-0.202515,-0.708672,0.023529,-0.004557,0.018972,0.0100861666666667,0.00929962036680351,-1.236049,-1.196539,-1.21851166666667,0.0169942188248435
102.068726,"P27","Occ_MO_1.2",100,29,3904.5979,7155.800293,163.67424,-0.014282,-0.844574,27.7777,5.6,1.9,"{""type"":""M"",""msg"":""FADE0"",""time"":101.982,""dist"":2.66619}",1.517456,3.417456,0,13.8,7.8,-1.043995,7.8,1.9,0.008219,-0.016642,-0.008423,-0.0123925625,0.00300947217894323,-1.043995,-0.840017,-0.9020248125,0.0678850852182998
106.518166,"P27","Occ_MO_1.2",100,30,3787.397949,7195.04541,158.911819,-0.013428,-1.046182,27.7776,4.9,0.5,"{""type"":""M"",""msg"":""FADE0"",""time"":106.517,""dist"":2.79219}",3.94171899999999,4.44171899999999,0,6.1,8,-0.886215,6.1,0.5,0.01294,-0.013428,-0.000488,-0.00882975,0.00271778765373037,-1.046182,-0.852312,-0.8972866,0.0525625710601306
108.735054,"P27","Occ_MO_1.2",100,31,3730.202393,7217.912598,157.392746,-0.012248,-1.076818,27.7773,7.8,2,"{""type"":""M"",""msg"":""FADE0"",""time"":108.675,""dist"":2.85217}",1.71311900000001,3.71311900000001,0,7.1,-0.100922,-1.159741,-0.100922,2,0.013793,-0.012939,0.000854,-0.00450977777777778,0.00489953243334091,-1.232405,-1.076818,-1.17589377777778,0.0499270281552818
111.062775,"P27","Occ_MO_1.2",100,32,3670.933838,7243.797363,155.255905,-0.010417,-0.597614,27.7774,14.3,8.9,"{""type"":""M"",""msg"":""FADE0"",""time"":111.023,""dist"":2.9174}",1.822205,10.722205,0,10.9,14.4,-1.021506,10.9,8.9,0.012085,-0.014445,-0.00236,-0.0069131052631579,0.00396022475364912,-1.021506,-0.597614,-0.835701315789474,0.141676940057714
116.510094,"P27","Occ_MO_1.2",100,33,3537.16748,7314.469727,148.947479,-0.010417,-0.437557,27.7775,9.2,4.1,"{""type"":""M"",""msg"":""FADE0"",""time"":116.424,""dist"":3.06748}",4.944222,9.044222,0,6.8,3.7,-0.504651,3.7,4.1,0.010742,-0.014608,-0.003866,-0.0091398,0.00229725868577915,-0.504651,-0.33372,-0.38941104,0.0502698805741285
121.161705,"P27","Occ_MO_1.2",100,34,3429.262207,7385.553223,144.238739,-0.008219,-1.030406,27.7776,20,2.3,"{""type"":""M"",""msg"":""FADE0"",""time"":121.1,""dist"":3.19741}",4.147285,6.447285,0,6.8,2.9,-0.52841,2.9,2.3,0.007894,-0.012085,-0.004191,-0.00802861904761905,0.00160183994743211,-1.030406,-0.52841,-0.83316630952381,0.149796622286236
124.501587,"P27","Occ_MO_1.2",100,35,3355.102051,7441.326172,141.364487,-0.008748,-0.246151,27.7775,7.4,12.7,"{""type"":""M"",""msg"":""FADE0"",""time"":124.424,""dist"":3.28977}",2.83532,10.23532,0,6.6,8.5,-1.055547,6.6,7.4,0.010091,-0.011922,-0.001831,-0.00677141379310345,0.00350742602525842,-1.055547,-0.246151,-0.724426896551724,0.270547173290715
129.659454,"P27","Occ_MO_1.2",100,36,3248.279297,7536.775391,135.391479,-0.006877,1.033661,27.7775,0.5,5.3,"{""type"":""M"",""msg"":""FADE0"",""time"":129.655,""dist"":3.43511}",4.653068,5.153068,0,10.8,7.3,-0.090581,7.3,0.5,0.008585,-0.014282,-0.005697,-0.00905051063829787,0.00211870596142346,-0.090581,1.033661,0.380993,0.320496962153479
131.680511,"P27","Occ_MO_1.2",100,37,3209.925537,7577.762695,131.068695,-0.006063,0.716348,27.7808,12.6,16.4,"{""type"":""M"",""msg"":""FADE0"",""time"":131.606,""dist"":3.48931}",1.51660100000001,14.116601,0,-0.303818,4.1,1.248317,-0.303818,12.6,0.035304,-0.039861,-0.004557,-0.018784875,0.0129182457987401,0.716348,1.290346,1.074635875,0.198884960775444
134.107574,"P27","Occ_MO_1.2",100,38,3166.634766,7629.467773,128.560898,-0.008423,-0.248179,27.7779,16.7,4.9,"{""type"":""M"",""msg"":""FADE0"",""time"":134.041,""dist"":3.55698}",1.92248499999999,6.822485,0,11.6,15.3,0.47976,11.6,4.9,0.012411,-0.013428,-0.001017,-0.00867105,0.00312946545755022,-0.248179,0.47976,0.11282815,0.226984120283956
137.955185,"P27","Occ_MO_1.2",100,39,3102.603516,7715.056152,124.739746,-0.010417,-1.021576,27.7775,7.7,0.9,"{""type"":""M"",""msg"":""FADE0"",""time"":137.907,""dist"":3.66439}",3.340439,4.240439,0,40.2,5.9,-0.423427,5.9,0.9,0.007242,-0.011108,-0.003866,-0.0082195,0.00187255685271948,-1.021576,-0.423427,-0.757302529411765,0.171548048042071
140.283554,"P27","Occ_MO_1.2",100,40,3066.021729,7768.416016,124.024666,-0.009399,-0.354928,27.7776,5.2,13.7,"{""type"":""M"",""msg"":""FADE0"",""time"":140.216,""dist"":3.72855}",1.82385200000002,0.202850000000012,0.202850000000012,5.4,0.3,-1.109362,0.3,5.2,0.016408,-0.010742,0.005666,-0.000716368421052632,0.00592833939846495,-1.125413,-0.354928,-0.85965747368421,0.262786203522595
142.81015,"P27","Occ_MO_1.2",100,41,3028.754395,7827.890137,119.92305,-0.011759,0.51451,27.7779,10.1,7.1,"{""type"":""M"",""msg"":""FADE0"",""time"":142.788,""dist"":3.80001}",2.02156099999999,9.12156099999999,0,8.7,6.7,-0.013452,6.7,7.1,0.009766,-0.017985,-0.008219,-0.0136601904761905,0.00278011569217987,-0.013452,0.515009,0.351553619047619,0.168112906917487
147.752365,"P27","Occ_MO_1.2",100,42,2965.875244,7949.922363,114.751556,-0.007731,-0.12633,27.7778,32.3,37.7,"{""type"":""M"",""msg"":""FADE0"",""time"":147.728,""dist"":3.93729}",4.439392,36.739392,0,10.6,7.1,0.478894,7.1,32.3,0.005208,-0.010742,-0.005534,-0.0081018,0.00169732616729426,-0.12633,0.478894,0.177143155555556,0.18316394612626
153.510529,"P27","Occ_MO_1.2",100,43,2906.023682,8098.22998,109.034119,-0.008423,-0.703234,27.7777,22,4.7,"{""type"":""M"",""msg"":""FADE0"",""time"":153.492,""dist"":4.09745}",5.252961,9.952961,0,8.4,4.6,-0.190623,4.6,4.7,0.006714,-0.011271,-0.004557,-0.00797375471698113,0.00170684743026953,-0.703234,-0.190623,-0.450869943396226,0.142160438269369
158.882446,"P27","Occ_MO_1.2",100,44,2863.256592,8241.1875,104.115196,-0.010091,-0.558923,27.7777,16.5,9.3,"{""type"":""M"",""msg"":""FADE0"",""time"":158.875,""dist"":4.24701}",4.86619499999998,14.166195,0,14.6,18.4,-0.757781,14.6,9.3,0.005534,-0.010091,-0.004557,-0.0074743125,0.00147271078982899,-0.823071,-0.558923,-0.748062270833333,0.077929830830196
15.542441,"P28","Occ_MO_1.2",100,1,5750.647461,8243.836914,-103.098434,-0.006877,0.675611,27.7341,2.5,8.2,"{""type"":""M"",""msg"":""FADE0"",""time"":15.4722,""dist"":0.270311}",2.43012,4.93012,0,7.7,13.8,0.071942,7.7,2.5,0.001343,-0.007894,-0.006551,-0.00725756,0.000466776452562323,0.071942,0.675611,0.34267956,0.183536915088418
17.767206,"P28","Occ_MO_1.2",100,2,5735.247559,8184.004883,-105.974747,-0.009237,1.154086,27.7773,-0.505348,17.2,"{""type"":""M"",""msg"":""FADE0"",""time"":17.7244,""dist"":0.332862}",1.718614,1.213266,1.213266,15.7,12.9,0.856528,12.9,-0.505348,0.004028,-0.013265,-0.009237,-0.0113140555555556,0.00127943624865762,0.856528,1.154086,1.05130655555556,0.0942079755036522
19.189505,"P28","Occ_MO_1.2",100,3,5723.759277,8146.194336,-108.08876,-0.011597,1.042641,27.7778,9.1,6.4,"{""type"":""M"",""msg"":""FADE0"",""time"":19.1787,""dist"":0.37327}",0.917111000000002,7.317111,0,-1.010536,6.9,1.170471,-1.010536,6.4,0.00236,-0.013957,-0.011597,-0.0133832,0.000919645922201704,1.042641,1.170471,1.1259152,0.0451252103074201
20.802469,"P28","Occ_MO_1.2",100,4,5709.141113,8103.82959,-109.967934,-0.007568,0.442898,27.7783,43,8.3,"{""type"":""M"",""msg"":""FADE0"",""time"":20.7168,""dist"":0.416007}",1.109489,9.409489,0,9.1,6.2,0.886091,6.2,8.3,0.003174,-0.010742,-0.007568,-0.00885333333333333,0.00113138180464368,0.442898,0.886091,0.6701305,0.146191845553897
23.938866,"P28","Occ_MO_1.2",100,5,5677.785156,8022.522949,-112.147835,-0.004883,-0.214176,27.7776,7.2,10.6,"{""type"":""M"",""msg"":""FADE0"",""time"":23.8371,""dist"":0.502708}",2.628233,9.828233,0,25.7,29.8,0.238151,25.7,7.2,0.002523,-0.006877,-0.004354,-0.00507133333333333,0.000609229526028257,-0.223052,0.238151,-0.0882591851851852,0.145931052998967
26.971409,"P28","Occ_MO_1.2",100,6,5644.692871,7945.037109,-114.18882,-0.004883,0.678824,27.7777,1.5,5.2,"{""type"":""M"",""msg"":""FADE0"",""time"":26.9505,""dist"":0.589218}",2.628719,4.128719,0,6.3,9.6,-0.18026,6.3,1.5,0.00118,-0.0059,-0.00472,-0.00533496296296296,0.000466020838216942,-0.18026,0.678824,0.171247259259259,0.265252164805723
28.592707,"P28","Occ_MO_1.2",100,7,5625.555664,7904.260254,-116.575691,-0.013102,1.370718,27.7772,-0.812331,8.9,"{""type"":""M"",""msg"":""FADE0"",""time"":28.5723,""dist"":0.634281}",1.116572,0.304241000000001,0.304241000000001,0.7,12.9,0.962897,0.7,-0.812331,0.002685,-0.015299,-0.012614,-0.01444475,0.00103989598474603,0.962897,1.370718,1.20308208333333,0.135437263397592
30.306009,"P28","Occ_MO_1.2",100,8,5603.197754,7862.240723,-119.885361,-0.016113,1.084122,27.7772,5.5,3.8,"{""type"":""M"",""msg"":""FADE0"",""time"":30.2349,""dist"":0.680477}",1.208435,5.008435,0,-1.317198,6.1,1.423637,-1.317198,3.8,0.001709,-0.017822,-0.016113,-0.0175466923076923,0.000538003157459041,1.084122,1.424843,1.314978,0.11570415019494
32.124664,"P28","Occ_MO_1.2",100,9,5577.241211,7818.883301,-121.364349,-0.000854,-0.147289,27.7789,7,9.2,"{""type"":""M"",""msg"":""FADE0"",""time"":32.0288,""dist"":0.730324}",1.311859,8.311859,0,7.4,4.2,0.725439,4.2,7,0.008057,-0.008911,-0.000854,-0.00352264285714286,0.00289668507109401,-0.147289,0.725439,0.251978428571429,0.285390006327027
33.842255,"P28","Occ_MO_1.2",100,10,5552.282227,7778.205078,-121.868553,-0.004557,-0.300386,27.7776,5.7,8.6,"{""type"":""M"",""msg"":""FADE0"",""time"":33.809,""dist"":0.779788}",1.212448,6.912448,0,5.5,7.4,-0.313192,5.5,5.7,0.005045,-0.004557,0.000488,-0.00276061538461538,0.00163436157456368,-0.365734,-0.300386,-0.342916461538462,0.0216534190280095
35.958527,"P28","Occ_MO_1.2",100,11,5520.453613,7728.767578,-124.204895,-0.012451,0.259333,27.7771,11.2,7.9,"{""type"":""M"",""msg"":""FADE0"",""time"":35.9191,""dist"":0.838418}",1.611023,9.511023,0,4.8,7.9,-0.178336,4.8,7.9,0.007568,-0.012451,-0.004883,-0.0102585882352941,0.00226945315711802,-0.178336,0.259333,0.0637618235294118,0.142587687931074
38.387535,"P28","Occ_MO_1.2",100,12,5481.064941,7673.970703,-127.156967,-0.008219,0.297974,27.7779,12.4,17.9,"{""type"":""M"",""msg"":""FADE0"",""time"":38.3456,""dist"":0.905841}",1.924309,14.324309,0,13.8,9.4,0.309052,9.4,12.4,0.002889,-0.011108,-0.008219,-0.00943595,0.000877931269039834,0.297974,0.323349,0.31383625,0.00811923384300319
41.114574,"P28","Occ_MO_1.2",100,13,5433.713379,7614.829102,-130.397675,-0.009074,0.169886,27.778,26.2,57.3,"{""type"":""M"",""msg"":""FADE0"",""time"":41.0495,""dist"":0.980972}",2.22295,28.42295,0,17,24.6,0.29402,17,26.2,0.001994,-0.010905,-0.008911,-0.0099425652173913,0.000681107375468065,0.169886,0.294592,0.256488913043478,0.0414875074153359
44.147499,"P28","Occ_MO_1.2",100,14,5377.369629,7552.177246,-133.730591,-0.009562,0.086892,27.7775,35.4,29.4,"{""type"":""M"",""msg"":""FADE0"",""time"":44.0807,""dist"":1.0652}",2.529903,31.929903,0,19.5,30.2,0.12359,19.5,29.4,0.001831,-0.009562,-0.007731,-0.00892511538461538,0.000756539824565664,0.075307,0.12359,0.0853932307692308,0.01232960265153
47.275108,"P28","Occ_MO_1.2",100,15,5315.453125,7491.218262,-137.336212,-0.010417,0.342452,27.7777,19.8,15.1,"{""type"":""M"",""msg"":""FADE0"",""time"":47.2556,""dist"":1.15341}",2.621151,17.721151,0,15.3,51.7,0.096373,15.3,15.1,0.001343,-0.010417,-0.009074,-0.00943577777777778,0.000426428128431918,0.096373,0.342452,0.203663111111111,0.0800806268958082
50.410172,"P28","Occ_MO_1.2",100,16,5249.402344,7434.452148,-141.27829,-0.009237,0.356962,27.778,23.4,16.3,"{""type"":""M"",""msg"":""FADE0"",""time"":50.3277,""dist"":1.23878}",2.63063500000001,18.930635,0,13.4,9.8,0.388962,9.8,16.3,0.00236,-0.011597,-0.009237,-0.0101485185185185,0.000929993439611698,0.356962,0.419679,0.397541481481481,0.0194933024027985
53.840752,"P28","Occ_MO_1.2",100,17,5173.095703,7377.355957,-145.200928,-0.009562,0.082683,27.7779,14.2,8.4,"{""type"":""M"",""msg"":""FADE0"",""time"":53.7949,""dist"":1.33512}",2.925415,11.325415,0,16,10.7,0.335297,10.7,8.4,0.001017,-0.009928,-0.008911,-0.0092745,0.000331815045074708,0.082683,0.335297,0.220287133333333,0.0772486620581529
57.075565,"P28","Occ_MO_1.2",100,18,5097.892578,7328.149902,-148.395233,-0.008423,-0.191826,27.7778,34.2,19.6,"{""type"":""M"",""msg"":""FADE0"",""time"":57.0726,""dist"":1.42619}",2.727916,22.327916,0,17.4,9.4,0.016583,9.4,19.6,0.002197,-0.008911,-0.006714,-0.00768617857142857,0.00063003991958014,-0.191826,0.016583,-0.124289142857143,0.0656146017972819
61.214935,"P28","Occ_MO_1.2",100,19,4997.992676,7271.193848,-152.173279,-0.007039,0.08455,27.778,7.3,13.2,"{""type"":""M"",""msg"":""FADE0"",""time"":61.183,""dist"":1.5404}",3.634071,10.934071,0,32.8,18.4,-0.198489,18.4,7.3,0.001546,-0.008423,-0.006877,-0.00718335135135135,0.000429244181751562,-0.206913,0.08455,-0.128917567567568,0.0899767736259816
65.051178,"P28","Occ_MO_1.2",100,20,4902.139648,7224.609863,-155.921631,-0.006877,0.805197,27.778,2.6,9.5,"{""type"":""M"",""msg"":""FADE0"",""time"":65.0275,""dist"":1.64722}",3.33371,5.93371,0,16.1,11.9,0.193333,11.9,2.6,0.003377,-0.010254,-0.006877,-0.00782926470588235,0.00084340077495899,0.193333,0.805197,0.482393588235294,0.1780043268698
67.879662,"P28","Occ_MO_1.2",100,21,4829.366699,7194.986328,-160.046432,-0.010254,0.687675,27.7782,9.1,5.8,"{""type"":""M"",""msg"":""FADE0"",""time"":67.7947,""dist"":1.72411}",2.321511,8.121511,0,11.8,9.3,0.932884,9.3,5.8,0.00472,-0.014974,-0.010254,-0.0127055416666667,0.00142694382995288,0.687675,1.035615,0.933978875,0.104906258158047
71.317085,"P28","Occ_MO_1.2",100,22,4738.663086,7165.10791,-163.532318,-0.007243,-0.741979,27.7777,28.6,1.7,"{""type"":""M"",""msg"":""FADE0"",""time"":71.266,""dist"":1.82057}",2.930237,4.63023700000001,0,10.4,5.8,0.479665,5.8,1.7,0.001668,-0.008911,-0.007243,-0.00793743333333333,0.000507147035968814,-0.741979,0.479665,-0.135709666666667,0.367573016231243
74.350212,"P28","Occ_MO_1.2",100,23,4657.584961,7142.111328,-164.942047,-0.004557,-0.710345,27.7776,5.3,7.9,"{""type"":""M"",""msg"":""FADE0"",""time"":74.3122,""dist"":1.90521}",2.524216,7.824216,0,7.4,9.2,-0.942698,7.4,5.3,0.00472,-0.004883,-0.000163,-0.00318476923076923,0.00180248100811503,-1.075606,-0.710345,-0.969238807692308,0.107995140656983
77.483025,"P28","Occ_MO_1.2",100,24,4573.083496,7121.249512,-167.531403,-0.006226,1.154609,27.778,0,3.5,"{""type"":""M"",""msg"":""FADE0"",""time"":77.3876,""dist"":1.99066}",2.627259,2.627259,2.627259,4.4,7.1,-0.480946,4.4,0,0.003499,-0.008219,-0.00472,-0.0069127037037037,0.00101800728480146,-0.480946,1.154609,0.301035814814815,0.497437395354124
79.097786,"P28","Occ_MO_1.2",100,25,4529.084473,7112.507812,-170.776169,-0.016968,-1.772344,27.7761,-1.614761,6.8,"{""type"":""M"",""msg"":""FADE0"",""time"":79.0607,""dist"":2.03715}",1.11042,-0.504340999999995,0,-0.504341,11.9,1.536246,-0.504341,-1.614761,0.007333,-0.022632,-0.015299,-0.0198506666666667,0.00234184637076014,-1.860497,1.848437,-0.0514817500000001,1.83389624411277
79.907867,"P28","Occ_MO_1.2",100,26,4506.82959,7109.141602,-172.354401,-0.018799,1.868796,27.7773,-2.424842,5.1,"{""type"":""M"",""msg"":""FADE0"",""time"":79.8864,""dist"":2.06009}",0.303421,-2.121421,0,-2.121421,6.1,-1.809813,-2.121421,-2.424842,0.001831,-0.018799,-0.016968,-0.01834125,0.0009155,-1.852828,1.868796,-0.90563025,1.8497012818547
81.629166,"P28","Occ_MO_1.2",100,27,4459.289062,7103.94043,-174.912277,-0.007568,0.847472,27.7796,23.7,8.2,"{""type"":""M"",""msg"":""FADE0"",""time"":81.5376,""dist"":2.10597}",1.21543199999999,9.41543199999999,0,-2.930709,4.8,1.647393,-2.930709,8.2,0.008545,-0.016113,-0.007568,-0.0106763846153846,0.00317742782604792,0.847472,1.647393,1.25608438461538,0.26345102952843
83.955666,"P28","Occ_MO_1.2",100,28,4394.822754,7099.161621,-176.598526,-0.005046,-0.188205,27.7779,7.9,10.6,"{""type"":""M"",""msg"":""FADE0"",""time"":83.8822,""dist"":2.17112}",1.819672,9.719672,0,13,15.9,0.529258,13,7.9,0.000854,-0.0059,-0.005046,-0.00546752631578947,0.000202733642557325,-0.188205,0.529258,0.111854105263158,0.227071165890758
86.176254,"P28","Occ_MO_1.2",100,29,4333.192871,7096.236816,-178.053207,-0.005371,0.039283,27.7777,3.6,6.5,"{""type"":""M"",""msg"":""FADE0"",""time"":86.1444,""dist"":2.23398}",1.714973,5.314973,0,6.7,9.4,-0.248568,6.7,3.6,0.000651,-0.005534,-0.004883,-0.00520838888888889,0.000284607911693777,-0.253922,0.039283,-0.163490166666667,0.0961357064223462
88.811493,"P28","Occ_MO_1.2",100,30,4259.984375,7095.439941,179.105637,-0.007894,1.370904,27.778,-0.407868,4,"{""type"":""M"",""msg"":""FADE0"",""time"":88.7489,""dist"":2.30635}",2.12996699999999,1.722099,1.722099,3.3,7.9,0.266413,3.3,-0.407868,0.002523,-0.010417,-0.007894,-0.00939577272727273,0.000826449026562736,0.266413,1.370904,0.811213818181818,0.339541154910373
90.123474,"P28","Occ_MO_1.2",100,31,4223.551758,7096.592773,176.714691,-0.016805,-1.772712,27.7762,-1.719849,7.8,"{""type"":""M"",""msg"":""FADE0"",""time"":90.0997,""dist"":2.34388}",0.806785000000005,-0.913063999999995,0,-0.913064,10.1,1.670495,-0.913064,-1.719849,0.002685,-0.019002,-0.016317,-0.0181116666666667,0.00109537938633151,-1.848787,1.865693,0.181381,1.88829778333139
91.536507,"P28","Occ_MO_1.2",100,32,4184.421387,7099.736328,173.734467,-0.019653,1.804004,27.7772,-3.132882,4.5,"{""type"":""M"",""msg"":""FADE0"",""time"":91.4661,""dist"":2.38184}",0.910660000000007,-2.22222199999999,0,-2.222222,6.4,-1.729676,-2.222222,-3.132882,0.001342,-0.019653,-0.018311,-0.0185631,0.000497320922543985,-1.862448,1.848961,-1.0571785,1.52045188898398
93.050858,"P28","Occ_MO_1.2",100,33,4142.72168,7105.341797,171.231522,-0.006714,0.61131,27.7799,12.4,4.5,"{""type"":""M"",""msg"":""FADE0"",""time"":93.0088,""dist"":2.42471}",1.010346,5.510346,0,-3.636887,3.9,1.487041,-3.636887,4.5,0.009765,-0.016479,-0.006714,-0.0106606363636364,0.00298262747498669,0.61131,1.487041,1.055843,0.292274481171723
94.361305,"P28","Occ_MO_1.2",100,34,4106.76123,7111.069824,170.94075,0.004323,-0.271173,27.7785,4.6,6.3,"{""type"":""M"",""msg"":""FADE0"",""time"":94.2671,""dist"":2.45968}",0.804725000000005,5.404725,0,9.8,12.1,0.190134,9.8,4.6,0.00652,-0.002197,0.004323,0.000952777777777778,0.00211725115289718,-0.271173,0.190134,-0.0658327777777778,0.159650138763468
96.589706,"P28","Occ_MO_1.2",100,35,4045.614502,7120.807129,170.446869,-0.004191,0.317392,27.7776,2.2,5,"{""type"":""M"",""msg"":""FADE0"",""time"":96.5621,""dist"":2.52345}",1.72126700000001,3.92126700000001,0,3.9,5.6,-0.340869,3.9,2.2,0.007375,-0.00472,0.002655,-0.00320027777777778,0.00219477161629916,-0.340869,0.317392,-0.0775153333333333,0.214051710903203
98.409134,"P28","Occ_MO_1.2",100,36,3995.935547,7130.135742,167.584122,-0.017131,1.253551,27.7763,-0.402779,6.3,"{""type"":""M"",""msg"":""FADE0"",""time"":98.3859,""dist"":2.57412}",1.31240899999999,0.909629999999993,0.909629999999993,1.6,22.5,0.649372,1.6,-0.402779,0.006551,-0.017293,-0.010742,-0.0155932142857143,0.00227274365465624,0.649372,1.253551,1.00723521428571,0.199828255158573
99.823166,"P28","Occ_MO_1.2",100,37,3957.796631,7139.551758,164.612137,-0.010579,0.899715,27.7788,7.8,5,"{""type"":""M"",""msg"":""FADE0"",""time"":99.7606,""dist"":2.61232}",0.908828999999997,5.908829,0,-0.907982,4.3,1.26734,-0.907982,5,0.011408,-0.021987,-0.010579,-0.0164387,0.0037543687751738,0.899715,1.26734,1.114217,0.126971049504295
101.93914,"P28","Occ_MO_1.2",100,38,3901.326416,7155.922852,163.343674,-0.004028,-0.051466,27.7784,7.7,10.8,"{""type"":""M"",""msg"":""FADE0"",""time"":101.919,""dist"":2.67228}",1.611313,9.311313,0,34.5,6.6,0.593476,6.6,7.7,0.005209,-0.006877,-0.001668,-0.00329111764705882,0.00129131463450784,-0.051466,0.593476,0.209412705882353,0.206794636467488
104.06356,"P28","Occ_MO_1.2",100,39,3844.967041,7173.468262,162.000565,-0.005697,0.046808,27.7777,5.4,9.4,"{""type"":""M"",""msg"":""FADE0"",""time"":104.051,""dist"":2.73154}",1.618011,7.018011,0,8.5,12.1,-0.102779,8.5,5.4,0.000977,-0.005697,-0.00472,-0.00498817647058824,0.000354551518698996,-0.111952,0.046808,-0.0656520588235294,0.0518990668792207
105.981392,"P28","Occ_MO_1.2",100,40,3794.53833,7190.681152,160.034882,-0.011597,0.556872,27.7776,12.7,9.6,"{""type"":""M"",""msg"":""FADE0"",""time"":105.979,""dist"":2.78511}",1.41256,11.01256,0,33.5,26.6,0.182751,26.6,9.6,0.003378,-0.011597,-0.008219,-0.00925286666666667,0.00103875164546314,0.182751,0.556872,0.376529133333333,0.120056225617635
108.101234,"P28","Occ_MO_1.2",100,41,3739.700684,7212.161133,157.091095,-0.009928,0.5572,27.778,11.5,7.5,"{""type"":""M"",""msg"":""FADE0"",""time"":108.088,""dist"":2.8437}",1.615165,9.115165,0,11.7,8.7,0.639571,8.7,7.5,0.002523,-0.012451,-0.009928,-0.0112136470588235,0.000796768390215789,0.5572,0.668193,0.636001352941176,0.0341125751262294
110.624092,"P28","Occ_MO_1.2",100,42,3675.687744,7240.724609,155.04863,-0.00472,0.162396,27.778,6.1,9.7,"{""type"":""M"",""msg"":""FADE0"",""time"":110.548,""dist"":2.91207}",2.01953900000001,8.11953900000001,0,11.6,7.1,0.450846,7.1,6.1,0.004842,-0.009562,-0.00472,-0.00570238095238095,0.00141696776520112,0.160875,0.450846,0.260779428571429,0.0969690920394594
113.050041,"P28","Occ_MO_1.2",100,43,3615.106201,7270.268555,152.697159,-0.009562,0.389511,27.7777,19.7,13.5,"{""type"":""M"",""msg"":""FADE0"",""time"":113.042,""dist"":2.98135}",1.91976099999999,15.419761,0,9.2,15.7,0.20103,9.2,13.5,0.002319,-0.009562,-0.007243,-0.00843715,0.000459846344474234,0.20103,0.389511,0.3028889,0.0593378210054404
115.169464,"P28","Occ_MO_1.2",100,44,3563.328125,7298.314453,150.454285,-0.006551,0.419242,27.7779,7.4,12.6,"{""type"":""M"",""msg"":""FADE0"",""time"":115.091,""dist"":3.03829}",1.61586800000001,9.01586800000001,0,18.7,12.5,0.413765,12.5,7.4,0.003011,-0.009562,-0.006551,-0.00819535294117647,0.00107967315315657,0.413765,0.420141,0.418069764705882,0.00156854492800699
118.10112,"P28","Occ_MO_1.2",100,45,3493.470947,7340.195801,147.639618,-0.006714,0.580174,27.7778,4.8,10.3,"{""type"":""M"",""msg"":""FADE0"",""time"":118.058,""dist"":3.12074}",2.422783,7.222783,0,23.8,30.8,0.439198,23.8,4.8,0.001872,-0.008586,-0.006714,-0.00776064,0.00071497108799354,0.439198,0.580174,0.4953608,0.0401018748553814
120.722992,"P28","Occ_MO_1.2",100,46,3433.150391,7381.018555,143.918839,-0.010742,0.396097,27.778,9.6,5.6,"{""type"":""M"",""msg"":""FADE0"",""time"":120.655,""dist"":3.19289}",2.115494,7.715494,0,9.9,7.3,0.64968,7.3,5.6,0.003173,-0.01359,-0.010417,-0.0121958181818182,0.000983977140479907,0.396097,0.675854,0.595628681818182,0.0881691411308462
123.749962,"P28","Occ_MO_1.2",100,47,3366.28418,7432.030762,141.683411,-0.0059,-0.060459,27.7777,5.4,8.6,"{""type"":""M"",""msg"":""FADE0"",""time"":123.654,""dist"":3.27621}",2.52066099999999,7.92066099999999,0,56.7,6.7,0.221776,6.7,5.4,0.00472,-0.008911,-0.004191,-0.00513165384615385,0.00120483588732433,-0.140782,0.221776,-0.0401716153846154,0.110381465952968
126.379608,"P28","Occ_MO_1.2",100,48,3309.97583,7478.581543,138.948395,-0.007568,0.714833,27.7778,2.2,7.1,"{""type"":""M"",""msg"":""FADE0"",""time"":126.374,""dist"":3.35179}",2.12202400000001,4.32202400000001,0,5.2,9.2,0.064151,5.2,2.2,0.002156,-0.009399,-0.007243,-0.00881118181818182,0.000622949255470921,0.064151,0.714833,0.384535318181818,0.200054559254026
128.198425,"P28","Occ_MO_1.2",100,49,3272.643555,7512.631836,135.77063,-0.016479,1.075839,27.777,7.6,5.6,"{""type"":""M"",""msg"":""FADE0"",""time"":128.197,""dist"":3.40244}",1.31230099999999,6.91230099999999,0,13.2,10.7,0.904696,10.7,5.6,0.003703,-0.017822,-0.014119,-0.0164241428571429,0.00086947914179811,0.904696,1.097643,1.043605,0.063572641211573
130.827713,"P28","Occ_MO_1.2",100,50,3222.068848,7565.338867,132.295761,-0.006714,0.180472,27.7783,11.7,15.9,"{""type"":""M"",""msg"":""FADE0"",""time"":130.728,""dist"":3.47278}",2.12243699999999,13.822437,0,7.3,5.2,0.962746,5.2,11.7,0.008585,-0.015299,-0.006714,-0.00960286363636364,0.00260119930756225,0.180472,0.962746,0.560715227272727,0.250253290465391
133.45108,"P28","Occ_MO_1.2",100,51,3173.995361,7620.126465,130.105591,-0.008586,0.055781,27.7777,11.6,26.6,"{""type"":""M"",""msg"":""FADE0"",""time"":133.436,""dist"":3.54801}",2.2182,13.8182,0,10.9,15.1,0.082772,10.9,11.6,0.002686,-0.008586,-0.0059,-0.00672808695652174,0.000820151644129053,-0.040534,0.082772,0.00090460869565217,0.0373144090067328
136.787811,"P28","Occ_MO_1.2",100,52,3116.454346,7692.805176,126.641266,-0.007568,0.698411,27.7779,3,9.8,"{""type"":""M"",""msg"":""FADE0"",""time"":136.722,""dist"":3.63931}",2.830658,5.830658,0,26.6,21.2,0.135878,21.2,3,0.001994,-0.009562,-0.007568,-0.00829365517241379,0.000543385437778882,0.135878,0.698411,0.389190965517241,0.169723016513773
139.006485,"P28","Occ_MO_1.2",100,53,3081.091064,7743.286133,123.075348,-0.010742,0.753609,27.7779,9.8,6.5,"{""type"":""M"",""msg"":""FADE0"",""time"":138.97,""dist"":3.70178}",1.71606399999999,8.21606399999999,0,10.3,8.1,0.836066,8.1,6.5,0.004557,-0.015299,-0.010742,-0.0140400555555556,0.00127831080967963,0.753609,0.922161,0.870720166666667,0.0502876480521574
141.732758,"P28","Occ_MO_1.2",100,54,3041.166992,7807.65918,120.855583,-0.004354,0.07639,27.7778,6.2,9.5,"{""type"":""M"",""msg"":""FADE0"",""time"":141.69,""dist"":3.77737}",2.22337399999998,8.42337399999998,0,10.2,6.3,0.590184,6.3,6.2,0.005574,-0.009928,-0.004354,-0.0056735652173913,0.0016291318610086,0.07639,0.590184,0.268689391304348,0.167813444653644
144.665817,"P28","Occ_MO_1.2",100,55,3000.828613,7878.463867,118.18306,-0.008219,0.463489,27.7775,13.8,38.9,"{""type"":""M"",""msg"":""FADE0"",""time"":144.657,""dist"":3.85981}",2.43061800000001,16.230618,0,6.6,10.8,0.094897,6.6,13.8,0.002726,-0.008423,-0.005697,-0.00771664,0.000878282551346661,0.094897,0.463489,0.27057448,0.116771347590466
147.593292,"P28","Occ_MO_1.2",100,56,2964.495117,7951.226562,114.830177,-0.008219,0.575144,27.778,46.2,50.8,"{""type"":""M"",""msg"":""FADE0"",""time"":147.581,""dist"":3.94106}",2.42311099999998,48.623111,0,12.5,9.3,0.534682,9.3,46.2,0.003052,-0.011271,-0.008219,-0.00936192,0.000702159877330892,0.534682,0.604485,0.5860714,0.0192013592769713
151.332428,"P28","Occ_MO_1.2",100,57,2923.989502,8046.87793,110.870895,-0.009074,0.257141,27.7776,14.2,8.3,"{""type"":""M"",""msg"":""FADE0"",""time"":151.275,""dist"":4.04371}",3.23661799999999,11.536618,0,36.8,42.7,0.543849,36.8,8.3,0.001505,-0.009562,-0.008057,-0.00863851515151515,0.00041137020440931,0.257141,0.543849,0.428390787878788,0.0832035719443423
155.07489,"P28","Occ_MO_1.2",100,58,2889.538818,8144.980469,107.728386,-0.008219,0.175266,27.7777,16,25.1,"{""type"":""M"",""msg"":""FADE0"",""time"":155.065,""dist"":4.14901}",3.23397800000001,19.233978,0,22.9,27.9,0.165823,22.9,16,0.002848,-0.008219,-0.005371,-0.00649321212121212,0.000938783346863633,0.022771,0.175266,0.0796975151515152,0.048822153284345
156.402176,"P28","Occ_MO_1.2",100,59,2878.703857,8180.231445,106.321594,-0.009074,0.32714,27.7775,1e+06,25.2,"{""type"":""M"",""msg"":""FADE0"",""time"":156.314,""dist"":4.1837}",0.818175999999994,26.018176,0,25.4,33.2,0.23654,25.4,25.2,0.000488000000000001,-0.009074,-0.008586,-0.00876644444444444,0.000189809846366773,0.23654,0.32714,0.283367111111111,0.0311487001913581
13.424889,"P29","Occ_MO_1.2",100,1,5763.753418,8306.234375,-101.374878,-0.006877,-0.116236,27.5114,11.1,16.6,"{""type"":""M"",""msg"":""FADE0"",""time"":13.4049,""dist"":0.207922}",0.708476000000001,11.808476,0,19.5,28.1,-0.098903,19.5,11.1,0.000529,-0.007406,-0.006877,-0.006943125,0.000187029743623842,-0.116511,-0.098903,-0.1105115,0.00657877804546016
15.957968,"P29","Occ_MO_1.2",100,2,5748.583008,8237.852539,-103.799835,-0.007568,0.098142,27.7456,10.8,19,"{""type"":""M"",""msg"":""FADE0"",""time"":15.8591,""dist"":0.275778}",2.027394,12.827394,0,10.7,16.5,-0.100571,10.7,10.8,0.00118,-0.008219,-0.007039,-0.00784542857142857,0.000425434786004691,-0.100571,0.098142,-0.00925899999999999,0.0630852952461982
19.593462,"P29","Occ_MO_1.2",100,3,5721.521973,8140.566895,-107.378334,-0.007894,0.627735,27.7778,6.5,19.5,"{""type"":""M"",""msg"":""FADE0"",""time"":19.5569,""dist"":0.378505}",3.13204,9.63204,0,21.2,45,0.160666,21.2,6.5,0.000855,-0.008423,-0.007568,-0.0079675,0.000262362344859166,0.160666,0.627735,0.37814603125,0.142131201655255
22.819843,"P29","Occ_MO_1.2",100,4,5691.766602,8056.022949,-111.502434,-0.010254,0.467731,27.7781,9.8,6.1,"{""type"":""M"",""msg"":""FADE0"",""time"":22.7593,""dist"":0.467487}",2.721885,8.821885,0,8.7,6.5,0.714911,6.5,6.1,0.005209,-0.014608,-0.009399,-0.0106534642857143,0.00108589343594701,0.467731,0.75278,0.671137214285714,0.0885020500249517
26.95813,"P29","Occ_MO_1.2",100,5,5645.48291,7950.795898,-116.049057,-0.009074,-1.091653,27.7777,5.2,0.1,"{""type"":""M"",""msg"":""FADE0"",""time"":26.8894,""dist"":0.582244}",3.632982,3.732982,0,11.2,6.3,0.320409,6.3,0.1,0.001668,-0.009562,-0.007894,-0.00879021621621622,0.000455324312693414,-1.091653,0.320409,-0.339377621621622,0.424056750201115
29.078159,"P29","Occ_MO_1.2",100,6,5619.447266,7897.955078,-116.19062,-0.001506,-1.195541,27.7778,4.8,-2.018367,"{""type"":""M"",""msg"":""FADE0"",""time"":29.0056,""dist"":0.641047}",1.616478,-0.401888999999999,0,7.2,-0.401889,-1.323328,-0.401889,-2.018367,0.005992,-0.001506,0.004486,0.00126205882352941,0.0019859402518262,-1.454135,-1.195541,-1.37405976470588,0.077847142234421
31.497654,"P29","Occ_MO_1.2",100,7,5588.799805,7838.126465,-118.602806,-0.010091,0.270814,27.7777,5.4,28.8,"{""type"":""M"",""msg"":""FADE0"",""time"":31.4772,""dist"":0.70972}",1.914583,7.314583,0,4.5,6.8,-0.909157,4.5,5.4,0.007894,-0.012085,-0.004191,-0.0093871,0.00206356602179717,-0.909157,0.270814,-0.2909897,0.370119156658487
34.133686,"P29","Occ_MO_1.2",100,8,5551.866699,7774.889648,-122.003761,-0.009237,1.118218,27.7781,0.1,33.6,"{""type"":""M"",""msg"":""FADE0"",""time"":34.0564,""dist"":0.781386}",2.1324,2.2324,0,21.4,17.5,0.517899,17.5,0.1,0.004028,-0.013265,-0.009237,-0.0106368636363636,0.00137090923236246,0.517899,1.118218,0.866062,0.18145659500251
36.353615,"P29","Occ_MO_1.2",100,9,5517.755859,7723.508301,-125.227676,-0.009562,1.005331,27.7784,17.4,10.6,"{""type"":""M"",""msg"":""FADE0"",""time"":36.2867,""dist"":0.843358}",1.715489,12.315489,0,-0.403991,5.9,1.202519,-0.403991,10.6,0.00826,-0.017822,-0.009562,-0.0122929444444444,0.002235722740682,1.005331,1.2209,1.15159638888889,0.0720119858063992
39.382008,"P29","Occ_MO_1.2",100,10,5467.093262,7656.339355,-128.814713,-0.009074,-0.061915,27.7777,14.9,4.9,"{""type"":""M"",""msg"":""FADE0"",""time"":39.3752,""dist"":0.929174}",2.525246,7.425246,0,7,4.9,0.873815,4.9,4.9,0.006551,-0.014974,-0.008423,-0.00947315384615385,0.00129717732611413,-0.061915,0.873815,0.4161825,0.288672425923537
42.109623,"P29","Occ_MO_1.2",100,11,5418.441895,7598.232422,-131.073975,-0.007406,-0.617272,27.7774,10.2,13.8,"{""type"":""M"",""msg"":""FADE0"",""time"":42.0217,""dist"":1.00271}",2.221993,12.421993,0,15.2,18.2,-0.257176,15.2,10.2,0.003215,-0.007406,-0.004191,-0.00615486956521739,0.00088038619131027,-0.61929,-0.257176,-0.508741652173913,0.114860525694746
45.342625,"P29","Occ_MO_1.2",100,12,5357.382324,7532.367188,-134.788452,-0.009074,-0.372687,27.7779,16.1,52.3,"{""type"":""M"",""msg"":""FADE0"",""time"":45.3151,""dist"":1.09422}",2.72659,18.82659,0,9.6,13.3,-0.590371,9.6,16.1,0.003703,-0.011271,-0.007568,-0.00962325,0.000937603707844078,-0.590371,-0.372687,-0.474958714285714,0.0626508873088164
48.67688,"P29","Occ_MO_1.2",100,13,5289.904785,7468.915039,-138.852066,-0.009766,-0.046203,27.7781,22.2,16,"{""type"":""M"",""msg"":""FADE0"",""time"":48.6166,""dist"":1.18596}",2.828945,18.828945,0,20,41.9,-0.310974,20,16,0.00236,-0.011597,-0.009237,-0.0100561034482759,0.000683306840969894,-0.310974,-0.046203,-0.163294172413793,0.0766006991231006
52.518723,"P29","Occ_MO_1.2",100,14,5206.80127,7401.960449,-143.471634,-0.009074,-0.073411,27.7778,20.2,11.8,"{""type"":""M"",""msg"":""FADE0"",""time"":52.4528,""dist"":1.29255}",3.336449,15.136449,0,13.2,8.8,-0.009711,8.8,11.8,0.00236,-0.011108,-0.008748,-0.00975708823529412,0.000678265093774665,-0.073411,0.014014,-0.0113408235294118,0.0251425902109025
56.767921,"P29","Occ_MO_1.2",100,15,5109.172363,7335.624512,-148.217377,-0.009766,-0.576052,27.7776,9.7,3.7,"{""type"":""M"",""msg"":""FADE0"",""time"":56.7424,""dist"":1.41174}",3.742,7.442,0,19.3,10.9,-0.111302,10.9,3.7,0.002197,-0.010254,-0.008057,-0.00909531578947368,0.000590900554365419,-0.576052,-0.111302,-0.318169842105263,0.140443499609712
61.013062,"P29","Occ_MO_1.2",100,16,5006.752441,7277.170898,-152.521271,-0.008748,-1.161265,27.7779,10.3,-0.202836,"{""type"":""M"",""msg"":""FADE0"",""time"":60.9235,""dist"":1.52792}",3.738049,3.535213,3.535213,9.6,12.4,-0.668946,9.6,-0.202836,0.005208,-0.009562,-0.004354,-0.00816365789473684,0.00108558003617236,-1.161265,-0.668946,-0.907471157894737,0.146681301107984
63.940441,"P29","Occ_MO_1.2",100,17,4934.239258,7240.320801,-153.33963,-0.004028,-0.306546,27.7776,2.8,5,"{""type"":""M"",""msg"":""FADE0"",""time"":63.9327,""dist"":1.61153}",2.420872,5.220872,0,7.6,-0.709343,-1.233899,-0.709343,2.8,0.005371,-0.004028,0.001343,-0.00102072,0.00131341008193684,-1.251647,-0.306546,-0.97174832,0.302831960316653
65.557358,"P29","Occ_MO_1.2",100,18,4893.782227,7220.793457,-155.632431,-0.012939,0.990566,27.7768,0.6,11.7,"{""type"":""M"",""msg"":""FADE0"",""time"":65.5125,""dist"":1.65542}",1.11144299999999,1.71144299999999,0,2.9,14.8,0.159354,2.9,0.6,0.002848,-0.015625,-0.012777,-0.0140176666666667,0.000971189086853967,0.159354,0.990566,0.607943833333333,0.273429748727607
66.972191,"P29","Occ_MO_1.2",100,19,4857.67334,7205.259766,-157.968872,-0.012248,1.441588,27.7779,-1.112076,9.4,"{""type"":""M"",""msg"":""FADE0"",""time"":66.9568,""dist"":1.69556}",0.908988999999991,-0.203087000000009,0,-0.203087,7.3,1.234576,-0.203087,-1.112076,0.00472,-0.016968,-0.012248,-0.0140951,0.00168260369995763,1.234576,1.441588,1.3578846,0.0701184586954264
68.286316,"P29","Occ_MO_1.2",100,20,4823.579102,7192.197266,-160.232117,-0.011759,1.253635,27.7779,-2.426201,6.2,"{""type"":""M"",""msg"":""FADE0"",""time"":68.2551,""dist"":1.73163}",0.807609999999997,-1.618591,0,-1.618591,4.6,1.459203,-1.618591,-2.426201,0.009949,-0.021708,-0.011759,-0.0147364444444444,0.00333214799758021,1.253635,1.459203,1.37349911111111,0.0724270879375328
71.421593,"P29","Occ_MO_1.2",100,21,4740.729004,7165.304688,-163.68129,-0.007894,-0.31586,27.7779,9,2.9,"{""type"":""M"",""msg"":""FADE0"",""time"":71.3177,""dist"":1.81673}",2.632119,5.532119,0,9,6.1,1.044542,6.1,2.9,0.002523,-0.010417,-0.007894,-0.00851344444444445,0.000730035475077612,-0.31586,1.044542,0.376205592592593,0.419171168985458
73.441727,"P29","Occ_MO_1.2",100,22,4686.696777,7150.100586,-164.806488,-0.003703,-0.997322,27.7778,8.5,10.8,"{""type"":""M"",""msg"":""FADE0"",""time"":73.3632,""dist"":1.87357}",1.61541,10.11541,0,11.6,13.9,-0.524454,11.6,8.5,0,-0.003703,-0.003703,-0.003703,0,-0.997322,-0.524454,-0.813531882352941,0.152222434314428
75.766876,"P29","Occ_MO_1.2",100,23,4624.141602,7133.965332,-166.590149,-0.007406,-0.681938,27.7777,9.9,14.2,"{""type"":""M"",""msg"":""FADE0"",""time"":75.7201,""dist"":1.93906}",1.82092999999999,11.72093,0,7.5,9.8,-1.005419,7.5,9.9,0.004883,-0.008586,-0.003703,-0.006729,0.00174364312097784,-1.005419,-0.681938,-0.861714947368421,0.105536362973187
78.9991,"P29","Occ_MO_1.2",100,24,4536.27832,7115.421387,-169.659119,-0.007406,0.298018,27.778,3.8,8.4,"{""type"":""M"",""msg"":""FADE0"",""time"":78.9252,""dist"":2.02811}",2.727379,6.527379,0,8.9,13.3,-0.563769,8.9,3.8,0.002522,-0.009399,-0.006877,-0.00767739285714286,0.000552446366713764,-0.563769,0.298018,-0.166381785714286,0.263837718818238
80.92083,"P29","Occ_MO_1.2",100,25,4483.552246,7107.02832,-172.506592,-0.011108,0.76206,27.778,16.1,11.4,"{""type"":""M"",""msg"":""FADE0"",""time"":80.8388,""dist"":2.08128}",1.41753399999999,12.817534,0,14.7,11.6,0.500548,11.6,11.4,0.004517,-0.015625,-0.011108,-0.0131319333333333,0.00154069773000355,0.500548,0.76206,0.671278133333333,0.0843428559586801
84.361855,"P29","Occ_MO_1.2",100,26,4388.385254,7098.013672,-176.372849,-0.006877,0.552321,27.7779,5,9.6,"{""type"":""M"",""msg"":""FADE0"",""time"":84.2802,""dist"":2.1769}",2.93636400000001,7.93636400000001,0,17.5,12,0.765573,12,5,0.005697,-0.012248,-0.006551,-0.00879736666666667,0.00200750491017278,0.541331,0.765573,0.6395084,0.0857980481992452
87.086632,"P29","Occ_MO_1.2",100,27,4312.740234,7095.107422,-179.364532,-0.008057,0.892542,27.7779,2.2,9,"{""type"":""M"",""msg"":""FADE0"",""time"":87.0621,""dist"":2.2542}",2.221817,4.421817,0,9.3,48.5,0.596065,9.3,2.2,0.002197,-0.010254,-0.008057,-0.00908091304347826,0.000574610374953283,0.596065,0.892542,0.730034782608696,0.0903205721778903
88.802765,"P29","Occ_MO_1.2",100,28,4265.068848,7095.716309,177.276321,-0.015462,0.886473,27.777,6.5,4.5,"{""type"":""M"",""msg"":""FADE0"",""time"":88.7887,""dist"":2.30218}",1.210037,5.710037,0,8.2,6.4,1.000569,6.4,4.5,0.004029,-0.019491,-0.015462,-0.0181948461538462,0.00122130298221161,0.886473,1.047652,1.00254223076923,0.0505447866585563
90.928307,"P29","Occ_MO_1.2",100,29,4206.155273,7099.845703,175.095367,-0.005208,-0.093986,27.7785,9.4,12.5,"{""type"":""M"",""msg"":""FADE0"",""time"":90.8532,""dist"":2.35954}",1.61745500000001,11.017455,0,8.1,4.8,0.640049,4.8,9.4,0.005697,-0.010905,-0.005208,-0.00635235294117647,0.00180324329130793,-0.093986,0.640049,0.232795058823529,0.235896093391103
93.35038,"P29","Occ_MO_1.2",100,30,4139.191895,7106.539062,173.450729,-0.005208,-0.103015,27.7777,4.8,8,"{""type"":""M"",""msg"":""FADE0"",""time"":93.2704,""dist"":2.42671}",1.917305,6.717305,0,9.5,13,-0.201399,9.5,4.8,0.00118,-0.006063,-0.004883,-0.0053628,0.00037297165124387,-0.258884,-0.103015,-0.21597445,0.0457008828988479
96.683624,"P29","Occ_MO_1.2",100,31,4047.580322,7120.022949,169.697968,-0.009562,0.707056,27.7777,24.7,20.1,"{""type"":""M"",""msg"":""FADE0"",""time"":96.6347,""dist"":2.52019}",2.82755999999999,22.92756,0,13,9.8,0.052496,9.8,20.1,0.006551,-0.014608,-0.008057,-0.00952155172413793,0.00148694582921328,0.052496,0.707056,0.393802931034483,0.196512422864294
99.013573,"P29","Occ_MO_1.2",100,32,3984.23999,7133.362793,166.499191,-0.008911,0.706897,27.7783,18.1,11.9,"{""type"":""M"",""msg"":""FADE0"",""time"":98.9144,""dist"":2.58353}",1.82211299999999,13.722113,0,8.7,6.6,0.799183,6.6,11.9,0.006388,-0.015299,-0.008911,-0.0111919473684211,0.00211494059474451,0.706897,0.83749,0.796299894736842,0.0409570180078996
101.742996,"P29","Occ_MO_1.2",100,33,3910.993896,7152.989746,163.445755,-0.008057,0.076638,27.7782,19,7.9,"{""type"":""M"",""msg"":""FADE0"",""time"":101.726,""dist"":2.66166}",2.325958,10.225958,0,35.7,19.5,0.640937,19.5,7.9,0.003865,-0.011922,-0.008057,-0.00916725,0.00119734747599052,0.076638,0.640937,0.383027958333333,0.177663560928216
104.674294,"P29","Occ_MO_1.2",100,34,3833.407959,7177.758789,161.221817,-0.005534,-0.326311,27.7777,8.1,11.8,"{""type"":""M"",""msg"":""FADE0"",""time"":104.597,""dist"":2.74144}",2.427689,10.527689,0,18,7,-0.060711,7,8.1,0.0035,-0.008057,-0.004557,-0.00563328,0.000707222001920189,-0.343252,-0.060711,-0.26404896,0.089215282353268
107.601952,"P29","Occ_MO_1.2",100,35,3757.025146,7205.715332,158.476974,-0.006877,0.015961,27.7778,8.2,13.8,"{""type"":""M"",""msg"":""FADE0"",""time"":107.524,""dist"":2.82277}",2.421807,10.621807,0,8,12.1,-0.274102,8,8.2,0.004516,-0.010579,-0.006063,-0.00784512,0.00126057934167853,-0.274102,0.015961,-0.127874,0.0837236941731551
110.829971,"P29","Occ_MO_1.2",100,36,3674.621094,7241.095703,154.975052,-0.008586,0.276054,27.7779,44.6,25.8,"{""type"":""M"",""msg"":""FADE0"",""time"":110.762,""dist"":2.91274}",2.72270899999999,28.522709,0,15.4,11,0.101062,11,25.8,0.004028,-0.011271,-0.007243,-0.00902746428571429,0.000976242057193196,0.101062,0.276054,0.220893785714286,0.0509835598602771
113.758255,"P29","Occ_MO_1.2",100,37,3601.977051,7277.710449,151.346375,-0.009399,-0.11974,27.778,9.6,4.5,"{""type"":""M"",""msg"":""FADE0"",""time"":113.675,""dist"":2.99367}",2.42278300000001,6.92278300000001,0,12.1,8.1,0.283506,8.1,4.5,0.002848,-0.012085,-0.009237,-0.01033524,0.000770555064006893,-0.11974,0.283506,0.14981332,0.129995334500486
116.286728,"P29","Occ_MO_1.2",100,38,3540.897217,7312.421875,149.616974,-0.004354,-0.564588,27.7777,6.9,9.6,"{""type"":""M"",""msg"":""FADE0"",""time"":116.273,""dist"":3.06587}",2.021248,8.921248,0,17.4,20.7,-0.288214,17.4,6.9,0.002034,-0.006388,-0.004354,-0.0045302380952381,0.000450662390794029,-0.580891,-0.288214,-0.495499904761905,0.0942587766173022
119.211418,"P29","Occ_MO_1.2",100,39,3471.854492,7355.255859,146.304352,-0.009237,-0.251842,27.778,56.5,11.5,"{""type"":""M"",""msg"":""FADE0"",""time"":119.16,""dist"":3.14609}",2.421532,13.921532,0,6.1,8.8,-0.491189,6.1,11.5,0.008545,-0.013102,-0.004557,-0.0100976,0.00209148511828318,-0.491189,-0.238999,-0.30788636,0.08134361178763
122.339462,"P29","Occ_MO_1.2",100,40,3400.879883,7405.40625,143.124619,-0.008057,-0.241006,27.7777,12,16.7,"{""type"":""M"",""msg"":""FADE0"",""time"":122.266,""dist"":3.23238}",2.62443499999999,14.624435,0,43.8,13.7,-0.274187,13.7,12,0.00236,-0.009074,-0.006714,-0.00804614814814815,0.00074638852038454,-0.303958,-0.241006,-0.283948555555556,0.0184818093256239
125.976822,"P29","Occ_MO_1.2",100,41,3322.343262,7468.975586,138.698502,-0.009399,-0.268584,27.7781,38.9,29.8,"{""type"":""M"",""msg"":""FADE0"",""time"":125.968,""dist"":3.33525}",3.131958,32.931958,0,16.2,22.8,-0.203491,16.2,29.8,0.003703,-0.012614,-0.008911,-0.01016475,0.000809789299557249,-0.268584,-0.142665,-0.1816928125,0.0364273548502093
129.410004,"P29","Occ_MO_1.2",100,42,3252.427734,7533.856445,135.457626,-0.008219,0.136889,27.7777,4.9,9.8,"{""type"":""M"",""msg"":""FADE0"",""time"":129.348,""dist"":3.42916}",2.93111499999999,7.83111499999999,0,10.4,14.1,-0.315725,10.4,4.9,0.003499,-0.009562,-0.006063,-0.00735683333333333,0.000894080999313448,-0.333044,0.136889,-0.184992266666667,0.150916120490577
131.633774,"P29","Occ_MO_1.2",100,43,3209.5,7578.285645,132.335236,-0.010254,0.706039,27.7779,22,17.6,"{""type"":""M"",""msg"":""FADE0"",""time"":131.628,""dist"":3.49251}",1.71972699999998,19.319727,0,15,12,0.315051,12,17.6,0.00472,-0.014974,-0.010254,-0.0121550555555556,0.00139658391935138,0.315051,0.706039,0.546371722222222,0.124097954024849
134.774521,"P29","Occ_MO_1.2",100,44,3153.345947,7645.052734,127.734711,-0.008911,0.290291,27.7785,14,7,"{""type"":""M"",""msg"":""FADE0"",""time"":134.699,""dist"":3.57783}",2.63057000000001,9.63057000000001,0,18.6,14.6,0.760309,14.6,7,0.006551,-0.015462,-0.008911,-0.0121964444444444,0.0021897992414714,0.290291,0.785505,0.636831814814815,0.163356754447728
138.207352,"P29","Occ_MO_1.2",100,45,3097.064697,7722.047363,124.414452,-0.008423,-0.485688,27.7779,23.2,7.3,"{""type"":""M"",""msg"":""FADE0"",""time"":138.162,""dist"":3.67407}",2.926987,10.226987,0,13.7,17.6,0.111317,13.7,7.3,0.003011,-0.009237,-0.006226,-0.0076919,0.00100351665621969,-0.485688,0.111317,-0.226312333333333,0.175339752829861
141.746735,"P29","Occ_MO_1.2",100,46,3044.11084,7804.892578,120.385147,-0.010254,-1.034056,27.7777,6,0.5,"{""type"":""M"",""msg"":""FADE0"",""time"":141.712,""dist"":3.7727}",3.036652,3.536652,0,8.6,11.4,-0.555942,8.6,0.5,0.006551,-0.010905,-0.004354,-0.0095161935483871,0.00146126772402949,-1.034056,-0.555942,-0.735302193548387,0.141933015197644
143.96402,"P29","Occ_MO_1.2",100,47,3012.993652,7858.06543,120.920181,0.004323,-0.521944,27.7778,2.2,3.6,"{""type"":""M"",""msg"":""FADE0"",""time"":143.869,""dist"":3.83264}",1.713776,3.913776,0,5.3,-0.201294,-1.190359,-0.201294,2.2,0.007212,0.001343,0.008555,0.00491211111111111,0.00204364213192983,-1.234382,-0.521944,-1.03674655555556,0.230348942226461
145.375717,"P29","Occ_MO_1.2",100,48,2993.299561,7891.979004,118.052933,-0.018473,0.869116,27.7742,7.6,6,"{""type"":""M"",""msg"":""FADE0"",""time"":145.321,""dist"":3.87299}",0.906448000000012,6.90644800000001,0,2.1,14.6,0.082207,2.1,6,0.019696,-0.034141,-0.014445,-0.0229515,0.00683695309411371,0.082207,0.869116,0.5416739,0.270669128921662
147.095367,"P29","Occ_MO_1.2",100,49,2972.333008,7934.902832,114.206383,-0.010742,0.442242,27.7803,6.3,3.6,"{""type"":""M"",""msg"":""FADE0"",""time"":147.049,""dist"":3.92099}",1.212097,4.812097,0,4.3,3.2,0.974824,3.2,3.6,0.020818,-0.03156,-0.010742,-0.0167840769230769,0.006470836556705,0.442242,0.974824,0.760867076923077,0.182014836982896
148.916794,"P29","Occ_MO_1.2",100,50,2951.893799,7981.205566,113.829269,0.001343,-0.340867,27.7784,4.4,6.4,"{""type"":""M"",""msg"":""FADE0"",""time"":148.877,""dist"":3.97178}",1.31707800000001,5.71707800000001,0,7.3,9.3,0.102247,7.3,4.4,0.001669,-0.000326,0.001343,0.000837142857142857,0.00062844519461713,-0.340867,0.102247,-0.186966357142857,0.149297806128766
151.746902,"P29","Occ_MO_1.2",100,51,2921.842041,8053.854492,110.283653,-0.010254,-0.262738,27.778,7.6,3.5,"{""type"":""M"",""msg"":""FADE0"",""time"":151.645,""dist"":4.0487}",2.32324199999999,5.82324199999999,0,4.7,7.5,-0.263887,4.7,3.5,0.013428,-0.016968,-0.00354,-0.012361375,0.00309504589854988,-0.263887,-0.050042,-0.130473375,0.0717273838434609
153.873932,"P29","Occ_MO_1.2",100,52,2901.951904,8109.508789,109.391663,-0.00118,-0.5279,27.7778,4.5,6.6,"{""type"":""M"",""msg"":""FADE0"",""time"":153.86,""dist"":4.11025}",1.720337,6.220337,0,18.4,21.8,-0.404959,18.4,4.5,0.005046,-0.006226,-0.00118,-0.00178583333333333,0.00144686436821148,-0.618526,-0.404959,-0.556683222222222,0.063886085474396
156.612915,"P29","Occ_MO_1.2",100,53,2878.192139,8181.800293,106.823326,-0.006551,0.393516,27.7781,3.5,8.2,"{""type"":""M"",""msg"":""FADE0"",""time"":156.517,""dist"":4.18406}",2.233734,5.733734,0,6.5,11.8,-0.347458,6.5,3.5,0.008586,-0.015137,-0.006551,-0.00871686363636364,0.00256451252762177,-0.347458,0.393516,0.0313916363636363,0.222190089081516
12.398242,"P30","Occ_MO_1.2",100,1,5768.585449,8328.833984,-100.201538,-0.009074,0.357499,26.8611,24.3,18.9,"{""type"":""M"",""msg"":""FADE0"",""time"":12.3036,""dist"":0.182843}",0.405593999999999,19.305594,0,16.5,12.4,0.291613,12.4,18.9,0.001017,-0.010091,-0.009074,-0.0097168,0.000515625057575754,0.291613,0.357499,0.3253066,0.0258848393234341
13.307668,"P30","Occ_MO_1.2",100,2,5764.006836,8304.490234,-101.269958,-0.011434,0.479551,27.5166,12.1,8.8,"{""type"":""M"",""msg"":""FADE0"",""time"":13.2789,""dist"":0.209358}",0.402517999999999,9.202518,0,18,13.7,0.430108,13.7,8.8,0.001506,-0.011434,-0.009928,-0.0109292,0.000593002276555495,0.430108,0.479551,0.4558038,0.0194517112794736
14.624361,"P30","Occ_MO_1.2",100,3,5756.403809,8268.939453,-102.921616,-0.006714,0.496929,27.6557,9,15.2,"{""type"":""M"",""msg"":""FADE0"",""time"":14.5658,""dist"":0.244888}",0.812182,9.812182,0,14.4,10.3,0.50896,10.3,9,0.004028,-0.010742,-0.006714,-0.00953955555555555,0.00160491916549644,0.496929,0.51239,0.507545111111111,0.00542564264498788
15.837177,"P30","Occ_MO_1.2",100,4,5748.531738,8236.260742,-104.488548,-0.011922,0.42165,27.7483,8.5,5.6,"{""type"":""M"",""msg"":""FADE0"",""time"":15.8007,""dist"":0.279112}",0.708201000000001,6.308201,0,9.2,6.4,0.49054,6.4,5.6,0.000855,-0.012777,-0.011922,-0.012588625,0.000281176069648285,0.42165,0.49054,0.465334375,0.0248786890843061
17.148949,"P30","Occ_MO_1.2",100,5,5739.01416,8201.09375,-105.66777,-0.00472,0.148387,27.7754,7.5,11.2,"{""type"":""M"",""msg"":""FADE0"",""time"":17.0873,""dist"":0.314843}",0.8063,8.3063,0,15.9,8.7,0.309874,8.7,7.5,0.003866,-0.008586,-0.00472,-0.00549766666666667,0.00139388952216451,0.148387,0.309874,0.221529666666667,0.0559933615306315
18.662609,"P30","Occ_MO_1.2",100,6,5727.321777,8160.694336,-106.478394,-0.007039,0.177878,27.778,6.2,12.1,"{""type"":""M"",""msg"":""FADE0"",""time"":18.6573,""dist"":0.358466}",1.006994,7.206994,0,13.9,20.1,0.106821,13.9,6.2,0.006713,-0.007039,-0.000326,-0.00359909090909091,0.0025347824149045,0.096171,0.177878,0.117855545454545,0.0274942633447912
19.975964,"P30","Occ_MO_1.2",100,7,5716.588867,8125.816895,-107.926414,-0.009074,0.486706,27.7774,27,20.9,"{""type"":""M"",""msg"":""FADE0"",""time"":19.9049,""dist"":0.393133}",0.809231,21.709231,0,7.4,19.4,0.301616,7.4,20.9,0.002522,-0.010579,-0.008057,-0.00955755555555556,0.000847082066731304,0.301616,0.486706,0.398943222222222,0.0637947245894552
21.089281,"P30","Occ_MO_1.2",100,8,5706.77002,8096.483398,-109.410675,-0.014119,0.637805,27.7771,8.1,5.8,"{""type"":""M"",""msg"":""FADE0"",""time"":21.0839,""dist"":0.425891}",0.608307,6.408307,0,16.4,12.6,0.576088,12.6,5.8,0.003865,-0.014119,-0.010254,-0.0129391428571429,0.00148930917190616,0.576088,0.637805,0.614223571428571,0.023287622856052
22.707308,"P30","Occ_MO_1.2",100,9,5691.036133,8054.371094,-111.25312,-0.004557,0.381904,27.7783,6.8,10.6,"{""type"":""M"",""msg"":""FADE0"",""time"":22.6788,""dist"":0.470207}",1.113632,7.913632,0,8.1,5.6,0.601221,5.6,6.8,0.009236,-0.012939,-0.003703,-0.00746658333333333,0.0037763800477642,0.381904,0.601221,0.487915,0.0754885655808517
24.01746,"P30","Occ_MO_1.2",100,10,5677.567871,8020.550781,-112.328911,-0.006714,0.328711,27.7779,9.7,15.5,"{""type"":""M"",""msg"":""FADE0"",""time"":23.9215,""dist"":0.504738}",0.806749,10.506749,0,6.9,11.2,0.344849,6.9,9.7,0.004028,-0.009399,-0.005371,-0.00740555555555556,0.00128933811615797,0.328711,0.344849,0.336257666666667,0.00576072167788031
25.43051,"P30","Occ_MO_1.2",100,11,5662.237305,7984.40625,-113.890831,-0.008748,0.325887,27.7774,21.2,12.5,"{""type"":""M"",""msg"":""FADE0"",""time"":25.3482,""dist"":0.544381}",0.908913000000002,13.408913,0,10,16.6,0.334838,10,12.5,0.004395,-0.011434,-0.007039,-0.0098795,0.00135322546778675,0.325887,0.345228,0.3389003,0.00628191439416008
26.847094,"P30","Occ_MO_1.2",100,12,5645.869141,7948.611328,-115.227493,-0.006877,0.201434,27.7781,11.8,17.3,"{""type"":""M"",""msg"":""FADE0"",""time"":26.7612,""dist"":0.58364}",0.910798,12.710798,0,11.8,7.5,0.283262,7.5,11.8,0.004028,-0.010091,-0.006063,-0.0069134,0.00143097784748751,0.201434,0.283262,0.2371049,0.0284350626299058
28.365089,"P30","Occ_MO_1.2",100,13,5627.491211,7910.646973,-116.326103,-0.005534,0.227202,27.7781,5.3,9.4,"{""type"":""M"",""msg"":""FADE0"",""time"":28.2648,""dist"":0.62542}",1.012138,6.312138,0,21.1,12.2,0.183064,12.2,5.3,0.006714,-0.008911,-0.002197,-0.00472736363636364,0.00190138792847369,0.173499,0.227202,0.187768090909091,0.0178656217269623
29.673981,"P30","Occ_MO_1.2",100,14,5610.980957,7878.244141,-117.946381,-0.009928,0.392191,27.7774,15.6,10.6,"{""type"":""M"",""msg"":""FADE0"",""time"":29.5911,""dist"":0.662273}",0.906079000000002,11.506079,0,18.1,13.3,0.299357,13.3,10.6,0.00232,-0.012248,-0.009928,-0.0112386,0.000918233352089157,0.299357,0.392191,0.3581744,0.0324087336589657
31.186594,"P30","Occ_MO_1.2",100,15,5590.740723,7841.412109,-119.732269,-0.008057,0.314875,27.778,23.6,28.7,"{""type"":""M"",""msg"":""FADE0"",""time"":31.1041,""dist"":0.704313}",1.00836,24.60836,0,17.3,11.3,0.388962,11.3,23.6,0.00236,-0.010417,-0.008057,-0.00961045454545455,0.000908347770805473,0.314875,0.388962,0.358634363636364,0.0256956049559948
32.797997,"P30","Occ_MO_1.2",100,16,5568.044434,7802.817871,-121.212563,-0.007406,0.186228,27.7778,12.2,17.5,"{""type"":""M"",""msg"":""FADE0"",""time"":32.7239,""dist"":0.749321}",1.108492,13.308492,0,41.9,14.6,0.262567,14.6,12.2,0.00236,-0.008748,-0.006388,-0.00708683333333333,0.000756217962006065,0.186228,0.262567,0.217456916666667,0.0257669381941572
34.113873,"P30","Occ_MO_1.2",100,17,5548.739746,7771.768555,-122.714493,-0.009928,0.140418,27.7776,14.4,8.4,"{""type"":""M"",""msg"":""FADE0"",""time"":34.056,""dist"":0.786333}",0.809059999999995,9.20906,0,16,10,0.178979,10,8.4,0,-0.009928,-0.009928,-0.009928,0,0.140418,0.178979,0.163782555555556,0.0134248036960612
35.528709,"P30","Occ_MO_1.2",100,18,5527.081543,7738.960938,-124.029144,-0.006063,0.005981,27.7781,7.9,11.6,"{""type"":""M"",""msg"":""FADE0"",""time"":35.489,""dist"":0.826152}",0.909328000000002,8.809328,0,14.3,7.9,0.088287,7.9,7.9,0.004883,-0.009766,-0.004883,-0.0062623,0.00177066384600679,0.005981,0.088287,0.0386947,0.0292870020507771
37.043625,"P30","Occ_MO_1.2",100,19,5503.137695,7704.342285,-125.306664,-0.007243,0.095065,27.7777,6.9,11.5,"{""type"":""M"",""msg"":""FADE0"",""time"":37.0239,""dist"":0.868802}",1.011017,7.911017,0,15,20.4,0.00888,15,6.9,0.003011,-0.008219,-0.005208,-0.00626245454545455,0.00106289447864182,0.00888,0.095065,0.039471,0.029445915003613
38.465714,"P30","Occ_MO_1.2",100,20,5479.884277,7672.397461,-127.005074,-0.009237,0.310387,27.7774,17.4,28.4,"{""type"":""M"",""msg"":""FADE0"",""time"":38.3747,""dist"":0.906333}",0.915313999999995,18.315314,0,20.4,14.2,0.188137,14.2,17.4,0.002685,-0.011922,-0.009237,-0.0106323,0.00110012585643644,0.188137,0.310387,0.2567419,0.0411035347694629
39.87965,"P30","Occ_MO_1.2",100,21,5455.792969,7641.366211,-128.774673,-0.009237,0.378224,27.7779,20.9,57.3,"{""type"":""M"",""msg"":""FADE0"",""time"":39.795,""dist"":0.945799}",0.909079999999996,21.80908,0,20.5,13.8,0.354886,13.8,20.9,0.002848,-0.012085,-0.009237,-0.0105632,0.00126860954504441,0.354886,0.379287,0.3729787,0.00843500233879965
41.293114,"P30","Occ_MO_1.2",100,22,5430.773926,7611.094238,-130.506042,-0.009237,0.340464,27.7777,53.8,48.8,"{""type"":""M"",""msg"":""FADE0"",""time"":41.2814,""dist"":0.987099}",0.908657000000005,49.708657,0,25.7,17.4,0.375835,17.4,48.8,0.002197,-0.011434,-0.009237,-0.0102377,0.000901616209309087,0.340464,0.375835,0.3622764,0.0124861843669091
42.906185,"P30","Occ_MO_1.2",100,23,5401.148438,7577.462891,-132.309265,-0.007731,0.258937,27.7782,8.5,13.4,"{""type"":""M"",""msg"":""FADE0"",""time"":42.856,""dist"":1.03085}",1.108642,9.608642,0,23.5,15.5,0.312114,15.5,8.5,0.00236,-0.010091,-0.007731,-0.0088805,0.000770235914273259,0.258937,0.312114,0.2822815,0.0180863462941725
44.724716,"P30","Occ_MO_1.2",100,24,5366.514648,7540.674316,-134.408737,-0.009766,0.280056,27.7775,29.6,23.7,"{""type"":""M"",""msg"":""FADE0"",""time"":44.6798,""dist"":1.08153}",1.31303,25.01303,0,43.9,38.8,0.259215,38.8,23.7,0.000367000000000001,-0.009766,-0.009399,-0.00968735714285714,0.00015627422010086,0.259215,0.280056,0.269658357142857,0.00660375406762808
46.546467,"P30","Occ_MO_1.2",100,25,5330.478516,7505.130371,-136.495132,-0.009562,0.39522,27.7778,32.2,26.9,"{""type"":""M"",""msg"":""FADE0"",""time"":46.4566,""dist"":1.1309}",1.312992,28.212992,0,15.4,47.7,0.292296,15.4,26.9,0.001831,-0.009562,-0.007731,-0.00916092857142857,0.000663529776073586,0.292296,0.39522,0.339158,0.0345083777743229
47.959332,"P30","Occ_MO_1.2",100,26,5301.587891,7478.554199,-138.347122,-0.008423,0.438248,27.7781,12.1,24.1,"{""type"":""M"",""msg"":""FADE0"",""time"":47.9061,""dist"":1.17117}",0.907567,13.007567,0,10.8,7.8,0.436166,7.8,12.1,0.004842,-0.013265,-0.008423,-0.0107584,0.00227737252113044,0.436166,0.445672,0.4412884,0.003283164672487
49.576206,"P30","Occ_MO_1.2",100,27,5267.520508,7449.270996,-140.487869,-0.009766,0.380335,27.7778,16.3,10.5,"{""type"":""M"",""msg"":""FADE0"",""time"":49.4832,""dist"":1.21499}",1.110462,11.610462,0,15.4,11.1,0.448545,11.1,10.5,0.004516,-0.014282,-0.009766,-0.0116271666666667,0.0017638513044592,0.380335,0.453432,0.4306625,0.0257178374762449
51.091011,"P30","Occ_MO_1.2",100,28,5234.714844,7422.901855,-141.713364,-0.00472,0.265163,27.7783,4.6,8.1,"{""type"":""M"",""msg"":""FADE0"",""time"":51.0121,""dist"":1.25748}",1.012791,5.612791,0,14.3,8.9,0.312341,8.9,4.6,0.006551,-0.009928,-0.003377,-0.00481981818181818,0.00225816393639531,0.246819,0.312341,0.267007636363636,0.0218885230121757
52.908272,"P30","Occ_MO_1.2",100,29,5194.558105,7392.296875,-143.910965,-0.008219,0.43526,27.7777,18.9,47.8,"{""type"":""M"",""msg"":""FADE0"",""time"":52.8711,""dist"":1.30913}",1.312355,20.212355,0,19.1,14.8,0.343296,14.8,18.9,0.00472,-0.012939,-0.008219,-0.0109541428571429,0.00182699892034589,0.343296,0.43526,0.410300714285714,0.0306442647449444
54.934471,"P30","Occ_MO_1.2",100,30,5148.299805,7360.21875,-146.807129,-0.010254,0.146626,27.7781,8.9,4.9,"{""type"":""M"",""msg"":""FADE0"",""time"":54.8446,""dist"":1.36397}",1.52071,6.42071,0,9.7,6.8,0.442561,6.8,4.9,0.004354,-0.014608,-0.010254,-0.0124945,0.00192411565833935,0.146626,0.442561,0.3392215,0.100725101252204
56.453758,"P30","Occ_MO_1.2",100,31,5112.79248,7337.385742,-147.523438,-0.005371,-0.122368,27.778,6.8,10.4,"{""type"":""M"",""msg"":""FADE0"",""time"":56.3587,""dist"":1.40604}",1.014629,7.814629,0,6.1,8.3,-0.029915,6.1,6.8,0.006388,-0.005371,0.001017,-0.00137609090909091,0.00266344782019643,-0.140986,-0.029915,-0.111145454545455,0.0365625428748156
57.561798,"P30","Occ_MO_1.2",100,32,5086.694336,7321.053223,-148.651825,-0.012777,0.028427,27.7775,9.2,6.2,"{""type"":""M"",""msg"":""FADE0"",""time"":57.471,""dist"":1.43694}",0.604332000000007,6.80433200000001,0,8.1,13.4,-0.059602,8.1,6.2,0.0059,-0.012777,-0.006877,-0.00984128571428571,0.00239297365316919,-0.059602,0.028427,-0.0140228571428571,0.0322516290773483
59.179359,"P30","Occ_MO_1.2",100,33,5047.890625,7298.379883,-150.607315,-0.008219,-0.024283,27.7783,56.9,24.4,"{""type"":""M"",""msg"":""FADE0"",""time"":59.1101,""dist"":1.48249}",1.112365,25.512365,0,8.3,5.3,0.051256,5.3,24.4,0.0059,-0.012777,-0.006877,-0.0086435,0.00232517461709868,-0.024283,0.051256,0.0128716666666667,0.0266966056450946
61.194801,"P30","Occ_MO_1.2",100,34,4998.736816,7271.549805,-152.231918,-0.009074,0.110267,27.7774,24.8,18.3,"{""type"":""M"",""msg"":""FADE0"",""time"":61.1185,""dist"":1.53829}",1.51197,19.81197,0,11.1,15.8,-0.048562,11.1,18.3,0.006551,-0.009074,-0.002523,-0.0058899375,0.00250868059528643,-0.055715,0.110267,7.49999999995546e-07,0.0580261745186314
62.611053,"P30","Occ_MO_1.2",100,35,4963.668457,7253.700684,-153.928238,-0.007894,0.246016,27.7778,23.2,33.2,"{""type"":""M"",""msg"":""FADE0"",""time"":62.5737,""dist"":1.57873}",0.912051999999996,24.112052,0,13.6,9.6,0.188243,9.6,23.2,0.004028,-0.011922,-0.007894,-0.0099486,0.00140050976433583,0.188243,0.246016,0.225224,0.0194662063187578
64.125618,"P30","Occ_MO_1.2",100,36,4925.592773,7235.782715,-155.890381,-0.009562,0.156654,27.7775,11.4,6.6,"{""type"":""M"",""msg"":""FADE0"",""time"":64.1241,""dist"":1.62181}",1.011578,7.611578,0,9.8,6.7,0.258271,6.7,6.6,0.00354,-0.013102,-0.009562,-0.0116631818181818,0.0015583888999978,0.156654,0.258717,0.224450818181818,0.0360613799342681
65.838203,"P30","Occ_MO_1.2",100,37,4881.942871,7216.833496,-157.017899,-0.006388,-0.024262,27.7778,8.5,13.3,"{""type"":""M"",""msg"":""FADE0"",""time"":65.7919,""dist"":1.66815}",1.20955599999999,9.70955599999999,0,14.5,18.8,0.051087,14.5,8.5,0.005534,-0.006388,-0.000854,-0.00369023076923077,0.00212397077639368,-0.047863,0.051087,-0.0198507692307692,0.0316984517948796
67.35656,"P30","Occ_MO_1.2",100,38,4842.904297,7200.842285,-158.722809,-0.009928,0.104914,27.7775,13.4,8.6,"{""type"":""M"",""msg"":""FADE0"",""time"":67.2808,""dist"":1.70952}",1.010811,9.610811,0,45.4,50.6,0.031846,45.4,8.6,0.002319,-0.010905,-0.008586,-0.0102760909090909,0.000827280539423653,0.031846,0.104914,0.0790189090909091,0.0257029521007006
69.078156,"P30","Occ_MO_1.2",100,39,4798.058594,7184.20166,-160.677933,-0.008219,0.004678,27.7777,38.5,14.1,"{""type"":""M"",""msg"":""FADE0"",""time"":68.9979,""dist"":1.75723}",1.21482900000001,15.314829,0,17.7,10.5,0.094995,10.5,14.1,0.001709,-0.009928,-0.008219,-0.00909892307692308,0.00041172188459737,0.004678,0.094995,0.0571765384615385,0.0293711028836604
70.70018,"P30","Occ_MO_1.2",100,40,4755.373047,7169.739746,-161.971054,-0.008423,-0.060603,27.7775,31,36.4,"{""type"":""M"",""msg"":""FADE0"",""time"":70.691,""dist"":1.80427}",1.11396000000001,32.11396,0,11.8,16,-0.056305,11.8,31,0.005575,-0.008423,-0.002848,-0.00571691666666667,0.00245106906020185,-0.087261,-0.056305,-0.0746495833333333,0.0103509493939474
72.621437,"P30","Occ_MO_1.2",100,41,4704.376953,7153.961426,-163.712357,-0.008911,0.088771,27.778,34.6,41.8,"{""type"":""M"",""msg"":""FADE0"",""time"":72.5471,""dist"":1.85585}",1.413338,36.013338,0,8.6,12.9,-0.039897,8.6,34.6,0.003214,-0.008911,-0.005697,-0.00719946666666667,0.00106247795719432,-0.039897,0.088771,0.0176622666666667,0.0419492043572882
74.241676,"P30","Occ_MO_1.2",100,42,4660.962402,7142.05957,-165.73732,-0.007731,0.15808,27.7777,15.6,21.2,"{""type"":""M"",""msg"":""FADE0"",""time"":74.1928,""dist"":1.90158}",1.11153399999999,16.711534,0,16.7,11.3,0.147106,11.3,15.6,0.004354,-0.012085,-0.007731,-0.0104301666666667,0.0017073799616176,0.147106,0.17766,0.167007833333333,0.00944581382829388
76.25975,"P30","Occ_MO_1.2",100,43,4606.398926,7129.144531,-167.753586,-0.008586,0.12444,27.7778,22.6,28.4,"{""type"":""M"",""msg"":""FADE0"",""time"":76.2003,""dist"":1.95735}",1.515655,24.115655,0,10.4,15.4,0.145079,10.4,22.6,0.00236,-0.009399,-0.007039,-0.0083591875,0.000875233471233057,0.12444,0.146047,0.1383436875,0.00803478903036664
78.282455,"P30","Occ_MO_1.2",100,44,4551.270508,7118.227051,-169.900024,-0.008057,0.088857,27.7778,13.8,19.1,"{""type"":""M"",""msg"":""FADE0"",""time"":78.1915,""dist"":2.01268}",1.51795199999999,15.317952,0,29.8,37.2,0.118627,29.8,13.8,0.002685,-0.009399,-0.006714,-0.0084636875,0.000880093534328407,0.088857,0.118627,0.101682125,0.0107170471236251
80.099823,"P30","Occ_MO_1.2",100,45,4501.416016,7110.217285,-171.959656,-0.008057,0.034316,27.7779,13.8,18.5,"{""type"":""M"",""msg"":""FADE0"",""time"":80.0089,""dist"":2.06318}",1.31064600000001,15.110646,0,51.9,44.4,0.09067,44.4,13.8,0.003214,-0.011271,-0.008057,-0.00958521428571429,0.00140350885440584,0.034316,0.091093,0.0707122142857143,0.0204100817100787
82.014862,"P30","Occ_MO_1.2",100,46,4448.625,7103.561035,-173.8069,-0.009074,0.087794,27.7778,14.2,22.4,"{""type"":""M"",""msg"":""FADE0"",""time"":81.9572,""dist"":2.11731}",1.41102599999999,15.611026,0,9.8,13.9,0.015787,9.8,14.2,0.004517,-0.009237,-0.00472,-0.0077312,0.00141105336539764,0.013391,0.087794,0.0414662,0.0256094007187093
83.937378,"P30","Occ_MO_1.2",100,47,4395.416016,7098.894043,-176.222305,-0.007406,0.125654,27.7779,8.4,12.7,"{""type"":""M"",""msg"":""FADE0"",""time"":83.8703,""dist"":2.17047}",1.417221,9.817221,0,23.6,16.5,0.131254,16.5,8.4,0.005738,-0.012777,-0.007039,-0.0104520666666667,0.00228870239177033,0.125654,0.158154,0.1439686,0.0113399455264502
85.863914,"P30","Occ_MO_1.2",100,48,4341.952637,7096.271973,-178.273941,-0.008748,0.205464,27.7778,9,16.3,"{""type"":""M"",""msg"":""FADE0"",""time"":85.7933,""dist"":2.22391}",1.41850199999999,10.418502,0,40,34.4,0.129201,34.4,9,0.001139,-0.009562,-0.008423,-0.00870506666666667,0.000284878537191521,0.129201,0.205464,0.157921266666667,0.0244749371849965
87.684364,"P30","Occ_MO_1.2",100,49,4291.377441,7095.765137,179.229935,-0.009562,0.291142,27.778,28.3,21.5,"{""type"":""M"",""msg"":""FADE0"",""time"":87.6471,""dist"":2.27541}",1.316986,22.816986,0,13.9,10.1,0.261995,10.1,21.5,0.004557,-0.014119,-0.009562,-0.0119162857142857,0.00163177819140166,0.261995,0.307612,0.294719857142857,0.0135886179398967
89.809853,"P30","Occ_MO_1.2",100,50,4232.35791,7097.773926,176.854645,-0.009237,0.275938,27.778,34.2,27.9,"{""type"":""M"",""msg"":""FADE0"",""time"":89.794,""dist"":2.33507}",1.617913,29.517913,0,36.3,29.7,0.279331,29.7,27.9,0.003173,-0.010579,-0.007406,-0.00901647058823529,0.00121609781255698,0.262358,0.279331,0.270554058823529,0.00569672621413594
92.035431,"P30","Occ_MO_1.2",100,51,4170.717773,7102.648438,173.9814,-0.009399,0.230691,27.7779,19.1,12.1,"{""type"":""M"",""msg"":""FADE0"",""time"":91.9634,""dist"":2.39535}",1.720894,13.820894,0,26.2,20.3,0.302611,20.3,12.1,0.003052,-0.012451,-0.009399,-0.0108753888888889,0.00141275026471685,0.230691,0.319424,0.290660611111111,0.0293961094727514
94.05587,"P30","Occ_MO_1.2",100,52,4115.002441,7109.513184,171.942352,-0.008423,0.109448,27.7779,1e+06,1e+06,"{""type"":""M"",""msg"":""FADE0"",""time"":94.0265,""dist"":2.45267}",1.51422099999999,1000001.514221,0,18.2,11.2,0.179919,11.2,1e+06,0.003865,-0.009399,-0.005534,-0.0078684375,0.00132662413510132,0.109448,0.179919,0.1325770625,0.0219648520883365
96.378288,"P30","Occ_MO_1.2",100,53,4051.322266,7119.91748,169.367279,-0.008423,0.11361,27.7779,44,29.1,"{""type"":""M"",""msg"":""FADE0"",""time"":96.2822,""dist"":2.51535}",1.81687099999999,30.916871,0,8.4,13.2,0.11103,8.4,29.1,0.004191,-0.010579,-0.006388,-0.0089731052631579,0.00125135219727998,0.11103,0.132756,0.122941315789474,0.00725779900101823
98.600296,"P30","Occ_MO_1.2",100,54,3990.855469,7132.379883,167.310547,-0.008748,0.187361,27.7778,33.2,25.1,"{""type"":""M"",""msg"":""FADE0"",""time"":98.5017,""dist"":2.57702}",1.71828499999999,26.818285,0,16,10.2,0.100227,10.2,25.1,0.005209,-0.009766,-0.004557,-0.00715688888888889,0.0018238168409358,0.082613,0.187361,0.114384888888889,0.034238206214848
100.920044,"P30","Occ_MO_1.2",100,55,3928.37085,7148.162109,164.279068,-0.009074,0.055028,27.7781,13.1,7.1,"{""type"":""M"",""msg"":""FADE0"",""time"":100.844,""dist"":2.64211}",1.915306,9.015306,0,13.8,9.8,0.232051,9.8,7.1,0.00472,-0.013794,-0.009074,-0.01096195,0.00196266176604496,0.055028,0.256613,0.1902023,0.0672758955739252
102.840607,"P30","Occ_MO_1.2",100,56,3877.167725,7163.194336,163.031235,-0.008219,-0.034739,27.7777,28.3,42.8,"{""type"":""M"",""msg"":""FADE0"",""time"":102.813,""dist"":2.69681}",1.416123,29.716123,0,13.4,17.6,-0.046821,13.4,28.3,0.009073,-0.008219,0.000854,-0.00399846666666667,0.00329616688348899,-0.120652,-0.034739,-0.0859762,0.0288631119775497
105.265526,"P30","Occ_MO_1.2",100,57,3813.20166,7184.342285,160.417313,-0.007406,0.123955,27.7778,13,20.6,"{""type"":""M"",""msg"":""FADE0"",""time"":105.248,""dist"":2.76449}",1.919327,14.919327,0,12.7,8.7,0.035589,8.7,13,0.003865,-0.011108,-0.007243,-0.00871995,0.00156398992038077,0.035589,0.123955,0.0896029,0.0233283582518427
107.689949,"P30","Occ_MO_1.2",100,58,3750.255127,7208.318848,157.835907,-0.007243,0.120972,27.7781,14.9,21.3,"{""type"":""M"",""msg"":""FADE0"",""time"":107.597,""dist"":2.82975}",1.91793799999999,16.817938,0,27.2,36.6,0.153192,27.2,14.9,0.003174,-0.010417,-0.007243,-0.0087444,0.00141877624807623,0.120972,0.175586,0.1547258,0.018195313958906
110.012993,"P30","Occ_MO_1.2",100,59,3690.910156,7233.699219,155.777908,-0.006551,0.196351,27.7778,7.7,12.9,"{""type"":""M"",""msg"":""FADE0"",""time"":109.918,""dist"":2.89422}",1.81751999999999,9.51751999999999,0,28.7,15.4,0.110651,15.4,7.7,0.003702,-0.009399,-0.005697,-0.0069431052631579,0.00123128356219285,0.107356,0.196351,0.138064578947368,0.0312441153558301
112.440399,"P30","Occ_MO_1.2",100,60,3630.088867,7262.833008,152.991562,-0.007568,0.179691,27.7779,18.5,24.2,"{""type"":""M"",""msg"":""FADE0"",""time"":112.353,""dist"":2.96189}",1.920395,20.420395,0,13.5,9.5,0.248547,9.5,18.5,0.004354,-0.011922,-0.007568,-0.0096373,0.00184112525946841,0.179691,0.27945,0.2447831,0.0322876216999968
114.76104,"P30","Occ_MO_1.2",100,61,3573.171143,7293.128418,151.022217,-0.006063,0.119775,27.7781,6.7,11,"{""type"":""M"",""msg"":""FADE0"",""time"":114.723,""dist"":3.02774}",1.81680299999999,8.51680299999999,0,26.1,12.1,0.138423,12.1,6.7,0.003377,-0.008748,-0.005371,-0.00643115789473684,0.00114553021509003,0.081966,0.138423,0.100119526315789,0.0169334226847
116.880272,"P30","Occ_MO_1.2",100,62,3522.262695,7322.708008,148.385681,-0.009074,0.177476,27.7779,23.3,10.6,"{""type"":""M"",""msg"":""FADE0"",""time"":116.783,""dist"":3.08497}",1.61470800000001,12.214708,0,7.6,13.3,0.182907,7.6,10.6,0.005696,-0.012939,-0.007243,-0.0111488823529412,0.00191071602685855,0.177476,0.24955,0.221242352941176,0.0242212389029266
119.001076,"P30","Occ_MO_1.2",100,63,3472.444092,7354.180664,146.932587,-0.008057,0.330252,27.7776,6,12.8,"{""type"":""M"",""msg"":""FADE0"",""time"":118.944,""dist"":3.14503}",1.61795099999999,7.61795099999999,0,5.4,8,0.119918,5.4,6,0.006389,-0.008057,-0.001668,-0.00499052941176471,0.0022564052472253,0.109452,0.330252,0.183745352941176,0.0749601521626167
120.822273,"P30","Occ_MO_1.2",100,64,3430.593994,7382.618652,144.493683,-0.007406,0.586949,27.7779,7.5,13.3,"{""type"":""M"",""msg"":""FADE0"",""time"":120.814,""dist"":3.19698}",1.316406,8.816406,0,22.6,16.8,0.456527,16.8,7.5,0.007568,-0.014974,-0.007406,-0.0117042857142857,0.00267629093016009,0.456527,0.586949,0.552586571428571,0.0436217443585091
122.743721,"P30","Occ_MO_1.2",100,65,3387.794678,7414.525391,141.90097,-0.008057,0.413467,27.7781,16.9,21.7,"{""type"":""M"",""msg"":""FADE0"",""time"":122.696,""dist"":3.24928}",1.41611499999999,18.316115,0,12.6,9,0.600153,9,16.9,0.007242,-0.015299,-0.008057,-0.0119655333333333,0.00261238716411601,0.413467,0.603928,0.5422708,0.0663643606885503
124.768311,"P30","Occ_MO_1.2",100,66,3344.149902,7450.013672,139.740173,-0.009074,0.013148,27.7778,56.2,49.8,"{""type"":""M"",""msg"":""FADE0"",""time"":124.752,""dist"":3.30641}",1.51827299999999,51.318273,0,57.2,50.1,0.302075,50.1,49.8,0.000488000000000001,-0.009074,-0.008586,-0.008779,0.000198902991430496,0.013148,0.302075,0.151900875,0.0916926501546516
126.68898,"P30","Occ_MO_1.2",100,67,3303.898926,7485.053711,138.262009,-0.008748,-0.049784,27.7779,8.3,14.2,"{""type"":""M"",""msg"":""FADE0"",""time"":126.687,""dist"":3.36018}",1.41655,9.71655,0,28.7,1e+06,-0.072891,28.7,8.3,0.006551,-0.008911,-0.00236,-0.005268,0.00223008821093952,-0.140132,-0.049784,-0.108013533333333,0.0288435075409817
128.909714,"P30","Occ_MO_1.2",100,68,3258.918457,7527.280762,135.303925,-0.008586,0.192162,27.778,9.8,17.5,"{""type"":""M"",""msg"":""FADE0"",""time"":128.853,""dist"":3.42035}",1.71547700000001,11.515477,0,23.5,18.8,0.055518,18.8,9.8,0.006713,-0.015299,-0.008586,-0.0112621111111111,0.00246858856765154,0.055518,0.192162,0.148653333333333,0.0390639666083268
130.928101,"P30","Occ_MO_1.2",100,69,3219.942871,7567.598633,132.575775,-0.010254,0.209916,27.7779,16.1,10.5,"{""type"":""M"",""msg"":""FADE0"",""time"":130.908,""dist"":3.47747}",1.51460299999999,12.014603,0,12.9,9.2,0.230528,9.2,10.5,0.002685,-0.012939,-0.010254,-0.0116679375,0.00123436031847809,0.209916,0.258958,0.2416701875,0.0153631366381511
132.951996,"P30","Occ_MO_1.2",100,70,3182.687744,7609.719727,130.387039,-0.009237,0.112303,27.7777,28.1,20.8,"{""type"":""M"",""msg"":""FADE0"",""time"":132.917,""dist"":3.53328}",1.52063000000001,22.32063,0,13.7,8.6,0.168878,8.6,20.8,0.003865,-0.010579,-0.006714,-0.0083134375,0.00130221083642396,0.105743,0.168878,0.1226179375,0.0206924507376281
135.174683,"P30","Occ_MO_1.2",100,71,3143.831543,7657.713867,127.475006,-0.009928,-0.058184,27.7779,12,6.5,"{""type"":""M"",""msg"":""FADE0"",""time"":135.087,""dist"":3.59358}",1.71746899999999,8.21746899999999,0,12.2,8.1,0.121005,8.1,6.5,0.002686,-0.012614,-0.009928,-0.0110404444444444,0.00116468759872095,-0.058184,0.12149,0.0577886111111111,0.0610791727438671
136.788422,"P30","Occ_MO_1.2",100,72,3116.876221,7693.546387,126.52874,-0.007731,-0.081325,27.778,8.1,14.4,"{""type"":""M"",""msg"":""FADE0"",""time"":136.708,""dist"":3.63863}",1.11029099999999,9.21029099999999,0,7,9.7,-0.14914,7,8.1,0.007243,-0.007731,-0.000488,-0.00314991666666667,0.00272693685823267,-0.182932,-0.081325,-0.151071083333333,0.0328812550342712
138.706573,"P30","Occ_MO_1.2",100,73,3086.05127,7737.018555,124.052269,-0.008057,0.145968,27.7781,21.6,38.1,"{""type"":""M"",""msg"":""FADE0"",""time"":138.642,""dist"":3.69235}",1.41413799999998,23.014138,0,14.3,10.4,0.032645,10.4,21.6,0.006022,-0.013265,-0.007243,-0.0109699333333333,0.00223176129889334,0.032645,0.145968,0.114856,0.0364631135219455
140.630524,"P30","Occ_MO_1.2",100,74,3056.84375,7781.790039,122.102486,-0.009562,0.220463,27.7778,17.7,12.4,"{""type"":""M"",""msg"":""FADE0"",""time"":140.593,""dist"":3.74657}",1.41584800000001,13.815848,0,19.4,13,0.15525,13,12.4,0.002848,-0.009562,-0.006714,-0.0079454,0.00124091716081292,0.15525,0.220463,0.178473266666667,0.0227107939204079
142.653381,"P30","Occ_MO_1.2",100,75,3027.983398,7830.016113,119.713097,-0.008586,0.117283,27.7781,21.6,12.4,"{""type"":""M"",""msg"":""FADE0"",""time"":142.644,""dist"":3.80355}",1.51765399999999,13.917654,0,14.9,10.1,0.240214,10.1,12.4,0.005371,-0.012085,-0.006714,-0.0096385,0.00220124440563363,0.117283,0.241259,0.1932155,0.0448868804559491
144.871811,"P30","Occ_MO_1.2",100,76,2998.466553,7884.126465,117.524261,-0.007243,-0.09812,27.778,17.6,23.9,"{""type"":""M"",""msg"":""FADE0"",""time"":144.844,""dist"":3.86469}",1.714325,19.314325,0,11.7,7,0.069636,7,17.6,0.004028,-0.009928,-0.0059,-0.00767227777777778,0.00130871853827257,-0.09812,0.069636,-0.024096,0.0531933896114258
146.690186,"P30","Occ_MO_1.2",100,77,2975.523926,7929.141602,116.498169,-0.007568,0.109817,27.7775,6.1,12.8,"{""type"":""M"",""msg"":""FADE0"",""time"":146.608,""dist"":3.91371}",1.31659000000002,7.41659000000002,0,10,14.2,-0.1298,10,6.1,0.007894,-0.007568,0.000326,-0.00329571428571429,0.0034016646700509,-0.137017,0.109817,-0.0582575714285714,0.0857846170993327
148.511551,"P30","Occ_MO_1.2",100,78,2953.900391,7974.890625,113.953255,-0.007731,0.385946,27.778,21.2,29.5,"{""type"":""M"",""msg"":""FADE0"",""time"":148.426,""dist"":3.96422}",1.31440699999999,22.514407,0,10.8,8.1,0.27892,8.1,21.2,0.007894,-0.015625,-0.007731,-0.0122069285714286,0.00305563259129219,0.27892,0.397723,0.370180571428571,0.0375532514636816
150.431168,"P30","Occ_MO_1.2",100,79,2933.165771,8024.028809,111.503761,-0.010091,0.176272,27.7777,9.2,5.2,"{""type"":""M"",""msg"":""FADE0"",""time"":150.352,""dist"":4.01773}",1.41346800000002,6.61346800000002,0,39.9,45,0.376114,39.9,5.2,0.005046,-0.013265,-0.008219,-0.0113688,0.00173864488282439,0.176272,0.376114,0.312960266666667,0.0672314097103288
152.350754,"P30","Occ_MO_1.2",100,80,2914.003418,8073.805664,110.864326,-0.005697,0.068117,27.7781,4.6,8.4,"{""type"":""M"",""msg"":""FADE0"",""time"":152.284,""dist"":4.07141}",1.414963,6.014963,0,7.3,9.9,0.018324,7.3,4.6,0.00884,-0.005697,0.003143,-0.000398733333333333,0.00300059928458744,-0.08694,0.068117,-0.0333350666666667,0.0485263665303523
154.582626,"P30","Occ_MO_1.2",100,81,2893.33667,8132.265137,107.871521,-0.009766,0.432613,27.778,15,9.9,"{""type"":""M"",""msg"":""FADE0"",""time"":154.506,""dist"":4.13315}",1.72482300000001,11.624823,0,12.1,9.2,0.242646,9.2,9.9,0.004679,-0.014445,-0.009766,-0.0118816666666667,0.00199105443539494,0.242646,0.442553,0.394068611111111,0.0632637192618318
156.411377,"P30","Occ_MO_1.2",100,82,2878.647705,8180.90625,105.822731,-0.007568,0.183719,27.7783,19.2,24.2,"{""type"":""M"",""msg"":""FADE0"",""time"":156.369,""dist"":4.18492}",1.32139599999999,20.521396,0,9,6,0.398885,6,19.2,0.006022,-0.012248,-0.006226,-0.00877353846153846,0.0025958027536578,0.183719,0.398885,0.291666076923077,0.0754499820239227
