id;drive;speed.kmh;occ_nr;off;OT;TLC;FADE1.TLC.min;last_OT;last_FADE0.off.abs;steer.ampl;true.TLC.1.0;off.sd.avg.100.so;ratio_OT_TLC
P01;MO_60;60;1;-.530849;2.032222;6.332222;8.5;2.146507;.797099;3.33225;0;.331582572862225;.320933473273679
P01;MO_60;60;2;.341331;1.113885;4.213885;4.6;2.032222;.530849;1.30005;0;.331582572862225;.264336829315465
P01;MO_60;60;3;.934919;1.009834;8.909834;12.8;1.113885;.341331;1.30005;0;.331582572862225;.11333926086614
P01;MO_60;60;4;.497099;1.419549;5.219549;5.7;1.009834;.934919;3.11265;0;.331582572862225;.271967750470395
P01;MO_60;60;5;-.57635;1.415975;10.015975;3.9;1.419549;.497099;4.21605;0;.331582572862225;.141371658775107
P01;MO_60;60;6;-.658853;1.416772;9.016772;6.7;1.415975;.57635;3.00735;0;.331582572862225;.157126297526432
P01;MO_60;60;7;-.20505;1.415729;8.815729;8.9;1.416772;.658853;.29295;0;.331582572862225;.160591256831965
P01;MO_60;60;8;.231638;2.031345;14.031345;18.3;1.415729;.20505;.60435;0;.331582572862225;.144771937401582
P01;MO_60;60;9;.170763;2.124003;1000002.124003;13.9;2.031345;.231638;.8973;0;.331582572862225;2.12399848862084E-06
P01;MO_60;60;10;.197419;2.630646;10.630646;17.1;2.124003;.170763;.36585;0;.331582572862225;.247458715114773
P01;MO_60;60;11;.173494;2.939312;10.539312;23.7;2.630646;.197419;.8973;0;.331582572862225;.278890310866592
P01;MO_60;60;12;-.674638;2.943016;5.543016;7.7;2.939312;.173494;.4581;0;.331582572862225;.530941278177801
P01;MO_60;60;13;-1.01757;1.312912;8.412912;2.2;2.943016;.674638;3.2454;0;.331582572862225;.156059162392285
P01;MO_60;60;14;-.456703;1.62318;9.02318;6.1;1.312912;1.01757;3.1725;0;.331582572862225;.179890016601686
P01;MO_60;60;15;.175052;1.922249;16.422249;31.9;1.62318;.456703;.7506;0;.331582572862225;.117051507378801
P01;MO_60;60;16;.163396;2.529003;11.129003;11.5;1.922249;.175052;.45765;0;.331582572862225;.227244345248177
P01;MO_60;60;17;-.703984;3.030342;5.130342;7.7;2.529003;.163396;.22005;0;.331582572862225;.590670563482902
P01;MO_60;60;18;-1.044728;1.11288099999999;7.21288099999999;10.1;3.030342;.703984;1.44675;0;.331582572862225;.154290775073094
P01;MO_60;60;19;-.587743;1.119965;7.819965;5.9;1.11288099999999;1.044728;2.69595;0;.331582572862225;.143218671694822
P01;MO_60;60;20;.025363;2.325184;9.125184;16;1.119965;.587743;.76905;0;.331582572862225;.254809546854069
P01;MO_60;60;21;-.355709;1.72135900000001;5.92135900000001;6.6;2.325184;.025363;.69615;0;.331582572862225;.290703367250661
P01;MO_60;60;22;-.769961;1.211861;11.111861;4.8;1.72135900000001;.355709;1.9593;0;.331582572862225;.109060129531858
P01;MO_60;60;23;-.698637;1.411137;10.011137;4.8;1.211861;.769961;.7506;0;.331582572862225;.140956716504829
P01;MO_60;60;24;-.044315;2.13050800000001;9.43050800000001;7.8;1.411137;.698637;1.44675;0;.331582572862225;.225916567803135
P01;MO_60;60;25;.454619;1.518326;15.818326;39.8;2.13050800000001;.044315;.75105;0;.331582572862225;.0959852515367303
P01;MO_60;60;26;.373355;2.52941799999999;12.129418;10.3;1.518326;.454619;1.1349;0;.331582572862225;.208535809385083
P01;MO_60;60;27;-.3002;2.630944;8.330944;10.3;2.52941799999999;.373355;.23805;0;.331582572862225;.315803827273356
P01;MO_60;60;28;-.707044;1.724227;12.224227;24.1;2.630944;.3002;1.062;0;.331582572862225;.14104998213793
P01;MO_60;60;29;-.478303;2.02409399999999;11.524094;9.6;1.724227;.707044;1.20825;0;.331582572862225;.175640184816263
P01;MO_60;60;30;-.014317;2.231041;20.531041;11.7;2.02409399999999;.478303;.8424;0;.331582572862225;.10866672566676
P01;MO_60;60;31;999;2.124031;60.024031;15.2;2.231041;.014317;1.13535;0;.331582572862225;.0353863438461839
P01;MO_60;60;32;-.044147;2.13112700000001;13.231127;55.4;2.124031;7.5;.60435;0;.331582572862225;.161069196902124
P01;MO_60;60;33;-.333608;2.325401;12.825401;10.5;2.13112700000001;.044147;.60435;0;.331582572862225;.181312147666962
P01;MO_60;60;34;-.585101;2.532196;17.832196;54;2.325401;.333608;.531;0;.331582572862225;.142001355301389
P01;MO_60;60;35;-.380774;2.21933;12.01933;12.6;2.532196;.585101;.14625;0;.331582572862225;.184646731556584
P01;MO_60;60;36;-.063797;2.635659;11.735659;14.4;2.21933;.380774;1.1349;0;.331582572862225;.224585513263465
P01;MO_60;60;37;-.480476;2.528717;8.128717;8;2.635659;.063797;.98865;0;.331582572862225;.311084393761033
P01;MO_60;60;38;-.686065;1.71371499999999;10.613715;13.8;2.528717;.480476;.8244;0;.331582572862225;.161462315504043
P01;MO_60;60;39;-.027006;2.633034;8.933034;8.3;1.71371499999999;.686065;1.13535;0;.331582572862225;.294752488348304
P01;MO_60;60;40;.456747;2.121483;9.921483;26.4;2.633034;.027006;1.66635;0;.331582572862225;.213827207081845
P01;MO_60;60;41;-.064057;2.329307;13.929307;6.8;2.121483;.456747;2.72835;0;.331582572862225;.167223466321763
P01;MO_60;60;42;-.431966;1.81971;9.71971;14.2;2.329307;.064057;1.1349;0;.331582572862225;.187218548701556
P01;MO_60;60;43;.00668;2.627953;9.227953;7.2;1.81971;.431966;1.90395;0;.331582572862225;.284781792885161
P01;MO_60;60;44;.493517;2.127769;17.827769;23.6;2.627953;.00668;.3114;0;.331582572862225;.119351389397069
P01;MO_60;60;45;.388058;2.228531;16.728531;12.8;2.127769;.493517;1.13535;0;.331582572862225;.133217375751642
P01;MO_60;60;46;.049143;2.933701;18.533701;25.4;2.228531;.388058;.36585;0;.331582572862225;.15829007924537
P01;MO_60;60;47;.075271;3.14766;16.74766;8.5;2.933701;.049143;2.124;0;.331582572862225;.187946256372532
P01;MO_60;60;48;-.202502;3.247345;11.947345;11.9;3.14766;.075271;.6039;0;.331582572862225;.271804739881539
P01;MO_60;60;49;-.602376;2.937164;28.637164;40.1;3.247345;.202502;.3114;0;.331582572862225;.102564765142247
P01;MO_60;60;50;-.577975;3.14175399999999;14.241754;21.3;2.937164;.602376;.6039;0;.331582572862225;.220601619716222
P01;MO_60;60;51;-.082995;3.04312200000001;40.843122;11.4;3.14175399999999;.577975;.9153;0;.331582572862225;.0745075755962047
P01;MO_60;60;52;.126051;3.23997500000002;47.839975;31.3;3.04312200000001;.082995;.6777;0;.331582572862225;.0677252653246583
P01;MO_60;60;53;.057833;2.635346;50.935346;42.6;3.23997500000002;.126051;.09135;0;.331582572862225;.0517390418826251
P01;MO_60;60;54;-.071728;3.04032900000001;41.440329;29.7;2.635346;.057833;.1467;0;.331582572862225;.0733664300782943
P01;MO_60;60;55;-.269475;3.85339400000001;17.953394;25.9;3.04032900000001;.071728;0;0;.331582572862225;.214633177437091
P01;MO_60;60;56;-.46731;3.44885199999999;20.148852;12.8;3.85339400000001;.269475;.98865;0;.331582572862225;.171168660130115
P01;MO_60;60;57;-.151081;3.85290500000002;17.352905;15.9;3.44885199999999;.46731;.1647;0;.331582572862225;.222032276440171
P01;MO_60;60;58;.194377;2.930756;18.030756;12.7;3.85290500000002;.151081;.60435;0;.331582572862225;.162542047599113
P01;MO_60;60;59;.528556;3.74464399999999;12.544644;14.6;2.930756;.194377;.3114;0;.331582572862225;.298505401986696
P01;MO_60;60;60;.589748;2.83523599999998;20.535236;40.4;3.74464399999999;.528556;.6777;0;.331582572862225;.13806688172466
P01;MO_60;60;61;-.095685;4.048416;9.648416;16.4;2.83523599999998;.589748;.531;0;.331582572862225;.419593848358114
P01;MO_60;60;62;-.867856;2.83431999999999;7.43431999999999;6.6;4.048416;.095685;.7506;0;.331582572862225;.381248049586242
P01;MO_60;60;63;-.983728;1.82354699999999;12.723547;20.6;2.83431999999999;.867856;1.35495;0;.331582572862225;.143320647929386
P01;MO_60;60;64;-.484935;2.12797599999999;12.827976;8.9;1.82354699999999;.983728;1.50165;0;.331582572862225;.16588556136993
P01;MO_60;60;65;.008533;2.02505500000001;22.225055;17;2.12797599999999;.484935;.4581;0;.331582572862225;.0911158600057462
P01;MO_60;60;66;.114341;2.93398999999999;21.13399;14.4;2.02505500000001;.008533;.6777;0;.331582572862225;.138828020643522
P01;MO_60;60;67;-.391188;4.13983100000002;42.839831;16.8;2.93398999999999;.114341;.43965;0;.331582572862225;.0966350917677528
P01;MO_60;60;68;-.601315;2.933761;12.733761;19.5;4.13983100000002;.391188;.6957;0;.331582572862225;.230392340487622
P01;MO_60;60;69;.013133;3.34414699999999;56.344147;9.8;2.933761;.601315;1.593;0;.331582572862225;.0593521630560844
P01;MO_60;60;70;.452079;4.258621;19.758621;50.8;3.34414699999999;.013133;.3663;0;.331582572862225;.215532298534397
P01;MO_60;60;71;-.087528;4.15214499999999;12.652145;14.6;4.258621;.452079;.3663;0;.331582572862225;.328177158892819
P01;MO_60;60;72;-.616359;3.85820000000001;1000003.8582;29.4;4.15214499999999;.087528;.67725;0;.331582572862225;3.8581851143502E-06
P01;MO_60;60;73;-.422892;3.74337800000001;54.643378;19;3.85820000000001;.616359;.82395;0;.331582572862225;.0685056110550122
P02;MO_60;60;1;.275766;.810544;14.710544;6.2;.615266;.270157;3.5523;0;.342910286194202;.0550995258910887
P02;MO_60;60;2;.183112;1.011166;29.911166;15.6;.810544;.275766;.7506;0;.342910286194202;.0338056363299244
P02;MO_60;60;3;.100567;1.517408;17.217408;22.3;1.011166;.183112;.67725;0;.342910286194202;.0881321973667581
P02;MO_60;60;4;-.114029;3.33665;23.63665;14.4;1.517408;.100567;.98865;0;.342910286194202;.141164251279263
P02;MO_60;60;5;-.350013;3.337137;59.637137;50.5;3.33665;.114029;.2196;0;.342910286194202;.0559573642846068
P02;MO_60;60;6;-.276054;2.334856;12.334856;59.4;3.337137;.350013;1.7397;0;.342910286194202;.18928927909657
P02;MO_60;60;7;-.101577;2.840847;10.540847;16.8;2.334856;.276054;.60435;0;.342910286194202;.269508418061661
P02;MO_60;60;8;-.245734;2.330852;12.130852;18.3;2.840847;.101577;.531;0;.342910286194202;.192142481006281
P02;MO_60;60;9;-.022584;2.129437;25.029437;8.9;2.330852;.245734;1.593;0;.342910286194202;.0850773031770551
P02;MO_60;60;10;.077531;3.737888;1000003.737888;13.8;2.129437;.022584;.7506;0;.342910286194202;3.73787402824552E-06
P02;MO_60;60;11;-.10123;2.926243;11.926243;27.5;3.737888;.077531;.38475;0;.342910286194202;.245361678443077
P02;MO_60;60;12;.162238;3.643673;7.543673;13;2.926243;.10123;1.3734;0;.342910286194202;.483010464531005
P02;MO_60;60;13;.844733;2.225346;19.625346;15.3;3.643673;.162238;1.062;0;.342910286194202;.113391427595722
P02;MO_60;60;14;.604688;3.036248;13.136248;12.2;2.225346;.844733;1.95885;0;.342910286194202;.231135100372648
P02;MO_60;60;15;-.265641;3.13945;11.03945;10.2;3.036248;.604688;.513;0;.342910286194202;.284384638727473
P02;MO_60;60;16;-.316681;2.531559;8.631559;7.7;3.13945;.265641;1.872;0;.342910286194202;.293291049739682
P02;MO_60;60;17;.12627;2.627972;22.927972;9.3;2.531559;.316681;1.88595;0;.342910286194202;.114618597754743
P02;MO_60;60;18;-.017311;2.92943600000001;12.829436;21.8;2.627972;.12627;1.062;0;.342910286194202;.228337083563144
P02;MO_60;60;19;-.470987;2.932121;21.032121;8.8;2.92943600000001;.017311;1.13535;0;.342910286194202;.139411569570183
P02;MO_60;60;20;-.547111;2.63237000000001;20.43237;21.4;2.932121;.470987;.45765;0;.342910286194202;.128833316937781
P02;MO_60;60;21;-.448955;3.338982;40.138982;18.3;2.63237000000001;.547111;.531;0;.342910286194202;.0831855177592695
P02;MO_60;60;22;-.632417;3.14550799999999;11.345508;16.6;3.338982;.448955;0;0;.342910286194202;.27724699502217
P02;MO_60;60;23;999;1.81752;10.71752;12.8;3.14550799999999;.632417;.4581;0;.342910286194202;.169584008240712
P02;MO_60;60;24;-.10132;2.8368;34.9368;12.5;1.81752;7.5;.60435;0;.342910286194202;.0811980490485677
P02;MO_60;60;25;.208107;2.640137;18.840137;30.6;2.8368;.10132;.29295;0;.342910286194202;.140133641278723
P02;MO_60;60;26;.050688;3.439094;14.539094;15.1;2.640137;.208107;.29295;0;.342910286194202;.236541148987688
P02;MO_60;60;27;-.218277;3.744804;44.044804;16.6;3.439094;.050688;1.062;0;.342910286194202;.0850226056176797
P02;MO_60;60;28;-.211275;3.45401799999999;52.654018;13.7;3.744804;.218277;.7506;0;.342910286194202;.0655983746577515
P02;MO_60;60;29;.123055;4.15814999999999;10.75815;56.9;3.45401799999999;.211275;.8424;0;.342910286194202;.386511621421898
P02;MO_60;60;30;.502739;2.83161899999999;19.631619;18.6;4.15814999999999;.123055;.29295;0;.342910286194202;.144237670871668
P02;MO_60;60;31;.198051;3.233536;14.333536;15.6;2.83161899999999;.502739;.3114;0;.342910286194202;.225592345112888
P02;MO_60;60;32;-.042742;2.63567399999999;10.535674;12;3.233536;.198051;1.81305;0;.342910286194202;.250166624365939
P02;MO_60;60;33;.190818;2.73232299999999;30.732323;10.9;2.63567399999999;.042742;.98865;0;.342910286194202;.0889071418389033
P02;MO_60;60;34;.055877;3.550713;18.450713;22;2.73232299999999;.190818;.07335;0;.342910286194202;.192443132143457
P02;MO_60;60;35;-.26498;2.833718;38.933718;15.2;3.550713;.055877;.531;0;.342910286194202;.0727831336323955
P02;MO_60;60;36;-.274954;2.034881;8.334881;23.6;2.833718;.26498;2.3436;0;.342910286194202;.244140378248952
P02;MO_60;60;37;.435206;3.545151;39.245151;24.9;2.034881;.274954;.8973;0;.342910286194202;.0903334783958405
P02;MO_60;60;38;.422169;2.52972399999999;22.429724;9.2;3.545151;.435206;1.9773;0;.342910286194202;.112784446210751
P02;MO_60;60;39;.107208;2.62762500000002;37.727625;18.4;2.52972399999999;.422169;.29295;0;.342910286194202;.0696472412456395
P02;MO_60;60;40;-.215305;2.63256799999999;29.832568;34.7;2.62762500000002;.107208;.07335;0;.342910286194202;.0882447665920007
P02;MO_60;60;41;-.216505;2.54716500000001;13.247165;10.8;2.63256799999999;.215305;.82395;0;.342910286194202;.192280008590518
P02;MO_60;60;42;.12428;2.528122;18.728122;9.8;2.54716500000001;.216505;.75105;0;.342910286194202;.13499068406325
P02;MO_60;60;43;.041632;3.54800400000002;17.948004;12.5;2.528122;.12428;1.9593;0;.342910286194202;.197682371811374
P02;MO_60;60;44;-.414613;3.636764;12.536764;13.1;3.54800400000002;.041632;.3843;0;.342910286194202;.290087936568001
P02;MO_60;60;45;-.433397;2.440247;10.140247;25.6;3.636764;.414613;1.4283;0;.342910286194202;.240649660703531
P02;MO_60;60;46;.394049;3.04303000000002;8.34303000000002;8.5;2.440247;.433397;1.1349;0;.342910286194202;.364739189479124
P02;MO_60;60;47;.378607;2.431397;8.431397;10.7;3.04303000000002;.394049;1.4283;0;.342910286194202;.288374156738201
P02;MO_60;60;48;-.243402;2.12651099999999;14.426511;7.8;2.431397;.378607;2.27025;0;.342910286194202;.147402999935327
P02;MO_60;60;49;-.046692;3.13713100000001;9.53713100000001;11.4;2.12651099999999;.243402;.14625;0;.342910286194202;.328938650418035
P02;MO_60;60;50;.356364;2.42796300000001;15.127963;12.7;3.13713100000001;.046692;1.13535;0;.342910286194202;.160495038228214
P02;MO_60;60;51;-.088735;3.34051500000001;9.54051500000001;12;2.42796300000001;.356364;.22005;0;.342910286194202;.350139903349034
P02;MO_60;60;52;-.59862;2.734757;16.834757;8.6;3.34051500000001;.088735;1.2816;0;.342910286194202;.162447073040615
P02;MO_60;60;53;-.480906;2.94313;32.34313;15.5;2.734757;.59862;.89685;0;.342910286194202;.0909970680017673
P02;MO_60;60;54;-.375274;2.430207;22.830207;27;2.94313;.480906;.6039;0;.342910286194202;.106446998049558
P02;MO_60;60;55;-.278126;2.63316399999999;1000002.633164;37.8;2.430207;.375274;.29295;0;.342910286194202;2.6331570664656E-06
P02;MO_60;60;56;-.291251;2.72962999999999;26.12963;47.4;2.63316399999999;.278126;.91575;0;.342910286194202;.104464931191142
P02;MO_60;60;57;-.318728;2.934448;20.034448;29.6;2.72962999999999;.291251;.45765;0;.342910286194202;.146470119865544
P02;MO_60;60;58;-.132785;2.13093599999999;22.830936;12.2;2.934448;.318728;.75105;0;.342910286194202;.0933354637759919
P02;MO_60;60;59;.135196;3.255661;20.255661;20.2;2.13093599999999;.132785;0;0;.342910286194202;.160728450184864
P02;MO_60;60;60;.303637;3.546189;16.146189;23.5;3.255661;.135196;.43965;0;.342910286194202;.219630093516185
P02;MO_60;60;61;.591716;3.34506199999998;9.84506199999998;11.8;3.546189;.303637;0;0;.342910286194202;.339770536742175
P02;MO_60;60;62;.67495;4.149078;28.149078;15;3.34506199999998;.591716;1.20825;0;.342910286194202;.147396586133301
P02;MO_60;60;63;.303507;3.23909;15.73909;10.7;4.149078;.67495;1.73925;0;.342910286194202;.205799064621906
P02;MO_60;60;64;-.278789;3.84504699999999;47.045047;38.8;3.23909;.303507;0;0;.342910286194202;.0817311756538364
P02;MO_60;60;65;-.343453;.404586999999992;10.704587;15.4;3.84504699999999;.278789;.8424;0;.342910286194202;.0377956664745676
P03;MO_60;60;1;.106837;.502861000000001;15.102861;4.5;1.012988;.447463;2.655;0;.185070350916283;.0332957444288205
P03;MO_60;60;2;.49452;.405903;7.605903;11;.502861000000001;.106837;1.8864;0;.185070350916283;.0533668388881636
P03;MO_60;60;3;.53888;.708278;5.108278;5.8;.405903;.49452;0;0;.185070350916283;.138652986387977
P03;MO_60;60;4;.087894;.606266;5.106266;3.8;.708278;.53888;3.86325;0;.185070350916283;.118729811568767
P03;MO_60;60;5;-.385617;.505746;18.505746;6.4;.606266;.087894;.36585;0;.185070350916283;.0273291333405311
P03;MO_60;60;6;-.907414;1.421704;9.221704;17.1;.505746;.385617;2.03715;0;.185070350916283;.154169337901108
P03;MO_60;60;7;-.4927;1.722599;11.622599;6.7;1.421704;.907414;3.6117;0;.185070350916283;.148211170324297
P03;MO_60;60;8;-.015187;1.515768;8.015768;11.4;1.722599;.4927;2.78325;0;.185070350916283;.189098287275779
P03;MO_60;60;9;-.495445;2.831042;27.631042;6;1.515768;.015187;3.16755;0;.185070350916283;.102458749112683
P03;MO_60;60;10;-.802718;2.22573;16.52573;24.1;2.831042;.495445;.67725;0;.185070350916283;.134682703880555
P03;MO_60;60;11;-.613712;2.934221;9.934221;13.5;2.22573;.802718;2.3436;0;.185070350916283;.295364981310563
P03;MO_60;60;12;-.929443;2.628172;3.628172;6.7;2.934221;.613712;1.44675;0;.185070350916283;.724379108818435
P03;MO_60;60;13;-.595165;2.030868;.101627000000001;.1;2.628172;.929443;6.04665;1;.185070350916283;19.9835476792583
P03;MO_60;60;14;.60232;.707157000000002;7.807157;2;2.030868;.595165;9.4257;0;.185070350916283;.0905780426857052
P03;MO_60;60;15;.65658;.806895999999995;3.20689599999999;3.6;.707157000000002;.60232;9.07155;0;.185070350916283;.251612774471014
P03;MO_60;60;16;-.37911;.609070000000003;3.80907;2.7;.806895999999995;.65658;4.6008;0;.185070350916283;.159899923078337
P03;MO_60;60;17;-1.077399;1.215683;6.215683;7.8;.609070000000003;.37911;.89685;0;.185070350916283;.195583172436561
P03;MO_60;60;18;-.025161;1.930965;14.030965;4.1;1.215683;1.077399;9.8919;0;.185070350916283;.137621681758881
P03;MO_60;60;19;.112615;2.025532;5.825532;9.5;1.930965;.025161;.97065;0;.185070350916283;.34769905993135
P03;MO_60;60;20;-.947832;1.615204;2.215204;3.3;2.025532;.112615;3.02085;0;.185070350916283;.729144584426536
P03;MO_60;60;21;-1.440907;1.115292;-.202812000000003;-.202812;1.615204;.947832;1.7397;0;.185070350916283;-5.49914206259976
P03;MO_60;60;22;-.735278;1.313515;4.913515;-1.725372;1.115292;1.440907;1.593;0;.185070350916283;.267326954329029
P03;MO_60;60;23;.263118;1.313152;6.513152;13.2;1.313515;.735278;3.0213;0;.185070350916283;.201615439037812
P03;MO_60;60;24;-.552145;1.930256;3.730256;4.2;1.313152;.263118;5.82255;0;.185070350916283;.517459391527016
P03;MO_60;60;25;-1.142364;.810580999999999;.709056999999994;1.3;1.930256;.552145;1.88595;1;.185070350916283;1.1431817188181
P03;MO_60;60;26;-.307364;1.718377;6.518377;-.606075;.810580999999999;1.142364;7.3107;0;.185070350916283;.263620376667382
P03;MO_60;60;27;.473218;1.21899800000001;7.91899800000001;12.9;1.718377;.307364;1.66635;0;.185070350916283;.153933363791733
P03;MO_60;60;28;.266617;1.112434;4.712434;5.7;1.21899800000001;.473218;0;0;.185070350916283;.236063571394316
P03;MO_60;60;29;-.972553;1.617386;2.217386;2.7;1.112434;.266617;6.354;0;.185070350916283;.72941111741483
P03;MO_60;60;30;-1.321408;.612862000000007;-.202529999999993;-.20253;1.617386;.972553;.60435;0;.185070350916283;-3.02603071149967
P03;MO_60;60;31;-.588785;1.11196100000001;3.71196100000001;-1.320015;.612862000000007;1.321408;.69615;0;.185070350916283;.299561606385414
P03;MO_60;60;32;.940771;1.11153400000001;1.71153400000001;2.1;1.11196100000001;.588785;6.13395;0;.185070350916283;.649437288420799
P03;MO_60;60;33;1.270137;.605187000000001;-.204238999999999;-.204239;1.11153400000001;.940771;4.14315;0;.185070350916283;-2.96313142935484
P03;MO_60;60;34;-.473083;1.62551099999999;9.32551099999999;2.6;.605187000000001;1.270137;18.11475;0;.185070350916283;.174307981621596
P03;MO_60;60;35;-.641112;1.514259;5.014259;6.5;1.62551099999999;.473083;.38475;0;.185070350916283;.301990583254674
P03;MO_60;60;36;.07289;.608757000000011;16.408757;3.3;1.514259;.641112;5.07195;0;.185070350916283;.0370995194821894
P03;MO_60;60;37;.783852;1.10777299999999;9.30777299999999;14.8;.608757000000011;.07289;1.64835;0;.185070350916283;.119015902085278
P03;MO_60;60;38;.716481;1.01254300000001;6.01254300000001;7.1;1.10777299999999;.783852;.2196;0;.185070350916283;.168405115772146
P03;MO_60;60;39;-.345515;1.61917899999999;5.21917899999999;4.2;1.01254300000001;.716481;5.3649;0;.185070350916283;.310236341769461
P03;MO_60;60;40;999;.804946999999999;7.504947;2.8;1.61917899999999;.345515;3.465;0;.185070350916283;.107255520925064
P03;MO_60;60;41;-.402008;1.623711;5.423711;5.5;.804946999999999;7.5;3.465;0;.185070350916283;.299372698877208
P03;MO_60;60;42;1.689866;2.226753;1.520309;2.9;1.623711;.402008;4.6872;1;.185070350916283;1.46467132668425
P03;MO_60;60;43;-1.6365;.100112999999993;-1.21399700000001;-1.213997;2.226753;1.689866;5.96385;0;.185070350916283;-.082465607410885
P03;MO_60;60;44;1.090636;1.009339;3.209339;-1.820106;.100112999999993;1.6365;14.82705;0;.185070350916283;.314500587192565
P03;MO_60;60;45;-.827113;.713454999999996;1.213455;1.8;1.009339;1.090636;5.21865;0;.185070350916283;.587953405771121
P03;MO_60;60;46;-1.107142;1.825745;6.925745;-.203468;.713454999999996;.827113;11.41605;0;.185070350916283;.263617127110513
P03;MO_60;60;47;.074171;2.12709000000001;6.92709000000001;16.6;1.825745;1.107142;3.168;0;.185070350916283;.307068336054535
P03;MO_60;60;48;-.727377;2.633576;16.333576;3.8;2.12709000000001;.074171;8.0199;0;.185070350916283;.161236951418354
P03;MO_60;60;49;1.442045;3.948768;3.54553200000001;8.8;2.633576;.727377;8.15265;1;.185070350916283;1.11373074618985
P03;MO_60;60;50;-1.86779;.608902;-.910704999999999;-.910705;3.948768;1.442045;12.17925;0;.185070350916283;-.668605091659759
P03;MO_60;60;51;-.771157;1.720848;2.520848;-2.027565;.608902;1.86779;18.2484;0;.185070350916283;.682646474519685
P03;MO_60;60;52;-1.409214;.505302999999998;-.101875000000002;-.101875;1.720848;.771157;.4581;0;.185070350916283;-4.96002944785264
P03;MO_60;60;53;.12419;2.83813499999999;7.33813499999999;-1.112259;.505302999999998;1.409214;18.2142;0;.185070350916283;.386765165808478
P03;MO_60;60;54;.342049;3.737472;16.537472;4.4;2.83813499999999;.12419;10.78965;0;.185070350916283;.226000201239948
P03;MO_60;60;55;-.676553;2.93206099999999;4.03206099999999;5.9;3.737472;.342049;5.6034;0;.185070350916283;.727186667066792
P03;MO_60;60;56;-1.452034;.606193000000005;.100539999999995;.1;2.93206099999999;.676553;4.74705;1;.185070350916283;6.02937139447021
P03;MO_60;60;57;-.827709;2.134331;4.734331;-1.014374;.606193000000005;1.452034;1.35495;0;.185070350916283;.450819978577755
P03;MO_60;60;58;.457095;.709923000000003;8.509923;3.1;2.134331;.827709;3.6531;0;.185070350916283;.0834229639915664
P03;MO_60;60;59;.986587;.708022999999997;5.608023;6.5;.709923000000003;.457095;.5022;0;.185070350916283;.126251800322502
P03;MO_60;60;60;-.99166;2.837936;3.237936;4;.708022999999997;.986587;11.51055;0;.185070350916283;.876464513196061
P03;MO_60;60;61;-.899928;2.02624499999999;5.12624499999999;-.303299;2.837936;.99166;2.7279;0;.185070350916283;.395268856638728
P03;MO_60;60;62;.557866;1.51620499999999;8.61620499999998;3.3;2.02624499999999;.899928;6.50025;0;.185070350916283;.175971323802068
P03;MO_60;60;63;.449486;1.21923900000002;4.81923900000002;5.6;1.51620499999999;.557866;3.5298;0;.185070350916283;.252994093050794
P03;MO_60;60;64;-.869275;1.817048;3.117048;3.4;1.21923900000002;.449486;3.93705;0;.185070350916283;.582938729207892
P03;MO_60;60;65;-1.120249;.706192000000016;.201004000000012;.5;1.817048;.869275;2.41695;1;.185070350916283;3.51332311794777
P03;MO_60;60;66;.439054;2.12998900000002;9.42998900000002;3.9;.706192000000016;1.120249;12.91365;0;.185070350916283;.225873964434107
P03;MO_60;60;67;.595247;.607315;4.207315;5.7;2.12998900000002;.439054;2.205;0;.185070350916283;.14434740446104
P03;MO_60;60;68;-.421544;2.83746299999999;7.43746299999999;3.2;.607315;.595247;10.2771;0;.185070350916283;.381509528181854
P03;MO_60;60;69;.73372;2.330277;16.030277;4;2.83746299999999;.421544;5.80905;0;.185070350916283;.145367232269286
P03;MO_60;60;70;.721197;1.52183500000001;5.72183500000001;7.6;2.330277;.73372;.91575;0;.185070350916283;.265969745719687
P03;MO_60;60;71;-1.581074;2.32694999999998;1.922348;3.3;1.52183500000001;.721197;4.54095;1;.185070350916283;1.21047281761678
P03;MO_60;60;72;1.04924;.707031000000001;-.911467999999999;-.911468;2.32694999999998;1.581074;1.73925;0;.185070350916283;-.775705784514653
P03;MO_60;60;73;.910347;1.21154799999999;-2.02586300000001;-2.025863;.707031000000001;1.04924;.45765;0;.185070350916283;-.598040440049492
P03;MO_60;60;74;.678683;2.432312;2.932312;-3.743194;1.21154799999999;.910347;7.31025;0;.185070350916283;.8294860847004
P03;MO_60;60;75;-1.820999;.403334999999998;-.202378000000002;-.202378;2.432312;.678683;11.67705;0;.185070350916283;-1.99297848580376
P03;MO_60;60;76;-.403902;1.92851200000001;2.92851200000001;-1.112641;.403334999999998;1.820999;27.17145;0;.185070350916283;.658529656016435
P03;MO_60;60;77;1.844473;.912047999999999;.305480999999999;0;1.92851200000001;.403902;1.51965;0;.185070350916283;2.98561285317254
P03;MO_60;60;78;-.37571;2.02430799999999;3.52430799999999;-1.109985;.912047999999999;1.844473;6.5988;0;.185070350916283;.574384531658412
P03;MO_60;60;79;1.272457;.50524900000002;.404419000000019;.8;2.02430799999999;.37571;4.08195;1;.185070350916283;1.24932063033635
P03;MO_60;60;80;-1.783891;.810379000000012;-.606383999999988;-.606384;.50524900000002;1.272457;3.48435;0;.185070350916283;-1.33641224042855
P03;MO_60;60;81;-.118293;2.02520699999999;5.825207;-1.918396;.810379000000012;1.783891;12.91365;0;.185070350916283;.347662666751583
P03;MO_60;60;82;.264354;1.819107;11.419107;3.2;2.02520699999999;.118293;9.21465;0;.185070350916283;.159303787940686
P03;MO_60;60;83;-.108714;2.231156;6.331156;8.6;1.819107;.264354;0;0;.185070350916283;.352408943959049
P03;MO_60;60;84;-1.01126;1.41239900000002;1.71239900000002;3;2.231156;.108714;.8424;0;.185070350916283;.824807185708473
P03;MO_60;60;85;-.643136;2.33372500000002;4.73372500000002;-.302902;1.41239900000002;1.01126;1.13535;0;.185070350916283;.492999698968573
P03;MO_60;60;86;1.665533;1.72679199999999;1.115723;1.9;2.33372500000002;.643136;3.79035;1;.185070350916283;1.54768880806436
P03;MO_60;60;87;-1.556158;.605255;-1.118011;-1.118011;1.72679199999999;1.665533;3.7746;0;.185070350916283;-.541367660962191
P03;MO_60;60;88;.485788;1.92521600000001;6.92521600000001;-2.229004;.605255;1.556158;13.8798;0;.185070350916283;.278000859467778
P03;MO_60;60;89;-.346982;2.12484699999999;5.02484699999999;8.3;1.92521600000001;.485788;2.0322;0;.185070350916283;.422867999761982
P03;MO_60;60;90;.759461;1.520736;7.620736;2.6;2.12484699999999;.346982;8.84385;0;.185070350916283;.199552379192771
P03;MO_60;60;91;-1.117636;3.24456800000002;3.24456800000002;5.1;1.520736;.759461;6.4269;1;.185070350916283;1
P03;MO_60;60;92;1.815346;.915039000000007;-.505447999999993;-.505448;3.24456800000002;1.117636;4.3029;0;.185070350916283;-1.81035240024695
P03;MO_60;60;93;-.354816;2.028808;4.328808;-1.929108;.915039000000007;1.815346;6.2667;0;.185070350916283;.46867590338957
P03;MO_60;60;94;.88063;.708298000000013;1.60829800000001;1.9;2.028808;.354816;3.7575;0;.185070350916283;.440402214017557
P03;MO_60;60;95;.617576;1.214157;3.014157;0;.708298000000013;.88063;4.8969;0;.185070350916283;.40281810137959
P03;MO_60;60;96;-1.229222;.811828999999989;.709716999999983;1.3;1.214157;.617576;7.62165;1;.185070350916283;1.14387706649271
P03;MO_60;60;97;-.88723;2.62870799999999;7.62870799999999;-.609771;.811828999999989;1.229222;13.2237;0;.185070350916283;.344581022107543
P03;MO_60;60;98;-.002547;.810990000000004;5.41099;7.9;2.62870799999999;.88723;2.2167;0;.185070350916283;.149878303231018
P03;MO_60;60;99;-.417771;1.72019999999998;5.12019999999998;3.8;.810990000000004;.002547;6.84135;0;.185070350916283;.335963438928164
P03;MO_60;60;100;-.759611;1.41366600000001;5.81366600000001;2.9;1.72019999999998;.417771;5.9553;0;.185070350916283;.243162575903055
P03;MO_60;60;101;.018227;1.92179899999999;16.721799;7.4;1.41366600000001;.759611;2.0511;0;.185070350916283;.114927765846246
P03;MO_60;60;102;-.204553;2.43145800000002;4.93145800000002;8;1.92179899999999;.018227;1.30005;0;.185070350916283;.493050533939458
P03;MO_60;60;103;-.700489;1.72601300000002;6.32601300000002;2.8;2.43145800000002;.204553;5.7357;0;.185070350916283;.272843732695462
P03;MO_60;60;104;.083543;2.329117;10.029117;7.9;1.72601300000002;.700489;2.25225;0;.185070350916283;.232235499894956
P03;MO_60;60;105;-.766967;2.83874599999999;3.93874599999999;6.7;2.329117;.083543;0;0;.185070350916283;.720723296196301
P04;MO_60;60;1;.392866;.712929;6.612929;8.6;.923316;.471039;.7506;0;.102774699023234;.107808355420117
P04;MO_60;60;2;.166274;1.523791;15.323791;18;.712929;.392866;5.27805;0;.102774699023234;.0994395577439029
P04;MO_60;60;3;.147474;1.930514;20.130514;13.7;1.523791;.166274;1.8126;0;.102774699023234;.0958998861131911
P04;MO_60;60;4;-.030104;1.920316;8.820316;7.6;1.930514;.147474;3.7719;0;.102774699023234;.217715102270712
P04;MO_60;60;5;-.020475;2.130406;13.530406;5.4;1.920316;.030104;6.19335;0;.102774699023234;.157453220546375
P04;MO_60;60;6;.174618;2.728359;41.328359;9.2;2.130406;.020475;1.4283;0;.102774699023234;.0660166303723794
P04;MO_60;60;7;-.033345;2.123711;6.623711;22.2;2.728359;.174618;2.41695;0;.102774699023234;.32062253319929
P04;MO_60;60;8;.104042;1.618256;9.518256;6.2;2.123711;.033345;10.20375;0;.102774699023234;.170016019741432
P04;MO_60;60;9;.447382;1.008695;6.308695;5.8;1.618256;.104042;7.6356;0;.102774699023234;.159889644371776
P04;MO_60;60;10;.34837;1.421794;6.921794;9.6;1.008695;.447382;4.00995;0;.102774699023234;.205408308886396
P04;MO_60;60;11;.261596;1.815691;15.115691;5.6;1.421794;.34837;9.58095;0;.102774699023234;.120119616099588
P04;MO_60;60;12;.40917;2.020012;8.420012;6.7;1.815691;.261596;4.761;0;.102774699023234;.239906071392772
P04;MO_60;60;13;.34285;1.920246;11.020246;6.1;2.020012;.40917;5.82255;0;.102774699023234;.174247108458377
P04;MO_60;60;14;.046385;2.431092;6.431092;8.4;1.920246;.34285;3.9366;0;.102774699023234;.3780216485785
P04;MO_60;60;15;-.137355;1.319336;11.119336;7.7;2.431092;.046385;12.987;0;.102774699023234;.118652408740954
P04;MO_60;60;16;.207891;2.227604;8.927604;6.7;1.319336;.137355;4.39425;0;.102774699023234;.249518683848432
P04;MO_60;60;17;-.034542;2.526516;13.526516;6.6;2.227604;.207891;7.7823;0;.102774699023234;.186782464900792
P04;MO_60;60;18;.373492;2.120205;17.320205;3.7;2.526516;.034542;9.9837;0;.102774699023234;.122412234728169
P04;MO_60;60;19;.611419;2.436096;6.036096;5.5;2.120205;.373492;7.8003;0;.102774699023234;.40358801450474
P04;MO_60;60;20;.268683;1.324894;7.024894;4;2.436096;.611419;14.37975;0;.102774699023234;.18859985645335
P04;MO_60;60;21;.063293;1.214748;8.914748;5.1;1.324894;.268683;14.34195;0;.102774699023234;.136262741246303
P04;MO_60;60;22;.286546;1.519199;5.619199;6.3;1.214748;.063293;5.8959;0;.102774699023234;.270358640083756
P04;MO_60;60;23;.458169;1.81972200000001;11.619722;11.9;1.519199;.286546;3.0942;0;.102774699023234;.156606328447446
P04;MO_60;60;24;.880728;2.832767;3.932767;21.5;1.81972200000001;.458169;3.68505;0;.102774699023234;.720298710805903
P04;MO_60;60;25;.766884;1.42109300000001;11.621093;4.5;2.832767;.880728;13.5639;0;.102774699023234;.122285657639949
P04;MO_60;60;26;.50899;1.620705;6.020705;3.7;1.42109300000001;.766884;5.571;0;.102774699023234;.26918857509212
P04;MO_60;60;27;.230517;2.129295;15.329295;8.4;1.620705;.50899;7.56225;0;.102774699023234;.138903648210828
P04;MO_60;60;28;.490567;2.02142300000001;5.52142300000001;4.5;2.129295;.230517;7.2558;0;.102774699023234;.366105440572115
P04;MO_60;60;29;.558303;1.623222;11.123222;5.7;2.02142300000001;.490567;8.3745;0;.102774699023234;.145930918217761
P04;MO_60;60;30;.798892;2.12432800000001;4.62432800000001;3.6;1.623222;.558303;4.06935;0;.102774699023234;.459380908966666
P04;MO_60;60;31;.728073;1.22037499999999;10.020375;5.1;2.12432800000001;.798892;9.8964;0;.102774699023234;.121789354190835
P04;MO_60;60;32;.029065;1.924729;9.024729;16;1.22037499999999;.728073;5.6763;0;.102774699023234;.213272775282227
P04;MO_60;60;33;-.127116;1.617501;14.317501;7;1.924729;.029065;10.35;0;.102774699023234;.112973695619089
P04;MO_60;60;34;-.129126;2.33023799999999;9.230238;7.9;1.617501;.127116;1.83105;0;.102774699023234;.252456978899135
P04;MO_60;60;35;.168757;2.02784;5.52784;8.9;2.33023799999999;.129126;8.07975;0;.102774699023234;.366841297866798
P04;MO_60;60;36;.595066;1.522278;32.622278;8;2.02784;.168757;7.8957;0;.102774699023234;.0466637553637425
P04;MO_60;60;37;.885921;2.434838;3.934838;8.2;1.522278;.595066;2.72835;0;.102774699023234;.618789896814049
P04;MO_60;60;38;.48449;1.91754899999999;7.71754899999999;4.3;2.434838;.885921;11.59695;0;.102774699023234;.248466060921672
P04;MO_60;60;39;.219404;1.318511;56.818511;4.9;1.91754899999999;.48449;7.47495;0;.102774699023234;.0232056591556931
P04;MO_60;60;40;.135067;2.32508100000001;20.225081;5;1.318511;.219404;6.2802;0;.102774699023234;.114960281246835
P04;MO_60;60;41;.366323;2.429367;13.729367;6.8;2.32508100000001;.135067;3.47895;0;.102774699023234;.176946759453659
P04;MO_60;60;42;.233647;2.330376;14.930376;6.6;2.429367;.366323;4.3758;0;.102774699023234;.156082874269208
P04;MO_60;60;43;.566811;2.53117399999999;7.03117399999999;10.2;2.330376;.233647;2.56365;0;.102774699023234;.359993082236337
P04;MO_60;60;44;.556186;1.826081;7.926081;5.5;2.53117399999999;.566811;8.23995;0;.102774699023234;.230388889540745
P04;MO_60;60;45;.249081;2.227311;12.427311;7.5;1.826081;.556186;4.08285;0;.102774699023234;.179227107135244
P04;MO_60;60;46;-.015438;1.92419500000001;6.72419500000001;8.8;2.227311;.249081;3.57075;0;.102774699023234;.286159904642862
P04;MO_60;60;47;.292454;2.024567;11.424567;8;1.92419500000001;.015438;13.2984;0;.102774699023234;.177211705266379
P04;MO_60;60;48;.578618;1.927689;6.027689;5.2;2.024567;.292454;9.4347;0;.102774699023234;.319805650225153
P04;MO_60;60;49;.586373;2.125328;7.325328;6.7;1.927689;.578618;8.1666;0;.102774699023234;.290134175561832
P04;MO_60;60;50;.459189;2.02171300000001;7.221713;5.3;2.125328;.586373;8.45955;0;.102774699023234;.279949230881926
P04;MO_60;60;51;.149168;2.43282300000001;20.632823;6.7;2.02171300000001;.459189;5.21865;0;.102774699023234;.117910331514016
P04;MO_60;60;52;.451367;2.02423099999999;5.42423099999999;5.1;2.43282300000001;.149168;5.7177;0;.102774699023234;.373183037374329
P04;MO_60;60;53;.464785;1.722183;27.422183;5;2.02423099999999;.451367;9.42075;0;.102774699023234;.0628025493083465
P04;MO_60;60;54;.69978;2.22387699999999;5.62387699999999;3.9;1.722183;.464785;5.27805;0;.102774699023234;.395434857483546
P04;MO_60;60;55;.507918;1.613923;15.513923;4.8;2.22387699999999;.69978;9.58275;0;.102774699023234;.104030618174397
P04;MO_60;60;56;.386949;2.324479;11.224479;4.7;1.613923;.507918;5.7357;0;.102774699023234;.207090146455795
P04;MO_60;60;57;.64342;2.22482299999999;5.22482299999999;8;2.324479;.386949;5.1453;0;.102774699023234;.425817869811091
P04;MO_60;60;58;.751466;1.214889;27.514889;5.5;2.22482299999999;.64342;8.71965;0;.102774699023234;.0441538761068598
P04;MO_60;60;59;.519148;2.02191099999999;11.021911;6.2;1.214889;.751466;6.13395;0;.102774699023234;.183444685771822
P04;MO_60;60;60;.444855;2.02822900000001;13.128229;22.8;2.02191099999999;.519148;1.3734;0;.102774699023234;.154493724934263
P04;MO_60;60;61;.523323;1.61781299999998;17.317813;8.7;2.02822900000001;.444855;3.6252;0;.102774699023234;.0934190131282732
P04;MO_60;60;62;.638623;2.32987900000001;39.829879;15.2;1.61781299999998;.523323;1.81305;0;.102774699023234;.0584957589251027
P04;MO_60;60;63;.312712;2.01525899999999;11.615259;5.1;2.32987900000001;.638623;7.17795;0;.102774699023234;.173500995543878
P04;MO_60;60;64;.212125;2.22061100000002;10.320611;42.2;2.01525899999999;.312712;3.0393;0;.102774699023234;.215162745694031
P04;MO_60;60;65;.575813;1.92060799999999;7.82060799999999;9.6;2.22061100000002;.212125;4.00995;0;.102774699023234;.2455829521183
P04;MO_60;60;66;.699308;1.623504;11.123504;6.5;1.92060799999999;.575813;5.4567;0;.102774699023234;.145952570341144
P04;MO_60;60;67;.489851;1.72204600000001;32.722046;9.2;1.623504;.699308;3.9366;0;.102774699023234;.0526264769629628
P04;MO_60;60;68;.309926;1.826493;10.626493;11.3;1.72204600000001;.489851;2.8746;0;.102774699023234;.171881071205712
P04;MO_60;60;69;.464117;1.823364;30.523364;7.1;1.826493;.309926;5.05845;0;.102774699023234;.0597366659847846
P04;MO_60;60;70;.523159;2.02697700000002;20.626977;5.5;1.823364;.464117;6.6465;0;.102774699023234;.098268253268524
P04;MO_60;60;71;.217273;2.218704;12.318704;7.5;2.02697700000002;.523159;2.7099;0;.102774699023234;.180108556874165
P04;MO_60;60;72;.390353;1.818085;14.018085;8.4;2.218704;.217273;7.7679;0;.102774699023234;.129695675265202
P04;MO_60;60;73;.427945;1.825424;24.025424;5.9;1.818085;.390353;7.416;0;.102774699023234;.0759788464087044
P04;MO_60;60;74;.568543;1.822937;16.522937;10.9;1.825424;.427945;4.0833;0;.102774699023234;.110327661480523
P04;MO_60;60;75;.458032;1.617874;49.717874;5.7;1.822937;.568543;5.7312;0;.102774699023234;.0325410937724328
P04;MO_60;60;76;.077846;3.031036;55.131036;6.4;1.617874;.458032;4.4541;0;.102774699023234;.0549787600581277
P04;MO_60;60;77;.116435;3.33372499999999;9.33372499999999;24;3.031036;.077846;8.0793;0;.102774699023234;.357169833051648
P04;MO_60;60;78;.421396;3.54542499999999;14.145425;7.1;3.33372499999999;.116435;5.571;0;.102774699023234;.250641108344217
P04;MO_60;60;79;.650324;3.344223;12.444223;8;3.54542499999999;.421396;4.37625;0;.102774699023234;.268736987435857
P04;MO_60;60;80;.196349;2.93899499999998;16.238995;5.6;3.344223;.650324;7.3422;0;.102774699023234;.180983798566351
P04;MO_60;60;81;-.080577;3.64207400000001;9.64207400000001;10.3;2.93899499999998;.196349;3.5523;0;.102774699023234;.377727240010812
P04;MO_60;60;82;.529441;2.83343500000001;22.233435;9.8;3.64207400000001;.080577;8.8299;0;.102774699023234;.127440271824844
P04;MO_60;60;83;.675884;1.419174;30.519174;6.8;2.83343500000001;.529441;6.50025;0;.102774699023234;.0465010619225802
P04;MO_60;60;84;.713528;1.62756399999998;8.82756399999998;4.2;1.419174;.675884;7.40205;0;.102774699023234;.184372948188196
P04;MO_60;60;85;-.008856;2.02267400000002;18.822674;5;1.62756399999998;.713528;7.25085;0;.102774699023234;.10745943960991
P05;MO_60;60;1;.373352;.811378;5.411378;7.4;.512452000000001;.099908;6.04215;0;.466103540788638;.149939257616082
P05;MO_60;60;2;.599505;.609899;3.309899;3.3;.811378;.373352;1.66635;0;.466103540788638;.184265139208175
P05;MO_60;60;3;1.442847;3.849284;1.314391;1.7;.609899;.599505;4.3758;1;.466103540788638;2.92856843968043
P05;MO_60;60;4;-.69231;1.521047;1.921047;-3.04117;3.849284;1.442847;34.8957;0;.466103540788638;.791780211520072
P05;MO_60;60;5;-1.068435;1.117903;2.617903;-.304397;1.521047;.69231;59.3793;0;.466103540788638;.427022315188913
P05;MO_60;60;6;1.407534;1.417553;1.013647;2.1;1.117903;1.068435;169.3449;1;.466103540788638;1.39846810576068
P05;MO_60;60;7;.227798;.405033;-.908303;-.908303;1.417553;1.407534;29.56905;0;.466103540788638;-.445922781274531
P05;MO_60;60;8;-.854399;.507422999999999;1.207423;-1.820733;.405033;.227798;70.5582;0;.466103540788638;.420252885691261
P05;MO_60;60;9;-.421395;.813812000000002;2.413812;2.3;.507422999999999;.854399;47.9034;0;.466103540788638;.337148046326724
P05;MO_60;60;10;.460698;.814007;8.914007;7.7;.813812000000002;.421395;3.15585;0;.466103540788638;.0913177429634058
P05;MO_60;60;11;1.114365;2.02429;2.02429;7.7;.814007;.460698;8.99505;1;.466103540788638;1
P05;MO_60;60;12;.462409;1.318853;12.918853;-.509945;2.02429;1.114365;30.15;0;.466103540788638;.102087468601121
P05;MO_60;60;13;-.131243;1.017624;10.417624;2.9;1.318853;.462409;24.82785;0;.466103540788638;.0976829265483185
P05;MO_60;60;14;.23814;1.510921;4.710921;8;1.017624;.131243;2.0322;0;.466103540788638;.320727305764626
P05;MO_60;60;15;.87937;1.418793;2.318793;14.1;1.510921;.23814;7.7868;0;.466103540788638;.611867035996745
P05;MO_60;60;16;.653598;1.009877;6.909877;3.5;1.418793;.87937;27.19665;0;.466103540788638;.146149779511271
P05;MO_60;60;17;.382346;.910988000000003;13.910988;3.3;1.009877;.653598;8.29935;0;.466103540788638;.0654869373764109
P05;MO_60;60;18;.405116;1.018997;4.818997;41.4;.910988000000003;.382346;3.46545;0;.466103540788638;.211454167744865
P05;MO_60;60;19;.582795;.909302000000004;3.409302;6.7;1.018997;.405116;9.14175;0;.466103540788638;.266712071855179
P05;MO_60;60;20;.730809;.908951000000002;3.008951;4.9;.909302000000004;.582795;12.85965;0;.466103540788638;.30208235361759
P05;MO_60;60;21;.711936;.908180000000002;12.80818;4.2;.908951000000002;.730809;14.09265;0;.466103540788638;.0709062489752644
P05;MO_60;60;22;.51332;1.622345;5.022345;4.4;.908180000000002;.711936;4.8933;0;.466103540788638;.323025399489681
P05;MO_60;60;23;.498066;2.839191;6.039191;9.1;1.622345;.51332;6.7059;0;.466103540788638;.470127704190843
P05;MO_60;60;24;1.199469;2.939953;2.735111;14.4;2.839191;.498066;5.2047;1;.466103540788638;1.07489348695537
P05;MO_60;60;25;-.834287;1.518639;1.818639;-.713635;2.939953;1.199469;54.3528;0;.466103540788638;.835041478820151
P05;MO_60;60;26;-.46892;1.318729;11.718729;-.306542;1.518639;.834287;56.9484;0;.466103540788638;.112531742990217
P05;MO_60;60;27;.33794;.912594000000006;2.81259400000001;6.7;1.318729;.46892;15.3423;0;.466103540788638;.324467022257746
P05;MO_60;60;28;.673335;.913727000000002;5.613727;3.7;.912594000000006;.33794;20.17665;0;.466103540788638;.162766554198307
P05;MO_60;60;29;1.010977;1.720242;2.220242;3.1;.913727000000002;.673335;2.0367;0;.466103540788638;.774799323677329
P05;MO_60;60;30;.727028;1.725796;5.325796;-.20179;1.720242;1.010977;21.6252;0;.466103540788638;.32404470618101
P05;MO_60;60;31;.814919;2.734005;4.734005;2.2;1.725796;.727028;7.76835;0;.466103540788638;.577524738567027
P05;MO_60;60;32;.833896;1.92373600000001;2.823736;4.9;2.734005;.814919;19.55115;0;.466103540788638;.681273320168745
P05;MO_60;60;33;.588239;.912032999999994;12.312033;0;1.92373600000001;.833896;41.80095;0;.466103540788638;.074076555837691
P05;MO_60;60;34;-.086131;1.31937500000001;40.619375;3.3;.912032999999994;.588239;17.0379;0;.466103540788638;.0324814205043778
P05;MO_60;60;35;.487635;2.52552;4.32552;19.7;1.31937500000001;.086131;3.46545;0;.466103540788638;.583865061310548
P05;MO_60;60;36;-1.821939;2.32621;1.113906;7.6;2.52552;.487635;17.4321;1;.466103540788638;2.08833599962654
P05;MO_60;60;37;999;1.21485100000001;1.61485100000001;-1.717171;2.32621;1.821939;103.446;0;.466103540788638;.75229912852641
P05;MO_60;60;38;999;.909866999999991;.707816999999991;-.30381;1.21485100000001;7.5;154.9026;0;.466103540788638;1.28545513882826
P05;MO_60;60;39;-.780764;.708549000000005;4.508549;-.710389;.909866999999991;7.5;30.5721;0;.466103540788638;.157156770393314
P05;MO_60;60;40;.214252;.90859300000001;13.908593;15.4;.708549000000005;.780764;3.4056;0;.466103540788638;.0653260182392288
P05;MO_60;60;41;.673309;1.320481;4.520481;8.3;.90859300000001;.214252;6.50025;0;.466103540788638;.292110728924643
P05;MO_60;60;42;.831019;1.317123;3.217123;9.3;1.320481;.673309;7.6221;0;.466103540788638;.409410209059461
P05;MO_60;60;43;.965289;1.82926999999999;3.12926999999999;7.1;1.317123;.831019;8.6652;0;.466103540788638;.584567646767456
P05;MO_60;60;44;1.239021;1.616051;1.11236599999999;6.7;1.82926999999999;.965289;9.9657;1;.466103540788638;1.45280510191791
P05;MO_60;60;45;.768312;.913466999999997;6.013467;-1.009163;1.616051;1.239021;38.35845;0;.466103540788638;.151903552476466
P05;MO_60;60;46;.195342;1.11691300000001;6.71691300000001;2.7;.913466999999997;.768312;16.17165;0;.466103540788638;.166283678231355
P05;MO_60;60;47;.204645;1.218316;3.118316;3.4;1.11691300000001;.195342;8.0064;0;.466103540788638;.390696773514936
P05;MO_60;60;48;.983922;1.62796;2.02796;13.3;1.218316;.204645;7.23735;0;.466103540788638;.802757450837295
P05;MO_60;60;49;.899149;1.11546299999999;4.91546299999999;-.305626;1.62796;.983922;36.6138;0;.466103540788638;.22692938589915
P05;MO_60;60;50;.693185;.909362999999999;9.609363;3;1.11546299999999;.899149;7.01775;0;.466103540788638;.0946330157368391
P05;MO_60;60;51;.736869;2.021027;3.521027;12.2;.909362999999999;.693185;6.2667;0;.466103540788638;.573987930226039
P05;MO_60;60;52;1.229894;1.21099100000001;.906891000000002;7.8;2.021027;.736869;13.7556;1;.466103540788638;1.33532144436322
P05;MO_60;60;53;1.411221;.812697999999997;-.808808000000002;-.808808;1.21099100000001;1.229894;29.0097;0;.466103540788638;-1.00480954688875
P05;MO_60;60;54;.970174;1.009247;19.109247;-2.127808;.812697999999997;1.411221;9.58095;0;.466103540788638;.0528145876182353
P05;MO_60;60;55;.715712;1.21641500000001;4.21641500000001;30.4;1.009247;.970174;4.3074;0;.466103540788638;.288495084093954
P05;MO_60;60;56;.775425;1.107567;11.307567;11.2;1.21641500000001;.715712;2.05065;0;.466103540788638;.0979491874777306
P05;MO_60;60;57;.94494;1.824043;2.924043;17.8;1.107567;.775425;3.47895;0;.466103540788638;.62380854180325
P05;MO_60;60;58;1.094321;1.01075;1.51075;7.7;1.824043;.94494;11.3391;0;.466103540788638;.669038557008109
P05;MO_60;60;59;.967755;1.11914900000001;6.01914900000001;-.201812;1.01075;1.094321;15.9255;0;.466103540788638;.185931433164391
P05;MO_60;60;60;.666254;.808014;7.408014;4.6;1.11914900000001;.967755;5.82255;0;.466103540788638;.109072958015468
P05;MO_60;60;61;.393621;1.31931300000001;41.819313;4.1;.808014;.666254;6.12045;0;.466103540788638;.0315479357587727
P05;MO_60;60;62;.444503;1.51679299999999;7.91679299999999;9.9;1.31931300000001;.393621;.89685;0;.466103540788638;.191591847860616
P05;MO_60;60;63;.771239;1.922264;4.322264;6.5;1.51679299999999;.444503;1.9773;0;.466103540788638;.44473544420239
P05;MO_60;60;64;.939555;.510497999999998;2.710498;7.4;1.922264;.771239;6.06105;0;.466103540788638;.188341035484991
P05;MO_60;60;65;.969687;1.114876;6.314876;7.6;.510497999999998;.939555;5.43825;0;.466103540788638;.176547567996585
P05;MO_60;60;66;.766577;1.212998;7.012998;7.6;1.114876;.969687;.9153;0;.466103540788638;.172964258652291
P05;MO_60;60;67;.58713;1.62123100000002;4.32123100000002;3.6;1.212998;.766577;3.996;0;.466103540788638;.375178045330141
P05;MO_60;60;68;.775847;1.51869199999999;6.41869199999999;7.5;1.62123100000002;.58713;5.5116;0;.466103540788638;.236604591714323
P05;MO_60;60;69;.950188;2.52981500000001;3.72981500000001;21.1;1.51869199999999;.775847;2.94795;0;.466103540788638;.678268225099637
P05;MO_60;60;70;1.037921;1.41656500000002;3.21656500000002;6.8;2.52981500000001;.950188;8.1666;0;.466103540788638;.440396820832165
P05;MO_60;60;71;.846798;1.01535099999998;6.51535099999998;6.3;1.41656500000002;1.037921;7.47045;0;.466103540788638;.15583980049578
P05;MO_60;60;72;.71002;1.013687;4.213687;2.7;1.01535099999998;.846798;.67725;0;.466103540788638;.240570075565651
P05;MO_60;60;73;.767889;.909652999999992;4.60965299999999;9.5;1.013687;.71002;4.00995;0;.466103540788638;.197336545722638
P05;MO_60;60;74;.638034;1.52401700000001;13.224017;8;.909652999999992;.767889;2.8746;0;.466103540788638;.115246146462154
P05;MO_60;60;75;.277403;1.316238;7.516238;13.2;1.52401700000001;.638034;2.655;0;.466103540788638;.175119255138009
P05;MO_60;60;76;-.202337;2.026489;9.126489;8;1.316238;.277403;4.67415;0;.466103540788638;.222044753464339
P05;MO_60;60;77;-.473112;2.23348999999999;20.53349;8.9;2.026489;.202337;2.0511;0;.466103540788638;.108773033712242
P05;MO_60;60;78;-.501234;2.130402;20.430402;10.2;2.23348999999999;.473112;1.73925;0;.466103540788638;.104276068576624
P05;MO_60;60;79;-.598596;3.24056999999999;19.74057;21.2;2.130402;.501234;.29295;0;.466103540788638;.164157873860785
P05;MO_60;60;80;-.799776;3.84866300000002;11.548663;22.7;3.24056999999999;.598596;.75105;0;.466103540788638;.333256152681918
P05;MO_60;60;81;-.606259;4.56225500000002;61.662255;8.6;3.84866300000002;.799776;1.062;0;.466103540788638;.0739878066411944
P05;MO_60;60;82;.320884;5.05316199999999;9.35316199999999;37.1;4.56225500000002;.606259;1.13535;0;.466103540788638;.540262426760062
P05;MO_60;60;83;1.779214;4.56213400000001;2.53576700000002;22.7;5.05316199999999;.320884;1.95885;1;.466103540788638;1.79911403531948
P05;MO_60;60;84;1.428467;1.014038;-2.535873;-2.535873;4.56213400000001;1.779214;31.13685;0;.466103540788638;-.399877280920614
P05;MO_60;60;85;.059274;.90991200000002;5.80991200000002;6.4;1.014038;1.428467;2.0511;0;.466103540788638;.156613731843101
P05;MO_60;60;86;.048116;2.232437;6.132437;4.9;.90991200000002;.059274;4.2345;0;.466103540788638;.364037494392523
P05;MO_60;60;87;1.516963;2.83415199999999;2.12579399999998;6.1;2.232437;.048116;2.655;1;.466103540788638;1.33322043434125
P05;MO_60;60;88;-1.795153;.910293000000024;-1.21391299999998;-1.213913;2.83415199999999;1.516963;8.48385;0;.466103540788638;-.749883228864045
P05;MO_60;60;89;1.275904;1.114396;-2.630706;-2.630706;.910293000000024;1.795153;5.1453;0;.466103540788638;-.423611000241
P05;MO_60;60;90;.554575;1.317475;9.817475;10.5;1.114396;1.275904;2.3436;0;.466103540788638;.134196929454875
P05;MO_60;60;91;.038716;1.41958599999998;11.819586;12.3;1.317475;.554575;.3114;0;.466103540788638;.120104545116892
P05;MO_60;60;92;.008212;2.22586000000001;9.92586000000001;10.1;1.41958599999998;.038716;.45765;0;.466103540788638;.224248578964443
P05;MO_60;60;93;.691417;2.637787;4.737787;7.3;2.22586000000001;.008212;.60435;0;.466103540788638;.556755084177486
P05;MO_60;60;94;1.039267;1.31208799999999;13.712088;8.6;2.637787;.691417;2.78325;0;.466103540788638;.0956884174022213
P05;MO_60;60;95;.883513;1.32136499999999;9.42136499999999;11.3;1.31208799999999;1.039267;.2196;0;.466103540788638;.14025196985787
P05;MO_60;60;96;.132739;1.92843599999998;8.42843599999998;8.1;1.32136499999999;.883513;.9153;0;.466103540788638;.228801167856051
P05;MO_60;60;97;-.84987;3.03376800000001;5.13376800000001;18.4;1.92843599999998;.132739;1.50165;0;.466103540788638;.590943727881744
P05;MO_60;60;98;-.663855;1.518112;6.018112;6.1;3.03376800000001;.84987;4.0698;0;.466103540788638;.252257186306935
P05;MO_60;60;99;.443548;1.32148700000002;2.82148700000002;5;1.518112;.663855;4.6143;0;.466103540788638;.46836543992583
P05;MO_60;60;100;1.403322;1.11488300000002;.407318000000004;.7;1.32148700000002;.443548;3.62385;1;.466103540788638;2.73713167598783
P05;MO_60;60;101;1.341729;.711333999999994;-1.21098300000001;-1.210983;1.11488300000002;1.403322;4.5999;0;.466103540788638;-.587402135290081
P05;MO_60;60;102;.698066;1.21365400000002;9.01365400000002;-2.425964;.711333999999994;1.341729;.82395;0;.466103540788638;.134646171241987
P05;MO_60;60;103;-.456707;2.73556600000001;6.43556600000001;13.2;1.21365400000002;.698066;2.05065;0;.466103540788638;.425069993843588
P06;MO_60;60;1;-.232221;.806778;5.106778;15.3;1.427087;.143451;5.49765;0;.444779851807682;.157981803790962
P06;MO_60;60;2;-.050649;.609664;7.609664;3.8;.806778;.232221;8.226;0;.444779851807682;.0801170721861044
P06;MO_60;60;3;.109833;.909771000000001;15.609771;11;.609664;.050649;.6039;0;.444779851807682;.0582821490462609
P06;MO_60;60;4;.15763;1.113332;24.413332;10.2;.909771000000001;.109833;.67725;0;.444779851807682;.045603443233394
P06;MO_60;60;5;.161762;.608904000000001;8.208904;9.6;1.113332;.15763;1.062;0;.444779851807682;.0741760410403144
P06;MO_60;60;6;.038272;.907621999999998;16.907622;7.5;.608904000000001;.161762;1.2087;0;.444779851807682;.0536812332331535
P06;MO_60;60;7;-.220321;1.523187;4.923187;8.9;.907621999999998;.038272;.8973;0;.444779851807682;.309390441598095
P06;MO_60;60;8;-.546667;1.618766;8.118766;5.1;1.523187;.220321;5.27805;0;.444779851807682;.199385719455395
P06;MO_60;60;9;-1.09905;2.221954;2.321954;11.7;1.618766;.546667;1.593;0;.444779851807682;.956932824681281
P06;MO_60;60;10;-.798398;1.317028;4.117028;-.408651;2.221954;1.09905;5.8824;0;.444779851807682;.319897751484809
P06;MO_60;60;11;.622726;1.011315;2.611315;6.8;1.317028;.798398;4.1211;0;.444779851807682;.38728188671225
P06;MO_60;60;12;.801394;1.519798;5.319798;4.3;1.011315;.622726;6.67935;0;.444779851807682;.285687163309584
P06;MO_60;60;13;-.413547;2.43144;11.33144;5.9;1.519798;.801394;1.88595;0;.444779851807682;.214574670121361
P06;MO_60;60;14;-.462873;2.42532;21.12532;9.6;2.43144;.413547;1.88595;0;.444779851807682;.114806308259473
P06;MO_60;60;15;-.490925;2.429256;11.129256;6.3;2.42532;.462873;.82395;0;.444779851807682;.218276585604644
P06;MO_60;60;16;-.68935;2.530807;7.030807;14.9;2.429256;.490925;1.062;0;.444779851807682;.359959674614877
P06;MO_60;60;17;-.35749;3.131481;12.731481;6.2;2.530807;.68935;2.8746;0;.444779851807682;.245963607847351
P06;MO_60;60;18;.519798;2.735886;5.735886;9.1;3.131481;.35749;2.27025;0;.444779851807682;.476977052891219
P06;MO_60;60;19;.689873;1.822078;8.822078;6.1;2.735886;.519798;3.0213;0;.444779851807682;.206536147152632
P06;MO_60;60;20;999;2.225555;4.625555;7.2;1.822078;.689873;.6777;0;.444779851807682;.481143343879815
P06;MO_60;60;21;-.705569;1.624863;11.124863;5.7;2.225555;7.5;5.571;0;.444779851807682;.146056899756878
P06;MO_60;60;22;-.071084;2.938656;14.138656;8.1;1.624863;.705569;1.8126;0;.444779851807682;.207845498185966
P06;MO_60;60;23;-.22085;3.240082;8.340082;9.9;2.938656;.071084;.2196;0;.444779851807682;.388495221030201
P06;MO_60;60;24;-.829015;2.43927000000001;4.83927000000001;4.5;3.240082;.22085;.9891;0;.444779851807682;.50405743014959
P06;MO_60;60;25;-.983063;1.520622;11.420622;1.7;2.43927000000001;.829015;2.7099;0;.444779851807682;.13314703875148
P06;MO_60;60;26;-.491249;2.016548;17.516548;11.2;1.520622;.983063;.98865;0;.444779851807682;.115122454492746
P06;MO_60;60;27;-.056967;2.02750400000001;10.927504;6;2.016548;.491249;2.80125;0;.444779851807682;.18554136424933
P06;MO_60;60;28;.616088;3.03582;10.13582;7.4;2.02750400000001;.056967;2.2707;0;.444779851807682;.299514000840583
P06;MO_60;60;29;.55334;2.42743700000001;12.827437;6.2;3.03582;.616088;2.72835;0;.444779851807682;.189237881269657
P06;MO_60;60;30;-.612545;3.643745;6.743745;5.9;2.42743700000001;.55334;1.4463;0;.444779851807682;.540314765757009
P06;MO_60;60;31;-.925679;2.329758;15.729758;8.3;3.643745;.612545;2.19735;0;.444779851807682;.148111496693083
P06;MO_60;60;32;.62959;2.729652;3.929652;6.3;2.329758;.925679;3.69855;0;.444779851807682;.694629448103802
P06;MO_60;60;33;1.358606;1.210998;.101448000000005;.2;2.729652;.62959;3.3885;1;.444779851807682;11.9371303524953
P06;MO_60;60;34;.439921;1.421379;12.121379;-1.614822;1.210998;1.358606;8.28;0;.444779851807682;.117262153093307
P06;MO_60;60;35;-.192147;2.017723;11.117723;10.3;1.421379;.439921;1.5201;0;.444779851807682;.181487072487775
P06;MO_60;60;36;-.133417;2.72822500000001;23.028225;9;2.017723;.192147;1.5012;0;.444779851807682;.118473091173984
P06;MO_60;60;37;-.139163;2.740746;8.340746;9.3;2.72822500000001;.133417;.4581;0;.444779851807682;.328597226195355
P06;MO_60;60;38;-.672858;2.43687399999999;6.13687399999999;6.5;2.740746;.139163;.22005;0;.444779851807682;.39708718151945
P06;MO_60;60;39;-.054127;2.13262899999999;4.532629;6;2.43687399999999;.672858;1.9593;0;.444779851807682;.470505969052395
P06;MO_60;60;40;1.066463;1.41701500000001;7.11701500000001;9.8;2.13262899999999;.054127;.7506;0;.444779851807682;.199102432691235
P06;MO_60;60;41;.237282;1.623726;4.423726;4.6;1.41701500000001;1.066463;3.09465;0;.444779851807682;.36704940586284
P06;MO_60;60;42;-.554365;1.522324;7.022324;7;1.623726;.237282;3.83175;0;.444779851807682;.216783503580866
P06;MO_60;60;43;-.31984;2.429879;6.229879;14.2;1.522324;.554365;.98865;0;.444779851807682;.390036307286225
P06;MO_60;60;44;-.33568;2.02172800000001;8.62172800000001;12.9;2.429879;.31984;1.20825;0;.444779851807682;.234492203883028
P06;MO_60;60;45;.414559;3.543144;13.343144;16;2.02172800000001;.33568;.6777;0;.444779851807682;.265540415362376
P06;MO_60;60;46;.379542;3.24591;8.34591;6.5;3.543144;.414559;2.78325;0;.444779851807682;.388922238557569
P06;MO_60;60;47;.355907;2.72977499999999;15.429775;6.5;3.24591;.379542;2.80125;0;.444779851807682;.176916060020317
P06;MO_60;60;48;.003111;4.05201700000001;22.252017;7.8;2.72977499999999;.355907;1.2816;0;.444779851807682;.18209661623034
P06;MO_60;60;49;-.192899;3.542419;19.042419;17.7;4.05201700000001;.003111;.60435;0;.444779851807682;.186027783549979
P07;MO_60;60;1;.520332;.612975;15.312975;17.5;.714776;.217068;.60435;0;.137101760337924;.0400297786680903
P07;MO_60;60;2;1.000405;2.219164;3.119164;24;.612975;.520332;2.19735;0;.137101760337924;.711461147922969
P07;MO_60;60;3;1.100635;.911060000000001;5.31106;0;2.219164;1.000405;8.35605;0;.137101760337924;.171540144528588
P07;MO_60;60;4;.327553;1.114609;8.814609;5;.911060000000001;1.100635;5.80905;0;.137101760337924;.126450191948389
P07;MO_60;60;5;.040138;2.020739;40.320739;6.8;1.114609;.327553;3.31425;0;.137101760337924;.0501166161661868
P07;MO_60;60;6;-.016172;2.734665;28.834665;17.1;2.020739;.040138;.531;0;.137101760337924;.0948394926731419
P07;MO_60;60;7;.072174;3.237326;16.537326;20.8;2.734665;.016172;1.35495;0;.137101760337924;.195758733908977
P07;MO_60;60;8;.01538;2.831547;12.631547;15.5;3.237326;.072174;1.13535;0;.137101760337924;.224164704449898
P07;MO_60;60;9;-.525628;3.441841;7.641841;12.6;2.831547;.01538;.9153;0;.137101760337924;.450394217833111
P07;MO_60;60;10;-.665049;1.016545;5.616545;14.4;3.441841;.525628;5.7357;0;.137101760337924;.180991160936127
P07;MO_60;60;11;.05825;1.717236;12.517236;4.7;1.016545;.665049;5.51115;0;.137101760337924;.137189711850124
P07;MO_60;60;12;-.01897;3.63797;12.43797;10.2;1.717236;.05825;1.13535;0;.137101760337924;.292489047650059
P07;MO_60;60;13;-.60031;2.627361;6.027361;11.6;3.63797;.01897;.98865;0;.137101760337924;.435905697369048
P07;MO_60;60;14;-.634172;2.823582;23.323582;12.2;2.627361;.60031;4.9851;0;.137101760337924;.121061250368833
P07;MO_60;60;15;-.22671;3.239647;17.539647;38.9;2.823582;.634172;.8424;0;.137101760337924;.184704230364499
P07;MO_60;60;16;-.499364;3.44583100000001;8.74583100000001;13.1;3.239647;.22671;0;0;.137101760337924;.393996979818156
P07;MO_60;60;17;-.414804;2.128734;7.328734;10.9;3.44583100000001;.499364;1.19475;0;.137101760337924;.290464082882528
P07;MO_60;60;18;.591435;3.231629;8.431629;5.2;2.128734;.414804;3.0213;0;.137101760337924;.383274572446202
P07;MO_60;60;19;.664138;1.923134;11.023134;15.5;3.231629;.591435;1.20825;0;.137101760337924;.174463451138306
P07;MO_60;60;20;.37353;3.132153;5.232153;11.9;1.923134;.664138;2.72835;0;.137101760337924;.598635590358309
P07;MO_60;60;21;.678646;2.837525;14.237525;4;3.132153;.37353;2.8746;0;.137101760337924;.199299035471404
P07;MO_60;60;22;.142789;3.03497300000001;12.134973;10.3;2.837525;.678646;2.80125;0;.137101760337924;.250101339327249
P07;MO_60;60;23;.430865;5.15464800000001;19.054648;8.4;3.03497300000001;.142789;1.50165;0;.137101760337924;.270519193007397
P07;MO_60;60;24;.655574;5.36642400000001;12.966424;42.3;5.15464800000001;.430865;.97065;0;.137101760337924;.413870778867019
P07;MO_60;60;25;.459849;3.54382399999999;47.543824;12.4;5.36642400000001;.655574;2.0322;0;.137101760337924;.0745380514617417
P07;MO_60;60;26;-.244176;6.574951;14.074951;45.9;3.54382399999999;.459849;.531;0;.137101760337924;.467138464638349
P07;MO_60;60;27;-.75811;3.944199;8.344199;7.4;6.574951;.244176;1.593;0;.137101760337924;.472687552154497
P07;MO_60;60;28;-.50846;3.13930499999999;29.339305;4.6;3.944199;.75811;3.7764;0;.137101760337924;.106999978356679
P07;MO_60;60;29;-.296733;2.738075;11.038075;22;3.13930499999999;.50846;.82395;0;.137101760337924;.248057292598574
P07;MO_60;60;30;-.748357;3.337493;8.03749299999999;52.9;2.738075;.296733;.6957;0;.137101760337924;.415240548265486
P07;MO_60;60;31;-.450177;2.532188;9.632188;16.1;3.337493;.748357;3.8313;0;.137101760337924;.26288814130289
P07;MO_60;60;32;.237091;1.919259;9.319259;35.6;2.532188;.450177;1.35495;0;.137101760337924;.205945451242422
P07;MO_60;60;33;.961123;3.040481;4.140481;27.9;1.919259;.237091;1.7397;0;.137101760337924;.734330383354011
P07;MO_60;60;34;1.10345;1.31401099999999;.100807000000003;.2;3.040481;.961123;4.0833;1;.137101760337924;13.0349182100445
P07;MO_60;60;35;-.292411;3.64151699999999;29.441517;5;1.31401099999999;1.10345;5.8959;0;.137101760337924;.123686459498673
P07;MO_60;60;36;-.54781;2.630341;23.530341;17.6;3.64151699999999;.292411;.7506;0;.137101760337924;.111785077827814
P07;MO_60;60;37;-.09401;2.82957400000001;9.22957400000001;12;2.630341;.54781;1.4463;0;.137101760337924;.30657687992967
P07;MO_60;60;38;.386538;2.22216800000001;14.922168;38.2;2.82957400000001;.09401;1.13535;0;.137101760337924;.148917235082731
P07;MO_60;60;39;.420067;2.42614799999998;10.026148;17.2;2.22216800000001;.386538;1.2816;0;.137101760337924;.241982065295663
P07;MO_60;60;40;.560171;2.42279000000002;50.42279;20.5;2.42614799999998;.420067;.1647;0;.137101760337924;.0480495030124279
P07;MO_60;60;41;.478248;2.841476;28.041476;45.8;2.42279000000002;.560171;.23805;0;.137101760337924;.101331185277123
P07;MO_60;60;42;.636765;3.94688399999998;9.84688399999998;25;2.841476;.478248;.7506;0;.137101760337924;.400825682520479
P07;MO_60;60;43;.953827;3.74075300000001;7.84075300000001;5.7;3.94688399999998;.636765;1.20825;0;.137101760337924;.477091039597856
P07;MO_60;60;44;.645759;2.42579699999999;7.92579699999999;28.5;3.74075300000001;.953827;2.2707;0;.137101760337924;.306063478537236
P07;MO_60;60;45;-.329556;2.02168300000002;24.621683;4.9;2.42579699999999;.645759;3.40605;0;.137101760337924;.0821098622705856
P07;MO_60;60;46;-.804085;2.628738;18.128738;23.8;2.02168300000002;.329556;.60435;0;.137101760337924;.145003915882065
P07;MO_60;60;47;-.408374;2.83531200000002;15.635312;22.7;2.628738;.804085;2.2707;0;.137101760337924;.181340289212011
P07;MO_60;60;48;.342791;3.029877;9.329877;30.7;2.83531200000002;.408374;.82395;0;.137101760337924;.324749940433298
P07;MO_60;60;49;.563379;2.123017;10.123017;29;3.029877;.342791;1.6659;0;.137101760337924;.209721765754221
P07;MO_60;60;50;.081494;2.63514699999999;14.035147;9.1;2.123017;.563379;1.9593;0;.137101760337924;.187753430726446
P07;MO_60;60;51;.08142;3.02854900000003;19.528549;10.6;2.63514699999999;.081494;.7506;0;.137101760337924;.155083155435667
P07;MO_60;60;52;.178236;3.73848000000001;63.13848;15.9;3.02854900000003;.08142;.45765;0;.137101760337924;.0592108014003506
P07;MO_60;60;53;-.131666;4.54203799999999;14.942038;1000000;3.73848000000001;.178236;.45765;0;.137101760337924;.303977141538523
P07;MO_60;60;54;-.699137;4.55175800000001;11.651758;40.2;4.54203799999999;.131666;.531;0;.137101760337924;.390649891630088
P07;MO_60;60;55;-.305611;3.43466099999998;11.734661;25.5;4.55175800000001;.699137;2.1789;0;.137101760337924;.292693670486091
P07;MO_60;60;56;.822438;4.74787900000001;7.84787900000001;6.9;3.43466099999998;.305611;1.35495;0;.137101760337924;.604988812900913
P07;MO_60;60;57;.913755;2.33151299999997;15.031513;4.1;4.74787900000001;.822438;3.11265;0;.137101760337924;.15510833806284
P07;MO_60;60;58;.611724;2.527985;19.127985;16.1;2.33151299999997;.913755;.76905;0;.137101760337924;.132161594647842
P07;MO_60;60;59;.287678;2.22936999999999;1000002.22937;16;2.527985;.611724;.91575;0;.137101760337924;2.22936502992047E-06
P07;MO_60;60;60;-.235067;3.14032;35.04032;34.4;2.22936999999999;.287678;0;0;.137101760337924;.0896201861170218
P07;MO_60;60;61;-.376564;3.02847300000002;1000003.028473;31.5;3.14032;.235067;1.50165;0;.137101760337924;3.02846382837908E-06
P07;MO_60;60;62;-.136571;3.54072600000001;47.440726;1000000;3.02847300000002;.376564;.45765;0;.137101760337924;.0746347347213871
P08;MO_60;60;1;-.692559;1.023447;8.223447;6.7;.815569;.919882;3.15405;0;.505669432126653;.124454745072231
P08;MO_60;60;2;-.119958;1.01506;6.11506;6.2;1.023447;.692559;.9153;0;.505669432126653;.165993465313505
P08;MO_60;60;3;.541476;1.114134;16.014134;4.8;1.01506;.119958;1.66635;0;.505669432126653;.0695719169079015
P08;MO_60;60;4;.867276;1.117522;13.517522;13.8;1.114134;.541476;.7506;0;.505669432126653;.0826721051387969
P08;MO_60;60;5;.744392;1.519462;11.419462;11.4;1.117522;.867276;.8973;0;.505669432126653;.133058982988866
P08;MO_60;60;6;.056163;2.738058;25.138058;11.8;1.519462;.744392;.9891;0;.505669432126653;.108920824353258
P08;MO_60;60;7;-.300771;3.759704;20.459704;21.8;2.738058;.056163;0;0;.505669432126653;.183761407300907
P08;MO_60;60;8;.018224;4.145487;13.845487;16.2;3.759704;.300771;0;0;.505669432126653;.299410703285482
P08;MO_60;60;9;.64147;3.84396;47.74396;8.8;4.145487;.018224;.8424;0;.505669432126653;.080511964235895
P08;MO_60;60;10;.507689;3.237782;15.837782;34.4;3.84396;.64147;1.30005;0;.505669432126653;.204434055223137
P08;MO_60;60;11;-.691846;3.653671;5.453671;11.4;3.237782;.507689;.531;0;.505669432126653;.669947087017167
P08;MO_60;60;12;-1.342569;2.323478;.504963000000004;.9;3.653671;.691846;2.62305;1;.505669432126653;4.60128365840662
P08;MO_60;60;13;-.145527;3.240284;7.140284;-2.323833;2.323478;1.342569;.8973;0;.505669432126653;.453803238078485
P08;MO_60;60;14;.983991;2.227287;14.627287;4;3.240284;.145527;1.57455;0;.505669432126653;.152269316928013
P08;MO_60;60;15;.78361;3.038765;32.838765;9.5;2.227287;.983991;3.0393;0;.505669432126653;.0925359099223129
P08;MO_60;60;16;-.241531;4.550891;10.650891;19;3.038765;.78361;.1467;0;.505669432126653;.427277962003367
P08;MO_60;60;17;-.972029;4.360104;18.860104;23.1;4.550891;.241531;.0918;0;.505669432126653;.231181333888721
P08;MO_60;60;18;.581681;4.261502;5.661502;13.7;4.360104;.972029;1.50165;0;.505669432126653;.752715798740334
P08;MO_60;60;19;1.633228;1.51778499999999;.405509999999992;.7;4.261502;.581681;5.7312;1;.505669432126653;3.74290399743538
P08;MO_60;60;20;1.394559;.914756999999994;-1.61784400000001;-1.617844;1.51778499999999;1.633228;1.30905;0;.505669432126653;-.565417308467311
P08;MO_60;60;21;-.202093;1.81864899999999;11.818649;4.4;.914756999999994;1.394559;6.633;0;.505669432126653;.153879601636362
P08;MO_60;60;22;-.251655;3.02997599999999;6.72997599999999;9.2;1.81864899999999;.202093;.2241;0;.505669432126653;.450220922035977
P08;MO_60;60;23;999;2.43609600000001;1.826752;3;3.02997599999999;.251655;2.05065;1;.505669432126653;1.33356689906457
P08;MO_60;60;24;999;1.21176200000001;1.01126900000001;-.405166;2.43609600000001;7.5;5.21865;0;.505669432126653;1.19825882134229
P08;MO_60;60;25;1.059581;3.038337;7.438337;-.610611;1.21176200000001;7.5;4.0833;0;.505669432126653;.408469930846102
P08;MO_60;60;26;-.906615;2.934067;12.634067;5.3;3.038337;1.059581;1.4283;0;.505669432126653;.232234560731711
P08;MO_60;60;27;-.131546;3.13252300000001;7.33252300000001;8.7;2.934067;.906615;2.0511;0;.505669432126653;.427209433915176
P08;MO_60;60;28;1.03503;2.83139799999999;15.031398;4.2;3.13252300000001;.131546;1.2087;0;.505669432126653;.188365579834955
P08;MO_60;60;29;.64365;2.83073400000001;45.230734;10.4;2.83139799999999;1.03503;2.4354;0;.505669432126653;.0625843038496791
P08;MO_60;60;30;-.052435;3.94718900000001;33.947189;19.1;2.83073400000001;.64365;.29295;0;.505669432126653;.116274399037871
P08;MO_60;60;31;-.933217;5.171516;6.471516;29.6;3.94718900000001;.052435;.76905;0;.505669432126653;.799119711671886
P08;MO_60;60;32;-1.111622;3.64190699999999;.201758999999996;.3;5.171516;.933217;1.35495;1;.505669432126653;18.0507784039377
P08;MO_60;60;33;-.664893;3.842049;8.542049;14.6;3.64190699999999;1.111622;1.3734;0;.505669432126653;.449780725912483
P08;MO_60;60;34;-.741068;3.342483;10.342483;3.7;3.842049;.664893;3.3327;0;.505669432126653;.323179936578093
P08;MO_60;60;35;1.181068;4.96075500000001;4.85998600000001;7;3.342483;.741068;2.10555;1;.505669432126653;1.0207344218687
P08;MO_60;60;36;-1.573601;2.02937300000001;-.607459999999993;-.60746;4.96075500000001;1.181068;5.53005;0;.505669432126653;-3.34075165442998
P08;MO_60;60;37;.561954;2.64361600000001;11.143616;-3.146003;2.02937300000001;1.573601;15.23475;0;.505669432126653;.237231433674672
P08;MO_60;60;38;.322141;4.16610699999998;7.46610699999998;6.4;2.64361600000001;.561954;4.81995;0;.505669432126653;.558002584211556
P08;MO_60;60;39;1.184918;3.34635900000001;2.94253599999999;16.2;4.16610699999998;.322141;2.5632;1;.505669432126653;1.13723638385393
P08;MO_60;60;40;.563984;2.52377300000001;37.023773;-.911987;3.34635900000001;1.184918;5.96925;0;.505669432126653;.0681662833228804
P08;MO_60;60;41;-1.034419;3.54673799999998;3.84673799999998;29.2;2.52377300000001;.563984;1.593;0;.505669432126653;.922011844841005
P08;MO_60;60;42;-1.110204;2.33154299999998;5.93154299999998;-.304718;3.54673799999998;1.034419;3.70305;0;.505669432126653;.393075292550351
P08;MO_60;60;43;1.290779;2.930665;2.52482699999999;3.5;2.33154299999998;1.110204;4.3029;1;.505669432126653;1.16073893379626
P08;MO_60;60;44;1.290436;2.233825;-.913864000000004;-.913864;2.930665;1.290779;2.3436;0;.505669432126653;-2.44437356105503
P08;MO_60;60;45;.502193;.812882000000002;6.212882;5.1;2.233825;1.290436;2.56365;0;.505669432126653;.130838152084653
P08;MO_60;60;46;-.375958;1.212997;8.712997;16.1;.812882000000002;.502193;2.2383;0;.505669432126653;.13921696518431
P08;MO_60;60;47;.128932;4.05394000000001;12.05394;6.9;1.212997;.375958;3.996;0;.505669432126653;.336316590260115
P08;MO_60;60;48;.84074;3.032959;4.43295900000001;18.4;4.05394000000001;.128932;3.3327;0;.505669432126653;.684183860035699
P08;MO_60;60;49;1.138835;2.01992799999999;.302550999999994;.6;3.032959;.84074;9.0684;1;.505669432126653;6.67632233904376
P08;MO_60;60;50;.437781;2.731247;9.331247;-2.222366;2.01992799999999;1.138835;11.2986;0;.505669432126653;.292699035830902
P08;MO_60;60;51;.393687;2.427796;20.827796;6.5;2.731247;.437781;3.11265;0;.505669432126653;.116565190095006
P08;MO_60;60;52;.105048;2.22395400000002;12.823954;10.9;2.427796;.393687;6.04215;0;.505669432126653;.173421863490778
P08;MO_60;60;53;.111642;4.15104699999998;13.751047;9.8;2.22395400000002;.105048;2.8017;0;.505669432126653;.30187134114224
P08;MO_60;60;54;.855035;4.145859;5.045859;9.7;4.15104699999998;.111642;3.47895;0;.505669432126653;.821635919671953
P08;MO_60;60;55;-1.632507;2.23407;2.66453525910038E-15;0;4.145859;.855035;9.22815;0;.505669432126653;838446401626632
P08;MO_60;60;56;-1.340562;1.817993;-2.740143;-2.740143;2.23407;1.632507;22.32945;0;.505669432126653;-.663466468720793
P08;MO_60;60;57;.692279;1.92472799999999;7.72472799999999;-5.069504;1.817993;1.340562;9.59085;0;.505669432126653;.24916450132613
P08;MO_60;60;58;-.339185;2.01818800000001;6.81818800000001;7.2;1.92472799999999;.692279;2.7099;0;.505669432126653;.296000638292756
P08;MO_60;60;59;-.01231;1.41799900000001;7.31799900000001;2.7;2.01818800000001;.339185;5.21865;0;.505669432126653;.193768679115699
P08;MO_60;60;60;-.049485;2.635437;7.635437;6.2;1.41799900000001;.01231;4.0833;0;.505669432126653;.345158633356545
P08;MO_60;60;61;.89799;3.34037799999999;4.64037799999999;8.8;2.635437;.049485;2.8017;0;.505669432126653;.719850408738253
P08;MO_60;60;62;1.108632;2.338516;.203064000000012;.4;3.34037799999999;.89799;9.22815;1;.505669432126653;11.5161525430399
P08;MO_60;60;63;-.168068;2.02879300000001;4.62879300000001;-.404709;2.338516;1.108632;27.1584;0;.505669432126653;.438298493797412
P08;MO_60;60;64;-.278763;2.930847;11.130847;9.1;2.02879300000001;.168068;11.70495;0;.505669432126653;.26330853348357
P08;MO_60;60;65;-.025835;3.03607199999999;16.236072;11.6;2.930847;.278763;6.4269;0;.505669432126653;.186995475260272
P08;MO_60;60;66;-.249201;3.243942;12.143942;21.5;3.03607199999999;.025835;.3663;0;.505669432126653;.267124299506701
P09;MO_60;60;1;.748358;.812195999999999;3.812196;17.5;.608968;.271603;1.6479;0;.355928400310337;.213052004671323
P09;MO_60;60;2;.970031;.40466;8.40466;9.1;.812195999999999;.748358;.38475;0;.355928400310337;.0481470993472669
P09;MO_60;60;3;.964285;.717387;10.317387;7.8;.40466;.970031;1.88595;0;.355928400310337;.0695318494886351
P09;MO_60;60;4;.746427;1.01748;20.51748;25.1;.717387;.964285;.60435;0;.355928400310337;.0495908854303745
P09;MO_60;60;5;.168572;3.550813;12.650813;19;1.01748;.746427;2.03265;0;.355928400310337;.280678640969557
P09;MO_60;60;6;.154863;3.135598;20.035598;11.2;3.550813;.168572;4.74705;0;.355928400310337;.156501343259133
P09;MO_60;60;7;.947538;4.77126;6.07126;18.2;3.135598;.154863;2.41695;0;.355928400310337;.785876407862618
P09;MO_60;60;8;1.220421;2.640062;.202449999999999;.4;4.77126;.947538;5.8959;1;.355928400310337;13.0405631020006
P09;MO_60;60;9;.996373;2.225168;8.925168;-2.940935;2.640062;1.220421;2.8017;0;.355928400310337;.24931385045077
P09;MO_60;60;10;.340958;3.563307;9.863307;13.5;2.225168;.996373;5.80905;0;.355928400310337;.361268994263283
P09;MO_60;60;11;-.001225;4.548401;11.048401;13;3.563307;.340958;5.3649;0;.355928400310337;.411679572455779
P09;MO_60;60;12;.175991;4.163978;10.563978;9.5;4.548401;.001225;6.633;0;.355928400310337;.394167613753077
P09;MO_60;60;13;.159381;3.746094;17.446094;19.3;4.163978;.175991;2.637;0;.355928400310337;.214723937633261
P09;MO_60;60;14;-.321208;6.389801;27.789801;15.8;3.746094;.159381;2.10555;0;.355928400310337;.229933312584714
P09;MO_60;60;15;-.622992;3.652222;7.052222;7.9;6.389801;.321208;5.3514;0;.355928400310337;.517882448964312
P09;MO_60;60;16;-.440103;2.531181;10.931181;6;3.652222;.622992;7.18245;0;.355928400310337;.231556041382903
P09;MO_60;60;17;-.568856;4.454464;36.454464;15.6;2.531181;.440103;3.0213;0;.355928400310337;.122192552330491
P09;MO_60;60;18;-.237255;2.419876;22.519876;6.6;4.454464;.568856;5.80905;0;.355928400310337;.107455120978464
P09;MO_60;60;19;.219864;5.87559499999999;11.975595;10.4;2.419876;.237255;3.84525;0;.355928400310337;.490630736927893
P09;MO_60;60;20;-1.857688;6.678848;4.751976;11.6;5.87559499999999;.219864;3.69855;1;.355928400310337;1.40548857990865
P09;MO_60;60;21;-1.517517;.705093000000005;-2.430771;-2.430771;6.678848;1.857688;5.91255;0;.355928400310337;-.290069693936617
P09;MO_60;60;22;1.321802;1.014489;-3.644493;-3.644493;.705093000000005;1.517517;13.17375;0;.355928400310337;-.278362175479552
P09;MO_60;60;23;.840422;1.519364;24.119364;4.4;1.014489;1.321802;4.9671;0;.355928400310337;.0629935349870751
P09;MO_60;60;24;.749052;2.53034199999999;16.730342;39.9;1.519364;.840422;2.8017;0;.355928400310337;.151242694261719
P09;MO_60;60;25;.501997;3.45723;33.15723;18.6;2.53034199999999;.749052;.6957;0;.355928400310337;.104267756986938
P09;MO_60;60;26;.282831;2.63732200000001;10.637322;30.2;3.45723;.501997;1.2087;0;.355928400310337;.247931011207521
P09;MO_60;60;27;.303058;3.346329;19.746329;46.9;2.63732200000001;.282831;4.81995;0;.355928400310337;.169465878948943
P09;MO_60;60;28;.560433;4.757767;12.957767;13.2;3.346329;.303058;2.56365;0;.355928400310337;.367174915245814
P09;MO_60;60;29;-.464562;5.078316;8.178316;15.6;4.757767;.560433;2.05065;0;.355928400310337;.620948860376635
P09;MO_60;60;30;-.513896;1.82440200000001;18.124402;5.8;5.078316;.464562;9.36135;0;.355928400310337;.100659983154203
P09;MO_60;60;31;-.159238;1.111313;18.911313;7.2;1.82440200000001;.513896;2.8017;0;.355928400310337;.0587644549059074
P09;MO_60;60;32;.089401;2.83504400000001;33.235044;14.1;1.111313;.159238;1.6479;0;.355928400310337;.0853028508101271
P09;MO_60;60;33;-.222164;3.66083499999999;10.460835;24.1;2.83504400000001;.089401;1.4463;0;.355928400310337;.34995628934019
P09;MO_60;60;34;-.429114;4.660355;7.960355;9.8;3.66083499999999;.222164;5.8959;0;.355928400310337;.585445623970288
P09;MO_60;60;35;-1.215786;5.067048;4.86520399999998;18.5;4.660355;.429114;6.633;1;.355928400310337;1.04148726343233
P09;MO_60;60;36;-1.066298;1.616928;4.316928;-.70932;5.067048;1.215786;7.8417;0;.355928400310337;.374555239281267
P09;MO_60;60;37;-.204613;1.01907399999999;17.319074;9.1;1.616928;1.066298;1.13535;0;.355928400310337;.0588411366566128
P09;MO_60;60;38;.493617;1.63146900000001;11.631469;7.9;1.01907399999999;.204613;1.42785;0;.355928400310337;.140263366561869
P09;MO_60;60;39;.308138;2.742446;13.642446;10.1;1.63146900000001;.493617;1.3734;0;.355928400310337;.201023042348857
P09;MO_60;60;40;-.376738;3.74079900000001;1000003.740799;11;2.742446;.308138;.67725;0;.355928400310337;3.7407850064752E-06
P09;MO_60;60;41;-.493566;2.428101;20.128101;12.9;3.74079900000001;.376738;1.97775;0;.355928400310337;.120632393488089
P09;MO_60;60;42;-.517775;3.02967799999999;19.129678;1000000;2.428101;.493566;.3114;0;.355928400310337;.158375797020733
P09;MO_60;60;43;-.34918;4.043915;1000004.043915;17.7;3.02967799999999;.517775;.45765;0;.355928400310337;4.0438986468176E-06
P09;MO_60;60;44;.006744;4.75062600000001;1000004.750626;1000000;4.043915;.34918;.0729;0;.355928400310337;4.75060343165983E-06
P09;MO_60;60;45;-.290413;5.36676;13.06676;1000000;4.75062600000001;.006744;.67725;0;.355928400310337;.410718494867894
P09;MO_60;60;46;-.115495;5.361557;30.561557;28.8;5.36676;.290413;2.124;0;.355928400310337;.175434680896657
P09;MO_60;60;47;.013024;5.16635099999999;12.766351;14.9;5.361557;.115495;2.41695;0;.355928400310337;.404685019235331
P09;MO_60;60;48;-.682625;4.86445599999999;6.46445599999999;1000000;5.16635099999999;.013024;1.81305;0;.355928400310337;.752492707816404
P09;MO_60;60;49;-.926552;1.92218;22.82218;7;4.86445599999999;.682625;8.84835;0;.355928400310337;.0842242064517938
P09;MO_60;60;50;-.405848;1.21460000000002;6.81460000000002;5.9;1.92218;.926552;3.8502;0;.355928400310337;.178234966102195
P09;MO_60;60;51;.217075;1.11552399999999;20.215524;17.1;1.21460000000002;.405848;.82395;0;.355928400310337;.0551815525533738
P09;MO_60;60;52;.555779;1.52394099999998;12.923941;12.3;1.11552399999999;.217075;1.95885;0;.355928400310337;.117916121715503
P09;MO_60;60;53;.37816;2.53344799999999;12.333448;17.7;1.52394099999998;.555779;2.05065;0;.355928400310337;.205412792918897
P09;MO_60;60;54;-.161064;3.54521199999999;16.745212;14.5;2.53344799999999;.37816;.60435;0;.355928400310337;.211714966642404
P09;MO_60;60;55;-.475063;5.87805200000003;11.278052;16.6;3.54521199999999;.161064;2.124;0;.355928400310337;.5211939083097
P09;MO_60;60;56;-.211149;2.94105500000001;10.541055;9.4;5.87805200000003;.475063;2.3436;0;.355928400310337;.279009548854456
P09;MO_60;60;57;1.117188;4.45997700000001;4.45997700000001;9.6;2.94105500000001;.211149;5.1318;1;.355928400310337;1
P09;MO_60;60;58;-1.715745;1.81452999999999;-.504394000000009;-.504394;4.45997700000001;1.117188;11.3643;0;.355928400310337;-3.59744564764838
P10;MO_60;60;1;.671669;1.636163;14.336163;5.7;.508656;.03565;1.42785;0;.644271298379488;.114128375912021
P10;MO_60;60;2;.536148;1.929961;11.029961;8.7;1.636163;.671669;3.03975;0;.644271298379488;.174974417407278
P10;MO_60;60;3;.149164;2.533706;5.133706;8;1.929961;.536148;3.25935;0;.644271298379488;.493543260950276
P10;MO_60;60;4;.449526;1.223106;24.623106;5;2.533706;.149164;2.2707;0;.644271298379488;.0496730997299853
P10;MO_60;60;5;.675354;2.733186;8.933186;34.1;1.223106;.449526;2.3436;0;.644271298379488;.305958702751739
P10;MO_60;60;6;.306051;1.618931;5.418931;7.3;2.733186;.675354;2.8746;0;.644271298379488;.298754680581834
P10;MO_60;60;7;-.629191;1.927196;8.627196;5.4;1.618931;.306051;2.78775;0;.644271298379488;.223386138439419
P10;MO_60;60;8;-.343179;2.233627;11.533627;6.6;1.927196;.629191;4.3029;0;.644271298379488;.193662149816359
P10;MO_60;60;9;-.124102;3.448234;24.748234;1000000;2.233627;.343179;.98865;0;.644271298379488;.139332527727029
P10;MO_60;60;10;-.088719;3.245082;10.245082;21.1;3.448234;.124102;1.2087;0;.644271298379488;.31674534181376
P10;MO_60;60;11;-.833066;3.95092399999999;6.15092399999999;7.8;3.245082;.088719;.8424;0;.644271298379488;.642330160476702
P10;MO_60;60;12;-.923447;.811539000000003;5.911539;6.7;3.95092399999999;.833066;1.5012;0;.644271298379488;.137280494977704
P10;MO_60;60;13;.306;2.63369;18.53369;4.5;.811539000000003;.923447;6.17535;0;.644271298379488;.142102840826624
P10;MO_60;60;14;.320668;3.235321;20.235321;9.5;2.63369;.306;2.63655;0;.644271298379488;.159884837013458
P10;MO_60;60;15;-.097429;2.83929;13.33929;35.9;3.235321;.320668;.82395;0;.644271298379488;.212851658521555
P10;MO_60;60;16;-.689077;3.041298;7.241298;9.9;2.83929;.097429;.14625;0;.644271298379488;.419993487355444
P10;MO_60;60;17;-.603553;2.633618;12.833618;7.8;3.041298;.689077;6.0471;0;.644271298379488;.205212435028065
P10;MO_60;60;18;-.170509;3.642319;14.242319;10.4;2.633618;.603553;2.05065;0;.644271298379488;.255739181238673
P10;MO_60;60;19;.516003;2.84025200000001;5.74025200000001;9.8;3.642319;.170509;1.44675;0;.644271298379488;.494795698864789
P10;MO_60;60;20;1.215995;3.2491;2.636269;17.1;2.84025200000001;.516003;3.699;1;.644271298379488;1.23246148249666
P10;MO_60;60;21;-1.828289;2.93703500000001;2.52646600000001;-1.115379;3.2491;1.215995;12.9519;0;.644271298379488;1.16250723342408
P10;MO_60;60;22;-.174609;1.01161900000001;-.81632299999999;-.816323;2.93703500000001;1.828289;6.9579;0;.644271298379488;-1.23923863470712
P10;MO_60;60;23;-.599298;.202957999999995;-2.336708;-2.336708;1.01161900000001;.174609;.5337;0;.644271298379488;-.0868563808571696
P10;MO_60;60;24;-.184464;.406379999999999;-3.047806;-3.047806;.202957999999995;.599298;4.1436;0;.644271298379488;-.133335258215254
P10;MO_60;60;25;.113508;1.824501;2.924501;-3.958229;.406379999999999;.184464;15.86115;0;.644271298379488;.623867456362641
P10;MO_60;60;26;1.447441;.402259999999998;.100142999999989;.1;1.824501;.113508;7.7535;1;.644271298379488;4.01685589606904
P10;MO_60;60;27;999;.706367;10.406367;-.807465;.402259999999998;1.447441;25.9857;0;.644271298379488;.0678783479383343
P10;MO_60;60;28;-.266519;2.83537299999999;8.23537299999999;5.3;.706367;7.5;6.4863;0;.644271298379488;.344291995031675
P10;MO_60;60;29;-.719885;1.819549;10.219549;19.8;2.83537299999999;.266519;1.66635;0;.644271298379488;.178045919638919
P10;MO_60;60;30;-.492262;2.526794;7.526794;7.5;1.819549;.719885;4.6143;0;.644271298379488;.33570654384855
P10;MO_60;60;31;-.560368;2.029641;14.329641;19.9;2.526794;.492262;.82395;0;.644271298379488;.141639347419799
P10;MO_60;60;32;-.507314;3.635925;7.535925;11.4;2.029641;.560368;2.2707;0;.644271298379488;.482478925944725
P10;MO_60;60;33;.236295;3.64588199999999;6.04588199999999;20.3;3.635925;.507314;3.15405;0;.644271298379488;.603035586867226
P10;MO_60;60;34;.83384;1.82045000000001;9.92045000000001;8.8;3.64588199999999;.236295;5.6331;0;.644271298379488;.18350478052911
P10;MO_60;60;35;-.11009;3.03634699999999;20.036347;7.3;1.82045000000001;.83384;2.94795;0;.644271298379488;.151541945245807
P10;MO_60;60;36;-.336313;2.735901;20.035901;15.5;3.03634699999999;.11009;.82395;0;.644271298379488;.136549936037316
P10;MO_60;60;37;-.058522;3.147407;10.047407;16.6;2.735901;.336313;.6777;0;.644271298379488;.313255648945046
P10;MO_60;60;38;-.051067;3.457313;7.857313;23.6;3.147407;.058522;1.5012;0;.644271298379488;.440012126282865
P10;MO_60;60;39;-.102376;2.633621;7.833621;17.7;3.457313;.051067;3.31875;0;.644271298379488;.336194589960377
P10;MO_60;60;40;.305556;1.417678;9.217678;10.9;2.633621;.102376;.82395;0;.644271298379488;.153799904921825
P10;MO_60;60;41;.120907;2.12596099999999;9.32596099999999;7.3;1.417678;.305556;3.77235;0;.644271298379488;.227961600954582
P10;MO_60;60;42;.267342;2.934539;16.334539;11.6;2.12596099999999;.120907;.9891;0;.644271298379488;.179652391781611
P10;MO_60;60;43;.388237;5.35484299999999;15.454843;14.6;2.934539;.267342;.8424;0;.644271298379488;.346483170356372
P10;MO_60;60;44;.039553;3.34719799999999;11.747198;11.6;5.35484299999999;.388237;2.106;0;.644271298379488;.284935863003245
P10;MO_60;60;45;-.235553;3.86769100000001;16.767691;12.8;3.34719799999999;.039553;1.6479;0;.644271298379488;.23066330361169
P10;MO_60;60;46;.489667;4.656982;9.356982;12.1;3.86769100000001;.235553;.09135;0;.644271298379488;.497701288727498
P10;MO_60;60;47;.648557;1.81832799999998;23.218328;10.6;4.656982;.489667;3.47895;0;.644271298379488;.0783143385690813
P10;MO_60;60;48;.627464;2.43208300000001;7.032083;14.2;1.81832799999998;.648557;2.19735;0;.644271298379488;.345855275030174
P10;MO_60;60;49;.491119;2.123459;26.223459;9.4;2.43208300000001;.627464;3.8637;0;.644271298379488;.0809755494116928
P10;MO_60;60;50;-.632825;3.848724;5.948724;16.2;2.123459;.491119;1.1349;0;.644271298379488;.64698311772407
P10;MO_60;60;51;-1.034329;1.014679;9.514679;7.6;3.848724;.632825;2.7144;0;.644271298379488;.106643534689925
P10;MO_60;60;52;-.09945;2.12982100000002;4.62982100000002;6.6;1.014679;1.034329;1.4148;0;.644271298379488;.460022320517361
P10;MO_60;60;53;.615233;.509308000000004;5.709308;8.2;2.12982100000002;.09945;3.3282;0;.644271298379488;.0892066078761216
P10;MO_60;60;54;.505708;1.42079100000001;10.720791;4.7;.509308000000004;.615233;9.36045;0;.644271298379488;.132526695091809
P10;MO_60;60;55;.580107;3.632935;7.432935;8.4;1.42079100000001;.505708;.6957;0;.644271298379488;.488761841722012
P10;MO_60;60;56;-.053791;3.54840100000001;16.848401;8.5;3.632935;.580107;5.7492;0;.644271298379488;.210607582286296
P10;MO_60;60;57;.52961;4.25888;7.75888;6.5;3.54840100000001;.053791;3.46545;0;.644271298379488;.548903965520797
P10;MO_60;60;58;.785709;4.15617399999999;5.85617399999999;8.4;4.25888;.52961;7.56225;0;.644271298379488;.709708079029072
P10;MO_60;60;59;-1.267836;3.54530399999999;3.44502299999999;8.4;4.15617399999999;.785709;11.1942;1;.644271298379488;1.02910894934519
P10;MO_60;60;60;1.52969;1.01533500000002;-.606765999999978;-.606766;3.54530399999999;1.267836;3.2661;0;.644271298379488;-1.673355131962
P10;MO_60;60;61;-1.559666;.505538999999999;-2.12944;-2.12944;1.01533500000002;1.52969;6.9651;0;.644271298379488;-.237404669772334
P10;MO_60;60;62;.231171;1.311722;6.011722;3.8;.505538999999999;1.559666;9.02835;0;.644271298379488;.218194054881447
P10;MO_60;60;63;-.10385;2.53410299999999;6.63410299999999;3.9;1.311722;.231171;9.27405;0;.644271298379488;.381981256546664
P10;MO_60;60;64;-.644885;2.53280599999999;22.732806;9.7;2.53410299999999;.10385;3.17205;0;.644271298379488;.111416338132652
P10;MO_60;60;65;-.595249;1.01225300000002;9.11225300000002;9.6;2.53280599999999;.644885;1.2087;0;.644271298379488;.111087016569889
P10;MO_60;60;66;-.759312;3.33784499999999;5.23784499999999;17.4;1.01225300000002;.595249;1.73925;0;.644271298379488;.637255397973784
P10;MO_60;60;67;-1.014787;1.82630900000001;19.926309;8.3;3.33784499999999;.759312;5.80905;0;.644271298379488;.0916531506161031
P10;MO_60;60;68;-.95005;.305496000000005;7.505496;12.9;1.82630900000001;1.014787;2.12445;0;.644271298379488;.0407029728614878
P10;MO_60;60;69;-.315388;2.332337;15.532337;6.2;.305496000000005;.95005;4.76055;0;.644271298379488;.150160082156343
P10;MO_60;60;70;-.270182;2.52842699999999;14.028427;13.9;2.332337;.315388;.6039;0;.644271298379488;.180235959455753
P10;MO_60;60;71;.814096;4.751709;5.951709;1000000;2.52842699999999;.270182;2.637;0;.644271298379488;.79837723920978
P10;MO_60;60;72;.97649;2.32978800000001;.202834999999993;.3;4.751709;.814096;7.2513;1;.644271298379488;11.4861241896127
P10;MO_60;60;73;.828526;.303009000000003;2.603009;8;2.32978800000001;.97649;1.2087;0;.644271298379488;.116407204124151
P11;MO_60;60;1;.317821;1.328169;3.428169;3.4;1.119166;.612298;7.25535;0;.206824215039977;.387428099373164
P11;MO_60;60;2;1.096529;1.21855;10.71855;1.3;1.328169;.317821;13.1481;0;.206824215039977;.113686086270997
P11;MO_60;60;3;.752399;1.015399;4.815399;6.9;1.21855;1.096529;6.45975;0;.206824215039977;.210864977128583
P11;MO_60;60;4;.026308;.60718;10.20718;18.2;1.015399;.752399;3.39165;0;.206824215039977;.0594855777991571
P11;MO_60;60;5;-.317436;.712538;5.712538;5.9;.60718;.026308;1.88595;0;.206824215039977;.124732299373763
P11;MO_60;60;6;.20634;1.416652;4.516652;4.4;.712538;.317436;2.7144;0;.206824215039977;.313650907796306
P11;MO_60;60;7;.812899;1.41453;7.91453;2.6;1.416652;.20634;6.64695;0;.206824215039977;.178725710812897
P11;MO_60;60;8;-.157094;1.920771;4.420771;5.3;1.41453;.812899;5.25645;0;.206824215039977;.43448778504926
P11;MO_60;60;9;-.771249;1.214125;5.714125;7.2;1.920771;.157094;1.73925;0;.206824215039977;.212477850939558
P11;MO_60;60;10;.038833;1.413131;5.513131;4.2;1.214125;.771249;4.3623;0;.206824215039977;.256320954463081
P11;MO_60;60;11;.773569;1.211087;13.311087;3.7;1.413131;.038833;1.7397;0;.206824215039977;.090983328408867
P11;MO_60;60;12;.84535;1.116026;6.116026;7.9;1.211087;.773569;1.13535;0;.206824215039977;.182475679468989
P11;MO_60;60;13;-.008955;1.519934;6.719934;5.5;1.116026;.84535;2.03265;0;.206824215039977;.226182876200867
P11;MO_60;60;14;-.472758;1.317842;6.917842;15.8;1.519934;.008955;4.45365;0;.206824215039977;.190499002434574
P11;MO_60;60;15;-.208823;1.318806;19.518806;15.3;1.317842;.472758;.6777;0;.206824215039977;.0675659156610297
P11;MO_60;60;16;-.083273;1.71698;14.51698;16.9;1.318806;.208823;0;0;.206824215039977;.118273910964953
P11;MO_60;60;17;-.204601;1.922538;15.222538;11.8;1.71698;.083273;.4581;0;.206824215039977;.12629549684816
P11;MO_60;60;18;-.413493;1.417611;15.117611;16;1.922538;.204601;.07335;0;.206824215039977;.0937721575188037
P11;MO_60;60;19;-.42911;1.114639;7.214639;11.9;1.417611;.413493;2.62305;0;.206824215039977;.154496850084945
P11;MO_60;60;20;.009969;1.31483100000001;19.814831;5.8;1.114639;.42911;2.71035;0;.206824215039977;.0663559028083565
P11;MO_60;60;21;.240473;1.420181;15.520181;17.3;1.31483100000001;.009969;0;0;.206824215039977;.0915054405615501
P11;MO_60;60;22;.220758;1.523899;14.423899;17.7;1.420181;.240473;.07335;0;.206824215039977;.105650975509465
P11;MO_60;60;23;-.055182;1.923904;13.223904;11.7;1.523899;.220758;.38475;0;.206824215039977;.145486839589882
P11;MO_60;60;24;-.447905;1.923832;29.223832;12.1;1.923904;.055182;.45765;0;.206824215039977;.0658309286749253
P11;MO_60;60;25;-.413388;1.817749;6.217749;16.6;1.923832;.447905;3.61215;0;.206824215039977;.292348404543188
P11;MO_60;60;26;.605476;1.932652;4.432652;5.5;1.817749;.413388;.531;0;.206824215039977;.436003548214477
P11;MO_60;60;27;1.03309;1.419319;10.419319;2.6;1.932652;.605476;2.5632;0;.206824215039977;.136219939134218
P11;MO_60;60;28;.561682;1.416786;6.316786;8.3;1.419319;1.03309;2.8017;0;.206824215039977;.224289060924337
P11;MO_60;60;29;-.356325;1.718281;15.018281;20.5;1.416786;.561682;.91575;0;.206824215039977;.114412628182946
P11;MO_60;60;30;-.515275;1.61878599999999;8.11878599999999;9.7;1.718281;.356325;.1647;0;.206824215039977;.199387691706616
P11;MO_60;60;31;.13535;2.335266;8.235266;10.2;1.61878599999999;.515275;0;0;.206824215039977;.28356898247124
P11;MO_60;60;32;.588549;1.51201599999999;13.412016;28.3;2.335266;.13535;.9891;0;.206824215039977;.112735922772534
P11;MO_60;60;33;.228898;2.226356;7.526356;9.7;1.51201599999999;.588549;1.57455;0;.206824215039977;.295807958060979
P11;MO_60;60;34;-.357962;2.326981;9.826981;16.8;2.226356;.228898;.91575;0;.206824215039977;.2367951052312
P11;MO_60;60;35;.008028;2.23144600000001;10.431446;7.5;2.326981;.357962;1.3734;0;.206824215039977;.213915309536186
P11;MO_60;60;36;999;1.81675;11.51675;17.6;2.23144600000001;.008028;.60435;0;.206824215039977;.157748496754727
P11;MO_60;60;37;-.061944;2.335854;9.435854;10.5;1.81675;7.5;.38475;0;.206824215039977;.247550884106515
P11;MO_60;60;38;-.582341;2.225075;36.225075;1000000;2.335854;.061944;.1467;0;.206824215039977;.0614236133396549
P11;MO_60;60;39;-.480497;1.925392;7.325392;10.5;2.225075;.582341;.7686;0;.206824215039977;.262838084296376
P11;MO_60;60;40;.222936;1.81996199999999;21.619962;9.8;1.925392;.480497;.60435;0;.206824215039977;.0841797039236235
P11;MO_60;60;41;.443846;1.71745299999999;13.117453;13.6;1.81996199999999;.222936;.75105;0;.206824215039977;.130928847238865
P11;MO_60;60;42;.239439;2.03033499999999;19.330335;11.7;1.71745299999999;.443846;.7506;0;.206824215039977;.10503361685144
P11;MO_60;60;43;-.213988;3.047196;18.547196;15.8;2.03033499999999;.239439;.2196;0;.206824215039977;.16429416069146
P11;MO_60;60;44;-.528063;2.02188099999999;29.721881;13.8;3.047196;.213988;.38475;0;.206824215039977;.0680266837754983
P11;MO_60;60;45;-.558714;2.02047800000001;11.020478;15.8;2.02188099999999;.528063;.531;0;.206824215039977;.183338508547452
P11;MO_60;60;46;.085095;2.63285099999999;8.53285099999999;10.2;2.02047800000001;.558714;.0729;0;.206824215039977;.308554667132942
P11;MO_60;60;47;.434539;2.022728;14.122728;11.1;2.63285099999999;.085095;1.593;0;.206824215039977;.143225019981975
P11;MO_60;60;48;-.251235;3.64913200000001;9.04913200000001;11;2.022728;.434539;.6039;0;.206824215039977;.403257682615306
P11;MO_60;60;49;-1.00967;2.732766;5.032766;5.2;3.64913200000001;.251235;.9153;0;.206824215039977;.542994846174052
P11;MO_60;60;50;-.652243;1.922241;6.722241;8.4;2.732766;1.00967;2.3301;0;.206824215039977;.285952407835423
P11;MO_60;60;51;.594653;2.31920700000001;5.51920700000001;5.7;1.922241;.652243;1.4283;0;.206824215039977;.420206562283314
P11;MO_60;60;52;.783866;1.52301800000001;8.32301800000001;8.3;2.31920700000001;.594653;4.15665;0;.206824215039977;.182988670696135
P11;MO_60;60;53;.093543;2.02602399999999;35.726024;7.1;1.52301800000001;.783866;1.88595;0;.206824215039977;.0567100330000335
P11;MO_60;60;54;-.308126;2.53164700000001;9.63164700000001;19;2.02602399999999;.093543;1.2816;0;.206824215039977;.262846738465395
P11;MO_60;60;55;.551636;2.94430499999999;5.64430499999999;7;2.53164700000001;.308126;.6039;0;.206824215039977;.521641725597748
P11;MO_60;60;56;.932554;2.022537;10.222537;3.9;2.94430499999999;.551636;2.56365;0;.206824215039977;.197850787920846
P11;MO_60;60;57;.234609;2.22590600000001;23.025906;7.4;2.022537;.932554;2.63655;0;.206824215039977;.0966696381024056
P11;MO_60;60;58;-.241999;2.84120100000001;16.941201;14.5;2.22590600000001;.234609;.6777;0;.206824215039977;.167709538420565
P11;MO_60;60;59;-.16079;2.93632499999998;15.036325;14.9;2.84120100000001;.241999;.1647;0;.206824215039977;.195282091867526
P11;MO_60;60;60;.349287;3.44013999999999;9.44013999999999;12;2.93632499999998;.16079;0;0;.206824215039977;.364416205691864
P11;MO_60;60;61;.584346;2.427536;10.927536;8.6;3.44013999999999;.349287;1.9593;0;.206824215039977;.222148524607926
P11;MO_60;60;62;-.175111;2.72966;8.22966;7.6;2.427536;.584346;1.35495;0;.206824215039977;.331685634643472
P11;MO_60;60;63;-.696105;2.43107599999999;13.531076;6.4;2.72966;.175111;1.51965;0;.206824215039977;.179666125591194
P11;MO_60;60;64;-.295274;2.53697199999999;9.43697199999999;11.3;2.43107599999999;.696105;.0729;0;.206824215039977;.268833265585613
P11;MO_60;60;65;.340014;2.33059700000001;18.130597;8.2;2.53697199999999;.295274;1.35495;0;.206824215039977;.128544967383038
P11;MO_60;60;66;.323246;2.82956000000001;17.62956;14.7;2.33059700000001;.340014;.6957;0;.206824215039977;.160500886011903
P11;MO_60;60;67;-.33315;3.43804899999998;9.13804899999998;13.5;2.82956000000001;.323246;0;0;.206824215039977;.376234467554287
P11;MO_60;60;68;-.8031;3.13854999999998;16.03855;28.2;3.43804899999998;.33315;.9153;0;.206824215039977;.195687889491256
P11;MO_60;60;69;-.128319;3.038681;8.038681;13.1;3.13854999999998;.8031;.531;0;.206824215039977;.378007411912477
P11;MO_60;60;70;.770801;2.83364900000001;7.03364900000001;5.7;3.038681;.128319;1.73925;0;.206824215039977;.402870401977694
P11;MO_60;60;71;.514222;2.023056;6.323056;11.4;2.83364900000001;.770801;2.72835;0;.206824215039977;.319949087909391
P11;MO_60;60;72;-.414279;2.02401800000001;9.12401800000001;4.9;2.023056;.514222;3.3921;0;.206824215039977;.22183406477278
P11;MO_60;60;73;.054455;2.53698699999998;8.23698699999998;6.6;2.02401800000001;.414279;2.2707;0;.206824215039977;.307999393467537
P11;MO_60;60;74;.641574;2.133545;19.833545;5.3;2.53698699999998;.054455;2.41695;0;.206824215039977;.107572549435817
P11;MO_60;60;75;.412997;2.52690200000001;8.42690200000001;19;2.133545;.641574;1.35495;0;.206824215039977;.299861325075337
P11;MO_60;60;76;-.505553;2.22451799999999;7.62451799999999;6.3;2.52690200000001;.412997;1.2087;0;.206824215039977;.29175850853785
P11;MO_60;60;77;-.739326;2.329621;8.929621;11.3;2.22451799999999;.505553;.23805;0;.206824215039977;.260886884224986
P11;MO_60;60;78;-.072813;1.920975;1000001.920975;5.7;2.329621;.739326;3.11265;0;.206824215039977;1.92097130986214E-06
P11;MO_60;60;79;.240608;2.02604700000001;16.626047;43.8;1.920975;.072813;1.593;0;.206824215039977;.121859814302222
P11;MO_60;60;80;.139907;2.031372;33.331372;57.7;2.02604700000001;.240608;.07335;0;.206824215039977;.060944745988854
P11;MO_60;60;81;-.163831;2.63574300000002;56.535743;26.8;2.031372;.139907;.07335;0;.206824215039977;.0466208253422975
P11;MO_60;60;82;-.549609;2.63661199999999;13.736612;1000000;2.63574300000002;.163831;.1467;0;.206824215039977;.191940487217663
P11;MO_60;60;83;-.717511;1.92411799999999;16.224118;16.8;2.63661199999999;.549609;.29295;0;.206824215039977;.118596154194637
P11;MO_60;60;84;-.534757;2.02597;18.42597;13.5;1.92411799999999;.717511;.531;0;.206824215039977;.109951877703046
P12;MO_60;60;1;.051045;.406912;17.406912;26.9;.613825;.210172;.531;0;.205341438302374;.0233764610288143
P12;MO_60;60;2;.33783;.921466;18.821466;17.9;.406912;.051045;.1467;0;.205341438302374;.0489582479919471
P12;MO_60;60;3;.335709;2.943383;12.343383;10.7;.921466;.33783;1.50165;0;.205341438302374;.238458370772421
P12;MO_60;60;4;-1.070861;4.253268;4.453268;8.3;2.943383;.335709;.38475;0;.205341438302374;.955089161487699
P12;MO_60;60;5;-1.43077;.604761;-.405512;-.405512;4.253268;1.070861;0;0;.205341438302374;-1.4913516739332
P12;MO_60;60;6;-1.162648;.304846000000001;-1.517443;-1.517443;.604761;1.43077;3.25935;0;.205341438302374;-.200894531129012
P12;MO_60;60;7;-.058816;1.010671;18.210671;2;.304846000000001;1.162648;4.6143;0;.205341438302374;.0554988336234288
P12;MO_60;60;8;.413112;.303895999999998;10.903896;13;1.010671;.058816;.60435;0;.205341438302374;.0278704052202991
P12;MO_60;60;9;.964336;2.229761;7.329761;9.2;.303895999999998;.413112;3.64365;0;.205341438302374;.304206508234034
P12;MO_60;60;10;.957929;1.010459;12.110459;9.7;2.229761;.964336;1.50165;0;.205341438302374;.0834368870742224
P12;MO_60;60;11;.406839;2.231524;10.131524;10.4;1.010459;.957929;.6777;0;.205341438302374;.220255511411709
P12;MO_60;60;12;-.335999;2.529369;7.229369;10.6;2.231524;.406839;2.2707;0;.205341438302374;.349874103811826
P12;MO_60;60;13;.09165;2.533897;5.633897;9.4;2.529369;.335999;4.06935;0;.205341438302374;.449759198650597
P12;MO_60;60;14;.750469;2.118561;10.618561;10.8;2.533897;.09165;3.0213;0;.205341438302374;.199514887186691
P12;MO_60;60;15;.447928;1.828899;7.428899;14.6;2.118561;.750469;2.4903;0;.205341438302374;.246187086404055
P12;MO_60;60;16;.077806;2.436474;10.836474;10;1.828899;.447928;2.58165;0;.205341438302374;.224840109430429
P12;MO_60;60;17;-.403082;3.033883;29.833883;11.8;2.436474;.077806;1.66635;0;.205341438302374;.101692528592406
P12;MO_60;60;18;-.539562;3.341797;12.141797;26.3;3.033883;.403082;1.2087;0;.205341438302374;.275230841036133
P12;MO_60;60;19;-.191993;2.329628;9.229628;6.8;3.341797;.539562;3.02625;0;.205341438302374;.252407572656233
P12;MO_60;60;20;.369687;3.645245;21.345245;32.5;2.329628;.191993;2.3436;0;.205341438302374;.170775505270612
P12;MO_60;60;21;.232773;2.724987;22.724987;10.5;3.645245;.369687;2.124;0;.205341438302374;.119911487738145
P12;MO_60;60;22;.189068;3.040142;10.540142;19.4;2.724987;.232773;.7506;0;.205341438302374;.288434633992597
P12;MO_60;60;23;.412183;2.53421;7.83421;11;3.040142;.189068;2.72835;0;.205341438302374;.323479967986561
P12;MO_60;60;24;.222359;3.639168;26.839168;21;2.53421;.412183;2.4903;0;.205341438302374;.135591684511234
P12;MO_60;60;25;.170094;3.644188;11.844188;22.6;3.639168;.222359;1.44675;0;.205341438302374;.307677318191842
P12;MO_60;60;26;.165532;3.14670600000001;22.746706;11.4;3.644188;.170094;2.10555;0;.205341438302374;.138336777201939
P12;MO_60;60;27;-.381928;3.339882;10.139882;18.1;3.14670600000001;.165532;.29295;0;.205341438302374;.329380756107418
P12;MO_60;60;28;-.271838;2.848747;10.348747;9.5;3.339882;.381928;1.83105;0;.205341438302374;.275274581550791
P12;MO_60;60;29;.045488;3.238861;14.038861;12.5;2.848747;.271838;1.37295;0;.205341438302374;.230706821586167
P12;MO_60;60;30;-.481343;4.75515799999999;10.555158;19.1;3.238861;.045488;.67725;0;.205341438302374;.45050562009588
P12;MO_60;60;31;-.55727;3.44047499999999;1000003.440475;34.6;4.75515799999999;.481343;1.7397;0;.205341438302374;3.44046316317249E-06
P12;MO_60;60;32;.272264;4.46788799999999;47.667888;11;3.44047499999999;.55727;1.88595;0;.205341438302374;.0937295145109007
P12;MO_60;60;33;.149057;3.64505800000001;11.045058;10.2;4.46788799999999;.272264;1.2816;0;.205341438302374;.330017099050092
P12;MO_60;60;34;-.810176;3.346405;4.946405;32.7;3.64505800000001;.149057;1.593;0;.205341438302374;.67653275459652
P12;MO_60;60;35;-.721302;1.927307;7.427307;8.1;3.346405;.810176;4.81995;0;.205341438302374;.259489341156896
P12;MO_60;60;36;.180405;2.32322699999999;16.023227;16.1;1.927307;.721302;1.2816;0;.205341438302374;.14499120557925
P12;MO_60;60;37;.223996;3.044602;23.544602;12.6;2.32322699999999;.180405;1.44675;0;.205341438302374;.129312103045955
P12;MO_60;60;38;.029222;3.137985;19.137985;17.5;3.044602;.223996;.7506;0;.205341438302374;.163966321428301
P12;MO_60;60;39;-.270402;4.15542600000001;24.155426;20.5;3.137985;.029222;.8424;0;.205341438302374;.1720286779459
P12;MO_60;60;40;-.443913;3.741547;37.841547;27.3;4.15542600000001;.270402;.9891;0;.205341438302374;.0988740497316349
P12;MO_60;60;41;-.272542;4.15579199999999;21.055792;16.6;3.741547;.443913;.60435;0;.205341438302374;.197370490741929
P12;MO_60;60;42;.331351;4.858383;11.958383;15;4.15579199999999;.272542;0;0;.205341438302374;.40627424293067
P12;MO_60;60;43;.697996;3.23658800000001;7.53658800000001;10.9;4.858383;.331351;2.655;0;.205341438302374;.429450037603224
P12;MO_60;60;44;.676268;3.74388099999999;39.643881;12.7;3.23658800000001;.697996;2.124;0;.205341438302374;.0944378023937664
P12;MO_60;60;45;.378204;4.05706799999999;23.057068;11.1;3.74388099999999;.676268;1.575;0;.205341438302374;.175957671634572
P12;MO_60;60;46;.302795;5.88102699999999;1000005.881027;16;4.05706799999999;.378204;.67725;0;.205341438302374;5.88099241372482E-06
P12;MO_60;60;47;-.097469;5.26272600000001;38.462726;11.4;5.88102699999999;.302795;1.20825;0;.205341438302374;.136826651340313
P12;MO_60;60;48;-.75331;5.676041;9.876041;29.2;5.26272600000001;.097469;.3663;0;.205341438302374;.574728375469482
P12;MO_60;60;49;-.409212;1.92179899999999;6.42179899999999;7.3;5.676041;.75331;2.934;0;.205341438302374;.299261780071284
P12;MO_60;60;50;1.062067;3.23834199999999;3.53834199999999;6;1.92179899999999;.409212;1.7397;0;.205341438302374;.915214527029891
P12;MO_60;60;51;1.27676;.914398000000006;-.305999999999994;-.306;3.23834199999999;1.062067;2.3436;0;.205341438302374;-2.98822875817001
P12;MO_60;60;52;1.139813;.408173000000005;-1.727051;-1.727051;.914398000000006;1.27676;.3663;0;.205341438302374;-.236341022934473
P12;MO_60;60;53;.467006;1.61778200000001;11.917782;10.2;.408173000000005;1.139813;.6777;0;.205341438302374;.135745225076278
P12;MO_60;60;54;-.359299;3.338089;18.538089;27.6;1.61778200000001;.467006;.45765;0;.205341438302374;.180066510631166
P12;MO_60;60;55;-.171644;3.33406099999999;15.134061;13.2;3.338089;.359299;1.13535;0;.205341438302374;.220301807954916
P12;MO_60;60;56;.647317;4.76907299999999;8.76907299999999;11;3.33406099999999;.171644;.531;0;.205341438302374;.543851442450074
P12;MO_60;60;57;.779774;2.537994;26.337994;10.4;4.76907299999999;.647317;2.4903;0;.205341438302374;.0963624640509828
P12;MO_60;60;58;.143301;2.72416699999999;11.224167;9.3;2.537994;.779774;1.593;0;.205341438302374;.242705494314187
P12;MO_60;60;59;-.444214;2.837952;28.737952;11.9;2.72416699999999;.143301;2.5083;0;.205341438302374;.0987527573294019
P12;MO_60;60;60;.292281;3.85922300000001;7.25922300000001;8.6;2.837952;.444214;1.7397;0;.205341438302374;.531630313602434
P12;MO_60;60;61;.913901;3.23822000000001;8.63822000000001;14.4;3.85922300000001;.292281;3.16755;0;.205341438302374;.374871211893192
P12;MO_60;60;62;.669327;2.43682799999999;20.136828;9.3;3.23822000000001;.913901;3.0213;0;.205341438302374;.121013498253051
P12;MO_60;60;63;.511399;4.353408;38.653408;49.2;2.43682799999999;.669327;1.7397;0;.205341438302374;.11262675725773
P13;MO_60;60;1;.571771;1.221891;10.321891;4.3;.715002;.658186;12.2274;0;.104981288361038;.118378599425241
P13;MO_60;60;2;.464756;3.654234;13.554234;49.4;1.221891;.571771;1.8126;0;.104981288361038;.269600923224433
P13;MO_60;60;3;.661568;4.44863;10.44863;9.2;3.654234;.464756;.67725;0;.104981288361038;.42576203770255
P13;MO_60;60;4;.691393;2.630905;18.130905;7.9;4.44863;.661568;3.5523;0;.104981288361038;.145106104742152
P13;MO_60;60;5;-.088632;4.053045;10.153045;14.8;2.630905;.691393;1.20825;0;.104981288361038;.399195019819177
P13;MO_60;60;6;.025527;2.531943;18.031943;7.3;4.053045;.088632;5.7357;0;.104981288361038;.140414319189008
P13;MO_60;60;7;.452744;3.037327;37.437327;12.7;2.531943;.025527;1.3734;0;.104981288361038;.081130979249667
P13;MO_60;60;8;.398824;3.753113;30.753113;19.3;3.037327;.452744;.45765;0;.104981288361038;.122040100460724
P13;MO_60;60;9;.722627;3.65033;5.75033;28;3.753113;.398824;1.7397;0;.104981288361038;.63480356779524
P13;MO_60;60;10;.934388;1.725284;25.625284;8.6;3.65033;.722627;5.29155;0;.104981288361038;.0673274099128033
P13;MO_60;60;11;.862624;2.633404;5.633404;19.5;1.725284;.934388;1.57455;0;.104981288361038;.467462301656334
P13;MO_60;60;12;.673347;1.717831;27.717831;7.3;2.633404;.862624;4.4676;0;.104981288361038;.0619756646903576
P13;MO_60;60;13;.114902;2.939048;51.239048;40.3;1.717831;.673347;.45765;0;.104981288361038;.0573595356416458
P13;MO_60;60;14;.163924;2.733941;7.933941;13.5;2.939048;.114902;.8244;0;.104981288361038;.344588017480846
P13;MO_60;60;15;.599182;2.625408;20.025408;23.7;2.733941;.163924;0;0;.104981288361038;.131103845674455
P13;MO_60;60;16;.54607;3.033836;18.933836;12.5;2.625408;.599182;1.28205;0;.104981288361038;.160233562813156
P13;MO_60;60;17;.568093;3.04330100000001;11.243301;47.7;3.033836;.54607;.60435;0;.104981288361038;.270676823470261
P13;MO_60;60;18;.978076;3.55257399999999;5.05257399999999;10.9;3.04330100000001;.568093;.38475;0;.104981288361038;.703121616823424
P13;MO_60;60;19;1.112646;1.41308600000001;.404374000000004;1;3.55257399999999;.978076;1.35495;1;.104981288361038;3.49450261391681
P13;MO_60;60;20;.880785;1.523819;18.123819;22.7;1.41308600000001;1.112646;.531;0;.104981288361038;.0840782508366476
P13;MO_60;60;21;.353263;3.232704;14.632704;11.5;1.523819;.880785;1.35495;0;.104981288361038;.220923214191991
P13;MO_60;60;22;999;3.13735200000001;15.537352;18.3;3.232704;.353263;.91575;0;.104981288361038;.201923210595989
P13;MO_60;60;23;-.046281;3.240937;13.140937;10.6;3.13735200000001;7.5;1.2087;0;.104981288361038;.246629064578881
P13;MO_60;60;24;.484955;3.045731;9.545731;11.1;3.240937;.046281;.07335;0;.104981288361038;.319067340154463
P13;MO_60;60;25;.891416;3.03196;6.93196;18.1;3.045731;.484955;1.28205;0;.104981288361038;.437388559657009
P13;MO_60;60;26;.833227;2.63809999999999;1000002.6381;12;3.03196;.891416;1.8126;0;.104981288361038;2.63809304044674E-06
P13;MO_60;60;27;.35357;3.03990899999999;20.139909;11.6;2.63809999999999;.833227;.98865;0;.104981288361038;.150939559856005
P13;MO_60;60;28;.294292;2.028023;8.628023;6.7;3.03990899999999;.35357;1.7397;0;.104981288361038;.235050717875926
P13;MO_60;60;29;.383841;1.723038;14.423038;10.5;2.028023;.294292;1.2087;0;.104981288361038;.119464290394298
P13;MO_60;60;30;.255429;2.328903;11.728903;40.7;1.723038;.383841;.6957;0;.104981288361038;.198561024846058
P13;MO_60;60;31;.495605;3.033249;10.533249;12.5;2.328903;.255429;.0729;0;.104981288361038;.287968982789641
P13;MO_60;60;32;1.050703;3.84805999999999;5.34805999999999;7.7;3.033249;.495605;.9153;0;.104981288361038;.71952446307633
P13;MO_60;60;33;.886073;1.82208300000001;9.12208300000001;10.9;3.84805999999999;1.050703;.9702;0;.104981288361038;.1997441812358
P13;MO_60;60;34;.109384;2.72892;14.62892;11.1;1.82208300000001;.886073;1.28205;0;.104981288361038;.186542820659351
P13;MO_60;60;35;.114043;2.737182;23.737182;11.1;2.72892;.109384;1.2087;0;.104981288361038;.115312002915932
P13;MO_60;60;36;.207976;2.637062;14.537062;29.4;2.737182;.114043;.67725;0;.104981288361038;.181402679578583
P13;MO_60;60;37;.095801;2.727638;14.327638;20.3;2.637062;.207976;1.2816;0;.104981288361038;.190375971252205
P13;MO_60;60;38;.158354;2.73086500000002;31.430865;30.7;2.727638;.095801;.07335;0;.104981288361038;.0868848184738161
P13;MO_60;60;39;.023797;3.73904400000001;21.439044;25.7;2.73086500000002;.158354;.43965;0;.104981288361038;.174403485528553
P13;MO_60;60;40;.244615;4.96086099999999;1000004.960861;17;3.73904400000001;.023797;.60435;0;.104981288361038;4.96083638998022E-06
P13;MO_60;60;41;1.719556;4.854431;3.64442499999998;14.3;4.96086099999999;.244615;1.35495;1;.104981288361038;1.33201561288819
P13;MO_60;60;42;-1.662761;.909957999999989;-1.72056500000001;-1.720565;4.854431;1.719556;11.18115;0;.104981288361038;-.528871620659483
P13;MO_60;60;43;.811233;.913116000000002;3.713116;-3.137558;.909957999999989;1.662761;7.18425;0;.104981288361038;.245916367816142
P13;MO_60;60;44;-.32734;.812332999999995;5.412333;5.5;.913116000000002;.811233;1.99485;0;.104981288361038;.150089249866923
P13;MO_60;60;45;.338093;3.04771400000001;10.147714;4;.812332999999995;.32734;8.83035;0;.104981288361038;.300335031121296
P13;MO_60;60;46;.877008;2.93598900000001;6.03598900000001;14.1;3.04771400000001;.338093;2.03265;0;.104981288361038;.486413908308979
P13;MO_60;60;47;.693031;1.71807799999999;8.51807799999999;6.8;2.93598900000001;.877008;2.80125;0;.104981288361038;.201697847800876
P13;MO_60;60;48;.24897;2.428924;9.12892399999999;9.9;1.71807799999999;.693031;.67725;0;.104981288361038;.266069035080148
P13;MO_60;60;49;.627759;2.83264199999999;7.73264199999999;5.8;2.428924;.24897;1.5201;0;.104981288361038;.366322661775884
P13;MO_60;60;50;1.11537;2.73111;2.73111;14.5;2.83264199999999;.627759;2.4903;1;.104981288361038;1
P13;MO_60;60;51;1.178295;.706879000000015;-.507247999999985;-.507248;2.73111;1.11537;1.7397;0;.104981288361038;-1.39355699776054
P13;MO_60;60;52;.598739;1.51681500000001;18.916815;6.8;.706879000000015;1.178295;2.94795;0;.104981288361038;.0801834241123577
P13;MO_60;60;53;.34724;2.838852;26.638852;4.8;1.51681500000001;.598739;4.60035;0;.104981288361038;.10656810586282
P13;MO_60;60;54;.507391;2.734848;7.034848;30.1;2.838852;.34724;1.4463;0;.104981288361038;.388757226879671
P13;MO_60;60;55;.865665;3.144913;7.344913;12.9;2.734848;.507391;1.88595;0;.104981288361038;.428175663891458
P13;MO_60;60;56;.884098;2.43672100000001;26.936721;13.5;3.144913;.865665;1.50165;0;.104981288361038;.0904609362067495
P13;MO_60;60;57;.788577;2.02172899999999;16.421729;24.6;2.43672100000001;.884098;.67725;0;.104981288361038;.123113041263803
P13;MO_60;60;58;.87707;2.73266599999999;6.33266599999999;6.9;2.02172899999999;.788577;.531;0;.104981288361038;.431519047428049
P13;MO_60;60;59;.655699;2.33174100000002;19.831741;8.4;2.73266599999999;.87707;2.87505;0;.104981288361038;.117576212799472
P13;MO_60;60;60;.593507;1.91885400000001;5.31885400000001;5.8;2.33174100000002;.655699;.8424;0;.104981288361038;.360764555673084
P13;MO_60;60;61;.851129;2.52853400000001;24.928534;12.6;1.91885400000001;.593507;1.73925;0;.104981288361038;.101431315616073
P13;MO_60;60;62;.539427;2.22891300000001;15.828913;7.7;2.52853400000001;.851129;2.655;0;.104981288361038;.140812764590974
P13;MO_60;60;63;.435624;2.43109100000001;17.931091;8.5;2.22891300000001;.539427;3.8637;0;.104981288361038;.13557964766338
P13;MO_60;60;64;.641183;2.83345;29.83345;37.5;2.43109100000001;.435624;1.4283;0;.104981288361038;.094975606240646
P13;MO_60;60;65;.645636;2.93171700000002;27.731717;10.3;2.83345;.641183;2.10555;0;.104981288361038;.105717110844598
P13;MO_60;60;66;.78784;3.438614;9.238614;9.1;2.93171700000002;.645636;.97065;0;.104981288361038;.372200202324721
P13;MO_60;60;67;.683823;3.13870200000002;37.938702;10.4;3.438614;.78784;2.124;0;.104981288361038;.082730874661975
P14;MO_60;60;1;.261132;.309208;9.209208;7.8;.507031;.164297;.98865;0;.244666784644148;.0335759600608435
P14;MO_60;60;2;.223566;.817803;7.217803;8.1;.309208;.261132;4.15665;0;.244666784644148;.113303591134311
P14;MO_60;60;3;.269215;.506125000000001;56.406125;7.7;.817803;.223566;1.044;0;.244666784644148;.00897287307007884
P14;MO_60;60;4;.327805;1.215344;43.615344;13.2;.506125000000001;.269215;.98865;0;.244666784644148;.0278650559307752
P14;MO_60;60;5;.250166;1.525219;14.825219;14.2;1.215344;.327805;.9891;0;.244666784644148;.10288003165417
P14;MO_60;60;6;-.106386;3.445209;18.945209;17.4;1.525219;.250166;.76905;0;.244666784644148;.18185120048029
P14;MO_60;60;7;-.219755;2.940473;16.940473;15.8;3.445209;.106386;.36585;0;.244666784644148;.173576794461406
P14;MO_60;60;8;-.146622;1.722894;8.422894;11.9;2.940473;.219755;2.3436;0;.244666784644148;.204548935318431
P14;MO_60;60;9;-.293736;1.61519;15.41519;18.8;1.722894;.146622;1.35495;0;.244666784644148;.10477911722139
P14;MO_60;60;10;.347097;4.353182;10.153182;12.4;1.61519;.293736;.7506;0;.244666784644148;.428750513878309
P14;MO_60;60;11;.186083;3.741064;9.041064;24.3;4.353182;.347097;1.8126;0;.244666784644148;.413785811050558
P14;MO_60;60;12;-.384688;1.313019;13.913019;6;3.741064;.186083;2.41695;0;.244666784644148;.0943734066632123
P14;MO_60;60;13;-.402841;2.634502;15.834502;10.1;1.313019;.384688;1.73925;0;.244666784644148;.166377319602473
P14;MO_60;60;14;.34505;3.645527;10.545527;11.1;2.634502;.402841;.67725;0;.244666784644148;.345694150704844
P14;MO_60;60;15;.499851;1.92678;12.32678;12.6;3.645527;.34505;1.5201;0;.244666784644148;.156308460116916
P14;MO_60;60;16;.262702;1.113239;15.213239;11.1;1.92678;.499851;.531;0;.244666784644148;.0731756728465253
P14;MO_60;60;17;-.267798;3.337726;25.437726;29.4;1.113239;.262702;.0729;0;.244666784644148;.131211649972171
P14;MO_60;60;18;-.30903;2.74549099999999;13.945491;17.2;3.337726;.267798;.23805;0;.244666784644148;.196873025123317
P14;MO_60;60;19;.554321;4.343453;7.843453;12.4;2.74549099999999;.30903;.22005;0;.244666784644148;.553767964186182
P14;MO_60;60;20;.833426;2.02269;11.82269;4.4;4.343453;.554321;3.03975;0;.244666784644148;.171085429796434
P14;MO_60;60;21;.266706;2.319866;14.419866;9.6;2.02269;.833426;1.20825;0;.244666784644148;.16087985838426
P14;MO_60;60;22;-.235582;2.131012;20.231012;33.6;2.319866;.266706;.6957;0;.244666784644148;.105333929909191
P14;MO_60;60;23;-.1176;3.439423;11.039423;12.4;2.131012;.235582;.31095;0;.244666784644148;.311558221838225
P14;MO_60;60;24;.764756;4.152222;7.952222;7.9;3.439423;.1176;.8424;0;.244666784644148;.522146137268301
P14;MO_60;60;25;.897437;1.311684;9.211684;13.4;4.152222;.764756;1.7397;0;.244666784644148;.142393508070837
P14;MO_60;60;26;.091163;2.64033499999999;32.340335;7.9;1.311684;.897437;2.2707;0;.244666784644148;.0816421660443527
P14;MO_60;60;27;-.241049;3.239319;14.539319;16.7;2.64033499999999;.091163;.14625;0;.244666784644148;.22279716127007
P14;MO_60;60;28;.518475;4.247292;8.347292;10.5;3.239319;.241049;.29295;0;.244666784644148;.508822741554986
P14;MO_60;60;29;.718164;1.62423699999999;8.924237;16.9;4.247292;.518475;3.03975;0;.244666784644148;.182002898399044
P14;MO_60;60;30;.424855;.810256999999993;19.610257;8.1;1.62423699999999;.718164;1.9593;0;.244666784644148;.0413180204624546
P14;MO_60;60;31;-.008796;2.74108100000001;16.541081;18.1;.810256999999993;.424855;.0729;0;.244666784644148;.165713534683737
P14;MO_60;60;32;.250507;3.93347900000001;11.133479;13;2.74108100000001;.008796;.07335;0;.244666784644148;.3533018744635
P14;MO_60;60;33;.484037;2.926941;14.526941;9.4;3.93347900000001;.250507;1.5012;0;.244666784644148;.20148364339058
P14;MO_60;60;34;-.36026;3.849174;8.049174;10.1;2.926941;.484037;.4392;0;.244666784644148;.478207329099855
P14;MO_60;60;35;-.884183;2.22893499999999;15.228935;4.7;3.849174;.36026;2.2707;0;.244666784644148;.146361843425032
P14;MO_60;60;36;-.604401;1.31893099999999;6.21893099999999;8;2.22893499999999;.884183;1.41435;0;.244666784644148;.212083234240739
P14;MO_60;60;37;.162693;1.721901;8.821901;5.7;1.31893099999999;.604401;3.7719;0;.244666784644148;.195184802005826
P14;MO_60;60;38;.017819;1.82601199999999;14.326012;6.8;1.721901;.162693;2.41695;0;.244666784644148;.127461292088823
P14;MO_60;60;39;-.23961;1.722542;18.822542;13.6;1.82601199999999;.017819;.75105;0;.244666784644148;.09151484427555
P14;MO_60;60;40;-.222339;1.925003;10.825003;13.2;1.722542;.23961;.4581;0;.244666784644148;.177829327160464
P14;MO_60;60;41;.311395;3.132645;34.432645;11.3;1.925003;.222339;1.51965;0;.244666784644148;.090978924215668
P14;MO_60;60;42;.443311;2.436806;13.636806;11.9;3.132645;.311395;.69615;0;.244666784644148;.178693309855695
P14;MO_60;60;43;-.039798;2.633712;10.533712;10.8;2.436806;.443311;.60435;0;.244666784644148;.250026961056084
P14;MO_60;60;44;-.666185;2.43368599999999;9.53368599999999;8.2;2.633712;.039798;.3843;0;.244666784644148;.255272304961585
P14;MO_60;60;45;-.772501;2.23211699999999;12.632117;11.7;2.43368599999999;.666185;1.4283;0;.244666784644148;.176701735742314
P14;MO_60;60;46;-.034843;2.82913200000002;8.22913200000002;9.4;2.23211699999999;.772501;.45765;0;.244666784644148;.343794703985793
P14;MO_60;60;47;.511122;2.321685;13.621685;31.4;2.82913200000002;.034843;1.5012;0;.244666784644148;.17044036769313
P14;MO_60;60;48;.049891;3.037735;10.637735;10.2;2.321685;.511122;.76905;0;.244666784644148;.285562199095954
P14;MO_60;60;49;-.476354;2.32861299999999;17.228613;11.9;3.037735;.049891;.82395;0;.244666784644148;.135159632409178
P14;MO_60;60;50;-.408024;1.924362;10.024362;12.4;2.32861299999999;.476354;.29295;0;.244666784644148;.191968526276286
P14;MO_60;60;51;.226689;2.533737;9.633737;8.5;1.924362;.408024;.7506;0;.244666784644148;.263006660862758
P14;MO_60;60;52;.755279;2.433853;8.133853;27.1;2.533737;.226689;.91575;0;.244666784644148;.299225102789539
P14;MO_60;60;53;.677036;1.818558;8.618558;13.9;2.433853;.755279;1.81305;0;.244666784644148;.211004903604524
P14;MO_60;60;54;.097456;1.31178299999999;7.81178299999999;7.3;1.818558;.677036;1.3734;0;.244666784644148;.167923635359558
P14;MO_60;60;55;-.292212;.70640499999999;16.406405;20.6;1.31178299999999;.097456;.8244;0;.244666784644148;.043056659883746
P14;MO_60;60;56;-.495851;.508347000000015;12.608347;11;.70640499999999;.292212;.75105;0;.244666784644148;.0403182907323232
P14;MO_60;60;57;-.383298;2.63012700000002;11.330127;12;.508347000000015;.495851;.6039;0;.244666784644148;.232135703333248
P14;MO_60;60;58;.201564;2.94390899999999;20.843909;7.8;2.63012700000002;.383298;1.593;0;.244666784644148;.141235936119275
P14;MO_60;60;59;.060953;4.45912200000001;16.059122;13.4;2.94390899999999;.201564;.82395;0;.244666784644148;.277669102955941
P14;MO_60;60;60;-.290508;3.441453;19.741453;54.3;4.45912200000001;.060953;.76905;0;.244666784644148;.174326226139484
P14;MO_60;60;61;.247596;4.554947;10.154947;12.2;3.441453;.290508;.16515;0;.244666784644148;.44854463543729
P14;MO_60;60;62;.552225;1.01490799999999;15.914908;36.3;4.554947;.247596;1.4283;0;.244666784644148;.0637708995867265
P14;MO_60;60;63;.624879;1.52652;12.92652;16.8;1.01490799999999;.552225;.23805;0;.244666784644148;.118092108316856
P14;MO_60;60;64;-.139987;3.85484300000002;13.354843;10.5;1.52652;.624879;1.2087;0;.244666784644148;.288647571521434
P14;MO_60;60;65;-.383732;2.42515600000002;8.92515600000002;17.2;3.85484300000002;.139987;2.5497;0;.244666784644148;.271721413048692
P14;MO_60;60;66;.985881;3.440811;4.040811;5.7;2.42515600000002;.383732;1.50165;0;.244666784644148;.851514955784866
P14;MO_60;60;67;1.4378;.908173000000005;-.202223999999995;-.202224;3.440811;.985881;3.84525;0;.244666784644148;-4.49092590394823
P14;MO_60;60;68;1.288747;.511214999999993;-1.61409000000001;-1.61409;.908173000000005;1.4378;1.73925;0;.244666784644148;-.31672025723472
P14;MO_60;60;69;-.206002;3.24049400000001;20.440494;7.5;.511214999999993;1.288747;2.1789;0;.244666784644148;.158533056979935
P14;MO_60;60;70;-.460487;2.127228;10.227228;9.5;3.24049400000001;.206002;1.062;0;.244666784644148;.207996536304852
P14;MO_60;60;71;.335389;2.83450399999998;6.83450399999998;8.6;2.127228;.460487;.67725;0;.244666784644148;.414734412328969
P14;MO_60;60;72;.949968;2.63378900000001;15.833789;5.1;2.83450399999998;.335389;.82395;0;.244666784644148;.166339781337241
P14;MO_60;60;73;.387822;3.142853;13.742853;11.8;2.63378900000001;.949968;1.13535;0;.244666784644148;.228689996174739
P14;MO_60;60;74;-.042791;1.324265;10.024265;15.4;3.142853;.387822;1.44675;0;.244666784644148;.13210594492464
P15;MO_60;60;1;.335513;.919624;13.219624;4.4;.917037;.320684;3.25935;0;.500104069200005;.0695650647855037
P15;MO_60;60;2;.534337;2.94708;12.34708;10.7;.919624;.335513;3.2409;0;.500104069200005;.238686393868024
P15;MO_60;60;3;1.423303;3.45285;3.044545;14.3;2.94708;.534337;6.9444;1;.500104069200005;1.13411035146467
P15;MO_60;60;4;1.026588;3.139718;13.139718;-.916071;3.45285;1.423303;13.8753;0;.500104069200005;.238948659324348
P15;MO_60;60;5;-.683635;3.645975;2.124923;31.1;3.139718;1.026588;9.06795;1;.500104069200005;1.71581511424179
P15;MO_60;60;6;-1.110797;3.735638;-2.026205;-2.026205;3.645975;.683635;19.4067;0;.500104069200005;-1.84366241323065
P15;MO_60;60;7;1.325298;3.554685;-6.266356;-6.266356;3.735638;1.110797;9.92295;0;.500104069200005;-.567265089950204
P15;MO_60;60;8;-.63169;1.313511;4.313511;2.3;3.554685;1.325298;15.78555;0;.500104069200005;.304510872929268
P15;MO_60;60;9;.116933;2.633213;16.333213;3.9;1.313511;.63169;8.29935;0;.500104069200005;.161218310200204
P15;MO_60;60;10;-.387234;4.150986;2.228726;8.8;2.633213;.116933;5.42475;1;.500104069200005;1.86249274249055
P15;MO_60;60;11;-.582988;3.44846;-2.428585;-2.428585;4.150986;.387234;15.25635;0;.500104069200005;-1.41994618265369
P15;MO_60;60;12;1.450679;4.263187;-6.38298400000001;-6.382984;3.44846;.582988;11.1006;0;.500104069200005;-.667898744537037
P15;MO_60;60;13;.787612;3.34169;29.24169;-11.154385;4.263187;1.450679;2.87505;0;.500104069200005;.114278278717817
P15;MO_60;60;14;-1.362544;5.35717;3.336201;15.1;3.34169;.787612;6.12045;1;.500104069200005;1.60576955645059
P15;MO_60;60;15;1.253431;3.941792;-2.524551;-2.524551;5.35717;1.362544;10.00395;0;.500104069200005;-1.56138339055143
P15;MO_60;60;16;-.401699;3.046989;9.546989;3;3.941792;1.253431;18.00045;0;.500104069200005;.319157066170287
P15;MO_60;60;17;1.45215;4.763413;3.95560499999999;5.4;3.046989;.401699;9.288;1;.500104069200005;1.20421857086337
P15;MO_60;60;18;-1.340463;4.349053;-1.313255;-1.313255;4.763413;1.45215;8.0064;0;.500104069200005;-3.31165919794709
P15;MO_60;60;19;.761117;3.846817;7.046817;-6.17054;4.349053;1.340463;7.98705;0;.500104069200005;.545894266872547
P15;MO_60;60;20;.359518;3.338966;14.338966;9.2;3.846817;.761117;14.4333;0;.500104069200005;.232859607868517
P15;MO_60;60;21;.882205;5.064392;45.664392;10.9;3.338966;.359518;5.29155;0;.500104069200005;.110904619073873
P15;MO_60;60;22;.920786;7.707917;4.664238;11.9;5.064392;.882205;2.5632;1;.500104069200005;1.65255653763809
P15;MO_60;60;23;-1.232337;4.25954399999999;6.95954399999999;-3.551781;7.707917;.920786;23.8491;0;.500104069200005;.61204354768071
P15;MO_60;60;24;.500003;3.742974;1.11378500000001;1.9;4.25954399999999;1.232337;12.63825;1;.500104069200005;3.36058934174905
P15;MO_60;60;25;1.610115;3.851463;2.84062899999999;6.1;3.742974;.500003;12.3093;1;.500104069200005;1.35584865183029
P15;MO_60;60;26;-.048744;3.85283600000001;8.45283600000001;-1.520371;3.851463;1.610115;10.935;0;.500104069200005;.45580394556336
P15;MO_60;60;27;.887758;3.23227700000001;4.13227700000001;5.5;3.85283600000001;.048744;12.45555;0;.500104069200005;.782202403178684
P15;MO_60;60;28;-.283014;4.96886499999999;15.968865;-.100212;3.23227700000001;.887758;7.72695;0;.500104069200005;.311159559555422
P15;MO_60;60;29;-1.210229;5.77361299999998;3.646492;6.7;4.96886499999999;.283014;8.757;1;.500104069200005;1.58333351615744
P15;MO_60;60;30;.059595;4.16184999999999;3.24935899999999;-2.637878;5.77361299999998;1.210229;20.03805;0;.500104069200005;1.28082184824761
P15;MO_60;60;31;.645085;4.25817799999999;4.55817799999999;-1.421082;4.16184999999999;.059595;36.25335;0;.500104069200005;.934184228873905
P15;MO_60;60;32;.514904;3.45105000000001;5.45105000000001;-.303573;4.25817799999999;.645085;34.00605;0;.500104069200005;.633098210436522
P15;MO_60;60;33;1.491198;3.64248699999999;3.13459799999998;1.5;3.45105000000001;.514904;31.8141;1;.500104069200005;1.16202683725314
P15;MO_60;60;34;-1.548581;4.348206;-.912169999999995;-.91217;3.64248699999999;1.491198;17.66475;0;.500104069200005;-4.7668811734655
P15;MO_60;60;35;-1.71513;3.34304799999998;3.14019699999998;-5.765854;4.348206;1.548581;14.4846;0;.500104069200005;1.06459817648383
P15;MO_60;60;36;-1.62472;3.041123;.508590999999999;-.707001;3.34304799999998;1.71513;30.5352;0;.500104069200005;5.97950612574742
P15;MO_60;60;37;.777002;2.93807899999999;11.138079;2.4;3.041123;1.62472;17.064;0;.500104069200005;.263786870249348
P15;MO_60;60;38;-1.755906;3.14180000000002;1.92691100000002;9.8;2.93807899999999;.777002;8.29935;1;.500104069200005;1.63048526890966
P15;MO_60;60;39;.799773;3.346847;10.646847;-1.720978;3.14180000000002;1.755906;17.2071;0;.500104069200005;.31435099987818
P15;MO_60;60;40;-.136;3.644195;7.544195;5.1;3.346847;.799773;10.58805;0;.500104069200005;.483046236212081
P15;MO_60;60;41;-1.098714;3.84558100000001;2.73275700000002;18.7;3.644195;.136;12.3822;1;.500104069200005;1.40721659481614
P15;MO_60;60;42;-.936086;2.73523;-1.618546;-1.618546;3.84558100000001;1.098714;15.8265;0;.500104069200005;-1.6899303448898
P15;MO_60;60;43;1.580702;2.639206;-4.865143;-4.865143;2.73523;.936086;4.06935;0;.500104069200005;-.542472441200598
P15;MO_60;60;44;-.329899;3.84681700000002;5.64681700000002;-8.011521;2.639206;1.580702;3.47895;0;.500104069200005;.681236349610764
P15;MO_60;60;45;-1.07743;2.72822600000001;2.92822600000001;5.6;3.84681700000002;.329899;17.7075;0;.500104069200005;.931699260917703
P15;MO_60;60;46;.175812;3.145005;18.745005;-.403152;2.72822600000001;1.07743;14.2857;0;.500104069200005;.167778296138091
P15;MO_60;60;47;.876453;2.947586;12.547586;9.4;3.145005;.175812;3.25935;0;.500104069200005;.23491259593678
P15;MO_60;60;48;.229798;4.44691500000002;8.34691500000002;16.5;2.947586;.876453;3.9915;0;.500104069200005;.532761505298665
P15;MO_60;60;49;1.182115;3.24292;3.14254700000001;4.5;4.44691500000002;.229798;9.19665;1;.500104069200005;1.03194001553517
P15;MO_60;60;50;-1.282597;4.25439399999999;-.605469000000009;-.605469;3.24292;1.182115;.3843;0;.500104069200005;-7.02660912449676
P15;MO_60;60;51;.020513;3.96669;8.66669;-5.266312;4.25439399999999;1.282597;6.28065;0;.500104069200005;.457693767747548
P16;MO_60;60;1;.413577;.918403;4.718403;3.6;1.120839;.284719;5.43825;0;.209569040378846;.194642763663892
P16;MO_60;60;2;1.140251;2.233925;1.930199;4.2;.918403;.413577;.82395;1;.209569040378846;1.1573547597942
P16;MO_60;60;3;.446396;3.242941;10.142941;-.808055;2.233925;1.140251;1.13535;0;.209569040378846;.31972393411339
P16;MO_60;60;4;.118813;4.254623;8.454623;16.6;3.242941;.446396;.9153;0;.209569040378846;.503230362844091
P16;MO_60;60;5;.767095;3.447584;12.147584;5.1;4.254623;.118813;1.7397;0;.209569040378846;.283808204166359
P16;MO_60;60;6;-.183206;3.642535;16.142535;7.9;3.447584;.767095;3.0942;0;.209569040378846;.225648264042791
P16;MO_60;60;7;-.207964;4.864508;17.964508;11.2;3.642535;.183206;1.83105;0;.209569040378846;.27078437104985
P16;MO_60;60;8;-1.065517;4.964691;5.364691;11.9;4.864508;.207964;.98865;0;.209569040378846;.925438389648164
P16;MO_60;60;9;-1.13222;2.631019;9.931019;-.302216;4.964691;1.065517;.3843;0;.209569040378846;.264929409560086
P16;MO_60;60;10;.062339;2.732994;7.632994;7.6;2.631019;1.13222;1.20825;0;.209569040378846;.358050065282378
P16;MO_60;60;11;.948604;2.838734;4.338734;6.1;2.732994;.062339;2.72835;0;.209569040378846;.654277031041774
P16;MO_60;60;12;1.045241;2.940991;.407741999999999;.8;2.838734;.948604;.6777;1;.209569040378846;7.21287235555819
P16;MO_60;60;13;.12537;2.727039;17.627039;8.7;2.940991;1.045241;2.41695;0;.209569040378846;.154707719203435
P16;MO_60;60;14;.015686;4.152611;10.552611;11.8;2.727039;.12537;.31095;0;.209569040378846;.39351502675499
P16;MO_60;60;15;.427481;5.062538;1000005.062538;5.6;4.152611;.015686;2.124;0;.209569040378846;5.06251237083875E-06
P16;MO_60;60;16;.072916;6.384613;15.084613;50.2;5.062538;.427481;.8973;0;.209569040378846;.423253350947751
P16;MO_60;60;17;.56863;4.352165;30.052165;7.8;6.384613;.072916;1.4283;0;.209569040378846;.144820348217841
P16;MO_60;60;18;.050175;6.48120899999999;16.081209;24.4;4.352165;.56863;.0733500000000005;0;.209569040378846;.403029958754966
P16;MO_60;60;19;-.68954;4.263069;44.463069;9.9;6.48120899999999;.050175;.6957;0;.209569040378846;.0958788742180617
P16;MO_60;60;20;-.406684;4.66016400000001;11.160164;1000000;4.263069;.68954;1.2087;0;.209569040378846;.417571283002652
P16;MO_60;60;21;.997063;5.977684;20.277684;5.6;4.66016400000001;.406684;2.19735;0;.209569040378846;.294791259199029
P16;MO_60;60;22;-.895671;5.36978900000001;6.06978900000001;13.9;5.977684;.997063;1.1349;0;.209569040378846;.884674739105429
P16;MO_60;60;23;-1.753341;2.03995499999999;-.101479000000008;-.101479;5.36978900000001;.895671;1.34145;0;.209569040378846;-20.1022379014361
P16;MO_60;60;24;-.953561;1.82147999999999;6.32147999999999;-2.649468;2.03995499999999;1.753341;1.72575;0;.209569040378846;.288141384612463
P16;MO_60;60;25;.896533;2.635818;3.835818;4.9;1.82147999999999;.953561;1.7397;0;.209569040378846;.687159296921804
P16;MO_60;60;26;1.468318;2.62403800000001;.10135600000001;.2;2.635818;.896533;.89685;1;.209569040378846;25.8893208098164
P16;MO_60;60;27;.805702;3.24030999999999;11.04031;-3.02932;2.62403800000001;1.468318;2.8017;0;.209569040378846;.293498099238155
P16;MO_60;60;28;.75943;3.350098;6.350098;6.8;3.24030999999999;.805702;.6777;0;.209569040378846;.527566346220169
P16;MO_60;60;29;1.195367;3.54615;2.23033099999999;3.1;3.350098;.75943;.97065;1;.209569040378846;1.58996579431484
P16;MO_60;60;30;.607366;3.34326899999999;8.64326899999999;-1.720337;3.54615;1.195367;1.5012;0;.209569040378846;.386806079968122
P16;MO_60;60;31;-.857323;3.23507700000002;5.13507700000002;7;3.34326899999999;.607366;.67725;0;.209569040378846;.629995811163106
P16;MO_60;60;32;-.797542;2.32308900000001;.604399999999998;1.2;3.23507700000002;.857323;2.8611;1;.209569040378846;3.84362839179354
P16;MO_60;60;33;1.035842;2.937287;3.237287;4.3;2.32308900000001;.797542;2.72835;0;.209569040378846;.907329810424593
P16;MO_60;60;34;1.498787;2.939483;-.307557000000005;-.307557;2.937287;1.035842;2.5821;0;.209569040378846;-9.55752267059424
P16;MO_60;60;35;.388193;3.039672;16.539672;-3.752549;2.939483;1.498787;1.6479;0;.209569040378846;.183780669894784
P16;MO_60;60;36;-.39914;3.33985899999999;15.739859;16.2;3.039672;.388193;.23805;0;.209569040378846;.212191163847147
P16;MO_60;60;37;-.135701;3.55389500000001;18.253895;11.5;3.33985899999999;.39914;.89685;0;.209569040378846;.194692420439583
P16;MO_60;60;38;.430134;3.950714;12.050714;14;3.55389500000001;.135701;0;0;.209569040378846;.327840657408349
P16;MO_60;60;39;.758969;4.257431;39.957431;27.2;3.950714;.430134;.531;0;.209569040378846;.106549167287557
P16;MO_60;60;40;.34594;4.15501399999999;13.855014;21.9;4.257431;.758969;.2196;0;.209569040378846;.299892443269995
P16;MO_60;60;41;-.072313;4.55041500000002;12.450415;8.6;4.15501399999999;.34594;2.05065;0;.209569040378846;.365482997956295
P16;MO_60;60;42;.518165;6.37219200000001;27.072192;8.5;4.55041500000002;.072313;.8973;0;.209569040378846;.235377763278275
P16;MO_60;60;43;-.97585;8.09205700000001;8.99205700000001;19.3;6.37219200000001;.518165;.07335;0;.209569040378846;.89991166648521
P16;MO_60;60;44;-1.654886;3.24319500000001;1.4210854715202E-14;0;8.09205700000001;.97585;1.4283;0;.209569040378846;228219559273280
P16;MO_60;60;45;-.836981;2.33131399999999;6.23131399999999;-3.646775;3.24319500000001;1.654886;2.76975;0;.209569040378846;.374128795307056
P16;MO_60;60;46;.996104;1.92515499999999;2.32515499999999;3.3;2.33131399999999;.836981;3.11265;0;.209569040378846;.827968458016777
P16;MO_60;60;47;-1.685445;2.531937;-.306458000000001;-.306458;1.92515499999999;.996104;4.00995;0;.209569040378846;-8.26193801434452
P16;MO_60;60;48;-1.594785;1.318634;-3.342667;-3.342667;2.531937;1.685445;5.25645;0;.209569040378846;-.394485600869007
P16;MO_60;60;49;.584789;1.41847200000001;3.81847200000001;-5.166016;1.318634;1.594785;3.9015;0;.209569040378846;.371476339226792
P16;MO_60;60;50;-.742098;.909530000000018;8.60953000000002;2.9;1.41847200000001;.584789;3.186;0;.209569040378846;.105642235987332
P16;MO_60;60;51;-.998848;1.92752100000001;.50482199999999;6.8;.909530000000018;.742098;5.13135;1;.209569040378846;3.81821909504746
P16;MO_60;60;52;.269257;2.73443600000002;6.23443600000002;7;1.92752100000001;.998848;1.44675;0;.209569040378846;.438601984205149
P16;MO_60;60;53;1.32312;2.743515;1.72460899999999;3.6;2.73443600000002;.269257;.07335;1;.209569040378846;1.5908040605146
P16;MO_60;60;54;1.230915;2.53457599999999;-1.52505500000001;-1.525055;2.743515;1.32312;.60435;0;.209569040378846;-1.66195710974357
P17;MO_60;60;1;.62138;.509308;8.709308;12.7;.71403;.293103;1.8126;0;.186041611224837;.0584785840620173
P17;MO_60;60;2;.643568;1.0131;8.5131;6.4;.509308;.62138;6.13395;0;.186041611224837;.119004827853543
P17;MO_60;60;3;.652432;1.516453;27.316453;5.9;1.0131;.643568;1.8126;0;.186041611224837;.0555142719298146
P17;MO_60;60;4;.445137;1.419892;8.319892;7.8;1.516453;.652432;1.13535;0;.186041611224837;.170662311481928
P17;MO_60;60;5;-.00243;1.822772;12.322772;24.3;1.419892;.445137;.98865;0;.186041611224837;.147918990954308
P17;MO_60;60;6;.19066;1.918756;10.618756;6.1;1.822772;.00243;2.72835;0;.186041611224837;.180694989130554
P17;MO_60;60;7;.30409;1.52523;8.42523;10.2;1.918756;.19066;.0728999999999995;0;.186041611224837;.181031259680745
P17;MO_60;60;8;-.162874;2.123368;15.723368;8.7;1.52523;.30409;.8973;0;.186041611224837;.135045366870508
P17;MO_60;60;9;-.508567;2.534775;12.634775;12;2.123368;.162874;1.4283;0;.186041611224837;.200618926731976
P17;MO_60;60;10;-.170008;2.323044;6.223044;10.2;2.534775;.508567;1.20825;0;.186041611224837;.373297055267486
P17;MO_60;60;11;.394333;.810441999999998;9.810442;21;2.323044;.170008;2.124;0;.186041611224837;.0826101413167723
P17;MO_60;60;12;.517303;1.82818;12.12818;8.9;.810441999999998;.394333;2.0511;0;.186041611224837;.150738198146795
P17;MO_60;60;13;-.033207;2.434159;14.434159;8.3;1.82818;.517303;4.00995;0;.186041611224837;.168638782488124
P17;MO_60;60;14;-.013729;3.3428;14.4428;9.9;2.434159;.033207;2.3436;0;.186041611224837;.231450965186806
P17;MO_60;60;15;.066725;3.659668;23.159668;18.3;3.3428;.013729;1.35495;0;.186041611224837;.158019018234631
P17;MO_60;60;16;.198613;4.261803;13.561803;18.4;3.659668;.066725;1.2087;0;.186041611224837;.314250472448243
P17;MO_60;60;17;-.015904;5.068447;13.768447;19.8;4.261803;.198613;.31095;0;.186041611224837;.368120456867793
P17;MO_60;60;18;-.316279;3.143131;28.143131;34.2;5.068447;.015904;1.66635;0;.186041611224837;.111683771077212
P17;MO_60;60;19;.01691;3.340656;9.340656;24.5;3.143131;.316279;.9153;0;.186041611224837;.357646829087807
P17;MO_60;60;20;.479947;2.932343;13.532343;11.6;3.340656;.01691;.8973;0;.186041611224837;.216691448036752
P17;MO_60;60;21;-.15414;3.446793;15.146793;10.2;2.932343;.479947;1.1349;0;.186041611224837;.227559259573957
P17;MO_60;60;22;-.056579;2.343064;13.243064;8.7;3.446793;.15414;3.68505;0;.186041611224837;.176927635477711
P17;MO_60;60;23;.800989;3.353408;5.253408;42.5;2.343064;.056579;1.2816;0;.186041611224837;.638330013583563
P17;MO_60;60;24;.980372;.710578999999996;4.810579;7.4;3.353408;.800989;4.1418;0;.186041611224837;.147711741143841
P17;MO_60;60;25;.400887;1.21294400000001;5.81294400000001;5.7;.710578999999996;.980372;6.92595;0;.186041611224837;.208662598504305
P17;MO_60;60;26;999;2.535813;6.235813;5.5;1.21294400000001;.400887;4.76055;0;.186041611224837;.406653150118517
P17;MO_60;60;27;-.242806;2.023521;10.423521;8.3;2.535813;7.5;7.1091;0;.186041611224837;.194130275172852
P17;MO_60;60;28;.424898;2.93510500000001;8.13510500000001;19.2;2.023521;.242806;1.3734;0;.186041611224837;.360794974373411
P17;MO_60;60;29;.609859;2.632409;22.232409;10.4;2.93510500000001;.424898;2.63655;0;.186041611224837;.118404127955724
P17;MO_60;60;30;.407761;3.25033500000001;14.550335;34.6;2.632409;.609859;.67725;0;.186041611224837;.223385578407646
P17;MO_60;60;31;-.076407;3.245285;14.945285;11.1;3.25033500000001;.407761;1.2816;0;.186041611224837;.217144403736697
P17;MO_60;60;32;-.374869;3.543548;17.243548;10.4;3.245285;.076407;1.04355;0;.186041611224837;.205499935396126
P17;MO_60;60;33;.157582;3.844414;10.144414;12.9;3.543548;.374869;0;0;.186041611224837;.378968563388679
P17;MO_60;60;34;.774655;3.029793;8.829793;7.7;3.844414;.157582;.7506;0;.186041611224837;.343132959062574
P17;MO_60;60;35;.324377;3.144165;12.244165;8.3;3.029793;.774655;2.72835;0;.186041611224837;.256788845952337
P17;MO_60;60;36;-.218754;3.648186;13.648186;25.1;3.144165;.324377;2.4354;0;.186041611224837;.267301896383886
P17;MO_60;60;37;.190003;3.151169;4.751169;9.5;3.648186;.218754;3.168;0;.186041611224837;.663240772955035
P17;MO_60;60;38;.685159;2.835159;13.935159;6.2;3.151169;.190003;2.8017;0;.186041611224837;.203453652735502
P17;MO_60;60;39;.401147;3.74854300000001;13.748543;40.5;2.835159;.685159;1.30005;0;.186041611224837;.272650200097567
P17;MO_60;60;40;.197314;3.050308;13.050308;19.6;3.74854300000001;.401147;.8973;0;.186041611224837;.233734560134519
P17;MO_60;60;41;.122065;3.24560499999998;11.945605;15.1;3.050308;.197314;2.4903;0;.186041611224837;.27169867076636
P17;MO_60;60;42;.878545;4.04676899999998;6.34676899999998;9.2;3.24560499999998;.122065;1.13535;0;.186041611224837;.637610885160622
P17;MO_60;60;43;.850865;.910583000000003;4.710583;6.5;4.04676899999998;.878545;2.45475;0;.186041611224837;.193305796755944
P17;MO_60;60;44;.110157;1.72683699999999;5.92683699999999;5.7;.910583000000003;.850865;5.7357;0;.186041611224837;.291358949132563
P17;MO_60;60;45;.761098;3.140274;5.140274;15.3;1.72683699999999;.110157;1.593;0;.186041611224837;.610915682704852
P17;MO_60;60;46;.963756;.809554999999989;5.30955499999999;7.3;3.140274;.761098;2.2167;0;.186041611224837;.15247134646877
P17;MO_60;60;47;.326602;2.122467;8.922467;6.7;.809554999999989;.963756;4.92525;0;.186041611224837;.237878940880364
P17;MO_60;60;48;.215467;2.32341;11.02341;6.2;2.122467;.326602;3.5523;0;.186041611224837;.210770532893179
P17;MO_60;60;49;.282248;2.944671;8.344671;9.6;2.32341;.215467;1.51965;0;.186041611224837;.352880419132162
P17;MO_60;60;50;.353555;2.232269;7.732269;11.8;2.944671;.282248;.6777;0;.186041611224837;.288695207060179
P17;MO_60;60;51;-.01016;2.63398799999999;13.833988;8.7;2.232269;.353555;3.465;0;.186041611224837;.190399760358328
P17;MO_60;60;52;.162682;3.233811;1000003.233811;11.5;2.63398799999999;.01016;.8424;0;.186041611224837;3.23380054250023E-06
P17;MO_60;60;53;.304552;3.73869299999998;16.638693;1000000;3.233811;.162682;.3114;0;.186041611224837;.224698718823647
P17;MO_60;60;54;.273726;3.24800099999999;12.248001;12.3;3.73869299999998;.304552;1.20825;0;.186041611224837;.265186212835873
P17;MO_60;60;55;-.179674;2.93936099999999;52.539361;9;3.24800099999999;.273726;1.44675;0;.186041611224837;.0559458840772728
P17;MO_60;60;56;-.048718;2.73165900000001;7.73165900000001;49.7;2.93936099999999;.179674;2.05065;0;.186041611224837;.353308261525761
P17;MO_60;60;57;.434165;2.53741400000001;10.737414;19.2;2.73165900000001;.048718;.8973;0;.186041611224837;.23631518725086
P17;MO_60;60;58;.18351;3.033905;21.133905;10.6;2.53741400000001;.434165;1.66635;0;.186041611224837;.143556290235998
P17;MO_60;60;59;.27644;3.85270700000001;16.452707;17.6;3.033905;.18351;0;0;.186041611224837;.234168577851657
P17;MO_60;60;60;.391907;4.153977;23.853977;11.9;3.85270700000001;.27644;.6777;0;.186041611224837;.174141905142275
P17;MO_60;60;61;-.124709;3.841858;11.141858;18.3;4.153977;.391907;.3843;0;.186041611224837;.344813046441626
P17;MO_60;60;62;-.409744;2.929001;23.129001;15.7;3.841858;.124709;1.73925;0;.186041611224837;.126637592345644
P17;MO_60;60;63;.240052;2.730987;6.630987;8.2;2.929001;.409744;1.66635;0;.186041611224837;.411852262717451
P17;MO_60;60;64;1.155518;3.34431499999999;3.141526;20.4;2.730987;.240052;1.6659;1;.186041611224837;1.06455111305779
P17;MO_60;60;65;1.006696;.708983999999987;3.60898399999999;-.71228;3.34431499999999;1.155518;12.3372;0;.186041611224837;.196449748738146
P17;MO_60;60;66;.022375;1.01535000000001;5.81535000000001;8.5;.708983999999987;1.006696;2.27025;0;.186041611224837;.17459826149759
P17;MO_60;60;67;-.027688;1.819717;8.719717;4.5;1.01535000000001;.022375;7.23735;0;.186041611224837;.208689915051142
P17;MO_60;60;68;.081764;2.53149400000001;8.33149400000001;10.5;1.819717;.027688;3.33225;0;.186041611224837;.303846344965262
P18;MO_60;60;1;-.341075;2.136102;14.836102;6.2;2.995427;.453495;8.68365;0;.115587117279956;.143980002294403
P18;MO_60;60;2;.374478;2.131309;4.931309;6.7;2.136102;.341075;3.9231;0;.115587117279956;.432199442379295
P18;MO_60;60;3;.823625;2.431699;20.831699;3.3;2.131309;.374478;5.82255;0;.115587117279956;.116730709290682
P18;MO_60;60;4;.347236;3.63936;13.23936;15.3;2.431699;.823625;5.95575;0;.115587117279956;.274889420636647
P18;MO_60;60;5;-.032308;3.948584;16.548584;7.9;3.63936;.347236;5.80905;0;.115587117279956;.238605550783076
P18;MO_60;60;6;-.294639;4.864958;10.864958;8.5;3.948584;.032308;4.4541;0;.115587117279956;.447765927857245
P18;MO_60;60;7;-.743182;4.559422;20.659422;5.5;4.864958;.294639;6.57315;0;.115587117279956;.220694557669619
P18;MO_60;60;8;-.242898;4.046204;10.946204;6.4;4.559422;.743182;8.83035;0;.115587117279956;.369644490455321
P18;MO_60;60;9;.527181;5.969826;17.969826;6.8;4.046204;.242898;4.92525;0;.115587117279956;.332213901236439
P18;MO_60;60;10;.934979;4.867336;19.067336;9.5;5.969826;.527181;4.5414;0;.115587117279956;.255270898881732
P18;MO_60;60;11;.632815;4.767064;12.867064;8.9;4.867336;.934979;5.36535;0;.115587117279956;.370485761165096
P18;MO_60;60;12;.335158;4.459263;12.359263;18.5;4.767064;.632815;6.77925;0;.115587117279956;.360803310035558
P18;MO_60;60;13;.731816;4.760735;8.860735;7.5;4.459263;.335158;4.0104;0;.115587117279956;.537284435207689
P18;MO_60;60;14;-.678241;5.162521;7.762521;11.2;4.760735;.731816;6.0426;0;.115587117279956;.665057266833803
P18;MO_60;60;15;-1.110557;3.351097;3.551097;7.2;5.162521;.678241;7.8417;0;.115587117279956;.943679375697144
P18;MO_60;60;16;-.653255;1.724769;7.424769;-.404427;3.351097;1.110557;6.70635;0;.115587117279956;.232299348302957
P18;MO_60;60;17;999;2.935097;5.835097;14.4;1.724769;.653255;4.46805;0;.115587117279956;.503007405018288
P18;MO_60;60;18;-.768372;4.455398;11.355398;12.2;2.935097;7.5;8.46405;0;.115587117279956;.392359475202895
P18;MO_60;60;19;-1.37025;4.160072;3.653656;11.7;4.455398;.768372;6.2073;1;.115587117279956;1.13860527646828
P18;MO_60;60;20;-.636541;1.823334;4.723334;-1.013557;4.160072;1.37025;13.74165;0;.115587117279956;.386026903877642
P18;MO_60;60;21;.976659;1.72282399999999;2.42282399999999;9.8;1.823334;.636541;5.47605;0;.115587117279956;.711080953465872
P18;MO_60;60;22;.985005;1.925087;15.025087;-.103118;1.72282399999999;.976659;11.78775;0;.115587117279956;.128124848794553
P18;MO_60;60;23;.415768;3.64033499999999;15.340335;15.6;1.925087;.985005;2.7828;0;.115587117279956;.237304791583756
P18;MO_60;60;24;.529044;4.35849800000001;6.75849800000001;15.4;3.64033499999999;.415768;3.5523;0;.115587117279956;.644891512877566
P18;MO_60;60;25;1.434233;3.84947299999999;2.73258299999999;15.2;4.35849800000001;.529044;6.86655;1;.115587117279956;1.4087304941881
P18;MO_60;60;26;1.02916;1.720528;6.220528;-1.621017;3.84947299999999;1.434233;11.3013;0;.115587117279956;.27658873973399
P18;MO_60;60;27;-.330672;2.832543;14.732543;10.9;1.720528;1.02916;5.4243;0;.115587117279956;.19226436332139
P18;MO_60;60;28;-1.009629;3.739586;4.339586;11;2.832543;.330672;2.8746;0;.115587117279956;.861737963022279
P18;MO_60;60;29;.172662;3.43658400000001;8.53658400000001;-.205857;3.739586;1.009629;11.7783;0;.115587117279956;.402571332982843
P18;MO_60;60;30;1.093151;3.657646;3.957646;11.8;3.43658400000001;.172662;5.65785;0;.115587117279956;.924197363786453
P18;MO_60;60;31;.879723;3.55104099999998;7.35104099999998;-.30455;3.657646;1.093151;6.50025;0;.115587117279956;.483066411954442
P18;MO_60;60;32;.097331;2.94825699999998;10.948257;9.2;3.55104099999998;.879723;6.4269;0;.115587117279956;.269290079690309
P18;MO_60;60;33;.626225;4.05015499999999;7.45015499999999;7.1;2.94825699999998;.097331;4.1427;0;.115587117279956;.54363365594407
P18;MO_60;60;34;.738429;2.43073999999999;13.23074;11.7;4.05015499999999;.626225;1.8126;0;.115587117279956;.183719126821326
P18;MO_60;60;35;1.611266;4.96002200000001;3.33813499999999;47.3;2.43073999999999;.738429;5.58945;1;.115587117279956;1.4858662097249
P18;MO_60;60;36;1.632608;1.31063900000001;-2.12774599999999;-2.127746;4.96002200000001;1.611266;10.98225;0;.115587117279956;-.615975309082953
P18;MO_60;60;37;.753531;2.02641299999999;6.82641299999999;-3.943664;1.31063900000001;1.632608;4.92525;0;.115587117279956;.296848872167563
P18;MO_60;60;38;.361042;3.44193999999999;27.24194;9.7;2.02641299999999;.753531;5.058;0;.115587117279956;.126347095691422
P18;MO_60;60;39;.807147;4.250473;8.250473;36.2;3.44193999999999;.361042;3.62565;0;.115587117279956;.515179311537654
P18;MO_60;60;40;.346827;3.55174300000002;8.45174300000002;10;4.250473;.807147;8.46405;0;.115587117279956;.420237931986338
P18;MO_60;60;41;.14828;2.12609899999998;8.92609899999998;5.3;3.55174300000002;.346827;5.1453;0;.115587117279956;.238189045404939
P18;MO_60;60;42;-.318919;3.658218;9.95821800000001;6.4;2.12609899999998;.14828;6.2667;0;.115587117279956;.367356689720992
P18;MO_60;60;43;-.564615;5.980774;10.280774;9.5;3.658218;.318919;4.9851;0;.115587117279956;.581743553549567
P18;MO_60;60;44;-.215958;5.36779799999999;12.667798;5.1;5.980774;.564615;5.27805;0;.115587117279956;.423735680028999
P18;MO_60;60;45;.579222;5.770309;20.270309;40.1;5.36779799999999;.215958;4.00995;0;.115587117279956;.284668033427611
P18;MO_60;60;46;.136544;5.17205800000002;39.172058;11.1;5.770309;.579222;3.64365;0;.115587117279956;.132034370009358
P18;MO_60;60;47;.95535;4.46258600000002;5.06258600000002;14.1;5.17205800000002;.136544;3.1725;0;.115587117279956;.881483494798904
P18;MO_60;60;48;1.493591;1.21890299999998;-.204101000000017;-.204101;4.46258600000002;.95535;2.58165;0;.115587117279956;-5.97205795169979
P18;MO_60;60;49;.764942;2.83715799999999;11.637158;-1.931213;1.21890299999998;1.493591;6.5736;0;.115587117279956;.243801622354873
P18;MO_60;60;50;.546058;3.442902;6.442902;11.1;2.83715799999999;.764942;6.79815;0;.115587117279956;.534371312802833
P18;MO_60;60;51;.995246;3.444413;4.344413;9.7;3.442902;.546058;6.11595;0;.115587117279956;.792837375267959
P18;MO_60;60;52;.984363;1.21762099999998;8.71762099999998;0;3.444413;.995246;4.68765;0;.115587117279956;.139673541669222
P18;MO_60;60;53;.776299;2.22612000000001;3.62612000000001;12.2;1.21762099999998;.984363;4.6737;0;.115587117279956;.613912391206028
P18;MO_60;60;54;.658074;2.53743;17.63743;7.6;2.22612000000001;.776299;7.41555;0;.115587117279956;.143866198193274
P19;MO_60;60;1;-.131998;1.227438;16.827438;4.6;1.327599;.780934;6.77925;0;.266466205813571;.0729426547285451
P19;MO_60;60;2;.384;2.030398;17.830398;11.5;1.227438;.131998;1.57455;0;.266466205813571;.113872836714021
P19;MO_60;60;3;-.011121;2.24059;6.54059;8;2.030398;.384;1.062;0;.266466205813571;.342566954968894
P19;MO_60;60;4;-.959495;2.339702;3.739702;4.6;2.24059;.011121;.97065;0;.266466205813571;.625638620403444
P19;MO_60;60;5;-.754863;1.513666;5.113666;6.7;2.339702;.959495;.43965;0;.266466205813571;.296004080047465
P19;MO_60;60;6;.420513;1.525065;11.425065;4.6;1.513666;.754863;4.15665;0;.266466205813571;.133484142103349
P19;MO_60;60;7;.654073;2.530115;7.230115;8.1;1.525065;.420513;5.74965;0;.266466205813571;.349941183508146
P19;MO_60;60;8;.437061;2.120556;10.020556;12.3;2.530115;.654073;2.8746;0;.266466205813571;.211620592709626
P19;MO_60;60;9;-.117043;2.432105;11.732105;8.9;2.120556;.437061;1.8126;0;.266466205813571;.20730337820877
P19;MO_60;60;10;-.21552;2.927613;10.927613;11.4;2.432105;.117043;1.51965;0;.266466205813571;.267909652364153
P19;MO_60;60;11;-.841037;2.441616;3.941616;6.9;2.927613;.21552;.4581;0;.266466205813571;.61944542542957
P19;MO_60;60;12;-1.030071;1.417057;.406669000000001;.3;2.441616;.841037;4.8933;1;.266466205813571;3.4845464001436
P19;MO_60;60;13;.184784;2.436669;13.436669;4.7;1.417057;1.030071;4.6143;0;.266466205813571;.181344721671718
P19;MO_60;60;14;.412655;2.330563;7.530563;8.7;2.436669;.184784;3.8637;0;.266466205813571;.309480579340482
P19;MO_60;60;15;.520369;1.922238;27.222238;13.1;2.330563;.412655;3.0213;0;.266466205813571;.070612783563203
P19;MO_60;60;16;.207527;2.026813;26.026813;8.1;1.922238;.520369;2.94795;0;.266466205813571;.077874037055555
P19;MO_60;60;17;-.228348;2.63522;14.73522;23.4;2.026813;.207527;.75105;0;.266466205813571;.178838184974503
P19;MO_60;60;18;-.22155;2.43557;13.33557;14;2.63522;.228348;.0918;0;.266466205813571;.182637112624357
P19;MO_60;60;19;-.080745;2.32909799999999;40.229098;22.1;2.43557;.22155;.6039;0;.266466205813571;.0578958543887807
P19;MO_60;60;20;-.10537;2.833637;33.133637;37.9;2.32909799999999;.080745;.07335;0;.266466205813571;.0855214596574472
P19;MO_60;60;21;-.231726;4.24947;30.04947;29.9;2.833637;.10537;0;0;.266466205813571;.141415805336999
P19;MO_60;60;22;-.294105;3.042282;22.342282;25.2;4.24947;.231726;.07335;0;.266466205813571;.136167021793029
P19;MO_60;60;23;-.165395;3.64688899999999;16.646889;18.6;3.042282;.294105;0;0;.266466205813571;.219073305528738
P19;MO_60;60;24;.250444;3.13387299999999;10.133873;12.2;3.64688899999999;.165395;0;0;.266466205813571;.309247313440773
P19;MO_60;60;25;999;2.12838000000001;15.72838;6.3;3.13387299999999;.250444;2.0322;0;.266466205813571;.135320993007545
P19;MO_60;60;26;.158;2.530739;24.730739;12.1;2.12838000000001;7.5;2.1789;0;.266466205813571;.102331717624775
P19;MO_60;60;27;-.067401;2.63029499999999;21.330295;21.7;2.530739;.158;0;0;.266466205813571;.123312640542477
P19;MO_60;60;28;-.03663;3.13546699999999;24.235467;18;2.63029499999999;.067401;.1467;0;.266466205813571;.129375142637028
P19;MO_60;60;29;.135903;3.139343;21.739343;20.7;3.13546699999999;.03663;0;0;.266466205813571;.144408365974997
P19;MO_60;60;30;.325025;3.25466900000001;25.654669;18.4;3.139343;.135903;.14625;0;.266466205813571;.126864587494776
P19;MO_60;60;31;-.008534;4.768051;17.868051;21.6;3.25466900000001;.325025;.6777;0;.266466205813571;.266847850389502
P19;MO_60;60;32;-.687158;3.439919;7.439919;11.8;4.768051;.008534;.0729;0;.266466205813571;.462359738056288
P19;MO_60;60;33;-.658893;2.53821600000001;8.43821600000001;21.3;3.439919;.687158;2.403;0;.266466205813571;.300800074328508
P19;MO_60;60;34;.568397;2.634224;5.234224;5.5;2.53821600000001;.658893;1.88595;0;.266466205813571;.503269252519571
P19;MO_60;60;35;1.096271;1.61912500000001;13.519125;2.2;2.634224;.568397;3.2409;0;.266466205813571;.119765517368913
P19;MO_60;60;36;.460288;1.621101;5.421101;7.5;1.61912500000001;1.096271;5.4657;0;.266466205813571;.299035380451314
P19;MO_60;60;37;-.688904;1.817565;9.017565;4;1.621101;.460288;3.3921;0;.266466205813571;.20155829206665
P19;MO_60;60;38;-.423867;1.62236799999999;8.022368;6.3;1.817565;.688904;2.93445;0;.266466205813571;.202230563344886
P19;MO_60;60;39;.388569;2.23710699999999;21.037107;7;1.62236799999999;.423867;1.44675;0;.266466205813571;.106341000214525
P19;MO_60;60;40;.533795;1.620217;31.720217;8.9;2.23710699999999;.388569;2.8746;0;.266466205813571;.0510783706177042
P19;MO_60;60;41;.263504;2.63479600000001;42.934796;29.3;1.620217;.533795;1.13535;0;.266466205813571;.0613673813659208
P19;MO_60;60;42;-.058173;1.830101;18.130101;39.9;2.63479600000001;.263504;.531;0;.266466205813571;.100942680903984
P19;MO_60;60;43;-.134655;2.632721;13.932721;15.6;1.830101;.058173;0;0;.266466205813571;.188959572218521
P19;MO_60;60;44;.167181;2.63142400000001;10.531424;11.7;2.632721;.134655;.0729;0;.266466205813571;.249864025985471
P19;MO_60;60;45;.476637;2.22833200000002;11.628332;20.4;2.63142400000001;.167181;1.13535;0;.266466205813571;.191629547556779
P19;MO_60;60;46;.286224;2.125137;11.325137;9.1;2.22833200000002;.476637;2.19735;0;.266466205813571;.187647796225335
P19;MO_60;60;47;-.190814;1.82244900000001;12.222449;10.8;2.125137;.286224;1.7397;0;.266466205813571;.149106697029377
P19;MO_60;60;48;-.110207;2.035797;8.135797;9.8;1.82244900000001;.190814;0;0;.266466205813571;.250227113582111
P19;MO_60;60;49;.601312;2.03095999999999;4.53095999999999;5.8;2.035797;.110207;.36585;0;.266466205813571;.44824054946413
P19;MO_60;60;50;.964295;1.92164599999998;10.621646;13.2;2.03095999999999;.601312;3.2409;0;.266466205813571;.180917910463216
P19;MO_60;60;51;.42488;1.523529;16.423529;6.4;1.92164599999998;.964295;3.69855;0;.266466205813571;.09276502023408
P19;MO_60;60;52;-.293008;2.83566299999998;15.735663;49.4;1.523529;.42488;.76905;0;.266466205813571;.180206134307781
P19;MO_60;60;53;-.184294;2.33080999999999;10.33081;12;2.83566299999998;.293008;0;0;.266466205813571;.225617352366367
P19;MO_60;60;54;.391034;2.22907999999998;6.92907999999998;8.5;2.33080999999999;.184294;.0729;0;.266466205813571;.321699273207985
P19;MO_60;60;55;.637035;2.134827;9.934827;13.8;2.22907999999998;.391034;1.20825;0;.266466205813571;.21488315800567
P19;MO_60;60;56;.16405;1.52423100000001;21.924231;6.7;2.134827;.637035;2.7828;0;.266466205813571;.0695226664962621
P19;MO_60;60;57;-.225353;2.637238;13.737238;18.1;1.52423100000001;.16405;.2196;0;.266466205813571;.19197731014051
P19;MO_60;60;58;.009445;2.135651;9.135651;10.6;2.637238;.225353;.0729;0;.266466205813571;.233771079915378
P19;MO_60;60;59;.521369;2.12814299999999;7.828143;9.3;2.135651;.009445;0;0;.266466205813571;.271857961715823
P19;MO_60;60;60;.398587;2.32624800000002;9.12624800000002;32.1;2.12814299999999;.521369;3.62565;0;.266466205813571;.254896426220284
P19;MO_60;60;61;-.198424;1.72676100000001;10.426761;6.4;2.32624800000002;.398587;2.87505;0;.266466205813571;.165608572019634
P19;MO_60;60;62;-.123265;1.82402000000002;8.52402000000002;9.7;1.72676100000001;.198424;.1467;0;.266466205813571;.213985889286981
P19;MO_60;60;63;.524082;3.235016;9.235016;10;1.82402000000002;.123265;1.062;0;.266466205813571;.350298905816731
P19;MO_60;60;64;.452196;2.02771000000001;12.42771;9.7;3.235016;.524082;4.15665;0;.266466205813571;.163160389162606
P19;MO_60;60;65;-.12535;2.73419100000001;19.334191;12.2;2.02771000000001;.452196;.82395;0;.266466205813571;.141417398845393
P19;MO_60;60;66;-.232944;2.72711200000001;14.127112;15.8;2.73419100000001;.12535;0;0;.266466205813571;.193041012204052
P19;MO_60;60;67;.307091;3.24014299999999;8.44014299999999;10.6;2.72711200000001;.232944;.0729;0;.266466205813571;.38389669464131
P19;MO_60;60;68;.377959;2.740769;18.440769;15.3;3.24014299999999;.307091;3.4056;0;.266466205813571;.148625526408362
P19;MO_60;60;69;-.163945;2.53433200000001;42.134332;14.3;2.740769;.377959;.29295;0;.266466205813571;.0601488591298898
P19;MO_60;60;70;-.756203;2.734726;7.634726;13.1;2.53433200000001;.163945;0;0;.266466205813571;.358195696872422
P19;MO_60;60;71;-.7463;1.61673000000002;7.71673000000002;9.4;2.734726;.756203;.81045;0;.266466205813571;.209509727565953
P19;MO_60;60;72;.309703;2.12403899999998;4.62403899999998;5.7;1.61673000000002;.7463;1.66635;0;.266466205813571;.459347120558453
P19;MO_60;60;73;1.056398;1.51776100000001;11.617761;2.5;2.12403899999998;.309703;3.18645;0;.266466205813571;.13064143770904
P19;MO_60;60;74;.720747;1.30985999999999;6.50985999999999;7;1.51776100000001;1.056398;3.5523;0;.266466205813571;.20121170040523
P19;MO_60;60;75;-.178762;1.522232;13.722232;6.9;1.30985999999999;.720747;1.66635;0;.266466205813571;.110931807595149
P20;MO_60;60;1;1.383495;.814782;.411392999999999;.8;1.625336;.422423;.98865;1;.171158496761115;1.98054415121308
P20;MO_60;60;2;1.824609;.409135000000001;-.911540999999999;-.911541;.814782;1.383495;1.1691;0;.171158496761115;-.448838834457256
P20;MO_60;60;3;1.57187;.608869;-1.83118;-1.83118;.409135000000001;1.824609;11.9367;0;.171158496761115;-.332500901058334
P20;MO_60;60;4;1.160209;.606678;-2.944244;-2.944244;.608869;1.57187;5.80905;0;.171158496761115;-.20605561223866
P20;MO_60;60;5;.720386;.710880000000001;11.01088;9.9;.606678;1.160209;2.05065;0;.171158496761115;.0645615972565318
P20;MO_60;60;6;.50865;1.316707;4.916707;5.6;.710880000000001;.720386;.45765;0;.171158496761115;.26780261667006
P20;MO_60;60;7;.793957;1.621049;9.521049;3.3;1.316707;.50865;4.6872;0;.171158496761115;.170259495566087
P20;MO_60;60;8;.733865;2.231698;6.031698;11.6;1.621049;.793957;4.0104;0;.171158496761115;.369994983170577
P20;MO_60;60;9;.560632;2.835686;13.435686;9.2;2.231698;.733865;2.7099;0;.171158496761115;.21105628696592
P20;MO_60;60;10;.895548;2.131437;2.731437;7.8;2.835686;.560632;3.6117;0;.171158496761115;.780335405868779
P20;MO_60;60;11;1.589652;1.016695;-.204886000000001;-.204886;2.131437;.895548;4.3929;0;.171158496761115;-4.96224729849768
P20;MO_60;60;12;1.137728;1.221317;-1.72938;-1.72938;1.016695;1.589652;10.1853;0;.171158496761115;-.706216678809747
P20;MO_60;60;13;.070773;3.339681;6.439681;4.1;1.221317;1.137728;3.9915;0;.171158496761115;.518609695107568
P20;MO_60;60;14;-.442029;.609219000000003;4.209219;5.8;3.339681;.070773;3.67695;0;.171158496761115;.144734450737774
P20;MO_60;60;15;.56197;2.028724;9.128724;3.2;.609219000000003;.442029;12.60225;0;.171158496761115;.222235221483309
P20;MO_60;60;16;.622287;2.329162;1000002.329162;7.2;2.028724;.56197;7.47495;0;.171158496761115;2.32915657501701E-06
P20;MO_60;60;17;.537861;3.040665;10.540665;29.1;2.329162;.622287;2.637;0;.171158496761115;.288469939989555
P20;MO_60;60;18;.882157;3.240711;4.240711;15.9;3.040665;.537861;5.7357;0;.171158496761115;.764190485982186
P20;MO_60;60;19;1.279614;1.114833;4.44089209850063E-15;0;3.240711;.882157;4.10265;0;.171158496761115;251038074169016
P20;MO_60;60;20;.679394;1.825474;3.825474;5.8;1.114833;1.279614;8.9037;0;.171158496761115;.477188970569399
P20;MO_60;60;21;.806185;1.81756600000001;7.71756600000001;13.9;1.825474;.679394;2.41695;0;.171158496761115;.23551026320993
P20;MO_60;60;22;.81391;2.324672;3.324672;13.7;1.81756600000001;.806185;5.49765;0;.171158496761115;.699218449218449
P20;MO_60;60;23;1.340127;1.212814;.102008999999995;.1;2.324672;.81391;1.66635;1;.171158496761115;11.8892842788387
P20;MO_60;60;24;1.008448;2.734787;3.334787;-1.620594;1.212814;1.340127;8.226;0;.171158496761115;.820078463781945
P20;MO_60;60;25;1.201871;1.416626;-.100100999999999;-.100101;2.734787;1.008448;1.66635;0;.171158496761115;-14.1519665138212
P20;MO_60;60;26;1.060288;2.524266;2.724266;10.1;1.416626;1.201871;7.98795;0;.171158496761115;.926585729881003
P20;MO_60;60;27;1.618136;.407073999999994;-.404267000000006;-.404267;2.524266;1.060288;8.15175;0;.171158496761115;-1.00694343095031
P20;MO_60;60;28;1.428726;.505217999999999;-1.319535;-1.319535;.407073999999994;1.618136;5.382;0;.171158496761115;-.382875785788175
P20;MO_60;60;29;.881672;2.132316;4.432316;-2.335465;.505217999999999;1.428726;2.1834;0;.171158496761115;.481083929936403
P20;MO_60;60;30;.987141;2.42923;8.52923;4.6;2.132316;.881672;3.5523;0;.171158496761115;.284812345311359
P20;MO_60;60;31;.613805;3.24951899999999;6.94951899999999;16.3;2.42923;.987141;3.68505;0;.171158496761115;.467589051846609
P20;MO_60;60;32;999;2.33696;6.73696;13.5;3.24951899999999;.613805;2.0322;0;.171158496761115;.346886429487484
P20;MO_60;60;33;1.066067;2.743393;2.843393;10.7;2.33696;7.5;10.35;0;.171158496761115;.964830749741594
P20;MO_60;60;34;1.731721;.505583999999999;-.408463000000001;-.408463;2.743393;1.066067;3.48525;0;.171158496761115;-1.23777184224764
P20;MO_60;60;35;1.096069;1.72353299999999;6.22353299999999;-1.419144;.505583999999999;1.731721;15.71895;0;.171158496761115;.276938035035725
P20;MO_60;60;36;.547938;2.538101;9.038101;8.9;1.72353299999999;1.096069;1.28205;0;.171158496761115;.280822376293427
P20;MO_60;60;37;.926791;3.44105500000001;17.141055;5.6;2.538101;.547938;3.3327;0;.171158496761115;.200749312104769
P20;MO_60;60;38;.588277;3.240318;13.240318;10.7;3.44105500000001;.926791;3.186;0;.171158496761115;.244731131080084
P20;MO_60;60;39;.833367;3.951561;5.851561;25.4;3.240318;.588277;3.6117;0;.171158496761115;.675300317299948
P20;MO_60;60;40;.098811;3.33866900000001;6.33866900000001;10.8;3.951561;.833367;3.4056;0;.171158496761115;.526714520035674
P20;MO_60;60;41;-.662934;.808211999999997;5.708212;9.7;3.33866900000001;.098811;4.0833;0;.171158496761115;.141587593453081
P20;MO_60;60;42;.451116;2.734101;15.434101;4.3;.808211999999997;.662934;9.89235;0;.171158496761115;.177146760928933
P20;MO_60;60;43;.688154;3.145866;20.245866;11.7;2.734101;.451116;2.655;0;.171158496761115;.155383128585362
P20;MO_60;60;44;.517979;4.05407699999999;17.454077;23;3.145866;.688154;3.16755;0;.171158496761115;.232271061941573
P20;MO_60;60;45;1.207455;3.14216599999999;2.940147;28.1;4.05407699999999;.517979;5.73615;1;.171158496761115;1.06871051005273
P20;MO_60;60;46;1.604685;.508002999999988;-.710221000000012;-.710221;3.14216599999999;1.207455;1.3734;0;.171158496761115;-.71527454130472
P20;MO_60;60;47;1.529883;1.11792;-1.724533;-1.724533;.508002999999988;1.604685;1.57455;0;.171158496761115;-.648245061126693
P20;MO_60;60;48;.972675;3.64009899999999;4.34009899999999;-3.349045;1.11792;1.529883;5.58945;0;.171158496761115;.838713356538641
P20;MO_60;60;49;1.363967;.711440999999994;-.100448000000006;-.100448;3.64009899999999;.972675;2.27025;0;.171158496761115;-7.08267959541207
P20;MO_60;60;50;.62513;2.74487300000001;48.144873;-1.31784;.711440999999994;1.363967;7.26885;0;.171158496761115;.0570127789100204
P20;MO_60;60;51;1.244788;3.64613399999999;3.44332900000001;9.4;2.74487300000001;.62513;5.73615;1;.171158496761115;1.05889794440205
P20;MO_60;60;52;1.749967;.404419000000019;-.708343999999981;-.708344;3.64613399999999;1.244788;5.50755;0;.171158496761115;-.57093587296572
P20;MO_60;60;53;1.307922;1.01350399999998;-1.62173500000002;-1.621735;.404419000000019;1.749967;13.7205;0;.171158496761115;-.624950438881795
P20;MO_60;60;54;.54609;2.432815;5.832815;10.9;1.01350399999998;1.307922;3.46545;0;.171158496761115;.417091061520038
P20;MO_60;60;55;.348589;2.4272;8.4272;19.6;2.432815;.54609;3.7899;0;.171158496761115;.288019745585722
P20;MO_60;60;56;.65252;2.43202199999999;3.63202199999999;9.8;2.4272;.348589;7.695;0;.171158496761115;.66960552551719
P20;MO_60;60;57;1.266302;.403395999999987;.100097000000005;.2;2.43202199999999;.65252;1.04355;1;.171158496761115;4.03005085067451
P20;MO_60;60;58;.992669;2.026443;18.526443;-.707047;.403395999999987;1.266302;9.2268;0;.171158496761115;.10938111541433
P20;MO_60;60;59;.717855;2.12190200000001;4.42190200000001;7;2.026443;.992669;5.18625;0;.171158496761115;.47986183321114
P20;MO_60;60;60;.770544;3.25971999999999;13.45972;13;2.12190200000001;.717855;6.65145;0;.171158496761115;.242183344081451
P20;MO_60;60;61;1.462817;4.06196599999998;3.45138499999999;17.6;3.25971999999999;.770544;5.8824;1;.171158496761115;1.17690898001816
P20;MO_60;60;62;-1.787505;.706970000000013;-1.11529599999999;-1.115296;4.06196599999998;1.462817;7.3935;0;.171158496761115;-.633885533526543
P20;MO_60;60;63;1.458849;.810043000000007;-2.32772899999999;-2.327729;.706970000000013;1.787505;3.9915;0;.171158496761115;-.347997125094893
P20;MO_60;60;64;.757372;1.51672299999998;5.31672299999998;-3.644898;.810043000000007;1.458849;3.1725;0;.171158496761115;.285274030638795
P20;MO_60;60;65;-.10748;3.25187699999998;5.95187699999998;11.5;1.51672299999998;.757372;1.30005;0;.171158496761115;.546361593157922
P20;MO_60;60;66;-.77122;.909926999999982;5.50992699999998;3;3.25187699999998;.10748;7.0173;0;.171158496761115;.165143204256605
P20;MO_60;60;67;-.153568;1.51828;16.91828;4.5;.909926999999982;.77122;7.71345;0;.171158496761115;.0897419832276094
P20;MO_60;60;68;.515244;2.639297;1000002.639297;17.7;1.51828;.153568;1.593;0;.171158496761115;2.63929003412973E-06
P20;MO_60;60;69;.759922;3.544464;9.84446400000001;26.1;2.639297;.515244;3.25935;0;.171158496761115;.360046417966483
P20;MO_60;60;70;1.114746;3.75860600000001;3.85860600000001;21;3.544464;.759922;3.4056;0;.171158496761115;.97408390491281
P20;MO_60;60;71;.805951;3.347351;23.747351;-.40332;3.75860600000001;1.114746;3.9915;0;.171158496761115;.140956816615041
P20;MO_60;60;72;1.773091;3.345001;2.635819;13.7;3.347351;.805951;9.36135;1;.171158496761115;1.26905565215214
P20;MO_60;60;73;-1.122602;.506134000000003;-1.212478;-1.212478;3.345001;1.773091;13.7916;0;.171158496761115;-.417437677219713
P20;MO_60;60;74;-1.753268;.605056999999988;-2.22462400000001;-2.224624;.506134000000003;1.122602;9.7308;0;.171158496761115;-.271981692187078
P20;MO_60;60;75;.462984;.508271000000008;6.60827100000001;5.7;.605056999999988;1.753268;4.68765;0;.171158496761115;.0769143698858608
P20;MO_60;60;76;-.331702;1.01022300000002;7.31022300000002;4.4;.508271000000008;.462984;9.37935;0;.171158496761115;.13819318507794
P20;MO_60;60;77;-.178541;2.531983;7.431983;9;1.01022300000002;.331702;4.6143;0;.171158496761115;.34068740469401
P20;MO_60;60;78;1.004112;3.14335700000001;3.44335700000001;29.2;2.531983;.178541;8.66565;0;.171158496761115;.912875719828063
P20;MO_60;60;79;1.593632;.909805000000006;-.302977999999994;-.302978;3.14335700000001;1.004112;4.3227;0;.171158496761115;-3.0028747961899
P20;MO_60;60;80;.722885;1.621002;12.121002;-1.715011;.909805000000006;1.593632;4.248;0;.171158496761115;.133734983295935
P20;MO_60;60;81;.240583;1.93125999999998;8.33125999999998;5.7;1.621002;.722885;3.63015;0;.171158496761115;.231808874047861
P20;MO_60;60;82;.194642;3.04380800000001;11.043808;15.2;1.93125999999998;.240583;3.4056;0;.171158496761115;.275612180146559
P20;MO_60;60;83;1.013126;2.93023699999998;3.33023699999998;8.5;3.04380800000001;.194642;6.41295;0;.171158496761115;.879888428361104
P20;MO_60;60;84;1.480557;1.11593599999998;-.304444000000023;-.304444;2.93023699999998;1.013126;2.3841;0;.171158496761115;-3.66548856275668
P20;MO_60;60;85;-.044693;3.33976800000002;12.839768;-1.927582;1.11593599999998;1.480557;9.5994;0;.171158496761115;.260111241885369
P21;MO_60;60;1;-.822608;1.435555;5.135555;-.204724;1.021979;1.037512;3.186;0;.473401118617707;.279532591900973
P21;MO_60;60;2;.136793;.820622999999999;3.320623;4.2;1.435555;.822608;3.0213;0;.473401118617707;.247129228461045
P21;MO_60;60;3;1.345737;1.417446;1.012428;1.9;.820622999999999;.136793;2.71035;1;.473401118617707;1.40004622550937
P21;MO_60;60;4;1.584742;1.221201;-.912089000000001;-.912089;1.417446;1.345737;2.0322;0;.473401118617707;-1.33890552347413
P21;MO_60;60;5;.611586;1.519945;6.319945;-2.637884;1.221201;1.584742;4.85235;0;.473401118617707;.240499719538699
P21;MO_60;60;6;-.632464;2.020631;13.820631;20.5;1.519945;.611586;1.96425;0;.473401118617707;.146203961309726
P21;MO_60;60;7;-.56469;2.83287;25.53287;7.5;2.020631;.632464;4.2894;0;.473401118617707;.110949924548239
P21;MO_60;60;8;.061683;3.543488;11.843488;7.7;2.83287;.56469;3.09465;0;.473401118617707;.299192940458081
P21;MO_60;60;9;-.541692;3.541999;6.241999;17.8;3.543488;.061683;1.51965;0;.473401118617707;.567446262006771
P21;MO_60;60;10;-1.611165;3.140478;1.321359;2.4;3.541999;.541692;2.78325;1;.473401118617707;2.37670307615114
P21;MO_60;60;11;-1.606705;1.618392;-2.327874;-2.327874;3.140478;1.611165;4.38075;0;.473401118617707;-.695223195069836
P21;MO_60;60;12;-.264353;1.314503;5.014503;-4.457386;1.618392;1.606705;5.58945;0;.473401118617707;.262140236031367
P21;MO_60;60;13;1.314626;2.232762;1.625618;3.8;1.314503;.264353;1.88595;1;.473401118617707;1.37348503769028
P21;MO_60;60;14;1.318174;1.425766;-1.115349;-1.115349;2.232762;1.314626;3.9366;0;.473401118617707;-1.27831378339874
P21;MO_60;60;15;.61038;1.823593;19.623593;-2.948349;1.425766;1.318174;4.1562;0;.473401118617707;.0929285987535514
P21;MO_60;60;16;.02348;3.137215;14.637215;20.5;1.823593;.61038;3.11265;0;.473401118617707;.21433141482174
P21;MO_60;60;17;.066286;2.934006;9.634006;16.4;3.137215;.02348;1.66635;0;.473401118617707;.304546831297386
P21;MO_60;60;18;.822785;4.048794;24.548794;7.7;2.934006;.066286;2.56365;0;.473401118617707;.164928427848635
P21;MO_60;60;19;.56647;2.835728;30.535728;11.2;4.048794;.822785;2.5632;0;.473401118617707;.0928659044906347
P21;MO_60;60;20;.052401;4.347592;14.547592;13.5;2.835728;.56647;2.2707;0;.473401118617707;.29885303354672
P21;MO_60;60;21;-.181238;4.144932;31.044932;22.8;4.347592;.052401;1.3734;0;.473401118617707;.133513966144297
P21;MO_60;60;22;.443003;4.96979499999999;10.769795;10.4;4.144932;.181238;1.66635;0;.473401118617707;.461456787246182
P21;MO_60;60;23;.955651;1.81732199999999;13.117322;3.8;4.96979499999999;.443003;2.41695;0;.473401118617707;.138543675302016
P21;MO_60;60;24;.77825;1.62039100000001;8.72039100000001;9.1;1.81732199999999;.955651;2.2707;0;.473401118617707;.185816324061617
P21;MO_60;60;25;-.759402;3.850403;5.950403;10;1.62039100000001;.77825;1.3734;0;.473401118617707;.647082727001852
P21;MO_60;60;26;-.701221;3.34082100000001;12.540821;8.4;3.850403;.759402;4.36275;0;.473401118617707;.266395716835446
P21;MO_60;60;27;.528854;4.159828;26.759828;7.6;3.34082100000001;.701221;2.19735;0;.473401118617707;.155450475989607
P21;MO_60;60;28;-.024988;4.151757;11.251757;41.4;4.159828;.528854;3.47895;0;.473401118617707;.368987439028411
P21;MO_60;60;29;-.797943;4.55214699999999;7.35214699999999;9.5;4.151757;.024988;4.0833;0;.473401118617707;.61915886611081
P21;MO_60;60;30;-.6505;3.535782;10.335782;11.4;4.55214699999999;.797943;5.5161;0;.473401118617707;.342091386989393
P21;MO_60;60;31;-.36317;3.847748;12.947748;10.1;3.535782;.6505;2.655;0;.473401118617707;.297175076314429
P21;MO_60;60;32;-1.098348;5.563118;5.663118;15;3.847748;.36317;2.124;0;.473401118617707;.982341883040403
P21;MO_60;60;33;-1.056975;2.329307;9.029307;-.407761;5.563118;1.098348;4.7655;0;.473401118617707;.257971846565855
P21;MO_60;60;34;.707494;3.75565399999999;15.655654;6.8;2.329307;1.056975;3.93705;0;.473401118617707;.23989122396292
P21;MO_60;60;35;.593072;2.03059400000001;7.23059400000001;8.9;3.75565399999999;.707494;1.88595;0;.473401118617707;.280833635521509
P21;MO_60;60;36;1.594583;4.86084;3.039703;5;2.03059400000001;.593072;2.19735;1;.473401118617707;1.59911675581463
P21;MO_60;60;37;1.023679;1.21472199999999;-2.327698;-2.327698;4.86084;1.594583;8.37225;0;.473401118617707;-.521855498436649
P21;MO_60;60;38;-1.62179;1.01332099999999;-4.04727200000001;-4.047272;1.21472199999999;1.023679;3.771;0;.473401118617707;-.250371361252712
P21;MO_60;60;39;.647542;.910340000000019;1.51034000000002;2.2;1.01332099999999;1.62179;5.1453;0;.473401118617707;.602738456241646
P21;MO_60;60;40;-.374202;1.822418;-.201950000000001;-.20195;.910340000000019;.647542;1.88595;0;.473401118617707;-9.02410497647928
P21;MO_60;60;41;-.131204;1.81778;-2.530029;-2.530029;1.822418;.374202;7.1235;0;.473401118617707;-.718481883013989
P21;MO_60;60;42;1.215392;1.51539599999998;-4.85365300000002;-4.853653;1.81778;.131204;13.8276;0;.473401118617707;-.312217622479393
P21;MO_60;60;43;-.376891;2.03123500000001;5.73123500000001;8.3;1.51539599999998;1.215392;1.73925;0;.473401118617707;.354414886145832
P21;MO_60;60;44;.947491;2.430419;3.330419;3.5;2.03123500000001;.376891;6.87105;0;.473401118617707;.729763732431265
P21;MO_60;60;45;1.177065;1.82600399999998;-.101226000000017;-.101226;2.430419;.947491;4.23;0;.473401118617707;-18.0388832908509
P21;MO_60;60;46;.167322;2.73564199999998;14.535642;5.9;1.82600399999998;1.177065;6.20685;0;.473401118617707;.18820235115862
P21;MO_60;60;47;.387932;3.85351599999998;9.25351599999999;6.7;2.73564199999998;.167322;3.61215;0;.473401118617707;.416438032851511
P21;MO_60;60;48;.32495;3.03538500000002;1000003.035385;10.4;3.85351599999998;.387932;3.62565;0;.473401118617707;3.03537578646589E-06
P21;MO_60;60;49;-.258485;3.94039899999999;17.140399;14.1;3.03538500000002;.32495;2.87505;0;.473401118617707;.229889572582295
P21;MO_60;60;50;.159867;3.95219399999999;10.652194;8.8;3.94039899999999;.258485;2.87505;0;.473401118617707;.37102159423683
P21;MO_60;60;51;.540291;4.350922;20.850922;5.7;3.95219399999999;.159867;4.00995;0;.473401118617707;.208668086715782
P21;MO_60;60;52;-.298621;4.14415;11.14415;7.9;4.350922;.540291;3.25935;0;.473401118617707;.371867751241683
P21;MO_60;60;53;-.42482;3.74517800000001;16.145178;9.8;4.14415;.298621;3.0213;0;.473401118617707;.231968826853443
P21;MO_60;60;54;.355551;4.453644;15.653644;6.3;3.74517800000001;.42482;3.91815;0;.473401118617707;.284511644700748
P21;MO_60;60;55;-.568363;5.673553;8.673553;24;4.453644;.355551;2.4903;0;.473401118617707;.654120981332563
P21;MO_60;60;56;-1.423591;5.56655899999998;2.73080400000001;11.8;5.673553;.568363;4.23;1;.473401118617707;2.03843227122853
P21;MO_60;60;57;-1.446975;1.01243499999998;-3.34105000000002;-3.34105;5.56655899999998;1.423591;3.996;0;.473401118617707;-.30302898789302
P21;MO_60;60;58;-.631771;.911010000000005;5.61101;-4.860276;1.01243499999998;1.446975;6.19335;0;.473401118617707;.162361143537439
P21;MO_60;60;59;.536216;1.41345200000001;12.013452;15.5;.911010000000005;.631771;2.0511;0;.473401118617707;.117655774543404
P21;MO_60;60;60;.551576;3.13699399999999;11.636994;12.1;1.41345200000001;.536216;5.1453;0;.473401118617707;.269570818718304
P21;MO_60;60;61;-.991324;4.67451400000002;5.17451400000002;18.3;3.13699399999999;.551576;2.63655;0;.473401118617707;.903372567935849
P21;MO_60;60;62;-1.561134;.912461000000008;-.200942999999993;-.200943;4.67451400000002;.991324;4.1427;0;.473401118617707;-4.54089468157657
P21;MO_60;60;63;-.98432;1.624741;5.524741;-1.623581;.912461000000008;1.561134;4.8339;0;.473401118617707;.294084555275985
P21;MO_60;60;64;.49817;1.31568900000002;3.51568900000002;4.7;1.624741;.98432;3.2409;0;.473401118617707;.374233613951636
P21;MO_60;60;65;1.357569;2.23483300000001;.608643000000001;1.3;1.31568900000002;.49817;3.25935;1;.473401118617707;3.6718289703488
P22;MO_60;60;1;-.935231;.404116;5.404116;5.9;.307029;1.186656;1.6524;0;.427857480781557;.07477929785371
P22;MO_60;60;2;-.460003;.507507;14.707507;4.3;.404116;.935231;5.88195;0;.427857480781557;.0345066638418054
P22;MO_60;60;3;-.089277;.403641;6.503641;8.6;.507507;.460003;1.30005;0;.427857480781557;.0620638500802858
P22;MO_60;60;4;.114834;1.520023;16.620023;21.7;.403641;.089277;1.04355;0;.427857480781557;.0914573343249886
P22;MO_60;60;5;.074071;2.336888;14.536888;13.9;1.520023;.114834;1.57455;0;.427857480781557;.160755727085467
P22;MO_60;60;6;-.551524;3.240968;7.340968;14.4;2.336888;.074071;3.16755;0;.427857480781557;.441490550020106
P22;MO_60;60;7;.80599;2.536339;3.036339;5.4;3.240968;.551524;9.43425;0;.427857480781557;.83532800520627
P22;MO_60;60;8;1.671786;.605367000000001;-.201139999999999;-.20114;2.536339;.80599;3.76695;0;.427857480781557;-3.00967982499753
P22;MO_60;60;9;1.341221;.505817;-1.309481;-1.309481;.605367000000001;1.671786;.65925;0;.427857480781557;-.386272882157129
P22;MO_60;60;10;.212312;1.115836;6.015836;8.9;.505817;1.341221;1.9044;0;.427857480781557;.185483114898744
P22;MO_60;60;11;.268622;1.619867;15.619867;3.7;1.115836;.212312;9.0684;0;.427857480781557;.103705556519783
P22;MO_60;60;12;-.024841;2.224558;7.524558;12.9;1.619867;.268622;1.88595;0;.427857480781557;.295639690730007
P22;MO_60;60;13;-.332786;1.208617;7.708617;7.1;2.224558;.024841;1.4328;0;.427857480781557;.156787786966196
P22;MO_60;60;14;-.027469;3.151615;23.451615;8.7;1.208617;.332786;1.7397;0;.427857480781557;.134387972853895
P22;MO_60;60;15;-.1768;3.750408;20.550408;20;3.151615;.027469;1.2087;0;.427857480781557;.182497982521807
P22;MO_60;60;16;-.522688;3.855503;12.555503;9.4;3.750408;.1768;3.0942;0;.427857480781557;.307076745551333
P22;MO_60;60;17;.249882;2.222859;3.822859;9.6;3.855503;.522688;4.16115;0;.427857480781557;.581465076268834
P22;MO_60;60;18;1.126331;.506535;.506535;.9;2.222859;.249882;7.66755;1;.427857480781557;1
P22;MO_60;60;19;1.006929;.705154;5.105154;-.508396;.506535;1.126331;8.88435;0;.427857480781557;.138125901784745
P22;MO_60;60;20;.252691;2.328629;12.728629;6.9;.705154;1.006929;5.8824;0;.427857480781557;.182944211823599
P22;MO_60;60;21;.122006;2.735543;52.935543;7.6;2.328629;.252691;3.03975;0;.427857480781557;.0516768667131647
P22;MO_60;60;22;.011743;1.012356;13.212356;18.3;2.735543;.122006;1.13535;0;.427857480781557;.0766219136087462
P22;MO_60;60;23;-.331937;2.836533;7.736533;16.1;1.012356;.011743;.97065;0;.427857480781557;.366641362481101
P22;MO_60;60;24;-.500198;2.125988;9.325988;11.6;2.836533;.331937;1.37295;0;.427857480781557;.227963836110447
P22;MO_60;60;25;-.561644;3.54997700000001;9.34997700000001;15.7;2.125988;.500198;2.19735;0;.427857480781557;.379677618458313
P22;MO_60;60;26;.490652;3.444458;5.844458;8;3.54997700000001;.561644;4.81995;0;.427857480781557;.589354564614888
P22;MO_60;60;27;.968206;.708968999999996;8.008969;9;3.444458;.490652;.45765;0;.427857480781557;.0885218809062684
P22;MO_60;60;28;.696795;2.131462;6.931462;7.9;.708968999999996;.968206;5.96925;0;.427857480781557;.307505400736526
P22;MO_60;60;29;.526427;2.637428;31.037428;6.3;2.131462;.696795;2.10555;0;.427857480781557;.0849757267258099
P22;MO_60;60;30;999;1.318016;6.318016;21.4;2.637428;.526427;3.09465;0;.427857480781557;.208612323868759
P22;MO_60;60;31;-.253321;2.02085100000001;11.120851;13.7;1.318016;7.5;1.2087;0;.427857480781557;.181717298433367
P22;MO_60;60;32;.112801;2.83384699999999;47.433847;5.2;2.02085100000001;.253321;4.9851;0;.427857480781557;.0597431407998594
P22;MO_60;60;33;.037305;3.042885;14.142885;15.9;2.83384699999999;.112801;2.05065;0;.427857480781557;.215153061062152
P22;MO_60;60;34;-.103528;2.83686;8.33686;8.2;3.042885;.037305;2.655;0;.427857480781557;.340279193845165
P22;MO_60;60;35;-.009098;3.85663599999999;8.856636;7.8;2.83686;.103528;2.3436;0;.427857480781557;.435451564228223
P22;MO_60;60;36;-.41697;3.642128;11.542128;15.2;3.85663599999999;.009098;3.9186;0;.427857480781557;.31555082390353
P22;MO_60;60;37;.293182;2.633179;6.733179;6.2;3.642128;.41697;4.8204;0;.427857480781557;.391075151871055
P22;MO_60;60;38;.783381;1.525902;8.925902;14;2.633179;.293182;1.57455;0;.427857480781557;.17095213458539
P22;MO_60;60;39;.556712;1.318398;6.718398;9.6;1.525902;.783381;4.0833;0;.427857480781557;.196236960061015
P22;MO_60;60;40;.491682;1.417458;9.117458;4.7;1.318398;.556712;4.0833;0;.427857480781557;.155466359154054
P22;MO_60;60;41;.830046;3.132019;4.432019;8.6;1.417458;.491682;5.04;0;.427857480781557;.706679957825091
P22;MO_60;60;42;1.144125;.403434000000004;.302391;.7;3.132019;.830046;.238049999999999;1;.427857480781557;1.33414684960863
P22;MO_60;60;43;1.114897;.606787999999995;6.106788;-.609581;.403434000000004;1.144125;1.7397;0;.427857480781557;.0993628729210831
P22;MO_60;60;44;.201487;2.424576;7.624576;5.5;.606787999999995;1.114897;6.7248;0;.427857480781557;.31799486292746
P22;MO_60;60;45;1.192368;2.931;2.82919299999999;4.5;2.424576;.201487;2.8611;1;.427857480781557;1.03598446624179
P22;MO_60;60;46;1.615671;.606757999999999;-.609559000000001;-.609559;2.931;1.192368;3.10725;0;.427857480781557;-.995404874671686
P22;MO_60;60;47;.591656;.91111699999999;3.81111699999999;-1.721566;.606757999999999;1.615671;10.91385;0;.427857480781557;.239068231177367
P22;MO_60;60;48;-.371336;.506942999999993;6.40694299999999;7.1;.91111699999999;.591656;.531;0;.427857480781557;.079124006566001
P22;MO_60;60;49;-.703988;.806525999999991;4.70652599999999;5.8;.506942999999993;.371336;1.2816;0;.427857480781557;.17136333677961
P22;MO_60;60;50;-.256577;1.619049;7.019049;10.9;.806525999999991;.703988;2.8746;0;.427857480781557;.23066500889223
P22;MO_60;60;51;-.312091;2.52779300000002;12.427793;34.6;1.619049;.256577;.9153;0;.427857480781557;.203398382963091
P22;MO_60;60;52;-.14527;1.625732;11.925732;14.3;2.52779300000002;.312091;1.3734;0;.427857480781557;.13632135956099
P22;MO_60;60;53;-.233508;2.64299;18.84299;7.6;1.625732;.14527;2.2707;0;.427857480781557;.140263832863044
P22;MO_60;60;54;-.053004;2.83612100000002;22.636121;15.4;2.64299;.233508;.9891;0;.427857480781557;.125291828931292
P22;MO_60;60;55;.772519;3.853195;5.453195;17;2.83612100000002;.053004;1.062;0;.427857480781557;.706594024237167
P22;MO_60;60;56;1.139776;.705902000000009;.504532000000012;1.2;3.853195;.772519;1.2087;1;.427857480781557;1.3991223549745
P22;MO_60;60;57;.47642;2.03059399999998;21.630594;-.705658;.705902000000009;1.139776;4.98015;0;.427857480781557;.0938760165347276
P22;MO_60;60;58;.062605;3.146927;9.94692700000001;6.3;2.03059399999998;.47642;4.38075;0;.427857480781557;.316371779947716
P22;MO_60;60;59;.899092;4.66159099999999;21.261591;6.5;3.146927;.062605;2.124;0;.427857480781557;.219249396717301
P22;MO_60;60;60;.863256;.908768000000009;7.40876800000001;9.2;4.66159099999999;.899092;.76905;0;.427857480781557;.122661149600043
P22;MO_60;60;61;.552364;3.23265000000001;12.83265;10.3;.908768000000009;.863256;4.22955;0;.427857480781557;.251908218489557
P22;MO_60;60;62;.674754;2.82569900000001;5.02569900000001;10.5;3.23265000000001;.552364;3.6252;0;.427857480781557;.562249947718716
P22;MO_60;60;63;.454176;2.94223000000002;7.64223000000002;2.4;2.82569900000001;.674754;3.09465;0;.427857480781557;.384996264179436
P22;MO_60;60;64;-.163701;3.134232;19.034232;14.6;2.94223000000002;.454176;4.4541;0;.427857480781557;.164662908385271
P22;MO_60;60;65;.378451;3.14128099999999;7.64128099999999;11.4;3.134232;.163701;.45765;0;.427857480781557;.411093506442178
P22;MO_60;60;66;.534689;3.64012099999999;15.540121;14.4;3.14128099999999;.378451;2.94795;0;.427857480781557;.23424019671404
P22;MO_60;60;67;.458272;3.84133899999998;10.341339;11.5;3.64012099999999;.534689;2.78325;0;.427857480781557;.371454702335934
P22;MO_60;60;68;.712359;2.42817599999998;8.02817599999998;12;3.84133899999998;.458272;2.94795;0;.427857480781557;.302456747335881
P22;MO_60;60;69;.189246;2.229736;6.429736;13.5;2.42817599999998;.712359;3.16755;0;.427857480781557;.346785000192854
P22;MO_60;60;70;-.316396;1.51406900000001;10.614069;8;2.229736;.189246;6.34005;0;.427857480781557;.142647367376264
P22;MO_60;60;71;-.451041;2.33046000000002;7.83046000000002;14;1.51406900000001;.316396;2.3436;0;.427857480781557;.29761469951957
P22;MO_60;60;72;-.316545;1.61772199999999;6.11772199999999;6;2.33046000000002;.451041;5.571;0;.427857480781557;.264432087630002
P22;MO_60;60;73;.215627;1.017563;17.517563;12.6;1.61772199999999;.316545;1.4283;0;.427857480781557;.058088159865616
P22;MO_60;60;74;.550268;2.63276599999998;19.532766;10.7;1.017563;.215627;2.124;0;.427857480781557;.134787157128692
P22;MO_60;60;75;.570463;2.847061;13.147061;9.2;2.63276599999998;.550268;1.35495;0;.427857480781557;.21655493954124
P22;MO_60;60;76;.883704;3.03967300000002;4.43967300000002;8.4;2.847061;.570463;1.13535;0;.427857480781557;.68466146042738
P22;MO_60;60;77;1.056668;1.62591599999999;.507980000000003;1.4;3.03967300000002;.883704;4.6143;1;.427857480781557;3.20074806094724
P22;MO_60;60;78;.783881;.81251499999999;5.61251499999999;8.4;1.62591599999999;1.056668;2.124;0;.427857480781557;.144768432690156
P22;MO_60;60;79;.148214;2.42877199999998;8.02877199999998;5.9;.81251499999999;.783881;8.5374;0;.427857480781557;.302508528078763
P22;MO_60;60;80;-.286716;2.02389600000001;14.923896;8.9;2.42877199999998;.148214;3.62565;0;.427857480781557;.135614453491234
P22;MO_60;60;81;-.37658;1.91906800000001;9.61906800000001;13.6;2.02389600000001;.286716;2.72835;0;.427857480781557;.199506646589878
P22;MO_60;60;82;-.149011;.707886000000002;6.407886;11.1;1.91906800000001;.37658;1.35495;0;.427857480781557;.11047106643283
P24;MO_60;60;1;.029212;1.018447;4.118447;4.6;1.333494;.445194;2.76975;0;.094028624500547;.247289087367156
P24;MO_60;60;2;.762856;.91051;9.41051;3.3;1.018447;.029212;3.38715;0;.094028624500547;.0967545860957589
P24;MO_60;60;3;.718701;1.319266;7.019266;5.8;.91051;.762856;4.1526;0;.094028624500547;.187949281306621
P24;MO_60;60;4;.325829;.607117000000001;14.207117;7.3;1.319266;.718701;2.2707;0;.094028624500547;.0427333005000241
P24;MO_60;60;5;-.026892;1.215406;16.515406;11.4;.607117000000001;.325829;1.13535;0;.094028624500547;.0735922568297746
P24;MO_60;60;6;-.109601;1.215009;18.115009;10.8;1.215406;.026892;1.2267;0;.094028624500547;.0670719512201181
P24;MO_60;60;7;-.087922;1.313162;28.313162;36.8;1.215009;.109601;.2196;0;.094028624500547;.0463799133420704
P24;MO_60;60;8;-.02739;1.722115;10.022115;34.2;1.313162;.087922;1.2816;0;.094028624500547;.171831494649582
P24;MO_60;60;9;.159277;1.516098;23.116098;28.6;1.722115;.02739;.3843;0;.094028624500547;.0655862421071238
P24;MO_60;60;10;.30975;1.621347;15.621347;51.5;1.516098;.159277;.6777;0;.094028624500547;.103790473382353
P24;MO_60;60;11;.250125;1.724388;17.624388;12.9;1.621347;.30975;.82395;0;.094028624500547;.0978410143943722
P24;MO_60;60;12;.010517;2.235874;14.835874;16.3;1.724388;.250125;.1467;0;.094028624500547;.150707265375805
P24;MO_60;60;13;-.228041;1.926016;19.826016;19.3;2.235874;.010517;1.062;0;.094028624500547;.097145891539682
P24;MO_60;60;14;-.272131;1.519752;15.919752;27.9;1.926016;.228041;.3663;0;.094028624500547;.0954632961619
P24;MO_60;60;15;-.173438;1.918774;12.418774;26.9;1.519752;.272131;.6039;0;.094028624500547;.154505911775188
P24;MO_60;60;16;-.036687;2.327763;17.427763;24.4;1.918774;.173438;.531;0;.094028624500547;.133566367639955
P24;MO_60;60;17;-.017895;2.32428;14.72428;23;2.327763;.036687;.82395;0;.094028624500547;.157853558883694
P24;MO_60;60;18;.081565;2.029182;13.729182;21.4;2.32428;.017895;.7506;0;.094028624500547;.147800648283343
P24;MO_60;60;19;.049086;2.529404;20.729404;16;2.029182;.081565;.82395;0;.094028624500547;.122020102459289
P24;MO_60;60;20;.115544;2.22507400000001;1000002.225074;17.4;2.529404;.049086;.45765;0;.094028624500547;2.22506904905672E-06
P24;MO_60;60;21;.047747;2.434185;10.334185;22.4;2.22507400000001;.115544;.98865;0;.094028624500547;.235546876700969
P24;MO_60;60;22;-.122657;2.42453399999999;8.92453399999999;9.9;2.434185;.047747;2.41695;0;.094028624500547;.271670655296959
P24;MO_60;60;23;.352965;2.02940400000001;43.229404;7.5;2.42453399999999;.122657;1.20825;0;.094028624500547;.0469449914229678
P24;MO_60;60;24;.532997;1.317745;12.017745;23.9;2.02940400000001;.352965;.82395;0;.094028624500547;.109649938486796
P24;MO_60;60;25;.177467;2.74242;17.74242;12.1;1.317745;.532997;.82395;0;.094028624500547;.154568542509985
P24;MO_60;60;26;-.208725;2.44264999999999;26.14265;16.5;2.74242;.177467;.82395;0;.094028624500547;.0934354397890034
P24;MO_60;60;27;-.304961;2.43425000000001;14.93425;23;2.44264999999999;.208725;.531;0;.094028624500547;.162997807054255
P24;MO_60;60;28;-.037876;2.53387499999999;17.333875;13.4;2.43425000000001;.304961;.82395;0;.094028624500547;.146180528012345
P24;MO_60;60;29;.106248;2.33326;12.63326;42.6;2.53387499999999;.037876;1.1349;0;.094028624500547;.184691837261324
P24;MO_60;60;30;-.173148;2.83423599999999;29.734236;21.1;2.33326;.106248;.3843;0;.094028624500547;.0953189448015409
P24;MO_60;60;31;-.289797;2.84309400000001;14.843094;26.6;2.83423599999999;.173148;.531;0;.094028624500547;.19154321868473
P24;MO_60;60;32;-.148157;2.430496;15.330496;10.5;2.84309400000001;.289797;1.4283;0;.094028624500547;.158539945478607
P24;MO_60;60;33;-.24938;3.24234;39.64234;12.5;2.430496;.148157;.82395;0;.094028624500547;.0817898237086913
P24;MO_60;60;34;-.35665;3.13269099999999;32.432691;37;3.24234;.24938;.07335;0;.094028624500547;.0965905357652866
P24;MO_60;60;35;-.409107;2.634613;13.234613;23.6;3.13269099999999;.35665;.60435;0;.094028624500547;.199069893467984
P24;MO_60;60;36;-.400026;3.34477199999999;13.544772;1000000;2.634613;.409107;.8424;0;.094028624500547;.246941919731096
P24;MO_60;60;37;.151385;3.342277;11.342277;16.6;3.34477199999999;.400026;.7506;0;.094028624500547;.294674252797741
P24;MO_60;60;38;.35399;2.33087900000001;14.530879;16.8;3.342277;.151385;.07335;0;.094028624500547;.160408671767208
P24;MO_60;60;39;-.011143;3.64237899999999;14.842379;12.1;2.33087900000001;.35399;.9153;0;.094028624500547;.245403988134247
P24;MO_60;60;40;-.299548;2.63726;21.53726;20.9;3.64237899999999;.011143;.75105;0;.094028624500547;.122451045304742
P24;MO_60;60;41;-.111115;3.446319;13.046319;18.2;2.63726;.299548;.45765;0;.094028624500547;.264160258537293
P24;MO_60;60;42;.424066;3.037949;10.137949;17.1;3.446319;.111115;.60435;0;.094028624500547;.299661105022327
P24;MO_60;60;43;.591378;2.335487;15.535487;19.1;3.037949;.424066;.45765;0;.094028624500547;.150332397046839
P24;MO_60;60;44;.188763;3.43274700000001;20.632747;12.7;2.335487;.591378;1.1349;0;.094028624500547;.166373726193609
P24;MO_60;60;45;.084487;3.34743500000002;45.847435;16.2;3.43274700000001;.188763;.6039;0;.094028624500547;.0730124815052362
P24;MO_60;60;46;.224585;3.74783300000001;18.647833;13.9;3.34743500000002;.084487;.45765;0;.094028624500547;.200979545451743
P24;MO_60;60;47;.126124;3.55848700000001;15.858487;16.2;3.74783300000001;.224585;.4392;0;.094028624500547;.22439006949402
P24;MO_60;60;48;-.088576;3.44877700000001;11.448777;14;3.55848700000001;.126124;1.4283;0;.094028624500547;.301235407065751
P24;MO_60;60;49;.317757;3.74174500000001;45.941745;18;3.44877700000001;.088576;.1647;0;.094028624500547;.0814454261587149
P24;MO_60;60;50;.213422;3.03915400000002;16.239154;17.3;3.74174500000001;.317757;.4581;0;.094028624500547;.187149773935269
P24;MO_60;60;51;-.217321;4.65403699999999;20.954037;13;3.03915400000002;.213422;.75105;0;.094028624500547;.222106938152299
P24;MO_60;60;52;-.339062;4.25457799999998;26.354578;14.9;4.65403699999999;.217321;.9153;0;.094028624500547;.161436013128345
P24;MO_60;60;53;-.616181;4.14494400000001;9.34494400000001;20.2;4.25457799999998;.339062;.7506;0;.094028624500547;.443549367444043
P24;MO_60;60;54;-.784779;1.62211600000001;16.122116;20.2;4.14494400000001;.616181;.45765;0;.094028624500547;.100614336232292
P24;MO_60;60;55;-.613864;2.02873299999999;50.128733;15.2;1.62211600000001;.784779;1.1349;0;.094028624500547;.0404704623194843
P24;MO_60;60;56;-.214406;3.84733600000001;17.647336;30.7;2.02873299999999;.613864;.531;0;.094028624500547;.218012282420418
P24;MO_60;60;57;.253685;3.24208100000001;10.942081;13;3.84733600000001;.214406;.45765;0;.094028624500547;.296294735891647
P24;MO_60;60;58;.335124;2.729828;11.429828;16;3.24208100000001;.253685;.4581;0;.094028624500547;.238833690235759
P24;MO_60;60;59;-.399647;3.14451599999998;8.34451599999998;8.3;2.729828;.335124;.82395;0;.094028624500547;.376836235918295
P24;MO_60;60;60;-.749252;2.425781;19.725781;15.6;3.14451599999998;.399647;1.593;0;.094028624500547;.122975156218149
P24;MO_60;60;61;-.532489;2.44023099999998;12.440231;16.5;2.425781;.749252;.3114;0;.094028624500547;.196156405777351
P24;MO_60;60;62;-.119918;2.227371;15.327371;9.2;2.44023099999998;.532489;1.44675;0;.094028624500547;.145319833388257
P24;MO_60;60;63;.162748;2.22993499999998;9.92993499999998;24.9;2.227371;.119918;1.20825;0;.094028624500547;.224566928182308
P24;MO_60;60;64;.343973;1.618728;14.618728;14.5;2.22993499999998;.162748;.38475;0;.094028624500547;.11072974338123
P24;MO_60;60;65;-.045609;3.44999700000002;15.449997;11.9;1.618728;.343973;.7506;0;.094028624500547;.223300820058413
P24;MO_60;60;66;-.217543;2.93658400000001;10.836584;15.8;3.44999700000002;.045609;.7506;0;.094028624500547;.270987979237739
P24;MO_60;60;67;.397142;2.53419399999999;6.33419399999999;12.2;2.93658400000001;.217543;.8424;0;.094028624500547;.400081525763182
P24;MO_60;60;68;.811524;1.61525;8.81525;22.5;2.53419399999999;.397142;2.19735;0;.094028624500547;.183233600862142
P24;MO_60;60;69;.376291;1.71577499999998;10.715775;8.7;1.61525;.811524;1.2087;0;.094028624500547;.160116743772614
P24;MO_60;60;70;-.342495;3.74015800000001;19.440158;21.7;1.71577499999998;.376291;.29295;0;.094028624500547;.192393395156563
P24;MO_60;60;71;.19329;3.955063;8.855063;12.9;3.74015800000001;.342495;.6777;0;.094028624500547;.446644253123891
P24;MO_60;60;72;.577106;.910369000000003;10.010369;26.2;3.955063;.19329;.23805;0;.094028624500547;.0909426016163843
P25;MO_60;60;1;.202208;2.145173;5.745173;7.5;.614276;.895194;3.4056;0;.375698239894578;.373387015499794
P25;MO_60;60;2;.70527;1.727659;14.427659;12.3;2.145173;.202208;3.47895;0;.375698239894578;.119746315046675
P25;MO_60;60;3;.379626;2.125417;14.825417;6.9;1.727659;.70527;4.76055;0;.375698239894578;.14336305009161
P25;MO_60;60;4;-.132061;5.574397;25.874397;13.9;2.125417;.379626;3.8637;0;.375698239894578;.215440653554168
P25;MO_60;60;5;1.76069;6.484276;4.658272;14.1;5.574397;.132061;2.72835;1;.375698239894578;1.39199170851337
P25;MO_60;60;6;-1.010211;2.424778;5.224778;-2.33277;6.484276;1.76069;8.2728;0;.375698239894578;.464092062858939
P25;MO_60;60;7;1.230374;2.93058;2.020771;3.3;2.424778;1.010211;6.3315;1;.375698239894578;1.45022865035177
P25;MO_60;60;8;-.988163;4.665032;5.065032;-1.415516;2.93058;1.230374;7.10415;0;.375698239894578;.921027152444446
P25;MO_60;60;9;-.538422;3.23438299999999;8.13438299999999;-.303425;4.665032;.988163;8.07975;0;.375698239894578;.397618725353846
P25;MO_60;60;10;-.764825;4.866181;6.866181;13.9;3.23438299999999;.538422;6.4269;0;.375698239894578;.708717262186942
P25;MO_60;60;11;1.402091;5.78825;.709499999999998;1.8;4.866181;.764825;4.509;1;.375698239894578;8.15821000704724
P25;MO_60;60;12;-.867151;2.631603;5.131603;-5.583763;5.78825;1.402091;11.89755;0;.375698239894578;.512822796307509
P25;MO_60;60;13;.450962;3.031426;8.731426;2.3;2.631603;.867151;12.1563;0;.375698239894578;.347185671618817
P25;MO_60;60;14;.808463;5.363201;6.063201;11.3;3.031426;.450962;3.7764;0;.375698239894578;.884549431892494
P25;MO_60;60;15;1.114424;2.32444699999999;11.824447;-.101517;5.363201;.808463;14.5998;0;.375698239894578;.196579763941603
P25;MO_60;60;16;1.065468;6.075485;6.375485;10;2.32444699999999;1.114424;5.3514;0;.375698239894578;.952944756359712
P25;MO_60;60;17;.557328;3.55401599999999;10.354016;-.305649;6.075485;1.065468;7.3935;0;.375698239894578;.343250000772646
P25;MO_60;60;18;-.870648;5.461563;8.061563;7.5;3.55401599999999;.557328;2.78325;0;.375698239894578;.67748189774117
P25;MO_60;60;19;-1.088369;5.364639;1.92261499999999;3.1;5.461563;.870648;1.7397;1;.375698239894578;2.79028250585792
P25;MO_60;60;20;-.086475;5.46321900000001;40.463219;2.1;5.364639;1.088369;2.8017;0;.375698239894578;.135016914991366
P25;MO_60;60;21;-1.128103;5.87706800000001;5.87706800000001;9.5;5.46321900000001;.086475;3.25935;1;.375698239894578;1
P25;MO_60;60;22;-.939552;5.568642;4.150597;-.505012;5.87706800000001;1.128103;5.9553;0;.375698239894578;1.3416484423807
P25;MO_60;60;23;-.124533;2.33171900000001;-1.92384299999999;-1.923843;5.568642;.939552;19.0044;0;.375698239894578;-1.21201106327285
P25;MO_60;60;24;1.109129;2.126114;5.326114;-4.761093;2.33171900000001;.124533;6.6114;0;.375698239894578;.39918672412945
P25;MO_60;60;25;1.37569;3.24813800000001;3.045387;4;2.126114;1.109129;9.387;1;.375698239894578;1.06657643182952
P25;MO_60;60;26;-1.066105;1.61925500000001;-.70920599999999;-.709206;3.24813800000001;1.37569;20.2149;0;.375698239894578;-2.283194163614
P25;MO_60;60;27;1.050882;1.719612;2.819612;-2.83561;1.61925500000001;1.066105;14.81805;0;.375698239894578;.609875401296349
P25;MO_60;60;28;-.973887;3.33724199999999;3.53724199999999;.7;1.719612;1.050882;10.3545;0;.375698239894578;.943458773813044
P25;MO_60;60;29;-1.546765;2.83833300000002;-.40454099999998;-.404541;3.33724199999999;.973887;7.28145;0;.375698239894578;-7.01618130177203
P25;MO_60;60;30;-.48447;2.31918300000001;4.51918300000001;16.2;2.83833300000002;1.546765;6.3261;0;.375698239894578;.513186343637778
P25;MO_60;60;31;.54532;4.352082;6.052082;2.1;2.31918300000001;.48447;9.96525;0;.375698239894578;.719104929510208
P25;MO_60;60;32;.144796;5.66802999999999;.606933999999995;1.1;4.352082;.54532;15.72165;1;.375698239894578;9.33879136775998
P25;MO_60;60;33;-.303733;2.42808600000001;-3.23840299999999;-3.238403;5.66802999999999;.144796;22.2903;0;.375698239894578;-.749778826168336
P25;MO_60;60;34;1.60011;1.92588799999999;-6.17468300000001;-6.174683;2.42808600000001;.303733;3.0213;0;.375698239894578;-.311900708101126
P25;MO_60;60;35;.4926;1.82557600000001;7.72557600000001;-8.608521;1.92588799999999;1.60011;6.4359;0;.375698239894578;.23630289832111
P25;MO_60;60;36;.033281;2.934021;16.034021;4.5;1.82557600000001;.4926;12.02085;0;.375698239894578;.182987224477254
P25;MO_60;60;37;.964226;5.67494200000002;6.17494200000002;12.2;2.934021;.033281;2.5632;0;.375698239894578;.919027579530302
P25;MO_60;60;38;1.36367;1.61612;-.200638000000005;-.200638;5.67494200000002;.964226;8.46855;0;.375698239894578;-8.05490485351708
P25;MO_60;60;39;-1.24369;6.376328;5.870713;-2.326523;1.61612;1.36367;4.32135;0;.375698239894578;1.08612497323579
P25;MO_60;60;40;-.068682;5.160889;11.260889;-1.01213;6.376328;1.24369;5.64435;0;.375698239894578;.458302093200634
P25;MO_60;60;41;-.031639;6.075073;11.375073;15.8;5.160889;.068682;1.1349;0;.375698239894578;.534068924217014
P25;MO_60;60;42;1.116414;6.286697;2.73684700000001;5;6.075073;.031639;.76905;1;.375698239894578;2.29705825718426
P25;MO_60;60;43;1.633646;2.933029;-4.055923;-4.055923;6.286697;1.116414;9.7461;0;.375698239894578;-.723147111027502
P25;MO_60;60;44;1.193348;2.937881;2.835953;-7.495468;2.933029;1.633646;5.43825;0;.375698239894578;1.03594135727919
P25;MO_60;60;45;.158808;3.04444799999999;5.54444799999999;-.608902;2.937881;1.193348;14.5107;0;.375698239894578;.549098485548065
P25;MO_60;60;46;-1.546502;6.58084099999999;1.62123099999999;2.7;3.04444799999999;.158808;5.21865;1;.375698239894578;4.05916306806373
P25;MO_60;60;47;-.565731;2.534515;-1.319596;-1.319596;6.58084099999999;1.546502;17.1765;0;.375698239894578;-1.9206749641557
P25;MO_60;60;48;-.432443;2.535202;3.335202;-4.360794;2.534515;.565731;4.3947;0;.375698239894578;.760134468616893
P25;MO_60;60;49;-1.720359;3.44207799999998;-.101746000000019;-.101746;2.535202;.432443;15.471;0;.375698239894578;-33.8301063432404
P25;MO_60;60;50;.006459;3.64407399999999;24.444074;-4.05275;3.44207799999998;1.720359;1.51965;0;.375698239894578;.14907801375499
P26;MO_60;60;1;-1.413681;.40766;-1.225374;-1.225374;.407134999999999;1.433865;4.11345;0;.264891448920657;-.332682103586334
P26;MO_60;60;2;-1.042533;.308035;7.508035;-2.142074;.40766;1.413681;.67725;0;.264891448920657;.0410273793342732
P26;MO_60;60;3;.133648;1.826696;6.326696;10.8;.308035;1.042533;.82395;0;.264891448920657;.288728271438994
P26;MO_60;60;4;1.274906;2.642253;2.132417;14.6;1.826696;.133648;2.10555;1;.264891448920657;1.23908832090534
P26;MO_60;60;5;1.179869;2.833889;-1.016265;-1.016265;2.642253;1.274906;4.4496;0;.264891448920657;-2.78853350258053
P26;MO_60;60;6;.414234;2.630151;10.830151;11.6;2.833889;1.179869;.531;0;.264891448920657;.242854508676749
P26;MO_60;60;7;-.502846;3.34129;7.94129;29.4;2.630151;.414234;1.13535;0;.264891448920657;.420749021884354
P26;MO_60;60;8;-1.111509;3.242887;3.342887;10.5;3.34129;.502846;3.47895;0;.264891448920657;.970085737268415
P26;MO_60;60;9;-1.023961;3.650203;45.850203;-.4037;3.242887;1.111509;2.63655;0;.264891448920657;.0796114904878393
P26;MO_60;60;10;-.578266;4.662524;9.062524;12.6;3.650203;1.023961;1.9593;0;.264891448920657;.514484044400876
P26;MO_60;60;11;-1.512533;7.402443;4.063709;8.1;4.662524;.578266;1.50165;1;.264891448920657;1.82159770790674
P26;MO_60;60;12;1.294367;6.571411;6.365528;-3.843246;7.402443;1.512533;6.34005;0;.264891448920657;1.03234342854198
P26;MO_60;60;13;2.090759;5.371578;-.717419;-.717419;6.571411;1.294367;11.4669;0;.264891448920657;-7.48736512414642
P26;MO_60;60;14;4.876863;.709147999999999;-6.594952;-6.594952;5.371578;2.090759;29.94165;0;.264891448920657;-.10752890999055
P26;MO_60;60;15;1.817391;1.414265;-7.813748;-7.813748;.709147999999999;4.876863;2.2284;0;.264891448920657;-.180997006814143
P26;MO_60;60;16;-1.254622;.506152999999998;-9.732209;-9.732209;1.414265;1.817391;20.5272;0;.264891448920657;-.0520080281876394
P26;MO_60;60;17;-.742511;.407832999999997;2.307833;3.4;.506152999999998;1.254622;28.56465;0;.264891448920657;.176716859495465
P26;MO_60;60;18;.080986;.404941000000001;1.704941;1.2;.407832999999997;.742511;61.9875;0;.264891448920657;.237510271616438
P26;MO_60;60;19;1.336657;.908434999999997;.100260999999996;.2;.404941000000001;.080986;28.44;1;.264891448920657;9.06070156890549
P26;MO_60;60;20;1.630603;2.94605199999999;-1.31483500000001;-1.314835;.908434999999997;1.336657;3.1725;0;.264891448920657;-2.24062486928015
P26;MO_60;60;21;-1.860465;.202240000000003;-4.771576;-4.771576;2.94605199999999;1.630603;2.34225;0;.264891448920657;-.0423843191431936
P26;MO_60;60;22;1.12588;3.137528;3.637528;-5.482498;.202240000000003;1.860465;12.63285;0;.264891448920657;.862544013406907
P26;MO_60;60;23;1.281701;2.830803;.808411000000007;2.7;3.137528;1.12588;.9891;1;.264891448920657;3.50168787906149
P26;MO_60;60;24;999;2.631394;2.024636;-2.528556;2.830803;1.281701;5.1453;0;.264891448920657;1.29968744999101
P26;MO_60;60;25;.995192;2.841438;12.141438;-1.111206;2.631394;7.5;2.72835;0;.264891448920657;.23402812747551
P26;MO_60;60;26;.74505;2.836106;5.136106;8.6;2.841438;.995192;5.6628;0;.264891448920657;.55218992754433
P26;MO_60;60;27;1.438806;2.83394600000001;1.31588000000001;14;2.836106;.74505;3.186;1;.264891448920657;2.15365078882572
P26;MO_60;60;28;1.263243;2.839882;-2.025001;-2.025001;2.83394600000001;1.438806;5.1453;0;.264891448920657;-1.4024101716493
P26;MO_60;60;29;.241019;3.648613;10.148613;-5.372108;2.839882;1.263243;.31095;0;.264891448920657;.359518389360201
P26;MO_60;60;30;-.353717;3.53967299999999;19.139673;26.5;3.648613;.241019;1.88595;0;.264891448920657;.184939053033978
P26;MO_60;60;31;.918972;3.03990999999999;3.93990999999999;7.9;3.53967299999999;.353717;7.86015;0;.264891448920657;.771568386079885
P26;MO_60;60;32;.83013;6.47406000000001;16.37406;-.103149;3.03990999999999;.918972;2.43495;0;.264891448920657;.395385139666033
P26;MO_60;60;33;.266633;4.55442000000001;11.95442;11.4;6.47406000000001;.83013;1.9773;0;.264891448920657;.380982096998433
P26;MO_60;60;34;-1.650771;6.489029;3.660515;5.9;4.55442000000001;.266633;.98865;1;.264891448920657;1.77270930456507
P26;MO_60;60;35;-1.798479;1.82454700000001;-3.33583799999999;-3.335838;6.489029;1.650771;5.95485;0;.264891448920657;-.546953119426068
P26;MO_60;60;36;.95098;4.25790500000001;4.85790500000001;-5.667022;1.82454700000001;1.798479;7.164;0;.264891448920657;.87648996841231
P26;MO_60;60;37;1.309301;3.23504700000001;-.201201999999991;-.201202;4.25790500000001;.95098;3.86325;0;.264891448920657;-16.0786025983845
P26;MO_60;60;38;1.180291;3.838043;3.637146;-3.942276;3.23504700000001;1.309301;2.19735;0;.264891448920657;1.05523479123467
P26;MO_60;60;39;1.458741;3.54522700000001;-.702391999999989;-.702392;3.838043;1.180291;4.76055;0;.264891448920657;-5.04736244148576
P26;MO_60;60;40;1.481622;4.95912200000001;-4.75474499999999;-4.754745;3.54522700000001;1.458741;1.593;0;.264891448920657;-1.04298379828992
P26;MO_60;60;41;-1.366832;5.56814599999998;-10.222702;-10.222702;4.95912200000001;1.481622;6.28065;0;.264891448920657;-.544684370140104
P26;MO_60;60;42;-.882357;.812576000000007;-16.296249;-16.296249;5.56814599999998;1.366832;9.38655;0;.264891448920657;-.0498627628971555
P26;MO_60;60;43;.273164;3.552063;7.252063;-17.511215;.812576000000007;.882357;9.9099;0;.264891448920657;.489800350603683
P26;MO_60;60;44;-.32912;.408279999999991;7.80827999999999;7.2;3.552063;.273164;1.37295;0;.264891448920657;.0522880839314153
P26;MO_60;60;45;.235912;2.83268799999999;4.73268799999999;6.4;.408279999999991;.32912;1.66635;0;.264891448920657;.598536814596694
P26;MO_60;60;46;1.643701;1.61947600000002;.707305000000019;1.3;2.83268799999999;.235912;4.76055;1;.264891448920657;2.28964308183878
P26;MO_60;60;47;-1.704204;.303664999999995;-1.423005;-1.423005;1.61947600000002;1.643701;6.44355;0;.264891448920657;-.213397001416014
P26;MO_60;60;48;1.625825;2.02432200000001;-2.13485799999999;-2.134858;.303664999999995;1.704204;9.5949;0;.264891448920657;-.948223254193028
P26;MO_60;60;49;1.574282;2.53422599999999;-4.66914400000001;-4.669144;2.02432200000001;1.625825;1.6659;0;.264891448920657;-.542760300389104
P26;MO_60;60;50;1.750556;.604309000000001;-7.710953;-7.710953;2.53422599999999;1.574282;1.81305;0;.264891448920657;-.078370209233541
P26;MO_60;60;51;.053338;5.260895;33.260895;-8.819657;.604309000000001;1.750556;4.3947;0;.264891448920657;.158170578392434
P26;MO_60;60;52;.238931;3.54267899999999;6.54267899999999;20.3;5.260895;.053338;3.84975;0;.264891448920657;.54147223178762
P26;MO_60;60;53;1.276189;3.14424099999999;2.133453;14.7;3.54267899999999;.238931;2.4903;1;.264891448920657;1.47378029888635
P26;MO_60;60;54;1.216487;2.94104000000002;-1.51396199999999;-1.513962;3.14424099999999;1.276189;3.2409;0;.264891448920657;-1.94261150544072
P26;MO_60;60;55;.60227;4.44927999999999;21.24928;-4.965164;2.94104000000002;1.216487;1.13535;0;.264891448920657;.209384976808626
P26;MO_60;60;56;-.303205;4.862503;20.262503;15.4;4.44927999999999;.60227;1.062;0;.264891448920657;.239975436400922
P26;MO_60;60;57;-.54018;3.43412700000002;23.234127;14.3;4.862503;.303205;.7506;0;.264891448920657;.147805295202183
P26;MO_60;60;58;-.561034;4.16134600000001;13.861346;26.9;3.43412700000002;.54018;.7506;0;.264891448920657;.300212259328929
P26;MO_60;60;59;-.417899;4.55711399999998;21.757114;15.5;4.16134600000001;.561034;.7506;0;.264891448920657;.209453974456354
P26;MO_60;60;60;.144362;3.84375;9.54375;16.6;4.55711399999998;.417899;.4581;0;.264891448920657;.402750491159136
P26;MO_60;60;61;-1.093795;6.27552800000001;3.039749;6.8;3.84375;.144362;1.35495;1;.264891448920657;2.06448887720664
P28;MO_60;60;1;-.004216;2.757106;6.357106;7.1; ; ;4.22955;0;.279842348274513;.433704581927688
P28;MO_60;60;2;-.784517;2.852783;5.452783;5;2.757106;.004216;6.1938;0;.279842348274513;.523179264606715
P28;MO_60;60;3;-.404499;2.32603;12.72603;9.9;2.852783;.784517;5.95575;0;.279842348274513;.182777346902373
P28;MO_60;60;4;-.221137;2.7268;6.7268;9.2;2.32603;.404499;2.10555;0;.279842348274513;.405363620146281
P28;MO_60;60;5;-.290787;2.836153;14.136153;25.7;2.7268;.221137;5.36985;0;.279842348274513;.20063117596421
P28;MO_60;60;6;-.577138;3.445618;5.845618;7.7;2.836153;.290787;3.47895;0;.279842348274513;.58943605278347
P28;MO_60;60;7;-.310569;2.827116;15.927116;9.7;3.445618;.577138;8.0793;0;.279842348274513;.177503322007575
P28;MO_60;60;8;-.426447;3.742024;21.542024;10.4;2.827116;.310569;4.00995;0;.279842348274513;.173708097252143
P28;MO_60;60;9;.317192;3.945614;15.945614;8.1;3.742024;.426447;6.26715;0;.279842348274513;.247441961156215
P28;MO_60;60;10;.376459;3.948449;7.348449;8.3;3.945614;.317192;7.23735;0;.279842348274513;.537317330500627
P28;MO_60;60;11;.475044;2.628338;7.628338;9.9;3.948449;.376459;4.9986;0;.279842348274513;.344549232086989
P28;MO_60;60;12;-.015778;3.236256;15.536256;11.6;2.628338;.475044;5.2182;0;.279842348274513;.20830346770805
P28;MO_60;60;13;.753996;3.45222099999999;5.55222099999999;6.7;3.236256;.015778;4.89375;0;.279842348274513;.621772980578402
P28;MO_60;60;14;1.278244;2.123321;1.314552;9.3;3.45222099999999;.753996;6.7383;1;.279842348274513;1.61524306379664
P28;MO_60;60;15;1.425747;.711615999999999;-1.313374;-1.313374;2.123321;1.278244;2.61315;0;.279842348274513;-.5418228166539
P28;MO_60;60;16;.460627;1.924187;6.024187;-2.432346;.711615999999999;1.425747;11.412;0;.279842348274513;.319410237431209
P28;MO_60;60;17;-.141903;2.837166;5.937166;11;1.924187;.460627;3.8637;0;.279842348274513;.47786536539487
P28;MO_60;60;18;-.885463;2.336575;6.736575;3.4;2.837166;.141903;6.12045;0;.279842348274513;.346849103587505
P28;MO_60;60;19;-.459415;2.02417;11.82417;8;2.336575;.885463;8.6652;0;.279842348274513;.171189182834821
P28;MO_60;60;20;-.245925;2.427353;7.327353;9.1;2.02417;.459415;1.5201;0;.279842348274513;.331272834814973
P28;MO_60;60;21;-.51974;3.34421599999999;8.24421599999999;31.8;2.427353;.245925;3.186;0;.279842348274513;.405643908408027
P28;MO_60;60;22;.269608;3.138809;23.938809;17.9;3.34421599999999;.51974;6.72435;0;.279842348274513;.131118010089809
P28;MO_60;60;23;.744937;2.42583399999999;15.225834;11.4;3.138809;.269608;3.699;0;.279842348274513;.15932355495272
P28;MO_60;60;24;.185789;2.929535;13.229535;6.8;2.42583399999999;.744937;5.74965;0;.279842348274513;.221438999934616
P28;MO_60;60;25;.305664;3.04604400000001;27.046044;9.8;2.929535;.185789;1.88595;0;.279842348274513;.112624382331109
P28;MO_60;60;26;-.765521;4.36151099999999;5.36151099999999;10.7;3.04604400000001;.305664;3.4056;0;.279842348274513;.813485414839212
P28;MO_60;60;27;-1.383496;.807144000000008;8.10462807976364E-15;0;4.36151099999999;.765521;5.5161;0;.279842348274513;99590504592722.4
P28;MO_60;60;28;-.984155;1.519318;11.019318;-1.311943;.807144000000008;1.383496;9.36135;0;.279842348274513;.137877679907232
P28;MO_60;60;29;-.580156;3.338814;7.138814;9.6;1.519318;.984155;3.4056;0;.279842348274513;.46769869616998
P28;MO_60;60;30;-.478408;2.940613;14.140613;18.2;3.338814;.580156;5.7357;0;.279842348274513;.207955128960817
P28;MO_60;60;31;-1.3527;3.74399500000001;3.239395;8.9;2.940613;.478408;2.4903;1;.279842348274513;1.15576982739061
P28;MO_60;60;32;-.754219;1.92113499999999;5.12113499999999;-1.011665;3.74399500000001;1.3527;13.85685;0;.279842348274513;.375138519097816
P28;MO_60;60;33;.988494;1.72249599999999;2.22249599999999;11.9;1.92113499999999;.754219;4.23;0;.279842348274513;.775027716585316
P28;MO_60;60;34;1.236069;.506355999999997;-.204711000000003;-.204711;1.72249599999999;.988494;12.23505;0;.279842348274513;-2.47351632301141
P28;MO_60;60;35;.936084;.915177;22.915177;-1.216079;.506355999999997;1.236069;9.3654;0;.279842348274513;.0399375924523734
P28;MO_60;60;36;.454039;1.92602600000001;5.12602600000001;23.8;.915177;.936084;5.42475;0;.279842348274513;.375734730959228
P28;MO_60;60;37;-.926101;3.346191;3.746191;8.7;1.92602600000001;.454039;5.60295;0;.279842348274513;.893224878283035
P28;MO_60;60;38;-1.866614;1.416481;-.303115999999996;-.303116;3.346191;.926101;7.7868;0;.279842348274513;-4.67306575700398
P28;MO_60;60;39;-.517335;1.620659;5.920659;-2.226432;1.416481;1.866614;17.06625;0;.279842348274513;.273729495314626
P28;MO_60;60;40;.7016;1.216461;3.116461;8.3;1.620659;.517335;6.70545;0;.279842348274513;.390334100121901
P28;MO_60;60;41;1.03375;.605095000000006;9.10509500000001;5.3;1.216461;.7016;7.01415;0;.279842348274513;.0664567475682577
P28;MO_60;60;42;.659729;1.315124;11.115124;4.1;.605095000000006;1.03375;12.04965;0;.279842348274513;.118318428116501
P28;MO_60;60;43;.323813;2.64392100000001;8.64392100000001;11.6;1.315124;.659729;.3843;0;.279842348274513;.305870564990125
P28;MO_60;60;44;.359785;2.422821;22.022821;5.9;2.64392100000001;.323813;5.60295;0;.279842348274513;.110014107638617
P28;MO_60;60;45;-.127452;3.14154099999999;39.641541;18.2;2.422821;.359785;3.09465;0;.279842348274513;.0792487103364622
P28;MO_60;60;46;.196013;2.63571199999998;5.73571199999998;11.8;3.14154099999999;.127452;5.04;0;.279842348274513;.459526559213571
P28;MO_60;60;47;1.041554;1.928314;2.428314;6.9;2.63571199999998;.196013;6.2622;0;.279842348274513;.794095821215873
P28;MO_60;60;48;1.150918;.506897000000009;-.203658999999991;-.203659;1.928314;1.041554;16.452;0;.279842348274513;-2.48894966586319
P28;MO_60;60;49;.508422;2.333054;4.633054;6;.506897000000009;1.150918;10.0386;0;.279842348274513;.503567193475405
P28;MO_60;60;50;.691422;2.02775600000001;1000002.027756;7.2;2.333054;.508422;6.0426;0;.279842348274513;2.02775188821395E-06
P28;MO_60;60;51;.074584;2.531341;8.831341;5.5;2.02775600000001;.691422;4.0833;0;.279842348274513;.286631554596295
P28;MO_60;60;52;-.63856;3.45253;19.75253;6.3;2.531341;.074584;7.54875;0;.279842348274513;.174789254844822
P28;MO_60;60;53;.206282;2.528503;7.128503;14.8;3.45253;.63856;7.9146;0;.279842348274513;.354703224505903
P28;MO_60;60;54;.803263;2.43945299999999;18.039453;5.6;2.528503;.206282;6.98805;0;.279842348274513;.135228767745895
P28;MO_60;60;55;.28767;2.94374099999999;8.74374099999999;5.7;2.43945299999999;.803263;4.5414;0;.279842348274513;.336668366549283
P28;MO_60;60;56;-.970281;3.446304;23.146304;5;2.94374099999999;.28767;9.8739;0;.279842348274513;.148892194624248
P28;MO_60;60;57;-.084321;2.028412;7.728412;7.6;3.446304;.970281;10.8081;0;.279842348274513;.26246168035555
P28;MO_60;60;58;.748713;2.63443000000001;13.63443;15.3;2.028412;.084321;3.91815;0;.279842348274513;.19321893177786
P28;MO_60;60;59;-.205273;3.649292;7.049292;6.3;2.63443000000001;.748713;3.1131;0;.279842348274513;.517682059418166
P28;MO_60;60;60;-.721776;2.93963600000001;11.639636;2.7;3.649292;.205273;11.2473;0;.279842348274513;.252553945845043
P28;MO_60;60;61;.094383;3.02507;21.92507;22.7;2.93963600000001;.721776;9.96525;0;.279842348274513;.137973105673095
P28;MO_60;60;62;.553996;3.045242;14.645242;12.2;3.02507;.094383;3.09465;0;.279842348274513;.207933880505355
P28;MO_60;60;63;-.310198;3.439132;6.839132;10.5;3.045242;.553996;0;0;.279842348274513;.502860889364323
P28;MO_60;60;64;-.085019;3.44549599999999;9.44549599999999;2.8;3.439132;.310198;9.9657;0;.279842348274513;.36477660887263
P28;MO_60;60;65;.6297;3.35296599999998;16.452966;21.3;3.44549599999999;.085019;.0729;0;.279842348274513;.203790976046506
P28;MO_60;60;66;.95958;4.55912800000002;4.95912800000002;7.2;3.35296599999998;.6297;11.54025;0;.279842348274513;.91934065827702
P28;MO_60;60;67;1.797841;1.21542300000002;-.303970999999984;-.303971;4.55912800000002;.95958;14.80365;0;.279842348274513;-3.99848340795696
P28;MO_60;60;68;.506618;1.42120400000002;3.82120400000002;-2.02594;1.21542300000002;1.797841;33.00705;0;.279842348274513;.371925707185487
P28;MO_60;60;69;-1.122175;1.41537500000001;1.41537500000001;2.1;1.42120400000002;.506618;7.36785;1;.279842348274513;1
P28;MO_60;60;70;-.586193;1.41903699999997;5.51903699999997;-.504806;1.41537500000001;1.122175;9.14175;0;.279842348274513;.257116775988271
P28;MO_60;60;71;.52053;1.616974;19.616974;4.8;1.41903699999997;.586193;5.47605;0;.279842348274513;.082427289754271
P28;MO_60;60;72;.78412;1.615386;16.615386;8.1;1.616974;.52053;7.1451;0;.279842348274513;.0972222974536974
P29;MO_60;60;1;.197278;2.956717;8.756717;3.3;.410454;.059355;9.96525;0;.142876616760567;.337651313842848
P29;MO_60;60;2;.006524;3.532716;9.332716;13.6;2.956717;.197278;9.6723;0;.142876616760567;.37853032279135
P29;MO_60;60;3;-.134811;3.546891;38.246891;7.2;3.532716;.006524;12.2364;0;.142876616760567;.0927367142076986
P29;MO_60;60;4;.113064;5.777874;10.077874;5.6;3.546891;.134811;12.76695;0;.142876616760567;.573322706753428
P29;MO_60;60;5;-1.796763;3.350504;2.639828;8.2;5.777874;.113064;11.4669;1;.142876616760567;1.26921299417992
P29;MO_60;60;6;-.859911;.404178000000002;-1.22377;-1.22377;3.350504;1.796763;17.87715;0;.142876616760567;-.330272845387615
P29;MO_60;60;7;1.704831;.811071999999999;-2.135383;-2.135383;.404178000000002;.859911;36.28215;0;.142876616760567;-.379825071193317
P29;MO_60;60;8;.29964;.406475999999998;3.606476;4.8;.811071999999999;1.704831;7.1253;0;.142876616760567;.112707252176362
P29;MO_60;60;9;-.058804;.705458000000004;6.805458;3.8;.406475999999998;.29964;12.6207;0;.142876616760567;.103660620637142
P29;MO_60;60;10;.02279;2.63125599999999;7.33125599999999;16.7;.705458000000004;.058804;10.35;0;.142876616760567;.358909305581471
P29;MO_60;60;11;.185432;2.639572;7.139572;47.3;2.63125599999999;.02279;10.11195;0;.142876616760567;.369710117077046
P29;MO_60;60;12;.223505;4.053371;15.653371;7;2.639572;.185432;11.1006;0;.142876616760567;.258945565143764
P29;MO_60;60;13;.350128;4.36013;15.66013;6.6;4.053371;.223505;9.0684;0;.142876616760567;.278422337490174
P29;MO_60;60;14;.39954;5.468724;24.468724;58.1;4.36013;.350128;2.05065;0;.142876616760567;.223498536335609
P29;MO_60;60;15;.499378;5.165276;17.265276;31.9;5.468724;.39954;1.28205;0;.142876616760567;.299171354109833
P29;MO_60;60;16;.619038;5.25578300000001;1000005.255783;37;5.165276;.499378;1.062;0;.142876616760567;5.25575537689025E-06
P29;MO_60;60;17;.046679;6.494072;21.994072;29.9;5.25578300000001;.619038;1.9044;0;.142876616760567;.295264651311499
P29;MO_60;60;18;-.436361;7.60037199999999;12.400372;11.2;6.494072;.046679;4.0833;0;.142876616760567;.6129148383613
P29;MO_60;60;19;-.5864;1.11921699999999;8.01921699999999;7.6;7.60037199999999;.436361;3.30075;0;.142876616760567;.139566867937355
P29;MO_60;60;20;.01435;2.83223000000001;7.83223000000001;4.8;1.11921699999999;.5864;7.4754;0;.142876616760567;.361612210060226
P29;MO_60;60;21;1.11837;7.50025100000001;6.079971;6.3;2.83223000000001;.01435;5.80905;1;.142876616760567;1.23359979842009
P29;MO_60;60;22;.784231;3.651718;5.651718;7.2;7.50025100000001;1.11837;6.7383;0;.142876616760567;.646125302076289
P29;MO_60;60;23;.567214;5.165093;14.865093;11.2;3.651718;.784231;4.68765;0;.142876616760567;.347464560093906
P29;MO_60;60;24;-.617989;4.260285;6.560285;9.1;5.165093;.567214;1.7397;0;.142876616760567;.64940547552431
P29;MO_60;60;25;-.690703;3.74878699999999;11.848787;11.2;4.260285;.617989;5.8824;0;.142876616760567;.316385719483352
P29;MO_60;60;26;.39015;2.73201800000001;18.832018;6.9;3.74878699999999;.690703;5.3514;0;.142876616760567;.145073034658315
P29;MO_60;60;27;-1.535886;6.385864;2.843552;7.9;2.73201800000001;.39015;5.74965;1;.142876616760567;2.24573491182859
P29;MO_60;60;28;-1.262625;1.31740500000001;-4.04617299999999;-4.046173;6.385864;1.535886;5.3424;0;.142876616760567;-.325592850330427
P29;MO_60;60;29;.680266;1.52228599999999;11.922286;-5.869239;1.31740500000001;1.262625;17.70435;0;.142876616760567;.127684069984564
P29;MO_60;60;30;-1.726795;3.55071999999998;2.84251399999999;5.8;1.52228599999999;.680266;12.98655;1;.142876616760567;1.24914776145341
P29;MO_60;60;31;.941103;.509140000000002;-1.215637;-1.215637;3.55071999999998;1.726795;7.695;0;.142876616760567;-.418825685628195
P29;MO_60;60;32;.803566;1.21402;-2.230499;-2.230499;.509140000000002;.941103;3.02535;0;.142876616760567;-.544281795239541
P29;MO_60;60;33;-1.388296;.813384999999982;-3.95207200000002;-3.952072;1.21402;.803566;1.13535;0;.142876616760567;-.205812292893444
P29;MO_60;60;34;.276833;.503813999999977;1.80381399999998;2.3;.813384999999982;1.388296;.8424;0;.142876616760567;.27930485072185
P29;MO_60;60;35;1.507653;1.01040700000001;.200440000000015;.3;.503813999999977;.276833;10.07685;1;.142876616760567;5.04094492117309
P29;MO_60;60;36;-.472175;2.33369500000001;3.43369500000001;-1.316543;1.01040700000001;1.507653;17.6733;0;.142876616760567;.679645396577158
P29;MO_60;60;37;-1.121244;2.02078299999999;.100556000000012;.2;2.33369500000001;.472175;14.10525;1;.142876616760567;20.0960957078618
P29;MO_60;60;38;.041222;2.12643499999999;17.426435;6.5;2.02078299999999;1.121244;6.26715;0;.142876616760567;.122023523457322
P29;MO_60;60;39;-.309702;7.08570800000001;11.185708;8;2.12643499999999;.041222;3.47895;0;.142876616760567;.633460841280678
P29;MO_60;60;40;.313102;4.15382399999999;16.453824;8.1;7.08570800000001;.309702;6.55965;0;.142876616760567;.252453411437973
P29;MO_60;60;41;.897918;4.15248099999999;5.352481;9.4;4.15382399999999;.313102;7.40205;0;.142876616760567;.775804902436831
P29;MO_60;60;42;1.272333;2.23683199999999;.101882999999987;.2;4.15248099999999;.897918;7.56225;1;.142876616760567;21.9549090623585
P29;MO_60;60;43;.896832;4.658432;7.958432;-2.641067;2.23683199999999;1.272333;8.3727;0;.142876616760567;.585345454984097
P29;MO_60;60;44;1.023215;4.140503;4.740503;8.6;4.658432;.896832;7.09065;0;.142876616760567;.873431152770075
P29;MO_60;60;45;1.41182;3.640884;2.628967;-.202484;4.140503;1.023215;10.8081;0;.142876616760567;1.38491049906674
P29;MO_60;60;46;-1.768864;1.012451;-1.51825;-1.51825;3.640884;1.41182;12.4236;0;.142876616760567;-.666853943685164
P29;MO_60;60;47;.584724;2.937241;4.637241;-3.035568;1.012451;1.768864;18.31095;0;.142876616760567;.633402706479995
P29;MO_60;60;48;.90384;3.74024999999997;.604629999999986;1.1;2.937241;.584724;8.51895;1;.142876616760567;6.18601458743373
P29;MO_60;60;49;-.076582;6.27766400000002;18.977664;2;3.74024999999997;.90384;8.226;0;.142876616760567;.330792240815309
P29;MO_60;60;50;-.121341;4.78334100000001;7.78334100000001;7.7;6.27766400000002;.076582;6.66495;0;.142876616760567;.6145614074984
P29;MO_60;60;51;-.656712;3.240082;7.440082;4;4.78334100000001;.121341;7.84125;0;.142876616760567;.43549009271672
P29;MO_60;60;52;1.467794;4.05458100000001;3.44816599999999;8.1;3.240082;.656712;10.49625;1;.142876616760567;1.17586595308927
P29;MO_60;60;53;1.762728;1.72157300000001;-1.11309799999999;-1.113098;4.05458100000001;1.467794;2.2374;0;.142876616760567;-1.54664998050488
P29;MO_60;60;54;1.801259;4.354522;3.642395;-3.341721;1.72157300000001;1.762728;11.0277;0;.142876616760567;1.19551064615452
P29;MO_60;60;55;-.424355;.916595999999998;-1.220962;-1.220962;4.354522;1.801259;7.79085;0;.142876616760567;-.750716238507012
P29;MO_60;60;56;.586426;2.426605;4.726605;-2.642578;.916595999999998;.424355;22.71915;0;.142876616760567;.513392805195272
P30;MO_60;60;1;-.187834;.103668;16.603668;22.6;.101484;.343905;.3114;0;.341689301848246;.00624368061322354
P30;MO_60;60;2;-.106168;.205289;8.405289;10.7;.103668;.187834;.51255;0;.341689301848246;.0244237884027545
P30;MO_60;60;3;.728408;3.657161;6.957161;7.3;.205289;.106168;.97065;0;.341689301848246;.525668588092183
P30;MO_60;60;4;.769268;2.329896;10.829896;12.5;3.657161;.728408;1.72125;0;.341689301848246;.215135583942819
P30;MO_60;60;5;-.520916;4.051656;7.351656;11.2;2.329896;.769268;.1467;0;.341689301848246;.551121543227812
P30;MO_60;60;6;-.744241;2.025753;9.325753;9.7;4.051656;.520916;2.47635;0;.341689301848246;.217221386841363
P30;MO_60;60;7;-.079741;2.236606;26.236606;7.8;2.025753;.744241;1.8126;0;.341689301848246;.0852475354472297
P30;MO_60;60;8;.275187;3.940806;17.140806;22.7;2.236606;.079741;0;0;.341689301848246;.229907858475267
P30;MO_60;60;9;-.293994;3.762779;10.062779;12.7;3.940806;.275187;.23805;0;.341689301848246;.37393040232723
P30;MO_60;60;10;-.878618;3.850013;25.650013;5.2;3.762779;.293994;1.81305;0;.341689301848246;.150097896636544
P30;MO_60;60;11;-.514588;3.85562899999999;11.155629;23.5;3.850013;.878618;1.1349;0;.341689301848246;.3456218380873
P30;MO_60;60;12;.292938;3.437309;1000003.437309;12.5;3.85562899999999;.514588;.60435;0;.341689301848246;3.43729718494745E-06
P30;MO_60;60;13;.629363;2.932239;30.232239;13.8;3.437309;.292938;.3663;0;.341689301848246;.0969904676924524
P30;MO_60;60;14;1.347381;6.182441;5.161621;20.4;2.932239;.629363;1.3734;1;.341689301848246;1.19777120404617
P30;MO_60;60;15;1.499295;.303020000000004;-1.528019;-1.528019;6.182441;1.347381;1.86345;0;.341689301848246;-.198309052439796
P30;MO_60;60;16;1.339226;.710616999999999;-2.338192;-2.338192;.303020000000004;1.499295;1.13535;0;.341689301848246;-.303917300204602
P30;MO_60;60;17;.928086;3.146004;6.046004;-3.553703;.710616999999999;1.339226;1.1349;0;.341689301848246;.52034434644767
P30;MO_60;60;18;.773028;2.639992;10.039992;4.2;3.146004;.928086;1.66635;0;.341689301848246;.262947619878582
P30;MO_60;60;19;-.474497;4.14457;22.24457;6.5;2.639992;.773028;2.50875;0;.341689301848246;.186318279022701
P30;MO_60;60;20;-.522399;3.94863100000001;18.248631;16.5;4.14457;.474497;.60435;0;.341689301848246;.2163795738979
P30;MO_60;60;21;999;4.06060099999999;11.660601;14.4;3.94863100000001;.522399;0;0;.341689301848246;.348232565371201
P30;MO_60;60;22;.627423;4.259957;35.059957;9.5;4.06060099999999;7.5;.82395;0;.341689301848246;.121504912284975
P30;MO_60;60;23;.269067;5.788262;19.288262;29.2;4.259957;.627423;0;0;.341689301848246;.300092460378234
P30;MO_60;60;24;-.620198;6.48361899999999;13.983619;13.7;5.788262;.269067;.3663;0;.341689301848246;.463658156018123
P30;MO_60;60;25;-.686846;2.43848399999999;12.838484;33.6;6.48361899999999;.620198;1.66635;0;.341689301848246;.189935509519659
P30;MO_60;60;26;-.278997;2.83646399999999;20.336464;9.8;2.43848399999999;.686846;1.593;0;.341689301848246;.139476754660987
P30;MO_60;60;27;-.337368;4.85656;21.75656;16.2;2.83646399999999;.278997;.3843;0;.341689301848246;.223222788896774
P30;MO_60;60;28;-.059482;4.35193699999999;10.851937;19.8;4.85656;.337368;1.062;0;.341689301848246;.401028590564061
P30;MO_60;60;29;.241572;6.382034;16.182034;42.8;4.35193699999999;.059482;.6957;0;.341689301848246;.394390099538785
P30;MO_60;60;30;-.835062;7.085404;33.485404;11.4;6.382034;.241572;.531;0;.341689301848246;.211596790052167
P30;MO_60;60;31;.292294;4.76234400000001;7.16234400000001;23.6;7.085404;.835062;1.9593;0;.341689301848246;.664914167764073
P30;MO_60;60;32;1.560502;2.43109200000001;1.01513700000001;2;4.76234400000001;.292294;2.0511;1;.341689301848246;2.39484128743213
P30;MO_60;60;33;1.5948;.703613999999988;-1.91983000000001;-1.91983;2.43109200000001;1.560502;8.1045;0;.341689301848246;-.366498075350414
P30;MO_60;60;34;.970287;.91017100000002;6.21017100000002;-3.129883;.703613999999988;1.5948;3.33225;0;.341689301848246;.146561342674786
P30;MO_60;60;35;.664792;1.114914;9.114914;5.3;.91017100000002;.970287;4.15665;0;.341689301848246;.122317555601731
P30;MO_60;60;36;-1.299265;6.885391;6.27938899999998;13.8;1.114914;.664792;.22005;1;.341689301848246;1.09650652316651
P30;MO_60;60;37;-1.521354;.403106999999977;-1.11166300000002;-1.111663;6.885391;1.299265;7.3836;0;.341689301848246;-.362616188539125
P30;MO_60;60;38;-1.330736;.507903999999996;-2.016586;-2.016586;.403106999999977;1.521354;2.1789;0;.341689301848246;-.251863297672401
P30;MO_60;60;39;-.477126;1.11433399999999;21.514334;6.1;.507903999999996;1.330736;2.5821;0;.341689301848246;.0517949567948508
P30;MO_60;60;40;.42709;1.82888800000001;5.32888800000001;20.3;1.11433399999999;.477126;1.593;0;.341689301848246;.343202559333205
P30;MO_60;60;41;.811605;.608733999999998;14.308734;3.6;1.82888800000001;.42709;.9153;0;.341689301848246;.0425428273388825
P30;MO_60;60;42;1.444817;5.16684000000001;1.61978200000001;13.2;.608733999999998;.811605;1.83105;1;.341689301848246;3.18983665703161
P30;MO_60;60;43;1.470109;.304305999999997;-.507507000000003;-.507507;5.16684000000001;1.444817;1.13535;0;.341689301848246;-.59960946351478
P30;MO_60;60;44;1.263676;.608902;-1.317962;-1.317962;.304305999999997;1.470109;1.1349;0;.341689301848246;-.462002698105105
P30;MO_60;60;45;.363595;2.84051499999998;10.540515;-2.4328;.608902;1.263676;.23805;0;.341689301848246;.269485409394131
P30;MO_60;60;46;-.85022;3.24035699999999;4.74035699999999;7.8;2.84051499999998;.363595;.6957;0;.341689301848246;.683568136323909
P30;MO_60;60;47;-1.103187;.305236999999977;.605236999999977;.9;3.24035699999999;.85022;2.05065;0;.341689301848246;.504326404367196
P30;MO_60;60;48;-.867655;1.01393099999999;11.613931;-.406861;.305236999999977;1.103187;6.5781;0;.341689301848246;.0873029984421287
P30;MO_60;60;49;-.307674;1.41030900000001;18.210309;31.3;1.01393099999999;.867655;.98865;0;.341689301848246;.0774456380723693
P30;MO_60;60;50;.014635;2.83529700000003;14.535297;18.3;1.41030900000001;.307674;0;0;.341689301848246;.195062887259891
P30;MO_60;60;51;-1.13058;5.353104;5.353104;10.5;2.83529700000003;.014635;.14625;1;.341689301848246;1
P30;MO_60;60;52;-1.42119;.307556000000005;-.506255999999995;-.506256;5.353104;1.13058;3.75795;0;.341689301848246;-.607510824563083
P30;MO_60;60;53;-1.44873;.405273000000022;-1.31895399999998;-1.318954;.307556000000005;1.42119;2.05065;0;.341689301848246;-.307268486998052
P30;MO_60;60;54;-.797855;.807189999999991;29.00719;-2.227798;.405273000000022;1.44873;7.3287;0;.341689301848246;.0278272386949577
P30;MO_60;60;55;-.209148;.711119999999994;12.11112;11.6;.807189999999991;.797855;.29295;0;.341689301848246;.0587162871807062
P30;MO_60;60;56;.169598;1.117142;19.117142;10.3;.711119999999994;.209148;1.51965;0;.341689301848246;.0584366638067552
P30;MO_60;60;57;.325978;2.227722;32.127722;18;1.117142;.169598;.531;0;.341689301848246;.0693395566607555
P30;MO_60;60;58;.185691;4.14389;30.94389;50.5;2.227722;.325978;.0729;0;.341689301848246;.133916259397251
P30;MO_60;60;59;-.424034;4.87142899999998;13.371429;24.3;4.14389;.185691;0;0;.341689301848246;.364316259690717
P30;MO_60;60;60;-.869364;2.53306599999999;7.33306599999999;7.2;4.87142899999998;.424034;.6039;0;.341689301848246;.34543068342764
P30;MO_60;60;61;-1.108594;2.32688899999999;22.026889;3.5;2.53306599999999;.869364;.531;0;.341689301848246;.105638567479956
P30;MO_60;60;62;-1.122027;4.248749;.610275999999999;21.4;2.32688899999999;1.108594;.45765;1;.341689301848246;6.96201226985824
P30;MO_60;60;63;-.776212;5.47073300000002;15.170733;46.7;4.248749;1.122027;1.13535;0;.341689301848246;.360610986957586
P30;MO_60;60;64;-.11271;6.393677;17.893677;9.2;5.47073300000002;.776212;1.51965;0;.341689301848246;.357314877204948
P31;MO_60;60;1;-.03021;.405917;34.705917;8.3;.404341;.218795;1.4283;0;.116229606706991;.0116959018832437
P31;MO_60;60;2;.367473;1.126568;6.326568;8.1;.405917;.03021;.3114;0;.116229606706991;.178069373473896
P31;MO_60;60;3;.596112;.708641;9.608641;9;1.126568;.367473;1.4283;0;.116229606706991;.0737503878019795
P31;MO_60;60;4;.494016;1.214261;10.814261;7.8;.708641;.596112;3.6252;0;.116229606706991;.112283308124337
P31;MO_60;60;5;.383682;1.619037;9.619037;32.7;1.214261;.494016;2.124;0;.116229606706991;.168315913536875
P31;MO_60;60;6;.263504;1.616257;13.816257;14.6;1.619037;.383682;1.4283;0;.116229606706991;.116982262272626
P31;MO_60;60;7;.290458;1.623089;7.523089;7.1;1.616257;.263504;2.5497;0;.116229606706991;.215747680241454
P31;MO_60;60;8;.393717;.806810000000002;9.60681;7.8;1.623089;.290458;1.2816;0;.116229606706991;.0839831327985046
P31;MO_60;60;9;.298476;1.623502;23.823502;9.1;.806810000000002;.393717;2.7828;0;.116229606706991;.0681470759420676
P31;MO_60;60;10;.284688;1.82098;37.52098;31.2;1.623502;.298476;1.3734;0;.116229606706991;.0485323144544732
P31;MO_60;60;11;.154599;2.027115;29.927115;8;1.82098;.284688;2.4354;0;.116229606706991;.0677350623339403
P31;MO_60;60;12;.169;1.816561;14.816561;9.1;2.027115;.154599;2.72835;0;.116229606706991;.122603416541801
P31;MO_60;60;13;.104416;1.719677;8.119677;10;1.816561;.169;.98865;0;.116229606706991;.211791306476846
P31;MO_60;60;14;-.11206;1.010885;10.310885;11.1;1.719677;.104416;1.87245;0;.116229606706991;.0980405658680123
P31;MO_60;60;15;-.107785;1.61976300000001;10.719763;19.6;1.010885;.11206;1.7397;0;.116229606706991;.15110063534054
P31;MO_60;60;16;.000997;1.421909;7.121909;12.8;1.61976300000001;.107785;3.15405;0;.116229606706991;.199652789722531
P31;MO_60;60;17;.222403;1.21627;10.41627;10.6;1.421909;.000997;1.44675;0;.116229606706991;.116766366463235
P31;MO_60;60;18;.229971;1.517857;8.417857;23.3;1.21627;.222403;2.41695;0;.116229606706991;.180313944511056
P31;MO_60;60;19;.191175;1.618439;8.31843899999999;12.6;1.517857;.229971;1.66635;0;.116229606706991;.194560421732972
P31;MO_60;60;20;-.034356;1.72039100000001;14.020391;9.4;1.618439;.191175;3.09915;0;.116229606706991;.122706349630336
P31;MO_60;60;21;-.108419;1.32101;6.32101;9.3;1.72039100000001;.034356;1.13535;0;.116229606706991;.208987171353945
P31;MO_60;60;22;-.304016;.910526000000004;6.310526;16.4;1.32101;.108419;4.3074;0;.116229606706991;.144286862933455
P31;MO_60;60;23;-.147336;1.410812;6.810812;22.8;.910526000000004;.304016;2.0322;0;.116229606706991;.207142995578207
P31;MO_60;60;24;-.164631;.910460999999998;5.310461;8.2;1.410812;.147336;2.03715;0;.116229606706991;.17144669737712
P31;MO_60;60;25;.164417;1.00708;12.90708;15.3;.910460999999998;.164631;1.35495;0;.116229606706991;.0780253938148675
P31;MO_60;60;26;.294366;1.623406;9.623406;11.1;1.00708;.164417;2.10555;0;.116229606706991;.168693495837129
P31;MO_60;60;27;.395505;1.21754499999999;16.117545;16.8;1.623406;.294366;2.25225;0;.116229606706991;.0755415914768651
P31;MO_60;60;28;.267985;1.719906;9.119906;13.8;1.21754499999999;.395505;1.66635;0;.116229606706991;.18858812799167
P31;MO_60;60;29;.147265;1.51622099999999;5.61622099999999;10.1;1.719906;.267985;3.31875;0;.116229606706991;.269971747906643
P31;MO_60;60;30;.38761;1.519741;17.119741;13.7;1.51622099999999;.147265;2.655;0;.116229606706991;.088771261200739
P31;MO_60;60;31;.5063;1.62076200000001;6.32076200000001;30.8;1.519741;.38761;3.09465;0;.116229606706991;.256418767230914
P31;MO_60;60;32;.676176;1.312523;13.312523;11.9;1.62076200000001;.5063;2.05065;0;.116229606706991;.0985931066560411
P31;MO_60;60;33;.408961;1.62204;30.32204;11.8;1.312523;.676176;2.41695;0;.116229606706991;.0534937622930383
P31;MO_60;60;34;.339107;1.72396000000001;9.82396;6.2;1.62204;.408961;3.90465;0;.116229606706991;.175485242203756
P31;MO_60;60;35;.318148;1.82817900000001;15.328179;10;1.72396000000001;.339107;1.7397;0;.116229606706991;.119269157804069
P31;MO_60;60;36;.376427;1.925957;8.025957;5.7;1.82817900000001;.318148;3.2274;0;.116229606706991;.239966025235371
P31;MO_60;60;37;.489578;1.62185;13.82185;9.8;1.925957;.376427;2.10555;0;.116229606706991;.117339574658964
P31;MO_60;60;38;.648487;2.12670899999999;4.42670899999999;9;1.62185;.489578;2.18385;0;.116229606706991;.480426655558338
P31;MO_60;60;39;.925205;.709206000000009;6.20920600000001;9.3;2.12670899999999;.648487;3.01725;0;.116229606706991;.114218468512723
P31;MO_60;60;40;.63501;1.218002;9.018002;6.3;.709206000000009;.925205;6.0426;0;.116229606706991;.135063398743979
P31;MO_60;60;41;.440677;1.618073;29.818073;11.5;1.218002;.63501;2.3436;0;.116229606706991;.0542648413262655
P31;MO_60;60;42;.341152;1.731255;17.331255;20.1;1.618073;.440677;2.72835;0;.116229606706991;.0998920735976708
P31;MO_60;60;43;.297227;1.824585;12.324585;28.8;1.731255;.341152;2.27025;0;.116229606706991;.148044335772766
P31;MO_60;60;44;.30532;1.929726;9.529726;24.5;1.824585;.297227;2.19735;0;.116229606706991;.202495433761684
P31;MO_60;60;45;.294219;2.026543;12.126543;30.4;1.929726;.30532;2.7099;0;.116229606706991;.167116300168976
P31;MO_60;60;46;.296957;1.92858099999999;26.928581;6.5;2.026543;.294219;3.99645;0;.116229606706991;.0716183671170787
P31;MO_60;60;47;.25402;1.72271000000001;11.82271;8.3;1.92858099999999;.296957;2.2707;0;.116229606706991;.145711939140858
P31;MO_60;60;48;.175101;1.82446299999999;8.42446299999999;7.6;1.72271000000001;.25402;1.73925;0;.116229606706991;.216567275564032
P31;MO_60;60;49;.18047;1.725449;10.325449;9.1;1.82446299999999;.175101;1.22715;0;.116229606706991;.167106437695833
P31;MO_60;60;50;.183742;1.921516;11.221516;7.6;1.725449;.18047;3.46545;0;.116229606706991;.171234973955391
P31;MO_60;60;51;.220148;1.51995799999999;7.91995799999999;11;1.921516;.183742;1.6479;0;.116229606706991;.191914906619453
P31;MO_60;60;52;.02312;1.415718;15.515718;9.8;1.51995799999999;.220148;2.6415;0;.116229606706991;.0912441177391855
P31;MO_60;60;53;.094121;1.718941;41.018941;15.7;1.415718;.02312;2.7099;0;.116229606706991;.0419060306798267
P31;MO_60;60;54;.264249;1.82841499999999;12.128415;11.7;1.718941;.094121;2.0322;0;.116229606706991;.150754653431631
P31;MO_60;60;55;.268848;1.81724500000001;21.317245;9.5;1.82841499999999;.264249;1.593;0;.116229606706991;.0852476480896106
P31;MO_60;60;56;.289451;1.62377199999999;18.123772;13.1;1.81724500000001;.268848;2.3436;0;.116229606706991;.0895934908031281
P31;MO_60;60;57;.290241;2.02805400000001;17.728054;32.9;1.62377199999999;.289451;1.66635;0;.116229606706991;.114398004428462
P31;MO_60;60;58;.393861;1.817871;9.817871;8;2.02805400000001;.290241;3.2274;0;.116229606706991;.185159389444005
P31;MO_60;60;59;.414919;1.620346;7.720346;11.8;1.817871;.393861;1.04355;0;.116229606706991;.20987997170075
P31;MO_60;60;60;.16247;1.212914;8.012914;12.8;1.620346;.414919;2.40345;0;.116229606706991;.151369901137089
P31;MO_60;60;61;.152896;2.022705;13.922705;10.8;1.212914;.16247;2.56365;0;.116229606706991;.145281035545894
P31;MO_60;60;62;.213102;1.82092299999999;1000001.820923;21.9;2.022705;.152896;1.51965;0;.116229606706991;1.82091968424546E-06
P31;MO_60;60;63;.267616;2.433381;61.033381;56.4;1.82092299999999;.213102;1.88595;0;.116229606706991;.0398696739412159
P31;MO_60;60;64;.138573;2.42872600000001;35.028726;24.1;2.433381;.267616;1.8126;0;.116229606706991;.0693352650050707
P31;MO_60;60;65;.185077;2.23021;9.73021;9.5;2.42872600000001;.138573;2.124;0;.116229606706991;.229204713978424
P31;MO_60;60;66;.206611;2.12634300000002;13.826343;23.6;2.23021;.185077;1.8126;0;.116229606706991;.153789255770671
P31;MO_60;60;67;.142723;1.623459;49.923459;9.8;2.12634300000002;.206611;3.84975;0;.116229606706991;.0325189606753811
P31;MO_60;60;68;.127498;2.126282;24.726282;26.4;1.623459;.142723;1.66635;0;.116229606706991;.0859927909905743
P31;MO_60;60;69;.071732;2.224457;17.324457;10.7;2.126282;.127498;1.8126;0;.116229606706991;.128399810741543
P31;MO_60;60;70;.157626;1.823623;7.123623;9.9;2.224457;.071732;.8244;0;.116229606706991;.255996562423362
P31;MO_60;60;71;.374409;1.01312300000001;8.71312300000001;13;1.823623;.157626;2.0322;0;.116229606706991;.116275530599076
P31;MO_60;60;72;.380578;1.51876799999999;8.01876799999999;51.4;1.01312300000001;.374409;2.1969;0;.116229606706991;.189401663696966
P31;MO_60;60;73;.441385;2.427795;22.027795;10.5;1.51876799999999;.380578;2.85615;0;.116229606706991;.110215071458582
P31;MO_60;60;74;.325155;2.02877800000002;15.228778;9;2.427795;.441385;3.2409;0;.116229606706991;.133220012794199
P31;MO_60;60;75;.324418;2.02361999999999;21.12362;9.7;2.02877800000002;.325155;2.94795;0;.116229606706991;.0957989208289105
P31;MO_60;60;76;.315092;1.820007;14.420007;10.6;2.02361999999999;.324418;2.19735;0;.116229606706991;.126214016400963
P31;MO_60;60;77;.261316;1.62138399999998;13.321384;12.1;1.820007;.315092;1.73925;0;.116229606706991;.121712879082232
P31;MO_60;60;78;.044405;1.92926;15.32926;11.3;1.62138399999998;.261316;1.9773;0;.116229606706991;.125854737932555
P31;MO_60;60;79;.047861;1.01310799999999;3.61310799999999;7.7;1.92926;.044405;2.1105;0;.116229606706991;.280397928874529
P31;MO_60;60;80;.290579;.807663000000019;11.607663;26.3;1.01310799999999;.047861;2.27025;0;.116229606706991;.0695801557988045
P31;MO_60;60;81;.537769;2.01799;5.91799;18.1;.807663000000019;.290579;2.41695;0;.116229606706991;.340992465347187
P31;MO_60;60;82;.719083;.706191999999987;8.40619199999999;11.8;2.01799;.537769;2.4354;0;.116229606706991;.0840085498879859
P31;MO_60;60;83;.592624;1.31221000000002;6.51221000000002;7.4;.706191999999987;.719083;5.7357;0;.116229606706991;.201499951629326
P31;MO_60;60;84;.497992;1.92976400000001;17.129764;8.3;1.31221000000002;.592624;3.6252;0;.116229606706991;.112655609265838
P31;MO_60;60;85;.483266;1.92796300000001;8.627963;21.7;1.92976400000001;.497992;2.2707;0;.116229606706991;.223455177079458
P31;MO_60;60;86;.384632;1.720932;7.420932;12.3;1.92796300000001;.483266;1.35495;0;.116229606706991;.231902407945525
P31;MO_60;60;87;.101243;.911879999999996;7.91188;15.4;1.720932;.384632;3.8502;0;.116229606706991;.115254528632891
P31;MO_60;60;88;-.137592;1.82518100000001;6.52518100000001;12.1;.911879999999996;.101243;1.51965;0;.116229606706991;.279713466952106
P31;MO_60;60;89;-.369857;.604278999999991;6.60427899999999;8.2;1.82518100000001;.137592;2.1969;0;.116229606706991;.0914981029723293
P31;MO_60;60;90;-.263048;1.013092;21.213092;7.3;.604278999999991;.369857;3.0213;0;.116229606706991;.0477578657557324
P31;MO_60;60;91;-.172425;1.42257699999999;15.222577;18.5;1.013092;.263048;2.106;0;.116229606706991;.0934517854631308
P31;MO_60;60;92;-.013812;1.72586100000001;11.825861;13.8;1.42257699999999;.172425;2.3436;0;.116229606706991;.145939564146747
P31;MO_60;60;93;.016078;1.713898;12.013898;8.7;1.72586100000001;.013812;1.66635;0;.116229606706991;.142659609728666
P31;MO_60;60;94;.148585;1.72047400000002;6.72047400000002;10.1;1.713898;.016078;3.00735;0;.116229606706991;.256004859181066
P31;MO_60;60;95;.405773;.70841999999999;10.90842;9.6;1.72047400000002;.148585;1.2087;0;.116229606706991;.0649424939633778
P31;MO_60;60;96;.55254;1.927063;7.527063;17.3;.70841999999999;.405773;1.57455;0;.116229606706991;.256017918277023
P31;MO_60;60;97;.616786;1.32084599999999;38.020846;10.7;1.927063;.55254;2.72835;0;.116229606706991;.0347400476044113
P31;MO_60;60;98;.396719;1.82708700000001;44.027087;25;1.32084599999999;.616786;2.124;0;.116229606706991;.0414991570984474
P31;MO_60;60;99;.272608;1.82490600000003;7.22490600000003;12.5;1.82708700000001;.396719;1.6479;0;.116229606706991;.252585431561327
P31;MO_60;60;100;.341718;2.02706900000001;22.627069;8.4;1.82490600000003;.272608;3.09465;0;.116229606706991;.0895860175261767
P31;MO_60;60;101;.470883;1.82482899999999;6.12482899999999;8.6;2.02706900000001;.341718;1.5201;0;.116229606706991;.297939583292855
P31;MO_60;60;102;.603202;1.51924099999999;9.51924099999999;10.4;1.82482899999999;.470883;1.6479;0;.116229606706991;.159596862817108
P32;MO_60;60;1;-.966357;.408074999999999;7.208075;5.3;.511457;1.125281;4.6008;0;.207024210191947;.0566135896199747
P32;MO_60;60;2;-.606385;.505776;6.505776;30.9;.408074999999999;.966357;2.63655;0;.207024210191947;.0777426090292688
P32;MO_60;60;3;-.275992;.306372;14.106372;11.2;.505776;.606385;1.20825;0;.207024210191947;.0217186956362699
P32;MO_60;60;4;.045857;.714152;21.514152;7.1;.306372;.275992;3.16755;0;.207024210191947;.0331945223776424
P32;MO_60;60;5;.234051;.814163000000001;18.614163;24.4;.714152;.045857;.6039;0;.207024210191947;.0437388992456981
P32;MO_60;60;6;.300918;1.108486;9.408486;13.7;.814163000000001;.234051;.67725;0;.207024210191947;.117817680761814
P32;MO_60;60;7;.073184;1.215655;8.315655;7.6;1.108486;.300918;.8973;0;.207024210191947;.146188724760707
P32;MO_60;60;8;-.307759;1.119888;8.919888;7.4;1.215655;.073184;.6039;0;.207024210191947;.125549558469792
P32;MO_60;60;9;-.550667;.912216999999998;9.512217;21.9;1.119888;.307759;1.8126;0;.207024210191947;.0958995153285504
P32;MO_60;60;10;-.464164;1.011936;10.211936;7.4;.912216999999998;.550667;1.73925;0;.207024210191947;.0990934529946134
P32;MO_60;60;11;-.129106;1.528566;28.528566;14.6;1.011936;.464164;.45765;0;.207024210191947;.0535801904659351
P32;MO_60;60;12;.071505;1.416435;18.816435;25.6;1.528566;.129106;.14625;0;.207024210191947;.0752764803747362
P32;MO_60;60;13;.02824;1.72452;11.92452;13.4;1.416435;.071505;.60435;0;.207024210191947;.144619657646597
P32;MO_60;60;14;-.256453;1.924982;1000001.924982;11.8;1.72452;.02824;.43965;0;.207024210191947;1.92497829445143E-06
P32;MO_60;60;15;-.483556;1.921698;45.621698;23.4;1.924982;.256453;.3843;0;.207024210191947;.0421224567310055
P32;MO_60;60;16;-.470315;1.626634;10.326634;16.5;1.921698;.483556;.8424;0;.207024210191947;.157518316229664
P32;MO_60;60;17;-.043191;1.627994;18.327994;6.4;1.626634;.470315;2.3436;0;.207024210191947;.0888255419551098
P32;MO_60;60;18;.370797;2.230149;17.830149;20.5;1.627994;.043191;.7506;0;.207024210191947;.125077418029429
P32;MO_60;60;19;.507758;2.230858;17.330858;39;2.230149;.370797;.45765;0;.207024210191947;.128721728606858
P32;MO_60;60;20;.205516;2.02428800000001;9.124288;14.1;2.230858;.507758;.531;0;.207024210191947;.221857091753352
P32;MO_60;60;21;-.512501;2.235718;23.335718;7.7;2.02428800000001;.205516;1.13535;0;.207024210191947;.0958066942701313
P32;MO_60;60;22;-.77041;1.520851;11.420851;17.5;2.235718;.512501;.7506;0;.207024210191947;.133164420059416
P32;MO_60;60;23;-.135395;2.122666;6.322666;8.5;1.520851;.77041;1.7991;0;.207024210191947;.335723253450364
P32;MO_60;60;24;1.111577;2.225888;2.225888;4.2;2.122666;.135395;.531;1;.207024210191947;1
P32;MO_60;60;25;1.509281;1.009572;-.506057000000001;-.506057;2.225888;1.111577;1.50165;0;.207024210191947;-1.99497685043384
P32;MO_60;60;26;1.420213;.606335000000001;-2.020515;-2.020515;1.009572;1.509281;3.5523;0;.207024210191947;-.300089333659983
P32;MO_60;60;27;.793898;1.51604099999999;11.016041;-3.13274;.606335000000001;1.420213;3.4056;0;.207024210191947;.137621219819352
P32;MO_60;60;28;.275473;2.124843;9.924843;15.1;1.51604099999999;.793898;1.57455;0;.207024210191947;.214093361476852
P32;MO_60;60;29;-.54946;2.5383;19.4383;6.6;2.124843;.275473;1.88595;0;.207024210191947;.130582406897723
P32;MO_60;60;30;-.674642;2.328449;11.528449;10.1;2.5383;.54946;1.13535;0;.207024210191947;.201974177098758
P32;MO_60;60;31;-.066533;2.742103;32.842103;7.6;2.328449;.674642;2.41695;0;.207024210191947;.0834935265868937
P32;MO_60;60;32;.110114;3.546249;15.046249;13.1;2.742103;.066533;1.9044;0;.207024210191947;.235689905171714
P32;MO_60;60;33;.273987;2.94364899999999;41.243649;10.1;3.546249;.110114;.8424;0;.207024210191947;.071372176598632
P32;MO_60;60;34;999;3.44729600000001;25.847296;18.7;2.94364899999999;.273987;.43965;0;.207024210191947;.133371630053682
P32;MO_60;60;35;-.030929;4.351837;12.851837;20.8;3.44729600000001;7.5;1.20825;0;.207024210191947;.338615950389038
P32;MO_60;60;36;.37654;4.043648;24.743648;14.9;4.351837;.030929;.3114;0;.207024210191947;.163421658762685
P32;MO_60;60;37;.43944;3.543785;16.343785;52.2;4.043648;.37654;.60435;0;.207024210191947;.216827680980874
P32;MO_60;60;38;-.752608;5.25803400000001;7.85803400000001;12.3;3.543785;.43944;.67725;0;.207024210191947;.66912843594212
P32;MO_60;60;39;-1.416649;3.03870400000001;1.013481;1.8;5.25803400000001;.752608;.89685;1;.207024210191947;2.99828413162162
P32;MO_60;60;40;-1.265457;1.01387;-2.428765;-2.428765;3.03870400000001;1.416649;4.1562;0;.207024210191947;-.417442609721402
P32;MO_60;60;41;-.382799;1.114075;15.714075;4.8;1.01387;1.265457;4.9806;0;.207024210191947;.0708966324775719
P32;MO_60;60;42;.193887;1.42900899999999;10.029009;11.5;1.114075;.382799;.43965;0;.207024210191947;.142487557843451
P32;MO_60;60;43;-.13521;2.632904;11.832904;7.1;1.42900899999999;.193887;2.63655;0;.207024210191947;.222507002507584
P32;MO_60;60;44;-.629174;2.634727;17.434727;22.7;2.632904;.13521;.38475;0;.207024210191947;.151119486987092
P32;MO_60;60;45;-.476036;2.43053399999999;16.130534;12.9;2.634727;.629174;1.2816;0;.207024210191947;.150679078572352
P32;MO_60;60;46;-.047521;3.34816000000001;19.44816;45.8;2.43053399999999;.476036;.38475;0;.207024210191947;.17215818874382
P32;MO_60;60;47;-.328525;2.744621;7.944621;13.9;3.34816000000001;.047521;.67725;0;.207024210191947;.345469091602985
P32;MO_60;60;48;-.763736;1.717369;14.317369;28.4;2.744621;.328525;.98865;0;.207024210191947;.119950041100428
P32;MO_60;60;49;-.526499;3.24340799999999;14.543408;11.1;1.717369;.763736;1.4283;0;.207024210191947;.223015678305937
P32;MO_60;60;50;-.062526;3.34207199999997;20.542072;14.5;3.24340799999999;.526499;.6777;0;.207024210191947;.162694006719477
P32;MO_60;60;51;.179707;3.538498;13.638498;26.7;3.34207199999997;.062526;.60435;0;.207024210191947;.25944924433761
P32;MO_60;60;52;.274923;4.25209100000001;21.552091;14.5;3.538498;.179707;.60435;0;.207024210191947;.197293663988335
P32;MO_60;60;53;-.311991;4.45631399999999;55.356314;16.2;4.25209100000001;.274923;.67725;0;.207024210191947;.0805023614831
P32;MO_60;60;54;-.633891;4.35269199999999;22.552692;34.5;4.45631399999999;.311991;.3114;0;.207024210191947;.193000995180531
P32;MO_60;60;55;-.16179;4.058166;14.558166;17.5;4.35269199999999;.633891;.4581;0;.207024210191947;.278755304754734
P32;MO_60;60;56;.959564;5.268585;6.768585;12.4;4.058166;.16179;.14625;0;.207024210191947;.778387949623149
P32;MO_60;60;57;1.155799;.70932000000002;.407898000000017;.7;5.268585;.959564;.9702;1;.207024210191947;1.73896415280288
P32;MO_60;60;58;1.109278;.709869999999995;17.10987;-.805084;.70932000000002;1.155799;3.69855;0;.207024210191947;.0414889183845345
P32;MO_60;60;59;.549526;2.83293099999997;10.132931;15.9;.709869999999995;1.109278;1.4283;0;.207024210191947;.279576659507498
P32;MO_60;60;60;-.916396;4.04981999999998;5.44981999999998;7.6;2.83293099999997;.549526;1.062;0;.207024210191947;.743110781640494
P32;MO_60;60;61;-1.218985;1.11625699999999;.305374;.6;4.04981999999998;.916396;1.2681;1;.207024210191947;3.65537668563791
P32;MO_60;60;62;-.903648;1.013092;9.813092;-1.31923;1.11625699999999;1.218985;8.00595;0;.207024210191947;.103238816063275
P32;MO_60;60;63;-.158583;2.03360000000001;14.2336;11;1.013092;.903648;1.35495;0;.207024210191947;.14287320143885
P32;MO_60;60;64;-.256021;2.931962;7.831962;9.3;2.03360000000001;.158583;.6039;0;.207024210191947;.374358557919459
P32;MO_60;60;65;-1.058534;3.74722299999999;21.047223;6.5;2.931962;.256021;.98865;0;.207024210191947;.178038832011234
P32;MO_60;60;66;-1.028959;1.11407499999999;9.01407499999999;10.9;3.74722299999999;1.058534;1.13535;0;.207024210191947;.123592825664307
P32;MO_60;60;67;-.525536;1.00614899999999;8.50614899999999;4.7;1.11407499999999;1.028959;5.27805;0;.207024210191947;.118284901898614
P32;MO_60;60;68;.41838;2.33526700000002;18.335267;31.5;1.00614899999999;.525536;1.062;0;.207024210191947;.127364766490721
P32;MO_60;60;69;.657684;2.640152;23.840152;10.8;2.33526700000002;.41838;1.6659;0;.207024210191947;.110743924787057
P32;MO_60;60;70;.379503;2.831177;15.131177;12.4;2.640152;.657684;.84195;0;.207024210191947;.187108841565993
P32;MO_60;60;71;-.638236;3.242096;5.442096;9.4;2.831177;.379503;.9153;0;.207024210191947;.595743992755732
P32;MO_60;60;72;-1.21204;1.418183;.910949999999985;1.7;3.242096;.638236;.9153;1;.207024210191947;1.55681760799168
P32;MO_60;60;73;-.848637;1.41992199999999;5.51992199999999;-1.015198;1.418183;1.21204;4.91175;0;.207024210191947;.257235881231654
P32;MO_60;60;74;.003918;1.414627;10.314627;19.2;1.41992199999999;.848637;2.56365;0;.207024210191947;.137147664186015
P32;MO_60;60;75;.133537;2.02389500000001;9.62389500000001;11.2;1.414627;.003918;1.593;0;.207024210191947;.210298948606568
P32;MO_60;60;76;-.221009;2.228073;12.528073;6.7;2.02389500000001;.133537;3.09465;0;.207024210191947;.177846425384016
P32;MO_60;60;77;.196264;2.932434;6.632434;8.9;2.228073;.221009;.7506;0;.207024210191947;.442135421174187
P32;MO_60;60;78;1.248996;2.54029800000001;2.132904;3.9;2.932434;.196264;.9153;1;.207024210191947;1.1910043771309
P01;MO_100;100;1;.12164;1.312228;5.712228;5.7;1.11167;.18205;.97065;0;.331582572862225;.229722623116584
P01;MO_100;100;2;-.385482;1.01012;5.01012;4.8;1.312228;.12164;.4392;0;.331582572862225;.201615929358977
P01;MO_100;100;3;-.762085;.914109;12.814109;15;1.01012;.385482;.531;0;.331582572862225;.0713361342563888
P01;MO_100;100;4;-.758735;1.017822;9.717822;9;.914109;.762085;.531;0;.331582572862225;.104737666526512
P01;MO_100;100;5;-.341601;1.114288;7.014288;7.7;1.017822;.758735;.3663;0;.331582572862225;.158859744567089
P01;MO_100;100;6;.252974;1.013312;7.313312;7.9;1.114288;.341601;.07335;0;.331582572862225;.138557195426641
P01;MO_100;100;7;.656694;.908735;7.908735;12.7;1.013312;.252974;1.044;0;.331582572862225;.114902699357103
P01;MO_100;100;8;.414437;1.216389;5.316389;6.2;.908735;.656694;.1467;0;.331582572862225;.228799848920009
P01;MO_100;100;9;-.360237;1.112753;4.412753;4;1.216389;.414437;1.37295;0;.331582572862225;.252167524445624
P01;MO_100;100;10;-.985501;1.319692;14.019692;14.2;1.112753;.360237;.3663;0;.331582572862225;.0941313118719013
P01;MO_100;100;11;-1.005655;1.009882;6.609882;10.3;1.319692;.985501;1.30005;0;.331582572862225;.152783665427008
P01;MO_100;100;12;-.360018;1.113243;33.713243;5.6;1.009882;1.005655;2.19735;0;.331582572862225;.033020940762062
P01;MO_100;100;13;.159765;1.21447000000001;11.91447;10.6;1.113243;.360018;.45765;0;.331582572862225;.101932356202165
P01;MO_100;100;14;.253985;1.4151;10.3151;9.7;1.21447000000001;.159765;.29295;0;.331582572862225;.137187230371009
P01;MO_100;100;15;-.150148;1.729027;5.629027;7.4;1.4151;.253985;.1467;0;.331582572862225;.307162676604678
P01;MO_100;100;16;-.727521;1.219239;4.119239;3.6;1.729027;.150148;.76905;0;.331582572862225;.295986467403324
P01;MO_100;100;17;-1.089489;1.4189;12.0189;2;1.219239;.727521;.67725;0;.331582572862225;.118055728893659
P01;MO_100;100;18;-.910396;1.220646;9.420646;9.6;1.4189;1.089489;.3843;0;.331582572862225;.129571369097194
P01;MO_100;100;19;-.550318;.706947;9.606947;8.6;1.220646;.910396;.38475;0;.331582572862225;.0735870615295369
P01;MO_100;100;20;-.030386;1.01691;6.41691;9.2;.706947;.550318;.45765;0;.331582572862225;.158473470876169
P01;MO_100;100;21;.377384;.609100999999995;16.209101;7.3;1.01691;.030386;.75105;0;.331582572862225;.0375777163705745
P01;MO_100;100;22;.660559;1.112148;8.912148;11;.609100999999995;.377384;.60435;0;.331582572862225;.124790117937898
P01;MO_100;100;23;.381868;1.4179;8.9179;7.8;1.112148;.660559;.75105;0;.331582572862225;.158994830621559
P01;MO_100;100;24;999;1.419617;6.119617;6.6;1.4179;.381868;.2196;0;.331582572862225;.23197807967394
P01;MO_100;100;25;-.62698;1.117081;4.317081;4.5;1.419617;7.5;.3663;0;.331582572862225;.258758406432495
P01;MO_100;100;26;-.993236;1.210224;15.010224;2.6;1.117081;.62698;.76905;0;.331582572862225;.0806266448788506
P01;MO_100;100;27;-.855256;1.21302;6.51302;8.6;1.210224;.993236;.531;0;.331582572862225;.186245397680339
P01;MO_100;100;28;-.146764;1.011593;6.411593;5.8;1.21302;.855256;.84195;0;.331582572862225;.157775610523001
P01;MO_100;100;29;.473151;.810142999999997;10.210143;7.3;1.011593;.146764;1.2816;0;.331582572862225;.0793468808419233
P01;MO_100;100;30;.708977;.805965;7.105965;7.7;.810142999999997;.473151;.07335;0;.331582572862225;.1134209076459
P01;MO_100;100;31;.067352;1.72420899999999;4.724209;5.9;.805965;.708977;.31095;0;.331582572862225;.364973056865179
P01;MO_100;100;32;-.818566;1.21073100000001;8.11073100000001;2.7;1.72420899999999;.067352;3.3327;0;.331582572862225;.149275200965241
P01;MO_100;100;33;-.66915;1.014724;6.814724;5.1;1.21073100000001;.818566;2.8746;0;.331582572862225;.148901701668329
P01;MO_100;100;34;.084759;1.319649;6.219649;7.2;1.014724;.66915;.14625;0;.331582572862225;.212174191823365
P01;MO_100;100;35;.639054;1.318764;8.018764;14;1.319649;.084759;1.062;0;.331582572862225;.164459759633779
P01;MO_100;100;36;.373293;1.11837;5.91837;5.8;1.318764;.639054;.8973;0;.331582572862225;.188965880808398
P01;MO_100;100;37;-.274637;1.213486;17.313486;4.9;1.11837;.373293;1.2816;0;.331582572862225;.0700890623644482
P01;MO_100;100;38;-.460218;1.013481;7.013481;7.1;1.213486;.274637;1.06245;0;.331582572862225;.144504704582503
P01;MO_100;100;39;-.131418;.813491999999997;9.213492;5.6;1.013481;.460218;1.66635;0;.331582572862225;.0882935590544819
P01;MO_100;100;40;.374147;1.824303;16.624303;17;.813491999999997;.131418;.38475;0;.331582572862225;.109737111985988
P01;MO_100;100;41;.279852;1.820663;8.820663;9.6;1.824303;.374147;.2196;0;.331582572862225;.206408860649137
P01;MO_100;100;42;-.434558;2.026054;4.726054;6.2;1.820663;.279852;.07335;0;.331582572862225;.428698868019705
P01;MO_100;100;43;-.937188;1.011573;8.211573;2.3;2.026054;.434558;2.48985;0;.331582572862225;.123188699655961
P01;MO_100;100;44;-.20173;1.822624;4.922624;6.1;1.011573;.937188;1.35495;0;.331582572862225;.370254563419835
P01;MO_100;100;45;.796767;1.11537199999999;8.11537199999999;4;1.822624;.20173;1.88595;0;.331582572862225;.137439417441368
P01;MO_100;100;46;.696802;1.21772;5.91772;5.5;1.11537199999999;.796767;2.10555;0;.331582572862225;.205775197204329
P01;MO_100;100;47;-.194447;1.41998299999999;6.51998299999999;5.6;1.21772;.696802;.67725;0;.331582572862225;.217789371536704
P01;MO_100;100;48;-.729851;1.42145599999999;12.321456;14.8;1.41998299999999;.194447;.1467;0;.331582572862225;.115364288116598
P01;MO_100;100;49;-.67177;1.110535;8.810535;9.9;1.42145599999999;.729851;0;0;.331582572862225;.126046261662884
P01;MO_100;100;50;-.344401;1.012947;8.012947;19.7;1.110535;.67177;.8973;0;.331582572862225;.126413790082475
P01;MO_100;100;51;-.525578;2.227226;5.227226;5.8;1.012947;.344401;.76905;0;.331582572862225;.426081826192325
P01;MO_100;100;52;-.857066;1.01274100000001;9.612741;3.7;2.227226;.525578;1.44675;0;.331582572862225;.105354029615487
P01;MO_100;100;53;-.554119;1.21505;7.11505;6.3;1.01274100000001;.857066;1.51965;0;.331582572862225;.170771814674528
P01;MO_100;100;54;.170193;1.71230300000001;8.812303;27.1;1.21505;.554119;1.28205;0;.331582572862225;.194308230209516
P01;MO_100;100;55;-.15384;2.22654700000001;6.22654700000001;7;1.71230300000001;.170193;.6777;0;.331582572862225;.357589366947685
P01;MO_100;100;56;-1.099248;2.530418;2.730418;4.7;2.22654700000001;.15384;.29295;0;.331582572862225;.926751142132816
P01;MO_100;100;57;-1.108912;.914580999999998;4.014581;-.403366;2.530418;1.099248;3.53835;0;.331582572862225;.227814808070879
P01;MO_100;100;58;.035155;.808739000000003;9.908739;3.5;.914580999999998;1.108912;3.717;0;.331582572862225;.08161876097453
P01;MO_100;100;59;.390116;.906067000000007;4.20606700000001;4;.808739000000003;.035155;3.66075;0;.331582572862225;.215419060133851
P01;MO_100;100;60;-.274099;.806892999999988;16.606893;3.4;.906067000000007;.390116;2.4903;0;.331582572862225;.0485878363881786
P01;MO_100;100;61;-.54018;1.418815;6.318815;6.2;.806892999999988;.274099;1.7397;0;.331582572862225;.224538145206024
P01;MO_100;100;62;.127341;1.627937;11.927937;6.4;1.418815;.54018;1.7397;0;.331582572862225;.136481019307865
P01;MO_100;100;63;.114322;1.818359;8.818359;7.5;1.627937;.127341;.8973;0;.331582572862225;.206201516631382
P01;MO_100;100;64;-.665883;2.932052;6.132052;7.3;1.818359;.114322;.29295;0;.331582572862225;.478151848679692
P01;MO_100;100;65;-.98148;2.02581799999999;15.325818;13.8;2.932052;.665883;.67725;0;.331582572862225;.132183352301325
P01;MO_100;100;66;-.647855;1.92069999999998;11.8207;10.2;2.02581799999999;.98148;.9153;0;.331582572862225;.162486147182483
P01;MO_100;100;67;.040691;2.13090499999998;24.930905;9.4;1.92069999999998;.647855;.6777;0;.331582572862225;.0854724286984359
P01;MO_100;100;68;.485131;1.91928100000001;11.719281;20;2.13090499999998;.040691;.531;0;.331582572862225;.163771224531608
P02;MO_100;100;1;.060449;.404605999999999;24.104606;7;.707606;.083918;1.062;0;.342910286194202;.0167854226698416
P02;MO_100;100;2;.485733;1.719155;26.719155;30.1;.404605999999999;.060449;.07335;0;.342910286194202;.0643416679906232
P02;MO_100;100;3;.703238;1.212069;11.512069;21.8;1.719155;.485733;.60435;0;.342910286194202;.105286808131536
P02;MO_100;100;4;.432785;2.028625;9.028625;9.4;1.212069;.703238;.3663;0;.342910286194202;.22468814465104
P02;MO_100;100;5;-.163336;2.253779;19.953779;8.3;2.028625;.432785;.69615;0;.342910286194202;.112949983058347
P02;MO_100;100;6;-.413187;2.021797;8.321797;16.8;2.253779;.163336;.76905;0;.342910286194202;.242951972993333
P02;MO_100;100;7;-.504184;2.021387;9.921387;18.5;2.021797;.413187;.60435;0;.342910286194202;.203740364124492
P02;MO_100;100;8;-.066064;2.423832;9.123832;11.9;2.021387;.504184;1.4283;0;.342910286194202;.265659429064454
P02;MO_100;100;9;-.576467;2.837597;7.537597;5.6;2.423832;.066064;1.4283;0;.342910286194202;.37645910228419
P02;MO_100;100;10;-.802551;1.22311;8.62311;20.5;2.837597;.576467;1.42785;0;.342910286194202;.141840936738601
P02;MO_100;100;11;-.294814;1.518779;7.418779;6.6;1.22311;.802551;1.2087;0;.342910286194202;.204720884663096
P02;MO_100;100;12;.314146;1.620727;8.820727;9.3;1.518779;.294814;1.6659;0;.342910286194202;.183740750620669
P02;MO_100;100;13;.226861;1.720063;13.520063;7.8;1.620727;.314146;1.51965;0;.342910286194202;.12722300184548
P02;MO_100;100;14;.177662;1.822552;12.522552;11.6;1.720063;.226861;.98865;0;.342910286194202;.145541579703562
P02;MO_100;100;15;-.01059;2.02755;31.72755;11.1;1.822552;.177662;.76905;0;.342910286194202;.0639050289102058
P02;MO_100;100;16;-.052542;1.827072;10.527072;12.7;2.02755;.01059;1.13535;0;.342910286194202;.173559371494752
P02;MO_100;100;17;.283298;1.72205;33.82205;8.9;1.827072;.052542;.6039;0;.342910286194202;.0509150095869411
P02;MO_100;100;18;.234996;2.226956;6.726956;15.2;1.72205;.283298;1.062;0;.342910286194202;.331049586172408
P02;MO_100;100;19;-.398566;2.022839;18.822839;6.6;2.226956;.234996;.98865;0;.342910286194202;.107467263572727
P02;MO_100;100;20;-.357044;1.822293;8.322293;15.9;2.022839;.398566;1.062;0;.342910286194202;.218965253927013
P02;MO_100;100;21;.222361;2.32872399999999;10.528724;8;1.822293;.357044;1.35495;0;.342910286194202;.22117817885624
P02;MO_100;100;22;-.115196;2.03261499999999;6.33261499999999;7.3;2.32872399999999;.222361;.29295;0;.342910286194202;.320975615918541
P02;MO_100;100;23;-.680272;1.82408099999999;10.924081;3.7;2.03261499999999;.115196;2.3436;0;.342910286194202;.16697798194649
P02;MO_100;100;24;-.540699;1.72078800000001;11.120788;11.4;1.82408099999999;.680272;1.2087;0;.342910286194202;.154736157185984
P02;MO_100;100;25;-.373086;1.921578;9.221578;7.8;1.72078800000001;.540699;1.88595;0;.342910286194202;.208378435881581
P02;MO_100;100;26;.132019;1.92291200000001;16.622912;14.8;1.921578;.373086;.531;0;.342910286194202;.11567840821151
P02;MO_100;100;27;.242001;1.831856;12.131856;13.7;1.92291200000001;.132019;0;0;.342910286194202;.150995527807122
P02;MO_100;100;28;.005202;2.134613;28.734613;9.4;1.831856;.242001;.6039;0;.342910286194202;.0742871671875309
P02;MO_100;100;29;-.233312;2.23323900000001;24.233239;30.3;2.134613;.005202;.0917999999999995;0;.342910286194202;.0921560258618342
P02;MO_100;100;30;-.116706;1.926689;6.426689;24.3;2.23323900000001;.233312;1.7397;0;.342910286194202;.299794964405466
P02;MO_100;100;31;.48217;1.41641200000001;10.216412;5.7;1.926689;.116706;1.7397;0;.342910286194202;.138640845729402
P02;MO_100;100;32;.489347;2.022339;34.822339;7.8;1.41641200000001;.48217;1.3734;0;.342910286194202;.0580759092604319
P02;MO_100;100;33;.237787;2.323098;12.923098;16.6;2.022339;.489347;.07335;0;.342910286194202;.179763242528997
P02;MO_100;100;34;-.029692;2.63622299999999;13.036223;9.9;2.323098;.237787;.98865;0;.342910286194202;.202222913799495
P02;MO_100;100;35;.12809;2.328148;11.228148;10;2.63622299999999;.029692;1.062;0;.342910286194202;.207349244060552
P02;MO_100;100;36;-.16989;3.34049999999999;12.5405;8.2;2.328148;.12809;.67725;0;.342910286194202;.266376938718551
P02;MO_100;100;37;-.123676;2.32492000000001;9.62492000000001;9.9;3.34049999999999;.16989;1.4463;0;.342910286194202;.241552137576209
P02;MO_100;100;38;.10141;2.93718699999999;9.237187;16.5;2.32492000000001;.123676;.45765;0;.342910286194202;.31797418413203
P02;MO_100;100;39;-.573154;3.03628499999999;8.73628499999999;5.4;2.93718699999999;.10141;1.2087;0;.342910286194202;.347548757853023
P02;MO_100;100;40;-.429147;1.720207;7.520207;6.8;3.03628499999999;.573154;1.9593;0;.342910286194202;.228744634289987
P02;MO_100;100;41;.530311;2.230301;16.830301;5.2;1.720207;.429147;1.8126;0;.342910286194202;.13251700014159
P02;MO_100;100;42;.758564;2.428849;38.628849;11.8;2.230301;.530311;1.04355;0;.342910286194202;.0628765563271119
P02;MO_100;100;43;.398636;2.12818100000001;10.328181;9.3;2.428849;.758564;.82395;0;.342910286194202;.206055742051772
P02;MO_100;100;44;-.045248;2.12068900000001;13.820689;8.6;2.12818100000001;.398636;1.2087;0;.342910286194202;.153443073641264
P02;MO_100;100;45;.115832;2.123665;12.323665;10.7;2.12068900000001;.045248;.4392;0;.342910286194202;.172324142209318
P02;MO_100;100;46;.217757;1.81933599999999;9.91933599999999;46;2.123665;.115832;.98865;0;.342910286194202;.183413083295091
P02;MO_100;100;47;-.06312;2.12133799999998;39.021338;56.9;1.81933599999999;.217757;.4392;0;.342910286194202;.0543635382261874
P02;MO_100;100;48;.023831;2.021423;9.321423;22;2.12133799999998;.06312;.82395;0;.342910286194202;.216857769462881
P02;MO_100;100;49;.154424;2.02140800000001;8.62140800000001;10.4;2.021423;.023831;1.51965;0;.342910286194202;.234463790601258
P03;MO_100;100;1;.439352;.713516;5.813516;6.8;.709933;.219416;1.04355;0;.185070350916283;.12273398748709
P03;MO_100;100;2;-.066745;1.620182;7.320182;5.3;.713516;.439352;1.8126;0;.185070350916283;.221330835763373
P03;MO_100;100;3;-.489319;1.426377;6.026377;4.8;1.620182;.066745;3.9366;0;.185070350916283;.236688975814158
P03;MO_100;100;4;.148602;1.116373;5.316373;4.1;1.426377;.489319;3.11265;0;.185070350916283;.209987711546951
P03;MO_100;100;5;.666021;.912009999999999;5.91201;9;1.116373;.148602;1.81305;0;.185070350916283;.15426394745611
P03;MO_100;100;6;-.087751;1.621891;20.121891;4.2;.912009999999999;.666021;4.8339;0;.185070350916283;.0806033091025093
P03;MO_100;100;7;-.466921;1.312848;5.412848;12.3;1.621891;.087751;2.5083;0;.185070350916283;.242542927493992
P03;MO_100;100;8;.519963;1.413755;4.713755;3.3;1.312848;.466921;4.6872;0;.185070350916283;.299921188097387
P03;MO_100;100;9;.662675;.708807;2.608807;4.4;1.413755;.519963;5.17905;0;.185070350916283;.271697753034241
P03;MO_100;100;10;-.695572;.710028000000001;5.010028;1.7;.708807;.662675;8.226;0;.185070350916283;.141721363633098
P03;MO_100;100;11;-.353365;1.115057;4.615057;3.4;.710028000000001;.695572;8.6103;0;.185070350916283;.241612833817654
P03;MO_100;100;12;.629844;.911732000000001;7.211732;3.4;1.115057;.353365;3.6252;0;.185070350916283;.126423444465213
P03;MO_100;100;13;.733306;.710711999999994;4.01071199999999;4.7;.911732000000001;.629844;0;0;.185070350916283;.17720344916314
P03;MO_100;100;14;-.088451;1.925743;5.125743;3.6;.710711999999994;.733306;6.02865;0;.185070350916283;.37570026433241
P03;MO_100;100;15;.862211;1.720646;11.220646;3.5;1.925743;.088451;3.09465;0;.185070350916283;.153346429430177
P03;MO_100;100;16;.357279;1.417225;4.317225;4.2;1.720646;.862211;4.68585;0;.185070350916283;.328272211895373
P03;MO_100;100;17;-.80502;1.51775;6.81775;3.1;1.417225;.357279;2.72835;0;.185070350916283;.222617432437388
P03;MO_100;100;18;.013125;1.71781900000001;5.71781900000001;5.1;1.51775;.80502;3.6252;0;.185070350916283;.300432560037316
P03;MO_100;100;19;.584397;1.312355;5.412355;6.8;1.71781900000001;.013125;.29295;0;.185070350916283;.242473932327055
P03;MO_100;100;20;-.172706;1.62027;9.52027;3.7;1.312355;.584397;4.9986;0;.185070350916283;.170191601708775
P03;MO_100;100;21;-.07331;1.721062;6.721062;8.9;1.62027;.172706;.14625;0;.185070350916283;.256069948469453
P03;MO_100;100;22;.692229;1.93050400000001;10.330504;4.3;1.721062;.07331;3.03975;0;.185070350916283;.186874135085763
P03;MO_100;100;23;.394003;1.417027;4.317027;5.7;1.93050400000001;.692229;.4581;0;.185070350916283;.328241403169357
P03;MO_100;100;24;-1.110301;1.92355;2.02355;2.2;1.417027;.394003;5.58495;0;.185070350916283;.950581898149292
P03;MO_100;100;25;-.907473;1.218277;4.818277;-.40416;1.92355;1.110301;2.56815;0;.185070350916283;.252844948515828
P03;MO_100;100;26;.390141;1.321064;4.521064;4.6;1.218277;.907473;1.04355;0;.185070350916283;.292202012623577
P03;MO_100;100;27;.831972;.406128000000002;5.206128;5.7;1.321064;.390141;.12555;0;.185070350916283;.078009607139894
P03;MO_100;100;28;-1.407352;3.244213;2.835949;3.8;.406128000000002;.831972;6.975;1;.185070350916283;1.14396027573133
P03;MO_100;100;29;-1.566056;1.313515;-.914528000000005;-.914528;3.244213;1.407352;2.03265;0;.185070350916283;-1.43627641799922
P03;MO_100;100;30;-.075421;.911697000000004;3.511697;3.4;1.313515;1.566056;3.79035;0;.185070350916283;.259617216405631
P03;MO_100;100;31;.850898;.505561999999998;5.705562;7.7;.911697000000004;.075421;1.7379;0;.185070350916283;.0886086243563733
P03;MO_100;100;32;.866492;.608139000000008;3.30813900000001;4.3;.505561999999998;.850898;4.1436;0;.185070350916283;.183831150988518
P03;MO_100;100;33;-.173873;.807762000000011;5.10776200000001;3.1;.608139000000008;.866492;6.70635;0;.185070350916283;.158144016890374
P03;MO_100;100;34;.490458;1.52387999999999;2.62387999999999;3.8;.807762000000011;.173873;1.6524;0;.185070350916283;.580773510983732
P03;MO_100;100;35;1.412313;.608040000000003;.100334000000004;.1;1.52387999999999;.490458;13.34835;1;.185070350916283;6.06015906871029
P03;MO_100;100;36;.1001;.711815000000001;3.911815;2;.608040000000003;1.412313;13.6764;0;.185070350916283;.181965404805698
P03;MO_100;100;37;-.8827;.604110999999989;5.70411099999999;7.5;.711815000000001;.1001;1.50165;0;.185070350916283;.10590800214091
P03;MO_100;100;38;-.476889;1.12046099999999;3.52046099999999;4;.604110999999989;.8827;1.9593;0;.185070350916283;.318271101426771
P03;MO_100;100;39;.611259;.505942999999988;1.60594299999999;2;1.12046099999999;.476889;1.20825;0;.185070350916283;.315044182763642
P03;MO_100;100;40;1.413787;.407073999999994;-5.60662627435704E-15;0;.505942999999988;.611259;9.5814;0;.185070350916283;-72605873849987.7
P03;MO_100;100;41;.725255;.606536000000006;2.90653600000001;-.911278;.407073999999994;1.413787;14.87205;0;.185070350916283;.208680023230403
P03;MO_100;100;42;-.694203;.916038;4.616038;8.4;.606536000000006;.725255;4.0833;0;.185070350916283;.198446806547086
P03;MO_100;100;43;-.347583;.606483999999995;4.20648399999999;3;.916038;.694203;7.2369;0;.185070350916283;.144178368442622
P03;MO_100;100;44;.372827;.708122000000003;5.508122;8.3;.606483999999995;.347583;1.593;0;.185070350916283;.128559607067527
P03;MO_100;100;45;.18065;.811867000000007;3.81186700000001;3.8;.708122000000003;.372827;1.9593;0;.185070350916283;.212984083652448
P03;MO_100;100;46;-.692561;1.00955999999999;2.80955999999999;2.8;.811867000000007;.18065;1.9593;0;.185070350916283;.359330286592916
P03;MO_100;100;47;-1.020086;.302841000000001;5.602841;6.1;1.00955999999999;.692561;.27945;0;.185070350916283;.0540513286027572
P03;MO_100;100;48;-.808532;.820021999999994;6.62002199999999;5.5;.302841000000001;1.020086;2.3436;0;.185070350916283;.123869981096739
P03;MO_100;100;49;-.159311;.908851999999996;21.008852;6.5;.820021999999994;.808532;1.13535;0;.185070350916283;.0432604313648359
P03;MO_100;100;50;.213305;.607445000000013;5.00744500000001;7.4;.908851999999996;.159311;1.4283;0;.185070350916283;.121308371834341
P03;MO_100;100;51;-.183674;1.10820699999999;6.20820699999999;3.5;.607445000000013;.213305;4.761;0;.185070350916283;.178506773372729
P03;MO_100;100;52;-.565985;1.11385300000001;7.713853;9;1.10820699999999;.183674;.14625;0;.185070350916283;.144396451423175
P03;MO_100;100;53;-.127144;1.419983;11.319983;6.4;1.11385300000001;.565985;1.81305;0;.185070350916283;.12544038272849
P03;MO_100;100;54;.355525;1.21466100000001;6.61466100000001;19.6;1.419983;.127144;2.4903;0;.185070350916283;.183631632822908
P03;MO_100;100;55;-.208314;1.62136099999999;4.22136099999999;4.4;1.21466100000001;.355525;1.88595;0;.185070350916283;.384084895842832
P03;MO_100;100;56;-.697535;.403030000000001;10.70303;2.4;1.62136099999999;.208314;1.51965;0;.185070350916283;.0376556918928566
P03;MO_100;100;57;-.535314;1.620232;4.820232;5.9;.403030000000001;.697535;2.11005;0;.185070350916283;.336131538896883
P03;MO_100;100;58;.623568;1.011184;10.011184;3.1;1.620232;.535314;3.40605;0;.185070350916283;.101005435520913
P03;MO_100;100;59;.881939;.505431999999999;3.205432;4;1.011184;.623568;.91035;0;.185070350916283;.15767983847419
P03;MO_100;100;60;-.704571;1.322456;2.922456;2.6;.505431999999999;.881939;7.03125;0;.185070350916283;.452515281667201
P03;MO_100;100;61;-1.02832;.706710999999999;4.606711;4.3;1.322456;.704571;3.7899;0;.185070350916283;.153409015673004
P03;MO_100;100;62;.258871;1.528206;5.128206;4.2;.706710999999999;1.02832;3.6252;0;.185070350916283;.29800011933998
P03;MO_100;100;63;.64062;.913200000000003;4.4132;5.4;1.528206;.258871;1.75905;0;.185070350916283;.206924680503943
P03;MO_100;100;64;-.316251;1.215744;8.215744;3;.913200000000003;.64062;6.42735;0;.185070350916283;.14797734690857
P03;MO_100;100;65;-.508393;.812134;4.112134;10.4;1.215744;.316251;4.91175;0;.185070350916283;.197496968727186
P03;MO_100;100;66;.387502;1.110527;9.510527;3.1;.812134;.508393;5.8959;0;.185070350916283;.116768187504226
P03;MO_100;100;67;.331843;.810164999999998;3.110165;3.3;1.110527;.387502;5.73255;0;.185070350916283;.260489395257164
P03;MO_100;100;68;-.971872;1.21196;7.81196;2.3;.810164999999998;.331843;3.31425;0;.185070350916283;.155141603387626
P03;MO_100;100;69;-1.068207;.405463999999995;4.105464;5;1.21196;.971872;1.7397;0;.185070350916283;.098762040051988
P03;MO_100;100;70;.850509;1.92353799999999;2.42353799999999;3.9;.405463999999995;1.068207;3.47895;0;.185070350916283;.79369005148671
P03;MO_100;100;71;1.483384;.303809999999999;-.203766000000001;-.203766;1.92353799999999;.850509;.5337;0;.185070350916283;-1.49097494184505
P03;MO_100;100;72;.091788;1.112183;6.412183;-1.013908;.303809999999999;1.483384;14.81625;0;.185070350916283;.173448418424739
P03;MO_100;100;73;-.060485;.91085799999999;3.71085799999999;3.5;1.112183;.091788;5.589;0;.185070350916283;.245457519527827
P03;MO_100;100;74;.731411;1.11347900000001;5.11347900000001;2.8;.91085799999999;.060485;5.6223;0;.185070350916283;.217753705451808
P03;MO_100;100;75;.05416;1.61973600000002;9.41973600000002;4;1.11347900000001;.731411;5.43825;0;.185070350916283;.171951315833057
P03;MO_100;100;76;.004883;1.519882;15.919882;6.8;1.61973600000002;.05416;2.41695;0;.185070350916283;.0954706825088276
P03;MO_100;100;77;.020777;2.02449100000001;9.82449100000001;8.9;1.519882;.004883;.38475;0;.185070350916283;.206065739181807
P04;MO_100;100;1;.602173;1.3136;6.9136;8.3;2.126367;.596281;1.35495;0;.102774699023234;.190002314279102
P04;MO_100;100;2;.088501;2.332674;9.532674;8.9;1.3136;.602173;1.51965;0;.102774699023234;.244703007781447
P04;MO_100;100;3;.143169;2.63723;15.03723;9.2;2.332674;.088501;1.90395;0;.102774699023234;.17538004007387
P04;MO_100;100;4;-.07281;2.734406;7.434406;13.6;2.63723;.143169;1.13535;0;.102774699023234;.367804233451872
P04;MO_100;100;5;.378059;2.93181;25.53181;5.1;2.734406;.07281;5.42475;0;.102774699023234;.114829696758671
P04;MO_100;100;6;.764626;2.426359;5.526359;7.1;2.93181;.378059;3.4056;0;.102774699023234;.439052005126703
P04;MO_100;100;7;.526393;1.721285;25.821285;5.6;2.426359;.764626;4.9257;0;.102774699023234;.0666614771495687
P04;MO_100;100;8;.268156;3.034661;17.234661;5.8;1.721285;.526393;2.94795;0;.102774699023234;.176078949275533
P04;MO_100;100;9;.20923;3.345715;13.045715;20.5;3.034661;.268156;.3114;0;.102774699023234;.256460837907313
P04;MO_100;100;10;.854123;3.440422;5.740422;6.6;3.345715;.20923;3.3327;0;.102774699023234;.599332592621239
P04;MO_100;100;11;.987355;1.617909;5.617909;6.1;3.440422;.854123;4.9986;0;.102774699023234;.287991314918059
P04;MO_100;100;12;.582393;1.517093;7.017093;6.5;1.617909;.987355;3.79035;0;.102774699023234;.21619964278655
P04;MO_100;100;13;999;2.929229;6.729229;11.8;1.517093;.582393;2.27025;0;.102774699023234;.435299348558356
P04;MO_100;100;14;.644012;2.43418500000001;12.634185;6.9;2.929229;7.5;3.9366;0;.102774699023234;.192666562979726
P04;MO_100;100;15;.546229;2.74035600000001;5.54035600000001;5.8;2.43418500000001;.644012;4.4676;0;.102774699023234;.494617313400078
P04;MO_100;100;16;.38505;2.63060400000001;11.830604;5.8;2.74035600000001;.546229;4.23;0;.102774699023234;.222355849287155
P04;MO_100;100;17;.178666;3.031994;10.031994;29.7;2.63060400000001;.38505;3.3327;0;.102774699023234;.302232437539337
P04;MO_100;100;18;.537799;3.43594400000001;23.735944;10.6;3.031994;.178666;1.593;0;.102774699023234;.144756998078526
P04;MO_100;100;19;1.303123;3.753525;3.246567;6.2;3.43594400000001;.537799;4.54095;1;.102774699023234;1.15615202150456
P04;MO_100;100;20;1.574302;.707726000000008;-1.01193999999999;-1.01194;3.753525;1.303123;1.7487;0;.102774699023234;-.699375457042922
P04;MO_100;100;21;.19386;1.82727800000001;6.42727800000001;-2.227539;.707726000000008;1.574302;5.29155;0;.102774699023234;.284300445694119
P04;MO_100;100;22;-.118998;1.514274;8.914274;3.8;1.82727800000001;.19386;8.59185;0;.102774699023234;.169870703996758
P04;MO_100;100;23;.500054;1.915023;7.415023;6.5;1.514274;.118998;1.062;0;.102774699023234;.258262583946132
P04;MO_100;100;24;.370753;1.82582900000001;6.02582900000001;7.1;1.915023;.500054;2.05065;0;.102774699023234;.303000466823736
P04;MO_100;100;25;.294281;2.228066;33.628066;5.8;1.82582900000001;.370753;5.8824;0;.102774699023234;.0662561444954937
P04;MO_100;100;26;.795525;2.43438;4.03438;6.7;2.228066;.294281;4.4496;0;.102774699023234;.603408702204552
P04;MO_100;100;27;.903379;1.422371;7.222371;5.3;2.43438;.795525;7.01955;0;.102774699023234;.196939619966906
P04;MO_100;100;28;.609003;2.02518499999999;7.02518499999999;15.8;1.422371;.903379;2.4903;0;.102774699023234;.288274970694721
P04;MO_100;100;29;.34292;2.522316;17.922316;12.5;2.02518499999999;.609003;4.22955;0;.102774699023234;.140736052193254
P04;MO_100;100;30;.3552;2.223961;6.623961;6.1;2.522316;.34292;3.47895;0;.102774699023234;.335744881348184
P04;MO_100;100;31;.513748;2.331756;9.131756;5.5;2.223961;.3552;5.2002;0;.102774699023234;.255345850239538
P04;MO_100;100;32;.145135;2.231903;14.831903;4.7;2.331756;.513748;5.292;0;.102774699023234;.15047988110494
P04;MO_100;100;33;.061767;1.821045;7.521045;49.2;2.231903;.145135;2.4903;0;.102774699023234;.242126592780657
P04;MO_100;100;34;.04314;3.238052;9.538052;4.4;1.821045;.061767;3.717;0;.102774699023234;.339487769620044
P04;MO_100;100;35;.865164;3.54499800000001;14.444998;8;3.238052;.04314;4.0833;0;.102774699023234;.245413533459818
P04;MO_100;100;36;.85587;1.51477;11.91477;4.8;3.54499800000001;.865164;5.6538;0;.102774699023234;.127133801156044
P04;MO_100;100;37;.397934;2.026459;7.626459;6.6;1.51477;.85587;3.69855;0;.102774699023234;.265714271852769
P04;MO_100;100;38;.030481;3.54866;12.04866;8.3;2.026459;.397934;2.7099;0;.102774699023234;.294527358229048
P04;MO_100;100;39;1.043356;3.23342100000001;3.53342100000001;6.4;3.54866;.030481;5.5161;0;.102774699023234;.915096446191949
P04;MO_100;100;40;1.291327;1.316406;-.303031999999999;-.303032;3.23342100000001;1.043356;7.7175;0;.102774699023234;-4.34411547295337
P04;MO_100;100;41;.715319;1.014938;4.614938;-2.127144;1.316406;1.291327;6.90435;0;.102774699023234;.219924514695539
P04;MO_100;100;42;.13926;2.02899199999999;8.52899199999999;7;1.014938;.715319;11.412;0;.102774699023234;.237893528332538
P04;MO_100;100;43;.54832;2.32165499999999;6.32165499999999;12.9;2.02899199999999;.13926;2.41695;0;.102774699023234;.367254302868473
P04;MO_100;100;44;.580312;1.92517099999998;9.42517099999998;6.4;2.32165499999999;.54832;6.1929;0;.102774699023234;.204258469156685
P05;MO_100;100;1;.689089;.505713;24.405713;21;.302655999999999;.613763;0;0;.466103540788638;.0207210910002916
P05;MO_100;100;2;1.075653;2.833894;3.333894;26.8;.505713;.689089;1.13535;0;.466103540788638;.850025225757028
P05;MO_100;100;3;1.103859;1.112635;6.412635;-.304188;2.833894;1.075653;1.8126;0;.466103540788638;.173506678611834
P05;MO_100;100;4;.376271;1.718735;7.618735;6.5;1.112635;1.103859;2.8017;0;.466103540788638;.225593225122018
P05;MO_100;100;5;1.285975;3.64896;3.347429;4.4;1.718735;.376271;1.57455;1;.466103540788638;1.0900783855311
P05;MO_100;100;6;1.336968;.806066000000001;-.808187999999999;-.808188;3.64896;1.285975;13.09545;0;.466103540788638;-.997374373289385
P05;MO_100;100;7;.432276;2.020254;4.120254;9.4;.806066000000001;1.336968;2.62305;0;.466103540788638;.490322683989871
P05;MO_100;100;8;.923237;2.123171;6.123171;7.8;2.020254;.432276;3.79035;0;.466103540788638;.346743705181515
P05;MO_100;100;9;.674932;1.31823;5.71823;6.4;2.123171;.923237;.82395;0;.466103540788638;.230531125890354
P05;MO_100;100;10;-.519561;2.228172;18.228172;5.7;1.31823;.674932;1.35495;0;.466103540788638;.122237819568523
P05;MO_100;100;11;.04949;3.54694300000001;8.646943;3;2.228172;.519561;3.5523;0;.466103540788638;.410196181471303
P05;MO_100;100;12;1.42308;3.03973;2.329826;7.4;3.54694300000001;.04949;1.66635;1;.466103540788638;1.30470258293967
P05;MO_100;100;13;1.471043;.812220999999994;-1.21529000000001;-1.21529;3.03973;1.42308;12.82365;0;.466103540788638;-.668335129886683
P05;MO_100;100;14;.499324;1.420113;6.520113;18.9;.812220999999994;1.471043;2.19735;0;.466103540788638;.217804967490594
P05;MO_100;100;15;.537199;3.143043;10.443043;4.8;1.420113;.499324;3.62565;0;.466103540788638;.30097003335139
P05;MO_100;100;16;-.528625;4.455788;7.355788;6;3.143043;.537199;2.0322;0;.466103540788638;.605752639961891
P05;MO_100;100;17;-.143274;4.247887;8.447887;9.5;4.455788;.528625;2.05065;0;.466103540788638;.502834259028323
P05;MO_100;100;18;.922696;4.250446;14.350446;18.8;4.247887;.143274;.07335;0;.466103540788638;.296189121926942
P05;MO_100;100;19;.585918;2.735375;9.335375;6.5;4.250446;.922696;3.62565;0;.466103540788638;.293011796526653
P05;MO_100;100;20;.796576;3.141243;7.041243;13.8;2.735375;.585918;1.2816;0;.466103540788638;.446120521618129
P05;MO_100;100;21;-.190539;3.64328;6.74328;7.4;3.141243;.796576;2.41695;0;.466103540788638;.540283066994104
P05;MO_100;100;22;-1.26427;4.16391800000001;3.656502;5.6;3.64328;.190539;6.2667;1;.466103540788638;1.13877087992842
P05;MO_100;100;23;-.8498;1.214478;4.514478;-1.014488;4.16391800000001;1.26427;9.5076;0;.466103540788638;.269018477883822
P05;MO_100;100;24;1.63525;1.923821;1.316383;2.7;1.214478;.8498;1.88595;1;.466103540788638;1.46144473151051
P05;MO_100;100;25;1.616511;.814621000000002;-1.119538;-1.119538;1.923821;1.63525;19.8522;0;.466103540788638;-.727640330207641
P05;MO_100;100;26;.174543;.812584000000001;4.312584;7.6;.814621000000002;1.616511;4.52745;0;.466103540788638;.188421605237139
P05;MO_100;100;27;.120472;.705825999999988;8.10582599999999;3;.812584000000001;.174543;6.3216;0;.466103540788638;.087076381851768
P05;MO_100;100;28;1.021491;3.24475799999999;3.74475799999999;25.5;.705825999999988;.120472;1.13535;0;.466103540788638;.866480023542242
P05;MO_100;100;29;.826587;1.01307700000001;6.71307700000001;-.202194;3.24475799999999;1.021491;11.64915;0;.466103540788638;.150910975697137
P05;MO_100;100;30;-.635398;3.044685;5.344685;15.4;1.01307700000001;.826587;2.05065;0;.466103540788638;.569665939152635
P05;MO_100;100;31;.415268;3.448601;5.248601;7.4;3.044685;.635398;3.33225;0;.466103540788638;.657051469524927
P05;MO_100;100;32;.579878;3.94465699999999;.507171999999997;1.5;3.448601;.415268;7.8003;1;.466103540788638;7.77774995465052
P05;MO_100;100;33;.518877;.808724000000012;-3.94103199999999;-3.941032;3.94465699999999;.579878;49.9275;0;.466103540788638;-.205206149049288
P05;MO_100;100;34;-.089587;.608069999999998;2.40807;-5.258843;.808724000000012;.518877;47.42235;0;.466103540788638;.2525134236131
P05;MO_100;100;35;-.122466;.605178000000009;7.00517800000001;2.3;.608069999999998;.089587;11.17395;0;.466103540788638;.086390096011837
P05;MO_100;100;36;.351625;1.518883;3.318883;3.9;.605178000000009;.122466;9.52155;0;.466103540788638;.457648853545003
P05;MO_100;100;37;1.173904;1.622032;1.317947;9.3;1.518883;.351625;2.41695;1;.466103540788638;1.23072627351479
P05;MO_100;100;38;1.001589;1.013245;7.513245;-.810341;1.622032;1.173904;5.7312;0;.466103540788638;.134861168509745
P05;MO_100;100;39;.530823;1.92898599999999;8.528986;6.1;1.013245;1.001589;2.05065;0;.466103540788638;.22616826900642
P05;MO_100;100;40;-.860312;3.449395;4.449395;6.4;1.92898599999999;.530823;.8973;0;.466103540788638;.775250343024164
P05;MO_100;100;41;-.726952;.90993499999999;3.40993499999999;4;3.449395;.860312;11.1051;0;.466103540788638;.266848195053569
P05;MO_100;100;42;.46963;.605934000000005;3.005934;3.5;.90993499999999;.726952;.531;0;.466103540788638;.201579276191694
P05;MO_100;100;43;1.016034;.914550000000006;8.11455;5.1;.605934000000005;.46963;5.98095;0;.466103540788638;.112704955912528
P05;MO_100;100;44;.433793;2.02356800000001;19.323568;8.2;.914550000000006;1.016034;1.5012;0;.466103540788638;.104720204881418
P05;MO_100;100;45;.116817;2.02748100000002;5.72748100000002;5.4;2.02356800000001;.433793;3.31425;0;.466103540788638;.353991746109679
P05;MO_100;100;46;-.955103;2.53192200000001;11.731922;3.1;2.02748100000002;.116817;2.80125;0;.466103540788638;.215814765901104
P05;MO_100;100;47;.3417;3.551209;5.251209;2.5;2.53192200000001;.955103;4.23;0;.466103540788638;.676265027729805
P07;MO_100;100;1;.038262;1.21792;5.61792;5;.709819999999999;.305756;2.4903;0;.137101760337924;.216791979949875
P07;MO_100;100;2;.487255;.910336999999998;3.810337;3.6;1.21792;.038262;1.51965;0;.137101760337924;.238912463648228
P07;MO_100;100;3;1.064606;.911807000000001;1.411807;2.3;.910336999999998;.487255;.98865;0;.137101760337924;.645843943258534
P07;MO_100;100;4;1.165897;1.01383;-.307751000000001;-.307751;.911807000000001;1.064606;2.76615;0;.137101760337924;-3.29431910863002
P07;MO_100;100;5;.238367;1.119219;7.819219;3.6;1.01383;1.165897;6.50025;0;.137101760337924;.143136929660111
P07;MO_100;100;6;-.013441;1.222923;23.122923;4.7;1.119219;.238367;3.9366;0;.137101760337924;.0528879069484425
P07;MO_100;100;7;.041522;2.531547;32.731547;21.2;1.222923;.013441;.1467;0;.137101760337924;.0773427238254275
P07;MO_100;100;8;.09567;2.434976;13.034976;19.5;2.531547;.041522;.2196;0;.137101760337924;.186803259169791
P07;MO_100;100;9;-.092605;2.83009;14.63009;14.4;2.434976;.09567;.45765;0;.137101760337924;.193443102537305
P07;MO_100;100;10;-.023731;4.041849;14.541849;10.8;2.83009;.092605;.6957;0;.137101760337924;.277946016355967
P07;MO_100;100;11;.532642;3.337959;13.537959;11.4;4.041849;.023731;.23805;0;.137101760337924;.246562942021024
P07;MO_100;100;12;.81234;2.635929;15.035929;9;3.337959;.532642;.4392;0;.137101760337924;.175308688941003
P07;MO_100;100;13;.703795;2.53197100000001;15.231971;11.3;2.635929;.81234;.97065;0;.137101760337924;.166227404188205
P07;MO_100;100;14;.240205;2.330261;10.730261;11.8;2.53197100000001;.703795;1.20825;0;.137101760337924;.217167224543746
P07;MO_100;100;15;.78547;3.645996;6.145996;7;2.330261;.240205;.8424;0;.137101760337924;.593231105259424
P07;MO_100;100;16;.971785;2.12468;8.22468;1.8;3.645996;.78547;2.41695;0;.137101760337924;.258329807360286
P07;MO_100;100;17;-.28465;3.129872;24.729872;5.3;2.12468;.971785;2.94795;0;.137101760337924;.126562401940455
P07;MO_100;100;18;-.397762;2.028347;12.928347;11.3;3.129872;.28465;.91575;0;.137101760337924;.156891441728784
P07;MO_100;100;19;.275507;3.84626;35.74626;10.9;2.028347;.397762;.531;0;.137101760337924;.107598948813107
P07;MO_100;100;20;.661636;3.84365899999999;54.443659;30.7;3.84626;.275507;.07335;0;.137101760337924;.070598836863628
P07;MO_100;100;21;.634419;3.457893;29.557893;49.8;3.84365899999999;.661636;0;0;.137101760337924;.116987127600739
P07;MO_100;100;22;.411809;2.240509;20.940509;24.4;3.457893;.634419;0;0;.137101760337924;.106994008598358
P07;MO_100;100;23;-.071018;3.03572799999999;14.735728;17.6;2.240509;.411809;0;0;.137101760337924;.206011403033497
P07;MO_100;100;24;-.40302;4.15789799999999;15.557898;10.7;3.03572799999999;.071018;.38475;0;.137101760337924;.267253198343375
P07;MO_100;100;25;1.109491;5.366989;5.366989;10.4;4.15789799999999;.40302;.1467;1;.137101760337924;1
P07;MO_100;100;26;1.732098;.809066999999999;-.509323000000001;-.509323;5.366989;1.109491;3.84525;0;.137101760337924;-1.58851455755974
P07;MO_100;100;27;-.876443;2.23024;2.43024;-1.826431;.809066999999999;1.732098;10.80675;0;.137101760337924;.917703601290408
P07;MO_100;100;28;.057558;.9114;-.408768;-.408768;2.23024;.876443;15.17535;0;.137101760337924;-2.22962658525129
P07;MO_100;100;29;1.726859;1.217506;-1.824952;-1.824952;.9114;.057558;11.73105;0;.137101760337924;-.667144122146774
P07;MO_100;100;30;1.391879;1.11798;.915442999999996;1.6;1.217506;1.726859;10.3752;1;.137101760337924;1.22124479623527
P07;MO_100;100;31;1.408246;.908919999999995;-.201981000000005;-.201981;1.11798;1.391879;.5337;0;.137101760337924;-4.5000272302839
P07;MO_100;100;32;-.152976;.813063999999997;3.613064;3.3;.908919999999995;1.408246;8.15265;0;.137101760337924;.225034485965374
P07;MO_100;100;33;.107694;.507354000000007;3.10735400000001;2;.813063999999997;.152976;11.7783;0;.137101760337924;.163275249617522
P07;MO_100;100;34;.904781;.912536000000003;6.112536;9.8;.507354000000007;.107694;1.88595;0;.137101760337924;.149289263899632
P07;MO_100;100;35;.68159;1.013634;9.413634;4.7;.912536000000003;.904781;5.1453;0;.137101760337924;.10767722645686
P07;MO_100;100;36;.704637;2.33329000000001;4.93329;7.3;1.013634;.68159;.22005;0;.137101760337924;.472968343640858
P07;MO_100;100;37;.979469;.910195000000002;6.410195;2.5;2.33329000000001;.704637;3.7719;0;.137101760337924;.141991780281255
P07;MO_100;100;38;.149935;2.124978;20.324978;4.8;.910195000000002;.979469;3.699;0;.137101760337924;.104550076265765
P07;MO_100;100;39;-.360131;1.92214199999999;8.42214199999999;12.5;2.124978;.149935;1.1349;0;.137101760337924;.228224838764294
P07;MO_100;100;40;-.81113;2.540001;9.140001;7.4;1.92214199999999;.360131;.14625;0;.137101760337924;.277899422549297
P07;MO_100;100;41;-.738276;1.417626;7.217626;22.8;2.540001;.81113;2.80125;0;.137101760337924;.196411673311973
P07;MO_100;100;42;-.122249;1.21669000000001;6.31669000000001;7.6;1.417626;.738276;1.73925;0;.137101760337924;.192615119627528
P07;MO_100;100;43;.554588;1.42452999999999;53.52453;9.9;1.21669000000001;.122249;.6957;0;.137101760337924;.0266145260873844
P07;MO_100;100;44;.792156;1.213981;11.613981;11.4;1.42452999999999;.554588;1.44675;0;.137101760337924;.104527551749912
P07;MO_100;100;45;.59041;1.72141300000001;11.921413;11.8;1.213981;.792156;1.13535;0;.137101760337924;.14439672545528
P07;MO_100;100;46;.557342;1.517388;10.317388;9.1;1.72141300000001;.59041;.38475;0;.137101760337924;.147070944700345
P07;MO_100;100;47;.661486;1.31550600000003;40.615506;7.6;1.517388;.557342;.82395;0;.137101760337924;.0323892554730213
P07;MO_100;100;48;.685605;2.32549999999998;8.72549999999998;13.3;1.31550600000003;.661486;1.2087;0;.137101760337924;.266517678070023
P07;MO_100;100;49;.67447;1.520904;9.220904;24;2.32549999999998;.685605;1.50165;0;.137101760337924;.164940877814149
P07;MO_100;100;50;.43251;.806243999999992;11.106244;8.4;1.520904;.67447;.531;0;.137101760337924;.0725937589701786
P08;MO_100;100;1;.081914;.913445999999999;5.113446;5.9;1.320207;.317988;.29295;0;.505669432126653;.178636090026178
P08;MO_100;100;2;.613812;.710842999999999;17.710843;3.6;.913445999999999;.081914;1.2087;0;.505669432126653;.0401360341797394
P08;MO_100;100;3;1.060501;1.116186;10.016186;10.7;.710842999999999;.613812;.2196;0;.505669432126653;.111438226087255
P08;MO_100;100;4;.98567;.807313999999998;8.007314;6.6;1.116186;1.060501;1.4283;0;.505669432126653;.100822073419376
P08;MO_100;100;5;.426226;1.214483;7.314483;6.2;.807313999999998;.98567;1.13535;0;.505669432126653;.166038119167137
P08;MO_100;100;6;-.707363;2.72796;6.62796;6;1.214483;.426226;.531;0;.505669432126653;.411583654699183
P08;MO_100;100;7;-1.083329;2.023897;3.623897;3.1;2.72796;.707363;.14625;0;.505669432126653;.558486347708006
P08;MO_100;100;8;-.145539;3.547935;8.147935;9.9;2.023897;1.083329;.98865;0;.505669432126653;.43543977707235
P08;MO_100;100;9;1.16409;3.442453;3.237039;5.2;3.547935;.145539;.60435;1;.505669432126653;1.06345737570663
P08;MO_100;100;10;.839168;1.926044;21.126044;-.711476;3.442453;1.16409;3.47895;0;.505669432126653;.0911691748819609
P08;MO_100;100;11;-.137383;3.446228;11.446228;12.6;1.926044;.839168;.91575;0;.505669432126653;.301079796767983
P08;MO_100;100;12;-.659745;3.438946;14.738946;8.3;3.446228;.137383;.4392;0;.505669432126653;.233323739702961
P08;MO_100;100;13;.598371;4.558113;6.658113;10.3;3.438946;.659745;.29295;0;.505669432126653;.684595320025359
P08;MO_100;100;14;1.357169;3.14370700000001;.611618;1.3;4.558113;.598371;.7506;1;.505669432126653;5.13998443472888
P08;MO_100;100;15;.099933;2.232399;4.532399;-1.724483;3.14370700000001;1.357169;.98865;0;.505669432126653;.492542470334143
P08;MO_100;100;16;-1.588931;3.23727;.911147999999997;1.6;2.232399;.099933;3.03975;1;.505669432126653;3.55295736806755
P08;MO_100;100;17;-.210215;3.337898;9.737898;-2.832394;3.23727;1.588931;2.5632;0;.505669432126653;.34277397442446
P08;MO_100;100;18;-1.553976;3.854462;3.14033499999999;4.6;3.337898;.210215;1.57455;1;.505669432126653;1.22740471956018
P08;MO_100;100;19;1.456249;1.923638;-1.220009;-1.220009;3.854462;1.553976;2.5083;0;.505669432126653;-1.57674082732177
P08;MO_100;100;20;-1.216126;1.415931;-3.654824;-3.654824;1.923638;1.456249;4.8339;0;.505669432126653;-.38741427767794
P08;MO_100;100;21;-.077507;1.51724999999999;4.61724999999999;11.3;1.415931;1.216126;3.186;0;.505669432126653;.328604688938219
P08;MO_100;100;22;.712672;.704879999999989;11.30488;2.8;1.51724999999999;.077507;2.05065;0;.505669432126653;.0623518338982801
P08;MO_100;100;23;.457584;3.55078899999999;.708466000000001;8.4;.704879999999989;.712672;3.0213;1;.505669432126653;5.01193988137749
P08;MO_100;100;24;-1.712251;4.454178;3.333298;6;3.55078899999999;.457584;.2196;1;.505669432126653;1.33626756443618
P08;MO_100;100;25;-.109692;3.54621900000001;5.64621900000001;-1.626785;4.454178;1.712251;6.19335;0;.505669432126653;.628069686988763
P08;MO_100;100;26;1.649263;2.63337700000001;.612045000000009;1.3;3.54621900000001;.109692;5.56245;1;.505669432126653;4.30258722806325
P08;MO_100;100;27;.70385;1.92267600000001;4.92267600000001;-2.529571;2.63337700000001;1.649263;2.19735;0;.505669432126653;.390575369981694
P08;MO_100;100;28;-1.225008;1.82145700000001;1.61779;2.6;1.92267600000001;.70385;1.7397;1;.505669432126653;1.12589211207883
P08;MO_100;100;29;-1.357183;2.23178899999999;-.708183000000008;-.708183;1.82145700000001;1.225008;1.4283;0;.505669432126653;-3.1514297858039
P08;MO_100;100;30;-.094961;1.825744;14.725744;6.9;2.23178899999999;1.357183;1.44675;0;.505669432126653;.123983141361143
P08;MO_100;100;31;.421119;3.24315600000001;9.54315600000001;8.2;1.825744;.094961;1.4283;0;.505669432126653;.339841033720921
P08;MO_100;100;32;-.607277;2.74402600000001;6.144026;5.5;3.24315600000001;.421119;1.9773;0;.505669432126653;.446616925123691
P08;MO_100;100;33;-1.00147;2.73922;12.93922;2.6;2.74402600000001;.607277;.98865;0;.505669432126653;.211699005040489
P08;MO_100;100;34;-.327935;3.75469899999999;17.154699;10.3;2.73922;1.00147;1.062;0;.505669432126653;.21887291639451
P08;MO_100;100;35;-.466884;4.05270400000001;26.252704;12.5;3.75469899999999;.327935;.531;0;.505669432126653;.154372821938647
P08;MO_100;100;36;-.292607;4.45607;11.85607;19.3;4.05270400000001;.466884;.31095;0;.505669432126653;.375847139903864
P08;MO_100;100;37;1.200371;3.85420199999999;3.75393700000001;7.6;4.45607;.292607;.07335;1;.505669432126653;1.02670929213782
P08;MO_100;100;38;-1.838222;3.13720699999999;-.604873000000011;-.604873;3.85420199999999;1.200371;2.8017;0;.505669432126653;-5.18655486358282
P08;MO_100;100;39;.384732;2.52768;6.72768;-4.252029;3.13720699999999;1.838222;7.28865;0;.505669432126653;.375713470319635
P09;MO_100;100;1;.630247;.203771000000001;17.603771;17.4; ; ;.4392;0;.355928400310337;.0115754175625212
P09;MO_100;100;2;.472594;2.023844;7.823844;8.4;.203771000000001;.630247;.60435;0;.355928400310337;.258676425552452
P09;MO_100;100;3;-.16176;2.226276;7.826276;9.7;2.023844;.472594;1.04355;0;.355928400310337;.28446172866891
P09;MO_100;100;4;-.146634;2.629916;10.929916;8.6;2.226276;.16176;3.8448;0;.355928400310337;.24061630482796
P09;MO_100;100;5;.070444;2.630417;13.230417;9.3;2.629916;.146634;1.97775;0;.355928400310337;.198815880104157
P09;MO_100;100;6;.205152;3.143303;12.243303;11.1;2.630417;.070444;1.88595;0;.355928400310337;.256736519548687
P09;MO_100;100;7;-.25788;3.231497;8.431497;8.6;3.143303;.205152;1.13535;0;.355928400310337;.383264917250163
P09;MO_100;100;8;-.379827;3.439601;9.439601;8.1;3.231497;.25788;3.186;0;.355928400310337;.364379913939159
P09;MO_100;100;9;-.215958;3.741913;12.241913;9.5;3.439601;.379827;2.124;0;.355928400310337;.305664073907403
P09;MO_100;100;10;.317501;4.562703;22.662703;8.3;3.741913;.215958;2.4903;0;.355928400310337;.201330926853694
P09;MO_100;100;11;999;3.542885;20.842885;26.6;4.562703;.317501;.67725;0;.355928400310337;.169980547318665
P09;MO_100;100;12;.297327;4.65076800000001;14.650768;11.2;3.542885;7.5;1.062;0;.355928400310337;.317441925228767
P09;MO_100;100;13;.053323;4.354744;12.054744;14.1;4.65076800000001;.297327;1.35495;0;.355928400310337;.361247323045599
P09;MO_100;100;14;.088723;4.457889;10.257889;9.5;4.354744;.053323;2.5083;0;.355928400310337;.43458152062281
P09;MO_100;100;15;-.684958;6.18341099999999;7.98341099999999;7.1;4.457889;.088723;2.3436;0;.355928400310337;.774532464882492
P09;MO_100;100;16;-.912485;1.721092;12.721092;6.8;6.18341099999999;.684958;4.6008;0;.355928400310337;.135294359949602
P09;MO_100;100;17;-.120481;1.521652;7.521652;4.6;1.721092;.912485;5.2047;0;.355928400310337;.202302898352649
P09;MO_100;100;18;.527684;1.01310799999999;16.213108;13.4;1.521652;.120481;.82395;0;.355928400310337;.0624869704192429
P09;MO_100;100;19;.785199;1.012299;11.112299;9.6;1.01310799999999;.527684;.60435;0;.355928400310337;.0910971708014696
P09;MO_100;100;20;-.157819;5.26139099999999;14.061391;16.4;1.012299;.785199;1.062;0;.355928400310337;.374172868103873
P09;MO_100;100;21;-.246177;3.238854;19.138854;7.9;5.26139099999999;.157819;3.2409;0;.355928400310337;.169229254792372
P09;MO_100;100;22;.803654;3.45150700000001;6.45150700000001;6.9;3.238854;.246177;2.10555;0;.355928400310337;.534992366899703
P09;MO_100;100;23;.975544;2.326156;10.326156;9.4;3.45150700000001;.803654;1.1349;0;.355928400310337;.225268337995281
P09;MO_100;100;24;-.417698;4.052147;5.752147;12.8;2.326156;.975544;2.34405;0;.355928400310337;.704458178833051
P09;MO_100;100;25;-1.203835;1.52033999999999;.81114199999999;1.4;4.052147;.417698;2.78775;1;.355928400310337;1.8743204025929
P09;MO_100;100;26;-.431326;1.51818800000001;12.718188;-1.216454;1.52033999999999;1.203835;7.40205;0;.355928400310337;.119371407310539
P09;MO_100;100;27;.31238;2.23371200000001;11.033712;14.8;1.51818800000001;.431326;1.04355;0;.355928400310337;.202444290733709
P09;MO_100;100;28;.693455;3.644944;17.744944;20.3;2.23371200000001;.31238;1.5012;0;.355928400310337;.205407467050896
P09;MO_100;100;29;.424182;4.46075399999999;16.160754;9;3.644944;.693455;2.05065;0;.355928400310337;.276023878588833
P09;MO_100;100;30;-.477569;5.974251;11.774251;14.5;4.46075399999999;.424182;1.2816;0;.355928400310337;.507399663893695
P09;MO_100;100;31;-.492735;3.339607;6.639607;6.9;5.974251;.477569;5.29155;0;.355928400310337;.502982631351524
P09;MO_100;100;32;-.597583;2.02606199999998;27.126062;8.1;3.339607;.492735;2.94795;0;.355928400310337;.0746906056618163
P09;MO_100;100;33;-.844465;2.223343;3.523343;5.8;2.02606199999998;.597583;1.062;0;.355928400310337;.631032232740326
P09;MO_100;100;34;-.675701;1.41589400000001;5.21589400000001;5.1;2.223343;.844465;3.9231;0;.355928400310337;.27145758713655
P09;MO_100;100;35;.234477;.811661000000015;4.61166100000001;4.2;1.41589400000001;.675701;1.3734;0;.355928400310337;.176001878715719
P10;MO_100;100;1;.501226;.507551000000001;5.607551;5.4;.604308999999999;.169392;.3663;0;.644271298379488;.0905120613258802
P10;MO_100;100;2;.533763;2.431805;6.631805;16.6;.507551000000001;.501226;2.19735;0;.644271298379488;.366688254555132
P10;MO_100;100;3;-.96752;2.12422;2.52422;4;2.431805;.533763;1.8126;0;.644271298379488;.841535206915404
P10;MO_100;100;4;-1.564102;.913802999999998;-.304100000000002;-.3041;2.12422;.96752;4.36275;0;.644271298379488;-3.00494245314039
P10;MO_100;100;5;.168869;2.235441;4.335441;-1.621163;.913802999999998;1.564102;6.17535;0;.644271298379488;.515620210262347
P10;MO_100;100;6;1.376557;2.129076;.810552999999999;1.7;2.235441;.168869;4.761;1;.644271298379488;2.62669560164481
P10;MO_100;100;7;.725391;1.72522;4.82522;-1.822767;2.129076;1.376557;1.73925;0;.644271298379488;.357542246778385
P10;MO_100;100;8;-.963984;3.140564;10.840564;3.3;1.72522;.725391;2.124;0;.644271298379488;.289704852994733
P10;MO_100;100;9;.386378;2.741009;5.641009;5.6;3.140564;.963984;2.7099;0;.644271298379488;.485907574336435
P10;MO_100;100;10;1.020001;2.133335;5.333335;12.5;2.741009;.386378;4.4676;0;.644271298379488;.400000187499941
P10;MO_100;100;11;.754707;2.03146700000001;8.73146700000001;8.8;2.133335;1.020001;3.7899;0;.644271298379488;.232660445260803
P10;MO_100;100;12;.714263;2.738887;8.438887;7.5;2.03146700000001;.754707;.45765;0;.644271298379488;.324555477517355
P10;MO_100;100;13;.760692;1.416714;6.916714;9.7;2.738887;.714263;2.10555;0;.644271298379488;.204824718789876
P10;MO_100;100;14;.537525;2.429176;10.729176;10.1;1.416714;.760692;3.168;0;.644271298379488;.226408439939843
P10;MO_100;100;15;.57705;4.056583;15.056583;7.3;2.429176;.537525;1.13535;0;.644271298379488;.269422550920086
P10;MO_100;100;16;.953772;3.640667;25.740667;10;4.056583;.57705;.3114;0;.644271298379488;.141436389352304
P10;MO_100;100;17;.30537;1.620575;5.120575;4.9;3.640667;.953772;3.717;0;.644271298379488;.31648301216172
P10;MO_100;100;18;-.612469;1.314602;8.114602;13.5;1.620575;.30537;1.13535;0;.644271298379488;.162004495106476
P10;MO_100;100;19;.573259;2.63002;4.53002;5.8;1.314602;.612469;3.9186;0;.644271298379488;.580575803197337
P10;MO_100;100;20;1.040019;1.620179;.706734000000004;6.7;2.63002;.573259;5.7492;1;.644271298379488;2.29248769692698
P10;MO_100;100;21;.786361;.606347;8.606347;5.1;1.620179;1.040019;3.16755;0;.644271298379488;.0704534688178387
P10;MO_100;100;22;1.82346;4.66342900000001;3.856903;9.8;.606347;.786361;3.5523;1;.644271298379488;1.20911233702274
P10;MO_100;100;23;.664021;1.418915;-1.312965;-1.312965;4.66342900000001;1.82346;16.4178;0;.644271298379488;-1.08069522036002
P10;MO_100;100;24;-.745855;.809707000000003;2.409707;-3.237572;1.418915;.664021;11.7783;0;.644271298379488;.336018860384272
P10;MO_100;100;25;.831198;.204407000000003;.704407000000003;.8;.809707000000003;.745855;6.34095;0;.644271298379488;.290183090173724
P10;MO_100;100;26;1.061158;.709153000000001;2.309153;-.201377;.204407000000003;.831198;9.1971;0;.644271298379488;.307105245949489
P10;MO_100;100;27;-.979865;.814551999999992;1.61455199999999;1.6;.709153000000001;1.061158;5.7825;0;.644271298379488;.504506513261881
P10;MO_100;100;28;-1.058758;.706535000000002;4.406535;-.101807;.814551999999992;.979865;4.08285;0;.644271298379488;.160337997996158
P10;MO_100;100;29;.052473;1.922706;5.922706;6.6;.706535000000002;1.058758;3.3327;0;.644271298379488;.324633030915261
P10;MO_100;100;30;-.928752;2.93805;3.53805;3.3;1.922706;.052473;3.6252;0;.644271298379488;.830415059142748
P10;MO_100;100;31;-1.267838;1.11354799999999;-.100579000000006;-.100579;2.93805;.928752;2.23875;0;.644271298379488;-11.0713767287398
P10;MO_100;100;32;.006963;1.318375;17.518375;3.5;1.11354799999999;1.267838;6.0426;0;.644271298379488;.0752566947562203
P10;MO_100;100;33;.834551;2.33905;4.03905;6.5;1.318375;.006963;6.64695;0;.644271298379488;.579108948886496
P10;MO_100;100;34;-.120202;3.636818;6.336818;7.5;2.33905;.834551;5.77935;0;.644271298379488;.573918644972919
P10;MO_100;100;35;-.992558;2.02796199999999;3.02796199999999;9.8;3.636818;.120202;3.8637;0;.644271298379488;.669744864697773
P10;MO_100;100;36;-.735461;1.5214;.205283999999992;.3;2.02796199999999;.992558;2.2572;1;.644271298379488;7.41119619648906
P10;MO_100;100;37;.147015;.807755;12.007755;4.3;1.5214;.735461;2.19735;0;.644271298379488;.0672694437886183
P10;MO_100;100;38;.68877;1.11589000000001;15.11589;7.7;.807755;.147015;2.56365;0;.644271298379488;.0738223154574431
P10;MO_100;100;39;.523707;2.32843800000001;9.028438;21.6;1.11589000000001;.68877;2.4903;0;.644271298379488;.25790042530059
P10;MO_100;100;40;-.174913;2.635186;13.235186;6;2.32843800000001;.523707;1.9773;0;.644271298379488;.199104568685321
P10;MO_100;100;41;.112046;3.54872900000001;9.74872900000001;10.2;2.635186;.174913;.8973;0;.644271298379488;.364019658357516
P10;MO_100;100;42;.082561;2.221817;8.021817;8.8;3.54872900000001;.112046;1.35495;0;.644271298379488;.2769717883118
P10;MO_100;100;43;.003439;3.536415;19.036415;15.6;2.221817;.082561;2.1789;0;.644271298379488;.185771060359842
P10;MO_100;100;44;.435625;3.034729;7.734729;28;3.536415;.003439;.9153;0;.644271298379488;.392351044231802
P10;MO_100;100;45;.598704;.810706999999994;7.21070699999999;8.2;3.034729;.435625;1.28205;0;.644271298379488;.112431000177929
P10;MO_100;100;46;-.297593;3.04589;6.94589;5.9;.810706999999994;.598704;1.4283;0;.644271298379488;.438516878326608
P10;MO_100;100;47;-.639168;2.42597900000001;18.825979;11.5;3.04589;.297593;2.80125;0;.644271298379488;.128863364821559
P10;MO_100;100;48;-.270294;2.33131399999999;12.231314;12.7;2.42597900000001;.639168;1.062;0;.644271298379488;.19060208903148
P10;MO_100;100;49;.523649;3.23999000000001;6.13999000000001;26.8;2.33131399999999;.270294;2.3436;0;.644271298379488;.527686527176755
P10;MO_100;100;50;.739794;.100265000000007;5.80026500000001;7;3.23999000000001;.523649;1.062;0;.644271298379488;.0172862791613843
P11;MO_100;100;1;-.386245;1.214515;5.014515;7.5;1.116321;.739513;.76905;0;.206824215039977;.242199893708564
P11;MO_100;100;2;.4961;1.118101;14.618101;4.7;1.214515;.386245;1.575;0;.206824215039977;.0764874315754146
P11;MO_100;100;3;.907655;.912392;9.612392;12.4;1.118101;.4961;.75105;0;.206824215039977;.0949183096153382
P11;MO_100;100;4;.858548;.909089999999999;5.90909;8.2;.912392;.907655;1.13535;0;.206824215039977;.153846023668619
P11;MO_100;100;5;.315675;1.010532;6.410532;6.5;.909089999999999;.858548;.3843;0;.206824215039977;.157636214903849
P11;MO_100;100;6;-.165532;.809877999999998;15.509878;11.9;1.010532;.315675;.531;0;.206824215039977;.0522169162130094
P11;MO_100;100;7;-.47191;1.219236;19.019236;15.6;.809877999999998;.165532;.29295;0;.206824215039977;.0641054141186323
P11;MO_100;100;8;-.519653;1.212911;11.512911;19.4;1.219236;.47191;.45765;0;.206824215039977;.105352243233705
P11;MO_100;100;9;-.368112;1.111206;32.611206;13.1;1.212911;.519653;.531;0;.206824215039977;.0340743608194067
P11;MO_100;100;10;-.244566;1.110914;26.510914;29.1;1.111206;.368112;0;0;.206824215039977;.0419040248857508
P11;MO_100;100;11;-.178434;1.512848;21.612848;23.9;1.110914;.244566;0;0;.206824215039977;.0699976236357189
P11;MO_100;100;12;-.185455;1.519154;29.319154;18.9;1.512848;.178434;.1647;0;.206824215039977;.0518143872773409
P11;MO_100;100;13;-.204296;1.726277;22.626277;26.9;1.519154;.185455;.07335;0;.206824215039977;.0762952296570929
P11;MO_100;100;14;-.181817;1.719646;18.419646;19.9;1.726277;.204296;0;0;.206824215039977;.0933593403478004
P11;MO_100;100;15;-.069537;1.518421;14.318421;15.7;1.719646;.181817;0;0;.206824215039977;.106046679309122
P11;MO_100;100;16;.155185;1.62336000000001;13.72336;11.8;1.518421;.069537;.23805;0;.206824215039977;.118291730305116
P11;MO_100;100;17;.362629;1.415054;29.915054;11.3;1.62336000000001;.155185;.4392;0;.206824215039977;.04730240500318
P11;MO_100;100;18;.445298;1.526645;13.726645;27.6;1.415054;.362629;.531;0;.206824215039977;.11121763548194
P11;MO_100;100;19;.329652;1.21731500000001;28.817315;30;1.526645;.445298;0;0;.206824215039977;.0422424851170211
P11;MO_100;100;20;.157479;1.619484;42.119484;26.5;1.21731500000001;.329652;.14625;0;.206824215039977;.0384497587862187
P11;MO_100;100;21;999;1.413315;37.713315;39.4;1.619484;.157479;0;0;.206824215039977;.0374752259248491
P11;MO_100;100;22;.173104;1.414593;33.514593;35.2;1.413315;7.5;0;0;.206824215039977;.0422082702899003
P11;MO_100;100;23;.334406;1.314548;25.214548;31.1;1.414593;.173104;.0728999999999995;0;.206824215039977;.0521345058416276
P11;MO_100;100;24;.504541;1.42001;19.12001;22.9;1.314548;.334406;.07335;0;.206824215039977;.0742682665960949
P11;MO_100;100;25;.526666;1.208637;9.708637;15.1;1.42001;.504541;.51255;0;.206824215039977;.124490904336005
P11;MO_100;100;26;.234893;1.41328799999999;8.61328799999999;8.9;1.208637;.526666;.23805;0;.206824215039977;.164082287739594
P11;MO_100;100;27;-.308656;1.517357;5.617357;6.2;1.41328799999999;.234893;.2196;0;.206824215039977;.270119381766194
P11;MO_100;100;28;-.730115;1.11196199999999;12.111962;4.2;1.517357;.308656;1.062;0;.206824215039977;.0918069260785321
P11;MO_100;100;29;-.750898;1.216683;10.816683;11.3;1.11196199999999;.730115;.38475;0;.206824215039977;.112482079765118
P11;MO_100;100;30;-.380931;1.318596;10.618596;10.1;1.216683;.750898;.3114;0;.206824215039977;.124177998673271
P11;MO_100;100;31;.227722;1.723923;10.323923;10.8;1.318596;.380931;.0729000000000005;0;.206824215039977;.166983326008921
P11;MO_100;100;32;.583094;1.41745800000001;10.617458;22;1.723923;.227722;.67725;0;.206824215039977;.133502576605437
P11;MO_100;100;33;.371242;1.619202;8.119202;8.6;1.41745800000001;.583094;.29295;0;.206824215039977;.199428712329118
P11;MO_100;100;34;-.228611;1.519104;5.919104;6.4;1.619202;.371242;.2196;0;.206824215039977;.256644248859287
P11;MO_100;100;35;-.770104;1.417648;15.217648;17.4;1.519104;.228611;.07335;0;.206824215039977;.0931581542693063
P11;MO_100;100;36;-.760988;1.313339;7.013339;12.5;1.417648;.770104;1.51965;0;.206824215039977;.187263014093572
P11;MO_100;100;37;-.019161;1.41519199999999;6.91519199999999;6.2;1.313339;.760988;.82395;0;.206824215039977;.204649704592438
P11;MO_100;100;38;.63079;1.31411;12.61411;23.2;1.41519199999999;.019161;.531;0;.206824215039977;.104177781864912
P11;MO_100;100;39;.653825;1.310615;7.010615;8.7;1.31411;.63079;.531;0;.206824215039977;.186947222176656
P11;MO_100;100;40;.124406;1.216233;21.816233;8.3;1.310615;.653825;.531;0;.206824215039977;.0557489920464271
P11;MO_100;100;41;-.310372;1.72613600000001;11.526136;14;1.216233;.124406;.0918;0;.206824215039977;.149758427282136
P11;MO_100;100;42;.0205;1.519814;5.519814;6.2;1.72613600000001;.310372;.7506;0;.206824215039977;.275337900878544
P11;MO_100;100;43;.838797;1.513321;4.213321;4.3;1.519814;.0205;.7506;0;.206824215039977;.359175339358193
P11;MO_100;100;44;1.065188;1.215249;7.115249;8.3;1.513321;.838797;1.2816;0;.206824215039977;.170795006611856
P11;MO_100;100;45;.453152;1.517715;9.917715;7.6;1.215249;1.065188;.9153;0;.206824215039977;.153030713223762
P11;MO_100;100;46;.008897;1.723793;11.823793;12.5;1.517715;.453152;.1467;0;.206824215039977;.145790187632683
P11;MO_100;100;47;.17109;1.92615500000001;11.126155;10.4;1.723793;.008897;.29295;0;.206824215039977;.173119554778808
P11;MO_100;100;48;.48402;2.12316100000001;15.323161;17.4;1.92615500000001;.17109;0;0;.206824215039977;.138558943549572
P11;MO_100;100;49;.336026;1.72261;8.12261;12.3;2.12316100000001;.48402;.60435;0;.206824215039977;.212075921409498
P11;MO_100;100;50;-.308386;1.93111499999999;6.13111499999999;7.3;1.72261;.336026;.14625;0;.206824215039977;.314969626242534
P11;MO_100;100;51;-.705898;1.619209;9.019209;3.7;1.93111499999999;.308386;2.41695;0;.206824215039977;.179528936517604
P11;MO_100;100;52;-.187727;1.924904;12.324904;8.6;1.619209;.705898;.97065;0;.206824215039977;.15618004002303
P11;MO_100;100;53;.263437;1.61856800000001;12.618568;45.2;1.924904;.187727;.60435;0;.206824215039977;.128268754426018
P11;MO_100;100;54;.262315;1.623108;8.723108;10.1;1.61856800000001;.263437;0;0;.206824215039977;.186069919115985
P11;MO_100;100;55;-.311712;2.02204900000001;6.12204900000001;6.9;1.623108;.262315;.2196;0;.206824215039977;.330289581151671
P11;MO_100;100;56;-.600466;1.523003;7.423003;10.2;2.02204900000001;.311712;.531;0;.206824215039977;.205173431830756
P11;MO_100;100;57;-.065893;1.528313;16.828313;6.9;1.523003;.600466;1.2816;0;.206824215039977;.0908179566187056
P11;MO_100;100;58;.284691;1.41835;11.91835;32.4;1.528313;.065893;.4392;0;.206824215039977;.119005567045774
P11;MO_100;100;59;.176316;2.43434100000002;30.634341;11.4;1.41835;.284691;.531;0;.206824215039977;.0794644480845865
P11;MO_100;100;60;.04696;2.837006;13.937006;16.9;2.43434100000002;.176316;0;0;.206824215039977;.203559214941861
P11;MO_100;100;61;.51151;2.835892;7.335892;10;2.837006;.04696;.0729000000000005;0;.206824215039977;.386577664992887
P12;MO_100;100;1;-.189845;.910111;5.510111;5.9;.710419;.01381;.45765;0;.205341438302374;.165171082760402
P12;MO_100;100;2;-.188534;1.922597;7.022597;12.5;.910111;.189845;1.66635;0;.205341438302374;.273772936137443
P12;MO_100;100;3;.315162;2.734001;14.134001;8.8;1.922597;.188534;1.66635;0;.205341438302374;.193434329033937
P12;MO_100;100;4;.247739;2.728313;17.528313;9.2;2.734001;.315162;1.5201;0;.205341438302374;.155651773219705
P12;MO_100;100;5;.450624;2.634355;13.334355;12.7;2.728313;.247739;1.2087;0;.205341438302374;.19756148685107
P12;MO_100;100;6;.566965;2.031926;14.331926;6.6;2.634355;.450624;2.7099;0;.205341438302374;.141776199514287
P12;MO_100;100;7;.310562;2.640148;12.340148;5.9;2.031926;.566965;3.3327;0;.205341438302374;.213947839199335
P12;MO_100;100;8;.14314;2.932112;17.432112;18.7;2.640148;.310562;.82395;0;.205341438302374;.168201764651351
P12;MO_100;100;9;.095746;3.143738;29.643738;10.5;2.932112;.14314;1.062;0;.205341438302374;.106050660682536
P12;MO_100;100;10;.232608;3.033714;16.933714;11.8;3.143738;.095746;.9891;0;.205341438302374;.179152311182296
P12;MO_100;100;11;.583305;2.941426;7.241426;10.1;3.033714;.232608;1.4283;0;.205341438302374;.406194304823387
P12;MO_100;100;12;.554826;1.923568;27.323568;7.7;2.941426;.583305;2.9484;0;.205341438302374;.0703995905659173
P12;MO_100;100;13;999;2.945106;7.345106;12.4;1.923568;.554826;1.35495;0;.205341438302374;.400961674344795
P12;MO_100;100;14;-.312837;2.533653;12.333653;5.9;2.945106;7.5;4.90725;0;.205341438302374;.205425999904489
P12;MO_100;100;15;.098613;2.734291;33.934291;16.1;2.533653;.312837;.82395;0;.205341438302374;.0805760462182634
P12;MO_100;100;16;.889027;4.357292;6.157292;23;2.734291;.098613;2.03265;0;.205341438302374;.707663693714705
P12;MO_100;100;17;.876548;1.519993;40.119993;5.4;4.357292;.889027;5.5116;0;.205341438302374;.037886173110748
P12;MO_100;100;18;-.094082;2.53274500000001;7.032745;6.3;1.519993;.876548;1.593;0;.205341438302374;.36013604929512
P12;MO_100;100;19;-.649842;2.633843;6.733843;8.8;2.53274500000001;.094082;2.72835;0;.205341438302374;.391135195756717
P12;MO_100;100;20;.259502;2.83637999999999;5.93637999999999;6.5;2.633843;.649842;3.79035;0;.205341438302374;.47779623272095
P12;MO_100;100;21;1.718338;2.934349;1.418014;14;2.83637999999999;.259502;2.63655;1;.205341438302374;2.06933711514837
P12;MO_100;100;22;-1.603638;1.011231;-2.026436;-2.026436;2.934349;1.718338;1.3734;0;.205341438302374;-.499019460767574
P12;MO_100;100;23;-1.827986;.305793999999992;-3.54499800000001;-3.544998;1.011231;1.603638;0;0;.205341438302374;-.0862606974672457
P12;MO_100;100;24;1.337781;.403556999999992;-4.35610200000001;-4.356102;.305793999999992;1.827986;1.13535;0;.205341438302374;-.0926417700962905
P12;MO_100;100;25;-.013124;1.828705;22.428705;12.7;.403556999999992;1.337781;1.2087;0;.205341438302374;.0815341322648811
P12;MO_100;100;26;-.153325;2.83644100000001;34.136441;8.3;1.828705;.013124;3.64365;0;.205341438302374;.0830912923816519
P12;MO_100;100;27;.012218;2.732032;9.732032;16.8;2.83644100000001;.153325;.531;0;.205341438302374;.280725751826546
P12;MO_100;100;28;-.088334;2.835441;23.335441;9;2.732032;.012218;1.2087;0;.205341438302374;.121507924362775
P12;MO_100;100;29;.346596;3.04757699999999;26.147577;22.5;2.835441;.088334;.69615;0;.205341438302374;.116552941023942
P12;MO_100;100;30;-.267925;3.65613500000001;6.65613500000001;9.1;3.04757699999999;.346596;1.6659;0;.205341438302374;.549287987698568
P12;MO_100;100;31;-.327522;3.535415;24.335415;8.6;3.65613500000001;.267925;2.94795;0;.205341438302374;.145278599111624
P12;MO_100;100;32;.37538;2.936767;7.136767;24.5;3.535415;.327522;1.5012;0;.205341438302374;.411498231622246
P12;MO_100;100;33;.466694;2.43607300000001;12.136073;13.1;2.936767;.37538;3.2409;0;.205341438302374;.20072992309786
P12;MO_100;100;34;-.446527;2.94229900000001;5.942299;7.5;2.43607300000001;.466694;.91575;0;.205341438302374;.495144892574408
P12;MO_100;100;35;-.115059;2.83979000000001;37.63979;10.5;2.94229900000001;.446527;4.22955;0;.205341438302374;.075446488941623
P12;MO_100;100;36;.048063;2.624832;7.524832;10.6;2.83979000000001;.115059;1.8126;0;.205341438302374;.348822671389873
P12;MO_100;100;37;-.499269;2.52471200000001;8.52471200000001;6.6;2.624832;.048063;1.88595;0;.205341438302374;.296163905595873
P12;MO_100;100;38;-.771538;3.24652900000001;5.94652900000001;13.7;2.52471200000001;.499269;1.593;0;.205341438302374;.545953614284906
P12;MO_100;100;39;-.074053;2.01981400000001;4.41981400000001;7.6;3.24652900000001;.771538;3.168;0;.205341438302374;.456990724044045
P12;MO_100;100;40;1.272364;1.72283999999999;1.31951900000001;9.2;2.01981400000001;.074053;4.0833;1;.205341438302374;1.30565759189521
P12;MO_100;100;41;1.478067;.911574999999999;-.915726000000001;-.915726;1.72283999999999;1.272364;1.87155;0;.205341438302374;-.995466984665717
P12;MO_100;100;42;.942989;.504547000000002;4.604547;-2.332306;.911574999999999;1.478067;2.124;0;.205341438302374;.109575817121641
P12;MO_100;100;43;-.200211;2.12352000000001;10.62352;14.9;.504547000000002;.942989;2.124;0;.205341438302374;.19988854918144
P13;MO_100;100;1;.875418;2.535363;4.035363;10.6;1.828084;.409917;1.88595;0;.104981288361038;.628286228525166
P13;MO_100;100;2;1.060562;.910136999999999;5.610137;6.2;2.535363;.875418;.3663;0;.104981288361038;.162230797572323
P13;MO_100;100;3;.415031;1.317394;11.517394;5.5;.910136999999999;1.060562;2.7279;0;.104981288361038;.114382993236144
P13;MO_100;100;4;.149387;1.418525;10.118525;14.8;1.317394;.415031;.29295;0;.104981288361038;.140190887505837
P13;MO_100;100;5;.306326;2.433756;10.433756;24.2;1.418525;.149387;.531;0;.104981288361038;.233257898689599
P13;MO_100;100;6;.704668;2.631972;7.631972;13.5;2.433756;.306326;.9891;0;.104981288361038;.344861328107598
P13;MO_100;100;7;.846747;2.431982;28.531982;8;2.631972;.704668;1.88595;0;.104981288361038;.0852370508294867
P13;MO_100;100;8;.645107;2.326828;25.526828;10.5;2.431982;.846747;.98865;0;.104981288361038;.0911522575386178
P13;MO_100;100;9;.511744;2.018537;13.718537;12.1;2.326828;.645107;.9891;0;.104981288361038;.147139377908883
P13;MO_100;100;10;.527123;1.919094;5.919094;8.9;2.018537;.511744;.23805;0;.104981288361038;.324220902725992
P13;MO_100;100;11;.780644;1.621906;16.921906;11.5;1.919094;.527123;.60435;0;.104981288361038;.0958465317086621
P13;MO_100;100;12;.848039;2.128845;7.028845;18.1;1.621906;.780644;.75105;0;.104981288361038;.302872662578276
P13;MO_100;100;13;.812616;1.921119;12.021119;10.1;2.128845;.848039;.531;0;.104981288361038;.15981199420786
P13;MO_100;100;14;.422997;1.920445;7.920445;13.5;1.921119;.812616;1.66635;0;.104981288361038;.242466805842349
P13;MO_100;100;15;.216115;1.92868;7.72868;6.5;1.920445;.422997;1.7397;0;.104981288361038;.249548435179099
P13;MO_100;100;16;.8676;2.531838;4.831838;10.4;1.92868;.216115;.3663;0;.104981288361038;.523990663594268
P13;MO_100;100;17;.934233;1.52413199999999;8.924132;8.4;2.531838;.8676;1.062;0;.104981288361038;.170787702378225
P13;MO_100;100;18;.500719;3.034073;18.534073;12.8;1.52413199999999;.934233;.7506;0;.104981288361038;.163702441443929
P13;MO_100;100;19;.555467;2.726753;21.326753;10.9;3.034073;.500719;.75105;0;.104981288361038;.127855984452954
P13;MO_100;100;20;.303836;2.937649;8.337649;11.8;2.726753;.555467;.45765;0;.104981288361038;.352335412536556
P13;MO_100;100;21;-.30765;2.731182;13.131182;13.3;2.937649;.303836;1.2267;0;.104981288361038;.207992090887172
P13;MO_100;100;22;.02198;2.630967;6.930967;9.5;2.731182;.30765;0;0;.104981288361038;.379595949598375
P13;MO_100;100;23;.898939;2.12951600000001;3.82951600000001;28;2.630967;.02198;.60435;0;.104981288361038;.556079671686971
P13;MO_100;100;24;.951843;2.32622600000001;20.326226;6.6;2.12951600000001;.898939;3.93705;0;.104981288361038;.114444560441275
P13;MO_100;100;25;.791997;2.33026099999999;7.93026099999999;10;2.32622600000001;.951843;1.6479;0;.104981288361038;.293844174863853
P13;MO_100;100;26;.703599;2.440315;11.840315;12.2;2.33026099999999;.791997;.8424;0;.104981288361038;.206102202517416
P13;MO_100;100;27;.355416;2.835258;11.535258;20.4;2.440315;.703599;1.593;0;.104981288361038;.245790601302546
P13;MO_100;100;28;.183092;2.329521;10.529521;7.8;2.835258;.355416;1.5012;0;.104981288361038;.221237129400283
P13;MO_100;100;29;.559537;2.131676;5.731676;10.6;2.329521;.183092;.3114;0;.104981288361038;.371911461848157
P13;MO_100;100;30;.851518;1.523163;7.523163;10.5;2.131676;.559537;.9153;0;.104981288361038;.202463112922052
P13;MO_100;100;31;.803284;1.62139900000001;4.72139900000001;5.5;1.523163;.851518;1.062;0;.104981288361038;.343414949679111
P13;MO_100;100;32;.78313;1.41512300000001;5.71512300000001;8;1.62139900000001;.803284;.9153;0;.104981288361038;.247610243909013
P13;MO_100;100;33;-.367207;1.924172;3.924172;12;1.41512300000001;.78313;3.0393;0;.104981288361038;.490338343986961
P13;MO_100;100;34;-.616828;1.219162;4.219162;5.1;1.924172;.367207;3.25935;0;.104981288361038;.288958328691811
P13;MO_100;100;35;.605143;1.616158;4.216158;4.8;1.219162;.616828;1.1349;0;.104981288361038;.383324818472173
P13;MO_100;100;36;1.074104;1.730255;15.230255;7;1.616158;.605143;3.2409;0;.104981288361038;.113606436661763
P13;MO_100;100;37;.837147;1.71951299999999;10.119513;9.1;1.730255;1.074104;.531;0;.104981288361038;.169920528784339
P13;MO_100;100;38;.331038;1.61296899999999;20.712969;10.5;1.71951299999999;.837147;.69615;0;.104981288361038;.0778724189661072
P13;MO_100;100;39;.230843;1.82596600000001;26.925966;7.1;1.61296899999999;.331038;1.81305;0;.104981288361038;.0678143172282105
P13;MO_100;100;40;.376745;2.029549;16.629549;42.2;1.82596600000001;.230843;1.062;0;.104981288361038;.122044740960804
P13;MO_100;100;41;.203212;2.330643;9.230643;13.7;2.029549;.376745;.2196;0;.104981288361038;.252489777797711
P13;MO_100;100;42;.05799;2.233169;8.033169;8.1;2.330643;.203212;.82395;0;.104981288361038;.277993529079246
P13;MO_100;100;43;.6833;2.427505;9.727505;6.9;2.233169;.05799;.67725;0;.104981288361038;.249550629889165
P13;MO_100;100;44;.789292;1.925605;10.325605;10.4;2.427505;.6833;.3114;0;.104981288361038;.186488346203443
P13;MO_100;100;45;.667425;1.929535;5.529535;7.7;1.925605;.789292;0;0;.104981288361038;.348950680301327
P13;MO_100;100;46;.638572;2.22188600000001;11.321886;8.2;1.929535;.667425;1.4283;0;.104981288361038;.196246985705386
P13;MO_100;100;47;.47449;2.32724000000002;10.32724;8.2;2.22188600000001;.638572;.91575;0;.104981288361038;.225349657798213
P13;MO_100;100;48;.502263;2.22616599999998;9.42616599999998;10.9;2.32724000000002;.47449;1.4463;0;.104981288361038;.236168766813568
P13;MO_100;100;49;.303381;2.73114100000001;35.631141;18.9;2.22616599999998;.502263;.2196;0;.104981288361038;.0766503941032932
P14;MO_100;100;1;.838472;.708641999999999;7.508642;9.9;1.41816;.576746;.8973;0;.244666784644148;.0943768526985304
P14;MO_100;100;2;.6249;1.109692;9.309692;6;.708641999999999;.838472;2.1789;0;.244666784644148;.11919749869276
P14;MO_100;100;3;.138545;1.519002;11.619002;12.3;1.109692;.6249;.38475;0;.244666784644148;.130734291981359
P14;MO_100;100;4;-.127281;1.420841;12.020841;19.4;1.519002;.138545;.60435;0;.244666784644148;.118198136053875
P14;MO_100;100;5;.080094;1.820847;10.220847;9.6;1.420841;.127281;.38475;0;.244666784644148;.178150303981656
P14;MO_100;100;6;.622663;2.121397;6.421397;8.3;1.820847;.080094;.38475;0;.244666784644148;.330363782211254
P14;MO_100;100;7;.974774;1.317856;11.617856;5.8;2.121397;.622663;.8973;0;.244666784644148;.113433666246165
P14;MO_100;100;8;.664525;2.224909;11.624909;8.3;1.317856;.974774;1.2087;0;.244666784644148;.191391519709961
P14;MO_100;100;9;.206562;1.523016;22.723016;8.9;2.224909;.664525;.67725;0;.244666784644148;.0670252575626404
P14;MO_100;100;10;-.113455;2.022962;15.322962;20.3;1.523016;.206562;.1647;0;.244666784644148;.132021602611819
P14;MO_100;100;11;-.005003;2.123382;10.723382;11.6;2.022962;.113455;.38475;0;.244666784644148;.198014208577107
P14;MO_100;100;12;.517312;2.329586;8.329586;9.1;2.123382;.005003;.531;0;.244666784644148;.279676084741787
P14;MO_100;100;13;.837636;1.918419;17.318419;22.3;2.329586;.517312;.43965;0;.244666784644148;.110773333293299
P14;MO_100;100;14;.679001;2.124489;24.124489;14.4;1.918419;.837636;.45765;0;.244666784644148;.0880635855126299
P14;MO_100;100;15;.400819;2.122452;17.222452;21;2.124489;.679001;.38475;0;.244666784644148;.123237504160267
P14;MO_100;100;16;.088577;1.927257;22.127257;14.2;2.122452;.400819;.38475;0;.244666784644148;.0870987759576345
P14;MO_100;100;17;.135932;2.429856;10.729856;16.2;1.927257;.088577;.14625;0;.244666784644148;.226457465971584
P14;MO_100;100;18;.798619;2.642925;6.142925;6.4;2.429856;.135932;.531;0;.244666784644148;.430238852012681
P14;MO_100;100;19;.978023;1.824421;8.824421;13.2;2.642925;.798619;1.062;0;.244666784644148;.2067468222561
P14;MO_100;100;20;.376493;1.417717;7.217717;6.4;1.824421;.978023;.98865;0;.244666784644148;.196421804844939
P14;MO_100;100;21;-.353886;1.520206;18.620206;5.8;1.417717;.376493;.8424;0;.244666784644148;.08164281318907
P14;MO_100;100;22;-.547638;1.110977;8.510977;9.6;1.520206;.353886;.09135;0;.244666784644148;.130534602549155
P14;MO_100;100;23;-.025573;1.821033;6.621033;7.5;1.110977;.547638;.3843;0;.244666784644148;.275037596097165
P14;MO_100;100;24;.478992;.809653999999995;10.709654;5.6;1.821033;.025573;1.5012;0;.244666784644148;.075600388210487
P14;MO_100;100;25;.655547;.713905000000011;8.01390500000001;7.4;.809653999999995;.478992;.75105;0;.244666784644148;.0890832871115904
P14;MO_100;100;26;.335181;1.414833;7.314833;7.5;.713905000000011;.655547;.3663;0;.244666784644148;.193419726738806
P14;MO_100;100;27;-.201318;1.421227;18.221227;6.7;1.414833;.335181;.8424;0;.244666784644148;.0779984245846891
P14;MO_100;100;28;-.236161;3.642296;11.942296;15.9;1.421227;.201318;.45765;0;.244666784644148;.304991268010774
P14;MO_100;100;29;1.054732;3.756843;4.156843;7.2;3.642296;.236161;.3843;0;.244666784644148;.903773127828017
P14;MO_100;100;30;1.585152;1.217636;-.305397000000001;-.305397;3.756843;1.054732;1.66635;0;.244666784644148;-3.98705946685788
P14;MO_100;100;31;1.386063;.711624;-2.029137;-2.029137;1.217636;1.585152;.9891;0;.244666784644148;-.350702786455523
P14;MO_100;100;32;.070066;1.218728;4.118728;3.8;.711624;1.386063;2.7279;0;.244666784644148;.295899122253278
P14;MO_100;100;33;-.867528;.911926000000008;9.01192600000001;2.8;1.218728;.070066;1.83105;0;.244666784644148;.101191021763828
P14;MO_100;100;34;-.692654;1.51583100000001;5.31583100000001;6.4;.911926000000008;.867528;.84195;0;.244666784644148;.285154099142732
P14;MO_100;100;35;.541442;1.211151;12.911151;3.2;1.51583100000001;.692654;4.23;0;.244666784644148;.0938065862602025
P14;MO_100;100;36;1.078107;.811135000000007;9.01113500000001;8.3;1.211151;.541442;.7506;0;.244666784644148;.0900147428709043
P14;MO_100;100;37;.982113;1.012772;8.612772;0;.811135000000007;1.078107;1.8864;0;.244666784644148;.117589551888753
P14;MO_100;100;38;.291487;2.427429;8.327429;9.2;1.012772;.982113;2.124;0;.244666784644148;.291498012171584
P14;MO_100;100;39;.466561;1.21279199999999;5.41279199999999;6.3;2.427429;.291487;1.2816;0;.244666784644148;.224060337068188
P14;MO_100;100;40;1.025017;1.928848;4.128848;5.7;1.21279199999999;.466561;.31095;0;.244666784644148;.467163722181102
P14;MO_100;100;41;1.124932;1.115562;.100669999999994;.4;1.928848;1.025017;1.575;1;.244666784644148;11.0813747889149
P14;MO_100;100;42;.351243;1.72391500000001;6.723915;6.1;1.115562;1.124932;1.44675;0;.244666784644148;.256385602732933
P14;MO_100;100;43;-.194597;.704514000000003;16.004514;7.6;1.72391500000001;.351243;.45765;0;.244666784644148;.0440197059404617
P14;MO_100;100;44;-.576063;.915656999999996;10.815657;12.1;.704514000000003;.194597;.22005;0;.244666784644148;.0846603216059825
P14;MO_100;100;45;-.259835;2.229653;8.229653;8.9;.915656999999996;.576063;.531;0;.244666784644148;.270929163112953
P14;MO_100;100;46;.237896;1.014504;15.114504;8.1;2.229653;.259835;.8424;0;.244666784644148;.0671212234288337
P14;MO_100;100;47;.455593;1.612313;9.212313;9.6;1.014504;.237896;.38475;0;.244666784644148;.175017175382556
P14;MO_100;100;48;.099613;2.42540700000001;15.125407;7.8;1.612313;.455593;1.30005;0;.244666784644148;.160353172645206
P14;MO_100;100;49;.33138;3.735626;10.835626;11.7;2.42540700000001;.099613;.23805;0;.244666784644148;.344754054818799
P14;MO_100;100;50;.615207;1.93297600000001;17.632976;28.3;3.735626;.33138;.29295;0;.244666784644148;.109622788575225
P14;MO_100;100;51;.494241;2.83603699999999;13.336037;14.8;1.93297600000001;.615207;.82395;0;.244666784644148;.212659652938875
P14;MO_100;100;52;.544954;3.23989899999999;14.039899;10.2;2.83603699999999;.494241;.3843;0;.244666784644148;.230763697089273
P14;MO_100;100;53;.659544;3.037766;14.337766;9.7;3.23989899999999;.544954;.531;0;.244666784644148;.211871640254137
P14;MO_100;100;54;.786622;2.22491500000001;17.924915;12.4;3.037766;.659544;.4581;0;.244666784644148;.124124159026696
P14;MO_100;100;55;.806207;1.110535;4.910535;11.7;2.22491500000001;.786622;2.124;0;.244666784644148;.226153565752001
P15;MO_100;100;1;.699102;.404548999999999;8.904549;9.8;.405937999999999;.534222;.23805;0;.500104069200005;.0454317225948219
P15;MO_100;100;2;.734366;.609495000000001;13.609495;8.5;.404548999999999;.699102;.97065;0;.500104069200005;.0447845419686771
P15;MO_100;100;3;.037102;2.228486;5.028486;8.9;.609495000000001;.734366;.8973;0;.500104069200005;.443172358439499
P15;MO_100;100;4;-.098053;2.747886;9.647886;13.2;2.228486;.037102;6.02865;0;.500104069200005;.284817420106332
P15;MO_100;100;5;.821991;3.037182;17.137182;19.9;2.747886;.098053;0;0;.500104069200005;.177227621204
P15;MO_100;100;6;.531687;4.356668;13.156668;13.1;3.037182;.821991;.38475;0;.500104069200005;.331137640624511
P15;MO_100;100;7;.155962;3.750054;12.850054;15;4.356668;.531687;2.03265;0;.500104069200005;.291831769734197
P15;MO_100;100;8;-.211193;4.760529;30.960529;8.2;3.750054;.155962;.98865;0;.500104069200005;.153761229338168
P15;MO_100;100;9;-.761534;5.17386999999999;23.27387;8.4;4.760529;.211193;.6039;0;.500104069200005;.222303811098025
P15;MO_100;100;10;.166721;5.974293;9.874293;16;5.17386999999999;.761534;0;0;.500104069200005;.60503501364604
P15;MO_100;100;11;-1.663091;4.056938;1.720329;3.6;5.974293;.166721;.22005;1;.500104069200005;2.35823380295281
P15;MO_100;100;12;-1.302975;3.539814;-2.843803;-2.843803;4.056938;1.663091;1.593;0;.500104069200005;-1.24474655944874
P15;MO_100;100;13;.61447;4.16201;8.56201;-6.790703;3.539814;1.302975;0;0;.500104069200005;.486101978390588
P15;MO_100;100;14;-.880801;3.352283;4.252283;4.7;4.16201;.61447;4.22955;0;.500104069200005;.788348988061237
P15;MO_100;100;15;-.025364;2.626816;5.226816;0;3.352283;.880801;8.0064;0;.500104069200005;.502565232830082
P15;MO_100;100;16;1.386587;1.427368;.917847000000009;2;2.626816;.025364;1.9593;1;.500104069200005;1.55512629011152
P15;MO_100;100;17;1.465621;3.239136;-1.013023;-1.013023;1.427368;1.386587;2.4903;0;.500104069200005;-3.19749502232427
P15;MO_100;100;18;.778715;3.34845;6.94845;-4.758377;3.239136;1.465621;2.106;0;.500104069200005;.481898840748656
P15;MO_100;100;19;.495879;4.16512299999999;10.765123;17.8;3.34845;.778715;.22005;0;.500104069200005;.386909002340242
P15;MO_100;100;20;.918903;3.137604;4.337604;12.6;4.16512299999999;.495879;4.0833;0;.500104069200005;.723349572713415
P15;MO_100;100;21;1.805159;3.74949599999999;-6.66133814775094E-15;0;3.137604;.918903;2.94795;0;.500104069200005;-562874292947571
P15;MO_100;100;22;-1.6027;3.343101;-4.256058;-4.256058;3.74949599999999;1.805159;1.28205;0;.500104069200005;-.785492349963276
P15;MO_100;100;23;-.366411;5.056663;6.656663;-8.103821;3.343101;1.6027;1.13535;0;.500104069200005;.759639326791818
P15;MO_100;100;24;-1.181997;2.63048499999999;.506141;.8;5.056663;.366411;9.58095;1;.500104069200005;5.19713874197109
P15;MO_100;100;25;.333565;2.73801399999999;3.83801399999999;-2.631859;2.63048499999999;1.181997;5.9004;0;.500104069200005;.713393437335038
P15;MO_100;100;26;.058976;2.428482;.102171999999996;.1;2.73801399999999;.333565;1.062;1;.500104069200005;23.7685667306121
P15;MO_100;100;27;1.540191;3.341416;-2.837143;-2.837143;2.428482;.058976;4.24395;0;.500104069200005;-1.17773971914704
P15;MO_100;100;28;1.596164;2.53449999999999;.710860999999994;1.3;3.341416;1.540191;6.4998;1;.500104069200005;3.56539464114646
P15;MO_100;100;29;-.073114;2.320312;8.120312;-2.328736;2.53449999999999;1.596164;6.88455;0;.500104069200005;.285741730120715
P15;MO_100;100;30;.937116;2.94136;3.54136;6.9;2.320312;.073114;3.62565;0;.500104069200005;.830573564958095
P15;MO_100;100;31;-1.323864;4.259033;4.157364;-.201767;2.94136;.937116;6.82065;0;.500104069200005;1.02445515956746
P15;MO_100;100;32;-.85105;3.34440599999999;11.244406;-.605713;4.259033;1.323864;14.1219;0;.500104069200005;.297428427966759
P15;MO_100;100;33;-.144852;3.03396599999999;10.733966;7.2;3.34440599999999;.85105;2.27025;0;.500104069200005;.282650979144148
P16;MO_100;100;1;.688951;2.536899;3.636899;13.3;1.937685;.521768;1.66635;0;.209569040378846;.697544529006717
P16;MO_100;100;2;1.871387;1.416223;.100094;.1;2.536899;.688951;2.12445;1;.209569040378846;14.1489300057946
P16;MO_100;100;3;1.341884;1.116901;-1.819621;-1.819621;1.416223;1.871387;4.2687;0;.209569040378846;-.613809688940719
P16;MO_100;100;4;-.774956;.812118999999999;1.412119;1.8;1.116901;1.341884;6.1938;0;.209569040378846;.575106630531846
P16;MO_100;100;5;-1.661409;1.009398;-.201328000000003;-.201328;.812118999999999;.774956;4.54095;0;.209569040378846;-5.01369903838505
P16;MO_100;100;6;-.659134;1.516764;14.816764;-1.715908;1.009398;1.661409;5.05395;0;.209569040378846;.102368101428895
P16;MO_100;100;7;.215317;1.921123;8.621123;10.5;1.516764;.659134;1.51965;0;.209569040378846;.222839066325814
P16;MO_100;100;8;.642549;1.720762;13.020762;11.8;1.921123;.215317;.43965;0;.209569040378846;.132155245599297
P16;MO_100;100;9;.354927;2.228615;8.128615;10.1;1.720762;.642549;0;0;.209569040378846;.274169092766726
P16;MO_100;100;10;-.270828;2.131855;11.431855;5.4;2.228615;.354927;2.0322;0;.209569040378846;.18648373339235
P16;MO_100;100;11;-.190959;2.329117;41.629117;9.4;2.131855;.270828;1.2816;0;.209569040378846;.0559492289975788
P16;MO_100;100;12;-.29239;2.424263;7.824263;27;2.329117;.190959;.76905;0;.209569040378846;.309839150345534
P16;MO_100;100;13;-.912559;2.427475;4.027475;4.6;2.424263;.29239;.8424;0;.209569040378846;.602728756851377
P16;MO_100;100;14;-1.232068;2.937645;.605686000000006;.9;2.427475;.912559;1.28205;1;.209569040378846;4.85011210429161
P16;MO_100;100;15;-.788195;3.029633;10.429633;-2.83683;2.937645;1.232068;.38475;0;.209569040378846;.290483183828232
P16;MO_100;100;16;999;2.932006;4.232006;6.9;3.029633;.788195;.67725;0;.209569040378846;.692817070675231
P16;MO_100;100;17;1.493012;1.51605600000001;.100311000000005;.2;2.932006;7.5;.91575;1;.209569040378846;15.1135568382324
P16;MO_100;100;18;.986474;1.620682;5.320682;-1.920639;1.51605600000001;1.493012;1.2816;0;.209569040378846;.304600425283826
P16;MO_100;100;19;-.627033;1.723159;3.823159;3.6;1.620682;.986474;2.19735;0;.209569040378846;.450716017827142
P16;MO_100;100;20;-1.347301;2.43248;.810947999999996;1.6;1.723159;.627033;3.186;1;.209569040378846;2.99955114261335
P16;MO_100;100;21;-1.282358;1.922089;-2.131801;-2.131801;2.43248;1.347301;.3843;0;.209569040378846;-.901626840403959
P16;MO_100;100;22;-.271079;2.328171;19.528171;7;1.922089;1.282358;1.9593;0;.209569040378846;.119221149794315
P16;MO_100;100;23;.332755;2.22803500000001;10.528035;20.3;2.328171;.271079;.82395;0;.209569040378846;.211628760732654
P16;MO_100;100;24;.530543;2.22483799999999;9.32483799999999;13.3;2.22803500000001;.332755;1.2087;0;.209569040378846;.238592670457116
P16;MO_100;100;25;-.118824;2.22790500000001;25.427905;6.4;2.22483799999999;.530543;1.593;0;.209569040378846;.0876165378154437
P16;MO_100;100;26;-.254632;2.62685400000001;7.22685400000001;15.2;2.22790500000001;.118824;1.13535;0;.209569040378846;.363485134748814
P16;MO_100;100;27;.827938;2.834839;15.934839;4.6;2.62685400000001;.254632;1.88595;0;.209569040378846;.177901954327872
P16;MO_100;100;28;.483873;2.840271;12.540271;11.2;2.834839;.827938;1.35495;0;.209569040378846;.226491995268683
P16;MO_100;100;29;.116539;3.032708;7.432708;12.8;2.840271;.483873;.82395;0;.209569040378846;.408021948393506
P16;MO_100;100;30;.981234;3.33929500000001;4.93929500000001;7.4;3.032708;.116539;1.04355;0;.209569040378846;.676067131037932
P16;MO_100;100;31;1.427039;2.93299900000001;.202057000000011;.4;3.33929500000001;.981234;.60435;1;.209569040378846;14.5157010150594
P16;MO_100;100;32;.8484;2.229034;6.529034;-3.237023;2.93299900000001;1.427039;1.30005;0;.209569040378846;.341403337767884
P16;MO_100;100;33;-.953147;3.13441499999999;3.93441499999999;4.2;2.229034;.8484;2.2707;0;.209569040378846;.796666086317788
P16;MO_100;100;34;-1.332201;2.637321;0;0;3.13441499999999;.953147;1.44675;0;.209569040378846; 
P16;MO_100;100;35;-.510739;2.738029;15.538029;-3.040504;2.637321;1.332201;1.3734;0;.209569040378846;.17621469235255
P16;MO_100;100;36;.122624;2.635948;8.235948;11.2;2.738029;.510739;1.4463;0;.209569040378846;.320053987713376
P16;MO_100;100;37;.800334;2.52804599999999;7.12804599999999;22.9;2.635948;.122624;.67725;0;.209569040378846;.354661852631141
P16;MO_100;100;38;.692669;3.54832399999999;16.348324;12.6;2.52804599999999;.800334;1.66635;0;.209569040378846;.217045123402251
P16;MO_100;100;39;.202099;3.644279;18.144279;8.3;3.54832399999999;.692669;1.2087;0;.209569040378846;.200850031020797
P16;MO_100;100;40;.326179;3.44297800000001;9.74297800000001;13.5;3.644279;.202099;.07335;0;.209569040378846;.353380455133944
P16;MO_100;100;41;1.016203;3.94742600000001;6.04742600000001;6.7;3.44297800000001;.326179;.531;0;.209569040378846;.652744820689001
P16;MO_100;100;42;.852584;2.33059700000001;.20289600000001;.7;3.94742600000001;1.016203;1.9593;1;.209569040378846;11.4866581894167
P16;MO_100;100;43;-.505738;3.241883;6.041883;10.1;2.33059700000001;.852584;.3114;0;.209569040378846;.53656831818822
P17;MO_100;100;1;.378573;.302578;8.302578;15.1;.101458999999998;.511942;.67725;0;.186041611224837;.0364438611717951
P17;MO_100;100;2;.318506;.203556000000001;10.403556;17.9;.302578;.378573;.98865;0;.186041611224837;.0195660022400034
P17;MO_100;100;3;.244977;1.037891;19.437891;9.4;.203556000000001;.318506;.9153;0;.186041611224837;.0533952474576588
P17;MO_100;100;4;.25769;1.117758;25.717758;6.3;1.037891;.244977;1.593;0;.186041611224837;.0434624977807163
P17;MO_100;100;5;.343172;1.421843;24.121843;24.9;1.117758;.25769;0;0;.186041611224837;.0589442108548671
P17;MO_100;100;6;.473803;1.421318;20.621318;22.2;1.421843;.343172;.3114;0;.186041611224837;.0689246923984199
P17;MO_100;100;7;.508695;1.411503;12.011503;18.1;1.421318;.473803;.29295;0;.186041611224837;.117512604375989
P17;MO_100;100;8;.256851;1.520233;8.420233;9.7;1.411503;.508695;0;0;.186041611224837;.180545241444031
P17;MO_100;100;9;-.118203;1.629368;11.929368;7.8;1.520233;.256851;1.3734;0;.186041611224837;.136584603643714
P17;MO_100;100;10;-.002577;1.41678;7.51678;9.8;1.629368;.118203;.3114;0;.186041611224837;.188482302262405
P17;MO_100;100;11;.480583;1.726654;17.026654;5.5;1.41678;.002577;1.57455;0;.186041611224837;.101408885151481
P17;MO_100;100;12;.560627;1.719469;11.119469;14.3;1.726654;.480583;.45765;0;.186041611224837;.154635891336178
P17;MO_100;100;13;.104803;1.929444;8.729444;8.4;1.719469;.560627;.38475;0;.186041611224837;.221027135290632
P17;MO_100;100;14;-.302238;1.622906;14.922906;13.9;1.929444;.104803;.29295;0;.186041611224837;.108752678600267
P17;MO_100;100;15;-.357344;1.822723;14.522723;16.2;1.622906;.302238;0;0;.186041611224837;.12550834991482
P17;MO_100;100;16;.03148;2.025307;6.825307;10.6;1.822723;.357344;.38475;0;.186041611224837;.2967349307511
P17;MO_100;100;17;.600878;1.315128;20.315128;6.3;2.025307;.03148;.9153;0;.186041611224837;.0647363875826921
P17;MO_100;100;18;.702048;.912547999999994;6.11254799999999;6.2;1.315128;.600878;.531;0;.186041611224837;.149290933993483
P17;MO_100;100;19;.224717;1.213722;25.813722;9.9;.912547999999994;.702048;.4392;0;.186041611224837;.0470184811008657
P17;MO_100;100;20;-.056305;1.62255;11.72255;9.3;1.213722;.224717;.7506;0;.186041611224837;.138412717369514
P17;MO_100;100;21;.216252;2.13387700000001;10.133877;9.1;1.62255;.056305;.45765;0;.186041611224837;.210568669819064
P17;MO_100;100;22;.705258;1.715816;8.315816;11.8;2.13387700000001;.216252;0;0;.186041611224837;.206331645625637
P17;MO_100;100;23;.85798;.607403000000005;6.507403;7.7;1.715816;.705258;.45765;0;.186041611224837;.0933403079538804
P17;MO_100;100;24;.502717;1.112728;9.912728;5.1;.607403000000005;.85798;2.72835;0;.186041611224837;.112252449577957
P17;MO_100;100;25;.051086;1.214932;46.714932;13.1;1.112728;.502717;.14625;0;.186041611224837;.0260073588462036
P17;MO_100;100;26;-.171867;1.41288;9.71288;11.5;1.214932;.051086;.07335;0;.186041611224837;.145464578992019
P17;MO_100;100;27;.195733;1.51487;7.21487;6.6;1.41288;.171867;.91575;0;.186041611224837;.209964975113897
P17;MO_100;100;28;.466203;1.112923;6.912923;10.4;1.51487;.195733;.9702;0;.186041611224837;.160991667345347
P17;MO_100;100;29;.054715;1.51853200000001;7.81853200000001;6.4;1.112923;.466203;.8973;0;.186041611224837;.194222137864245
P17;MO_100;100;30;-.235835;1.01752499999999;10.117525;7.1;1.51853200000001;.054715;1.35495;0;.186041611224837;.100570544673721
P17;MO_100;100;31;-.134608;.808571000000001;5.708571;5.7;1.01752499999999;.235835;.7506;0;.186041611224837;.141641577200319
P17;MO_100;100;32;.292301;1.11367799999999;7.91367799999999;29.5;.808571000000001;.134608;1.73925;0;.186041611224837;.140728242923201
P17;MO_100;100;33;.305712;1.826965;11.426965;9.2;1.11367799999999;.292301;1.4463;0;.186041611224837;.159881910901101
P17;MO_100;100;34;.418199;2.122604;18.922604;8.7;1.826965;.305712;.9153;0;.186041611224837;.112172933492663
P17;MO_100;100;35;.213947;1.72481599999999;7.92481599999999;11.8;2.122604;.418199;.38475;0;.186041611224837;.217647450742073
P17;MO_100;100;36;-.220464;1.518578;19.718578;8.5;1.72481599999999;.213947;.45765;0;.186041611224837;.0770125513107487
P17;MO_100;100;37;-.261812;1.72371;8.52371;10.7;1.518578;.220464;.531;0;.186041611224837;.202225322072196
P17;MO_100;100;38;.233607;1.61968999999999;11.81969;6.7;1.72371;.261812;.98865;0;.186041611224837;.137033204762561
P17;MO_100;100;39;.525629;1.217545;14.717545;15.7;1.61968999999999;.233607;0;0;.186041611224837;.0827274521667846
P17;MO_100;100;40;.507498;1.411705;9.411705;12.6;1.217545;.525629;.3114;0;.186041611224837;.149994607778293
P17;MO_100;100;41;.077493;2.325294;45.225294;13.6;1.411705;.507498;.3114;0;.186041611224837;.0514157851577482
P17;MO_100;100;42;.224072;2.33448;7.33448;9.4;2.325294;.077493;.2196;0;.186041611224837;.3182884130845
P17;MO_100;100;43;.735909;1.823234;21.623234;20;2.33448;.224072;.8973;0;.186041611224837;.0843182846747161
P17;MO_100;100;44;.697675;1.111603;5.511603;6.7;1.823234;.735909;.3663;0;.186041611224837;.201684156133887
P17;MO_100;100;45;-.110758;1.52061500000001;16.120615;5.2;1.111603;.697675;1.8126;0;.186041611224837;.0943273566175986
P17;MO_100;100;46;-.254089;1.816856;24.716856;7.5;1.52061500000001;.110758;2.1789;0;.186041611224837;.0735067599212457
P17;MO_100;100;47;-.182061;2.123383;7.423383;24.3;1.816856;.254089;.82395;0;.186041611224837;.286039801529842
P17;MO_100;100;48;-.545638;1.817261;29.517261;4.8;2.123383;.182061;1.37295;0;.186041611224837;.0615660443562158
P17;MO_100;100;49;-.31699;1.92124200000001;6.32124200000001;23.9;1.817261;.545638;1.97775;0;.186041611224837;.303934258489077
P17;MO_100;100;50;.552942;1.72170199999999;36.021702;4.9;1.92124200000001;.31699;1.9593;0;.186041611224837;.0477962423874361
P17;MO_100;100;51;.709647;.607169999999996;4.10717;6;1.72170199999999;.552942;2.42595;0;.186041611224837;.147831718677336
P17;MO_100;100;52;-.089742;1.31926800000001;20.819268;3.7;.607169999999996;.709647;4.3029;0;.186041611224837;.0633676457789011
P17;MO_100;100;53;-.40634;1.01266500000001;6.51266500000001;9.3;1.31926800000001;.089742;1.4463;0;.186041611224837;.155491645893042
P17;MO_100;100;54;-.129963;1.720558;8.920558;7.8;1.01266500000001;.40634;1.88595;0;.186041611224837;.192875602624858
P17;MO_100;100;55;-.286033;2.029633;18.529633;6.5;1.720558;.129963;1.2087;0;.186041611224837;.109534441399892
P17;MO_100;100;56;.008505;2.028572;6.828572;8.7;2.029633;.286033;.09135;0;.186041611224837;.297071188529608
P17;MO_100;100;57;.49772;1.717399;12.617399;20.8;2.028572;.008505;1.20825;0;.186041611224837;.136113552404897
P17;MO_100;100;58;.269162;1.921509;8.621509;10.1;1.717399;.49772;0;0;.186041611224837;.222873861176738
P17;MO_100;100;59;-.298893;1.82685900000001;10.326859;7.5;1.921509;.269162;.29295;0;.186041611224837;.176903645145151
P17;MO_100;100;60;-.564506;1.31518599999998;10.315186;14.4;1.82685900000001;.298893;.3843;0;.186041611224837;.127499979156942
P17;MO_100;100;61;-.225098;1.81814599999998;9.91814599999998;8;1.31518599999998;.564506;.9153;0;.186041611224837;.183315107480771
P17;MO_100;100;62;.431976;1.93164100000001;17.731641;7;1.81814599999998;.225098;.8973;0;.186041611224837;.10893752022162
P18;MO_100;100;1;.510338;2.032944;3.332944;9.6;1.416826;.061231;2.4174;0;.115587117279956;.609954442678905
P18;MO_100;100;2;1.432414;.808031;.303884999999999;.5;2.032944;.510338;.9153;1;.115587117279956;2.65900258321405
P18;MO_100;100;3;1.305573;1.925128;-1.010364;-1.010364;.808031;1.432414;5.50755;0;.115587117279956;-1.90538063509785
P18;MO_100;100;4;.92469;2.120724;5.020724;-3.439463;1.925128;1.305573;1.88595;0;.115587117279956;.422394061095571
P18;MO_100;100;5;.85464;2.42889;6.42889;11.5;2.120724;.92469;2.5632;0;.115587117279956;.377808610817731
P18;MO_100;100;6;.789567;2.033283;12.833283;14.2;2.42889;.85464;.23805;0;.115587117279956;.158438257770829
P18;MO_100;100;7;.78941;3.350627;13.750627;11.8;2.033283;.789567;3.40605;0;.115587117279956;.243670852245501
P18;MO_100;100;8;.952819;3.238415;16.838415;11.1;3.350627;.78941;2.1969;0;.115587117279956;.19232303040399
P18;MO_100;100;9;.546724;4.660431;15.460431;12.7;3.238415;.952819;1.5201;0;.115587117279956;.301442501829347
P18;MO_100;100;10;.764796;3.843807;19.743807;9.9;4.660431;.546724;2.27025;0;.115587117279956;.19468418628687
P18;MO_100;100;11;.637944;2.129661;32.129661;14.8;3.843807;.764796;2.94795;0;.115587117279956;.0662833324011729
P18;MO_100;100;12;.522949;2.74826;19.74826;9.9;2.129661;.637944;2.94795;0;.115587117279956;.139164665646492
P18;MO_100;100;13;999;3.142562;7.442562;12.7;2.74826;.522949;1.90395;0;.115587117279956;.422241964527806
P18;MO_100;100;14;1.636294;5.980931;3.342804;21.2;3.142562;7.5;1.88595;1;.115587117279956;1.78919583678852
P18;MO_100;100;15;1.8124;1.010182;-3.144886;-3.144886;5.980931;1.636294;2.03265;0;.115587117279956;-.32121418709613
P18;MO_100;100;16;.193113;2.532112;10.632112;-4.660519;1.010182;1.8124;5.74965;0;.115587117279956;.238157009632705
P18;MO_100;100;17;-.122614;1.82772500000001;9.62772500000001;7.4;2.532112;.193113;2.7099;0;.115587117279956;.189839759652463
P18;MO_100;100;18;-.464532;3.65434999999999;7.65434999999999;16.8;1.82772500000001;.122614;2.124;0;.115587117279956;.477421335580421
P18;MO_100;100;19;.05112;4.36230400000001;9.26230400000001;4.9;3.65434999999999;.464532;4.9806;0;.115587117279956;.470973960690559
P18;MO_100;100;20;-.652658;5.474419;7.374419;5.3;4.36230400000001;.05112;3.186;0;.115587117279956;.742352583979836
P18;MO_100;100;21;.546043;2.840507;4.340507;7.2;5.474419;.652658;8.9766;0;.115587117279956;.654418251139786
P18;MO_100;100;22;1.795145;2.634933;.20253000000001;.4;2.840507;.546043;4.23;1;.115587117279956;13.0100873944594
P18;MO_100;100;23;.840697;2.727593;5.827593;-2.94194;2.634933;1.795145;7.78185;0;.115587117279956;.468047957364215
P18;MO_100;100;24;.245738;3.243324;13.043324;4.7;2.727593;.840697;3.8637;0;.115587117279956;.248657780792687
P18;MO_100;100;25;.975549;4.152039;5.252039;13.5;3.243324;.245738;3.91815;0;.115587117279956;.790557533940628
P18;MO_100;100;26;-.05764;3.74263000000001;6.84263;0;4.152039;.975549;3.40605;0;.115587117279956;.546957821773209
P18;MO_100;100;27;-1.351637;3.75400499999999;3.14511899999999;9;3.74263000000001;.05764;6.11595;1;.115587117279956;1.19359712621367
P18;MO_100;100;28;-.842149;2.13745900000001;5.63745900000001;-1.114242;3.75400499999999;1.351637;5.9553;0;.115587117279956;.379152912686373
P18;MO_100;100;29;.332737;1.81991499999999;4.41991499999999;4;2.13745900000001;.842149;5.69565;0;.115587117279956;.41175339344761
P18;MO_100;100;30;-1.601023;3.350067;2.12969199999999;2.3;1.81991499999999;.332737;5.14485;1;.115587117279956;1.57302886990232
P18;MO_100;100;31;-.526855;1.922859;3.622859;-1.723328;3.350067;1.601023;4.1562;0;.115587117279956;.530757338334172
P18;MO_100;100;32;-1.852929;1.419281;.508621000000005;1;1.922859;.526855;6.7131;1;.115587117279956;2.7904490770141
P18;MO_100;100;33;.428428;1.92463000000001;9.32463000000001;-1.416153;1.419281;1.852929;11.34855;0;.115587117279956;.206402827779763
P18;MO_100;100;34;-.580918;2.738236;4.338236;5.2;1.92463000000001;.428428;6.79365;0;.115587117279956;.631186500688298
P18;MO_100;100;35;-1.30289;3.04064200000001;2.129082;1.4;2.738236;.580918;8.3727;1;.115587117279956;1.42814696662694
P18;MO_100;100;36;-1.449312;.809936999999991;-1.41517600000001;-1.415176;3.04064200000001;1.30289;3.68505;0;.115587117279956;-.572322453178958
P18;MO_100;100;37;-.026381;1.11790500000001;2.71790500000001;-2.732452;.809936999999991;1.449312;3.3192;0;.115587117279956;.411311285714551
P18;MO_100;100;38;1.535391;1.21333300000001;.403046000000018;.7;1.11790500000001;.026381;3.3588;1;.115587117279956;3.01040824124283
P18;MO_100;100;39;.234706;1.62213200000002;14.722132;-1.314712;1.21333300000001;1.535391;4.4676;0;.115587117279956;.11018322617947
P19;MO_100;100;1;.719287;1.520117;8.520117;12;2.431315;.323545;2.05065;0;.266466205813571;.178415038197245
P19;MO_100;100;2;.231213;1.6348;7.0348;6;1.520117;.719287;1.35495;0;.266466205813571;.232387558992438
P19;MO_100;100;3;-.974122;2.828818;3.528818;5.4;1.6348;.231213;.2196;0;.266466205813571;.801633294774624
P19;MO_100;100;4;-1.230564;1.314804;-.100877000000001;-.100877;2.828818;.974122;2.94795;0;.266466205813571;-13.0337341514913
P19;MO_100;100;5;-.483124;.708962;9.808962;6.3;1.314804;1.230564;1.20825;0;.266466205813571;.072276964677812
P19;MO_100;100;6;.553604;2.131375;29.431375;21.7;.708962;.483124;.67725;0;.266466205813571;.0724184649884689
P19;MO_100;100;7;.776675;1.012243;9.212243;7.2;2.131375;.553604;1.35495;0;.266466205813571;.109880188787899
P19;MO_100;100;8;.458935;1.425793;7.625793;7.2;1.012243;.776675;.60435;0;.266466205813571;.186969801042331
P19;MO_100;100;9;-.16736;1.416465;6.216465;7.9;1.425793;.458935;.1647;0;.266466205813571;.227856989462661
P19;MO_100;100;10;-.64791;1.723569;8.423569;14.5;1.416465;.16736;1.13535;0;.266466205813571;.204612676645731
P19;MO_100;100;11;-.124229;1.421631;5.121631;6.2;1.723569;.64791;.531;0;.266466205813571;.277573882226189
P19;MO_100;100;12;.878501;1.519638;3.019638;4.7;1.421631;.124229;.23805;0;.266466205813571;.503251714278334
P19;MO_100;100;13;1.168342;.912742999999999;.204422000000001;.4;1.519638;.878501;1.81305;1;.266466205813571;4.46499398303507
P19;MO_100;100;14;.03803;2.427212;12.527212;4.3;.912742999999999;1.168342;4.8519;0;.266466205813571;.193755162760876
P19;MO_100;100;15;.103193;2.630806;6.930806;9.5;2.427212;.03803;0;0;.266466205813571;.379581537847113
P19;MO_100;100;16;.777994;2.227108;26.327108;4;2.630806;.103193;2.8746;0;.266466205813571;.084593719902695
P19;MO_100;100;17;999;2.846501;4.246501;6.4;2.227108;.777994;2.655;0;.266466205813571;.670316809062331
P19;MO_100;100;18;-1.362843;.707107999999998;.304768000000003;.5;2.846501;7.5;4.58235;1;.266466205813571;2.32015172196553
P19;MO_100;100;19;-.797044;.808602;3.708602;-1.41814;.707107999999998;1.362843;3.37365;0;.266466205813571;.218034181074162
P19;MO_100;100;20;1.118339;1.616577;1.616577;3.6;.808602;.797044;.2196;1;.266466205813571;1
P19;MO_100;100;21;1.038562;2.228908;8.828908;-.508419;1.616577;1.118339;6.16635;0;.266466205813571;.252455683081079
P19;MO_100;100;22;.334649;1.719372;5.219372;26.9;2.228908;1.038562;2.7099;0;.266466205813571;.329421240716316
P19;MO_100;100;23;.629361;1.52523;6.42523;4.3;1.719372;.334649;3.8637;0;.266466205813571;.237381385569077
P19;MO_100;100;24;-.26199;2.028595;8.828595;4;1.52523;.629361;3.6441;0;.266466205813571;.229775519207756
P19;MO_100;100;25;-.714818;1.822891;13.622891;13.2;2.028595;.26199;.23805;0;.266466205813571;.133810877588318
P19;MO_100;100;26;-.342094;2.424431;9.124431;10.8;1.822891;.714818;.2196;0;.266466205813571;.265707637002242
P19;MO_100;100;27;.537389;2.532875;6.732875;16;2.424431;.342094;.91575;0;.266466205813571;.37619516179938
P19;MO_100;100;28;.847414;2.329658;12.329658;8.8;2.532875;.537389;1.35495;0;.266466205813571;.188947495542861
P19;MO_100;100;29;.136407;2.929046;10.929046;8.7;2.329658;.847414;.7506;0;.266466205813571;.268005642944499
P19;MO_100;100;30;-.680891;2.737374;6.837374;7.1;2.929046;.136407;.23805;0;.266466205813571;.400354580574355
P19;MO_100;100;31;-1.138753;2.42314900000001;2.323082;3.3;2.737374;.680891;0;1;.266466205813571;1.04307510453786
P19;MO_100;100;32;-.336653;1.92192800000001;4.22192800000001;-.604141;2.42314900000001;1.138753;4.8204;0;.266466205813571;.455225195692585
P19;MO_100;100;33;1.69254;1.62206300000001;.912056000000007;1.7;1.92192800000001;.336653;2.8746;1;.266466205813571;1.77846864666204
P19;MO_100;100;34;-1.649687;.303025000000005;-1.21607199999999;-1.216072;1.62206300000001;1.69254;1.593;0;.266466205813571;-.249183436507055
P19;MO_100;100;35;-1.495868;.508994999999999;-2.02623;-2.02623;.303025000000005;1.649687;2.23515;0;.266466205813571;-.251202973008987
P19;MO_100;100;36;1.532961;.908637999999996;-3.038811;-3.038811;.508994999999999;1.495868;0;0;.266466205813571;-.299011027668386
P19;MO_100;100;37;-.142447;1.109589;7.409589;3.2;.908637999999996;1.532961;4.90725;0;.266466205813571;.149750411257628
P19;MO_100;100;38;-.413331;1.214935;6.714935;5.3;1.109589;.142447;2.8746;0;.266466205813571;.180930269615417
P19;MO_100;100;39;.095305;1.122688;15.322688;5.8;1.214935;.413331;1.88595;0;.266466205813571;.0732696508602146
P19;MO_100;100;40;.598863;1.61994199999999;4.11994199999999;12.2;1.122688;.095305;2.1789;0;.266466205813571;.393195341099461
P19;MO_100;100;41;.976033;1.420349;7.720349;2.9;1.61994199999999;.598863;2.655;0;.266466205813571;.183974714096474
P19;MO_100;100;42;.397421;1.721588;31.821588;5.8;1.420349;.976033;2.5632;0;.266466205813571;.0541012598114211
P19;MO_100;100;43;-.114231;1.91885400000001;16.718854;29.3;1.721588;.397421;.3114;0;.266466205813571;.114771861755597
P19;MO_100;100;44;-.115346;2.52892300000001;18.728923;13.8;1.91885400000001;.114231;.45765;0;.266466205813571;.135027678847311
P19;MO_100;100;45;.156395;2.32483000000001;13.52483;34.4;2.52892300000001;.115346;.29295;0;.266466205813571;.171893472967868
P19;MO_100;100;46;.594196;3.339226;14.239226;33.1;2.32483000000001;.156395;.31095;0;.266466205813571;.234508954349064
P19;MO_100;100;47;.354965;2.435188;7.635188;15.7;3.339226;.594196;1.3734;0;.266466205813571;.31894276866529
P19;MO_100;100;48;-.454665;2.123733;15.323733;5.2;2.435188;.354965;1.42785;0;.266466205813571;.138591099179293
P19;MO_100;100;49;-.486151;1.822609;7.822609;12.2;2.123733;.454665;.67725;0;.266466205813571;.23299247092626
P19;MO_100;100;50;.783444;2.33090900000001;3.630909;5.4;1.822609;.486151;1.66635;0;.266466205813571;.641962935452254
P19;MO_100;100;51;1.307457;.706908999999996;.100296000000014;.2;2.33090900000001;.783444;1.50165;1;.266466205813571;7.04822724734683
P19;MO_100;100;52;1.096923;.605606000000023;4.70560600000002;-1.114899;.706908999999996;1.307457;.98865;0;.266466205813571;.128698832838963
P19;MO_100;100;53;.229301;1.61704999999998;6.51704999999998;11.6;.605606000000023;1.096923;.97065;0;.266466205813571;.248126069310499
P19;MO_100;100;54;.924679;2.63505599999999;3.93505599999999;4.3;1.61704999999998;.229301;2.106;0;.266466205813571;.669636213563415
P20;MO_100;100;1;.886179;1.722523;3.722523;7.9;1.016045;.472482;.2196;0;.171158496761115;.462729981789233
P20;MO_100;100;2;1.078657;.505686000000001;6.805686;7.3;1.722523;.886179;0;0;.171158496761115;.0743034574325059
P20;MO_100;100;3;.704567;1.018289;6.218289;4.7;.505686000000001;1.078657;3.4056;0;.171158496761115;.163757104245235
P20;MO_100;100;4;-.008432;1.118531;8.718531;6.1;1.018289;.704567;2.2518;0;.171158496761115;.128293516419222
P20;MO_100;100;5;.110932;1.014654;2.314654;4.1;1.118531;.008432;.7506;0;.171158496761115;.438360981814129
P20;MO_100;100;6;1.093869;1.118843;1.218843;2.5;1.014654;.110932;.29295;0;.171158496761115;.917954978614965
P20;MO_100;100;7;1.525738;.402857000000001;-.402585999999999;-.402586;1.118843;1.093869;.07335;0;.171158496761115;-1.00067314809755
P20;MO_100;100;8;1.34914;.505800000000001;-1.310112;-1.310112;.402857000000001;1.525738;4.9635;0;.171158496761115;-.386073862387339
P20;MO_100;100;9;.671897;.506007;11.106007;5.7;.505800000000001;1.34914;2.10555;0;.171158496761115;.0455615596136397
P20;MO_100;100;10;.209257;1.21784;6.41784;4.8;.506007;.671897;2.63655;0;.171158496761115;.189758548047318
P20;MO_100;100;11;.432761;1.312155;6.812155;8.5;1.21784;.209257;.07335;0;.171158496761115;.192619662940729
P20;MO_100;100;12;.826282;1.721716;4.621716;11.2;1.312155;.432761;1.5012;0;.171158496761115;.372527433533346
P20;MO_100;100;13;.972303;1.526026;15.826026;6.9;1.721716;.826282;2.56365;0;.171158496761115;.0964250911757633
P20;MO_100;100;14;.605475;2.024204;11.724204;11;1.526026;.972303;.29295;0;.171158496761115;.172651721174418
P20;MO_100;100;15;.38028;1.823067;5.723067;8.5;2.024204;.605475;.6777;0;.171158496761115;.318547205545558
P20;MO_100;100;16;.987348;1.918331;14.118331;3.6;1.823067;.38028;2.41695;0;.171158496761115;.135875196579539
P20;MO_100;100;17;.512754;2.135178;7.035178;6.3;1.918331;.987348;2.2707;0;.171158496761115;.303500209944937
P20;MO_100;100;18;-.035918;1.311115;6.411115;7.5;2.135178;.512754;.29295;0;.171158496761115;.204506548392908
P20;MO_100;100;19;.994224;2.230487;2.530487;4.8;1.311115;.035918;.23805;0;.171158496761115;.881445745423707
P20;MO_100;100;20;1.626059;.304886000000003;-.303798999999997;-.303799;2.230487;.994224;1.66455;0;.171158496761115;-1.00357802362748
P20;MO_100;100;21;1.488847;.507110000000004;-1.113587;-1.113587;.304886000000003;1.626059;11.64375;0;.171158496761115;-.455384267237319
P20;MO_100;100;22;.328148;.705191999999997;10.005192;4.5;.507110000000004;1.488847;2.48985;0;.171158496761115;.0704826054312598
P20;MO_100;100;23;999;1.01054;4.51054;5;.705191999999997;.328148;.81;0;.171158496761115;.224039693695212
P20;MO_100;100;24;.782378;1.523236;2.523236;3.7;1.01054;7.5;1.20825;0;.171158496761115;.603683523855874
P20;MO_100;100;25;1.388324;.507475999999997;-3.10862446895044E-15;0;1.523236;.782378;.60435;0;.171158496761115;-163247766035675
P20;MO_100;100;26;1.349148;.710070999999999;-1.016052;-1.016052;.507475999999997;1.388324;2.1357;0;.171158496761115;-.698853011460042
P20;MO_100;100;27;-.03736;1.517853;17.117853;4.7;.710070999999999;1.349148;2.41695;0;.171158496761115;.088670757950778
P20;MO_100;100;28;-.195073;1.414089;4.114089;5.4;1.517853;.03736;1.72575;0;.171158496761115;.343718621546593
P20;MO_100;100;29;1.077292;1.32026699999999;1.52026699999999;2.6;1.414089;.195073;1.6659;0;.171158496761115;.868444161453218
P20;MO_100;100;30;1.366283;1.429348;-.402554000000003;-.402554;1.32026699999999;1.077292;.7506;0;.171158496761115;-3.55069878823708
P20;MO_100;100;31;.436758;1.220757;9.120757;5.8;1.429348;1.366283;2.7828;0;.171158496761115;.133843824586051
P20;MO_100;100;32;.277421;1.31185900000001;4.31185900000001;5.3;1.220757;.436758;.69615;0;.171158496761115;.304244410589494
P20;MO_100;100;33;1.056465;1.618897;2.318897;2.8;1.31185900000001;.277421;2.10555;0;.171158496761115;.698132344817385
P20;MO_100;100;34;1.060004;.913078999999996;5.013079;-.203002;1.618897;1.056465;0;0;.171158496761115;.182139359862471
P20;MO_100;100;35;.127369;1.41757899999999;10.317579;4.9;.913078999999996;1.060004;3.09465;0;.171158496761115;.137394538001598
P20;MO_100;100;36;-.029593;1.01307700000001;5.01307700000001;5;1.41757899999999;.127369;1.35495;0;.171158496761115;.202086862021072
P20;MO_100;100;37;.405965;1.517807;10.617807;16.6;1.01307700000001;.029593;.6039;0;.171158496761115;.142949198455011
P20;MO_100;100;38;.310611;1.624504;17.724504;6.6;1.517807;.405965;2.03265;0;.171158496761115;.0916530019683485
P20;MO_100;100;39;.327138;1.418221;22.218221;9.7;1.624504;.310611;1.44675;0;.171158496761115;.0638314381695996
P20;MO_100;100;40;.530543;1.216148;5.716148;6.9;1.418221;.327138;.07335;0;.171158496761115;.212756562636237
P20;MO_100;100;41;.625156;3.04798100000001;9.34798100000001;6.5;1.216148;.530543;1.2087;0;.171158496761115;.326057680262723
P20;MO_100;100;42;-1.595849;3.85554499999999;3.041809;16.7;3.04798100000001;.625156;3.6252;1;.171158496761115;1.26751712549999
P20;MO_100;100;43;-.274306;.509803999999988;-1.31929800000001;-1.319298;3.85554499999999;1.595849;15.69555;0;.171158496761115;-.386420657046387
P20;MO_100;100;44;-1.1422;.709236000000004;-2.234215;-2.234215;.509803999999988;.274306;24.12135;0;.171158496761115;-.317443039277779
P20;MO_100;100;45;.831486;.509094000000005;4.109094;-3.448258;.709236000000004;1.1422;7.01775;0;.171158496761115;.123894464327174
P20;MO_100;100;46;.341825;.706070000000011;5.20607000000001;2.3;.509094000000005;.831486;12.456;0;.171158496761115;.13562437692924
P20;MO_100;100;47;.61187;1.320015;10.420015;7.4;.706070000000011;.341825;1.97775;0;.171158496761115;.126680719749444
P20;MO_100;100;48;.487452;1.621887;13.121887;13.1;1.320015;.61187;.1647;0;.171158496761115;.123601658816297
P20;MO_100;100;49;.653341;2.325264;25.925264;6.2;1.621887;.487452;1.9593;0;.171158496761115;.0896910442262035
P20;MO_100;100;50;.912568;2.54121400000001;17.741214;9;2.325264;.653341;2.124;0;.171158496761115;.143237886651951
P20;MO_100;100;51;.615606;2.328385;31.428385;7.9;2.54121400000001;.912568;1.73925;0;.171158496761115;.0740854167339493
P20;MO_100;100;52;.476344;2.12732700000001;6.92732700000001;42.6;2.328385;.615606;1.062;0;.171158496761115;.307092042861555
P20;MO_100;100;53;.849735;2.53411799999999;25.534118;28.7;2.12732700000001;.476344;.0729000000000005;0;.171158496761115;.0992443913668759
P20;MO_100;100;54;.63196;2.430375;14.930375;8.4;2.53411799999999;.849735;1.2816;0;.171158496761115;.16278057316042
P20;MO_100;100;55;1.15969;3.133476;3.133476;38.2;2.430375;.63196;3.77235;1;.171158496761115;1
P20;MO_100;100;56;-1.829034;.811356000000004;-.506217999999997;-.506218;3.133476;1.15969;15.41835;0;.171158496761115;-1.60277983003372
P20;MO_100;100;57;.251763;1.11191599999999;11.711916;-1.82164;.811356000000004;1.829034;5.58495;0;.171158496761115;.0949388639740918
P20;MO_100;100;58;-.218108;1.31551300000001;4.21551300000001;4.1;1.11191599999999;.251763;4.527;0;.171158496761115;.312064747517089
P20;MO_100;100;59;.898862;1.21635500000001;2.41635500000001;3;1.31551300000001;.218108;3.02085;0;.171158496761115;.503384229552365
P20;MO_100;100;60;1.026548;1.51559399999999;7.41559399999999;0;1.21635500000001;.898862;2.94795;0;.171158496761115;.204379312028139
P20;MO_100;100;61;.637489;1.930054;3.730054;18.8;1.51559399999999;1.026548;2.94795;0;.171158496761115;.51743325967935
P20;MO_100;100;62;1.029774;1.820526;.909728999999999;1.5;1.930054;.637489;2.50875;1;.171158496761115;2.00117397598626
P20;MO_100;100;63;.135742;2.43109200000001;9.23109200000001;9.3;1.820526;1.029774;1.4283;0;.171158496761115;.263359091210445
P20;MO_100;100;64;.432829;2.42915300000001;11.729153;5.1;2.43109200000001;.135742;2.8017;0;.171158496761115;.207103871865258
P21;MO_100;100;1;.121572;.805892;4.205892;3.9;.907584999999999;.681278;2.0511;0;.473401118617707;.191610245817059
P21;MO_100;100;2;1.112356;1.422375;1.522375;3.4;.805892;.121572;1.35495;0;.473401118617707;.934313162000164
P21;MO_100;100;3;1.201228;.607052999999999;-.405075000000001;-.405075;1.422375;1.112356;.8973;0;.473401118617707;-1.49861877430105
P21;MO_100;100;4;.417098;1.418905;17.818905;4.6;.607052999999999;1.201228;4.99905;0;.473401118617707;.0796291915805152
P21;MO_100;100;5;-.017888;2.028221;7.628221;6.8;1.418905;.417098;1.7397;0;.473401118617707;.265883880396229
P21;MO_100;100;6;.413845;1.420594;12.520594;5.2;2.028221;.017888;2.41695;0;.473401118617707;.113460591406446
P21;MO_100;100;7;.294779;2.425836;9.825836;8.2;1.420594;.413845;2.655;0;.473401118617707;.246883420403109
P21;MO_100;100;8;-.151563;2.536108;10.536108;12.1;2.425836;.294779;1.51965;0;.473401118617707;.240706340519668
P21;MO_100;100;9;.299667;2.429542;56.029542;7.4;2.536108;.151563;1.2816;0;.473401118617707;.0433618036713561
P21;MO_100;100;10;.572994;1.821472;12.721472;7.5;2.429542;.299667;1.4283;0;.473401118617707;.143180914912991
P21;MO_100;100;11;.462946;1.925369;8.125369;15;1.821472;.572994;2.19735;0;.473401118617707;.236957730781211
P21;MO_100;100;12;.443166;2.233696;11.133696;10.9;1.925369;.462946;1.42785;0;.473401118617707;.200624841921317
P21;MO_100;100;13;.295382;2.52824;14.62824;9.9;2.233696;.443166;1.30005;0;.473401118617707;.172832821993623
P21;MO_100;100;14;.361875;3.153579;12.453579;7.1;2.52824;.295382;1.8126;0;.473401118617707;.253226723016733
P21;MO_100;100;15;.867983;3.240937;29.540937;8.2;3.153579;.361875;1.66635;0;.473401118617707;.109710027139627
P21;MO_100;100;16;.981934;1.312871;8.512871;4.2;3.240937;.867983;2.50875;0;.473401118617707;.154221883545516
P21;MO_100;100;17;.471539;1.519375;26.619375;5.7;1.312871;.981934;3.09465;0;.473401118617707;.0570777863867953
P21;MO_100;100;18;-.202377;2.535671;6.135671;14.4;1.519375;.471539;2.41695;0;.473401118617707;.41326710640124
P21;MO_100;100;19;-1.076133;2.934364;3.334364;5.2;2.535671;.202377;1.83105;0;.473401118617707;.880037092530989
P21;MO_100;100;20;-1.225558;1.313904;-.305769999999999;-.30577;2.934364;1.076133;1.6479;0;.473401118617707;-4.29703371815418
P21;MO_100;100;21;-.471909;1.622761;8.922761;7.1;1.313904;1.225558;2.5632;0;.473401118617707;.181867585604949
P21;MO_100;100;22;.369385;2.120925;11.220925;9.9;1.622761;.471909;1.13535;0;.473401118617707;.189015165861994
P21;MO_100;100;23;.104703;2.331962;6.531962;8.1;2.120925;.369385;1.81305;0;.473401118617707;.357007894412123
P21;MO_100;100;24;-.883003;2.22586100000001;3.72586100000001;6;2.331962;.104703;2.124;0;.473401118617707;.597408491621132
P21;MO_100;100;25;-1.209435;1.220337;.306563999999995;.5;2.22586100000001;.883003;1.575;1;.473401118617707;3.98069244921132
P21;MO_100;100;26;-.416227;1.51746299999999;5.01746299999999;-1.424889;1.220337;1.209435;2.124;0;.473401118617707;.302436310940408
P21;MO_100;100;27;.903773;1.314003;2.214003;3.5;1.51746299999999;.416227;1.2816;0;.473401118617707;.59349648577712
P21;MO_100;100;28;1.523421;.910522;-.101616;-.101616;1.314003;.903773;1.66635;0;.473401118617707;-8.96041961895765
P21;MO_100;100;29;.997078;1.719337;13.719337;-1.515633;.910522;1.523421;4.9806;0;.473401118617707;.125322163891739
P21;MO_100;100;30;.197712;1.222779;11.722779;5.8;1.719337;.997078;2.27025;0;.473401118617707;.104307946093669
P21;MO_100;100;31;-.111376;1.417953;6.317953;9.6;1.222779;.197712;1.3734;0;.473401118617707;.224432343830351
P21;MO_100;100;32;.742397;2.229134;16.429134;5.2;1.417953;.111376;2.94795;0;.473401118617707;.135681771175523
P21;MO_100;100;33;1.102393;1.92550700000001;14.425507;10.7;2.229134;.742397;1.9593;0;.473401118617707;.133479329357367
P21;MO_100;100;34;.607562;2.01778399999999;9.11778399999999;7;1.92550700000001;1.102393;2.72835;0;.473401118617707;.221302018121946
P21;MO_100;100;35;.038136;1.920334;13.820334;14.4;2.01778399999999;.607562;1.88595;0;.473401118617707;.138949898027066
P21;MO_100;100;36;.059564;2.021469;8.721469;36.7;1.920334;.038136;1.7397;0;.473401118617707;.231780792891656
P21;MO_100;100;37;.352321;2.23097199999999;8.43097199999999;14.5;2.021469;.059564;2.3436;0;.473401118617707;.264616226930892
P21;MO_100;100;38;-.229285;2.94358100000001;34.443581;13.8;2.23097199999999;.352321;1.7397;0;.473401118617707;.0854609455387351
P21;MO_100;100;39;-.520424;2.937843;8.437843;12;2.94358100000001;.229285;2.5632;0;.473401118617707;.34817464605587
P21;MO_100;100;40;-.524678;3.13561999999999;9.23561999999999;5.5;2.937843;.520424;2.124;0;.473401118617707;.33951375218989
P21;MO_100;100;41;-.343668;3.14563699999999;12.245637;17.6;3.13561999999999;.524678;2.27025;0;.473401118617707;.25687818445051
P21;MO_100;100;42;-.283961;3.837211;9.637211;18.2;3.14563699999999;.343668;1.8126;0;.473401118617707;.398166129184055
P21;MO_100;100;43;-.530801;3.84268899999999;8.74268899999999;9.4;3.837211;.283961;2.19735;0;.473401118617707;.439531704719222
P21;MO_100;100;44;-.384553;3.441834;15.941834;9.4;3.84268899999999;.530801;2.3436;0;.473401118617707;.215899500647165
P21;MO_100;100;45;.297144;4.159721;26.159721;8.1;3.441834;.384553;1.73925;0;.473401118617707;.159012437479742
P21;MO_100;100;46;1.541046;4.35501099999999;3.14030399999999;4.9;4.159721;.297144;1.83105;1;.473401118617707;1.38681191375103
P22;MO_100;100;1;-.330839;1.933946;4.933946;9;2.332622;.06303;2.2707;0;.427857480781557;.391967402967118
P22;MO_100;100;2;-.58382;.909841999999999;3.309842;8.7;1.933946;.330839;7.4754;0;.427857480781557;.274889858790842
P22;MO_100;100;3;.791533;1.420015;5.320015;2.2;.909841999999999;.58382;8.74035;0;.427857480781557;.266919360189774
P22;MO_100;100;4;.630517;2.032369;3.932369;3.6;1.420015;.791533;10.0575;0;.427857480781557;.516830694169342
P22;MO_100;100;5;.86134;.708058999999999;2.708059;4.7;2.032369;.630517;6.1209;0;.427857480781557;.261463653487608
P22;MO_100;100;6;-.718286;1.007365;4.307365;1.7;.708058999999999;.86134;12.04425;0;.427857480781557;.233870359256761
P22;MO_100;100;7;.059447;1.219542;7.919542;3.2;1.007365;.718286;6.72435;0;.427857480781557;.153991480820482
P22;MO_100;100;8;.639394;1.113743;4.913743;8.7;1.219542;.059447;4.32135;0;.427857480781557;.226658781299714
P22;MO_100;100;9;.802981;.507242000000002;4.907242;6.6;1.113743;.639394;3.8853;0;.427857480781557;.103366004774169
P22;MO_100;100;10;.39891;1.111113;3.011113;5.4;.507242000000002;.802981;4.9986;0;.427857480781557;.369004085864596
P22;MO_100;100;11;.639682;1.324529;7.624529;2.5;1.111113;.39891;7.4889;0;.427857480781557;.173719452047464
P22;MO_100;100;12;1.008133;2.432602;2.832602;9.5;1.324529;.639682;4.61385;0;.427857480781557;.858787079865085
P22;MO_100;100;13;1.456829;.710506000000002;-.302085999999998;-.302086;2.432602;1.008133;1.8207;0;.427857480781557;-2.35199909959418
P22;MO_100;100;14;-.020921;1.115193;3.415193;-1.523826;.710506000000002;1.456829;9.6795;0;.427857480781557;.326538792975975
P22;MO_100;100;15;-.514157;.611432000000001;3.211432;2.3;1.115193;.020921;16.8003;0;.427857480781557;.190392323424566
P22;MO_100;100;16;.389753;.708965999999997;5.208966;3.2;.611432000000001;.514157;5.52825;0;.427857480781557;.136104939060842
P22;MO_100;100;17;.405673;.809470999999995;9.209471;4.3;.708965999999997;.389753;4.5414;0;.427857480781557;.0878954936716772
P22;MO_100;100;18;.103834;1.116714;8.516714;10.2;.809470999999995;.405673;1.593;0;.427857480781557;.131120288881369
P22;MO_100;100;19;.150381;1.62006;5.72006;6.2;1.116714;.103834;4.68765;0;.427857480781557;.283224301842988
P22;MO_100;100;20;-.263117;2.021244;24.021244;15.8;1.62006;.150381;1.88595;0;.427857480781557;.0841440185196071
P22;MO_100;100;21;.22872;2.228462;9.128462;6;2.021244;.263117;3.3327;0;.427857480781557;.244122394331049
P22;MO_100;100;22;999;1.317543;5.817543;10.9;2.228462;.22872;1.66635;0;.427857480781557;.226477569654406
P22;MO_100;100;23;.054858;2.935433;15.935433;6.2;1.317543;7.5;2.94795;0;.427857480781557;.184207922056464
P22;MO_100;100;24;-.018754;2.23171600000001;7.43171600000001;6.2;2.935433;.054858;3.02085;0;.427857480781557;.300296190005109
P22;MO_100;100;25;-.522659;2.637715;5.137715;16;2.23171600000001;.018754;2.124;0;.427857480781557;.513402358830725
P22;MO_100;100;26;-.340334;1.417236;3.717236;6.3;2.637715;.522659;2.42145;0;.427857480781557;.381260700154631
P22;MO_100;100;27;.752086;2.028606;5.328606;2.9;1.417236;.340334;2.7792;0;.427857480781557;.380701068909955
P22;MO_100;100;28;-.003889;1.630111;6.330111;3.5;2.028606;.752086;7.5483;0;.427857480781557;.257516969291692
P22;MO_100;100;29;-.250413;2.42963400000001;4.12963400000001;3.5;1.630111;.003889;6.11595;0;.427857480781557;.58834124283169
P22;MO_100;100;30;-.761844;1.11256400000001;4.51256400000001;4.9;2.42963400000001;.250413;5.60295;0;.427857480781557;.246548082198947
P22;MO_100;100;31;.157259;1.92556;5.52556;5;1.11256400000001;.761844;4.0833;0;.427857480781557;.348482325773315
P22;MO_100;100;32;-.024826;2.122345;5.922345;8.2;1.92556;.157259;1.97775;0;.427857480781557;.35836227035068
P22;MO_100;100;33;.689144;2.224075;3.824075;11.9;2.122345;.024826;6.57315;0;.427857480781557;.581598164261946
P22;MO_100;100;34;.737856;1.11318199999999;3.213182;6;2.224075;.689144;5.91255;0;.427857480781557;.346442249458633
P22;MO_100;100;35;-.69551;1.837334;7.837334;3;1.11318199999999;.737856;7.40205;0;.427857480781557;.234433545897112
P22;MO_100;100;36;.035636;1.931122;9.231122;3.6;1.837334;.69551;7.2558;0;.427857480781557;.209196888525577
P22;MO_100;100;37;.100578;1.81970200000001;13.219702;6.4;1.931122;.035636;1.88595;0;.427857480781557;.137650757936904
P22;MO_100;100;38;.273478;1.824471;6.624471;15.5;1.81970200000001;.100578;2.3436;0;.427857480781557;.275413840591951
P22;MO_100;100;39;.326169;1.820435;8.120435;8.5;1.824471;.273478;2.94795;0;.427857480781557;.224179492847366
P22;MO_100;100;40;.642686;2.532974;3.932974;10.2;1.820435;.326169;1.35495;0;.427857480781557;.644035277121079
P22;MO_100;100;41;1.267939;.70793900000001;.203781000000006;.5;2.532974;.642686;4.29885;1;.427857480781557;3.47401867691291
P22;MO_100;100;42;.346505;1.51513700000001;8.51513700000001;-1.010269;.70793900000001;1.267939;7.87365;0;.427857480781557;.17793454174607
P22;MO_100;100;43;.208613;1.21394299999999;15.613943;2.7;1.51513700000001;.346505;9.52605;0;.427857480781557;.0777473697707229
P22;MO_100;100;44;-.248267;2.025811;5.025811;12.6;1.21394299999999;.208613;3.47895;0;.427857480781557;.403081413129145
P22;MO_100;100;45;.265792;1.92593400000001;3.52593400000001;4.7;2.025811;.248267;6.34005;0;.427857480781557;.546219526514111
P22;MO_100;100;46;1.060607;.606605000000002;3.806605;5.7;1.92593400000001;.265792;7.3764;0;.427857480781557;.159355909005532
P22;MO_100;100;47;.221372;2.024109;6.724109;4.7;.606605000000002;1.060607;4.59585;0;.427857480781557;.301022633630716
P22;MO_100;100;48;.064537;3.234734;10.934734;14.4;2.024109;.221372;4.54095;0;.427857480781557;.295821919399228
P22;MO_100;100;49;.311589;2.331513;9.731513;5.7;3.234734;.064537;2.94795;0;.427857480781557;.239583813945478
P22;MO_100;100;50;.306964;2.424515;12.224515;7.8;2.331513;.311589;1.7397;0;.427857480781557;.198332203772501
P22;MO_100;100;51;.004136;2.529533;9.229533;9.5;2.424515;.306964;1.88595;0;.427857480781557;.274069446417278
P22;MO_100;100;52;.499235;2.835671;6.235671;6.5;2.529533;.004136;4.3029;0;.427857480781557;.454749937897622
P22;MO_100;100;53;.743961;1.618095;12.418095;6.2;2.835671;.499235;4.15665;0;.427857480781557;.130301386806914
P22;MO_100;100;54;.523625;2.32646899999999;8.02646899999999;14.3;1.618095;.743961;1.6659;0;.427857480781557;.289849621296736
P22;MO_100;100;55;.438179;2.32576;9.62576;25.9;2.32646899999999;.523625;2.19735;0;.427857480781557;.241618324163495
P22;MO_100;100;56;.150862;3.03656000000001;12.13656;6.7;2.32576;.438179;3.69855;0;.427857480781557;.250199397522857
P24;MO_100;100;1;.482651;.808144;5.308144;4.7;.610024000000001;.651271;2.19735;0;.094028624500547;.15224605813256
P24;MO_100;100;2;.078742;.509025999999999;25.909026;22.1;.808144;.482651;1.062;0;.094028624500547;.01964666676393
P24;MO_100;100;3;-.220463;.605538000000001;9.305538;18.9;.509025999999999;.078742;1.35495;0;.094028624500547;.0650728630628343
P24;MO_100;100;4;-.230708;.910117;11.710117;7.7;.605538000000001;.220463;1.13535;0;.094028624500547;.0777205727321085
P24;MO_100;100;5;-.105993;.606148999999998;12.406149;10.4;.910117;.230708;1.13535;0;.094028624500547;.0488587554445782
P24;MO_100;100;6;.064319;.915758;7.015758;26.3;.606148999999998;.105993;1.2816;0;.094028624500547;.130528732604517
P24;MO_100;100;7;.277259;.607489000000001;8.407489;11.1;.915758;.064319;1.72125;0;.094028624500547;.072255699650633
P24;MO_100;100;8;.363024;.708165999999999;23.908166;17.4;.607489000000001;.277259;.2196;0;.094028624500547;.0296202561083104
P24;MO_100;100;9;.342085;1.113053;10.113053;9.9;.708165999999999;.363024;.3114;0;.094028624500547;.110061027070658
P24;MO_100;100;10;.17887;.914908;18.414908;11.7;1.113053;.342085;.6039;0;.094028624500547;.0496830068333765
P24;MO_100;100;11;-.054408;1.416151;18.216151;17.5;.914908;.17887;.4581;0;.094028624500547;.0777415053267839
P24;MO_100;100;12;-.110337;1.018352;8.718352;15.9;1.416151;.054408;.7506;0;.094028624500547;.116805561418029
P24;MO_100;100;13;.163052;1.416376;15.216376;8.8;1.018352;.110337;.67725;0;.094028624500547;.0930823475970888
P24;MO_100;100;14;.364287;1.018118;9.318118;10.2;1.416376;.163052;0;0;.094028624500547;.109262192215209
P24;MO_100;100;15;.097926;1.923212;10.123212;8.1;1.018118;.364287;.6777;0;.094028624500547;.189980413331263
P24;MO_100;100;16;-.201436;1.21518;12.81518;26.1;1.923212;.097926;.67725;0;.094028624500547;.0948234827758955
P24;MO_100;100;17;-.446734;1.31763400000001;8.11763400000001;25.3;1.21518;.201436;.531;0;.094028624500547;.162317493003504
P24;MO_100;100;18;-.64112;1.214535;10.914535;6.7;1.31763400000001;.446734;1.2267;0;.094028624500547;.111276843218699
P24;MO_100;100;19;-.49473;1.418144;19.718144;11;1.214535;.64112;.84195;0;.094028624500547;.0719207649563772
P24;MO_100;100;20;-.182768;1.213234;5.913234;10;1.418144;.49473;1.062;0;.094028624500547;.205172668627692
P24;MO_100;100;21;.485009;1.213994;4.813994;5.6;1.213234;.182768;.75105;0;.094028624500547;.252180206290245
P24;MO_100;100;22;.784712;.304161000000001;10.004161;11.1;1.213994;.485009;.1647;0;.094028624500547;.0304034491248193
P24;MO_100;100;23;.895552;.713107999999998;5.113108;6.9;.304161000000001;.784712;1.1349;0;.094028624500547;.139466641424354
P24;MO_100;100;24;.240274;1.109238;11.209238;5.8;.713107999999998;.895552;1.6479;0;.094028624500547;.0989574848888033
P24;MO_100;100;25;999;1.31398;5.91398;13.6;1.109238;.240274;2.03265;0;.094028624500547;.22218201617185
P24;MO_100;100;26;.20889;1.11626;5.11626;6.8;1.31398;7.5;.8424;0;.094028624500547;.21817890412137
P24;MO_100;100;27;.630401;.810820999999997;7.210821;16.6;1.11626;.20889;1.9593;0;.094028624500547;.112445032264703
P24;MO_100;100;28;.550226;.609627000000003;7.009627;4.4;.810820999999997;.630401;3.5523;0;.094028624500547;.0869699628810496
P24;MO_100;100;29;.121232;1.12204;5.92204;10.2;.609627000000003;.550226;1.593;0;.094028624500547;.189468493964917
P24;MO_100;100;30;-.225688;.917618000000004;6.517618;33.6;1.12204;.121232;2.41695;0;.094028624500547;.140790393054641
P24;MO_100;100;31;-.023111;.805928000000002;5.705928;5;.917618000000004;.225688;1.2816;0;.094028624500547;.141243983450195
P24;MO_100;100;32;.416182;.809162000000001;12.409162;22.6;.805928000000002;.023111;.67725;0;.094028624500547;.0652068205733797
P24;MO_100;100;33;.590975;.809890000000003;7.00989;10;.809162000000001;.416182;1.73925;0;.094028624500547;.115535336503141
P24;MO_100;100;34;.395828;1.115837;9.015837;8;.809890000000003;.590975;1.88595;0;.094028624500547;.123764105318231
P24;MO_100;100;35;.343938;.807601999999996;10.407602;11.2;1.115837;.395828;0;0;.094028624500547;.0775973178067336
P24;MO_100;100;36;.187299;1.115242;23.615242;10;.807601999999996;.343938;.6777;0;.094028624500547;.0472255164694057
P24;MO_100;100;37;.10641;1.21586600000001;11.815866;14.8;1.115242;.187299;.76905;0;.094028624500547;.102901133103575
P24;MO_100;100;38;.285567;1.523704;6.523704;11.1;1.21586600000001;.10641;.67725;0;.094028624500547;.23356424509757
P24;MO_100;100;39;.516388;1.111313;7.811313;13.8;1.523704;.285567;1.062;0;.094028624500547;.142269679886083
P24;MO_100;100;40;.255949;1.31073000000001;9.91073000000001;7.3;1.111313;.516388;1.13535;0;.094028624500547;.132253628138392
P24;MO_100;100;41;.066196;1.720299;6.920299;14.3;1.31073000000001;.255949;1.2816;0;.094028624500547;.24858738040076
P24;MO_100;100;42;.432205;1.422828;14.222828;12.5;1.720299;.066196;.29295;0;.094028624500547;.100038332742265
P24;MO_100;100;43;.535977;2.01951600000001;9.11951600000001;20.2;1.422828;.432205;.76905;0;.094028624500547;.221449910280327
P24;MO_100;100;44;.197361;1.422073;16.322073;12.3;2.01951600000001;.535977;.531;0;.094028624500547;.0871257590870964
P24;MO_100;100;45;.099684;1.62107899999999;8.72107899999999;17.8;1.422073;.197361;.98865;0;.094028624500547;.185880554458914
P24;MO_100;100;46;.379236;1.922882;8.622882;18;1.62107899999999;.099684;.531;0;.094028624500547;.222997601034086
P24;MO_100;100;47;.629437;2.226929;42.626929;17.5;1.922882;.379236;.6957;0;.094028624500547;.0522423043893216
P24;MO_100;100;48;.593775;1.416359;13.816359;9.5;2.226929;.629437;.6777;0;.094028624500547;.102513187446852
P24;MO_100;100;49;.252035;2.12855500000001;12.928555;11.7;1.416359;.593775;.29295;0;.094028624500547;.164639822470493
P24;MO_100;100;50;.07582;2.23252100000001;10.132521;17.2;2.12855500000001;.252035;.4392;0;.094028624500547;.220332235186091
P24;MO_100;100;51;.377416;1.939888;31.339888;13.7;2.23252100000001;.07582;.29295;0;.094028624500547;.0618983705366146
P24;MO_100;100;52;.494614;1.828186;14.628186;11.8;1.939888;.377416;.6777;0;.094028624500547;.124976945193341
P24;MO_100;100;53;.38816;2.334785;11.134785;11.9;1.828186;.494614;1.062;0;.094028624500547;.209683887026108
P24;MO_100;100;54;.58997;2.630821;12.130821;17.8;2.334785;.38816;.60435;0;.094028624500547;.216870811959059
P24;MO_100;100;55;.344092;2.43937700000001;8.53937700000001;11.3;2.630821;.58997;1.062;0;.094028624500547;.285662174184371
P24;MO_100;100;56;-.159115;2.42821500000001;7.92821500000001;17.9;2.43937700000001;.344092;1.20825;0;.094028624500547;.306275119935573
P24;MO_100;100;57;.544363;2.032494;5.032494;5.9;2.42821500000001;.159115;.6039;0;.094028624500547;.403874102979556
P24;MO_100;100;58;.851544;.911132999999992;5.91113299999999;7.3;2.032494;.544363;.531;0;.094028624500547;.154138470577467
P24;MO_100;100;59;-.068138;1.725167;5.725167;4.3;.911132999999992;.851544;3.40605;0;.094028624500547;.301330424073219
P24;MO_100;100;60;-.532243;1.215874;5.715874;7.2;1.725167;.068138;.531;0;.094028624500547;.212718824802646
P24;MO_100;100;61;.051842;1.012451;7.812451;4.2;1.215874;.532243;3.0942;0;.094028624500547;.12959454081696
P24;MO_100;100;62;.503349;1.118943;5.818943;10.1;1.012451;.051842;1.6659;0;.094028624500547;.192293170770018
P24;MO_100;100;63;-.036037;1.51834100000001;5.51834100000001;5.6;1.118943;.503349;.67725;0;.094028624500547;.275144468237829
P24;MO_100;100;64;-.419835;.504944000000009;6.80494400000001;10.4;1.51834100000001;.036037;1.4283;0;.094028624500547;.0742025209906222
P24;MO_100;100;65;-.222702;1.218682;5.218682;5.3;.504944000000009;.419835;1.8126;0;.094028624500547;.233522946981633
P24;MO_100;100;66;.500808;1.00932300000002;18.009323;4.4;1.218682;.222702;1.4283;0;.094028624500547;.056044472077047
P24;MO_100;100;67;.748745;1.31866500000001;5.81866500000001;8.2;1.00932300000002;.500808;.82395;0;.094028624500547;.226626726233596
P24;MO_100;100;68;.061367;1.62011799999999;8.02011799999999;4.8;1.31866500000001;.748745;3.47895;0;.094028624500547;.202006753516593
P24;MO_100;100;69;.25157;1.31686400000001;7.41686400000001;4.9;1.62011799999999;.061367;2.0511;0;.094028624500547;.177549972602977
P24;MO_100;100;70;.568146;1.31549100000001;17.415491;11.1;1.31686400000001;.25157;1.062;0;.094028624500547;.0755356825713389
P25;MO_100;100;1;.940269;1.012467;2.412467;3.2;.908878;.207135;1.062;0;.375698239894578;.419681181131182
P25;MO_100;100;2;.290427;2.331368;6.031368;0;1.012467;.940269;5.9049;0;.375698239894578;.386540499601417
P25;MO_100;100;3;.126314;2.632106;5.932106;4.2;2.331368;.290427;5.8824;0;.375698239894578;.443705152942311
P25;MO_100;100;4;1.149861;3.344371;3.041566;4.3;2.632106;.126314;2.124;1;.375698239894578;1.09955562364913
P25;MO_100;100;5;-.187561;2.733889;5.333889;-.811503;3.344371;1.149861;5.96925;0;.375698239894578;.512550786114972
P25;MO_100;100;6;-1.118626;3.546814;3.646814;9.4;2.733889;.187561;4.0833;0;.375698239894578;.972578804402967
P25;MO_100;100;7;.907378;4.365019;5.365019;-.302683;3.546814;1.118626;4.22955;0;.375698239894578;.813607370262808
P25;MO_100;100;8;1.808917;4.861977;4.256642;-.100952;4.365019;.907378;3.62565;0;.375698239894578;1.14220951632766
P25;MO_100;100;9;.309067;1.615398;-1.110847;-1.110847;4.861977;1.808917;5.42475;0;.375698239894578;-1.45420386425853
P25;MO_100;100;10;1.417217;2.026547;1.925228;-3.23545;1.615398;.309067;6.4863;0;.375698239894578;1.05262701352775
P25;MO_100;100;11;.956733;1.216888;-.609321999999996;-.609322;2.026547;1.417217;22.66335;0;.375698239894578;-1.99711810832369
P25;MO_100;100;12;-.24889;1.212635;1.812635;-2.330716;1.216888;.956733;33.8355;0;.375698239894578;.668990171766517
P25;MO_100;100;13;999;1.415013;1.415013;-.204876;1.212635;.24889;12.22245;0;.375698239894578;1
P25;MO_100;100;14;-.064858;1.220402;2.820402;9.2;1.415013;7.5;12.9636;0;.375698239894578;.43270498319034
P25;MO_100;100;15;-1.345263;1.217163;.608811000000003;.9;1.220402;.064858;11.5587;1;.375698239894578;1.99924607144088
P25;MO_100;100;16;1.345985;2.229065;2.127674;-1.113205;1.217163;1.345263;7.164;0;.375698239894578;1.04765344690963
P25;MO_100;100;17;-1.216373;1.421883;-.606921999999999;-.606922;2.229065;1.345985;10.51515;0;.375698239894578;-2.34277716082133
P25;MO_100;100;18;.39428;2.222145;3.522145;-2.533794;1.421883;1.216373;11.2473;0;.375698239894578;.630906734390549
P25;MO_100;100;19;.638858;2.127705;.303981999999998;.5;2.222145;.39428;14.86395;1;.375698239894578;6.99944404602909
P25;MO_100;100;20;.598551;2.735123;4.035123;8.3;2.127705;.638858;1.9593;0;.375698239894578;.677828903852497
P25;MO_100;100;21;.310239;2.944558;.204079000000007;.4;2.735123;.598551;6.47775;1;.375698239894578;14.4285203279117
P25;MO_100;100;22;.71342;2.62706;3.02706;1.7;2.944558;.310239;8.31735;0;.375698239894578;.867858582254729
P25;MO_100;100;23;-.522422;1.112548;-.305412999999996;-.305413;2.62706;.71342;15.012;0;.375698239894578;-3.64276569759642
P25;MO_100;100;24;-.988218;1.81654400000001;1.91654400000001;-1.924591;1.112548;.522422;22.9383;0;.375698239894578;.947822747612369
P25;MO_100;100;25;.348538;2.634575;3.134575;-.405678;1.81654400000001;.988218;11.8827;0;.375698239894578;.840488742493001
P25;MO_100;100;26;-1.307904;2.324806;-.202095000000005;-.202095;2.634575;.348538;11.9277;0;.375698239894578;-11.5035305178255
P25;MO_100;100;27;-.99436;1.31854300000001;4.71854300000001;1.5;2.324806;1.307904;22.65705;0;.375698239894578;.27943858941203
P25;MO_100;100;28;.548917;2.65239799999999;7.65239799999999;3.6;1.31854300000001;.99436;7.5438;0;.375698239894578;.346610043021807
P25;MO_100;100;29;1.335316;2.63922799999999;1.627792;8.2;2.65239799999999;.548917;3.47895;1;.375698239894578;1.62135457109999
P25;MO_100;100;30;.699833;2.638367;7.338367;-1.517944;2.63922799999999;1.335316;3.47895;0;.375698239894578;.359530533155401
P25;MO_100;100;31;.489876;4.15464;6.05464;8.2;2.638367;.699833;2.124;0;.375698239894578;.686191086505556
P25;MO_100;100;32;.542943;3.950829;.606385000000003;1.3;4.15464;.489876;2.0322;1;.375698239894578;6.51538049259131
P25;MO_100;100;33;1.540258;4.254113;2.13076;4.1;3.950829;.542943;1.20825;1;.375698239894578;1.99652377555426
P25;MO_100;100;34;1.024029;2.629158;2.629158;-2.627427;4.254113;1.540258;17.6733;0;.375698239894578;1
P25;MO_100;100;35;2.274805;1.621216;-.505423999999996;-.505424;2.629158;1.024029;26.0226;0;.375698239894578;-3.20763556934378
P25;MO_100;100;36;-.258014;1.52083599999999;1.92083599999999;-2.632652;1.621216;2.274805;22.7529;0;.375698239894578;.79175733899198
P25;MO_100;100;37;1.002297;1.82637099999999;-.303764000000005;-.303764;1.52083599999999;.258014;26.31375;0;.375698239894578;-6.01246691510502
P25;MO_100;100;38;.10625;1.116203;5.416203;-2.536537;1.82637099999999;1.002297;11.00295;0;.375698239894578;.206085887105782
P25;MO_100;100;39;-.25658;2.424965;10.824965;2.4;1.116203;.10625;14.27535;0;.375698239894578;.224015966795274
P25;MO_100;100;40;.129299;2.33444900000001;6.23444900000001;6.6;2.424965;.25658;1.88595;0;.375698239894578;.374443515377222
P25;MO_100;100;41;.16581;3.448121;8.848121;11.2;2.33444900000001;.129299;1.51965;0;.375698239894578;.389700931983186
P25;MO_100;100;42;-1.382813;3.744339;3.03518700000001;4.5;3.448121;.16581;.4581;1;.375698239894578;1.23364359428265
P25;MO_100;100;43;-1.196458;1.72155800000002;-1.21499599999998;-1.214996;3.744339;1.382813;3.99645;0;.375698239894578;-1.41692482938219
P26;MO_100;100;1;.090974;2.429168;6.329168;8.6;2.331636;.355095;.60435;0;.264891448920657;.383805264767818
P26;MO_100;100;2;.990462;1.618417;2.618417;3.6;2.429168;.090974;.89685;0;.264891448920657;.618089861164207
P26;MO_100;100;3;1.354644;1.522482;-.100771;-.100771;1.618417;.990462;1.35495;0;.264891448920657;-15.1083347391611
P26;MO_100;100;4;.851206;1.615863;6.715863;-2.132796;1.522482;1.354644;1.66635;0;.264891448920657;.24060392536298
P26;MO_100;100;5;-.246959;1.726471;10.026471;4.5;1.615863;.851206;3.09465;0;.264891448920657;.172191292429809
P26;MO_100;100;6;-.285399;2.426335;24.426335;7.4;1.726471;.246959;2.2707;0;.264891448920657;.0993327488548732
P26;MO_100;100;7;-.206158;2.225159;18.825159;11.7;2.426335;.285399;1.20825;0;.264891448920657;.118201338963458
P26;MO_100;100;8;-.331466;2.53258;28.63258;38.6;2.225159;.206158;.29295;0;.264891448920657;.0884509883496353
P26;MO_100;100;9;-.468321;2.129549;9.329549;8.9;2.53258;.331466;.14625;0;.264891448920657;.228258514961441
P26;MO_100;100;10;-.473246;1.82618;23.82618;9.3;2.129549;.468321;1.5012;0;.264891448920657;.0766459415651187
P26;MO_100;100;11;-.251098;2.13116400000001;24.931164;13.9;1.82618;.473246;.4581;0;.264891448920657;.0854819293635873
P26;MO_100;100;12;.159066;2.635612;9.435612;11.8;2.13116400000001;.251098;.07335;0;.264891448920657;.279326025699234
P26;MO_100;100;13;.865891;2.328857;5.528857;5.7;2.635612;.159066;.82395;0;.264891448920657;.421218526722612
P26;MO_100;100;14;1.340565;3.241314;.811714000000002;17.5;2.328857;.865891;.6957;1;.264891448920657;3.99317247207759
P26;MO_100;100;15;.771849;4.146759;13.646759;-2.936196;3.241314;1.340565;1.9593;0;.264891448920657;.30386401635729
P26;MO_100;100;16;1.163056;5.171406;5.070496;9.1;4.146759;.771849;2.41695;1;.264891448920657;1.01990140609518
P26;MO_100;100;17;1.450085;3.341492;-.608200000000005;-.6082;5.171406;1.163056;2.50875;0;.264891448920657;-5.49406774087467
P26;MO_100;100;18;-.668305;3.952438;5.252438;-4.454979;3.341492;1.450085;2.8746;0;.264891448920657;.752495888575934
P26;MO_100;100;19;.908378;3.238793;.301079000000001;.5;3.952438;.668305;3.16755;1;.264891448920657;10.7572862936305
P26;MO_100;100;20;.081444;.70635999999999;-3.44469500000001;-3.444695;3.238793;.908378;5.27805;0;.264891448920657;-.205057341796585
P26;MO_100;100;21;1.263692;1.31961099999999;-4.657532;-4.657532;.70635999999999;.081444;5.17815;0;.264891448920657;-.283328380781923
P26;MO_100;100;22;.090049;.604157000000001;1.704157;-6.483589;1.31961099999999;1.263692;2.2707;0;.264891448920657;.354519565978957
P26;MO_100;100;23;1.65008;.404112999999995;-4.71844785465692E-15;0;.604157000000001;.090049;9.32265;0;.264891448920657;-85645324998378.8
P26;MO_100;100;24;.096855;1.726952;4.526952;-.911132;.404112999999995;1.65008;27.42975;0;.264891448920657;.381482286536283
P26;MO_100;100;25;.258369;.505257;18.905257;2.2;1.726952;.096855;9.6543;0;.264891448920657;.0267257408878388
P26;MO_100;100;26;.331744;1.92630800000001;9.72630800000001;5.4;.505257;.258369;3.2409;0;.264891448920657;.198051305798666
P26;MO_100;100;27;-.36409;2.928543;12.228543;7.6;1.92630800000001;.331744;1.8126;0;.264891448920657;.239484213286898
P26;MO_100;100;28;-.428591;1.71936100000001;20.519361;9.8;2.928543;.36409;1.2087;0;.264891448920657;.0837921317335374
P26;MO_100;100;29;-.38454;1.82763;25.12763;45.3;1.71936100000001;.428591;.16515;0;.264891448920657;.0727338790009245
P26;MO_100;100;30;-.19882;3.744468;24.844468;10.8;1.82763;.38454;.91575;0;.264891448920657;.150716368730455
P26;MO_100;100;31;.320186;3.340096;19.940096;20.1;3.744468;.19882;.67725;0;.264891448920657;.167506515515271
P26;MO_100;100;32;.341374;3.84665000000001;10.74665;12.8;3.340096;.320186;.531;0;.264891448920657;.357939450898653
P26;MO_100;100;33;-1.096676;4.653252;4.75325199999999;6.2;3.84665000000001;.341374;.82395;0;.264891448920657;.978961771856407
P26;MO_100;100;34;-.788631;3.650299;10.150299;-.404709;4.653252;1.096676;5.58495;0;.264891448920657;.359624775585429
P26;MO_100;100;35;-.412389;3.031449;8.73144899999999;8.4;3.650299;.788631;1.2816;0;.264891448920657;.347187391233689
P26;MO_100;100;36;-.698784;3.742249;6.042249;8.6;3.031449;.412389;1.66635;0;.264891448920657;.619347034523072
P26;MO_100;100;37;-1.136088;3.95470400000001;3.55029300000001;3.1;3.742249;.698784;1.51965;1;.264891448920657;1.11390919003023
P26;MO_100;100;38;-.749664;5.178146;19.978146;-.911842;3.95470400000001;1.136088;2.41695;0;.264891448920657;.259190517478449
P26;MO_100;100;39;.025372;7.28668299999998;17.486683;10;5.178146;.749664;1.7397;0;.264891448920657;.416698981733699
P28;MO_100;100;1;.1653;3.247835;7.847835;3.6;.204498;.130007;9.1368;0;.279842348274513;.413851081221764
P28;MO_100;100;2;.846294;2.937483;3.737483;9.6;3.247835;.1653;5.80905;0;.279842348274513;.785952203662197
P28;MO_100;100;3;1.337997;1.417133;-.100205;-.100205;2.937483;.846294;16.5564;0;.279842348274513;-14.1423382066763
P28;MO_100;100;4;1.081071;.811994000000002;6.111994;-2.024407;1.417133;1.337997;17.0586;0;.279842348274513;.13285255188405
P28;MO_100;100;5;.377457;2.641686;7.941686;12.6;.811994000000002;1.081071;5.7357;0;.279842348274513;.332635412681892
P28;MO_100;100;6;.287651;3.13905;7.03905;5.9;2.641686;.377457;4.92525;0;.279842348274513;.44594796172779
P28;MO_100;100;7;-.009852;2.635591;18.535591;4.4;3.13905;.287651;8.53695;0;.279842348274513;.142190826286575
P28;MO_100;100;8;.584905;2.835923;10.535923;4.6;2.635591;.009852;6.6465;0;.279842348274513;.269167020298079
P28;MO_100;100;9;.184026;2.93985;7.83985;5.4;2.835923;.584905;4.6872;0;.279842348274513;.374988041863046
P28;MO_100;100;10;1.555128;3.341801;2.835282;2.8;2.93985;.184026;7.76835;1;.279842348274513;1.17864854360166
P28;MO_100;100;11;1.456853;1.114121;-1.013389;-1.013389;3.341801;1.555128;17.80155;0;.279842348274513;-1.0994011184254
P28;MO_100;100;12;1.046112;2.138694;2.438694;-2.63472;1.114121;1.456853;8.68365;0;.279842348274513;.876983336162717
P28;MO_100;100;13;1.397626;1.51825299999999;-.404900000000006;-.4049;2.138694;1.046112;13.7547;0;.279842348274513;-3.74969869103474
P28;MO_100;100;14;999;1.626278;15.226278;-2.431874;1.51825299999999;1.397626;11.547;0;.279842348274513;.106807323496918
P28;MO_100;100;15;.411585;2.43108;7.03108;3.5;1.626278;7.5;12.73185;0;.279842348274513;.345761959755827
P28;MO_100;100;16;.28167;2.02243;8.12243;7.9;2.43108;.411585;3.11265;0;.279842348274513;.248993220009283
P28;MO_100;100;17;-.829246;3.145928;3.845928;11;2.02243;.28167;4.00995;0;.279842348274513;.81798931233242
P28;MO_100;100;18;-1.208082;2.02631;-.100834000000005;-.100834;3.145928;.829246;11.17395;0;.279842348274513;-20.0955035008023
P28;MO_100;100;19;-.753741;1.825432;14.825432;-2.637821;2.02631;1.208082;2.41695;0;.279842348274513;.123128418787392
P28;MO_100;100;20;-.510309;2.832138;17.232138;17;1.825432;.753741;3.8637;0;.279842348274513;.164352096066083
P28;MO_100;100;21;.05979;2.42920600000001;14.929206;8;2.832138;.510309;4.22955;0;.279842348274513;.162715016458344
P28;MO_100;100;22;-.09139;2.832863;5.532863;6.8;2.42920600000001;.05979;1.81305;0;.279842348274513;.512006713341718
P28;MO_100;100;23;-.394653;2.93557000000001;10.33557;3.6;2.832863;.09139;6.4134;0;.279842348274513;.2840259414817
P28;MO_100;100;24;.500655;3.5355;18.6355;20;2.93557000000001;.394653;5.21865;0;.279842348274513;.189718547932709
P28;MO_100;100;25;-.179343;3.947433;8.547433;6.4;3.5355;.500655;4.00995;0;.279842348274513;.461826726222949
P28;MO_100;100;26;.446847;3.44152;10.54152;6.6;3.947433;.179343;6.4269;0;.279842348274513;.326472842626111
P28;MO_100;100;27;.941107;3.54712000000001;4.84712000000001;6.7;3.44152;.446847;5.82255;0;.279842348274513;.73179950155969
P28;MO_100;100;28;.750298;2.83551800000001;11.135518;4.6;3.54712000000001;.941107;8.72235;0;.279842348274513;.254637278660949
P28;MO_100;100;29;-.618633;3.247612;16.347612;11.1;2.83551800000001;.750298;5.14485;0;.279842348274513;.19865971861823
P28;MO_100;100;30;-.508632;2.943626;7.243626;5.8;3.247612;.618633;6.64695;0;.279842348274513;.406374652694659
P28;MO_100;100;31;.265878;3.849502;14.449502;6.9;2.943626;.508632;5.82255;0;.279842348274513;.266410703981355
P28;MO_100;100;32;.220892;3.751816;8.751816;5.9;3.849502;.265878;3.62565;0;.279842348274513;.428689999881168
P28;MO_100;100;33;-.718738;3.445999;4.645999;20.5;3.751816;.220892;4.08285;0;.279842348274513;.741713246171598
P28;MO_100;100;34;-.639524;2.229904;.304848000000007;.6;3.445999;.718738;6.2667;1;.279842348274513;7.31480606728582
P28;MO_100;100;35;.525744;3.550209;10.350209;12.5;2.229904;.639524;3.3876;0;.279842348274513;.3430084358683
P28;MO_100;100;36;.2711;2.638092;7.938092;8.8;3.550209;.525744;4.54095;0;.279842348274513;.332333260939782
P28;MO_100;100;37;.149682;3.85298900000001;6.35298900000001;19;2.638092;.2711;4.54095;0;.279842348274513;.606484443779141
P28;MO_100;100;38;-1.252253;3.44030799999999;1.41738899999999;3.5;3.85298900000001;.149682;5.07195;1;.279842348274513;2.4272151117301
P29;MO_100;100;1;.724388;.203123;4.703123;5.2;.301455000000001;.614502;0;0;.142876616760567;.0431889618876649
P29;MO_100;100;2;1.008688;2.22919;10.72919;3.2;.203123;.724388;1.5201;0;.142876616760567;.207768713202022
P29;MO_100;100;3;.514891;3.03953;7.83953;6.7;2.22919;1.008688;3.186;0;.142876616760567;.387718396383457
P29;MO_100;100;4;-1.800779;3.953518;2.033078;3.8;3.03953;.514891;1.062;1;.142876616760567;1.9445973051698
P29;MO_100;100;5;-1.038221;1.62127;-2.425567;-2.425567;3.953518;1.800779;2.10555;0;.142876616760567;-.668408664860628
P29;MO_100;100;6;-1.779264;1.217297;-4.555629;-4.555629;1.62127;1.038221;.7155;0;.142876616760567;-.26720722868346
P29;MO_100;100;7;.160458;1.212093;6.712093;-6.180189;1.217297;1.779264;9.80055;0;.142876616760567;.180583463310178
P29;MO_100;100;8;.525648;2.943936;8.643936;3.8;1.212093;.160458;10.73475;0;.142876616760567;.340578181050855
P29;MO_100;100;9;.949437;3.646999;4.646999;4.9;2.943936;.525648;4.8339;0;.142876616760567;.784807356317486
P29;MO_100;100;10;1.014;2.43375;5.03375;0;3.646999;.949437;6.06105;0;.142876616760567;.483486466352123
P29;MO_100;100;11;-1.768185;4.869114;3.643745;2.7;2.43375;1.014;6.42735;1;.142876616760567;1.33629384054043
P29;MO_100;100;12;-.775345;.606047999999994;-1.72827200000001;-1.728272;4.869114;1.768185;7.24905;0;.142876616760567;-.350667024635006
P29;MO_100;100;13;1.732889;1.012646;-2.840157;-2.840157;.606047999999994;.775345;2.19735;0;.142876616760567;-.356545782504277
P29;MO_100;100;14;-1.227232;1.62266200000001;1.115212;1.6;1.012646;1.732889;11.25135;1;.142876616760567;1.45502559154673
P29;MO_100;100;15;-.15914;1.722179;4.122179;4.9;1.62266200000001;1.227232;2.19735;0;.142876616760567;.417783652771993
P29;MO_100;100;16;-.911241;2.942345;.813408000000003;1.6;1.722179;.15914;4.8339;1;.142876616760567;3.61730521460324
P29;MO_100;100;17;.06555;.506588000000001;-2.63475;-2.63475;2.942345;.911241;10.8225;0;.142876616760567;-.192271752538192
P29;MO_100;100;18;-1.186795;2.329636;2.329636;-3.646343;.506588000000001;.06555;14.2074;0;.142876616760567;1
P29;MO_100;100;19;-.828315;1.719795;-.509620000000002;-.50962;2.329636;1.186795;11.7234;0;.142876616760567;-3.3746615124995
P29;MO_100;100;20;-.236818;2.036171;2.936171;-2.736599;1.719795;.828315;6.7977;0;.142876616760567;.693478343052908
P29;MO_100;100;21;-1.39391;.404198000000008;8.04911692853238E-15;0;2.036171;.236818;6.6231;0;.142876616760567;50216440336108.6
P29;MO_100;100;22;-.788724;1.720704;-.913864000000002;-.913864;.404198000000008;1.39391;21.34035;0;.142876616760567;-1.88288848231246
P29;MO_100;100;23;1.090816;1.62663999999999;9.62664;-3.140618;1.720704;.788724;2.41695;0;.142876616760567;.168972767237581
P29;MO_100;100;24;1.430412;3.65484600000001;3.048264;5.2;1.62663999999999;1.090816;4.4541;1;.142876616760567;1.19899260693956
P29;MO_100;100;25;-1.638702;3.244614;-1.109695;-1.109695;3.65484600000001;1.430412;7.947;0;.142876616760567;-2.92387908389242
P29;MO_100;100;26;1.005048;2.73531299999999;9.63531299999999;-4.857071;3.244614;1.638702;14.01615;0;.142876616760567;.283884187259925
P29;MO_100;100;27;1.095216;2.42461399999999;2.52461399999999;5.1;2.73531299999999;1.005048;5.20515;0;.142876616760567;.960389984369888
P29;MO_100;100;28;1.830293;2.428124;-.404701000000003;-.404701;2.42461399999999;1.095216;6.1155;0;.142876616760567;-5.9997973812765
P29;MO_100;100;29;.249398;2.327736;4.627736;-3.336555;2.428124;1.830293;10.4382;0;.142876616760567;.502996713727836
P29;MO_100;100;30;-.46403;2.734375;7.734375;5.6;2.327736;.249398;7.93305;0;.142876616760567;.353535353535354
P29;MO_100;100;31;1.368989;2.945633;2.337883;5.2;2.734375;.46403;2.8746;1;.142876616760567;1.25995740590953
P29;MO_100;100;32;1.307292;3.43888100000001;3.03579700000001;-1.11361;2.945633;1.368989;5.21865;0;.142876616760567;1.13277699398214
P29;MO_100;100;33;1.807289;3.545197;-.907103999999999;-.907104;3.43888100000001;1.307292;6.1893;0;.142876616760567;-3.90825858997425
P29;MO_100;100;34;1.665907;1.72554699999999;-4.95700100000001;-4.957001;3.545197;1.807289;5.8815;0;.142876616760567;-.348103016319744
P29;MO_100;100;35;1.741275;3.647819;3.143783;3.2;1.72554699999999;1.665907;8.757;1;.142876616760567;1.16032785977913
P29;MO_100;100;36;-.34225;1.72036;-1.008576;-1.008576;3.647819;1.741275;6.72885;0;.142876616760567;-1.70573164540897
P29;MO_100;100;37;-1.847204;1.21262300000001;-3.23364299999999;-3.233643;1.72036;.34225;.12555;0;.142876616760567;-.375002126085042
P29;MO_100;100;38;.412472;1.92525499999999;2.72525499999999;2.6;1.21262300000001;1.847204;11.27295;0;.142876616760567;.706449488213029
P29;MO_100;100;39;-1.101003;1.415161;-2.22044604925031E-15;0;1.92525499999999;.412472;9.04635;0;.142876616760567;-637331855226927
P29;MO_100;100;40;-1.566982;.810874999999996;-1.918694;-1.918694;1.415161;1.101003;4.44825;0;.142876616760567;-.422618197586481
P29;MO_100;100;41;.810197;2.331253;2.931253;-3.237511;.810874999999996;1.566982;12.7485;0;.142876616760567;.795309377934965
P29;MO_100;100;42;-.891355;1.725189;-.203552;-.203552;2.331253;.810197;4.46805;0;.142876616760567;-8.47542151391291
P29;MO_100;100;43;-1.385871;1.62149799999999;-2.33557900000001;-2.335579;1.725189;.891355;10.51425;0;.142876616760567;-.69425953906932
P29;MO_100;100;44;1.542824;.605004000000008;-4.46557599999999;-4.465576;1.62149799999999;1.385871;4.14315;0;.142876616760567;-.135481738526006
P29;MO_100;100;45;.994846;1.721115;7.321115;-5.576103;.605004000000008;1.542824;7.78185;0;.142876616760567;.235089190649239
P29;MO_100;100;46;.847675;4.254975;6.954975;9.5;1.721115;.994846;4.3209;0;.142876616760567;.611788683640128
P30;MO_100;100;1;.839827;.101334000000001;11.201334;11.2;.101326;.901191;0;0;.341689301848246;.00904660105662424
P30;MO_100;100;2;.757219;1.213066;35.013066;12.8;.101334000000001;.839827;.531;0;.341689301848246;.0346460946893368
P30;MO_100;100;3;.914066;3.13443;6.53443;17.6;1.213066;.757219;.2196;0;.341689301848246;.479679176301529
P30;MO_100;100;4;1.144146;1.11242;1.011511;2.7;3.13443;.914066;.07335;1;.341689301848246;1.09976065509915
P30;MO_100;100;5;1.219749;.912562000000001;-.606782999999999;-.606783;1.11242;1.144146;.9702;0;.341689301848246;-1.50393468505216
P30;MO_100;100;6;.833852;1.321487;15.721487;-2.023112;.912562000000001;1.219749;.98865;0;.341689301848246;.0840561074152846
P30;MO_100;100;7;.714773;3.450813;7.050813;7.8;1.321487;.833852;.60435;0;.341689301848246;.489420581711641
P30;MO_100;100;8;.941458;.917101000000002;10.917101;13.1;3.450813;.714773;.2196;0;.341689301848246;.0840059096274736
P30;MO_100;100;9;.243075;2.930338;7.430338;9;.917101000000002;.941458;.43965;0;.341689301848246;.394374791563991
P30;MO_100;100;10;-.370878;1.114489;9.214489;16.6;2.930338;.243075;1.044;0;.341689301848246;.120949626181115
P30;MO_100;100;11;.653567;3.443096;4.743096;7.5;1.114489;.370878;.67725;0;.341689301848246;.725917417652942
P30;MO_100;100;12;1.295034;.607447999999998;.201297000000004;.4;3.443096;.653567;2.73735;1;.341689301848246;3.01767040740789
P30;MO_100;100;13;.962283;1.013134;11.013134;-.911667;.607447999999998;1.295034;6.13395;0;.341689301848246;.0919932509674358
P30;MO_100;100;14;.505506;2.937217;10.437217;6.3;1.013134;.962283;1.4463;0;.341689301848246;.281417642269965
P30;MO_100;100;15;.723473;2.32964;8.02964;10.5;2.937217;.505506;.0729000000000005;0;.341689301848246;.290130068097698
P30;MO_100;100;16;.375834;2.531105;8.831105;8.8;2.32964;.723473;1.2087;0;.341689301848246;.286612490735871
P30;MO_100;100;17;-.169495;3.040657;9.240657;7.1;2.531105;.375834;1.6479;0;.341689301848246;.329052036018651
P30;MO_100;100;18;1.068724;2.831936;3.031936;6.2;3.040657;.169495;.4581;0;.341689301848246;.934035546924473
P30;MO_100;100;19;1.38696;.610199000000001;-.404418999999999;-.404419;2.831936;1.068724;4.4334;0;.341689301848246;-1.50882871477355
P30;MO_100;100;20;.345793;1.110775;7.510775;4.1;.610199000000001;1.38696;5.6583;0;.341689301848246;.147890863459497
P30;MO_100;100;21;-.079702;1.417434;19.417434;6.5;1.110775;.345793;2.3436;0;.341689301848246;.0729980078727189
P30;MO_100;100;22;-.347111;4.14946699999999;16.349467;9.2;1.417434;.079702;.531;0;.341689301848246;.253798304250529
P30;MO_100;100;23;-.447022;1.92738299999999;18.127383;14.8;4.14946699999999;.347111;.531;0;.341689301848246;.106324393322522
P30;MO_100;100;24;-.137525;3.95828299999999;16.258283;13.9;1.92738299999999;.447022;.31095;0;.341689301848246;.243462547674929
P30;MO_100;100;25;.517427;3.04118399999999;8.44118399999999;11.3;3.95828299999999;.137525;.07335;0;.341689301848246;.360279316266533
P30;MO_100;100;26;.852444;1.927787;11.627787;27.7;3.04118399999999;.517427;.82395;0;.341689301848246;.165791392635589
P30;MO_100;100;27;.65019;1.313438;7.613438;8.7;1.927787;.852444;2.3436;0;.341689301848246;.17251575438061
P30;MO_100;100;28;.795451;3.33995800000001;9.83995800000001;6;1.313438;.65019;1.062;0;.341689301848246;.339428074794629
P30;MO_100;100;29;1.074098;3.228172;8.428172;14.4;3.33995800000001;.795451;0;0;.341689301848246;.383021608956248
P30;MO_100;100;30;.774193;3.64073900000001;8.14073900000001;8.4;3.228172;1.074098;3.24135;0;.341689301848246;.447224631572147
P30;MO_100;100;31;.92268;2.53443900000001;10.334439;3.3;3.64073900000001;.774193;2.106;0;.341689301848246;.245242049423293
P30;MO_100;100;32;.409994;1.930961;10.830961;6.9;2.53443900000001;.92268;2.56365;0;.341689301848246;.178281594772615
P30;MO_100;100;33;.749917;4.045968;7.245968;11.2;1.930961;.409994;.2196;0;.341689301848246;.558375085288812
P30;MO_100;100;34;.849193;3.34940300000001;13.349403;17;4.045968;.749917;1.9593;0;.341689301848246;.250902830635948
P30;MO_100;100;35;-.988992;5.46554500000001;5.96554500000001;9;3.34940300000001;.849193;.29295;0;.341689301848246;.9161853611028
P30;MO_100;100;36;-1.29386;.403968999999989;-.100166000000011;-.100166;5.46554500000001;.988992;1.2132;0;.341689301848246;-4.0329952279211
P30;MO_100;100;37;-.705248;1.21656800000001;5.01656800000001;-1.011948;.403968999999989;1.29386;3.09915;0;.341689301848246;.2425100188017
P30;MO_100;100;38;.712913;1.51889799999999;3.71889799999999;4.2;1.21656800000001;.705248;1.20825;0;.341689301848246;.408426904959478
P30;MO_100;100;39;1.376507;1.623795;.407501999999994;.9;1.51889799999999;.712913;.97065;1;.341689301848246;3.98475344906289
P30;MO_100;100;40;.28504;2.631134;8.531134;-1.720924;1.623795;1.376507;2.58165;0;.341689301848246;.308415504902396
P30;MO_100;100;41;-.724701;2.529404;15.729404;13.9;2.631134;.28504;.8973;0;.341689301848246;.160807364347689
P30;MO_100;100;42;-.260623;3.64075399999999;10.240754;12.9;2.529404;.724701;.38475;0;.341689301848246;.355516205154424
P30;MO_100;100;43;1.138631;3.955826;3.955826;7.8;3.64075399999999;.260623;.3114;1;.341689301848246;1
P30;MO_100;100;44;1.453613;.505110999999999;-.505478000000001;-.505478;3.955826;1.138631;3.69855;0;.341689301848246;-.999273954553903
P30;MO_100;100;45;1.26129;.503708000000017;-1.51267999999998;-1.51268;.505110999999999;1.453613;3.7575;0;.341689301848246;-.332990454028627
P30;MO_100;100;46;.243989;.911452999999995;9.711453;5.2;.503708000000017;1.26129;2.41695;0;.341689301848246;.0938534120486394
P31;MO_100;100;1;.546698;1.528488;7.428488;14.7;.103729;.165171;2.3436;0;.116229606706991;.205760310846568
P31;MO_100;100;2;.205966;1.317305;13.917305;8.2;1.528488;.546698;3.168;0;.116229606706991;.094652305169715
P31;MO_100;100;3;.073827;1.613203;6.813203;4.8;1.317305;.205966;4.90725;0;.116229606706991;.236776006820874
P31;MO_100;100;4;.042095;1.009605;5.509605;7.5;1.613203;.073827;3.00735;0;.116229606706991;.183244533864043
P31;MO_100;100;5;.30111;.707232000000001;13.507232;6.5;1.009605;.042095;2.0322;0;.116229606706991;.0523595063740669
P31;MO_100;100;6;.386901;1.114695;12.714695;11;.707232000000001;.30111;.7506;0;.116229606706991;.0876698182693332
P31;MO_100;100;7;.364812;1.015377;10.315377;12.1;1.114695;.386901;1.13535;0;.116229606706991;.0984333388881473
P31;MO_100;100;8;.423076;1.017735;20.817735;7.6;1.015377;.364812;1.13535;0;.116229606706991;.0488878833360113
P31;MO_100;100;9;.508786;1.213425;21.813425;16.3;1.017735;.423076;1.13535;0;.116229606706991;.0556274404409211
P31;MO_100;100;10;.523149;.809840999999999;9.709841;9.6;1.213425;.508786;.97065;0;.116229606706991;.0834041463706768
P31;MO_100;100;11;.394459;1.011097;20.311097;21.2;.809840999999999;.523149;.9153;0;.116229606706991;.0497805214558327
P31;MO_100;100;12;.340703;1.112876;19.412876;13.9;1.011097;.394459;1.593;0;.116229606706991;.0573266938912091
P31;MO_100;100;13;.338266;.910763000000003;34.310763;17.1;1.112876;.340703;.45765;0;.116229606706991;.0265445277331782
P31;MO_100;100;14;.343686;1.31605099999999;11.516051;38.3;.910763000000003;.338266;1.35495;0;.116229606706991;.114279712724439
P31;MO_100;100;15;.420377;1.113689;31.213689;13.8;1.31605099999999;.343686;.76905;0;.116229606706991;.0356795058732084
P31;MO_100;100;16;.456686;1.211121;16.311121;12.2;1.113689;.420377;1.3734;0;.116229606706991;.0742512424498598
P31;MO_100;100;17;.462202;1.21358499999999;16.013585;18.4;1.211121;.456686;.82395;0;.116229606706991;.0757847165391129
P31;MO_100;100;18;.469673;1.52571500000001;11.725715;16.7;1.21358499999999;.462202;1.73925;0;.116229606706991;.130117012054276
P31;MO_100;100;19;.493276;1.319671;16.719671;20.9;1.52571500000001;.469673;.6039;0;.116229606706991;.078929244480947
P31;MO_100;100;20;.393346;1.214252;16.114252;15.4;1.319671;.493276;.7506;0;.116229606706991;.075352675383257
P31;MO_100;100;21;.340457;1.321156;34.421156;13.9;1.214252;.393346;.67725;0;.116229606706991;.0383820926874158
P31;MO_100;100;22;.297166;1.617558;13.317558;26.5;1.321156;.340457;.60435;0;.116229606706991;.121460556056899
P31;MO_100;100;23;.261291;1.521592;10.421592;23.2;1.617558;.297166;.9702;0;.116229606706991;.146003796732783
P31;MO_100;100;24;.063887;1.611996;9.111996;13.3;1.521592;.261291;.82395;0;.116229606706991;.176909208476387
P31;MO_100;100;25;-.214336;1.618778;6.818778;18.9;1.611996;.063887;1.8126;0;.116229606706991;.237400015076015
P31;MO_100;100;26;-.333027;.911476;6.811476;14.7;1.618778;.214336;1.9593;0;.116229606706991;.133814756155641
P31;MO_100;100;27;-.075291;1.314891;10.114891;14.3;.911476;.333027;1.062;0;.116229606706991;.129995567920603
P31;MO_100;100;28;.046494;1.621395;11.821395;12.2;1.314891;.075291;1.20825;0;.116229606706991;.137157670477977
P31;MO_100;100;29;.077854;1.61817199999999;24.018172;15.7;1.621395;.046494;.98865;0;.116229606706991;.0673728208791239
P31;MO_100;100;30;.258616;1.619972;17.119972;8.1;1.61817199999999;.077854;1.20825;0;.116229606706991;.0946246874702832
P31;MO_100;100;31;.353571;1.42145499999999;42.021455;9.4;1.619972;.258616;1.37295;0;.116229606706991;.0338268867653438
P31;MO_100;100;32;.356041;1.52163700000001;10.121637;24.1;1.42145499999999;.353571;1.13535;0;.116229606706991;.150335069317346
P31;MO_100;100;33;.410901;1.83046;17.13046;15.9;1.52163700000001;.356041;.8424;0;.116229606706991;.106854106661467
P31;MO_100;100;34;.500315;1.62439000000001;9.02439000000001;9.5;1.83046;.410901;1.6659;0;.116229606706991;.179999977837838
P31;MO_100;100;35;.619467;.909721000000005;12.809721;9.1;1.62439000000001;.500315;1.04355;0;.116229606706991;.0710180182690946
P31;MO_100;100;36;.460489;1.42787199999999;36.627872;10.5;.909721000000005;.619467;1.04355;0;.116229606706991;.0389832092893628
P31;MO_100;100;37;.332856;1.82717099999999;19.527171;9.5;1.42787199999999;.460489;1.3734;0;.116229606706991;.0935706969534906
P31;MO_100;100;38;.374416;1.62509899999999;19.925099;10.4;1.82717099999999;.332856;1.7397;0;.116229606706991;.0815603977676593
P31;MO_100;100;39;.431899;1.920929;22.620929;9.2;1.62509899999999;.374416;1.20825;0;.116229606706991;.0849182188759798
P31;MO_100;100;40;.346434;1.72731;17.02731;12.5;1.920929;.431899;.97065;0;.116229606706991;.101443504581757
P31;MO_100;100;41;.285224;1.31748999999999;12.41749;33.1;1.72731;.346434;1.57455;0;.116229606706991;.106099541855881
P31;MO_100;100;42;.400365;1.71881900000001;11.518819;10.9;1.31748999999999;.285224;1.062;0;.116229606706991;.149218335664447
P31;MO_100;100;43;.656304;1.727653;28.727653;11.8;1.71881900000001;.400365;.531;0;.116229606706991;.0601390235394447
P31;MO_100;100;44;.744035;.806716999999992;16.306717;8.3;1.727653;.656304;1.9593;0;.116229606706991;.049471454002666
P31;MO_100;100;45;.665511;.711525000000009;8.41152500000001;7.8;.806716999999992;.744035;1.4283;0;.116229606706991;.0845892986111327
P31;MO_100;100;46;.302106;1.91346800000001;15.913468;8.5;.711525000000009;.665511;1.8126;0;.116229606706991;.120242049061839
P31;MO_100;100;47;.2146;1.82453199999999;15.624532;11.7;1.91346800000001;.302106;1.28205;0;.116229606706991;.116773545601237
P31;MO_100;100;48;.171242;1.22045899999999;16.520459;7.3;1.82453199999999;.2146;1.593;0;.116229606706991;.0738756108410783
P31;MO_100;100;49;.162382;1.72047400000001;15.620474;12.4;1.22045899999999;.171242;.8973;0;.116229606706991;.110142240241878
P31;MO_100;100;50;.239375;1.52524600000001;13.025246;11.2;1.72047400000001;.162382;.7506;0;.116229606706991;.117099208721279
P31;MO_100;100;51;.337967;1.723221;15.323221;9.1;1.52524600000001;.239375;.97065;0;.116229606706991;.112458144407106
P31;MO_100;100;52;.348571;1.415115;9.615115;10.6;1.723221;.337967;1.81305;0;.116229606706991;.147176086817474
P31;MO_100;100;53;.472209;1.318977;42.818977;15.3;1.415115;.348571;.3663;0;.116229606706991;.0308035617011588
P31;MO_100;100;54;.497218;1.315078;23.515078;14.9;1.318977;.472209;.60435;0;.116229606706991;.055924883600216
P31;MO_100;100;55;.50174;1.527153;17.027153;17.6;1.315078;.497218;.8973;0;.116229606706991;.0896892745369705
P31;MO_100;100;56;.524029;1.423599;16.823599;25.6;1.527153;.50174;.60435;0;.116229606706991;.0846191709633593
P31;MO_100;100;57;.478779;1.313919;8.313919;33.1;1.423599;.524029;.91575;0;.116229606706991;.15803846537355
P31;MO_100;100;58;.519349;1.51625899999999;14.516259;18.5;1.313919;.478779;1.04355;0;.116229606706991;.104452462580062
P31;MO_100;100;59;.45218;1.41909;16.81909;13.9;1.51625899999999;.519349;.8424;0;.116229606706991;.0843737681408447
P31;MO_100;100;60;.499747;1.62022400000001;21.420224;21.3;1.41909;.45218;1.28205;0;.116229606706991;.0756399186114958
P31;MO_100;100;61;.497565;1.522026;19.522026;39.8;1.62022400000001;.499747;.60435;0;.116229606706991;.0779645514251441
P31;MO_100;100;62;.429791;1.313613;8.513613;17.2;1.522026;.497565;1.4463;0;.116229606706991;.154295596945739
P31;MO_100;100;63;.516505;1.72109999999998;21.2211;12.7;1.313613;.429791;.8424;0;.116229606706991;.0811032415850253
P31;MO_100;100;64;.518289;1.52288800000002;16.522888;34;1.72109999999998;.516505;.8424;0;.116229606706991;.092168390901156
P32;MO_100;100;1;-.379131;.912616;7.912616;4.5;1.116656;.211681;3.62565;0;.207024210191947;.115336824129972
P32;MO_100;100;2;-.264739;.914847;18.914847;6.3;.912616;.379131;2.4903;0;.207024210191947;.0483666085165796
P32;MO_100;100;3;-.119557;.913119;6.313119;8.3;.914847;.264739;.60435;0;.207024210191947;.144638331702602
P32;MO_100;100;4;-.228878;.913659000000001;8.613659;7.4;.913119;.119557;.31095;0;.207024210191947;.106070950800351
P32;MO_100;100;5;-.414136;1.208582;50.408582;12;.913659000000001;.228878;.1647;0;.207024210191947;.0239757190551403
P32;MO_100;100;6;-.448648;.913988;9.513988;10.8;1.208582;.414136;.07335;0;.207024210191947;.0960678108906591
P32;MO_100;100;7;-.169594;1.112492;11.712492;7.6;.913988;.448648;.8973;0;.207024210191947;.094983373307747
P32;MO_100;100;8;.137015;1.423371;8.423371;16.9;1.112492;.169594;.8424;0;.207024210191947;.16897878533428
P32;MO_100;100;9;-.043563;1.416177;7.616177;7.7;1.423371;.137015;.3843;0;.207024210191947;.185943288870519
P32;MO_100;100;10;-.387975;1.215422;25.115422;8.6;1.416177;.043563;.29295;0;.207024210191947;.0483934532336347
P32;MO_100;100;11;-.466866;1.516954;6.916954;15.9;1.215422;.387975;1.593;0;.207024210191947;.219309540008507
P32;MO_100;100;12;.107044;1.516473;10.916473;6.2;1.516954;.466866;2.27025;0;.207024210191947;.138916021685759
P32;MO_100;100;13;.260427;1.317983;43.217983;8.5;1.516473;.107044;1.1349;0;.207024210191947;.0304961710036306
P32;MO_100;100;14;.305062;1.721615;9.521615;39.9;1.317983;.260427;.76905;0;.207024210191947;.180811238429615
P32;MO_100;100;15;.466776;1.724506;14.724506;17.2;1.721615;.305062;.51255;0;.207024210191947;.117118088715506
P32;MO_100;100;16;.228157;1.925159;8.125159;12.1;1.724506;.466776;.38475;0;.207024210191947;.236938009459261
P32;MO_100;100;17;-.271754;1.517238;20.317238;7.4;1.925159;.228157;.531;0;.207024210191947;.0746773749463387
P32;MO_100;100;18;-.45105;2.63979;18.13979;11.3;1.517238;.271754;1.2816;0;.207024210191947;.145524837939138
P32;MO_100;100;19;-.219345;2.42907;19.62907;14.5;2.63979;.45105;.6777;0;.207024210191947;.123748603474337
P32;MO_100;100;20;999;2.633472;11.833472;11.6;2.42907;.219345;.6777;0;.207024210191947;.222544321734145
P32;MO_100;100;21;-.462716;3.549225;14.849225;11.3;2.633472;7.5;.29295;0;.207024210191947;.239017524483601
P32;MO_100;100;22;-.533861;3.133823;9.433823;1000000;3.549225;.462716;.60435;0;.207024210191947;.332190141790873
P32;MO_100;100;23;-.611905;3.754235;24.154235;7.6;3.133823;.533861;.45765;0;.207024210191947;.155427609278456
P32;MO_100;100;24;-.443727;3.35038399999999;12.150384;19.7;3.754235;.611905;.60435;0;.207024210191947;.275743054705101
P32;MO_100;100;25;-1.120902;4.264634;4.264634;9;3.35038399999999;.443727;.29295;1;.207024210191947;1
P32;MO_100;100;26;-1.39223;1.42141700000001;-.504225999999995;-.504226;4.264634;1.120902;.82395;0;.207024210191947;-2.81900774652641
P32;MO_100;100;27;-.717948;1.225731;6.225731;-2.430534;1.42141700000001;1.39223;2.41695;0;.207024210191947;.19688145857892
P32;MO_100;100;28;.168957;1.013328;14.113328;7.2;1.225731;.717948;.7506;0;.207024210191947;.0717993658193163
P32;MO_100;100;29;.551779;1.11189299999999;10.611893;7.4;1.013328;.168957;1.81305;0;.207024210191947;.104778007090723
P32;MO_100;100;30;.230645;2.328682;14.428682;7.9;1.11189299999999;.551779;1.83105;0;.207024210191947;.161392565169847
P32;MO_100;100;31;.058987;2.633949;21.833949;19.3;2.328682;.230645;.23805;0;.207024210191947;.120635483759717
P32;MO_100;100;32;-.12825;2.83873800000001;13.238738;20.4;2.633949;.058987;.4581;0;.207024210191947;.214426631904039
P32;MO_100;100;33;-.210473;2.732163;8.032163;9.7;2.83873800000001;.12825;1.7397;0;.207024210191947;.340152833053811
P32;MO_100;100;34;.802336;2.637055;20.937055;5.7;2.732163;.210473;1.2087;0;.207024210191947;.125951572463271
P32;MO_100;100;35;1.05698;1.82549299999999;9.125493;10.6;2.637055;.802336;0;0;.207024210191947;.200043219582766
P32;MO_100;100;36;-.14795;2.83937800000001;9.23937800000001;6.4;1.82549299999999;1.05698;2.5632;0;.207024210191947;.307312678407573
P32;MO_100;100;37;-.486536;3.338188;9.738188;12.3;2.83937800000001;.14795;.23805;0;.207024210191947;.342793546396927
P32;MO_100;100;38;.480435;2.938012;17.538012;8.5;3.338188;.486536;.8424;0;.207024210191947;.167522521936922
P32;MO_100;100;39;.223653;2.930336;8.430336;8.9;2.938012;.480435;.7506;0;.207024210191947;.347594212140536
P32;MO_100;100;40;-.999973;2.735649;3.235649;6.2;2.930336;.223653;.4581;0;.207024210191947;.845471495826649
P32;MO_100;100;41;-1.498459;.809105000000002;-.202277999999998;-.202278;2.735649;.999973;.67725;0;.207024210191947;-3.99996539416056
P32;MO_100;100;42;-1.067294;1.21591199999999;3.11591199999999;-1.516029;.809105000000002;1.498459;2.1105;0;.207024210191947;.390226681626437
P32;MO_100;100;43;.068626;1.008628;9.508628;4.8;1.21591199999999;1.067294;2.63655;0;.207024210191947;.106075029962262
P32;MO_100;100;44;.446857;1.414406;6.914406;6.7;1.008628;.068626;1.4283;0;.207024210191947;.204559292584208
P32;MO_100;100;45;-.094139;1.72518199999999;9.82518199999999;5.5;1.414406;.446857;2.5632;0;.207024210191947;.175587790638381
P32;MO_100;100;46;-.188566;2.12397799999999;10.623978;9.5;1.72518199999999;.094139;1.4283;0;.207024210191947;.19992304200931
P32;MO_100;100;47;-.357063;2.532951;11.632951;7.6;2.12397799999999;.188566;1.13535;0;.207024210191947;.217739333725381
P32;MO_100;100;48;-.072322;2.53436199999999;14.834362;12.5;2.532951;.357063;.89685;0;.207024210191947;.17084401742387
P32;MO_100;100;49;.104965;3.24144000000001;9.04144000000001;17.1;2.53436199999999;.072322;1.2816;0;.207024210191947;.358509264011043