id;off;OT;TLC;FADE1.TLC.min;last_OT;last_FADE0.off.abs;steer.ampl;true.TLC.1.0;off.sd.avg.100.so
P01;-.876394;3.943231;4.743231;6.9; ; ;1.6479;0;.331582572862225
P01;-1.538491;4.359987;3.854688;5.8;3.943231;.876394;3.09465;1;.331582572862225
P01;-.70614;3.635191;6.135191;9.5;4.359987;1.538491;.7506;0;.331582572862225
P01;-.723187;3.85112;8.45112;5.6;3.635191;.70614;1.30005;0;.331582572862225
P01;-.094034;3.549377;11.349377;14.8;3.85112;.723187;1.4463;0;.331582572862225
P01;.435288;5.665539;8.465539;10.3;3.549377;.094034;2.56365;0;.331582572862225
P01;-1.02245;5.674977;6.574977;5.1;5.665539;.435288;3.0213;0;.331582572862225
P01;.428818;5.269505;9.369505;21.4;5.674977;1.02245;1.7397;0;.331582572862225
P01;.330739;4.654283;10.054283;7.8;5.269505;.428818;2.19735;0;.331582572862225
P01;-.371848;6.390054;22.790054;20;4.654283;.330739;.9891;0;.331582572862225
P01;-.260929;6.881128;14.581128;11.5;6.390054;.371848;1.9593;0;.331582572862225
P01;1.446323;6.171964;3.437458;4.9;6.881128;.260929;2.124;1;.331582572862225
P01;-.146128;6.279152;30.079152;18.7;6.171964;1.446323;1.35495;0;.331582572862225
P01;-.534966;4.151768;10.751768;8.4;6.279152;.146128;1.51965;0;.331582572862225
P01;.953305;5.37733;6.77733;16.1;4.151768;.534966;1.4283;0;.331582572862225
P01;-.886943;4.573036;5.573036;7.6;5.37733;.953305;2.3436;0;.331582572862225
P01;.221679;4.05502;22.55502;20.7;4.573036;.886943;.531;0;.331582572862225
P01;-1.025044;4.654861;5.254861;25.9;4.05502;.221679;1.062;0;.331582572862225
P01;-.658724;5.269018;32.669018;13;4.654861;1.025044;.4581;0;.331582572862225
P01;-.406938;5.878282;18.278282;21.9;5.269018;.658724;1.04355;0;.331582572862225
P01;-.64705;7.694713;13.394713;5.9;5.878282;.406938;2.4903;0;.331582572862225
P01;-.643591;5.879028;9.479028;9.5;7.694713;.64705;2.48985;0;.331582572862225
P01;1.617878;7.393707;4.151476;5.4;5.879028;.643591;1.95885;1;.331582572862225
P01;-.541899;5.375604;14.375604;6.8;7.393707;1.617878;1.95885;0;.331582572862225
P01;-1.013429;6.887617;14.087617;14.1;5.375604;.541899;3.9186;0;.331582572862225
P01;1.092227;6.377903;6.477903;16.7;6.887617;1.013429;2.1969;0;.331582572862225
P01;.821656;5.052093;6.952093;10;6.377903;1.092227;1.7397;0;.331582572862225
P01;-.411601;5.667582;13.367582;12.1;5.052093;.821656;1.062;0;.331582572862225
P01;-.172166;5.476485;31.976485;18.4;5.667582;.411601;1.593;0;.331582572862225
P01;1.504905;5.76309;3.23347;5.6;5.476485;.172166;2.0511;1;.331582572862225
P01;1.63865;5.675014;4.050813;7.1;5.76309;1.504905;2.124;1;.331582572862225
P01;.089905;5.064453;25.464453;19.3;5.675014;1.63865;.8424;0;.331582572862225
P01;.374705;5.570921;8.970921;49.7;5.064453;.089905;2.106;0;.331582572862225
P01;-.502911;6.282248;18.882248;9.2;5.570921;.374705;3.25935;0;.331582572862225
P01;-.88694;5.770393;19.070393;6.6;6.282248;.502911;2.43495;0;.331582572862225
P01;-.149078;6.681276;13.681276;10.7;5.770393;.88694;2.106;0;.331582572862225
P01;.184145;6.600351;14.300351;7.9;6.681276;.149078;4.00995;0;.331582572862225
P01;-1.695297;6.995907;4.964371;10;6.600351;.184145;1.81305;1;.331582572862225
P01;-.621284;6.680914;9.680914;23.8;6.995907;1.695297;1.81305;0;.331582572862225
P01;1.620464;7.495437;4.757099;6.8;6.680914;.621284;1.593;1;.331582572862225
P01;.651467;6.992062;3.440752;5.5;7.495437;1.620464;2.80125;1;.331582572862225
P01;-.999469;3.749273;4.549273;5.4;6.992062;.651467;1.1349;0;.331582572862225
P01;-1.834525;6.775482;5.160602;7.5;3.749273;.999469;.98865;1;.331582572862225
P01;1.652524;4.75468;3.238853;5.2;6.775482;1.834525;1.7397;1;.331582572862225
P01;-1.035279;4.259407;4.859407;9.2;4.75468;1.652524;.82395;0;.331582572862225
P01;-.107466;3.347786;11.447786;13.5;4.259407;1.035279;1.1349;0;.331582572862225
P01;-.742019;4.446606;7.046606;6.2;3.347786;.107466;2.41695;0;.331582572862225
P01;.562846;5.6844;3.14471;4.7;4.446606;.742019;3.6252;1;.331582572862225
P01;.652849;4.967548;2.735748;4.2;5.6844;.562846;2.0322;1;.331582572862225
P01;.129151;2.642031;18.042031;14.6;4.967548;.652849;.67725;0;.331582572862225
P01;.226686;3.94253;13.44253;12.5;2.642031;.129151;.6039;0;.331582572862225
P01;-.614566;4.052719;7.952719;9.7;3.94253;.226686;1.2087;0;.331582572862225
P01;-.053251;3.841803;16.741803;25.8;4.052719;.614566;.76905;0;.331582572862225
P01;-1.452431;4.554197;3.846134;5.5;3.841803;.053251;1.30005;1;.331582572862225
P01;-1.110391;3.339813;3.339813;5.5;4.554197;1.452431;.98865;1;.331582572862225
P01;.138879;4.755122;11.055122;16.5;3.339813;1.110391;1.4283;0;.331582572862225
P01;-.022333;4.361072;14.061072;48.1;4.755122;.138879;1.30005;0;.331582572862225
P01;-.648205;4.663824;2.330515;3.9;4.361072;.022333;1.66635;1;.331582572862225
P01;-.453493;3.548008;8.348008;8.2;4.663824;.648205;1.95885;0;.331582572862225
P01;-.717083;5.06607;8.16607;9.9;3.548008;.453493;1.1349;0;.331582572862225
P01;-.376304;5.870577;13.670577;8.3;5.06607;.717083;2.58165;0;.331582572862225
P02;-1.216334;6.979558;6.877647;14.1; ; ;5.07195;1;.342910286194202
P02;.990694;5.159826;5.859826;35.8;6.979558;1.216334;1.66635;0;.342910286194202
P02;-1.563548;5.970692;5.465105;15.7;5.159826;.990694;3.47895;1;.342910286194202
P02;-1.154696;4.255423;4.255423;6.1;5.970692;1.563548;1.20825;1;.342910286194202
P02;-.783605;4.262643;5.262643;8.1;4.255423;1.154696;2.94795;0;.342910286194202
P02;.200334;3.14789;13.44789;6;4.262643;.783605;2.56365;0;.342910286194202
P02;-.943246;6.377825;6.577825;9;3.14789;.200334;11.835;0;.342910286194202
P02;.193086;3.851776;9.251776;8.3;6.377825;.943246;3.0942;0;.342910286194202
P02;1.799553;7.092571;5.4732;14.2;3.851776;.193086;2.41695;1;.342910286194202
P02;.014236;6.96941;30.16941;16.4;7.092571;1.799553;2.19735;0;.342910286194202
P02;-1.199099;8.60807;8.60807;7.1;6.96941;.014236;6.81165;1;.342910286194202
P02;-1.694546;5.783335;4.770935;8.6;7.193457;.597394;1.2816;1;.342910286194202
P02;.675219;5.877972;7.777972;2.9;5.783335;1.694546;7.164;0;.342910286194202
P02;1.102035;5.671081;5.771081;13.3;5.877972;.675219;4.4496;0;.342910286194202
P02;1.454625;6.029291;4.003399;12.8;5.671081;1.102035;2.0322;1;.342910286194202
P02;-.708252;6.07053;8.87053;17.1;6.029291;1.454625;1.5012;0;.342910286194202
P02;.682793;4.758622;8.958622;15.5;6.07053;.708252;1.9593;0;.342910286194202
P02;-.377629;5.05924;10.55924;13.9;4.758622;.682793;2.05065;0;.342910286194202
P02;-.315234;6.372923;13.872923;27.7;5.05924;.377629;1.8126;0;.342910286194202
P02;.348501;6.402695;3.871086;14.7;6.372923;.315234;2.34405;1;.342910286194202
P02;.447962;4.34622;21.24622;6.9;6.402695;.348501;3.47895;0;.342910286194202
P02;.683441;6.401859;7.801859;13.4;4.34622;.447962;2.94795;0;.342910286194202
P02;-.398917;4.96373;19.36373;10.5;6.401859;.683441;2.34405;0;.342910286194202
P02;-.405592;4.075323;6.975323;6.3;4.96373;.398917;2.05065;0;.342910286194202
P02;-.3291;4.36031;6.76031;6.4;3.372355;1.261599;3.5523;0;.342910286194202
P02;1.518175;6.979065;5.968309;10.2;4.36031;.3291;2.41695;1;.342910286194202
P02;-1.078911;3.472549;3.672549;4.4;6.979065;1.518175;1.72125;0;.342910286194202
P02;.537706;3.858271;5.758271;15.6;3.472549;1.078911;3.8502;0;.342910286194202
P02;-.905223;4.588854;5.388854;7;3.858271;.537706;1.8126;0;.342910286194202
P02;1.406613;4.692206;3.577189;7.7;4.588854;.905223;4.37625;1;.342910286194202
P02;.846159;3.547924;4.247924;9.5;4.692206;1.406613;.98865;0;.342910286194202
P02;-1.207326;3.541349;3.440006;6.6;3.547924;.846159;.7506;1;.342910286194202
P02;-.790984;3.986002;5.786002;13;3.541349;1.207326;2.5083;0;.342910286194202
P02;1.033094;4.672432;5.172432;7.2;3.986002;.790984;1.44675;0;.342910286194202
P02;.96934;4.788605;2.656046;3.6;4.672432;1.033094;3.2409;1;.342910286194202
P02;.854784;3.649631;5.249631;4;4.788605;.96934;6.5052;0;.342910286194202
P02;-.623546;4.593818;15.893818;9.2;3.649631;.854784;1.73925;0;.342910286194202
P02;.069716;4.246757;9.146757;6.9;4.593818;.623546;3.11265;0;.342910286194202
P02;-.83076;4.781129;7.881129;12.4;4.246757;.069716;1.51965;0;.342910286194202
P02;-1.078931;5.676584;5.976584;5.7;4.781129;.83076;3.7719;0;.342910286194202
P02;-.554899;4.361174;7.861174;9.3;5.676584;1.078931;.4392;0;.342910286194202
P02;-.932665;6.710382;8.010382;13.6;4.361174;.554899;0;0;.342910286194202
P02;-1.040212;6.590923;6.890923;25.8;6.710382;.932665;1.20825;0;.342910286194202
P02;.59104;5.966432;10.366432;6.9;6.590923;1.040212;1.1349;0;.342910286194202
P02;-.650968;6.405053;10.505053;17.7;5.966432;.59104;.8973;0;.342910286194202
P02;.70455;7.083973;13.083973;7.3;6.405053;.650968;2.7099;0;.342910286194202
P02;.8424;6.78122;21.28122;13.1;7.083973;.70455;.531;0;.342910286194202
P02;.814145;7.293795;9.193795;16;6.78122;.8424;.6039;0;.342910286194202
P03;-.442625;1.31604;3.71604;4.6;2.23313;.324842;.2196;0;.185070350916283
P03;-.032698;1.136696;12.936696;10.7;1.31604;.442625;1.13535;0;.185070350916283
P03;-.21192;1.518736;8.018736;8.5;1.136696;.032698;.1467;0;.185070350916283
P03;.273339;1.515695;6.115695;26.9;1.518736;.21192;2.80125;0;.185070350916283
P03;-.30945;1.948961;5.148961;8.1;1.515695;.273339;.8973;0;.185070350916283
P03;-.580529;2.322512;3.722512;7.5;1.948961;.30945;2.03265;0;.185070350916283
P03;-.42244;2.425913;5.525913;5.8;2.322512;.580529;1.5012;0;.185070350916283
P03;-.706099;2.642648;5.442648;5;2.425913;.42244;2.94795;0;.185070350916283
P03;-.856314;2.027197;3.827197;3.6;2.642648;.706099;3.31425;0;.185070350916283
P03;-.431442;2.22715;5.52715;6.4;2.027197;.856314;.6777;0;.185070350916283
P03;-.149433;2.227757;9.327757;9.7;2.22715;.431442;.3843;0;.185070350916283
P03;.319642;2.239918;6.739918;6.4;2.227757;.149433;4.54095;0;.185070350916283
P03;.271456;2.626821;10.926821;6.1;2.239918;.319642;2.5632;0;.185070350916283
P03;-1.4683;3.370272;2.762497;4.6;2.626821;.271456;.67725;1;.185070350916283
P03;-.650215;2.024355;9.124355;4.3;3.370272;1.4683;4.0833;0;.185070350916283
P03;-.453;2.538951;10.338951;8.3;2.024355;.650215;.531;0;.185070350916283
P03;-.041949;2.436608;7.936608;12;2.538951;.453;.45765;0;.185070350916283
P03;.016523;2.735126;9.235126;9.2;2.436608;.041949;1.88595;0;.185070350916283
P03;-1.137641;3.744051;3.744051;5.5;2.735126;.016523;1.062;1;.185070350916283
P03;-.10972;3.56617;7.16617;8.4;3.744051;1.137641;3.93705;0;.185070350916283
P03;-.577615;3.950121;7.450121;23;3.56617;.10972;3.0942;0;.185070350916283
P03;.990398;3.745655;4.545655;7.4;3.950121;.577615;2.58165;0;.185070350916283
P03;-.043742;2.835479;9.235479;11.4;3.745655;.990398;2.1789;0;.185070350916283
P03;-.127955;3.44384;17.24384;28.4;2.835479;.043742;3.69855;0;.185070350916283
P03;-.410004;3.449531;11.149531;3.9;3.44384;.127955;3.8637;0;.185070350916283
P03;-.276697;5.073376;12.273376;7.4;3.449531;.410004;3.38715;0;.185070350916283
P03;-.562692;4.677063;7.977063;9.5;5.073376;.276697;8.1531;0;.185070350916283
P03;-1.458301;4.662024;3.342152;6;4.677063;.562692;4.98015;1;.185070350916283
P03;-.517909;4.150436;13.050436;4.4;4.662024;1.458301;4.46805;0;.185070350916283
P03;-1.356578;4.769959;3.553261;19.8;4.150436;.517909;5.571;1;.185070350916283
P03;-.261532;1.928246;5.428246;4.6;4.769959;1.356578;2.3436;0;.185070350916283
P03;-.210424;2.843659;10.143659;8.5;1.928246;.261532;1.20825;0;.185070350916283
P03;-.449495;3.661118;8.661118;6;2.843659;.210424;2.5083;0;.185070350916283
P03;-.385659;4.15021;16.15021;4.2;3.661118;.449495;6.0426;0;.185070350916283
P03;-.476356;4.453356;11.753356;5.9;4.15021;.385659;2.72835;0;.185070350916283
P03;-.907578;3.234547;4.234547;4.8;4.453356;.476356;2.8746;0;.185070350916283
P03;-.226577;2.025205;8.425205;6.1;3.234547;.907578;3.25935;0;.185070350916283
P03;-.011274;1.519842;6.719842;4.2;2.025205;.226577;5.43825;0;.185070350916283
P03;-.578875;2.844541;5.844541;5.7;1.519842;.011274;1.2087;0;.185070350916283
P03;-.743519;2.8325;4.8325;3.5;2.844541;.578875;4.76055;0;.185070350916283
P03;-.167569;2.536218;11.236218;7.3;2.8325;.743519;1.28205;0;.185070350916283
P03;-.324224;2.324615;7.124615;18.5;2.536218;.167569;1.8126;0;.185070350916283
P03;.245482;2.84096;6.34096;9.6;2.324615;.324224;2.10555;0;.185070350916283
P03;-.402061;2.136976;15.736976;22.8;2.84096;.245482;1.2816;0;.185070350916283
P03;-.429961;2.531954;6.631954;5.1;2.136976;.402061;1.9593;0;.185070350916283
P03;-.467762;2.455265;4.655265;4.9;2.531954;.429961;1.7397;0;.185070350916283
P03;-.216902;2.330732;22.330732;11.9;2.455265;.467762;1.35495;0;.185070350916283
P03;-1.017543;4.557823;6.357823;6.8;2.330732;.216902;1.88595;0;.185070350916283
P04;.809309;4.35449;7.15449;9.6; ; ;.531;0;.102774699023234
P04;.362017;3.468637;16.168637;11.2;4.35449;.809309;1.04355;0;.102774699023234
P04;.345196;4.381275;16.481275;17.5;3.468637;.362017;1.062;0;.102774699023234
P04;.459714;4.683025;15.083025;8.3;4.381275;.345196;1.20825;0;.102774699023234
P04;.146329;3.241103;10.641103;17.7;4.683025;.459714;.91575;0;.102774699023234
P04;.67803;4.462458;12.662458;7.7;3.241103;.146329;2.124;0;.102774699023234
P04;.131835;4.289526;10.789526;7.4;4.462458;.67803;2.5632;0;.102774699023234
P04;.110097;4.37909;16.57909;8.5;4.289526;.131835;1.73925;0;.102774699023234
P04;.716347;5.067837;13.167837;24.9;4.37909;.110097;.29295;0;.102774699023234
P04;.125389;3.95021;17.15021;14.8;5.067837;.716347;.82395;0;.102774699023234
P04;.517513;5.200077;17.600077;9.3;3.95021;.125389;1.4283;0;.102774699023234
P04;1.148823;4.758326;4.656416;11.4;5.200077;.517513;1.593;1;.102774699023234
P04;.637564;4.250179;8.650179;12.2;4.758326;1.148823;1.7397;0;.102774699023234
P04;.412139;3.793041;17.693041;13;4.250179;.637564;1.83105;0;.102774699023234
P04;.401781;2.938236;9.338236;9.3;3.793041;.412139;2.8746;0;.102774699023234
P04;1.203452;3.455231;3.354618;6.4;2.938236;.401781;1.20825;1;.102774699023234
P04;.032818;3.345781;12.045781;19.7;3.455231;1.203452;.60435;0;.102774699023234
P04;.115183;2.431141;8.031141;11.8;3.345781;.032818;1.83105;0;.102774699023234
P04;-.062065;3.758505;9.858505;12.7;2.431141;.115183;1.35495;0;.102774699023234
P04;.49682;3.543001;17.443001;8.2;3.758505;.062065;1.66635;0;.102774699023234
P04;.291147;2.544894;22.444894;10;3.543001;.49682;.84195;0;.102774699023234
P04;-.099087;3.433342;9.133342;8.6;2.544894;.291147;1.88595;0;.102774699023234
P04;-.019794;4.153993;8.153993;11;3.433342;.099087;1.9773;0;.102774699023234
P04;.305748;3.77829;12.37829;24.4;4.153993;.019794;1.51965;0;.102774699023234
P04;.53771;5.182014;56.282014;7.5;3.77829;.305748;2.4903;0;.102774699023234
P04;.220016;3.649142;11.049142;8.7;5.182014;.53771;2.10555;0;.102774699023234
P04;.023483;3.846308;10.046308;12;3.649142;.220016;.98865;0;.102774699023234
P04;-.489572;4.449527;6.749527;9.8;3.846308;.023483;2.19735;0;.102774699023234
P04;.343806;3.437453;13.937453;9.1;4.449527;.489572;1.5201;0;.102774699023234
P04;.043097;3.14196;7.74196;9.1;3.437453;.343806;2.4903;0;.102774699023234
P04;.029256;3.475836;11.175836;24.7;3.14196;.043097;.9153;0;.102774699023234
P04;.323296;3.645422;18.945422;13.8;3.475836;.029256;1.1349;0;.102774699023234
P04;-.062568;3.749523;7.649523;44.8;3.645422;.323296;3.0942;0;.102774699023234
P04;.519372;3.847797;18.447797;9.5;3.749523;.062568;1.593;0;.102774699023234
P04;-.081013;4.75964;9.35964;48.8;3.847797;.519372;1.73925;0;.102774699023234
P04;.463644;3.136673;22.336673;9.4;4.75964;.081013;1.2087;0;.102774699023234
P04;.362333;3.649468;24.549468;16.2;3.136673;.463644;.531;0;.102774699023234
P04;.003728;3.136147;7.636147;10.6;3.649468;.362333;1.04355;0;.102774699023234
P04;.979348;4.261179;5.961179;45.8;3.136147;.003728;1.2816;0;.102774699023234
P04;.364265;2.941154;13.541154;7.9;4.261179;.979348;1.593;0;.102774699023234
P04;.702814;3.345287;22.745287;7.1;2.941154;.364265;1.57455;0;.102774699023234
P04;.500364;3.441096;12.541096;15.9;3.345287;.702814;2.3436;0;.102774699023234
P04;.279468;4.061762;12.361762;7.9;3.441096;.500364;1.7397;0;.102774699023234
P04;-.065354;4.048178;11.748178;9.1;4.061762;.279468;2.05065;0;.102774699023234
P04;.393332;3.762802;23.662802;36.8;4.048178;.065354;.6777;0;.102774699023234
P04;.504375;3.840471;19.640471;10.1;3.762802;.393332;1.7397;0;.102774699023234
P04;.331558;3.235371;23.635371;9.5;3.840471;.504375;1.4463;0;.102774699023234
P04;1.078992;3.851588;4.251588;11.2;3.235371;.331558;1.7397;0;.102774699023234
P04;.014915;3.055338;12.655338;12.6;3.851588;1.078992;1.35495;0;.102774699023234
P04;.120953;4.150047;11.550047;33.4;3.055338;.014915;.76905;0;.102774699023234
P05;.554824;3.846516;26.146516;9.6; ; ;2.4354;0;.466103540788638
P05;.175724;7.101074;19.201074;44.3;3.846516;.554824;1.73925;0;.466103540788638
P05;1.675241;11.544157;7.084421;46.6;7.101074;.175724;2.63655;1;.466103540788638
P05;.068488;9.720501;32.720501;12.2;11.544157;1.675241;1.9593;0;.466103540788638
P05;1.085086;15.801312;15.901312;9.3;9.720501;.068488;2.41695;0;.466103540788638
P05;-1.135602;14.700672;6.482983;16.6;15.801312;1.085086;1.2087;1;.466103540788638
P05;-.78877;8.211612;21.611612;10.7;14.700672;1.135602;.76905;0;.466103540788638
P05;2.356599;12.354136;5.564694;11.4;8.211612;.78877;1.28205;1;.466103540788638
P05;-.839763;9.427502;5.375969;10;12.354136;2.356599;1.73925;1;.466103540788638
P05;1.597544;6.36903;5.761049;7.1;9.427502;.839763;4.4676;1;.466103540788638
P05;-.581444;9.54228;5.081812;10;6.36903;1.597544;2.4903;1;.466103540788638
P05;1.875102;9.435072;7.814665;35.9;9.54228;.581444;1.5201;1;.466103540788638
P05;-.559048;6.677605;20.477605;14.7;9.435072;1.875102;1.20825;0;.466103540788638
P05;-.746715;7.604621;9.604621;13.5;6.677605;.559048;.531;0;.466103540788638
P05;.526529;12.587948;5.783778;15.6;7.604621;.746715;1.1349;1;.466103540788638
P05;1.594928;7.399879;4.756113;7.8;12.587948;.526529;1.2816;1;.466103540788638
P05;.126793;4.35914;31.05914;11.1;7.399879;1.594928;.82395;0;.466103540788638
P05;-1.82625;10.757702;8.836542;37.7;4.35914;.126793;1.4283;1;.466103540788638
P05;1.369256;10.335467;6.382842;13.4;10.757702;1.82625;.45765;1;.466103540788638
P05;-1.132733;6.089619;6.089619;8;10.335467;1.369256;.531;1;.466103540788638
P05;1.370091;6.687617;3.94851;7.1;6.089619;1.132733;1.2816;1;.466103540788638
P05;-.569927;4.867045;10.767045;12.7;6.687617;1.370091;.3114;0;.466103540788638
P05;.451506;7.707262;10.707262;26.4;4.867045;.569927;.4581;0;.466103540788638
P05;.155597;7.50823;20.30823;16.1;7.707262;.451506;.60435;0;.466103540788638
P05;1.675622;13.892103;10.028586;18.5;7.50823;.155597;.38475;1;.466103540788638
P05;-.158067;5.465131;32.365131;17.4;13.892103;1.675622;.7506;0;.466103540788638
P05;.279277;12.576423;3.948284;6.5;5.465131;.158067;.38475;1;.466103540788638
P05;-.464916;5.589773;17.389773;39;12.576423;.279277;1.13535;0;.466103540788638
P05;-.210571;7.185659;18.385659;29.7;5.589773;.464916;.45765;0;.466103540788638
P05;.984185;10.647751;11.747751;40.9;7.185659;.210571;.4581;0;.466103540788638
P05;1.05977;10.539682;10.939682;24.7;10.647751;.984185;.60435;0;.466103540788638
P05;.047506;11.462706;4.471914;7.9;10.539682;1.05977;.2196;1;.466103540788638
P05;1.638107;7.294019;5.777063;12.2;11.462706;.047506;.07335;1;.466103540788638
P05;.806771;7.193608;10.993608;10.8;7.294019;1.638107;1.6659;0;.466103540788638
P05;-1.78288;9.531025;8.011946;14.2;7.193608;.806771;.531;1;.466103540788638
P05;-1.363737;6.397611;5.794737;10.9;9.531025;1.78288;.29295;1;.466103540788638
P05;-1.019151;7.081865;8.281865;9.5;6.397611;1.363737;.8973;0;.466103540788638
P05;1.738673;8.012329;6.695324;23.4;7.081865;1.019151;.82395;1;.466103540788638
P05;1.116642;5.765814;5.865814;18.8;8.012329;1.738673;.98865;0;.466103540788638
P05;.884935;4.044983;5.444983;10.1;5.765814;1.116642;.98865;0;.466103540788638
P05;-.12531;4.048929;20.048929;14.7;4.044983;.884935;.98865;0;.466103540788638
P05;-1.497612;5.581869;4.670372;7.5;4.048929;.12531;.4581;1;.466103540788638
P05;.832043;3.876213;6.176213;7.7;5.581869;1.497612;.60435;0;.466103540788638
P05;.327248;4.888763;22.888763;25.9;3.876213;.832043;.45765;0;.466103540788638
P05;.491427;4.976231;9.176231;8.6;4.888763;.327248;.7506;0;.466103540788638
P05;-1.371212;6.881662;5.671543;8.6;4.976231;.491427;.531;1;.466103540788638
P05;.162621;5.762346;17.662346;25.9;6.881662;1.371212;.38475;0;.466103540788638
P05;-1.628998;8.10965;6.488441;12.2;5.762346;.162621;.4581;1;.466103540788638
P05;.286512;2.838476;33.738476;8.3;8.10965;1.628998;3.5523;0;.466103540788638
P05;1.692748;8.207418;3.958524;6.6;2.838476;.286512;.2196;1;.466103540788638
P06;.30644;4.756636;10.856636;17.6; ; ;.3114;0;.444779851807682
P06;-.032239;5.68149;12.68149;10;4.756636;.30644;1.5201;0;.444779851807682
P06;-.564155;7.019364;8.419364;6.5;5.68149;.032239;1.593;0;.444779851807682
P06;.356246;9.330942;37.830942;16.9;7.019364;.564155;.6039;0;.444779851807682
P06;.788021;11.478291;4.588015;8.4;9.330942;.356246;.531;1;.444779851807682
P06;1.011547;6.008384;32.608384;11.5;11.478291;.788021;.38475;0;.444779851807682
P06;-.106625;7.095749;13.095749;18.3;6.008384;1.011547;.60435;0;.444779851807682
P06;-1.696633;9.738549;7.112711;6.1;7.095749;.106625;1.88595;1;.444779851807682
P06;-1.081739;7.610722;7.710722;12.8;9.738549;1.696633;1.8126;0;.444779851807682
P06;-1.63043;8.821895;7.60329;12.9;7.610722;1.081739;.69615;1;.444779851807682
P06;-1.691137;8.193941;6.372332;16.2;8.821895;1.63043;1.062;1;.444779851807682
P06;.824009;7.420269;18.020269;54.3;8.193941;1.691137;.1647;0;.444779851807682
P06;-.298909;6.687083;11.987083;17.4;7.420269;.824009;.2196;0;.444779851807682
P06;1.747308;10.171341;7.838123;10.8;6.687083;.298909;1.062;1;.444779851807682
P06;.998018;10.355295;6.809906;12;10.171341;1.747308;0;1;.444779851807682
P06;.274156;7.596567;30.296567;15.6;10.355295;.998018;.31095;0;.444779851807682
P06;-1.373919;8.402973;5.256912;10.5;7.596567;.274156;.07335;1;.444779851807682
P06;-1.255179;7.4144;7.008974;11.4;8.402973;1.373919;.07335;1;.444779851807682
P06;-1.660718;8.309429;6.684771;18.1;7.4144;1.255179;1.2087;1;.444779851807682
P06;1.246348;7.493999;7.090103;14.8;8.309429;1.660718;0;1;.444779851807682
P06;-1.871595;8.008969;6.283179;11.3;7.493999;1.246348;.1467;1;.444779851807682
P06;1.791244;9.338057;5.893893;8.2;8.008969;1.871595;.23805;1;.444779851807682
P06;-.67936;8.600785;5.866744;11.4;9.338057;1.791244;.60435;1;.444779851807682
P06;1.558901;6.9875;5.369954;11.6;8.600785;.67936;.07335;1;.444779851807682
P06;-1.013398;9.227295;4.774563;9.3;6.9875;1.558901;.14625;1;.444779851807682
P06;1.000699;6.48382;7.18382;14.4;9.227295;1.013398;1.9593;0;.444779851807682
P06;.499723;6.788683;15.488683;20.2;6.48382;1.000699;.76905;0;.444779851807682
P06;.636859;7.712436;13.712436;13.1;6.788683;.499723;.3843;0;.444779851807682
P06;-1.453592;6.996436;4.970778;9.6;7.712436;.636859;.45765;1;.444779851807682
P06;-.182123;5.16312;12.86312;13.7;6.996436;1.453592;.67725;0;.444779851807682
P06;.896047;9.126528;11.426528;46;5.16312;.182123;.4581;0;.444779851807682
P06;.750417;8.605497;29.705497;12.1;9.126528;.896047;.38475;0;.444779851807682
P06;.392214;6.67652;20.47652;20.8;8.605497;.750417;.07335;0;.444779851807682
P06;1.826836;8.400194;6.277571;21.2;6.67652;.392214;.531;1;.444779851807682
P06;.542552;8.422341;28.722341;8.5;8.400194;1.826836;1.9593;0;.444779851807682
P06;-1.703827;11.18395;4.801348;10.9;8.422341;.542552;.6777;1;.444779851807682
P06;1.659566;6.494391;5.275969;12.6;11.18395;1.703827;.23805;1;.444779851807682
P06;1.830442;6.994061;5.076903;9.1;6.494391;1.659566;0;1;.444779851807682
P06;.055836;6.184229;19.484229;35.6;6.994061;1.830442;1.50165;0;.444779851807682
P06;1.586251;10.427881;9.115854;24.8;6.184229;.055836;1.7397;1;.444779851807682
P06;1.801141;7.499148;5.075489;9;10.427881;1.586251;0;1;.444779851807682
P06;.264843;6.498526;24.898526;34.3;7.499148;1.801141;.07335;0;.444779851807682
P06;-1.115309;9.522289;6.181276;12.9;6.498526;.264843;0;1;.444779851807682
P06;.681329;6.490673;13.090673;19.4;9.522289;1.115309;0;0;.444779851807682
P06;-.21199;5.876533;10.876533;15.9;6.490673;.681329;0;0;.444779851807682
P06;.717784;8.531507;16.331507;23.5;5.876533;.21199;0;0;.444779851807682
P06;-.958064;9.940754;11.140754;20.1;8.531507;.717784;.14625;0;.444779851807682
P06;.712249;11.044296;5.877008;10.7;9.940754;.958064;2.94795;1;.444779851807682
P06;-.689992;7.281843;9.881843;16;11.044296;.712249;0;0;.444779851807682
P06;1.352486;9.213244;6.077149;10.6;7.281843;.689992;0;1;.444779851807682
P07;-.255117;2.939789;8.339789;25.7; ; ;.82395;0;.137101760337924
P07;.117447;3.850508;14.450508;12;2.939789;.255117;1.22715;0;.137101760337924
P07;.538467;5.263613;20.563613;11.3;3.850508;.117447;1.062;0;.137101760337924
P07;-.678148;5.094309;6.894309;9.4;5.263613;.538467;1.88595;0;.137101760337924
P07;-.377523;3.587517;8.087517;8.6;5.094309;.678148;.4392;0;.137101760337924
P07;.290868;4.75395;20.25395;11.7;3.587517;.377523;.76905;0;.137101760337924
P07;.445274;5.091963;9.391963;23.5;4.75395;.290868;.9153;0;.137101760337924
P07;-.549091;3.696926;6.196926;6.9;5.091963;.445274;1.13535;0;.137101760337924
P07;.007889;5.564508;12.964508;8.4;3.696926;.549091;1.73925;0;.137101760337924
P07;-.020472;5.259508;24.459508;23.2;5.564508;.007889;.67725;0;.137101760337924
P07;-.386362;5.162937;22.162937;8.9;5.259508;.020472;1.22715;0;.137101760337924
P07;.563422;6.783176;14.483176;49.1;5.162937;.386362;.8424;0;.137101760337924
P07;-.313172;5.978701;23.278701;18.1;6.783176;.563422;.67725;0;.137101760337924
P07;-.884464;5.272488;17.772488;9.1;5.978701;.313172;1.593;0;.137101760337924
P07;-.359956;4.159975;9.359975;6;5.272488;.884464;4.46805;0;.137101760337924
P07;.245476;3.548823;7.548823;32.2;4.159975;.359956;1.35495;0;.137101760337924
P07;.17513;3.841074;16.441074;26.4;3.548823;.245476;.1467;0;.137101760337924
P07;-.213399;5.591044;22.091044;28.5;3.841074;.17513;.45765;0;.137101760337924
P07;.361274;5.382822;12.682822;18.7;5.591044;.213399;.31095;0;.137101760337924
P07;-.722673;3.447969;5.147969;7.4;5.382822;.361274;2.124;0;.137101760337924
P07;-.461528;4.6639;10.5639;9.5;3.447969;.722673;1.4463;0;.137101760337924
P07;.294988;3.79444;8.29444;8.8;4.6639;.461528;1.51965;0;.137101760337924
P07;.517088;4.068266;7.268266;19.5;3.79444;.294988;.76905;0;.137101760337924
P07;-.022026;4.463327;21.563327;12.9;4.068266;.517088;.7506;0;.137101760337924
P07;.223511;3.549773;7.349773;46.2;4.463327;.022026;1.7397;0;.137101760337924
P07;-.254936;4.56603;24.26603;9.2;3.549773;.223511;.8424;0;.137101760337924
P07;1.039222;4.962795;5.262795;31.9;4.56603;.254936;1.4283;0;.137101760337924
P07;-.219569;2.343561;10.243561;23.5;4.962795;1.039222;.6777;0;.137101760337924
P07;-.408179;3.349638;29.549638;7.6;2.343561;.219569;.75105;0;.137101760337924
P07;.230714;3.241952;8.841952;18.5;3.349638;.408179;.6039;0;.137101760337924
P07;.440186;2.344104;10.444104;13.3;3.241952;.230714;.531;0;.137101760337924
P07;-.244738;4.148251;11.648251;7.1;2.344104;.440186;1.13535;0;.137101760337924
P07;-.035601;3.352197;34.752197;11.5;4.148251;.244738;.89685;0;.137101760337924
P07;.173027;4.045658;15.345658;12.3;3.352197;.035601;1.2816;0;.137101760337924
P07;.044605;2.223446;11.423446;14.5;4.045658;.173027;.82395;0;.137101760337924
P07;-.215449;3.17421;12.57421;24.3;2.223446;.044605;.45765;0;.137101760337924
P07;.50463;3.559411;6.259411;17.7;3.17421;.215449;.9153;0;.137101760337924
P07;.187719;4.365213;11.765213;17.5;3.559411;.50463;2.2707;0;.137101760337924
P07;.613954;4.775841;10.375841;16.9;4.365213;.187719;.3663;0;.137101760337924
P07;-.476102;3.240727;8.240727;10;4.775841;.613954;.23805;0;.137101760337924
P07;-.095546;3.135441;17.035441;19.7;3.240727;.476102;0;0;.137101760337924
P07;.924361;3.647716;4.747716;10.4;3.135441;.095546;.531;0;.137101760337924
P07;-.26738;3.057085;12.957085;7.8;3.647716;.924361;.9891;0;.137101760337924
P07;-.051316;3.843445;16.943445;25;3.057085;.26738;.4581;0;.137101760337924
P07;.272912;3.166612;7.366612;7.5;3.843445;.051316;.9702;0;.137101760337924
P07;.161813;3.543472;14.043472;11.4;3.166612;.272912;1.062;0;.137101760337924
P07;.974861;3.345257;4.345257;5.1;3.543472;.161813;1.35495;0;.137101760337924
P07;-.331811;3.354237;20.054237;10.7;3.345257;.974861;.69615;0;.137101760337924
P07;-.54531;5.259182;9.459182;10.9;3.354237;.331811;.531;0;.137101760337924
P07;-.186992;2.835268;8.335268;15.2;5.259182;.54531;.98865;0;.137101760337924
P08;-1.451162;8.919151;8.112911;14.9; ; ;4.248;1;.505669432126653
P08;-1.794155;9.619244;3.040934;5.8;8.919151;1.451162;4.1562;1;.505669432126653
P08;.811948;9.431656;9.731656;14.9;9.619244;1.794155;11.32065;0;.505669432126653
P08;.621868;10.47069;5.500032;16.2;9.431656;.811948;3.7899;1;.505669432126653
P08;-.329068;9.924235;4.757836;21;10.47069;.621868;4.0833;1;.505669432126653
P08;.055089;10.511938;17.511938;12.1;9.924235;.329068;5.3649;0;.505669432126653
P08;-.138287;8.403858;5.362808;7.9;10.511938;.055089;4.76055;1;.505669432126653
P08;.078377;10.438549;7.302763;16;8.403858;.138287;2.94795;1;.505669432126653
P08;.613971;11.052026;7.303836;8.4;10.438549;.078377;6.71985;1;.505669432126653
P08;-1.073742;10.862932;8.731436;12.2;11.052026;.613971;2.8746;1;.505669432126653
P08;1.118207;13.257689;6.676897;34.1;10.862932;1.073742;3.02085;1;.505669432126653
P08;-1.692161;8.913714;7.691366;12.7;13.257689;1.118207;2.8017;1;.505669432126653
P08;-1.469029;11.870857;10.346153;17;8.913714;1.692161;3.4056;1;.505669432126653
P08;-.207728;10.433167;13.833167;8.9;11.870857;1.469029;3.62565;0;.505669432126653
P08;.177828;10.787315;7.641054;12;10.433167;.207728;3.2409;1;.505669432126653
P08;-1.632609;11.8461;8.90835;14.3;10.787315;.177828;2.41695;1;.505669432126653
P08;-1.675898;6.890506;5.266544;8.6;11.8461;1.632609;2.7099;1;.505669432126653
P08;1.602869;3.874969;3.063337;5.1;6.890506;1.675898;2.3436;1;.505669432126653
P08;.161391;5.67724;21.27724;12.6;3.874969;1.602869;2.2707;0;.505669432126653
P08;.752888;6.57658;8.77658;9.9;5.67724;.161391;2.63655;0;.505669432126653
P08;-1.103052;6.184279;6.284279;20.1;6.57658;.752888;1.35495;0;.505669432126653
P08;-.369736;5.876831;29.576831;9.5;6.184279;1.103052;3.25935;0;.505669432126653
P08;1.063943;6.379426;7.079426;10;5.876831;.369736;2.41695;0;.505669432126653
P08;.304922;4.865774;9.365774;23.4;6.379426;1.063943;2.124;0;.505669432126653
P08;.268801;6.105511;13.805511;8.9;4.865774;.304922;3.93705;0;.505669432126653
P08;1.677096;7.934841;5.701143;10.2;6.105511;.268801;1.22715;1;.505669432126653
P08;-.414243;5.85632;12.75632;30.7;7.934841;1.677096;.8973;0;.505669432126653
P08;-.981924;8.914571;10.714571;19.2;5.85632;.414243;1.20825;0;.505669432126653
P08;1.506144;7.099946;4.869756;30.2;8.914571;.981924;2.56365;1;.505669432126653
P08;.783956;7.997519;19.897519;39.4;7.099946;1.506144;1.22715;0;.505669432126653
P08;-1.581532;6.07672;5.060059;16.8;7.997519;.783956;2.34405;1;.505669432126653
P08;.183852;7.821634;19.521634;16.8;6.07672;1.581532;1.2087;0;.505669432126653
P08;1.307604;8.109771;7.605152;13.2;7.821634;.183852;2.124;1;.505669432126653
P08;-.536983;5.68345;11.38345;16.9;8.109771;1.307604;2.4903;0;.505669432126653
P08;.578959;6.07789;11.07789;6.2;5.68345;.536983;2.27025;0;.505669432126653
P08;-1.449807;7.294325;6.486048;8.8;6.07789;.578959;1.9773;1;.505669432126653
P08;.114067;7.398318;3.949192;6.1;7.294325;1.449807;2.3436;1;.505669432126653
P08;.626826;7.212217;3.257932;6.2;7.398318;.114067;2.05065;1;.505669432126653
P08;-.201813;5.880886;16.880886;34.1;7.212217;.626826;1.20825;0;.505669432126653
P08;.993521;6.422132;2.760566;4.9;5.880886;.201813;1.062;1;.505669432126653
P08;-.117675;3.587837;10.887837;9.2;6.422132;.993521;.45765;0;.505669432126653
P08;-.204504;5.475195;12.475195;34.8;3.587837;.117675;.7506;0;.505669432126653
P08;-.407989;6.176597;9.376597;15.7;5.475195;.204504;2.41695;0;.505669432126653
P08;-.330357;8.091791;21.191791;19.1;6.176597;.407989;1.20825;0;.505669432126653
P08;-1.376988;7.797867;4.451311;7.4;8.091791;.330357;1.35495;1;.505669432126653
P08;1.290052;7.383274;3.843181;7.1;7.797867;1.376988;2.3436;1;.505669432126653
P08;.463361;7.018999;2.961319;5.2;7.383274;1.290052;0;1;.505669432126653
P08;-.560259;4.864134;9.564134;30.9;7.018999;.463361;.9891;0;.505669432126653
P08;-1.860401;7.407579;6.185972;12.2;4.864134;.560259;1.4283;1;.505669432126653
P08;.010084;7.002574;18.502574;16.6;7.407579;1.860401;.29295;0;.505669432126653
P09;.484119;6.892054;12.492054;13.2; ; ;5.29155;0;.355928400310337
P09;1.120779;7.285411;4.852474;10.3;6.892054;.484119;4.9986;1;.355928400310337
P09;.947437;8.095247;4.453064;10;7.285411;1.120779;5.7492;1;.355928400310337
P09;1.179215;9.328963;8.924136;16.1;8.095247;.947437;1.9773;1;.355928400310337
P09;-.787982;9.307694;11.407694;28.2;9.328963;1.179215;2.41695;0;.355928400310337
P09;.520079;8.725329;20.725329;46.1;9.307694;.787982;1.66635;0;.355928400310337
P09;-2.01932;14.053287;6.276149;12.5;8.725329;.520079;1.6659;1;.355928400310337
P09;-1.11723;10.162565;10.162565;14.2;14.053287;2.01932;1.1349;1;.355928400310337
P09;1.483386;9.822136;6.277168;8.8;10.162565;1.11723;1.83105;1;.355928400310337
P09;1.252349;8.709147;8.000273;11.3;9.822136;1.483386;1.20825;1;.355928400310337
P09;-1.154992;8.017172;7.915417;12.1;8.709147;1.252349;1.35495;1;.355928400310337
P09;-.59135;10.926994;14.626994;35.9;8.017172;1.154992;1.37295;0;.355928400310337
P09;1.411855;9.108556;8.2959;16.6;10.926994;.59135;1.20825;1;.355928400310337
P09;-.526458;6.599755;9.699755;17.8;9.108556;1.411855;.2196;0;.355928400310337
P09;.947033;7.005396;9.805396;12.6;6.599755;.526458;.60435;0;.355928400310337
P09;.576179;8.503969;23.103969;15.2;7.005396;.947033;.8424;0;.355928400310337
P09;-1.78777;10.44412;8.106665;12.3;8.503969;.576179;.7506;1;.355928400310337
P09;-1.233336;8.293669;5.557705;13.3;10.44412;1.78777;1.13535;1;.355928400310337
P09;-1.372495;6.893929;6.186398;9.6;8.293669;1.233336;.531;1;.355928400310337
P09;.434772;6.190481;21.290481;25.5;6.893929;1.372495;0;0;.355928400310337
P09;-.303608;7.69783;15.09783;50.6;6.190481;.434772;.0917999999999995;0;.355928400310337
P09;-1.528939;8.73526;7.015295;10.6;7.69783;.303608;.45765;1;.355928400310337
P09;1.096734;10.125631;12.125631;21.2;8.73526;1.528939;.67725;0;.355928400310337
P09;-1.17736;7.0902;6.886654;12.5;10.125631;1.096734;.3114;1;.355928400310337
P09;-1.073016;5.881287;6.081287;11.3;7.0902;1.17736;.29295;0;.355928400310337
P09;.294401;3.95484;10.55484;13.1;5.881287;1.073016;1.20825;0;.355928400310337
P09;.512933;5.509075;11.809075;23.4;3.95484;.294401;.531;0;.355928400310337
P09;1.177286;6.880688;6.678326;11.1;5.509075;.512933;.531;1;.355928400310337
P09;-1.666202;7.504854;6.491005;11.9;6.880688;1.177286;.4392;1;.355928400310337
P09;-.851912;6.283136;8.383136;12.6;7.504854;1.666202;.0917999999999995;0;.355928400310337
P09;-.807466;5.670927;7.370927;22.5;6.283136;.851912;1.062;0;.355928400310337
P09;-1.213013;5.66143;5.460058;14.9;5.670927;.807466;.45765;1;.355928400310337
P09;-.343892;4.452974;21.652974;35.3;5.66143;1.213013;.531;0;.355928400310337
P09;-.57921;5.003868;7.803868;11;4.452974;.343892;.4581;0;.355928400310337
P09;-.906029;5.977537;7.277537;12.8;5.003868;.57921;.531;0;.355928400310337
P09;-.41192;4.982004;9.482004;13.7;5.977537;.906029;.60435;0;.355928400310337
P09;.267051;6.27108;12.17108;19.4;4.982004;.41192;.3843;0;.355928400310337
P09;.419937;6.090283;19.890283;28;6.27108;.267051;1.1349;0;.355928400310337
P09;1.757931;6.993748;5.070787;8.8;6.090283;.419937;.2196;1;.355928400310337
P09;-.040817;4.972387;36.372387;19.3;6.993748;1.757931;.76905;0;.355928400310337
P09;-.002782;5.989636;26.589636;47.6;4.972387;.040817;.67725;0;.355928400310337
P09;-1.759085;8.208281;5.879485;12.2;5.989636;.002782;.82395;1;.355928400310337
P09;-1.745349;5.804512;4.49114;8.3;8.208281;1.759085;.8424;1;.355928400310337
P09;-.421518;5.574266;28.374266;18.5;5.804512;1.745349;.531;0;.355928400310337
P09;.24175;5.674405;32.974405;15.1;5.574266;.421518;.531;0;.355928400310337
P09;.708483;4.294784;6.694784;13.3;5.674405;.24175;.6957;0;.355928400310337
P09;.214105;7.099703;20.799703;14.3;4.294784;.708483;.69615;0;.355928400310337
P09;1.510868;8.308861;5.680258;18.2;7.099703;.214105;.8973;1;.355928400310337
P09;-.900453;5.966108;7.366108;10.6;8.308861;1.510868;.82395;0;.355928400310337
P09;.085272;5.773585;19.573585;31.1;5.966108;.900453;.531;0;.355928400310337
P10;1.625566;4.250689;3.236729;6; ; ;.9153;1;.644271298379488
P10;.499561;5.167403;10.467403;10.1;4.250689;1.625566;1.88595;0;.644271298379488
P10;1.053111;4.677166;5.377166;4.5;5.167403;.499561;3.03975;0;.644271298379488
P10;-1.795455;6.384454;4.858678;15.2;4.677166;1.053111;2.94795;1;.644271298379488
P10;1.739528;7.173452;5.862197;12.2;6.384454;1.795455;3.62565;1;.644271298379488
P10;1.702776;6.076635;4.965254;6.1;7.173452;1.739528;3.1131;1;.644271298379488
P10;1.633057;5.785695;5.178765;7.8;6.076635;1.702776;4.9806;1;.644271298379488
P10;1.050867;6.929329;17.629329;11.8;5.785695;1.633057;2.655;0;.644271298379488
P10;-1.852988;6.582863;4.457325;19.6;6.929329;1.050867;1.20825;1;.644271298379488
P10;-1.751534;5.780678;4.157071;10.2;6.582863;1.852988;2.27025;1;.644271298379488
P10;1.347417;6.083494;5.371571;19.5;5.780678;1.751534;2.10555;1;.644271298379488
P10;-1.201573;7.59948;7.49882;18.6;6.083494;1.347417;2.655;1;.644271298379488
P10;-.703673;7.199337;9.399337;14.4;7.59948;1.201573;3.31425;0;.644271298379488
P10;.082971;7.804426;11.804426;7.3;7.199337;.703673;4.4496;0;.644271298379488
P10;-.56125;9.498571;10.598571;33;7.804426;.082971;4.9986;0;.644271298379488
P10;-1.289757;7.30115;4.360653;16.9;9.498571;.56125;2.4903;1;.644271298379488
P10;-.981445;8.82831;4.268375;11.8;7.30115;1.289757;6.0426;1;.644271298379488
P10;1.014921;8.420725;6.195021;13.8;8.82831;.981445;5.1453;1;.644271298379488
P10;1.942716;7.587431;2.838947;6.1;8.420725;1.014921;4.9986;1;.644271298379488
P10;-1.785381;8.646458;7.531033;9.2;7.587431;1.942716;3.9366;1;.644271298379488
P10;.481487;6.179875;17.479875;34.3;8.646458;1.785381;.1467;0;.644271298379488
P10;.89079;9.146227;4.687056;9.6;6.179875;.481487;.67725;1;.644271298379488
P10;.778049;9.324789;5.47934;7.1;9.146227;.89079;1.593;1;.644271298379488
P10;-.840331;9.173578;6.332005;11.7;9.324789;.778049;2.19735;1;.644271298379488
P10;-1.650819;7.516052;5.482195;9;9.173578;.840331;1.2087;1;.644271298379488
P10;1.507411;8.22597;7.111294;13;7.516052;1.650819;1.062;1;.644271298379488
P10;1.742162;10.722609;9.509945;13.5;8.22597;1.507411;2.2707;1;.644271298379488
P10;1.696365;9.431709;8.216913;22.7;12.366752;2.579561;1.73925;1;.644271298379488
P10;1.214543;11.339596;8.501928;8.6;9.431709;1.696365;1.593;1;.644271298379488
P10;1.427576;10.118363;7.889355;18;11.339596;1.214543;1.5201;1;.644271298379488
P10;.6977;12.061071;31.061071;20.3;10.118363;1.427576;1.062;0;.644271298379488
P10;4.192376;12.05962;3.849039;6.9;12.061071;.6977;1.35495;1;.644271298379488
P10;-.785041;8.199096;10.899096;21.3;12.05962;4.192376;2.05065;0;.644271298379488
P10;1.484388;9.028181;3.950197;9.8;8.199096;.785041;3.1131;1;.644271298379488
P10;2.432527;10.437868;3.138231;6.1;9.028181;1.484388;3.168;1;.644271298379488
P10;-1.266941;7.916601;5.682739;10.9;10.437868;2.432527;.0729;1;.644271298379488
P10;-.730843;11.26953;6.710274;17.1;7.916601;1.266941;1.7397;1;.644271298379488
P10;-.369517;8.721642;4.975672;4.8;11.26953;.730843;2.19735;1;.644271298379488
P10;1.778142;8.214013;6.791382;15.1;8.721642;.369517;.82395;1;.644271298379488
P10;1.254908;10.759234;10.252958;5.5;8.214013;1.778142;1.593;1;.644271298379488
P10;.968859;11.847817;6.078999;36.4;10.759234;1.254908;.98865;1;.644271298379488
P10;.787312;8.910196;3.136283;6.9;11.847817;.968859;.0729;1;.644271298379488
P10;-.199633;11.047921;3.852515;8.8;8.910196;.787312;.07335;1;.644271298379488
P10;1.923333;11.763685;4.566019;9.1;11.047921;.199633;1.7397;1;.644271298379488
P10;1.741861;11.035113;7.082487;7.5;11.763685;1.923333;4.761;1;.644271298379488
P10;-.617984;12.390871;10.059742;8.4;11.035113;1.741861;4.90725;1;.644271298379488
P10;1.164074;8.500463;2.526903;3.9;12.390871;.617984;2.87505;1;.644271298379488
P10;-3.684886;11.544569;5.366426;4.8;8.500463;1.164074;3.31425;1;.644271298379488
P10;2.321744;10.14121;4.563904;15.3;11.544569;3.684886;1.9044;1;.644271298379488
P11;.176301;7.80994;5.175196;2.4; ; ;6.50025;1;.206824215039977
P11;1.99838;6.583364;4.051041;57.2;7.80994;.176301;7.09065;1;.206824215039977
P11;.208367;1.730904;7.730904;5.7;6.583364;1.99838;3.699;0;.206824215039977
P11;-1.117572;6.171855;2.433489;3.7;1.730904;.208367;4.4325;1;.206824215039977
P11;.234016;1.415407;7.215407;9.2;6.171855;1.117572;.9891;0;.206824215039977
P11;.06867;2.528696;18.728696;5.9;1.415407;.234016;3.62565;0;.206824215039977
P11;.14398;.607360999999997;12.607361;7.1;2.528696;.06867;1.5201;0;.206824215039977
P11;.653765;3.242641;5.442641;40.6;.607360999999997;.14398;1.42785;0;.206824215039977
P11;-.03974;3.54415;21.34415;8.6;3.242641;.653765;1.6479;0;.206824215039977
P11;.314494;4.047099;9.647099;10.7;3.54415;.03974;1.20825;0;.206824215039977
P11;.701393;3.373361;5.873361;20.5;4.047099;.314494;1.44675;0;.206824215039977
P11;.272919;3.036213;11.136213;11.3;3.373361;.701393;.8424;0;.206824215039977
P11;.872349;3.495829;4.395829;14.5;3.036213;.272919;2.124;0;.206824215039977
P11;-.325146;2.733358;11.733358;7.9;3.495829;.872349;1.35495;0;.206824215039977
P11;-.297314;3.448942;9.748942;35.7;2.733358;.325146;.4392;0;.206824215039977
P11;-.512337;3.170278;4.470278;19.7;3.448942;.297314;2.56365;0;.206824215039977
P11;-.643944;3.135945;3.935945;9.1;3.170278;.512337;3.83085;0;.206824215039977
P11;.616871;2.738225;4.438225;7.5;3.135945;.643944;3.25935;0;.206824215039977
P11;-.203106;3.035592;10.735592;12.2;2.738225;.616871;1.97775;0;.206824215039977
P11;1.157906;4.356098;4.254869;11.9;3.035592;.203106;2.41695;1;.206824215039977
P11;.06468;3.945406;22.645406;16.6;4.356098;1.157906;2.7099;0;.206824215039977
P11;.335936;3.969084;15.269084;9.3;3.945406;.06468;1.83105;0;.206824215039977
P11;-.302269;2.935011;8.835011;48.5;3.969084;.335936;.67725;0;.206824215039977
P11;-.292879;3.347164;10.347164;11.2;2.935011;.302269;1.04355;0;.206824215039977
P11;.572984;4.051405;6.251405;12.2;3.347164;.292879;1.2816;0;.206824215039977
P11;-.082119;4.275665;10.175665;21.1;4.051405;.572984;.9891;0;.206824215039977
P11;.342071;4.548338;12.748338;17.9;4.275665;.082119;.23805;0;.206824215039977
P11;.150015;5.776537;16.676537;21.5;4.548338;.342071;0;0;.206824215039977
P11;-.074396;5.195173;7.895173;5.2;5.776537;.150015;3.186;0;.206824215039977
P11;.212018;4.765058;9.365058;6.9;5.195173;.074396;1.73925;0;.206824215039977
P11;-1.256864;5.266672;5.063703;8.2;4.765058;.212018;1.4283;1;.206824215039977
P11;-.49437;3.984776;7.184776;11.1;5.266672;1.256864;.2196;0;.206824215039977
P11;-.242628;4.143747;33.943747;9.6;3.984776;.49437;.531;0;.206824215039977
P11;.24515;4.150955;26.350955;11.1;4.143747;.242628;.531;0;.206824215039977
P11;.878827;5.467342;6.367342;10.6;4.150955;.24515;1.20825;0;.206824215039977
P11;.017735;5.514882;47.614882;8.3;5.467342;.878827;1.51965;0;.206824215039977
P11;.994299;5.97111;30.47111;9.4;5.514882;.017735;.3843;0;.206824215039977
P11;-.095316;4.651945;9.751945;41.8;5.97111;.994299;.60435;0;.206824215039977
P11;.101097;5.192631;13.992631;22.4;4.651945;.095316;.76905;0;.206824215039977
P11;-.803844;6.816446;28.616446;32.7;5.192631;.101097;.1467;0;.206824215039977
P11;-1.52583;6.778709;4.753555;7.8;6.816446;.803844;.98865;1;.206824215039977
P11;-.184726;4.754344;20.654344;33.2;6.778709;1.52583;.1467;0;.206824215039977
P11;-.045617;6.080708;18.880708;23.8;4.754344;.184726;0;0;.206824215039977
P11;.974686;7.586771;9.186771;8.6;2.837677;.2905;1.062;0;.206824215039977
P11;-1.745225;6.485708;4.763891;9.6;7.586771;.974686;.29295;1;.206824215039977
P11;1.537167;4.653181;3.644581;8.9;6.485708;1.745225;.76905;1;.206824215039977
P11;.200294;4.148199;46.448199;11.8;4.653181;1.537167;.60435;0;.206824215039977
P11;-.057415;5.769547;12.969547;18.8;4.148199;.200294;.29295;0;.206824215039977
P11;.957914;6.30628;7.30628;8.6;5.769547;.057415;.82395;0;.206824215039977
P12;.339915;4.07387;13.67387;12.4; ; ;.76905;0;.205341438302374
P12;1.215264;6.072195;5.767015;12.7;4.07387;.339915;.3114;1;.205341438302374
P12;-.039556;3.755573;8.055573;10;6.072195;1.215264;2.0511;0;.205341438302374
P12;1.554706;5.982696;4.868273;10.1;3.755573;.039556;3.7899;1;.205341438302374
P12;.430342;4.575815;9.275815;31.7;5.982696;1.554706;1.4463;0;.205341438302374
P12;-.205983;3.744913;6.944913;7.5;4.575815;.430342;2.94795;0;.205341438302374
P12;1.063712;4.45001;4.75001;7.8;3.744913;.205983;1.35495;0;.205341438302374
P12;.308991;3.843601;11.843601;7.1;4.45001;1.063712;1.88595;0;.205341438302374
P12;.022535;4.359318;10.359318;9.3;3.843601;.308991;1.593;0;.205341438302374
P12;-.5293;4.865431;6.465431;9.4;4.359318;.022535;3.0213;0;.205341438302374
P12;.39524;4.446676;13.146676;22.3;4.865431;.5293;2.3436;0;.205341438302374
P12;-.487072;4.260582;6.260582;24.9;4.446676;.39524;2.19735;0;.205341438302374
P12;-.25509;4.566048;20.666048;6.5;4.260582;.487072;3.5523;0;.205341438302374
P12;1.17958;5.17231;4.869756;7.5;4.566048;.25509;1.57455;1;.205341438302374
P12;-.356155;4.468213;6.968213;33.5;5.17231;1.17958;2.48985;0;.205341438302374
P12;.526478;3.452326;10.152326;19.3;4.468213;.356155;2.124;0;.205341438302374
P12;-.478326;3.857971;7.057971;11.1;3.452326;.526478;2.41695;0;.205341438302374
P12;-.341049;4.353846;7.253846;5;3.857971;.478326;3.5523;0;.205341438302374
P12;.014796;4.875557;10.875557;8.2;4.353846;.341049;2.10555;0;.205341438302374
P12;-.336626;5.574633;10.674633;41.7;4.875557;.014796;1.593;0;.205341438302374
P12;.063656;6.506865;11.306865;7.4;5.574633;.336626;8.29935;0;.205341438302374
P12;1.700812;6.190683;5.173992;13.8;6.506865;.063656;3.16755;1;.205341438302374
P12;-.306609;4.560793;12.760793;7.7;6.190683;1.700812;3.31425;0;.205341438302374
P12;.522314;4.249227;9.649227;9.9;4.560793;.306609;2.124;0;.205341438302374
P12;-.10124;4.961385;34.661385;16.1;4.249227;.522314;2.10555;0;.205341438302374
P12;.924746;5.975969;9.375969;6;4.961385;.10124;2.10555;0;.205341438302374
P12;-.875137;4.763828;5.663828;11.9;5.975969;.924746;1.9593;0;.205341438302374
P12;-.251795;4.15988;8.95988;34;4.763828;.875137;1.37295;0;.205341438302374
P12;1.231034;3.650064;3.448289;8.7;4.15988;.251795;2.124;1;.205341438302374
P12;.347757;3.036703;9.736703;29.4;3.650064;1.231034;1.9593;0;.205341438302374
P12;.396789;4.159668;10.259668;12.3;3.036703;.347757;1.9773;0;.205341438302374
P12;.091955;4.761116;11.061116;10.9;4.159668;.396789;2.58165;0;.205341438302374
P12;-.243157;4.867813;9.267813;19.4;4.761116;.091955;1.6659;0;.205341438302374
P12;.25626;4.975695;9.375695;15.7;4.867813;.243157;5.3649;0;.205341438302374
P12;1.63758;5.990242;4.674999;14.4;4.975695;.25626;3.47895;1;.205341438302374
P12;.131768;4.455471;14.255471;18.8;5.990242;1.63758;1.13535;0;.205341438302374
P12;.600437;4.859604;10.859604;16;4.455471;.131768;1.062;0;.205341438302374
P12;-.319735;5.176315;11.776315;9.4;4.859604;.600437;1.13535;0;.205341438302374
P12;.766914;5.668816;7.468816;6.5;5.176315;.319735;2.655;0;.205341438302374
P12;-.136979;5.574765;12.974765;43.4;5.668816;.766914;1.6659;0;.205341438302374
P12;-.365613;5.865865;9.565865;17.3;5.574765;.136979;1.1169;0;.205341438302374
P12;.737415;5.576826;8.576826;6.2;5.865865;.365613;1.9773;0;.205341438302374
P12;-.00804;6.291053;16.091053;10;5.576826;.737415;1.88595;0;.205341438302374
P12;.075479;5.355745;14.155745;17.8;6.291053;.00804;2.05065;0;.205341438302374
P12;-.984515;6.171644;7.271644;36.2;5.355745;.075479;1.66635;0;.205341438302374
P12;.455117;4.750906;11.850906;20.9;6.171644;.984515;2.3436;0;.205341438302374
P12;-1.626031;5.778523;4.871268;9.4;4.750906;.455117;2.1789;1;.205341438302374
P12;.677289;4.0465;14.9465;6.9;5.778523;1.626031;1.66635;0;.205341438302374
P12;.230295;3.961528;11.761528;17.7;4.0465;.677289;2.5083;0;.205341438302374
P12;-.062546;5.305599;13.505599;13.2;3.961528;.230295;1.2087;0;.205341438302374
P13;.94107;3.755072;4.855072;8.3; ; ;.2196;0;.104981288361038
P13;.182581;2.429463;7.229463;6.4;3.755072;.94107;3.7719;0;.104981288361038
P13;.853498;1.925877;9.125877;4;2.429463;.182581;3.3876;0;.104981288361038
P13;.379433;2.329834;8.929834;7.4;1.925877;.853498;2.7099;0;.104981288361038
P13;.368078;3.072855;16.872855;25;2.329834;.379433;.8424;0;.104981288361038
P13;.236426;3.045458;7.445458;10.3;3.072855;.368078;3.38715;0;.104981288361038
P13;.063226;2.568774;6.168774;23.4;3.045458;.236426;3.3138;0;.104981288361038
P13;.335418;2.738909;8.438909;9;2.568774;.063226;2.94795;0;.104981288361038
P13;-.58048;4.258806;5.658806;7.6;2.738909;.335418;3.16755;0;.104981288361038
P13;.600813;3.148887;6.748887;33.7;4.258806;.58048;.97065;0;.104981288361038
P13;.510651;2.460419;7.460419;20.8;3.148887;.600813;.7506;0;.104981288361038
P13;1.45621;3.243813;2.329241;4.3;2.460419;.510651;1.3734;1;.104981288361038
P13;.778224;1.722639;27.022639;4.2;3.243813;1.45621;1.7397;0;.104981288361038
P13;.632461;2.572965;7.172965;10.5;1.722639;.778224;.8973;0;.104981288361038
P13;.547681;2.632238;36.632238;12.2;2.572965;.632461;.4392;0;.104981288361038
P13;1.204208;2.661585;2.458065;5.6;2.632238;.547681;.45765;1;.104981288361038
P13;.455047;2.227733;31.427733;8.2;2.661585;1.204208;1.1349;0;.104981288361038
P13;.538826;2.125568;19.525568;8.9;2.227733;.455047;1.062;0;.104981288361038
P13;.3208;2.229374;8.029374;8.9;2.125568;.538826;.2196;0;.104981288361038
P13;.667498;1.83206;13.33206;5.2;2.229374;.3208;2.1969;0;.104981288361038
P13;.817312;2.326389;3.826389;5.8;1.83206;.667498;.6957;0;.104981288361038
P13;.470089;2.329452;14.429452;9.7;2.326389;.817312;1.30005;0;.104981288361038
P13;.646158;2.122988;10.322988;6.3;2.329452;.470089;1.3734;0;.104981288361038
P13;.238183;1.711868;7.411868;11.1;2.122988;.646158;.45765;0;.104981288361038
P13;.634017;2.370947;18.170947;20.1;1.711868;.238183;.9702;0;.104981288361038
P13;.323211;2.436199;11.636199;11;2.370947;.634017;.7506;0;.104981288361038
P13;.314862;2.45199;7.65199;8.9;2.436199;.323211;.45765;0;.104981288361038
P13;.712138;2.327491;4.727491;7.1;2.45199;.314862;.0729;0;.104981288361038
P13;.780263;2.044495;12.544495;6.4;2.327491;.712138;1.73925;0;.104981288361038
P13;.859834;2.128011;4.128011;6;2.044495;.780263;.531;0;.104981288361038
P13;.638714;2.429569;25.829569;10.6;2.128011;.859834;.67725;0;.104981288361038
P13;.624437;2.562349;6.762349;9.4;2.429569;.638714;0;0;.104981288361038
P13;.543453;2.629102;23.029102;11.9;2.562349;.624437;.98865;0;.104981288361038
P13;.795525;2.233778;3.733778;5.9;2.629102;.543453;.14625;0;.104981288361038
P13;.804911;2.447719;3.947719;6.9;2.233778;.795525;.45765;0;.104981288361038
P13;.447829;2.226194;10.726194;7.2;2.447719;.804911;1.3734;0;.104981288361038
P13;.892138;2.028675;3.428675;5.4;2.226194;.447829;.8973;0;.104981288361038
P13;.975934;2.928994;15.128994;5.8;2.028675;.892138;2.72835;0;.104981288361038
P13;.890598;2.33481;4.23481;6.7;2.928994;.975934;.3843;0;.104981288361038
P13;.942471;2.875761;3.975761;6.8;2.33481;.890598;.67725;0;.104981288361038
P13;.534066;2.224653;11.424653;9.1;2.875761;.942471;2.0511;0;.104981288361038
P13;.202234;2.335974;6.535974;12.5;2.224653;.534066;2.3436;0;.104981288361038
P13;.746542;2.228909;9.528909;5.6;2.335974;.202234;3.717;0;.104981288361038
P13;.563013;2.126539;26.326539;8.4;2.228909;.746542;1.4283;0;.104981288361038
P13;.425358;1.919869;9.019869;9.7;2.126539;.563013;2.124;0;.104981288361038
P13;.526293;2.132164;12.932164;21.8;1.919869;.425358;.45765;0;.104981288361038
P13;.4913;2.329987;11.429987;12.1;2.132164;.526293;1.42785;0;.104981288361038
P13;.524983;1.515219;7.015219;7.6;2.329987;.4913;3.0942;0;.104981288361038
P13;.541103;2.549282;26.149282;13.7;1.515219;.524983;.531;0;.104981288361038
P13;1.076988;2.530033;14.230033;4.4;2.549282;.541103;1.88595;0;.104981288361038
P14;-1.502329;5.569948;5.062408;18.6; ; ;1.7397;1;.244666784644148
P14;-.110793;4.664377;10.664377;19.1;5.569948;1.502329;.14625;0;.244666784644148
P14;-1.090785;4.865953;5.065953;8.4;4.664377;.110793;.3843;0;.244666784644148
P14;-.645665;4.864201;6.864201;10.9;4.865953;1.090785;0;0;.244666784644148
P14;.246053;4.77615;13.77615;18.1;4.864201;.645665;0;0;.244666784644148
P14;-1.819343;5.658625;2.629383;4.6;4.77615;.246053;.98865;1;.244666784644148
P14;.771158;5.797815;11.397815;16.6;5.658625;1.819343;.07335;0;.244666784644148
P14;-.16896;4.892088;9.992088;16.5;5.797815;.771158;.1467;0;.244666784644148
P14;1.010885;4.966524;6.666524;11.9;4.892088;.16896;.07335;0;.244666784644148
P14;.949674;4.558326;7.058326;11.7;4.966524;1.010885;.1467;0;.244666784644148
P14;.673714;5.00758;29.50758;13.2;4.558326;.949674;.4581;0;.244666784644148
P14;-.342066;4.974313;9.174313;27.5;5.00758;.673714;.6777;0;.244666784644148
P14;-.392857;5.474685;7.674685;16.7;4.974313;.342066;1.73925;0;.244666784644148
P14;.616398;4.965007;14.865007;21.4;5.474685;.392857;.1467;0;.244666784644148
P14;-1.632289;7.093137;3.750225;6.4;4.965007;.616398;.8424;1;.244666784644148
P14;1.05783;5.481739;6.581739;10.4;7.093137;1.632289;.38475;0;.244666784644148
P14;-.117924;6.987255;9.787255;22.7;5.481739;1.05783;.82395;0;.244666784644148
P14;.374607;5.371988;12.671988;13.7;6.987255;.117924;.23805;0;.244666784644148
P14;-1.795514;6.078188;4.463102;8.3;5.371988;.374607;.531;1;.244666784644148
P14;.767026;5.772782;10.472782;14.2;6.078188;1.795514;.36585;0;.244666784644148
P14;-1.727421;6.584971;5.778185;13.2;5.772782;.767026;.76905;1;.244666784644148
P14;.83094;6.1012;9.7012;21.4;6.584971;1.727421;.4581;0;.244666784644148
P14;-1.016433;4.061575;4.561575;23.6;6.1012;.83094;.8973;0;.244666784644148
P14;.580291;5.777774;18.977774;13;4.061575;1.016433;.75105;0;.244666784644148
P14;.728532;4.871202;10.771202;10.8;5.777774;.580291;.60435;0;.244666784644148
P14;.097212;4.661941;27.661941;19.9;4.871202;.728532;.1467;0;.244666784644148
P14;-1.074919;4.357182;4.557182;8.1;4.661941;.097212;.3114;0;.244666784644148
P14;-.019065;5.46673;12.26673;24.3;4.357182;1.074919;.29295;0;.244666784644148
P14;.618039;5.162723;43.162723;18.1;5.46673;.019065;.3114;0;.244666784644148
P14;1.862354;5.812855;3.177402;6.4;5.162723;.618039;.4392;1;.244666784644148
P14;-.110183;5.470001;9.270001;11.7;5.812855;1.862354;1.7397;0;.244666784644148
P14;1.053911;5.702541;6.102541;17.6;5.470001;.110183;.45765;0;.244666784644148
P14;.77588;4.254031;23.454031;7.2;5.702541;1.053911;.9153;0;.244666784644148
P14;.65806;6.287666;16.287666;12.8;4.254031;.77588;1.593;0;.244666784644148
P14;-.631425;6.481034;7.681034;12.6;6.287666;.65806;2.03265;0;.244666784644148
P14;-.486021;5.263352;6.863352;17.8;6.481034;.631425;2.05065;0;.244666784644148
P14;.872122;5.159655;11.159655;15.4;5.263352;.486021;.531;0;.244666784644148
P14;.233568;5.565963;45.765963;19.7;5.159655;.872122;.38475;0;.244666784644148
P14;.113401;6.078417;11.478417;27.7;5.565963;.233568;.531;0;.244666784644148
P14;.060777;5.1859;10.6859;31.3;6.078417;.113401;.4392;0;.244666784644148
P14;.158628;5.766529;44.266529;32.9;5.1859;.060777;.1647;0;.244666784644148
P14;.139962;7.187798;14.287798;18.2;5.766529;.158628;.9891;0;.244666784644148
P14;.093823;5.991627;24.491627;25.7;7.187798;.139962;.07335;0;.244666784644148
P14;.263088;6.178249;23.378249;20.6;5.991627;.093823;.1467;0;.244666784644148
P14;-.612032;6.581215;8.781215;14.5;6.178249;.263088;.14625;0;.244666784644148
P14;-.455373;5.874593;13.174593;26.3;6.581215;.612032;.4581;0;.244666784644148
P14;1.659163;6.670788;5.258522;10.6;5.874593;.455373;.45765;1;.244666784644148
P14;.405636;6.592472;19.292472;16.6;6.670788;1.659163;.3843;0;.244666784644148
P14;1.071046;6.685933;7.985933;10.9;6.592472;.405636;1.20825;0;.244666784644148
P14;-1.276518;8.207756;8.006552;16.4;6.685933;1.071046;1.9593;1;.244666784644148
P15;-.602504;4.555021;6.055021;13.9; ; ;1.9593;0;.500104069200005
P15;1.742499;5.992944;4.672115;22.8;4.555021;.602504;2.80125;1;.500104069200005
P15;.112323;4.671331;9.171331;7;5.992944;1.742499;2.1969;0;.500104069200005
P15;-1.318177;6.111826;5.809664;9.2;4.671331;.112323;2.7279;1;.500104069200005
P15;.348767;6.689131;10.889131;15.2;6.111826;1.318177;4.15665;0;.500104069200005
P15;-.413095;7.187107;11.287107;7.7;6.689131;.348767;2.7279;0;.500104069200005
P15;-1.144895;9.232442;9.232442;10.6;7.187107;.413095;2.8746;1;.500104069200005
P15;1.472201;6.578427;5.062828;7.2;9.232442;1.144895;3.69855;1;.500104069200005
P15;.250457;7.69298;14.69298;9.2;6.578427;1.472201;3.0213;0;.500104069200005
P15;.811101;10.832378;4.555402;4.6;7.69298;.250457;4.44915;1;.500104069200005
P15;.22279;5.897102;11.997102;9;10.832378;.811101;2.8017;0;.500104069200005
P15;-.985798;6.382572;6.982572;29;5.897102;.22279;2.8566;0;.500104069200005
P15;.412972;6.69697;14.99697;24;6.382572;.985798;3.0213;0;.500104069200005
P15;1.412825;10.642969;8.214123;8.4;6.69697;.412972;3.31425;1;.500104069200005
P15;-1.585443;8.750288;7.838707;10.5;10.642969;1.412825;3.7719;1;.500104069200005
P15;.914067;7.104124;3.54929;4;8.750288;1.585443;2.41695;1;.500104069200005
P15;.916623;6.988602;20.088602;34.1;7.104124;.914067;.07335;0;.500104069200005
P15;-.462539;9.529155;11.829155;4.6;6.988602;.916623;2.124;0;.500104069200005
P15;-.216254;8.220284;13.320284;10.2;9.529155;.462539;2.27025;0;.500104069200005
P15;-.33919;8.617227;4.964464;9.5;8.220284;.216254;2.41695;1;.500104069200005
P15;-.543324;8.148697;11.048697;4.1;8.617227;.33919;3.79035;0;.500104069200005
P15;-1.664495;8.903099;6.877313;13;8.148697;.543324;3.4605;1;.500104069200005
P15;-.908221;8.109608;9.209608;11.6;8.903099;1.664495;2.1969;0;.500104069200005
P15;-1.706776;9.344389;8.333837;14.6;8.109608;.908221;4.6143;1;.500104069200005
P15;1.014622;9.050569;9.350569;4.7;9.344389;1.706776;5.0535;0;.500104069200005
P15;-.928482;7.092706;7.992706;12;9.050569;1.014622;2.8566;0;.500104069200005
P15;-1.431214;6.93671;6.428678;6.9;7.092706;.928482;4.23;1;.500104069200005
P15;.211573;6.726379;13.826379;11.7;6.93671;1.431214;2.7099;0;.500104069200005
P15;.13283;7.791609;17.391609;15.6;6.726379;.211573;4.37625;0;.500104069200005
P15;-1.318337;11.172312;10.058592;5.8;7.791609;.13283;4.54095;1;.500104069200005
P15;-3.423369;10.434876;4.754816;3.5;11.172312;1.318337;4.4676;1;.500104069200005
P15;1.123829;9.129646;3.737812;3.8;10.434876;3.423369;6.6465;1;.500104069200005
P15;-.029867;6.784866;25.784866;7.5;9.129646;1.123829;2.19735;0;.500104069200005
P15;.661984;7.405373;20.205373;12.2;6.784866;.029867;3.6252;0;.500104069200005
P15;-1.808679;7.706602;6.592993;10.7;7.405373;.661984;3.0213;1;.500104069200005
P15;1.447698;8.619578;7.098974;26.3;7.706602;1.808679;2.8746;1;.500104069200005
P15;-.421135;8.532172;4.568289;5.6;8.619578;1.447698;3.5523;1;.500104069200005
P15;-.476694;8.838241;1.423282;2.7;8.532172;.421135;.82395;1;.500104069200005
P15;-.33344;7.215868;5.192084;2.4;8.838241;.476694;5.4378;1;.500104069200005
P15;.766379;8.032717;3.25938;7.4;7.215868;.33344;.60435;1;.500104069200005
P15;-1.339667;8.019054;3.051798;5.2;8.032717;.766379;1.1349;1;.500104069200005
P15;-1.115377;7.828524;2.83076;5.5;8.019054;1.339667;.531;1;.500104069200005
P15;-1.141343;8.344547;8.344547;18.3;7.828524;1.115377;.3663;1;.500104069200005
P15;1.611214;8.910604;7.890903;15.2;8.344547;1.141343;.07335;1;.500104069200005
P15;-.096143;8.329941;12.229941;11.9;8.910604;1.611214;1.5012;0;.500104069200005
P15;-.457559;8.516441;10.916441;15.3;8.329941;.096143;2.94795;0;.500104069200005
P15;-1.337517;8.0263;7.723022;18.7;8.516441;.457559;2.8746;1;.500104069200005
P15;-1.163236;8.515609;8.413644;7.2;8.0263;1.337517;3.699;1;.500104069200005
P15;.617697;7.700018;5.474516;16.3;8.515609;1.163236;4.90725;1;.500104069200005
P15;1.67501;10.84142;4.573863;11;7.700018;.617697;4.83435;1;.500104069200005
P16;.556761;3.447428;7.747428;43.7; ; ;.7506;0;.209569040378846
P16;.221978;4.361252;19.061252;20.5;3.447428;.556761;.07335;0;.209569040378846
P16;.115905;4.553226;46.053226;45.9;4.361252;.221978;.16515;0;.209569040378846
P16;1.48723;5.495292;3.573303;5.1;4.553226;.115905;.8973;1;.209569040378846
P16;.78019;3.057121;5.157121;7.3;5.495292;1.48723;3.47895;0;.209569040378846
P16;.268307;2.935953;23.035953;10.8;3.057121;.78019;1.2087;0;.209569040378846
P16;-.269908;3.759907;8.559907;11.1;2.935953;.268307;.29295;0;.209569040378846
P16;-.860572;3.562406;4.262406;10.3;3.759907;.269908;1.13535;0;.209569040378846
P16;1.149382;2.834427;2.834427;3.2;3.562406;.860572;4.76055;1;.209569040378846
P16;-.788392;3.948677;5.448677;9.6;2.834427;1.149382;.2196;0;.209569040378846
P16;.630477;3.354572;5.654572;11.1;3.948677;.788392;.75105;0;.209569040378846
P16;-.544354;3.760954;6.560954;8.8;3.354572;.630477;1.30005;0;.209569040378846
P16;-.237857;3.246672;19.946672;6.7;3.760954;.544354;2.05065;0;.209569040378846
P16;1.1086;4.364624;4.464624;10.1;3.246672;.237857;1.90395;0;.209569040378846
P16;-1.230225;3.24629;3.142835;4.7;4.364624;1.1086;2.80125;1;.209569040378846
P16;-.565482;3.239575;6.339575;11.1;3.24629;1.230225;.29295;0;.209569040378846
P16;.354996;3.250118;7.150118;8.9;3.239575;.565482;2.3436;0;.209569040378846
P16;.264154;4.064663;7.764663;10.1;3.250118;.354996;3.4605;0;.209569040378846
P16;-.384112;3.451248;7.451248;6.3;4.064663;.264154;5.29155;0;.209569040378846
P16;-.427524;3.640808;8.240808;7.4;3.451248;.384112;4.0833;0;.209569040378846
P16;-.175901;4.465172;2.029005;3.6;3.640808;.427524;5.60295;1;.209569040378846
P16;-.181892;2.864439;9.964439;8.7;4.465172;.175901;3.33225;0;.209569040378846
P16;.251691;3.349106;6.149106;11;2.864439;.181892;1.593;0;.209569040378846
P16;-.607633;3.447573;8.947573;7.5;3.349106;.251691;3.62565;0;.209569040378846
P16;-.014851;2.329073;5.429073;7.5;3.447573;.607633;.14625;0;.209569040378846
P16;.171959;2.33037;37.63037;12.8;2.329073;.014851;1.593;0;.209569040378846
P16;-.415001;2.258122;15.058122;4.7;2.33037;.171959;4.76055;0;.209569040378846
P16;-.075698;3.148234;11.948234;7;2.258122;.415001;2.80125;0;.209569040378846
P16;.120776;2.839086;9.339086;14.4;3.148234;.075698;1.66635;0;.209569040378846
P16;-.775167;3.476782;6.676782;8;2.839086;.120776;.98865;0;.209569040378846
P16;-.979407;3.635883;4.435883;6.5;3.476782;.775167;.6777;0;.209569040378846
P16;.435456;2.976311;6.676311;16;3.635883;.979407;1.66635;0;.209569040378846
P16;.734821;3.44373;4.94373;9.6;2.976311;.435456;1.575;0;.209569040378846
P16;.023343;2.426737;7.926737;8.5;3.44373;.734821;3.16755;0;.209569040378846
P16;.849027;3.044317;5.644317;5.1;2.426737;.023343;1.51965;0;.209569040378846
P16;1.158619;3.344417;3.241579;6.3;3.044317;.849027;.7506;1;.209569040378846
P16;.615094;2.868347;6.968347;9.9;3.344417;1.158619;.07335;0;.209569040378846
P16;-.069653;3.247191;10.347191;9.9;2.868347;.615094;1.88595;0;.209569040378846
P16;-.786781;2.935654;5.435654;5.7;3.247191;.069653;1.3734;0;.209569040378846
P16;-.436844;2.856893;8.556893;5.3;2.935654;.786781;6.50025;0;.209569040378846
P16;-1.042267;2.546438;2.846438;3.5;2.856893;.436844;5.07195;0;.209569040378846
P16;.742002;3.747132;5.347132;15.6;2.546438;1.042267;3.699;0;.209569040378846
P16;-.631748;2.238802;17.238802;19;3.747132;.742002;0;0;.209569040378846
P16;.387871;2.633434;12.533434;13.4;2.238802;.631748;1.37295;0;.209569040378846
P16;-.515714;3.237208;15.837208;28.4;2.633434;.387871;.67725;0;.209569040378846
P16;-.92688;3.141636;3.941636;5.6;3.237208;.515714;2.8746;0;.209569040378846
P16;-.25632;2.735967;15.235967;9.8;3.141636;.92688;1.1349;0;.209569040378846
P16;-.324983;2.438009;12.038009;5.7;2.735967;.25632;2.8746;0;.209569040378846
P16;.667332;2.470064;3.570064;4.3;2.438009;.324983;3.11265;0;.209569040378846
P16;-.961991;2.93473;3.83473;5.8;2.470064;.667332;1.2087;0;.209569040378846
P17;.516164;3.882323;17.882323;20.1; ; ;.9891;0;.186041611224837
P17;-.636445;6.989984;9.989984;40.7;3.882323;.516164;.91575;0;.186041611224837
P17;.39029;7.225878;46.525878;11.9;6.989984;.636445;1.35495;0;.186041611224837
P17;.811214;9.618534;52.618534;10.6;7.225878;.39029;.9153;0;.186041611224837
P17;-1.619485;5.674128;4.158274;10.3;9.618534;.811214;1.7397;1;.186041611224837
P17;.306342;3.64754;16.14754;10;5.674128;1.619485;1.2816;0;.186041611224837
P17;.824334;5.592182;8.592182;11.7;3.64754;.306342;.38475;0;.186041611224837
P17;.538778;4.183102;8.283102;13.9;5.592182;.824334;1.35495;0;.186041611224837
P17;-.156637;4.655685;15.955685;19.2;4.183102;.538778;1.13535;0;.186041611224837
P17;.981845;7.186701;9.386701;15.3;4.655685;.156637;.29295;0;.186041611224837
P17;.119468;4.053444;31.353444;8.9;7.186701;.981845;1.3734;0;.186041611224837
P17;-.94123;7.279373;8.279373;13.9;4.053444;.119468;.38475;0;.186041611224837
P17;.092227;8.205248;43.805248;15.4;7.279373;.94123;.6957;0;.186041611224837
P17;-1.562493;6.588427;5.777025;11.8;8.205248;.092227;.89685;1;.186041611224837
P17;.622154;3.136729;6.636729;8.3;6.588427;1.562493;.7506;0;.186041611224837
P17;.458269;3.549276;20.949276;10.8;3.136729;.622154;.67725;0;.186041611224837
P17;.94972;3.952976;5.152976;7.1;3.549276;.458269;.67725;0;.186041611224837
P17;-.358485;4.557032;8.557032;12.2;3.952976;.94972;.14625;0;.186041611224837
P17;-.021084;5.974197;13.374197;36.2;4.557032;.358485;.31095;0;.186041611224837
P17;.492634;3.139937;7.839937;10.5;5.974197;.021084;.07335;0;.186041611224837
P17;-.119848;2.229045;7.929045;9.3;3.139937;.492634;2.655;0;.186041611224837
P17;.21152;4.954178;29.754178;13.5;2.229045;.119848;.531;0;.186041611224837
P17;-.371098;6.182438;14.182438;11.9;4.954178;.21152;.38475;0;.186041611224837
P17;-.711719;9.527491;13.927491;23.5;6.182438;.371098;0;0;.186041611224837
P17;-.079051;2.735771;20.835771;18.9;9.527491;.711719;.8973;0;.186041611224837
P17;-1.298323;4.044721;3.743961;7.2;2.735771;.079051;.4392;1;.186041611224837
P17;.058097;3.851143;17.951143;16.3;4.044721;1.298323;.14625;0;.186041611224837
P17;-.335293;3.758974;8.058974;51;3.851143;.058097;.531;0;.186041611224837
P17;.696578;5.672943;10.872943;16.5;3.758974;.335293;0;0;.186041611224837
P17;-.623827;3.151753;4.951753;7.5;5.672943;.696578;0;0;.186041611224837
P17;-.202564;5.185056;29.085056;19.4;3.151753;.623827;.38475;0;.186041611224837
P17;.600294;2.938454;11.638454;7.9;5.185056;.202564;1.04355;0;.186041611224837
P17;-.18996;4.253847;18.053847;14.2;2.938454;.600294;.16515;0;.186041611224837
P17;.144797;2.22753;7.92753;12.6;4.253847;.18996;1.9593;0;.186041611224837
P17;-1.091609;6.577293;6.677293;12;2.22753;.144797;.07335;0;.186041611224837
P17;.510125;2.762319;5.462319;10.8;6.577293;1.091609;.60435;0;.186041611224837
P17;-.070799;5.064852;11.364852;20.9;2.762319;.510125;.14625;0;.186041611224837
P17;-.394754;6.600259;10.700259;16.4;5.064852;.070799;0;0;.186041611224837
P17;.207961;2.931019;12.131019;21.5;6.600259;.394754;.2196;0;.186041611224837
P17;-.806895;6.718865;9.418865;12.8;2.931019;.207961;.16515;0;.186041611224837
P17;1.792101;8.735691;6.806435;12.4;6.718865;.806895;0;1;.186041611224837
P17;-.071774;4.477886;14.477886;18.8;8.735691;1.792101;0;0;.186041611224837
P17;.103106;3.866624;12.066624;14.9;4.477886;.071774;.29295;0;.186041611224837
P17;.380913;2.83343;7.73343;8.9;3.866624;.103106;.531;0;.186041611224837
P17;-.147455;6.276333;40.276333;44.1;2.83343;.380913;0;0;.186041611224837
P17;-.179713;4.475956;22.375956;9.3;6.276333;.147455;.9702;0;.186041611224837
P17;-.328027;4.860542;40.260542;11;4.475956;.179713;.3843;0;.186041611224837
P17;-.097991;5.772915;20.472915;13.4;4.860542;.328027;.4581;0;.186041611224837
P17;-.27764;4.251858;31.551858;9.3;5.772915;.097991;.8973;0;.186041611224837
P17;.461071;6.98733;21.98733;26.6;4.251858;.27764;0;0;.186041611224837
P18;-.015233;4.150028;39.350028;41.5; ; ;0;0;.115587117279956
P18;.471938;3.443325;19.043325;50.8;4.150028;.015233;2.41695;0;.115587117279956
P18;.060182;3.038696;11.738696;13;3.443325;.471938;1.20825;0;.115587117279956
P18;.539392;5.06151;10.66151;17.4;3.038696;.060182;2.94795;0;.115587117279956
P18;-.211433;3.346344;7.546344;11.7;5.06151;.539392;1.88595;0;.115587117279956
P18;.576544;3.844014;16.944014;11.7;3.346344;.211433;1.5012;0;.115587117279956
P18;.231301;3.347095;14.747095;20.3;3.844014;.576544;1.88595;0;.115587117279956
P18;1.126807;4.252531;4.252531;15.3;3.347095;.231301;1.83105;1;.115587117279956
P18;.553516;2.940889;7.440889;7.8;4.252531;1.126807;1.4283;0;.115587117279956
P18;-.599703;3.642275;5.042275;21;2.940889;.553516;3.47895;0;.115587117279956
P18;1.3772;3.745029;3.340225;16;3.642275;.599703;4.1751;1;.115587117279956
P18;.830196;3.746838;13.946838;14.9;3.745029;1.3772;2.655;0;.115587117279956
P18;.328059;3.947538;11.847538;9.1;3.746838;.830196;3.6252;0;.115587117279956
P18;-.072545;3.241003;6.141003;9.2;3.947538;.328059;3.16755;0;.115587117279956
P18;.360108;2.637764;7.337764;16.8;3.241003;.072545;1.4283;0;.115587117279956
P18;.43161;2.836208;10.036208;8.3;2.637764;.360108;2.1789;0;.115587117279956
P18;.068267;3.651459;7.551459;7.1;2.836208;.43161;3.5523;0;.115587117279956
P18;.805931;3.175242;4.775242;9.8;3.651459;.068267;2.4903;0;.115587117279956
P18;.531859;2.841902;12.941902;5.6;3.175242;.805931;2.72835;0;.115587117279956
P18;-.091915;3.570116;7.570116;6.4;2.841902;.531859;3.9915;0;.115587117279956
P18;.478307;3.551315;13.251315;35.7;3.570116;.091915;3.4056;0;.115587117279956
P18;.685754;3.950073;18.750073;9.3;3.551315;.478307;2.4903;0;.115587117279956
P18;.3592;3.042621;11.142621;11.9;3.950073;.685754;4.5225;0;.115587117279956
P18;.244106;3.17564;6.97564;27.3;3.042621;.3592;4.46805;0;.115587117279956
P18;-.554796;3.445189;5.945189;16.3;3.17564;.244106;4.15665;0;.115587117279956
P18;.666585;4.047081;12.647081;25.7;3.445189;.554796;2.8017;0;.115587117279956
P18;.485154;3.675316;7.675316;6.9;4.047081;.666585;4.90725;0;.115587117279956
P18;.144912;3.260709;12.060709;16.4;3.675316;.485154;4.68765;0;.115587117279956
P18;-.015619;3.338402;8.538402;7.4;3.260709;.144912;3.2589;0;.115587117279956
P18;.670283;3.454002;10.554002;8.7;3.338402;.015619;4.1562;0;.115587117279956
P18;.548742;2.831602;19.331602;7.7;3.454002;.670283;3.16755;0;.115587117279956
P18;-.559584;3.184952;4.084952;15.3;2.831602;.548742;4.8339;0;.115587117279956
P18;.484922;2.833986;25.933986;8;3.184952;.559584;3.186;0;.115587117279956
P18;-.022857;3.76315;10.56315;10.5;2.833986;.484922;2.56365;0;.115587117279956
P18;.209974;3.242325;10.842325;45.4;3.76315;.022857;2.63655;0;.115587117279956
P18;.171057;3.852102;15.452102;11;3.242325;.209974;2.655;0;.115587117279956
P18;.827696;2.332191;3.432191;5.5;3.852102;.171057;5.2965;0;.115587117279956
P18;1.003807;3.266153;4.266153;10.4;2.332191;.827696;3.168;0;.115587117279956
P18;.219115;2.566517;9.266517;8.6;3.266153;1.003807;2.27025;0;.115587117279956
P18;.202994;3.249514;9.749514;9.2;2.566517;.219115;2.58165;0;.115587117279956
P18;.113998;3.067469;8.267469;36.8;3.249514;.202994;1.8126;0;.115587117279956
P18;-.389793;4.159832;8.359832;8.8;3.067469;.113998;2.8746;0;.115587117279956
P18;.544936;3.331896;8.631896;9.2;4.159832;.389793;2.78325;0;.115587117279956
P18;.217921;3.145948;12.245948;19.4;3.331896;.544936;4.00995;0;.115587117279956
P18;.652394;4.158339;11.458339;11.8;3.145948;.217921;3.717;0;.115587117279956
P18;.449836;3.549601;18.449601;10.6;4.158339;.652394;4.23;0;.115587117279956
P18;.055312;3.569067;7.169067;6.5;3.549601;.449836;4.23;0;.115587117279956
P18;.670452;3.447264;7.347264;20.3;3.569067;.055312;3.47895;0;.115587117279956
P18;1.230163;4.589471;4.084226;50.5;3.447264;.670452;4.06485;1;.115587117279956
P18;.757933;4.561571;13.861571;11.3;4.589471;1.230163;4.1562;0;.115587117279956
P19;-.822783;7.492972;15.892972;13.6; ; ;2.05065;0;.266466205813571
P19;2.092288;6.18503;2.742434;4.8;7.492972;.822783;.98865;1;.266466205813571
P19;-1.770704;7.083874;3.137863;9.1;6.18503;2.092288;2.94795;1;.266466205813571
P19;.435963;6.576229;13.776229;7.7;7.083874;1.770704;2.2707;0;.266466205813571
P19;-.151298;8.742346;18.342346;9.7;6.576229;.435963;3.0213;0;.266466205813571
P19;.788245;11.243321;12.743321;11.9;8.742346;.151298;2.5821;0;.266466205813571
P19;.542102;12.203843;7.229292;20.9;11.243321;.788245;5.43825;1;.266466205813571
P19;1.07244;13.377605;13.477605;7.6;12.203843;.542102;2.80125;0;.266466205813571
P19;.996072;10.843701;6.79604;12.5;13.377605;1.07244;3.33225;1;.266466205813571
P19;-.030149;8.201074;19.901074;13.5;10.843701;.996072;.531;0;.266466205813571
P19;-1.394925;5.563095;4.856655;11;8.201074;.030149;.2196;1;.266466205813571
P19;.819034;8.215233;11.815233;14;5.563095;1.394925;.531;0;.266466205813571
P19;-.907563;9.266508;10.966508;15.5;8.215233;.819034;.4581;0;.266466205813571
P19;.634124;11.035223;2.839646;4.6;9.266508;.907563;1.30005;1;.266466205813571
P19;1.479623;7.832641;6.719427;14;11.035223;.634124;0;1;.266466205813571
P19;.578496;5.495724;21.895724;7.9;7.832641;1.479623;.98865;0;.266466205813571
P19;.838731;6.283575;9.183575;15.8;5.495724;.578496;0;0;.266466205813571
P19;-.475458;6.98231;15.08231;11.4;6.283575;.838731;.45765;0;.266466205813571
P19;.705811;5.48117;7.98117;13.5;6.98231;.475458;0;0;.266466205813571
P19;-.315974;5.065559;11.465559;17.3;5.48117;.705811;.531;0;.266466205813571
P19;-.416492;4.865942;22.665942;19.4;5.065559;.315974;.4392;0;.266466205813571
P19;-.080563;5.272692;14.072692;20.1;4.865942;.416492;.0729000000000005;0;.266466205813571
P19;-.790646;5.080104;7.780104;38.1;5.272692;.080563;.67725;0;.266466205813571
P19;.89537;4.764784;6.364784;8.7;5.080104;.790646;.4581;0;.266466205813571
P19;-.739199;4.480526;7.080526;10.6;4.764784;.89537;0;0;.266466205813571
P19;-.918838;3.47716;4.27716;7.3;4.480526;.739199;.60435;0;.266466205813571
P19;.613553;5.160831;7.460831;12.4;3.47716;.918838;.60435;0;.266466205813571
P19;.400545;4.480278;15.580278;14.6;5.160831;.613553;.9891;0;.266466205813571
P19;-.648664;4.464996;8.864996;9.7;4.480278;.400545;.23805;0;.266466205813571
P19;.17483;5.986291;16.886291;30.3;4.464996;.648664;1.3734;0;.266466205813571
P19;.31793;6.482897;21.882897;23.5;5.986291;.17483;.2196;0;.266466205813571
P19;.609893;5.272659;9.472659;9.4;6.482897;.31793;.60435;0;.266466205813571
P19;-1.512301;5.871935;4.963163;26.1;5.272659;.609893;.7506;1;.266466205813571
P19;.160587;4.391066;13.891066;10;5.871935;1.512301;1.062;0;.266466205813571
P19;-.783884;3.448458;15.948458;9.5;4.391066;.160587;1.51965;0;.266466205813571
P19;-.276828;3.355244;15.055244;9.4;3.448458;.783884;1.13535;0;.266466205813571
P19;-.665358;4.97443;16.37443;10.2;3.355244;.276828;1.6659;0;.266466205813571
P19;-.095498;4.667061;18.767061;20.2;4.97443;.665358;.3843;0;.266466205813571
P19;-.43845;5.781321;21.881321;7.1;4.667061;.095498;.82395;0;.266466205813571
P19;.351681;4.886277;10.486277;16.1;5.781321;.43845;.60435;0;.266466205813571
P19;-.419967;4.991972;13.991972;14.6;4.886277;.351681;.0917999999999995;0;.266466205813571
P19;-1.04887;7.629871;9.029871;13.3;4.991972;.419967;0;0;.266466205813571
P19;-.885006;2.834772;3.434772;8.1;7.629871;1.04887;1.3734;0;.266466205813571
P19;-.125932;4.462688;9.462688;13.9;2.834772;.885006;2.10555;0;.266466205813571
P19;-.769497;3.14545;4.54545;9.4;4.462688;.125932;1.062;0;.266466205813571
P19;-1.002266;3.342634;3.642634;7.5;3.14545;.769497;.91575;0;.266466205813571
P19;-.694048;2.739445;4.139445;6.1;3.342634;1.002266;.2196;0;.266466205813571
P19;-.076051;2.526722;10.926722;16.1;2.739445;.694048;.75105;0;.266466205813571
P19;-1.11193;3.940902;4.040902;6.2;2.526722;.076051;.531;0;.266466205813571
P19;-.509616;2.733463;13.233463;3.9;3.940902;1.11193;3.47895;0;.266466205813571
P20;.195713;4.973043;8.673043;34.6; ; ;3.1131;0;.171158496761115
P20;1.858591;6.924158;6.107166;41.2;4.973043;.195713;3.6252;1;.171158496761115
P20;.510461;3.248173;10.548173;7.9;6.924158;1.858591;1.35495;0;.171158496761115
P20;.795172;3.548355;17.148355;15.4;3.248173;.510461;.4392;0;.171158496761115
P20;1.239446;4.966109;4.459118;8;3.548355;.795172;.38475;1;.171158496761115
P20;.558326;3.850103;18.350103;13.1;4.966109;1.239446;.6777;0;.171158496761115
P20;.430741;3.940975;20.640975;14.3;3.850103;.558326;.6039;0;.171158496761115
P20;-.163297;4.449046;11.249046;40.7;3.940975;.430741;.45765;0;.171158496761115
P20;.198143;3.333519;32.333519;53.8;4.449046;.163297;.14625;0;.171158496761115
P20;.972703;3.946383;5.646383;13.2;3.333519;.198143;.4581;0;.171158496761115
P20;1.333537;4.391312;3.682688;6.9;3.946383;.972703;1.13535;1;.171158496761115
P20;.729951;3.135307;8.635307;20.8;4.391312;1.333537;.7506;0;.171158496761115
P20;.671628;3.239737;15.539737;17.1;3.135307;.729951;.531;0;.171158496761115
P20;.796362;3.768385;24.568385;29.7;3.239737;.671628;.6777;0;.171158496761115
P20;.848351;4.045838;16.045838;34.5;3.768385;.796362;1.44675;0;.171158496761115
P20;.072401;4.36064;7.96064;13.9;4.045838;.848351;2.94795;0;.171158496761115
P20;.21675;3.954846;7.454846;38.1;4.36064;.072401;2.41695;0;.171158496761115
P20;.962273;3.754749;23.454749;10.3;3.954846;.21675;1.1349;0;.171158496761115
P20;.820991;3.939951;10.439951;30.1;3.754749;.962273;1.35495;0;.171158496761115
P20;-1.276869;5.37172;5.168368;9;3.939951;.820991;3.0942;1;.171158496761115
P20;-.749937;4.147338;5.647338;15.5;5.37172;1.276869;2.637;0;.171158496761115
P20;.669242;4.063583;17.763583;16.4;4.147338;.749937;1.13535;0;.171158496761115
P20;.550112;4.972862;10.972862;9.2;4.063583;.669242;2.10555;0;.171158496761115
P20;1.221921;4.760893;4.150973;30.5;4.972862;.550112;1.22715;1;.171158496761115
P20;.568177;4.87284;8.97284;37.1;4.760893;1.221921;3.168;0;.171158496761115
P20;1.282012;4.261713;3.549494;9.9;5.367243;.858656;2.41695;1;.171158496761115
P20;.58657;4.090475;14.490475;25;4.261713;1.282012;1.2816;0;.171158496761115
P20;.220206;4.565033;8.565033;12.2;4.090475;.58657;2.4903;0;.171158496761115
P20;1.063585;3.682207;4.282207;5.4;4.565033;.220206;.8424;0;.171158496761115
P20;.808892;3.758021;22.558021;10.3;3.682207;1.063585;.8973;0;.171158496761115
P20;-.243186;3.339166;6.739166;8.4;3.758021;.808892;.91575;0;.171158496761115
P20;.878542;4.146931;15.146931;12.9;3.339166;.243186;1.593;0;.171158496761115
P20;-.32627;4.252229;6.452229;14.9;4.146931;.878542;1.88595;0;.171158496761115
P20;-.216892;4.282242;6.882242;13;4.252229;.32627;2.63655;0;.171158496761115
P20;.300342;4.07466;11.07466;8.4;4.282242;.216892;1.8126;0;.171158496761115
P20;.107776;4.753727;9.253727;12.6;4.07466;.300342;1.4283;0;.171158496761115
P20;1.05117;4.371126;16.371126;6.4;4.753727;.107776;2.19735;0;.171158496761115
P20;.635261;4.054787;11.254787;20.7;4.371126;1.05117;1.73925;0;.171158496761115
P20;.505136;4.361795;6.761795;11.7;4.054787;.635261;2.8746;0;.171158496761115
P20;1.132957;5.265611;5.265611;11.3;4.361795;.505136;.36585;1;.171158496761115
P20;-.294045;4.766558;10.466558;12.4;5.265611;1.132957;1.062;0;.171158496761115
P20;1.245898;2.963024;2.354584;18.5;4.766558;.294045;.1467;1;.171158496761115
P20;.285683;3.850662;9.150662;12.5;2.963024;1.245898;1.81305;0;.171158496761115
P20;.867366;4.272974;7.472974;15;3.850662;.285683;1.062;0;.171158496761115
P20;.525803;4.252281;27.052281;16.8;4.272974;.867366;.67725;0;.171158496761115
P20;.681073;5.001465;12.001465;18.8;4.252281;.525803;2.4903;0;.171158496761115
P20;-.026581;5.288313;9.388313;16.4;5.001465;.681073;2.124;0;.171158496761115
P20;.978673;4.894696;7.994696;15.2;5.288313;.026581;.9891;0;.171158496761115
P20;.429901;5.301817;9.301817;24.5;4.894696;.978673;2.8746;0;.171158496761115
P21;-.608102;11.333424;6.779335;12.2; ; ;3.2409;1;.473401118617707
P21;999;12.555178;3.443728;23.9;11.333424;.608102;5.3649;1;.473401118617707
P21;1.297078;6.069109;4.35247;10.8;12.555178;7.5;3.64365;1;.473401118617707
P21;.091812;3.854372;7.954372;9.1;6.069109;1.297078;3.3327;0;.473401118617707
P21;-.227469;5.775013;23.375013;33.7;3.854372;.091812;2.10555;0;.473401118617707
P21;.511866;6.485693;20.885693;10.9;5.775013;.227469;1.83105;0;.473401118617707
P21;-.060263;6.431244;13.031244;11;6.485693;.511866;2.41695;0;.473401118617707
P21;-.637854;6.98666;11.18666;11.9;6.431244;.060263;1.73925;0;.473401118617707
P21;.314342;8.110744;4.055567;8.7;6.98666;.637854;1.9773;1;.473401118617707
P21;-1.461387;5.860964;5.558599;9.7;8.110744;.314342;4.3209;1;.473401118617707
P21;.154241;6.080954;11.980954;13.2;5.860964;1.461387;1.8126;0;.473401118617707
P21;1.339991;8.101622;7.393347;11.8;6.080954;.154241;1.5201;1;.473401118617707
P21;.029906;8.611634;21.111634;11;8.101622;1.339991;1.8126;0;.473401118617707
P21;.063522;12.971685;10.13849;4.9;8.611634;.029906;2.1789;1;.473401118617707
P21;1.250485;11.065562;3.562283;17.1;12.971685;.063522;2.41695;1;.473401118617707
P21;.211801;7.912998;29.212998;16.9;11.065562;1.250485;2.43495;0;.473401118617707
P21;1.504805;12.664377;9.824984;16.5;7.912998;.211801;2.80125;1;.473401118617707
P21;-.786483;7.607022;4.772467;5.6;12.664377;1.504805;3.3138;1;.473401118617707
P21;-.069721;10.63653;7.898918;13.2;7.607022;.786483;4.00995;1;.473401118617707
P21;-1.043974;9.748921;5.093525;10.6;10.63653;.069721;2.03265;1;.473401118617707
P21;1.841357;12.663077;11.448637;9.8;9.748921;1.043974;3.0393;1;.473401118617707
P21;-.767545;12.45787;22.25787;15.8;12.663077;1.841357;2.94795;0;.473401118617707
P21;1.035638;12.208956;13.808956;14.9;12.45787;.767545;3.8448;0;.473401118617707
P21;-1.208927;14.498699;8.214466;5.7;12.208956;1.035638;3.11265;1;.473401118617707
P21;-.968791;8.405165;4.657744;39.5;14.498699;1.208927;2.8017;1;.473401118617707
P21;.640507;7.121269;28.421269;16;8.405165;.968791;2.4903;0;.473401118617707
P21;1.180375;8.927677;8.219753;10.9;7.121269;.640507;3.16755;1;.473401118617707
P21;-.6076;7.994843;4.050144;6.5;8.927677;1.180375;1.9593;1;.473401118617707
P21;.507802;8.817427;29.617427;9.2;7.994843;.6076;2.7099;0;.473401118617707
P21;.43555;8.419035;20.619035;10.8;8.817427;.507802;2.5632;0;.473401118617707
P21;-1.838376;9.846273;6.188974;7;8.419035;.43555;2.637;1;.473401118617707
P21;1.698148;10.325939;8.201194;6.5;9.846273;1.838376;3.0213;1;.473401118617707
P21;1.609458;8.910757;6.582758;16.8;10.325939;1.698148;2.72835;1;.473401118617707
P21;1.493018;8.101551;4.456577;6.8;8.910757;1.609458;3.0213;1;.473401118617707
P21;.230267;9.028802;13.628802;7.9;8.101551;1.493018;3.186;0;.473401118617707
P21;-1.357738;6.072521;5.464502;9.7;9.028802;.230267;3.25935;1;.473401118617707
P21;1.357181;8.011022;6.085533;11.2;6.072521;1.357738;2.41695;1;.473401118617707
P21;-1.731295;10.220707;8.905535;17.7;8.011022;1.357181;1.2087;1;.473401118617707
P21;.24642;8.899033;27.499033;17.1;10.220707;1.731295;1.73925;0;.473401118617707
P21;-.250554;10.54849;39.84849;10.2;8.899033;.24642;1.9773;0;.473401118617707
P21;-1.868613;13.265192;10.21869;8;10.54849;.250554;2.19735;1;.473401118617707
P21;1.81462;7.811355;5.271671;7.9;13.265192;1.868613;1.81305;1;.473401118617707
P21;.699465;6.272957;14.272957;7.3;7.811355;1.81462;2.655;0;.473401118617707
P21;-.957592;8.219164;4.166256;5.5;6.272957;.699465;2.19735;1;.473401118617707
P21;-.011481;9.033814;13.733814;9.7;8.219164;.957592;3.09465;0;.473401118617707
P21;-.405698;8.410358;3.238806;16.6;9.033814;.011481;2.0322;1;.473401118617707
P21;1.519128;6.700302;4.365475;6.2;8.410358;.405698;1.8126;1;.473401118617707
P21;.573229;6.589939;9.889939;17.2;6.700302;1.519128;1.97775;0;.473401118617707
P21;-.362668;7.646445;26.246445;14.8;6.589939;.573229;1.88595;0;.473401118617707
P21;1.22069;6.379708;5.770579;13;7.646445;.362668;1.9773;1;.473401118617707
P22;1.151527;9.516621;6.278872;49.4; ; ;1.97775;1;.427857480781557
P22;.007985;6.510195;20.410195;14.3;9.516621;1.151527;1.9593;0;.427857480781557
P22;-.68344;10.038237;4.878609;5.8;6.510195;.007985;4.32135;1;.427857480781557
P22;-.406857;9.924959;4.053515;24.4;10.038237;.68344;4.76055;1;.427857480781557
P22;-.476777;7.812586;20.312586;7.4;9.924959;.406857;4.6143;0;.427857480781557
P22;-.802835;9.527979;5.268074;8.6;7.812586;.476777;5.1453;1;.427857480781557
P22;-.814185;7.512039;4.168119;7.6;9.527979;.802835;4.54095;1;.427857480781557
P22;-.886378;4.970267;5.870267;13.5;7.512039;.814185;5.74965;0;.427857480781557
P22;-.365431;6.87985;10.67985;36.1;4.970267;.886378;5.8959;0;.427857480781557
P22;.818611;7.086622;4.552065;10.1;6.87985;.365431;1.13535;1;.427857480781557
P22;-.064409;2.640327;4.740327;9.6;7.086622;.818611;3.7719;0;.427857480781557
P22;-.806223;5.480005;10.680005;18;2.640327;.064409;7.56225;0;.427857480781557
P22;.202973;7.497103;2.540226;6.8;5.480005;.806223;7.19595;1;.427857480781557
P22;-.302511;6.185568;12.885568;8.3;7.497103;.202973;8.45955;0;.427857480781557
P22;.774154;7.313383;12.013383;27.7;6.185568;.302511;5.12685;0;.427857480781557
P22;-.439951;5.504363;8.504363;14.6;7.313383;.774154;8.09325;0;.427857480781557
P22;.35104;6.730772;18.630772;14.7;5.504363;.439951;7.25085;0;.427857480781557
P22;.668929;7.913674;4.067848;13.5;6.730772;.35104;6.1155;1;.427857480781557
P22;.340308;7.317056;3.57089;5.3;7.913674;.668929;5.82255;1;.427857480781557
P22;-1.401907;8.3202;6.192866;12.8;7.317056;.340308;7.63515;1;.427857480781557
P22;1.732868;7.823261;3.475658;21.6;8.3202;1.401907;7.70895;1;.427857480781557
P22;.839887;6.67878;7.67878;6.5;7.823261;1.732868;8.00145;0;.427857480781557
P22;-.616228;7.225565;9.825565;6.9;6.67878;.839887;7.56225;0;.427857480781557
P22;-1.392624;6.894985;3.856844;5.4;7.225565;.616228;5.07195;1;.427857480781557
P22;-1.565257;4.285262;3.272725;4.2;6.894985;1.392624;5.36535;1;.427857480781557
P22;.081641;3.344984;6.844984;35.5;4.285262;1.565257;4.761;0;.427857480781557
P22;-1.143246;3.875271;3.875271;35.1;3.344984;.081641;3.9186;1;.427857480781557
P22;.400951;4.158228;14.458228;6.8;3.875271;1.143246;5.292;0;.427857480781557
P22;1.143384;4.055638;4.055638;9.6;4.158228;.400951;4.61385;1;.427857480781557
P22;.90182;4.773974;5.773974;7;4.055638;1.143384;7.1046;0;.427857480781557
P22;.250006;4.384273;12.884273;11.1;4.773974;.90182;5.96925;0;.427857480781557
P22;.022043;5.086968;27.986968;5.3;4.384273;.250006;6.4269;0;.427857480781557
P22;-.697326;3.551947;7.951947;7;5.086968;.022043;4.00995;0;.427857480781557
P22;.646588;4.545579;9.545579;44.1;3.551947;.697326;5.7312;0;.427857480781557
P22;-.579745;4.763658;6.663658;28.5;4.545579;.646588;5.29155;0;.427857480781557
P22;.855085;3.953549;14.753549;7.7;4.763658;.579745;7.416;0;.427857480781557
P22;-.223101;3.444105;9.744105;4.8;3.953549;.855085;6.0426;0;.427857480781557
P22;-1.004976;4.051443;4.551443;24.6;3.444105;.223101;3.0213;0;.427857480781557
P22;-.201371;4.965574;11.765574;12.7;4.051443;1.004976;3.99195;0;.427857480781557
P22;-.255727;5.278067;11.678067;7.9;4.965574;.201371;4.68765;0;.427857480781557
P22;.028097;5.32011;11.82011;7.1;5.278067;.255727;5.7492;0;.427857480781557
P22;1.411119;6.674309;4.450708;7.8;5.32011;.028097;5.82255;1;.427857480781557
P22;.321989;4.165541;7.065541;8.8;6.674309;1.411119;4.6872;0;.427857480781557
P22;-.520135;5.320994;9.720994;46.4;4.165541;.321989;2.80125;0;.427857480781557
P22;.516504;5.368254;3.950644;7.4;5.320994;.520135;8.29035;1;.427857480781557
P22;-.630772;5.166203;15.566203;7.4;5.368254;.516504;4.83435;0;.427857480781557
P22;.109558;5.494515;13.094515;8.1;5.166203;.630772;2.80125;0;.427857480781557
P22;.176304;3.461865;10.461865;19.5;5.494515;.109558;3.3876;0;.427857480781557
P22;-.597381;4.883873;10.283873;8.7;3.461865;.176304;5.45625;0;.427857480781557
P22;1.496391;5.987334;4.569804;20;4.883873;.597381;4.4676;1;.427857480781557
P24;.477175;1.012058;12.912058;10.7; ; ;1.062;0;.094028624500547
P24;.41064;.909979;7.209979;8.1;1.012058;.477175;0;0;.094028624500547
P24;.502128;1.420365;9.320365;38.6;.909979;.41064;1.04355;0;.094028624500547
P24;.49809;1.620146;15.920146;7.8;1.420365;.502128;1.13535;0;.094028624500547
P24;.396997;1.822165;15.222165;13.1;1.620146;.49809;.7506;0;.094028624500547
P24;.407948;2.230481;7.630481;15.6;1.822165;.396997;.76905;0;.094028624500547
P24;.006244;2.225948;5.725948;7.8;2.230481;.407948;.07335;0;.094028624500547
P24;.695757;2.438456;14.438456;5.7;2.225948;.006244;1.90395;0;.094028624500547
P24;.094171;2.837125;29.037125;9.3;2.438456;.695757;1.13535;0;.094028624500547
P24;.37164;2.838832;9.438832;14.7;2.837125;.094171;1.20825;0;.094028624500547
P24;-.24478;3.373963;7.573963;8.3;2.838832;.37164;1.2816;0;.094028624500547
P24;.512169;2.946341;23.546341;9.5;3.373963;.24478;1.35495;0;.094028624500547
P24;.004282;3.142048;12.742048;14.9;2.946341;.512169;.7506;0;.094028624500547
P24;.554797;2.833406;7.533406;10.8;3.142048;.004282;1.20825;0;.094028624500547
P24;.578045;3.050258;11.050258;20.9;2.833406;.554797;.60435;0;.094028624500547
P24;.483576;3.339632;13.039632;8.5;3.050258;.578045;1.44675;0;.094028624500547
P24;-.13087;3.791891;6.691891;23.7;3.339632;.483576;1.28205;0;.094028624500547
P24;.308229;3.750836;10.550836;18.9;3.791891;.13087;1.062;0;.094028624500547
P24;.227176;3.543087;12.843087;7.7;3.750836;.308229;1.57455;0;.094028624500547
P24;.693381;3.336636;5.236636;9.6;3.543087;.227176;3.03975;0;.094028624500547
P24;-.127135;2.531817;31.031817;10.9;3.336636;.693381;.98865;0;.094028624500547
P24;-.910008;4.563322;5.063322;7.6;2.531817;.127135;2.3436;0;.094028624500547
P24;.428103;3.046516;48.846516;18.6;4.563322;.910008;1.44675;0;.094028624500547
P24;-.329877;3.133653;6.133653;6.7;3.046516;.428103;1.30005;0;.094028624500547
P24;.448205;3.056837;14.656837;9.6;3.133653;.329877;1.2816;0;.094028624500547
P24;1.166369;3.549925;3.449601;5.5;3.056837;.448205;1.062;1;.094028624500547
P24;.44781;2.731043;13.531043;14.2;3.549925;1.166369;1.593;0;.094028624500547
P24;.537062;2.628353;46.828353;6.2;2.731043;.44781;1.73925;0;.094028624500547
P24;-.066661;2.53071;15.03071;9.4;2.628353;.537062;.60435;0;.094028624500547
P24;.513184;2.328969;32.728969;9.2;2.53071;.066661;.98865;0;.094028624500547
P24;.536232;2.933728;22.233728;12.4;2.328969;.513184;.6777;0;.094028624500547
P24;.18882;2.129102;13.429102;14.4;2.933728;.536232;.98865;0;.094028624500547
P24;.172855;3.0376;9.7376;10.9;2.129102;.18882;1.2816;0;.094028624500547
P24;-.101455;2.861737;7.661737;13.8;3.0376;.172855;1.13535;0;.094028624500547
P24;-.102218;2.537388;7.537388;19.1;2.861737;.101455;1.062;0;.094028624500547
P24;.338668;3.034836;22.134836;14.3;2.537388;.102218;.7506;0;.094028624500547
P24;.152298;2.251762;9.851762;18.7;3.034836;.338668;.4392;0;.094028624500547
P24;.890705;3.03577;4.33577;9;2.251762;.152298;.51255;0;.094028624500547
P24;.421468;2.332906;7.532906;9.9;3.03577;.890705;1.37295;0;.094028624500547
P24;.219391;2.932409;30.932409;20.9;2.332906;.421468;1.13535;0;.094028624500547
P24;-.181346;2.939251;15.139251;8;2.932409;.219391;1.6659;0;.094028624500547
P24;.105278;2.631695;9.831695;7.1;2.939251;.181346;1.66635;0;.094028624500547
P24;.214661;2.636358;6.036358;10;2.631695;.105278;1.2087;0;.094028624500547
P24;.193681;2.935064;24.735064;24.6;2.636358;.214661;1.37295;0;.094028624500547
P24;.385567;3.034163;16.734163;5.6;2.935064;.193681;2.655;0;.094028624500547
P24;.535617;3.04491;15.04491;13.2;3.034163;.385567;.69615;0;.094028624500547
P24;.383898;3.035177;42.835177;8.7;3.04491;.535617;1.13535;0;.094028624500547
P24;.521873;2.746837;8.546837;6.3;3.035177;.383898;1.1349;0;.094028624500547
P24;.681229;3.137821;30.137821;24.2;2.746837;.521873;.31095;0;.094028624500547
P24;.396499;2.528501;9.128501;10.4;3.137821;.681229;1.5012;0;.094028624500547
P25;.00208;4.152023;9.752023;7.4; ; ;2.4903;0;.375698239894578
P25;-.2995;4.862404;7.662404;10.1;4.152023;.00208;4.3947;0;.375698239894578
P25;.662248;6.173609;4.456325;19.2;4.862404;.2995;4.37625;1;.375698239894578
P25;-.048053;6.216634;3.374731;7.3;6.173609;.662248;3.8637;1;.375698239894578
P25;1.083153;7.192699;5.266663;6.7;6.216634;.048053;3.0213;1;.375698239894578
P25;-1.112606;7.938333;2.628141;5;7.192699;1.083153;4.0833;1;.375698239894578
P25;.518278;6.592544;29.192544;11;7.938333;1.112606;1.44675;0;.375698239894578
P25;.51587;6.702165;22.702165;11.7;6.592544;.518278;1.2816;0;.375698239894578
P25;1.163785;10.970402;3.765873;5;6.702165;.51587;3.0942;1;.375698239894578
P25;-.233293;11.54083;7.594372;10.1;10.970402;1.163785;2.41695;1;.375698239894578
P25;2.315069;10.729742;4.250813;8.2;11.54083;.233293;3.09465;1;.375698239894578
P25;1.043638;6.617521;3.778429;9.5;10.729742;2.315069;4.00995;1;.375698239894578
P25;-1.205095;5.772647;5.672082;34.7;6.617521;1.043638;5.4567;1;.375698239894578
P25;-.888494;6.198914;15.998914;7.6;5.772647;1.205095;3.79035;0;.375698239894578
P25;-1.607687;6.908617;6.297874;12;6.198914;.888494;3.3327;1;.375698239894578
P25;-.384054;5.369546;7.669546;34.9;6.908617;1.607687;1.88595;0;.375698239894578
P25;1.474442;6.000336;4.782968;46.3;5.369546;.384054;2.87505;1;.375698239894578
P25;1.368157;6.474688;3.44273;7.8;6.000336;1.474442;2.27025;1;.375698239894578
P25;-.820487;5.468708;7.168708;13.1;6.474688;1.368157;2.19735;0;.375698239894578
P25;-1.570827;5.364729;3.846942;5.6;5.468708;.820487;3.2589;1;.375698239894578
P25;-.055173;4.803284;23.103284;11;5.364729;1.570827;1.5012;0;.375698239894578
P25;-1.50924;5.180595;4.063677;14.9;4.803284;.055173;1.593;1;.375698239894578
P25;.556381;4.959507;7.259507;15.2;5.180595;1.50924;3.186;0;.375698239894578
P25;-.191075;5.167661;21.667661;34;4.959507;.556381;1.7397;0;.375698239894578
P25;-.756809;5.402355;7.602355;8.7;5.167661;.191075;1.66635;0;.375698239894578
P25;1.152653;6.612762;6.511144;22.3;5.402355;.756809;1.66635;1;.375698239894578
P25;-.079539;4.959976;23.459976;8.6;6.612762;1.152653;1.83105;0;.375698239894578
P25;-1.343131;5.704846;5.194582;6.8;4.959976;.079539;1.88595;1;.375698239894578
P25;.095246;4.674008;10.474008;23.7;5.704846;1.343131;2.3436;0;.375698239894578
P25;-1.599744;5.588321;4.876013;16.7;4.674008;.095246;1.8126;1;.375698239894578
P25;-.746013;5.180458;20.180458;14.4;5.588321;1.599744;2.1789;0;.375698239894578
P25;.05533;4.996948;11.196948;12.2;5.180458;.746013;1.593;0;.375698239894578
P25;.235915;6.179859;11.779859;7.3;4.996948;.05533;2.0322;0;.375698239894578
P25;-.640135;6.22963;25.52963;5.3;6.179859;.235915;2.2707;0;.375698239894578
P25;-.06109;6.580396;15.180396;8.2;6.22963;.640135;2.1969;0;.375698239894578
P25;.504152;6.077813;11.677813;41.2;6.580396;.06109;1.2267;0;.375698239894578
P25;1.441134;6.580479;4.556763;7.4;6.077813;.504152;1.66635;1;.375698239894578
P25;1.051565;5.368381;5.868381;8.4;6.580479;1.441134;.98865;0;.375698239894578
P25;.563233;4.963669;8.163669;24.8;5.368381;1.051565;1.13535;0;.375698239894578
P25;-.179421;4.565682;11.165682;21;4.963669;.563233;1.35495;0;.375698239894578
P25;.127157;5.460049;23.060049;13.9;4.565682;.179421;1.7397;0;.375698239894578
P25;1.544093;6.082424;4.869986;39;5.460049;.127157;2.56365;1;.375698239894578
P25;-.69648;4.055748;6.455748;26.6;6.082424;1.544093;1.13535;0;.375698239894578
P25;-1.181485;3.955648;3.855203;7.2;4.055748;.69648;1.35495;1;.375698239894578
P25;-.320124;3.845644;31.345644;10;3.955648;1.181485;2.124;0;.375698239894578
P25;-.497777;3.991076;9.791076;33.3;3.845644;.320124;1.8126;0;.375698239894578
P25;-1.145541;4.067866;4.067866;6.3;3.991076;.497777;1.81305;1;.375698239894578
P25;.497573;3.649725;8.449725;5.4;4.067866;1.145541;4.22955;0;.375698239894578
P25;-.631103;4.073518;7.973518;10.7;3.649725;.497573;3.186;0;.375698239894578
P25;.320528;3.957705;13.857705;5;4.073518;.631103;3.33225;0;.375698239894578
P26;.391434;4.20055;11.70055;31.7; ; ;.76905;0;.264891448920657
P26;-1.327744;6.914482;6.609442;6.2;4.20055;.391434;2.7099;1;.264891448920657
P26;.309752;4.466633;12.366633;13;6.914482;1.327744;1.5201;0;.264891448920657
P26;.564601;8.811384;12.011384;10.1;4.466633;.309752;2.25225;0;.264891448920657
P26;.844779;10.951599;5.385557;7.9;12.351041;.714072;1.66635;1;.264891448920657
P26;-1.491119;6.578282;5.059138;9.6;10.951599;.844779;.91575;1;.264891448920657
P26;1.122499;8.856317;4.800085;11.7;6.578282;1.491119;1.9593;1;.264891448920657
P26;-1.634246;4.962912;3.846199;15.3;8.856317;1.122499;2.80125;1;.264891448920657
P26;-.259808;3.188604;12.888604;34.1;4.962912;1.634246;.3843;0;.264891448920657
P26;1.418921;6.992762;6.182827;28;3.188604;.259808;.4581;1;.264891448920657
P26;-1.790368;5.473785;4.456739;6.9;6.992762;1.418921;2.41695;1;.264891448920657
P26;1.211945;4.486637;4.280459;12.2;5.473785;1.790368;1.593;1;.264891448920657
P26;1.417122;5.173795;4.462154;8.9;4.564642;.372968;1.4283;1;.264891448920657
P26;.681429;3.041878;10.141878;16.1;5.173795;1.417122;.1467;0;.264891448920657
P26;.819473;4.085785;7.185785;8.8;3.041878;.681429;2.10555;0;.264891448920657
P26;.272633;3.98834;13.98834;8.3;4.085785;.819473;1.66635;0;.264891448920657
P26;-.097251;3.346583;8.046583;10.6;3.98834;.272633;.14625;0;.264891448920657
P26;-.049854;5.765051;31.565051;34.8;3.346583;.097251;0;0;.264891448920657
P26;-.112081;4.046236;43.446236;21.5;6.498073;1.066016;.531;0;.264891448920657
P26;.243422;4.052717;2.435375;4.1;4.046236;.112081;1.57455;1;.264891448920657
P26;1.452873;4.66093;3.751087;5.8;4.052717;.243422;1.20825;1;.264891448920657
P26;.008736;2.322006;10.022006;13.9;4.66093;1.452873;1.20825;0;.264891448920657
P26;.575834;2.131092;4.731092;4.4;2.322006;.008736;2.3436;0;.264891448920657
P26;.324077;3.242552;7.442552;10.1;2.131092;.575834;.14625;0;.264891448920657
P26;.078406;2.930265;13.330265;19.1;3.242552;.324077;.14625;0;.264891448920657
P26;.845936;3.648565;4.848565;9.4;2.930265;.078406;.531;0;.264891448920657
P26;.148782;4.437303;13.837303;11.9;3.648565;.845936;.531;0;.264891448920657
P26;.81357;4.967546;6.667546;16.6;4.437303;.148782;.9153;0;.264891448920657
P26;1.417874;4.257308;3.64814;8.3;4.967546;.81357;1.1349;1;.264891448920657
P26;-.465478;3.249853;18.149853;7.6;4.257308;1.417874;.76905;0;.264891448920657
P26;-.083793;3.450022;10.750022;16.9;3.249853;.465478;1.062;0;.264891448920657
P26;1.289732;5.667968;4.960106;11.2;3.450022;.083793;.2196;1;.264891448920657
P26;.306195;5.36977;16.16977;31.6;5.667968;1.289732;.4392;0;.264891448920657
P26;-1.852675;5.703488;3.777668;8.8;5.36977;.306195;.3114;1;.264891448920657
P26;.471743;3.344524;8.144524;35.1;5.703488;1.852675;.6957;0;.264891448920657
P26;-.278664;2.645931;11.145931;23.2;3.344524;.471743;.6039;0;.264891448920657
P26;.160084;4.992424;11.592424;19.3;2.645931;.278664;.91575;0;.264891448920657
P26;.730593;2.535261;15.535261;9.9;4.992424;.160084;1.2087;0;.264891448920657
P26;.377009;4.562731;29.862731;25.5;2.535261;.730593;.07335;0;.264891448920657
P26;.368658;3.444681;13.744681;6.8;4.562731;.377009;1.7397;0;.264891448920657
P26;-.466911;3.677532;15.777532;9.1;3.444681;.368658;.60435;0;.264891448920657
P26;1.292173;3.572542;3.167296;12.1;3.677532;.466911;1.20825;1;.264891448920657
P26;.125085;4.661161;43.161161;46.1;3.572542;1.292173;.45765;0;.264891448920657
P26;-.383078;4.768374;7.868374;9.1;4.661161;.125085;2.0322;0;.264891448920657
P26;1.130685;4.602424;4.602424;8;4.768374;.383078;.3843;1;.264891448920657
P26;.834235;3.333139;5.633139;17.8;4.602424;1.130685;.4581;0;.264891448920657
P26;.212741;5.456817;34.156817;26.8;3.333139;.834235;.23805;0;.264891448920657
P28;.131255;1.21319;10.41319;9.3; ; ;1.8126;0;.279842348274513
P28;.286177;1.309433;5.409433;5.8;1.21319;.131255;2.72835;0;.279842348274513
P28;.308359;2.230221;17.330221;6.5;1.309433;.286177;2.94795;0;.279842348274513
P28;.06015;3.231979;23.431979;6.6;2.230221;.308359;3.25935;0;.279842348274513
P28;1.641344;3.644668;2.73455;8.1;3.231979;.06015;9.2151;1;.279842348274513
P28;-.18815;3.237602;5.737602;1.7;3.644668;1.641344;7.4889;0;.279842348274513
P28;-.367665;3.287655;9.787655;13.5;3.237602;.18815;4.76055;0;.279842348274513
P28;.580401;3.441843;6.041843;6.4;3.287655;.367665;4.6143;0;.279842348274513
P28;.137734;3.654479;14.654479;9.1;3.441843;.580401;4.98015;0;.279842348274513
P28;.57422;3.554262;8.154262;7.1;3.654479;.137734;4.66875;0;.279842348274513
P28;-.272576;3.849662;6.449662;9.8;3.554262;.57422;3.11265;0;.279842348274513
P28;.440202;4.99098;15.09098;10.1;3.849662;.272576;4.4496;0;.279842348274513
P28;.792576;5.677673;24.077673;6.5;4.99098;.440202;5.89635;0;.279842348274513
P28;.579305;6.616027;12.616027;7.9;5.677673;.792576;7.3242;0;.279842348274513
P28;-.713783;5.467056;8.267056;28.5;6.616027;.579305;5.823;0;.279842348274513
P28;-.010661;6.11504;17.71504;9.9;5.467056;.713783;6.0426;0;.279842348274513
P28;1.83159;7.418186;5.389505;11.8;9.422905;1.190455;5.74965;1;.279842348274513
P28;-.373472;6.190099;7.390099;7.7;7.418186;1.83159;6.885;0;.279842348274513
P28;1.27681;5.969784;4.351549;10.3;6.190099;.373472;6.50025;1;.279842348274513
P28;1.100641;4.76936;5.06936;5.2;5.969784;1.27681;7.1046;0;.279842348274513
P28;-1.520998;5.972444;5.05882;10;4.76936;1.100641;7.6356;1;.279842348274513
P28;-.558928;5.378539;9.978539;10.1;5.972444;1.520998;9.2286;0;.279842348274513
P28;-1.38353;6.320742;5.407872;8.3;5.378539;.558928;7.8552;1;.279842348274513
P28;-.943132;5.169624;5.669624;7;6.320742;1.38353;7.7823;0;.279842348274513
P28;.300715;4.769562;12.569562;26.5;5.169624;.943132;5.1453;0;.279842348274513
P28;-.298738;4.05921;10.65921;13.6;4.769562;.300715;5.74965;0;.279842348274513
P28;-.536276;4.358397;11.858397;8;4.05921;.298738;6.7383;0;.279842348274513
P28;.914565;5.187408;6.187408;7.2;4.358397;.536276;7.78185;0;.279842348274513
P28;-.585193;3.960737;5.360737;19.7;5.187408;.914565;5.5116;0;.279842348274513
P28;.230317;4.961265;22.461265;10.4;3.960737;.585193;7.03125;0;.279842348274513
P28;-1.554772;4.496694;3.957208;16.9;4.961265;.230317;5.29155;1;.279842348274513
P28;-.925281;4.667565;5.067565;10.2;4.496694;1.554772;9.1143;0;.279842348274513
P28;.534808;5.49476;13.09476;5.6;4.667565;.925281;5.2002;0;.279842348274513
P28;-1.185907;7.381269;7.178406;6.1;5.49476;.534808;6.13395;1;.279842348274513
P28;.639089;7.09938;22.49938;9.8;7.381269;1.185907;5.5845;0;.279842348274513
P28;.063772;6.376742;37.376742;10.7;7.09938;.639089;7.6356;0;.279842348274513
P28;-1.326754;7.490024;5.162212;8.7;6.376742;.063772;6.35355;1;.279842348274513
P28;-.697348;7.424065;10.224065;24.9;7.490024;1.326754;5.74965;0;.279842348274513
P28;-.741588;5.699755;24.699755;9.6;7.424065;.697348;7.3242;0;.279842348274513
P28;-.929919;6.064772;7.064772;14.4;5.699755;.741588;6.1155;0;.279842348274513
P28;-.316503;6.686374;16.586374;6.2;6.064772;.929919;6.2802;0;.279842348274513
P28;1.551029;7.792847;6.88048;12.1;6.686374;.316503;5.8041;1;.279842348274513
P28;.808233;7.99836;8.59836;14.5;7.792847;1.551029;7.164;0;.279842348274513
P28;-1.407367;7.315213;5.695412;11.1;7.99836;.808233;7.4754;1;.279842348274513
P28;1.56716;4.146068;3.436411;7.9;7.315213;1.407367;5.8824;1;.279842348274513
P28;.029069;6.281483;12.581483;8;4.146068;1.56716;6.59205;0;.279842348274513
P28;-1.474089;6.676206;5.567676;11.3;6.281483;.029069;11.2473;1;.279842348274513
P28;.347492;5.882677;9.382677;22.2;6.676206;1.474089;5.89635;0;.279842348274513
P28;-.370252;5.871776;12.071776;9.9;5.882677;.347492;7.6356;0;.279842348274513
P29;.007887;3.648531;7.248531;28.7; ; ;3.6252;0;.142876616760567
P29;.183392;3.963977;9.763977;9.2;3.648531;.007887;3.2409;0;.142876616760567
P29;.820069;3.7579;17.1579;14.4;3.963977;.183392;1.593;0;.142876616760567
P29;-.443924;5.771898;8.771898;7.8;3.7579;.820069;3.0213;0;.142876616760567
P29;-.064225;6.717556;12.617556;12.7;5.771898;.443924;1.8126;0;.142876616760567
P29;.987383;5.267681;19.867681;4.3;6.717556;.064225;4.54095;0;.142876616760567
P29;.850383;3.342842;6.042842;5.5;5.267681;.987383;2.10555;0;.142876616760567
P29;-.062647;2.849123;6.949123;9;3.342842;.850383;1.9593;0;.142876616760567
P29;-.177273;1.417926;6.017926;6;2.849123;.062647;4.61385;0;.142876616760567
P29;-1.283649;5.171169;4.967314;6.9;1.417926;.177273;3.5523;1;.142876616760567
P29;-.177155;3.641033;7.841033;27.4;5.171169;1.283649;1.88595;0;.142876616760567
P29;.075019;3.236706;8.636706;15.7;3.641033;.177155;2.3436;0;.142876616760567
P29;.735244;1.524196;19.624196;6.8;3.236706;.075019;1.13535;0;.142876616760567
P29;.530771;3.643963;23.443963;13.4;1.524196;.735244;4.3029;0;.142876616760567
P29;1.173225;4.58052;4.279188;13.4;3.643963;.530771;4.3947;1;.142876616760567
P29;.39365;1.630078;6.330078;11.9;4.58052;1.173225;1.81305;0;.142876616760567
P29;.887032;2.641418;13.441418;5.2;1.630078;.39365;2.72835;0;.142876616760567
P29;.17083;3.339016;8.739016;11.7;2.641418;.887032;3.0942;0;.142876616760567
P29;.143902;3.540292;9.440292;15.7;3.339016;.17083;2.56365;0;.142876616760567
P29;.552623;3.241003;11.441003;19.8;3.540292;.143902;3.0213;0;.142876616760567
P29;-.973357;4.158474;4.658474;10.3;3.241003;.552623;3.31425;0;.142876616760567
P29;.00864;3.338228;9.138228;7.1;4.158474;.973357;2.80125;0;.142876616760567
P29;-.708341;3.841905;5.741905;14.7;3.338228;.00864;1.88595;0;.142876616760567
P29;-.262609;3.445742;16.745742;13.1;3.841905;.708341;2.4903;0;.142876616760567
P29;-.186736;3.751515;11.051515;28.7;3.445742;.262609;1.20825;0;.142876616760567
P29;1.237719;3.353957;3.047638;11.4;3.751515;.186736;2.94795;1;.142876616760567
P29;.464413;1.92932;10.92932;18.7;3.353957;1.237719;.60435;0;.142876616760567
P29;-.111073;2.830877;18.730877;8;1.92932;.464413;1.8126;0;.142876616760567
P29;.615594;2.534663;17.034663;5.9;2.830877;.111073;1.5201;0;.142876616760567
P29;.118914;2.841954;9.841954;6.3;2.534663;.615594;3.4056;0;.142876616760567
P29;.786909;3.639156;6.839156;15;2.841954;.118914;2.8746;0;.142876616760567
P29;.484522;3.752027;13.752027;19;3.639156;.786909;2.27025;0;.142876616760567
P29;.310284;3.344677;8.544677;12.9;3.752027;.484522;2.41695;0;.142876616760567
P29;.676071;4.893145;29.093145;6.7;3.344677;.310284;2.10555;0;.142876616760567
P29;.033807;3.237764;9.337764;6.5;4.893145;.676071;3.16755;0;.142876616760567
P29;-.835469;3.956621;4.956621;11.5;3.237764;.033807;1.2087;0;.142876616760567
P29;-.256704;4.662772;22.062772;12.3;3.956621;.835469;1.7397;0;.142876616760567
P29;-.031111;4.35846;9.05846;8.9;4.662772;.256704;2.3436;0;.142876616760567
P29;-.530526;4.163037;9.563037;41.7;4.35846;.031111;1.6659;0;.142876616760567
P29;-.049665;3.643881;32.043881;10.7;4.163037;.530526;1.593;0;.142876616760567
P29;.394974;3.045626;12.445626;10;3.643881;.049665;2.1969;0;.142876616760567
P29;-.309477;4.7714;9.8714;15.1;3.045626;.394974;1.95885;0;.142876616760567
P29;.914005;4.558756;5.958756;37.1;4.7714;.309477;2.8017;0;.142876616760567
P29;.494036;4.555261;20.155261;6.2;4.558756;.914005;3.31425;0;.142876616760567
P29;.348661;6.097835;14.597835;8.9;4.555261;.494036;2.2707;0;.142876616760567
P29;.572937;5.067238;11.267238;9.4;6.097835;.348661;2.03265;0;.142876616760567
P29;.994461;4.481009;5.981009;47.9;5.067238;.572937;.98865;0;.142876616760567
P29;-.009115;3.551351;8.451351;11.6;4.481009;.994461;1.1349;0;.142876616760567
P29;-.051458;4.862399;41.062399;11.9;3.551351;.009115;2.3436;0;.142876616760567
P29;.636828;4.261478;22.361478;16.1;4.862399;.051458;1.44675;0;.142876616760567
P30;.884698;7.295641;4.156869;12.4; ; ;2.56365;1;.341689301848246
P30;.990002;6.110907;6.610907;9.5;7.295641;.884698;2.50875;0;.341689301848246
P30;-1.104015;5.36458;3.339203;6.5;6.110907;.990002;1.28205;1;.341689301848246
P30;.464028;4.766222;9.566222;7.7;5.36458;1.104015;3.2409;0;.341689301848246
P30;-.659438;4.358515;5.658515;19.8;4.766222;.464028;1.9593;0;.341689301848246
P30;.59108;4.895312;22.595312;9.6;4.358515;.659438;1.2087;0;.341689301848246
P30;.2463;5.479025;13.479025;8.8;4.895312;.59108;2.19735;0;.341689301848246
P30;-1.383082;5.925375;5.619155;19.7;5.479025;.2463;2.63655;1;.341689301848246
P30;.63804;4.75807;25.55807;8.1;5.925375;1.383082;1.2087;0;.341689301848246
P30;.667007;4.190019;11.490019;8.5;4.75807;.63804;1.22715;0;.341689301848246
P30;1.861755;5.055664;4.041805;36.7;4.190019;.667007;2.03265;1;.341689301848246
P30;1.792642;4.457651;3.441374;14.5;5.055664;1.861755;2.124;1;.341689301848246
P30;.169892;2.241246;7.641246;8.6;4.457651;1.792642;2.56365;0;.341689301848246
P30;1.201172;3.942984;3.842194;7.1;2.241246;.169892;.7506;1;.341689301848246
P30;.800225;3.842211;6.242211;21.5;3.942984;1.201172;.60435;0;.341689301848246
P30;-.669882;5.695608;7.295608;12.3;3.842211;.800225;1.8126;0;.341689301848246
P30;.676354;3.04601;14.34601;10.2;5.695608;.669882;1.2087;0;.341689301848246
P30;1.453301;5.065021;4.459459;10;3.04601;.676354;.3843;1;.341689301848246
P30;.157576;3.976235;17.876235;25.5;5.065021;1.453301;1.13535;0;.341689301848246
P30;1.742373;4.651531;3.741798;6.9;3.976235;.157576;.22005;1;.341689301848246
P30;1.236923;3.945185;3.844734;5.6;4.651531;1.742373;4.76055;1;.341689301848246
P30;-.379702;4.049934;36.849934;10.7;3.945185;1.236923;.3114;0;.341689301848246
P30;-.283434;4.873544;22.873544;39.4;4.049934;.379702;.1467;0;.341689301848246
P30;.663492;6.235607;9.135607;13.6;4.873544;.283434;.1647;0;.341689301848246
P30;.939966;4.799034;5.399034;10.4;6.235607;.663492;.14625;0;.341689301848246
P30;1.056994;3.437359;3.937359;6.1;4.799034;.939966;.9153;0;.341689301848246
P30;.053189;5.262147;9.962147;19.7;3.437359;1.056994;.89685;0;.341689301848246
P30;.758014;6.287578;17.287578;11.5;5.262147;.053189;1.3734;0;.341689301848246
P30;1.449216;5.605875;4.390785;8.4;6.287578;.758014;2.1969;1;.341689301848246
P30;1.035284;4.792814;3.247171;6;5.605875;1.449216;4.3029;1;.341689301848246
P30;.002835;5.309622;7.409622;15.4;4.792814;1.035284;4.37625;0;.341689301848246
P30;-.944869;6.403156;6.603156;9.1;5.309622;.002835;7.9425;0;.341689301848246
P30;1.316903;4.877209;2.733036;4.6;6.403156;.944869;7.41555;1;.341689301848246
P30;-.486932;4.788881;7.188881;15.9;4.877209;1.316903;3.03975;0;.341689301848246
P30;-.526181;6.078872;7.378872;16;4.788881;.486932;3.5523;0;.341689301848246
P30;1.155501;5.784504;4.161085;8.3;6.078872;.526181;4.68765;1;.341689301848246
P30;.643668;4.604218;8.204218;6.4;5.784504;1.155501;8.0199;0;.341689301848246
P30;-.900843;6.280953;6.680953;19.9;4.604218;.643668;3.5523;0;.341689301848246
P30;.654065;5.474974;8.474974;7.6;6.280953;.900843;5.1453;0;.341689301848246
P30;-1.476311;7.12541;4.198131;7.9;5.474974;.654065;4.23;1;.341689301848246
P30;.65473;5.474892;2.426119;5.8;7.12541;1.476311;6.70545;1;.341689301848246
P30;-.483969;7.082451;4.956768;9.8;5.474892;.65473;7.37235;1;.341689301848246
P30;-1.614791;6.576706;6.071437;15.6;7.082451;.483969;5.823;1;.341689301848246
P30;1.011629;3.143048;1.623568;3.5;6.576706;1.614791;4.54095;1;.341689301848246
P30;-1.541998;5.064358;4.557371;6.9;3.143048;1.011629;2.8017;1;.341689301848246
P30;1.648671;4.066427;3.151884;6.5;5.064358;1.541998;1.593;1;.341689301848246
P30;.785678;4.28141;14.88141;11.2;4.066427;1.648671;1.9593;0;.341689301848246
P30;.736923;6.184488;8.984488;11.7;4.28141;.785678;9.66375;0;.341689301848246
P30;1.217684;7.820168;4.780274;9.6;6.184488;.736923;5.5296;1;.341689301848246
P30;1.759609;7.602396;6.687025;12.9;7.820168;1.217684;7.5294;1;.341689301848246
P31;.740971;1.721241;17.321241;10.8; ; ;1.73925;0;.116229606706991
P31;.31715;1.720125;14.020125;8.8;1.721241;.740971;1.88595;0;.116229606706991
P31;.096465;2.831112;6.531112;45.7;1.720125;.31715;4.23;0;.116229606706991
P31;-.192914;3.438393;6.338393;10.2;2.831112;.096465;4.6872;0;.116229606706991
P31;.150672;3.480402;7.980402;10.6;3.438393;.192914;3.47895;0;.116229606706991
P31;-.279306;3.979567;5.979567;59.4;3.480402;.150672;2.8746;0;.116229606706991
P31;1.530093;4.586998;3.64707;8.6;3.979567;.279306;3.09465;1;.116229606706991
P31;.087943;2.631838;7.431838;19.5;4.586998;1.530093;1.2087;0;.116229606706991
P31;-.044953;3.138481;6.938481;7.7;2.631838;.087943;3.186;0;.116229606706991
P31;.518381;4.146255;10.646255;23.8;3.138481;.044953;3.31425;0;.116229606706991
P31;.448456;3.856065;16.556065;23.2;4.073071;.412333;2.41695;0;.116229606706991
P31;1.214915;4.187736;3.648582;5.5;3.856065;.448456;4.32135;1;.116229606706991
P31;.588678;2.726702;9.726702;13.4;4.187736;1.214915;4.1562;0;.116229606706991
P31;.382391;2.32427;10.82427;30.8;2.726702;.588678;2.87505;0;.116229606706991
P31;-.178013;3.446316;6.846316;17.3;2.32427;.382391;2.34405;0;.116229606706991
P31;.576594;3.038244;11.138244;6.4;3.446316;.178013;2.72835;0;.116229606706991
P31;.399296;3.041821;10.941821;12.5;3.038244;.576594;2.3436;0;.116229606706991
P31;-.234965;3.443708;6.243708;7.2;3.041821;.399296;4.76055;0;.116229606706991
P31;.492669;3.444048;9.944048;24.8;3.443708;.234965;2.4903;0;.116229606706991
P31;-.356589;3.948893;7.348893;12.3;3.444048;.492669;1.9593;0;.116229606706991
P31;.4332;3.440478;10.440478;8.1;3.948893;.356589;3.47895;0;.116229606706991
P31;.492725;3.645521;16.845521;6.5;3.440478;.4332;2.8746;0;.116229606706991
P31;-.355949;4.079143;7.379143;9.4;3.645521;.492725;2.3436;0;.116229606706991
P31;-.091681;2.928608;8.628608;11.1;4.079143;.355949;3.31425;0;.116229606706991
P31;.100752;3.542619;7.042619;5;2.928608;.091681;4.8339;0;.116229606706991
P31;.450554;4.057945;19.257945;17.6;3.542619;.100752;1.6659;0;.116229606706991
P31;.601965;3.243032;12.143032;7;4.057945;.450554;2.58165;0;.116229606706991
P31;.506212;2.642658;13.742658;5.8;3.243032;.601965;2.34405;0;.116229606706991
P31;.436985;2.435562;17.735562;14.6;2.642658;.506212;2.34405;0;.116229606706991
P31;.757071;3.643053;15.243053;11.4;2.435562;.436985;3.31425;0;.116229606706991
P31;.119661;3.034666;8.534666;13.8;3.643053;.757071;2.4903;0;.116229606706991
P31;.278537;2.934761;7.734761;21.3;3.034666;.119661;2.2707;0;.116229606706991
P31;-.531229;3.539217;5.539217;17.5;2.934761;.278537;1.35495;0;.116229606706991
P31;.125052;3.238303;6.838303;13.3;3.539217;.531229;3.33225;0;.116229606706991
P31;.713045;3.249197;33.049197;6.5;3.238303;.125052;2.41695;0;.116229606706991
P31;.324658;2.834618;11.334618;7.5;3.249197;.713045;1.9593;0;.116229606706991
P31;-.149013;2.536784;5.536784;6.8;2.834618;.324658;3.7899;0;.116229606706991
P31;.527706;2.833255;20.033255;30.7;2.536784;.149013;2.1789;0;.116229606706991
P31;.000801;3.146154;7.946154;10;2.833255;.527706;2.5632;0;.116229606706991
P31;-.826479;3.852989;4.752989;9.5;3.146154;.000801;1.062;0;.116229606706991
P31;.267522;3.139054;15.239054;10.1;3.852989;.826479;2.10555;0;.116229606706991
P31;.124809;3.333181;17.833181;9.8;3.139054;.267522;2.34405;0;.116229606706991
P31;.405397;4.259998;16.359998;5.8;3.333181;.124809;2.80125;0;.116229606706991
P31;.324691;3.948746;13.848746;6.3;4.259998;.405397;3.11265;0;.116229606706991
P31;-.191025;4.16671;9.86671;11;3.948746;.324691;2.10555;0;.116229606706991
P31;.416598;3.662144;10.262144;8.3;4.16671;.191025;3.0213;0;.116229606706991
P31;.296978;3.538688;24.738688;11.4;3.662144;.416598;2.3436;0;.116229606706991
P31;-.01258;3.446007;13.046007;25.8;3.538688;.296978;1.88595;0;.116229606706991
P31;.185442;3.642335;11.642335;5.3;3.446007;.01258;3.6252;0;.116229606706991
P32;-.123294;2.63417;9.23417;11.2; ; ;.29295;0;.207024210191947
P32;.229094;3.54161;11.04161;10.5;2.63417;.123294;.75105;0;.207024210191947
P32;.146855;3.444679;38.044679;38;3.54161;.229094;.9153;0;.207024210191947
P32;-.075093;4.649494;22.449494;17.4;3.444679;.146855;.6957;0;.207024210191947
P32;.712103;6.016597;8.316597;16.1;4.649494;.075093;.8973;0;.207024210191947
P32;.035308;3.349039;10.249039;11.9;6.016597;.712103;.4392;0;.207024210191947
P32;-1.831132;4.667681;3.654621;6.9;3.349039;.035308;.98865;1;.207024210191947
P32;.359973;3.442701;11.542701;9.8;4.667681;1.831132;.45765;0;.207024210191947
P32;-.325991;2.844107;9.944107;40.8;3.442701;.359973;.531;0;.207024210191947
P32;.06684;3.858761;13.758761;12.7;2.844107;.325991;.8973;0;.207024210191947
P32;.647357;3.44413;9.14413;10.5;3.858761;.06684;.531;0;.207024210191947
P32;.084692;3.656256;11.956256;10.5;3.44413;.647357;1.062;0;.207024210191947
P32;.108071;3.948048;14.348048;21.1;3.656256;.084692;1.9593;0;.207024210191947
P32;-.11741;4.886278;10.886278;16.5;3.948048;.108071;.76905;0;.207024210191947
P32;-.591388;5.454054;7.554054;15.2;4.886278;.11741;.531;0;.207024210191947
P32;.186636;4.952595;13.952595;18.9;5.454054;.591388;.531;0;.207024210191947
P32;.575496;5.400282;18.000282;23.7;4.952595;.186636;.45765;0;.207024210191947
P32;.579331;6.381119;42.881119;36.8;5.400282;.575496;.76905;0;.207024210191947
P32;-.208729;5.592693;9.192693;22.6;6.381119;.579331;.7506;0;.207024210191947
P32;.205824;6.585434;33.485434;22.7;5.592693;.208729;.82395;0;.207024210191947
P32;.845814;5.984173;38.684173;12;6.585434;.205824;.9891;0;.207024210191947
P32;-.152287;5.769758;23.669758;10.5;5.984173;.845814;1.9593;0;.207024210191947
P32;.447376;6.388335;13.088335;11.1;5.769758;.152287;1.28205;0;.207024210191947
P32;.412333;5.682058;12.682058;11.8;6.388335;.447376;1.35495;0;.207024210191947
P32;1.36247;6.37615;5.56585;14.6;5.682058;.412333;.9153;1;.207024210191947
P32;-.061656;6.899027;14.799027;10.2;6.37615;1.36247;1.13535;0;.207024210191947
P32;.522467;6.825186;17.825186;35.4;6.899027;.061656;.7506;0;.207024210191947
P32;.158834;6.322488;17.922488;13.5;6.825186;.522467;1.593;0;.207024210191947
P32;-.620631;6.589302;8.289302;32.1;6.322488;.158834;1.6659;0;.207024210191947
P32;1.266608;7.398989;6.891073;26.1;6.589302;.620631;.8424;1;.207024210191947
P32;-.302162;6.110796;10.910796;11.9;7.398989;1.266608;.8973;0;.207024210191947
P32;.657801;6.997661;23.197661;8.8;6.110796;.302162;1.13535;0;.207024210191947
P32;-.278517;6.515142;35.815142;8;6.997661;.657801;1.062;0;.207024210191947
P32;-.076925;6.578817;17.378817;12.1;6.515142;.278517;.7506;0;.207024210191947
P32;-.911593;6.292099;7.292099;17.4;6.578817;.076925;.531;0;.207024210191947
P32;-.461225;6.409618;11.009618;18.6;6.292099;.911593;.82395;0;.207024210191947
P32;1.19613;7.809673;4.971437;8.8;6.409618;.461225;.4581;1;.207024210191947
P32;-.51582;6.999427;20.099427;19.8;7.809673;1.19613;.3843;0;.207024210191947
P32;-1.339621;5.979107;4.152187;5.2;6.999427;.51582;.67725;1;.207024210191947
P32;-.823558;6.279254;7.779254;18.1;5.979107;1.339621;.89685;0;.207024210191947
P32;.010369;6.089241;35.989241;23.2;6.279254;.823558;.531;0;.207024210191947
P32;.111118;7.097303;15.097303;26.2;6.089241;.010369;.531;0;.207024210191947
P32;-.136985;7.013756;3.848513;7.3;7.097303;.111118;.43965;1;.207024210191947
P32;.139981;6.680048;19.780048;19.5;7.013756;.136985;.31095;0;.207024210191947
P32;-.941857;6.593272;7.393272;15.3;6.680048;.139981;.2196;0;.207024210191947
P32;.114388;6.288309;40.288309;16.8;6.593272;.941857;.36585;0;.207024210191947
P32;-.373574;6.500614;11.000614;23.2;6.288309;.114388;.2196;0;.207024210191947
P32;.546769;7.19387;20.39387;15.4;6.500614;.373574;.531;0;.207024210191947
P32;1.128441;8.219343;8.219343;17.2;7.19387;.546769;.07335;1;.207024210191947
P32;-1.786806;5.391499;3.236849;6.8;8.219343;1.128441;.1467;1;.207024210191947
